"Date","Price","Open","High","Low","Vol.","Change %"
"12/31/2025","14.95","14.77","15.17","14.38","","4.33%"
"12/30/2025","14.33","14.43","14.62","14.04","","0.92%"
"12/29/2025","14.20","14.69","15.08","13.99","","4.41%"
"12/26/2025","13.60","14.12","14.29","13.52","","0.97%"
"12/24/2025","13.47","14.09","14.16","13.38","","-3.79%"
"12/23/2025","14.00","14.09","14.45","13.64","","-0.57%"
"12/22/2025","14.08","15.16","15.26","14.03","","-5.57%"
"12/19/2025","14.91","16.31","16.53","14.91","","-11.62%"
"12/18/2025","16.87","17.61","17.68","15.93","","-4.26%"
"12/17/2025","17.62","16.45","18.00","15.82","","6.92%"
"12/16/2025","16.48","17.28","17.61","16.19","","-0.12%"
"12/15/2025","16.50","16.51","17.35","15.99","","4.83%"
"12/12/2025","15.74","14.99","17.85","14.85","","5.99%"
"12/11/2025","14.85","16.84","16.88","14.85","","-5.83%"
"12/10/2025","15.77","16.94","17.66","15.56","","-6.85%"
"12/09/2025","16.93","16.66","17.20","16.45","","1.62%"
"12/08/2025","16.66","16.15","17.09","16.10","","8.11%"
"12/05/2025","15.41","15.58","16.18","15.28","","-2.34%"
"12/04/2025","15.78","16.23","16.63","15.68","","-1.87%"
"12/03/2025","16.08","16.43","17.28","15.93","","-3.07%"
"12/02/2025","16.59","17.28","17.31","16.39","","-3.77%"
"12/01/2025","17.24","18.05","18.33","16.58","","5.44%"
"11/28/2025","16.35","17.41","18.52","15.78","","-5.00%"
"11/27/2025","17.21","17.22","17.36","17.05","","0.12%"
"11/26/2025","17.19","18.25","18.70","16.93","","-7.38%"
"11/25/2025","18.56","20.55","21.77","18.39","","-9.55%"
"11/24/2025","20.52","22.69","23.68","20.41","","-12.42%"
"11/21/2025","23.43","25.97","27.84","22.54","","-11.32%"
"11/20/2025","26.42","20.78","28.27","19.28","","11.67%"
"11/19/2025","23.66","24.52","24.79","21.93","","-4.17%"
"11/18/2025","24.69","23.54","25.84","22.91","","10.32%"
"11/17/2025","22.38","19.58","23.44","19.54","","12.86%"
"11/14/2025","19.83","21.33","23.03","19.56","","-0.85%"
"11/13/2025","20.00","17.61","21.31","17.51","","14.22%"
"11/12/2025","17.51","17.21","18.06","17.10","","1.33%"
"11/11/2025","17.28","17.90","18.01","17.25","","-1.82%"
"11/10/2025","17.60","18.58","18.82","17.60","","-7.76%"
"11/07/2025","19.08","19.52","22.72","19.08","","-2.15%"
"11/06/2025","19.50","18.36","20.31","17.64","","8.27%"
"11/05/2025","18.01","19.37","20.02","17.31","","-5.21%"
"11/04/2025","19.00","19.73","20.48","17.90","","10.66%"
"11/03/2025","17.17","18.06","18.83","17.00","","-1.55%"
"10/31/2025","17.44","16.43","18.54","15.96","","3.13%"
"10/30/2025","16.91","16.26","17.41","15.73","","-0.06%"
"10/29/2025","16.92","16.34","17.58","16.26","","3.05%"
"10/28/2025","16.42","15.95","16.55","15.66","","3.99%"
"10/27/2025","15.79","15.73","16.07","15.62","","-3.54%"
"10/24/2025","16.37","17.02","17.22","16.02","","-5.38%"
"10/23/2025","17.30","18.36","19.35","17.08","","-6.99%"
"10/22/2025","18.60","17.84","21.01","17.73","","4.09%"
"10/21/2025","17.87","18.65","18.89","17.40","","-1.97%"
"10/20/2025","18.23","20.53","21.02","18.23","","-12.27%"
"10/17/2025","20.78","28.41","28.99","20.73","","-17.90%"
"10/16/2025","25.31","20.49","25.43","19.85","","22.63%"
"10/15/2025","20.64","20.02","22.44","19.11","","-0.82%"
"10/14/2025","20.81","21.46","22.94","19.18","","9.35%"
"10/13/2025","19.03","19.45","20.77","18.61","","-12.14%"
"10/10/2025","21.66","16.36","22.44","16.23","","31.83%"
"10/09/2025","16.43","16.31","17.27","16.26","","0.80%"
"10/08/2025","16.30","17.17","17.20","16.23","","-5.45%"
"10/07/2025","17.24","16.58","17.55","16.19","","5.31%"
"10/06/2025","16.37","16.74","17.09","16.29","","-1.68%"
"10/03/2025","16.65","16.35","17.06","16.20","","0.12%"
"10/02/2025","16.63","16.12","16.92","15.93","","2.09%"
"10/01/2025","16.29","17.28","17.28","15.98","","0.06%"
"09/30/2025","16.28","16.49","16.70","16.02","","0.99%"
"09/29/2025","16.12","15.84","16.29","15.74","","5.43%"
"09/26/2025","15.29","16.89","17.05","15.29","","-8.66%"
"09/25/2025","16.74","16.55","17.74","16.32","","3.46%"
"09/24/2025","16.18","16.57","17.21","16.18","","-2.76%"
"09/23/2025","16.64","16.10","17.07","15.95","","3.35%"
"09/22/2025","16.10","16.14","16.35","15.78","","4.21%"
"09/19/2025","15.45","15.76","16.13","15.29","","-1.59%"
"09/18/2025","15.70","14.93","15.80","14.33","","-0.13%"
"09/17/2025","15.72","16.42","16.75","15.26","","-3.91%"
"09/16/2025","16.36","15.60","16.38","15.44","","4.27%"
"09/15/2025","15.69","15.14","15.84","14.92","","6.30%"
"09/12/2025","14.76","14.62","14.97","14.41","","0.34%"
"09/11/2025","14.71","15.19","15.24","14.65","","-4.17%"
"09/10/2025","15.35","14.98","15.63","14.63","","2.06%"
"09/09/2025","15.04","15.02","15.82","14.97","","-0.46%"
"09/08/2025","15.11","15.58","15.65","14.99","","-0.46%"
"09/05/2025","15.18","15.23","16.92","14.74","","-0.78%"
"09/04/2025","15.30","16.22","16.35","15.28","","-6.42%"
"09/03/2025","16.35","17.40","17.57","16.34","","-4.78%"
"09/02/2025","17.17","16.65","19.38","16.55","","6.51%"
"09/01/2025","16.12","16.17","16.79","15.08","","4.95%"
"08/29/2025","15.36","14.31","15.97","14.31","","6.44%"
"08/28/2025","14.43","14.42","14.69","14.12","","-2.83%"
"08/27/2025","14.85","14.66","15.23","14.66","","1.57%"
"08/26/2025","14.62","15.75","15.75","14.62","","-1.15%"
"08/25/2025","14.79","15.05","15.19","14.24","","4.01%"
"08/22/2025","14.22","16.81","16.83","14.21","","-14.34%"
"08/21/2025","16.60","15.72","17.24","15.65","","5.80%"
"08/20/2025","15.69","15.95","17.19","15.57","","0.77%"
"08/19/2025","15.57","15.23","15.91","14.76","","3.87%"
"08/18/2025","14.99","15.73","15.95","14.95","","-0.66%"
"08/15/2025","15.09","14.43","15.18","14.40","","1.75%"
"08/14/2025","14.83","14.66","15.39","14.57","","2.35%"
"08/13/2025","14.49","14.62","14.81","14.30","","-1.63%"
"08/12/2025","14.73","16.09","16.56","14.66","","-9.35%"
"08/11/2025","16.25","15.81","16.36","15.52","","7.26%"
"08/08/2025","15.15","16.48","16.52","15.15","","-8.57%"
"08/07/2025","16.57","16.41","17.64","15.98","","-1.19%"
"08/06/2025","16.77","17.22","17.88","16.56","","-6.05%"
"08/05/2025","17.85","17.21","18.94","17.11","","1.88%"
"08/04/2025","17.52","19.56","19.58","17.48","","-14.03%"
"08/01/2025","20.38","17.40","21.90","17.39","","21.89%"
"07/31/2025","16.72","14.99","17.17","14.74","","8.01%"
"07/30/2025","15.48","15.87","17.27","15.44","","-3.13%"
"07/29/2025","15.98","14.95","16.12","14.70","","6.32%"
"07/28/2025","15.03","15.15","15.54","15.00","","0.67%"
"07/25/2025","14.93","15.33","15.39","14.92","","-2.99%"
"07/24/2025","15.39","15.39","15.54","14.95","","0.13%"
"07/23/2025","15.37","16.23","16.32","15.32","","-6.85%"
"07/22/2025","16.50","16.75","17.48","16.43","","-0.90%"
"07/21/2025","16.65","16.87","16.99","16.30","","1.46%"
"07/18/2025","16.41","16.43","16.81","16.28","","-0.67%"
"07/17/2025","16.52","17.16","17.37","16.48","","-3.73%"
"07/16/2025","17.16","17.66","19.48","16.69","","-1.27%"
"07/15/2025","17.38","16.89","17.39","16.56","","1.05%"
"07/14/2025","17.20","17.73","17.85","16.91","","4.88%"
"07/11/2025","16.40","16.41","17.24","15.98","","3.93%"
"07/10/2025","15.78","16.23","16.24","15.70","","-1.00%"
"07/09/2025","15.94","16.76","16.76","15.76","","-5.18%"
"07/08/2025","16.81","17.41","17.44","16.54","","-5.51%"
"07/07/2025","17.79","17.83","18.50","17.51","","1.77%"
"07/04/2025","17.48","16.93","17.67","16.92","","6.72%"
"07/03/2025","16.38","16.65","16.83","16.14","","-1.56%"
"07/02/2025","16.64","16.75","17.37","16.54","","-1.13%"
"07/01/2025","16.83","16.98","17.48","16.51","","0.60%"
"06/30/2025","16.73","17.19","17.43","16.55","","2.51%"
"06/27/2025","16.32","16.31","17.29","16.12","","-1.63%"
"06/26/2025","16.59","16.67","16.78","16.11","","-1.01%"
"06/25/2025","16.76","17.28","17.51","16.68","","-4.12%"
"06/24/2025","17.48","18.19","18.72","17.33","","-11.85%"
"06/23/2025","19.83","21.15","22.51","19.82","","-3.83%"
"06/20/2025","20.62","20.74","21.07","19.11","","-6.99%"
"06/19/2025","22.17","21.51","22.75","21.18","","10.08%"
"06/18/2025","20.14","20.90","21.58","19.59","","-6.76%"
"06/17/2025","21.60","20.53","21.79","19.55","","13.03%"
"06/16/2025","19.11","19.78","20.22","18.67","","-8.21%"
"06/13/2025","20.82","21.76","22.00","18.88","","15.54%"
"06/12/2025","18.02","17.87","18.87","17.43","","4.40%"
"06/11/2025","17.26","17.04","18.09","16.23","","1.83%"
"06/10/2025","16.95","17.50","17.99","16.68","","-1.22%"
"06/09/2025","17.16","17.69","17.72","16.82","","2.33%"
"06/06/2025","16.77","18.16","18.35","16.65","","-9.25%"
"06/05/2025","18.48","17.68","18.80","17.08","","4.94%"
"06/04/2025","17.61","17.68","18.07","17.41","","-0.45%"
"06/03/2025","17.69","18.83","19.21","17.64","","-3.65%"
"06/02/2025","18.36","19.81","20.45","18.36","","-1.13%"
"05/30/2025","18.57","19.61","20.55","18.57","","-3.18%"
"05/29/2025","19.18","18.25","20.20","18.11","","-0.67%"
"05/28/2025","19.31","19.21","19.43","18.68","","1.85%"
"05/27/2025","18.96","20.63","21.01","18.95","","-7.83%"
"05/26/2025","20.57","20.75","20.83","20.30","","-7.72%"
"05/23/2025","22.29","20.14","25.53","19.83","","9.91%"
"05/22/2025","20.28","20.62","22.07","19.64","","-2.83%"
"05/21/2025","20.87","18.77","21.05","17.77","","15.37%"
"05/20/2025","18.09","18.46","18.68","17.70","","-0.28%"
"05/19/2025","18.14","19.84","19.92","17.92","","5.22%"
"05/16/2025","17.24","17.96","17.96","17.15","","-3.31%"
"05/15/2025","17.83","19.19","19.38","17.77","","-4.24%"
"05/14/2025","18.62","18.10","18.82","18.06","","2.20%"
"05/13/2025","18.22","18.69","18.85","17.65","","-0.92%"
"05/12/2025","18.39","19.84","20.44","18.14","","-16.03%"
"05/09/2025","21.90","22.40","22.82","21.83","","-2.58%"
"05/08/2025","22.48","22.84","23.61","21.88","","-4.54%"
"05/07/2025","23.55","24.56","25.62","23.29","","-4.89%"
"05/06/2025","24.76","23.97","25.11","23.90","","4.74%"
"05/05/2025","23.64","24.25","24.63","22.81","","4.23%"
"05/02/2025","22.68","23.63","24.32","22.34","","-7.80%"
"05/01/2025","24.60","23.94","25.18","23.30","","-0.40%"
"04/30/2025","24.70","24.35","28.17","24.23","","2.19%"
"04/29/2025","24.17","24.76","25.99","23.76","","-3.90%"
"04/28/2025","25.15","25.75","26.93","24.70","","1.25%"
"04/25/2025","24.84","26.22","27.20","24.84","","-6.16%"
"04/24/2025","26.47","28.69","29.66","26.36","","-6.96%"
"04/23/2025","28.45","28.75","30.29","27.11","","-6.93%"
"04/22/2025","30.57","32.61","32.68","30.08","","-9.61%"
"04/21/2025","33.82","32.75","35.75","31.79","","14.06%"
"04/17/2025","29.65","30.79","32.55","29.57","","-9.16%"
"04/16/2025","32.64","33.24","34.96","29.48","","8.37%"
"04/15/2025","30.12","30.01","31.45","28.29","","-2.49%"
"04/14/2025","30.89","34.76","35.17","29.75","","-17.76%"
"04/11/2025","37.56","40.80","46.12","36.85","","-7.76%"
"04/10/2025","40.72","34.44","54.87","34.44","","21.12%"
"04/09/2025","33.62","50.98","57.96","31.90","","-35.75%"
"04/08/2025","52.33","44.04","57.52","36.48","","11.39%"
"04/07/2025","46.98","60.13","60.13","38.58","","3.69%"
"04/04/2025","45.31","30.12","45.61","29.99","","50.93%"
"04/03/2025","30.02","26.38","30.02","24.93","","39.56%"
"04/02/2025","21.51","22.30","23.66","20.68","","-1.19%"
"04/01/2025","21.77","22.06","23.52","21.58","","-2.29%"
"03/31/2025","22.28","24.11","24.80","21.67","","2.91%"
"03/28/2025","21.65","19.08","22.18","18.92","","15.84%"
"03/27/2025","18.69","18.36","19.28","17.95","","1.96%"
"03/26/2025","18.33","17.23","19.07","16.97","","6.88%"
"03/25/2025","17.15","17.58","17.77","17.02","","-1.89%"
"03/24/2025","17.48","19.13","19.14","17.46","","-9.34%"
"03/21/2025","19.28","20.02","21.14","19.15","","-2.63%"
"03/20/2025","19.80","19.52","21.17","19.30","","-0.50%"
"03/19/2025","19.90","21.84","22.10","19.42","","-8.29%"
"03/18/2025","21.70","20.83","22.57","20.41","","5.80%"
"03/17/2025","20.51","22.89","22.95","20.32","","-5.79%"
"03/14/2025","21.77","24.35","24.36","21.48","","-11.72%"
"03/13/2025","24.66","24.92","26.13","23.46","","1.77%"
"03/12/2025","24.23","26.88","26.91","23.89","","-9.99%"
"03/11/2025","26.92","27.94","29.57","26.18","","-3.37%"
"03/10/2025","27.86","24.70","29.56","24.68","","19.21%"
"03/07/2025","23.37","24.85","26.56","23.09","","-6.03%"
"03/06/2025","24.87","22.60","25.92","22.39","","13.41%"
"03/05/2025","21.93","23.03","24.84","21.37","","-6.72%"
"03/04/2025","23.51","22.96","26.35","21.71","","3.20%"
"03/03/2025","22.78","19.83","24.31","19.25","","16.05%"
"02/28/2025","19.63","21.21","22.40","19.05","","-7.10%"
"02/27/2025","21.13","18.25","21.47","17.67","","10.63%"
"02/26/2025","19.10","18.96","20.06","17.83","","-1.70%"
"02/25/2025","19.43","19.09","21.48","18.85","","2.37%"
"02/24/2025","18.98","18.08","20.24","17.31","","4.23%"
"02/21/2025","18.21","15.63","19.03","15.28","","16.28%"
"02/20/2025","15.66","15.61","16.63","15.12","","2.55%"
"02/19/2025","15.27","15.14","15.96","15.05","","-0.52%"
"02/18/2025","15.35","15.57","16.03","15.35","","-0.13%"
"02/17/2025","15.37","15.38","15.57","15.34","","4.06%"
"02/14/2025","14.77","15.08","15.42","14.74","","-2.19%"
"02/13/2025","15.10","15.97","16.33","14.98","","-4.97%"
"02/12/2025","15.89","15.91","17.18","15.64","","-0.81%"
"02/11/2025","16.02","16.13","16.42","15.75","","1.33%"
"02/10/2025","15.81","16.58","16.61","15.70","","-4.41%"
"02/07/2025","16.54","15.38","16.66","14.79","","6.71%"
"02/06/2025","15.50","15.88","16.15","14.99","","-1.71%"
"02/05/2025","15.77","17.54","17.75","15.77","","-8.37%"
"02/04/2025","17.21","18.78","19.11","16.78","","-7.57%"
"02/03/2025","18.62","20.36","20.42","17.66","","13.33%"
"01/31/2025","16.43","15.45","17.09","14.90","","3.72%"
"01/30/2025","15.84","15.93","16.42","15.32","","-4.35%"
"01/29/2025","16.56","16.42","18.08","16.17","","0.91%"
"01/28/2025","16.41","18.29","18.39","16.25","","-8.32%"
"01/27/2025","17.90","18.83","22.51","17.57","","20.54%"
"01/24/2025","14.85","15.02","15.16","14.58","","-1.13%"
"01/23/2025","15.02","15.28","15.39","14.59","","-0.53%"
"01/22/2025","15.10","14.89","15.29","14.59","","0.27%"
"01/21/2025","15.06","16.29","16.29","14.93","","-4.74%"
"01/20/2025","15.81","16.46","16.59","15.80","","-1.00%"
"01/17/2025","15.97","16.19","16.23","15.53","","-3.80%"
"01/16/2025","16.60","15.87","16.60","15.64","","2.98%"
"01/15/2025","16.12","19.08","19.14","15.96","","-13.84%"
"01/14/2025","18.71","18.79","19.66","18.24","","-2.50%"
"01/13/2025","19.19","21.18","22.04","19.15","","-1.79%"
"01/10/2025","19.54","18.29","20.31","18.05","","8.14%"
"01/09/2025","18.07","18.51","18.52","17.95","","2.09%"
"01/08/2025","17.70","17.91","19.50","17.37","","-0.67%"
"01/07/2025","17.82","16.48","18.90","15.79","","11.10%"
"01/06/2025","16.04","16.77","16.87","15.71","","-0.56%"
"01/03/2025","16.13","17.66","17.94","16.11","","-10.04%"
"01/02/2025","17.93","17.21","19.50","16.96","","3.34%"
"12/31/2024","17.35","17.39","17.81","16.68","","-0.29%"
"12/30/2024","17.40","17.21","19.22","16.44","","9.09%"
"12/27/2024","15.95","15.38","18.45","15.29","","8.28%"
"12/26/2024","14.73","14.99","15.93","14.55","","3.22%"
"12/24/2024","14.27","16.97","17.04","14.27","","-14.96%"
"12/23/2024","16.78","18.09","20.02","16.74","","-8.61%"
"12/20/2024","18.36","24.14","26.51","17.82","","-23.79%"
"12/19/2024","24.09","21.61","24.12","20.16","","-12.78%"
"12/18/2024","27.62","15.57","28.32","14.82","","74.04%"
"12/17/2024","15.87","14.98","15.94","14.78","","8.03%"
"12/16/2024","14.69","14.37","14.69","13.99","","6.37%"
"12/13/2024","13.81","13.57","14.25","13.24","","-0.79%"
"12/12/2024","13.92","13.73","13.95","13.39","","2.50%"
"12/11/2024","13.58","14.42","14.43","13.52","","-4.23%"
"12/10/2024","14.18","14.30","14.54","13.86","","-0.07%"
"12/09/2024","14.19","13.36","14.23","13.35","","11.12%"
"12/06/2024","12.77","13.62","13.74","12.70","","-5.69%"
"12/05/2024","13.54","13.46","13.70","13.26","","0.67%"
"12/04/2024","13.45","13.16","13.61","12.89","","1.13%"
"12/03/2024","13.30","13.38","13.77","13.19","","-0.30%"
"12/02/2024","13.34","14.08","14.10","13.30","","-1.26%"
"11/29/2024","13.51","14.00","14.15","13.49","","-2.81%"
"11/28/2024","13.90","14.07","14.07","13.87","","-1.42%"
"11/27/2024","14.10","14.28","15.13","13.96","","0.00%"
"11/26/2024","14.10","14.95","15.03","13.88","","-3.42%"
"11/25/2024","14.60","15.23","15.72","14.54","","-4.20%"
"11/22/2024","15.24","16.67","17.56","15.24","","-9.66%"
"11/21/2024","16.87","17.10","17.99","15.73","","-1.69%"
"11/20/2024","17.16","16.19","18.79","16.04","","4.95%"
"11/19/2024","16.35","15.44","17.93","15.37","","4.94%"
"11/18/2024","15.58","16.60","17.00","15.35","","-3.47%"
"11/15/2024","16.14","15.02","17.55","14.56","","12.79%"
"11/14/2024","14.31","14.17","14.32","13.59","","2.07%"
"11/13/2024","14.02","15.09","15.26","13.77","","-4.69%"
"11/12/2024","14.71","15.09","15.37","14.69","","-1.74%"
"11/11/2024","14.97","15.33","15.56","14.89","","0.20%"
"11/08/2024","14.94","15.13","15.33","14.66","","-1.71%"
"11/07/2024","15.20","15.86","15.86","15.13","","-6.58%"
"11/06/2024","16.27","16.06","16.82","15.44","","-20.60%"
"11/05/2024","20.49","21.98","22.06","20.20","","-6.78%"
"11/04/2024","21.98","22.50","23.07","21.73","","0.46%"
"11/01/2024","21.88","22.96","23.09","21.16","","-5.53%"
"10/31/2024","23.16","21.44","23.42","21.12","","13.81%"
"10/30/2024","20.35","19.33","20.44","19.30","","5.22%"
"10/29/2024","19.34","19.75","20.53","19.06","","-2.32%"
"10/28/2024","19.80","19.11","19.88","18.91","","-2.61%"
"10/25/2024","20.33","19.22","20.51","18.23","","6.55%"
"10/24/2024","19.08","18.87","20.24","18.63","","-0.83%"
"10/23/2024","19.24","18.21","20.47","18.18","","5.71%"
"10/22/2024","18.20","18.79","19.44","18.05","","-0.93%"
"10/21/2024","18.37","18.78","19.34","18.36","","1.89%"
"10/18/2024","18.03","19.30","19.32","17.99","","-5.65%"
"10/17/2024","19.11","19.55","19.65","18.88","","-2.40%"
"10/16/2024","19.58","20.77","21.01","19.45","","-5.14%"
"10/15/2024","20.64","19.61","20.89","19.44","","4.77%"
"10/14/2024","19.70","20.86","20.86","19.69","","-3.71%"
"10/11/2024","20.46","20.87","21.16","20.14","","-2.25%"
"10/10/2024","20.93","20.91","21.39","20.64","","0.34%"
"10/09/2024","20.86","21.98","22.01","20.71","","-2.61%"
"10/08/2024","21.42","22.92","23.14","21.14","","-5.39%"
"10/07/2024","22.64","20.76","23.03","20.65","","17.86%"
"10/04/2024","19.21","20.48","20.48","18.48","","-6.25%"
"10/03/2024","20.49","19.63","20.75","19.16","","8.41%"
"10/02/2024","18.90","19.65","20.36","18.58","","-1.87%"
"10/01/2024","19.26","16.96","20.73","16.61","","15.12%"
"09/30/2024","16.73","17.01","17.79","16.47","","-1.36%"
"09/27/2024","16.96","15.64","16.97","15.20","","10.34%"
"09/26/2024","15.37","15.06","15.83","14.90","","-0.26%"
"09/25/2024","15.41","15.82","15.82","15.17","","0.13%"
"09/24/2024","15.39","15.87","16.67","15.27","","-3.15%"
"09/23/2024","15.89","16.71","16.95","15.75","","-1.61%"
"09/20/2024","16.15","16.35","16.68","15.81","","-1.10%"
"09/19/2024","16.33","17.21","17.27","16.21","","-10.42%"
"09/18/2024","18.23","17.58","19.39","17.11","","3.52%"
"09/17/2024","17.61","17.16","18.08","16.67","","2.74%"
"09/16/2024","17.14","17.16","17.69","16.91","","3.50%"
"09/13/2024","16.56","17.03","17.18","16.23","","-2.99%"
"09/12/2024","17.07","17.62","18.59","16.89","","-3.50%"
"09/11/2024","17.69","19.41","21.41","17.55","","-7.29%"
"09/10/2024","19.08","19.86","20.74","18.90","","-1.90%"
"09/09/2024","19.45","21.32","21.41","19.29","","-13.09%"
"09/06/2024","22.38","21.98","23.76","18.83","","12.46%"
"09/05/2024","19.90","20.75","21.53","19.21","","-6.66%"
"09/04/2024","21.32","23.20","23.31","19.34","","2.90%"
"09/03/2024","20.72","15.76","21.99","15.71","","33.25%"
"09/02/2024","15.55","15.87","15.99","15.48","","3.67%"
"08/30/2024","15.00","15.67","16.04","14.78","","-4.15%"
"08/29/2024","15.65","16.54","16.57","15.19","","-8.53%"
"08/28/2024","17.11","15.51","17.89","15.46","","10.89%"
"08/27/2024","15.43","16.21","16.81","15.37","","-4.46%"
"08/26/2024","16.15","16.27","16.67","15.81","","1.83%"
"08/23/2024","15.86","17.12","17.21","15.61","","-9.63%"
"08/22/2024","17.55","16.27","18.06","15.76","","7.87%"
"08/21/2024","16.27","16.25","17.17","15.92","","2.46%"
"08/20/2024","15.88","14.89","15.93","14.78","","8.40%"
"08/19/2024","14.65","15.94","16.07","14.46","","-1.01%"
"08/16/2024","14.80","15.29","15.76","14.65","","-2.82%"
"08/15/2024","15.23","16.27","16.68","14.77","","-5.93%"
"08/14/2024","16.19","18.41","18.49","16.12","","-10.65%"
"08/13/2024","18.12","20.06","20.79","17.95","","-12.51%"
"08/12/2024","20.71","20.79","21.19","18.89","","1.67%"
"08/09/2024","20.37","23.78","24.52","20.26","","-14.38%"
"08/08/2024","23.79","28.34","29.47","23.36","","-14.58%"
"08/07/2024","27.85","24.77","29.76","21.97","","0.51%"
"08/06/2024","27.71","33.71","34.77","24.02","","-28.16%"
"08/05/2024","38.57","23.39","65.73","23.39","","64.90%"
"08/02/2024","23.39","20.52","29.66","20.01","","25.82%"
"08/01/2024","18.59","16.20","19.48","15.95","","13.63%"
"07/31/2024","16.36","16.66","16.77","15.71","","-7.52%"
"07/30/2024","17.69","16.64","18.32","16.26","","6.57%"
"07/29/2024","16.60","16.59","17.21","16.23","","1.28%"
"07/26/2024","16.39","17.97","18.05","16.37","","-11.21%"
"07/25/2024","18.46","18.41","19.36","16.42","","2.33%"
"07/24/2024","18.04","15.35","18.46","15.18","","22.55%"
"07/23/2024","14.72","15.21","15.35","13.90","","-1.27%"
"07/22/2024","14.91","16.79","16.89","14.75","","-9.75%"
"07/19/2024","16.52","16.44","17.19","10.62","","3.70%"
"07/18/2024","15.93","14.27","16.43","14.08","","10.01%"
"07/17/2024","14.48","13.60","14.88","13.54","","9.78%"
"07/16/2024","13.19","13.38","13.47","12.95","","0.53%"
"07/15/2024","13.12","12.78","13.26","12.75","","5.30%"
"07/12/2024","12.46","12.87","12.89","12.11","","-3.56%"
"07/11/2024","12.92","12.88","13.33","12.23","","0.54%"
"07/10/2024","12.85","12.51","12.92","12.39","","2.72%"
"07/09/2024","12.51","12.48","12.61","12.35","","1.13%"
"07/08/2024","12.37","12.91","12.91","12.31","","-0.88%"
"07/05/2024","12.48","12.37","12.61","11.84","","1.79%"
"07/04/2024","12.26","12.10","12.35","12.09","","1.41%"
"07/03/2024","12.09","12.13","12.23","11.95","","0.50%"
"07/02/2024","12.03","12.67","12.88","11.85","","-1.55%"
"07/01/2024","12.22","12.98","13.26","12.10","","-1.77%"
"06/28/2024","12.44","12.24","12.76","11.87","","1.63%"
"06/27/2024","12.24","12.69","12.77","12.21","","-2.47%"
"06/26/2024","12.55","12.81","13.24","12.37","","-2.26%"
"06/25/2024","12.84","13.48","13.52","12.84","","-3.68%"
"06/24/2024","13.33","13.85","13.88","13.15","","0.98%"
"06/21/2024","13.20","13.22","13.78","12.99","","-0.60%"
"06/20/2024","13.28","12.50","13.55","12.18","","6.41%"
"06/19/2024","12.48","12.32","12.55","12.32","","1.46%"
"06/18/2024","12.30","12.70","12.74","12.24","","-3.53%"
"06/17/2024","12.75","13.07","13.29","12.50","","0.71%"
"06/14/2024","12.66","12.22","13.45","12.12","","6.03%"
"06/13/2024","11.94","12.05","12.68","11.88","","-0.83%"
"06/12/2024","12.04","13.10","13.15","11.94","","-6.30%"
"06/11/2024","12.85","12.85","13.47","12.78","","0.86%"
"06/10/2024","12.74","13.09","13.28","12.62","","4.26%"
"06/07/2024","12.22","12.69","13.08","12.11","","-2.86%"
"06/06/2024","12.58","12.75","12.98","12.54","","-0.40%"
"06/05/2024","12.63","13.14","13.25","12.60","","-4.03%"
"06/04/2024","13.16","13.51","14.08","13.11","","0.38%"
"06/03/2024","13.11","13.08","14.31","13.00","","1.47%"
"05/31/2024","12.92","14.50","14.87","12.84","","-10.71%"
"05/30/2024","14.47","14.82","14.88","13.67","","1.33%"
"05/29/2024","14.28","13.75","14.32","13.69","","10.53%"
"05/28/2024","12.92","12.51","13.44","12.36","","4.53%"
"05/27/2024","12.36","12.41","12.49","12.35","","3.60%"
"05/24/2024","11.93","12.86","12.89","11.89","","-6.58%"
"05/23/2024","12.77","11.53","13.37","11.52","","3.91%"
"05/22/2024","12.29","12.05","12.81","11.78","","3.63%"
"05/21/2024","11.86","12.30","12.56","11.84","","-2.39%"
"05/20/2024","12.15","12.27","12.59","12.07","","1.33%"
"05/17/2024","11.99","12.28","12.48","11.91","","-3.46%"
"05/16/2024","12.42","12.52","12.67","12.33","","-0.24%"
"05/15/2024","12.45","13.73","13.94","12.38","","-7.23%"
"05/14/2024","13.42","13.71","14.03","13.27","","-1.32%"
"05/13/2024","13.60","13.26","13.66","13.25","","8.37%"
"05/10/2024","12.55","12.77","12.96","12.50","","-1.10%"
"05/09/2024","12.69","13.08","13.29","12.68","","-2.38%"
"05/08/2024","13.00","13.24","13.51","12.94","","-1.74%"
"05/07/2024","13.23","13.52","13.64","13.16","","-1.93%"
"05/06/2024","13.49","13.98","14.02","13.44","","0.00%"
"05/03/2024","13.49","14.51","14.58","13.48","","-8.11%"
"05/02/2024","14.68","15.14","16.09","14.60","","-4.61%"
"05/01/2024","15.39","15.75","16.22","14.35","","-1.66%"
"04/30/2024","15.65","14.82","15.90","14.67","","6.68%"
"04/29/2024","14.67","15.37","15.42","14.63","","-2.40%"
"04/26/2024","15.03","15.49","16.06","14.92","","-2.21%"
"04/25/2024","15.37","16.25","17.55","15.27","","-3.76%"
"04/24/2024","15.97","15.76","16.38","15.58","","1.78%"
"04/23/2024","15.69","16.72","16.76","15.69","","-7.38%"
"04/22/2024","16.94","18.59","18.72","16.69","","-9.46%"
"04/19/2024","18.71","21.33","21.36","18.17","","3.94%"
"04/18/2024","18.00","17.91","18.37","17.21","","-1.15%"
"04/17/2024","18.21","18.24","19.11","17.54","","-1.03%"
"04/16/2024","18.40","19.49","19.56","17.64","","-4.32%"
"04/15/2024","19.23","16.94","19.46","16.26","","11.09%"
"04/12/2024","17.31","14.91","19.20","14.91","","16.10%"
"04/11/2024","14.91","16.02","17.61","14.91","","-5.63%"
"04/10/2024","15.80","15.24","16.62","14.59","","5.47%"
"04/09/2024","14.98","15.34","16.63","14.94","","-1.38%"
"04/08/2024","15.19","16.24","16.50","15.11","","-5.24%"
"04/05/2024","16.03","16.45","16.75","15.53","","-1.96%"
"04/04/2024","16.35","14.29","16.92","13.74","","14.10%"
"04/03/2024","14.33","15.00","15.18","14.25","","-1.92%"
"04/02/2024","14.61","13.74","15.43","13.68","","7.03%"
"04/01/2024","13.65","13.61","14.15","13.55","","4.92%"
"03/29/2024","13.01","13.01","13.01","13.01","","0.00%"
"03/28/2024","13.01","12.93","13.10","12.84","","1.80%"
"03/27/2024","12.78","13.13","13.34","12.66","","-3.47%"
"03/26/2024","13.24","13.12","13.43","12.84","","0.38%"
"03/25/2024","13.19","13.67","13.67","13.11","","1.00%"
"03/22/2024","13.06","12.92","13.15","12.58","","1.08%"
"03/21/2024","12.92","12.98","13.08","12.40","","-0.92%"
"03/20/2024","13.04","13.83","14.17","13.01","","-5.64%"
"03/19/2024","13.82","14.50","14.86","13.80","","-3.56%"
"03/18/2024","14.33","14.75","14.85","14.26","","-0.56%"
"03/15/2024","14.41","14.33","15.53","14.14","","0.07%"
"03/14/2024","14.40","13.62","15.33","13.42","","4.73%"
"03/13/2024","13.75","13.89","14.04","13.67","","-0.65%"
"03/12/2024","13.84","14.97","15.20","13.81","","-9.07%"
"03/11/2024","15.22","15.51","16.04","15.13","","3.26%"
"03/08/2024","14.74","14.22","15.53","13.97","","2.08%"
"03/07/2024","14.44","14.98","14.98","14.25","","-0.41%"
"03/06/2024","14.50","14.27","14.93","13.89","","0.28%"
"03/05/2024","14.46","13.75","15.10","13.75","","7.19%"
"03/04/2024","13.49","13.49","13.58","13.32","","2.90%"
"03/01/2024","13.11","13.34","13.66","13.08","","-2.16%"
"02/29/2024","13.40","14.14","14.15","13.30","","-3.18%"
"02/28/2024","13.84","13.52","13.90","13.44","","3.05%"
"02/27/2024","13.43","13.63","13.75","13.41","","-2.26%"
"02/26/2024","13.74","14.17","14.20","13.66","","-0.07%"
"02/23/2024","13.75","14.31","14.31","13.64","","-5.43%"
"02/22/2024","14.54","14.28","14.64","14.12","","-5.22%"
"02/21/2024","15.34","15.54","16.12","15.22","","-0.52%"
"02/20/2024","15.42","15.09","15.91","15.07","","4.83%"
"02/19/2024","14.71","14.72","14.78","14.65","","3.30%"
"02/16/2024","14.24","13.94","14.71","13.75","","1.64%"
"02/15/2024","14.01","14.27","14.64","13.94","","-2.57%"
"02/14/2024","14.38","15.38","15.47","14.22","","-9.27%"
"02/13/2024","15.85","13.96","17.94","13.43","","13.78%"
"02/12/2024","13.93","13.48","13.94","13.34","","7.73%"
"02/09/2024","12.93","12.79","13.01","12.69","","1.09%"
"02/08/2024","12.79","12.95","13.17","12.74","","-0.31%"
"02/07/2024","12.83","13.06","13.13","12.81","","-1.76%"
"02/06/2024","13.06","13.57","13.78","12.98","","-4.46%"
"02/05/2024","13.67","14.37","14.53","13.58","","-1.30%"
"02/02/2024","13.85","13.95","14.23","13.39","","-0.22%"
"02/01/2024","13.88","14.21","14.63","13.87","","-3.28%"
"01/31/2024","14.35","13.42","14.61","13.18","","7.81%"
"01/30/2024","13.31","13.69","13.74","13.23","","-2.13%"
"01/29/2024","13.60","13.98","15.35","13.59","","2.56%"
"01/26/2024","13.26","13.73","14.10","13.20","","-1.41%"
"01/25/2024","13.45","13.18","13.58","13.06","","2.36%"
"01/24/2024","13.14","12.66","13.18","12.41","","4.70%"
"01/23/2024","12.55","13.20","13.29","12.53","","-4.85%"
"01/22/2024","13.19","13.77","13.84","13.17","","-0.83%"
"01/19/2024","13.30","13.80","14.58","13.28","","-5.87%"
"01/18/2024","14.13","14.85","14.89","13.89","","-4.46%"
"01/17/2024","14.79","14.59","15.40","14.38","","6.86%"
"01/16/2024","13.84","14.12","14.35","13.52","","4.45%"
"01/15/2024","13.25","13.23","13.34","13.20","","4.33%"
"01/12/2024","12.70","12.66","13.08","12.47","","2.09%"
"01/11/2024","12.44","12.64","13.31","12.35","","-1.97%"
"01/10/2024","12.69","12.86","12.95","12.67","","-0.55%"
"01/09/2024","12.76","13.20","13.45","12.74","","-2.45%"
"01/08/2024","13.08","14.00","14.18","13.02","","-2.02%"
"01/05/2024","13.35","14.24","14.58","13.29","","-5.52%"
"01/04/2024","14.13","13.93","14.20","13.64","","0.64%"
"01/03/2024","14.04","13.35","14.22","13.33","","6.36%"
"01/02/2024","13.20","13.22","14.23","13.10","","6.02%"
"12/29/2023","12.45","12.55","13.19","12.36","","-0.16%"
"12/28/2023","12.47","12.44","12.65","12.38","","0.32%"
"12/27/2023","12.43","13.02","13.04","12.37","","-4.31%"
"12/26/2023","12.99","13.77","13.80","12.96","","-0.31%"
"12/25/2023","13.03","13.03","13.03","13.03","","0.00%"
"12/22/2023","13.03","13.72","13.96","13.00","","-4.54%"
"12/21/2023","13.65","13.40","14.49","13.34","","-0.15%"
"12/20/2023","13.67","12.63","13.93","12.29","","9.10%"
"12/19/2023","12.53","12.60","12.60","12.33","","-0.24%"
"12/18/2023","12.56","12.62","12.64","12.40","","2.28%"
"12/15/2023","12.28","12.12","12.54","12.01","","-1.60%"
"12/14/2023","12.48","11.96","12.74","11.84","","2.38%"
"12/13/2023","12.19","12.20","12.46","11.82","","0.99%"
"12/12/2023","12.07","12.69","12.74","11.81","","-4.43%"
"12/11/2023","12.63","13.05","13.14","12.61","","2.27%"
"12/08/2023","12.35","13.14","13.24","12.35","","-5.44%"
"12/07/2023","13.06","13.17","13.28","12.95","","0.69%"
"12/06/2023","12.97","12.78","13.03","12.64","","0.93%"
"12/05/2023","12.85","13.26","13.76","12.81","","-1.76%"
"12/04/2023","13.08","13.28","13.70","12.98","","3.56%"
"12/01/2023","12.63","12.94","12.96","12.48","","-2.24%"
"11/30/2023","12.92","13.07","13.39","12.82","","-0.46%"
"11/29/2023","12.98","12.71","13.10","12.48","","2.29%"
"11/28/2023","12.69","12.78","14.30","12.56","","0.00%"
"11/27/2023","12.69","13.14","13.28","12.64","","1.85%"
"11/24/2023","12.46","13.03","13.17","12.45","","-2.66%"
"11/23/2023","12.80","12.84","12.87","12.75","","-0.39%"
"11/22/2023","12.85","13.08","13.25","12.82","","-3.75%"
"11/21/2023","13.35","13.45","14.31","13.13","","-0.45%"
"11/20/2023","13.41","14.26","14.31","13.39","","-2.83%"
"11/17/2023","13.80","14.18","14.19","13.67","","-3.63%"
"11/16/2023","14.32","14.12","14.42","13.68","","0.99%"
"11/15/2023","14.18","14.21","14.35","13.97","","0.14%"
"11/14/2023","14.16","14.83","14.86","13.91","","-4.07%"
"11/13/2023","14.76","15.16","15.19","14.58","","4.16%"
"11/10/2023","14.17","15.09","15.45","14.16","","-7.33%"
"11/09/2023","15.29","14.61","15.57","14.13","","5.81%"
"11/08/2023","14.45","14.91","15.09","14.30","","-2.43%"
"11/07/2023","14.81","15.10","15.17","14.71","","-0.54%"
"11/06/2023","14.89","15.39","15.58","14.84","","-0.13%"
"11/03/2023","14.91","15.70","15.83","14.91","","-4.79%"
"11/02/2023","15.66","16.59","16.62","15.58","","-7.17%"
"11/01/2023","16.87","18.02","18.42","16.63","","-7.00%"
"10/31/2023","18.14","19.86","19.86","17.97","","-8.15%"
"10/30/2023","19.75","21.13","21.16","19.55","","-7.15%"
"10/27/2023","21.27","20.39","22.07","19.72","","2.85%"
"10/26/2023","20.68","21.78","21.96","20.22","","2.43%"
"10/25/2023","20.19","19.39","21.24","18.86","","6.43%"
"10/24/2023","18.97","20.03","20.24","18.65","","-6.87%"
"10/23/2023","20.37","21.83","23.08","19.48","","-6.17%"
"10/20/2023","21.71","21.59","21.83","20.42","","1.45%"
"10/19/2023","21.40","19.73","21.40","18.55","","11.34%"
"10/18/2023","19.22","18.36","20.15","17.88","","7.49%"
"10/17/2023","17.88","17.41","18.54","16.97","","3.89%"
"10/16/2023","17.21","19.10","19.57","17.14","","-10.92%"
"10/13/2023","19.32","16.53","20.78","16.50","","15.76%"
"10/12/2023","16.69","16.08","18.08","15.44","","3.73%"
"10/11/2023","16.09","16.95","17.78","16.09","","-5.52%"
"10/10/2023","17.03","17.70","17.86","16.51","","-3.79%"
"10/09/2023","17.70","19.54","19.60","17.56","","1.43%"
"10/06/2023","17.45","18.73","19.93","17.19","","-5.62%"
"10/05/2023","18.49","18.67","19.58","18.26","","-0.48%"
"10/04/2023","18.58","20.72","20.88","18.30","","-6.07%"
"10/03/2023","19.78","17.81","20.48","17.52","","12.32%"
"10/02/2023","17.61","17.31","18.55","16.93","","0.51%"
"09/29/2023","17.52","16.87","17.74","15.83","","1.04%"
"09/28/2023","17.34","18.22","18.77","17.06","","-4.83%"
"09/27/2023","18.22","18.29","19.71","18.03","","-3.80%"
"09/26/2023","18.94","18.03","19.50","17.17","","12.07%"
"09/25/2023","16.90","17.25","18.41","16.79","","-1.74%"
"09/22/2023","17.20","17.31","17.41","15.93","","-1.94%"
"09/21/2023","17.54","15.49","17.54","15.10","","15.85%"
"09/20/2023","15.14","14.18","15.15","13.57","","7.30%"
"09/19/2023","14.11","14.11","14.88","13.86","","0.79%"
"09/18/2023","14.00","14.40","14.75","13.86","","1.52%"
"09/15/2023","13.79","12.70","14.17","12.68","","7.57%"
"09/14/2023","12.82","13.39","13.46","12.79","","-4.90%"
"09/13/2023","13.48","14.42","14.68","13.41","","-5.27%"
"09/12/2023","14.23","14.02","14.42","13.71","","3.12%"
"09/11/2023","13.80","14.17","14.33","13.74","","-0.29%"
"09/08/2023","13.84","14.22","14.87","13.58","","-3.89%"
"09/07/2023","14.40","14.81","15.69","14.40","","-0.35%"
"09/06/2023","14.45","14.27","15.30","14.13","","3.14%"
"09/05/2023","14.01","14.15","14.47","13.70","","1.37%"
"09/04/2023","13.82","13.62","13.82","13.51","","5.58%"
"09/01/2023","13.09","13.56","13.56","13.02","","-3.54%"
"08/31/2023","13.57","13.98","14.00","13.44","","-2.23%"
"08/30/2023","13.88","14.53","14.70","13.83","","-3.94%"
"08/29/2023","14.45","15.08","15.30","14.34","","-4.18%"
"08/28/2023","15.08","16.24","16.28","15.00","","-3.83%"
"08/25/2023","15.68","17.21","17.36","15.45","","-8.84%"
"08/24/2023","17.20","15.57","17.32","15.48","","7.63%"
"08/23/2023","15.98","16.64","17.10","15.91","","-5.83%"
"08/22/2023","16.97","16.96","17.58","16.61","","-0.93%"
"08/21/2023","17.13","18.03","18.11","16.88","","-0.98%"
"08/18/2023","17.30","17.80","18.88","17.14","","-3.30%"
"08/17/2023","17.89","16.96","18.13","16.40","","6.62%"
"08/16/2023","16.78","16.54","16.93","15.80","","1.94%"
"08/15/2023","16.46","14.95","16.57","14.91","","11.07%"
"08/14/2023","14.82","15.88","16.06","14.77","","-0.13%"
"08/11/2023","14.84","15.53","16.51","14.84","","-6.37%"
"08/10/2023","15.85","15.58","16.86","14.60","","-0.69%"
"08/09/2023","15.96","15.81","16.87","15.38","","-0.19%"
"08/08/2023","15.99","16.28","18.14","15.96","","1.40%"
"08/07/2023","15.77","16.90","17.36","15.77","","-7.78%"
"08/04/2023","17.10","16.01","17.39","14.57","","7.41%"
"08/03/2023","15.92","16.77","17.42","15.72","","-1.06%"
"08/02/2023","16.09","15.70","16.48","14.95","","15.51%"
"08/01/2023","13.93","13.75","14.30","13.75","","2.20%"
"07/31/2023","13.63","13.98","14.09","13.57","","2.25%"
"07/28/2023","13.33","14.03","14.18","13.27","","-7.49%"
"07/27/2023","14.41","13.14","15.02","12.74","","9.25%"
"07/26/2023","13.19","13.86","14.16","13.15","","-4.83%"
"07/25/2023","13.86","14.02","14.09","13.82","","-0.36%"
"07/24/2023","13.91","14.29","14.30","13.73","","2.28%"
"07/21/2023","13.60","13.87","13.89","13.37","","-2.79%"
"07/20/2023","13.99","13.96","14.23","13.58","","1.67%"
"07/19/2023","13.76","13.32","13.84","13.12","","3.46%"
"07/18/2023","13.30","13.61","13.67","13.29","","-1.34%"
"07/17/2023","13.48","13.78","14.00","13.43","","1.05%"
"07/14/2023","13.34","13.72","13.76","13.22","","-1.98%"
"07/13/2023","13.61","13.44","13.61","13.12","","0.52%"
"07/12/2023","13.54","14.82","14.82","13.51","","-8.76%"
"07/11/2023","14.84","15.02","15.25","14.63","","-1.53%"
"07/10/2023","15.07","16.08","16.21","15.04","","1.62%"
"07/07/2023","14.83","15.97","16.06","14.33","","-3.95%"
"07/06/2023","15.44","14.85","17.08","14.79","","8.89%"
"07/05/2023","14.18","14.19","14.74","14.05","","3.50%"
"07/04/2023","13.70","13.54","13.71","13.52","","0.96%"
"07/03/2023","13.57","13.85","13.85","13.47","","-0.15%"
"06/30/2023","13.59","13.51","13.59","12.96","","0.37%"
"06/29/2023","13.54","13.64","13.85","13.41","","0.82%"
"06/28/2023","13.43","13.90","13.96","13.36","","-2.26%"
"06/27/2023","13.74","14.11","14.34","13.59","","-3.58%"
"06/26/2023","14.25","14.43","14.71","13.78","","6.03%"
"06/23/2023","13.44","13.24","13.80","12.88","","4.11%"
"06/22/2023","12.91","13.88","13.98","12.73","","-2.20%"
"06/21/2023","13.20","13.88","13.89","13.10","","-4.90%"
"06/20/2023","13.88","14.36","14.67","13.86","","-2.18%"
"06/19/2023","14.19","14.09","14.19","14.01","","4.80%"
"06/16/2023","13.54","14.49","14.54","13.48","","-6.62%"
"06/15/2023","14.50","14.09","14.52","13.79","","4.47%"
"06/14/2023","13.88","14.48","14.73","13.83","","-5.00%"
"06/13/2023","14.61","14.99","15.06","14.47","","-2.66%"
"06/12/2023","15.01","14.44","15.02","14.32","","8.53%"
"06/09/2023","13.83","13.78","14.14","13.50","","1.32%"
"06/08/2023","13.65","14.14","14.21","13.53","","-2.08%"
"06/07/2023","13.94","14.14","14.29","13.77","","-0.14%"
"06/06/2023","13.96","14.91","14.97","13.95","","-5.23%"
"06/05/2023","14.73","15.28","15.29","14.66","","0.89%"
"06/02/2023","14.60","15.65","15.65","14.42","","-6.71%"
"06/01/2023","15.65","17.24","17.59","15.58","","-12.76%"
"05/31/2023","17.94","18.04","18.40","17.12","","2.75%"
"05/30/2023","17.46","17.56","18.34","16.98","","0.00%"
"05/29/2023","17.46","17.53","17.60","17.34","","-2.73%"
"05/26/2023","17.95","19.07","19.56","17.27","","-6.22%"
"05/25/2023","19.14","19.54","19.95","18.70","","-4.44%"
"05/24/2023","20.03","18.80","20.81","18.80","","8.09%"
"05/23/2023","18.53","17.35","19.31","17.30","","7.67%"
"05/22/2023","17.21","17.45","18.13","16.82","","2.38%"
"05/19/2023","16.81","16.13","17.36","15.85","","4.74%"
"05/18/2023","16.05","16.92","17.15","16.05","","-4.86%"
"05/17/2023","16.87","17.96","18.26","16.68","","-6.23%"
"05/16/2023","17.99","17.54","18.30","17.26","","5.08%"
"05/15/2023","17.12","17.44","18.16","17.08","","0.53%"
"05/12/2023","17.03","16.83","17.92","16.38","","0.59%"
"05/11/2023","16.93","16.80","18.19","16.63","","-0.06%"
"05/10/2023","16.94","17.58","18.31","16.36","","-4.35%"
"05/09/2023","17.71","17.29","17.86","17.22","","4.30%"
"05/08/2023","16.98","17.73","17.88","16.83","","-1.22%"
"05/05/2023","17.19","19.50","19.63","16.69","","-14.44%"
"05/04/2023","20.09","19.17","21.33","18.67","","9.54%"
"05/03/2023","18.34","17.82","18.83","17.19","","3.15%"
"05/02/2023","17.78","16.27","19.81","16.26","","10.57%"
"05/01/2023","16.08","16.41","16.62","15.53","","1.90%"
"04/28/2023","15.78","17.21","17.65","15.72","","-7.34%"
"04/27/2023","17.03","18.43","18.43","16.72","","-9.61%"
"04/26/2023","18.84","18.66","19.61","17.87","","0.43%"
"04/25/2023","18.76","17.62","19.86","17.33","","11.07%"
"04/24/2023","16.89","18.22","18.24","16.74","","0.72%"
"04/21/2023","16.77","17.51","17.71","16.58","","-2.33%"
"04/20/2023","17.17","16.85","17.69","16.33","","4.31%"
"04/19/2023","16.46","17.30","17.72","16.17","","-2.20%"
"04/18/2023","16.83","16.94","17.34","16.58","","-0.71%"
"04/17/2023","16.95","17.58","17.79","16.90","","-0.70%"
"04/14/2023","17.07","17.94","18.12","17.07","","-4.10%"
"04/13/2023","17.80","18.83","19.06","17.77","","-6.76%"
"04/12/2023","19.09","19.38","19.98","18.25","","-0.05%"
"04/11/2023","19.10","19.08","19.28","18.56","","0.69%"
"04/10/2023","18.97","19.39","20.05","18.93","","3.10%"
"04/07/2023","18.40","18.40","18.40","18.40","","0.00%"
"04/06/2023","18.40","19.30","19.88","18.35","","-3.56%"
"04/05/2023","19.08","19.42","20.08","19.00","","0.42%"
"04/04/2023","19.00","18.79","20.03","18.58","","2.43%"
"04/03/2023","18.55","19.79","19.83","18.54","","-0.80%"
"03/31/2023","18.70","19.21","19.43","18.52","","-1.68%"
"03/30/2023","19.02","19.12","20.08","18.85","","-0.52%"
"03/29/2023","19.12","19.39","19.45","19.09","","-4.26%"
"03/28/2023","19.97","20.53","21.40","19.91","","-3.06%"
"03/27/2023","20.60","22.05","22.93","20.57","","-5.24%"
"03/24/2023","21.74","22.11","25.21","21.60","","-3.85%"
"03/23/2023","22.61","21.54","24.91","20.16","","1.57%"
"03/22/2023","22.26","21.80","22.38","19.94","","4.12%"
"03/21/2023","21.38","24.16","24.16","21.29","","-11.47%"
"03/20/2023","24.15","27.77","28.91","24.00","","-5.33%"
"03/17/2023","25.51","22.92","26.14","22.58","","10.96%"
"03/16/2023","22.99","26.19","27.49","22.97","","-12.05%"
"03/15/2023","26.14","23.21","29.91","23.19","","10.16%"
"03/14/2023","23.73","26.85","27.24","22.27","","-10.52%"
"03/13/2023","26.52","24.05","30.81","23.85","","6.94%"
"03/10/2023","24.80","23.34","28.97","21.79","","9.69%"
"03/09/2023","22.61","19.33","23.14","18.88","","18.32%"
"03/08/2023","19.11","19.71","20.01","19.00","","-2.45%"
"03/07/2023","19.59","18.64","19.74","18.51","","5.27%"
"03/06/2023","18.61","19.05","19.19","18.49","","0.65%"
"03/03/2023","18.49","19.76","19.76","18.16","","-5.62%"
"03/02/2023","19.59","21.41","21.42","19.55","","-4.81%"
"03/01/2023","20.58","20.39","21.32","20.22","","-0.58%"
"02/28/2023","20.70","21.30","21.37","20.10","","-1.19%"
"02/27/2023","20.95","21.99","22.02","20.68","","-3.32%"
"02/24/2023","21.67","21.35","22.90","21.32","","2.51%"
"02/23/2023","21.14","21.96","22.43","20.89","","-5.16%"
"02/22/2023","22.29","23.03","23.63","22.02","","-2.54%"
"02/21/2023","22.87","21.80","23.34","21.80","","7.72%"
"02/20/2023","21.23","21.06","21.28","20.96","","6.04%"
"02/17/2023","20.02","20.94","21.30","19.82","","-0.74%"
"02/16/2023","20.17","18.26","20.27","18.23","","10.64%"
"02/15/2023","18.23","19.37","19.41","18.11","","-3.60%"
"02/14/2023","18.91","20.72","20.75","18.48","","-7.03%"
"02/13/2023","20.34","21.66","21.69","20.33","","-0.93%"
"02/10/2023","20.53","20.74","21.94","20.44","","-0.87%"
"02/09/2023","20.71","19.24","21.08","19.02","","5.50%"
"02/08/2023","19.63","18.88","20.12","18.55","","5.20%"
"02/07/2023","18.66","19.54","19.99","18.43","","-3.96%"
"02/06/2023","19.43","19.23","19.81","19.21","","6.00%"
"02/03/2023","18.33","18.57","19.30","17.93","","-2.14%"
"02/02/2023","18.73","17.74","19.25","17.06","","4.81%"
"02/01/2023","17.87","19.62","20.04","17.70","","-7.89%"
"01/31/2023","19.40","20.12","20.70","19.13","","-2.71%"
"01/30/2023","19.94","19.76","20.25","19.54","","7.73%"
"01/27/2023","18.51","18.90","19.00","17.97","","-1.17%"
"01/26/2023","18.73","19.05","19.48","18.67","","-1.83%"
"01/25/2023","19.08","19.56","20.90","18.99","","-0.63%"
"01/24/2023","19.20","19.89","20.47","18.91","","-3.08%"
"01/23/2023","19.81","20.21","20.33","19.55","","-0.20%"
"01/20/2023","19.85","20.28","20.70","19.41","","-3.27%"
"01/19/2023","20.52","20.43","21.71","20.17","","0.88%"
"01/18/2023","20.34","19.28","20.58","18.71","","5.06%"
"01/17/2023","19.36","19.89","20.22","19.21","","-0.67%"
"01/16/2023","19.49","19.44","19.63","19.41","","6.21%"
"01/13/2023","18.35","19.00","19.41","18.01","","-2.55%"
"01/12/2023","18.83","21.56","21.80","18.83","","-10.72%"
"01/11/2023","21.09","20.80","21.25","20.62","","2.48%"
"01/10/2023","20.58","22.22","22.46","20.58","","-6.33%"
"01/09/2023","21.97","21.75","21.98","21.27","","3.98%"
"01/06/2023","21.13","22.69","22.90","21.00","","-5.92%"
"01/05/2023","22.46","22.20","22.92","21.97","","2.04%"
"01/04/2023","22.01","22.93","23.27","21.94","","-3.89%"
"01/03/2023","22.90","23.09","23.76","22.73","","5.68%"
"12/30/2022","21.67","21.83","22.40","21.59","","1.07%"
"12/29/2022","21.44","22.25","22.31","21.36","","-3.16%"
"12/28/2022","22.14","21.47","22.26","20.96","","2.26%"
"12/27/2022","21.65","21.67","22.80","21.59","","3.74%"
"12/26/2022","20.87","20.87","20.87","20.87","","0.00%"
"12/23/2022","20.87","22.17","22.64","20.78","","-5.01%"
"12/22/2022","21.97","20.08","24.30","20.01","","9.47%"
"12/21/2022","20.07","21.25","21.29","19.94","","-6.56%"
"12/20/2022","21.48","23.17","23.39","21.35","","-4.19%"
"12/19/2022","22.42","22.63","22.86","21.61","","-0.88%"
"12/16/2022","22.62","23.26","23.83","22.09","","-0.92%"
"12/15/2022","22.83","21.52","23.67","21.25","","7.99%"
"12/14/2022","21.14","22.83","23.47","21.07","","-6.25%"
"12/13/2022","22.55","25.24","25.84","21.46","","-9.80%"
"12/12/2022","25.00","24.40","25.05","24.18","","9.51%"
"12/09/2022","22.83","22.55","23.21","22.18","","2.42%"
"12/08/2022","22.29","22.81","23.28","22.06","","-1.72%"
"12/07/2022","22.68","22.32","23.01","22.18","","2.30%"
"12/06/2022","22.17","20.69","22.60","20.38","","6.84%"
"12/05/2022","20.75","20.30","21.29","19.78","","8.87%"
"12/02/2022","19.06","20.42","20.96","18.95","","-3.93%"
"12/01/2022","19.84","20.83","21.06","19.80","","-3.60%"
"11/30/2022","20.58","21.70","22.63","20.31","","-5.98%"
"11/29/2022","21.89","22.09","22.57","21.83","","-1.44%"
"11/28/2022","22.21","22.09","22.50","21.65","","8.34%"
"11/25/2022","20.50","20.61","21.11","20.46","","0.39%"
"11/24/2022","20.42","20.50","20.54","20.31","","0.34%"
"11/23/2022","20.35","21.49","21.78","20.32","","-4.42%"
"11/22/2022","21.29","22.59","22.71","21.28","","-4.79%"
"11/21/2022","22.36","24.05","24.12","22.30","","-3.29%"
"11/18/2022","23.12","24.03","24.12","22.98","","-3.38%"
"11/17/2022","23.93","24.05","25.18","23.81","","-0.75%"
"11/16/2022","24.11","24.29","24.72","23.99","","-1.75%"
"11/15/2022","24.54","23.77","26.22","23.18","","3.41%"
"11/14/2022","23.73","23.99","24.33","22.86","","5.37%"
"11/11/2022","22.52","23.89","23.91","22.37","","-4.29%"
"11/10/2022","23.53","26.51","26.59","22.84","","-9.81%"
"11/09/2022","26.09","25.34","26.35","25.02","","2.15%"
"11/08/2022","25.54","24.71","26.16","24.24","","4.89%"
"11/07/2022","24.35","25.67","25.67","24.34","","-0.81%"
"11/04/2022","24.55","25.63","25.71","24.00","","-2.96%"
"11/03/2022","25.30","25.98","26.87","25.10","","-2.17%"
"11/02/2022","25.86","26.04","26.62","25.39","","0.19%"
"11/01/2022","25.81","25.96","26.35","25.66","","-0.27%"
"10/31/2022","25.88","26.91","27.07","25.84","","0.50%"
"10/28/2022","25.75","27.43","27.59","25.75","","-5.99%"
"10/27/2022","27.39","27.51","27.67","26.94","","0.40%"
"10/26/2022","27.28","28.44","28.52","27.27","","-4.15%"
"10/25/2022","28.46","29.80","30.00","28.22","","-4.66%"
"10/24/2022","29.85","30.65","30.95","29.78","","0.54%"
"10/21/2022","29.69","30.21","30.44","29.24","","-0.97%"
"10/20/2022","29.98","31.30","31.32","29.76","","-2.54%"
"10/19/2022","30.76","30.94","31.90","30.76","","0.85%"
"10/18/2022","30.50","31.10","31.93","30.42","","-2.77%"
"10/17/2022","31.37","32.27","32.59","30.70","","-2.03%"
"10/14/2022","32.02","31.89","32.98","31.14","","0.25%"
"10/13/2022","31.94","33.60","33.87","31.63","","-4.86%"
"10/12/2022","33.57","33.54","34.53","33.11","","-0.18%"
"10/11/2022","33.63","33.56","34.43","32.45","","3.64%"
"10/10/2022","32.45","32.93","33.99","32.05","","3.48%"
"10/07/2022","31.36","30.37","32.02","29.88","","2.75%"
"10/06/2022","30.52","28.60","30.74","28.56","","6.90%"
"10/05/2022","28.55","29.36","30.11","28.50","","-1.79%"
"10/04/2022","29.07","29.52","29.62","28.56","","-3.42%"
"10/03/2022","30.10","33.00","33.06","29.63","","-4.81%"
"09/30/2022","31.62","31.61","33.25","29.39","","-0.69%"
"09/29/2022","31.84","31.67","33.46","31.16","","5.50%"
"09/28/2022","30.18","34.50","34.88","30.03","","-7.42%"
"09/27/2022","32.60","31.20","34.14","30.30","","1.05%"
"09/26/2022","32.26","31.74","32.88","29.83","","7.82%"
"09/23/2022","29.92","27.68","32.31","27.58","","9.40%"
"09/22/2022","27.35","28.16","28.38","26.71","","-2.29%"
"09/21/2022","27.99","28.03","30.18","25.55","","3.06%"
"09/20/2022","27.16","25.65","27.81","25.61","","5.43%"
"09/19/2022","25.76","27.69","27.95","25.56","","-2.05%"
"09/16/2022","26.30","27.47","28.45","26.14","","0.11%"
"09/15/2022","26.27","26.10","26.93","25.42","","0.42%"
"09/14/2022","26.16","26.73","27.56","26.16","","-4.07%"
"09/13/2022","27.27","23.67","28.15","23.53","","14.24%"
"09/12/2022","23.87","23.58","24.23","23.16","","4.74%"
"09/09/2022","22.79","23.49","23.57","22.64","","-3.47%"
"09/08/2022","23.61","24.70","25.90","23.56","","-4.18%"
"09/07/2022","24.64","26.93","27.15","24.54","","-8.44%"
"09/06/2022","26.91","25.46","27.80","25.33","","3.54%"
"09/05/2022","25.99","26.51","26.85","25.84","","2.04%"
"09/02/2022","25.47","25.51","26.28","23.19","","-0.35%"
"09/01/2022","25.56","26.88","27.45","25.25","","-1.20%"
"08/31/2022","25.87","25.86","26.62","25.31","","-1.30%"
"08/30/2022","26.21","25.75","27.69","25.13","","0.00%"
"08/29/2022","26.21","26.86","27.67","25.47","","2.54%"
"08/26/2022","25.56","22.07","25.90","21.67","","17.36%"
"08/25/2022","21.78","22.41","23.13","21.77","","-4.56%"
"08/24/2022","22.82","24.37","24.86","22.73","","-5.35%"
"08/23/2022","24.11","24.13","24.21","23.07","","1.30%"
"08/22/2022","23.80","22.41","24.62","22.39","","15.53%"
"08/19/2022","20.60","20.16","21.27","20.08","","5.32%"
"08/18/2022","19.56","20.51","20.61","19.43","","-1.71%"
"08/17/2022","19.90","19.74","20.63","19.41","","1.07%"
"08/16/2022","19.69","20.23","20.39","19.50","","-1.30%"
"08/15/2022","19.95","20.74","21.16","19.81","","2.15%"
"08/12/2022","19.53","20.34","20.35","19.12","","-3.32%"
"08/11/2022","20.20","19.84","20.85","19.71","","2.33%"
"08/10/2022","19.74","22.28","22.34","19.54","","-9.32%"
"08/09/2022","21.77","21.41","22.23","21.41","","2.25%"
"08/08/2022","21.29","21.74","22.01","20.83","","0.66%"
"08/05/2022","21.15","21.50","22.58","20.76","","-1.35%"
"08/04/2022","21.44","22.06","22.66","21.44","","-2.32%"
"08/03/2022","21.95","23.86","23.92","21.68","","-8.27%"
"08/02/2022","23.93","24.08","24.68","22.67","","4.77%"
"08/01/2022","22.84","22.41","23.27","22.26","","7.08%"
"07/29/2022","21.33","22.13","22.16","21.21","","-4.48%"
"07/28/2022","22.33","23.33","23.54","22.22","","-3.92%"
"07/27/2022","23.24","24.27","24.41","23.02","","-5.87%"
"07/26/2022","24.69","23.95","25.31","23.82","","5.69%"
"07/25/2022","23.36","24.33","24.57","23.19","","1.43%"
"07/22/2022","23.03","23.30","23.81","22.41","","-0.35%"
"07/21/2022","23.11","24.07","24.67","22.92","","-3.22%"
"07/20/2022","23.88","24.23","24.73","23.40","","-2.53%"
"07/19/2022","24.50","25.12","25.41","24.23","","-3.16%"
"07/18/2022","25.30","24.83","25.91","24.38","","4.42%"
"07/15/2022","24.23","26.72","26.72","24.13","","-8.22%"
"07/14/2022","26.40","27.47","28.45","26.20","","-1.57%"
"07/13/2022","26.82","27.35","29.06","26.23","","-1.72%"
"07/12/2022","27.29","27.14","27.75","25.82","","4.28%"
"07/11/2022","26.17","26.42","26.74","25.79","","6.21%"
"07/08/2022","24.64","26.41","26.61","24.43","","-5.52%"
"07/07/2022","26.08","26.73","26.79","25.66","","-2.43%"
"07/06/2022","26.73","27.84","28.07","26.43","","-2.94%"
"07/05/2022","27.54","27.37","29.82","27.30","","0.04%"
"07/04/2022","27.53","27.96","28.10","27.46","","3.11%"
"07/01/2022","26.70","29.53","29.59","26.69","","-7.00%"
"06/30/2022","28.71","29.42","30.22","28.28","","1.95%"
"06/29/2022","28.16","28.80","29.36","27.85","","-0.71%"
"06/28/2022","28.36","26.90","28.68","26.47","","5.23%"
"06/27/2022","26.95","28.30","28.66","26.93","","-1.03%"
"06/24/2022","27.23","29.07","29.72","26.83","","-6.27%"
"06/23/2022","29.05","29.29","29.77","28.74","","0.35%"
"06/22/2022","28.95","31.45","31.57","28.78","","-4.11%"
"06/21/2022","30.19","30.63","30.65","29.33","","-2.71%"
"06/20/2022","31.03","32.06","32.16","30.98","","-0.32%"
"06/17/2022","31.13","32.84","33.31","30.47","","-5.52%"
"06/16/2022","32.95","30.35","34.82","30.35","","11.24%"
"06/15/2022","29.62","32.39","32.77","27.76","","-9.39%"
"06/14/2022","32.69","33.01","34.00","32.06","","-3.91%"
"06/13/2022","34.02","31.37","35.05","31.29","","22.59%"
"06/10/2022","27.75","26.26","29.63","26.05","","6.36%"
"06/09/2022","26.09","24.29","26.24","23.82","","8.89%"
"06/08/2022","23.96","24.37","24.78","23.74","","-0.25%"
"06/07/2022","24.02","25.54","26.24","23.88","","-4.19%"
"06/06/2022","25.07","25.37","25.81","24.82","","1.13%"
"06/03/2022","24.79","24.91","25.96","24.76","","0.28%"
"06/02/2022","24.72","25.73","26.50","24.33","","-3.78%"
"06/01/2022","25.69","26.05","27.73","25.38","","-1.91%"
"05/31/2022","26.19","27.47","28.35","25.94","","-1.32%"
"05/30/2022","26.54","26.16","26.81","26.08","","3.19%"
"05/27/2022","25.72","27.50","27.54","25.57","","-6.47%"
"05/26/2022","27.50","28.42","28.46","27.11","","-3.07%"
"05/25/2022","28.37","29.33","30.23","28.16","","-3.67%"
"05/24/2022","29.45","29.43","31.07","29.04","","3.41%"
"05/23/2022","28.48","28.98","30.39","28.29","","-3.23%"
"05/20/2022","29.43","28.78","32.91","28.06","","0.27%"
"05/19/2022","29.35","31.24","33.11","29.06","","-5.20%"
"05/18/2022","30.96","26.74","31.49","26.21","","18.62%"
"05/17/2022","26.10","27.07","27.17","25.51","","-4.99%"
"05/16/2022","27.47","30.01","30.23","27.36","","-4.85%"
"05/13/2022","28.87","31.09","31.20","28.78","","-9.13%"
"05/12/2022","31.77","33.74","34.76","31.70","","-2.43%"
"05/11/2022","32.56","32.87","34.39","30.69","","-1.30%"
"05/10/2022","32.99","33.66","34.84","32.24","","-5.06%"
"05/09/2022","34.75","31.90","35.48","31.90","","15.10%"
"05/06/2022","30.19","32.23","35.34","29.83","","-3.24%"
"05/05/2022","31.20","25.97","33.20","25.78","","22.74%"
"05/04/2022","25.42","29.12","29.42","24.94","","-13.09%"
"05/03/2022","29.25","31.76","32.82","29.06","","-9.55%"
"05/02/2022","32.34","33.35","36.64","31.74","","-3.17%"
"04/29/2022","33.40","28.97","34.34","28.54","","11.37%"
"04/28/2022","29.99","29.91","32.00","28.00","","-5.09%"
"04/27/2022","31.60","31.11","32.77","29.82","","-5.73%"
"04/26/2022","33.52","27.38","33.81","27.06","","24.06%"
"04/25/2022","27.02","30.04","31.60","26.80","","-4.22%"
"04/22/2022","28.21","22.71","28.27","22.62","","24.38%"
"04/21/2022","22.68","20.24","23.28","19.81","","11.61%"
"04/20/2022","20.32","21.13","21.32","19.75","","-4.91%"
"04/19/2022","21.37","22.55","22.92","20.36","","-3.61%"
"04/18/2022","22.17","24.52","24.60","21.98","","-2.33%"
"04/15/2022","22.70","22.70","22.70","22.70","","0.00%"
"04/14/2022","22.70","21.72","22.70","20.85","","4.03%"
"04/13/2022","21.82","23.52","24.45","21.37","","-10.06%"
"04/12/2022","24.26","24.94","25.38","22.27","","-0.45%"
"04/11/2022","24.37","23.09","24.42","22.09","","15.17%"
"04/08/2022","21.16","21.25","22.34","20.28","","-1.81%"
"04/07/2022","21.55","21.97","23.82","21.12","","-2.49%"
"04/06/2022","22.10","21.27","24.78","21.24","","5.09%"
"04/05/2022","21.03","18.79","21.57","18.55","","13.25%"
"04/04/2022","18.57","20.75","20.78","18.45","","-5.40%"
"04/01/2022","19.63","20.62","20.86","19.41","","-4.52%"
"03/31/2022","20.56","19.68","21.48","19.54","","6.36%"
"03/30/2022","19.33","19.38","20.51","18.72","","2.28%"
"03/29/2022","18.90","19.70","19.73","18.67","","-3.72%"
"03/28/2022","19.63","22.14","23.33","19.54","","-5.67%"
"03/25/2022","20.81","21.87","22.86","20.80","","-3.97%"
"03/24/2022","21.67","23.61","23.79","21.49","","-8.06%"
"03/23/2022","23.57","23.04","24.03","22.64","","2.75%"
"03/22/2022","22.94","24.02","24.02","22.70","","-2.51%"
"03/21/2022","23.53","25.14","25.36","22.99","","-1.42%"
"03/18/2022","23.87","26.36","26.82","23.85","","-7.01%"
"03/17/2022","25.67","26.51","27.47","25.25","","-3.75%"
"03/16/2022","26.67","29.02","29.80","26.29","","-10.59%"
"03/15/2022","29.83","33.13","33.83","29.57","","-6.11%"
"03/14/2022","31.77","31.03","33.18","30.06","","3.32%"
"03/11/2022","30.75","30.43","31.04","28.84","","1.72%"
"03/10/2022","30.23","33.03","34.03","30.23","","-6.84%"
"03/09/2022","32.45","33.74","34.12","31.39","","-7.63%"
"03/08/2022","35.13","36.19","37.52","32.78","","-3.62%"
"03/07/2022","36.45","35.88","36.55","32.59","","13.98%"
"03/04/2022","31.98","31.90","34.65","31.47","","4.92%"
"03/03/2022","30.48","30.52","32.01","29.31","","-0.85%"
"03/02/2022","30.74","34.20","34.41","30.12","","-7.74%"
"03/01/2022","33.32","29.45","35.19","29.44","","10.51%"
"02/28/2022","30.15","32.44","33.51","28.43","","9.28%"
"02/25/2022","27.59","31.68","32.00","26.93","","-9.00%"
"02/24/2022","30.32","37.50","37.79","29.45","","-2.26%"
"02/23/2022","31.02","28.04","31.07","27.20","","7.67%"
"02/22/2022","28.81","31.80","32.04","28.40","","3.82%"
"02/18/2022","27.75","26.66","29.71","26.38","","-1.28%"
"02/17/2022","28.11","24.83","28.37","24.76","","15.73%"
"02/16/2022","24.29","25.19","27.09","23.88","","-5.49%"
"02/15/2022","25.70","28.09","28.09","25.33","","-9.28%"
"02/14/2022","28.33","29.17","32.04","28.33","","3.55%"
"02/11/2022","27.36","24.39","30.99","23.33","","14.43%"
"02/10/2022","23.91","20.37","24.77","20.18","","19.79%"
"02/09/2022","19.96","21.27","21.30","19.93","","-6.90%"
"02/08/2022","21.44","23.09","23.48","21.32","","-6.21%"
"02/07/2022","22.86","24.09","24.82","22.02","","-1.55%"
"02/04/2022","23.22","23.77","26.26","22.07","","-4.64%"
"02/03/2022","24.35","22.63","25.81","22.30","","10.23%"
"02/02/2022","22.09","21.56","22.73","20.46","","0.59%"
"02/01/2022","21.96","24.57","25.33","21.96","","-11.56%"
"01/31/2022","24.83","28.36","29.41","24.71","","-10.23%"
"01/28/2022","27.66","30.27","32.82","27.28","","-9.28%"
"01/27/2022","30.49","32.19","33.00","28.42","","-4.60%"
"01/26/2022","31.96","29.35","33.04","26.90","","2.57%"
"01/25/2022","31.16","32.29","35.85","29.13","","4.21%"
"01/24/2022","29.90","28.20","38.94","28.02","","3.64%"
"01/21/2022","28.85","25.38","29.79","25.31","","12.74%"
"01/20/2022","25.59","23.46","25.89","21.68","","7.30%"
"01/19/2022","23.85","23.12","23.99","21.85","","4.65%"
"01/18/2022","22.79","21.18","23.20","21.18","","18.76%"
"01/14/2022","19.19","20.11","22.07","19.05","","-5.51%"
"01/13/2022","20.31","18.06","20.61","17.45","","15.27%"
"01/12/2022","17.62","18.17","18.69","17.36","","-4.29%"
"01/11/2022","18.41","19.62","21.00","18.20","","-5.10%"
"01/10/2022","19.40","19.58","23.33","19.29","","3.41%"
"01/07/2022","18.76","19.85","20.80","18.57","","-4.33%"
"01/06/2022","19.61","20.29","21.06","19.08","","-0.61%"
"01/05/2022","19.73","17.07","20.17","16.58","","16.68%"
"01/04/2022","16.91","16.57","17.81","16.34","","1.87%"
"01/03/2022","16.60","17.60","18.54","16.56","","-3.60%"
"12/31/2021","17.22","17.63","18.27","16.99","","-0.63%"
"12/30/2021","17.33","17.30","17.79","16.62","","2.24%"
"12/29/2021","16.95","17.63","18.00","16.71","","-3.36%"
"12/28/2021","17.54","17.78","18.47","17.51","","-0.79%"
"12/27/2021","17.68","19.37","19.41","17.55","","-1.56%"
"12/24/2021","17.96","17.96","17.96","17.96","","0.00%"
"12/23/2021","17.96","18.81","18.93","17.62","","-3.60%"
"12/22/2021","18.63","21.04","21.36","18.59","","-11.33%"
"12/21/2021","21.01","22.28","22.68","20.90","","-8.13%"
"12/20/2021","22.87","25.89","27.39","22.85","","6.03%"
"12/17/2021","21.57","20.70","23.26","20.49","","4.86%"
"12/16/2021","20.57","18.56","22.13","18.19","","6.64%"
"12/15/2021","19.29","21.60","23.47","19.02","","-11.88%"
"12/14/2021","21.89","19.67","23.00","19.67","","7.78%"
"12/13/2021","20.31","19.29","21.18","18.96","","8.67%"
"12/10/2021","18.69","21.27","21.30","18.69","","-13.39%"
"12/09/2021","21.58","20.31","22.12","19.94","","8.44%"
"12/08/2021","19.90","21.74","23.11","19.85","","-9.09%"
"12/07/2021","21.89","24.58","24.69","21.58","","-19.46%"
"12/06/2021","27.18","28.99","30.82","26.75","","-11.38%"
"12/03/2021","30.67","26.95","35.32","25.89","","9.73%"
"12/02/2021","27.95","29.44","30.68","27.15","","-10.19%"
"12/01/2021","31.12","24.92","32.61","22.38","","14.45%"
"11/30/2021","27.19","26.23","28.56","23.71","","18.42%"
"11/29/2021","22.96","25.31","25.69","21.71","","-19.78%"
"11/26/2021","28.62","26.62","28.99","23.88","","54.04%"
"11/25/2021","18.58","18.58","18.58","18.58","","0.00%"
"11/24/2021","18.58","19.17","20.96","18.52","","-4.13%"
"11/23/2021","19.38","20.24","20.91","19.03","","1.10%"
"11/22/2021","19.17","18.20","19.59","17.35","","7.04%"
"11/19/2021","17.91","17.36","19.01","17.23","","1.82%"
"11/18/2021","17.59","16.81","18.15","16.38","","2.81%"
"11/17/2021","17.11","16.36","17.19","16.28","","4.52%"
"11/16/2021","16.37","16.86","17.08","16.03","","-0.73%"
"11/15/2021","16.49","17.03","17.46","16.49","","1.23%"
"11/12/2021","16.29","17.49","17.69","16.15","","-7.76%"
"11/11/2021","17.66","18.34","18.39","17.27","","-5.71%"
"11/10/2021","18.73","17.74","19.90","17.22","","5.34%"
"11/09/2021","17.78","17.43","18.57","17.21","","3.25%"
"11/08/2021","17.22","17.23","17.69","16.44","","4.49%"
"11/05/2021","16.48","15.59","17.02","14.95","","6.74%"
"11/04/2021","15.44","15.06","16.14","14.73","","2.25%"
"11/03/2021","15.10","16.11","16.39","14.90","","-5.80%"
"11/02/2021","16.03","16.54","16.65","15.89","","-2.32%"
"11/01/2021","16.41","16.85","17.70","16.32","","0.92%"
"10/29/2021","16.26","17.40","18.06","16.13","","-1.63%"
"10/28/2021","16.53","17.06","17.16","16.23","","-2.65%"
"10/27/2021","16.98","15.79","17.29","15.54","","6.26%"
"10/26/2021","15.98","15.02","16.71","14.90","","4.86%"
"10/25/2021","15.24","16.14","16.33","15.10","","-1.23%"
"10/22/2021","15.43","15.35","16.39","14.84","","2.80%"
"10/21/2021","15.01","16.06","16.11","14.92","","-3.10%"
"10/20/2021","15.49","15.82","15.89","15.29","","-1.34%"
"10/19/2021","15.70","16.09","16.31","15.57","","-3.74%"
"10/18/2021","16.31","17.29","17.93","16.27","","0.06%"
"10/15/2021","16.30","16.64","16.85","15.72","","-3.32%"
"10/14/2021","16.86","18.01","18.08","16.80","","-9.55%"
"10/13/2021","18.64","20.14","20.23","18.44","","-6.10%"
"10/12/2021","19.85","20.62","20.81","18.97","","-0.75%"
"10/11/2021","20.00","19.93","20.45","18.11","","6.55%"
"10/08/2021","18.77","19.46","19.94","18.20","","-3.94%"
"10/07/2021","19.54","20.54","20.76","19.07","","-6.95%"
"10/06/2021","21.00","22.95","24.40","20.99","","-1.41%"
"10/05/2021","21.30","22.92","23.17","20.62","","-7.23%"
"10/04/2021","22.96","22.90","24.58","21.88","","8.56%"
"10/01/2021","21.15","24.78","24.89","20.64","","-8.60%"
"09/30/2021","23.14","21.48","24.71","20.60","","2.57%"
"09/29/2021","22.56","22.07","23.79","21.45","","-2.97%"
"09/28/2021","23.25","19.74","24.82","19.71","","23.93%"
"09/27/2021","18.76","17.78","19.32","17.74","","5.69%"
"09/24/2021","17.75","19.33","20.41","17.63","","-4.72%"
"09/23/2021","18.63","19.91","20.21","18.42","","-10.73%"
"09/22/2021","20.87","22.72","23.40","20.75","","-14.33%"
"09/21/2021","24.36","23.41","25.60","21.71","","-5.25%"
"09/20/2021","25.71","24.25","28.79","23.90","","23.55%"
"09/17/2021","20.81","18.37","21.51","18.35","","11.34%"
"09/16/2021","18.69","18.41","19.76","17.65","","2.81%"
"09/15/2021","18.18","19.30","20.27","18.01","","-6.58%"
"09/14/2021","19.46","19.58","20.47","18.39","","0.46%"
"09/13/2021","19.37","19.64","21.18","18.76","","-7.54%"
"09/10/2021","20.95","17.94","21.13","16.99","","11.44%"
"09/09/2021","18.80","19.44","19.54","17.17","","4.68%"
"09/08/2021","17.96","18.97","19.64","17.78","","-0.99%"
"09/07/2021","18.14","16.94","18.39","16.89","","10.54%"
"09/03/2021","16.41","16.27","17.06","16.08","","0.00%"
"09/02/2021","16.41","16.27","16.98","15.73","","1.86%"
"09/01/2021","16.11","16.06","16.71","15.68","","-2.25%"
"08/31/2021","16.48","15.98","17.07","15.91","","1.79%"
"08/30/2021","16.19","16.77","16.80","15.98","","-1.22%"
"08/27/2021","16.39","17.95","18.22","16.11","","-13.00%"
"08/26/2021","18.84","17.46","19.27","17.16","","12.21%"
"08/25/2021","16.79","17.42","17.50","16.46","","-2.50%"
"08/24/2021","17.22","16.96","17.51","16.94","","0.41%"
"08/23/2021","17.15","18.83","18.95","16.95","","-7.60%"
"08/20/2021","18.56","22.74","23.90","18.18","","-14.35%"
"08/19/2021","21.67","23.12","24.74","20.37","","0.46%"
"08/18/2021","21.57","17.56","21.64","17.31","","20.44%"
"08/17/2021","17.91","17.31","19.56","16.71","","11.10%"
"08/16/2021","16.12","17.05","17.71","16.02","","4.34%"
"08/13/2021","15.45","15.68","15.72","15.19","","-0.90%"
"08/12/2021","15.59","16.33","16.42","15.49","","-2.93%"
"08/11/2021","16.06","16.81","17.09","15.87","","-4.35%"
"08/10/2021","16.79","16.82","17.05","16.34","","0.42%"
"08/09/2021","16.72","17.12","17.39","16.59","","3.53%"
"08/06/2021","16.15","17.46","17.50","16.14","","-6.54%"
"08/05/2021","17.28","17.73","17.84","17.23","","-3.84%"
"08/04/2021","17.97","18.23","18.90","17.67","","-0.39%"
"08/03/2021","18.04","19.17","20.44","17.70","","-7.30%"
"08/02/2021","19.46","18.16","19.87","17.99","","6.69%"
"07/30/2021","18.24","19.69","19.72","17.53","","3.05%"
"07/29/2021","17.70","17.91","18.01","17.19","","-3.33%"
"07/28/2021","18.31","19.41","19.62","17.52","","-5.42%"
"07/27/2021","19.36","18.62","20.44","18.25","","10.13%"
"07/26/2021","17.58","18.67","19.39","17.53","","2.21%"
"07/23/2021","17.20","16.98","17.48","16.33","","-2.77%"
"07/22/2021","17.69","17.59","18.45","17.40","","-1.23%"
"07/21/2021","17.91","19.73","19.82","17.81","","-9.22%"
"07/20/2021","19.73","20.89","22.97","19.37","","-12.31%"
"07/19/2021","22.50","19.61","25.09","19.27","","21.95%"
"07/16/2021","18.45","16.80","18.70","16.03","","8.47%"
"07/15/2021","17.01","16.70","18.09","16.56","","4.16%"
"07/14/2021","16.33","17.34","17.51","15.95","","-4.61%"
"07/13/2021","17.12","16.39","17.23","15.94","","5.88%"
"07/12/2021","16.17","16.85","17.52","16.14","","-0.06%"
"07/09/2021","16.18","17.88","18.13","16.08","","-14.84%"
"07/08/2021","19.00","17.74","21.29","17.74","","17.28%"
"07/07/2021","16.20","16.43","17.64","16.08","","-1.46%"
"07/06/2021","16.44","15.77","17.94","15.73","","9.09%"
"07/02/2021","15.07","15.53","15.54","14.25","","-2.65%"
"07/01/2021","15.48","15.62","16.01","15.31","","-2.21%"
"06/30/2021","15.83","16.18","17.31","15.58","","-1.19%"
"06/29/2021","16.02","15.69","16.31","14.10","","1.65%"
"06/28/2021","15.76","16.07","16.46","15.39","","0.90%"
"06/25/2021","15.62","16.04","16.17","15.21","","-2.19%"
"06/24/2021","15.97","15.99","16.05","14.19","","-2.14%"
"06/23/2021","16.32","16.25","16.84","14.86","","-2.04%"
"06/22/2021","16.66","17.91","18.32","15.76","","-6.88%"
"06/21/2021","17.89","21.74","21.82","17.81","","-13.57%"
"06/18/2021","20.70","16.96","21.04","16.92","","16.62%"
"06/17/2021","17.75","18.49","19.22","16.71","","-2.20%"
"06/16/2021","18.15","16.99","19.11","16.42","","6.64%"
"06/15/2021","17.02","16.27","17.35","16.14","","3.84%"
"06/14/2021","16.39","16.04","17.04","15.04","","4.73%"
"06/11/2021","15.65","16.18","16.20","15.15","","-2.80%"
"06/10/2021","16.10","18.18","18.29","16.01","","-10.01%"
"06/09/2021","17.89","17.18","17.96","15.55","","4.80%"
"06/08/2021","17.07","16.58","17.75","15.15","","3.96%"
"06/07/2021","16.42","17.34","17.35","15.78","","0.00%"
"06/04/2021","16.42","18.09","18.42","16.18","","-8.98%"
"06/03/2021","18.04","17.73","19.27","17.45","","3.20%"
"06/02/2021","17.48","17.86","18.31","16.74","","-2.35%"
"06/01/2021","17.90","17.24","18.53","15.68","","6.80%"
"05/28/2021","16.76","16.80","16.86","15.90","","0.12%"
"05/27/2021","16.74","18.03","18.17","16.52","","-3.57%"
"05/26/2021","17.36","18.37","18.92","17.35","","-7.86%"
"05/25/2021","18.84","18.35","19.29","16.87","","2.39%"
"05/24/2021","18.40","20.50","20.51","18.38","","-8.68%"
"05/21/2021","20.15","20.42","20.89","19.53","","-2.52%"
"05/20/2021","20.67","22.33","23.50","20.19","","-6.81%"
"05/19/2021","22.18","22.46","25.96","21.88","","3.94%"
"05/18/2021","21.34","18.89","21.45","18.81","","8.22%"
"05/17/2021","19.72","19.89","21.58","19.67","","4.84%"
"05/14/2021","18.81","21.77","22.10","18.66","","-18.68%"
"05/13/2021","23.13","26.03","28.93","22.23","","-16.17%"
"05/12/2021","27.59","22.42","28.38","21.66","","26.33%"
"05/11/2021","21.84","21.17","23.73","20.71","","11.09%"
"05/10/2021","19.66","17.34","19.75","17.07","","17.80%"
"05/07/2021","16.69","18.45","18.57","16.68","","-9.24%"
"05/06/2021","18.39","18.41","20.60","18.21","","-3.97%"
"05/05/2021","19.15","18.84","19.58","17.89","","-1.69%"
"05/04/2021","19.48","18.16","21.85","18.11","","6.39%"
"05/03/2021","18.31","18.65","19.12","17.80","","-1.61%"
"04/30/2021","18.61","17.67","19.25","17.64","","5.68%"
"04/29/2021","17.61","16.88","18.87","16.77","","1.91%"
"04/28/2021","17.28","17.47","17.84","16.67","","-1.59%"
"04/27/2021","17.56","17.62","18.16","16.97","","-0.45%"
"04/26/2021","17.64","17.94","18.17","16.87","","1.79%"
"04/23/2021","17.33","18.56","18.78","16.80","","-7.38%"
"04/22/2021","18.71","17.28","19.90","16.99","","6.91%"
"04/21/2021","17.50","18.48","19.29","16.91","","-6.32%"
"04/20/2021","18.68","17.36","19.70","17.24","","8.04%"
"04/19/2021","17.29","17.04","18.61","16.78","","6.40%"
"04/16/2021","16.25","16.65","16.88","16.05","","-1.93%"
"04/15/2021","16.57","16.78","16.92","15.94","","-2.47%"
"04/14/2021","16.99","16.71","17.69","15.38","","2.04%"
"04/13/2021","16.65","16.99","17.86","16.43","","-1.54%"
"04/12/2021","16.91","17.43","17.91","16.81","","1.32%"
"04/09/2021","16.69","17.05","17.34","16.20","","-1.53%"
"04/08/2021","16.95","16.92","17.36","16.55","","-1.22%"
"04/07/2021","17.16","17.99","18.17","16.87","","-5.30%"
"04/06/2021","18.12","18.07","18.30","17.37","","1.17%"
"04/05/2021","17.91","18.16","18.40","17.35","","3.35%"
"04/02/2021","17.33","17.33","17.33","17.33","","0.00%"
"04/01/2021","17.33","18.60","18.64","17.29","","-10.67%"
"03/31/2021","19.40","19.80","20.11","18.85","","-1.07%"
"03/30/2021","19.61","20.76","21.75","19.47","","-5.45%"
"03/29/2021","20.74","20.40","21.60","19.42","","9.97%"
"03/26/2021","18.86","19.32","21.49","18.68","","-4.80%"
"03/25/2021","19.81","20.80","23.55","19.81","","-6.56%"
"03/24/2021","21.20","20.64","21.49","19.30","","4.43%"
"03/23/2021","20.30","19.46","21.58","18.80","","7.52%"
"03/22/2021","18.88","21.91","22.29","18.87","","-9.88%"
"03/19/2021","20.95","21.43","23.17","19.90","","-2.92%"
"03/18/2021","21.58","18.95","22.60","18.95","","12.22%"
"03/17/2021","19.23","20.10","20.95","19.18","","-2.83%"
"03/16/2021","19.79","20.14","20.31","19.33","","-1.20%"
"03/15/2021","20.03","21.84","21.86","19.87","","-3.19%"
"03/12/2021","20.69","22.57","22.99","20.63","","-5.57%"
"03/11/2021","21.91","22.50","22.50","21.45","","-2.88%"
"03/10/2021","22.56","23.76","23.87","22.38","","-6.12%"
"03/09/2021","24.03","25.11","25.25","22.90","","-5.65%"
"03/08/2021","25.47","27.61","28.39","24.07","","3.28%"
"03/05/2021","24.66","29.48","30.03","24.33","","-13.69%"
"03/04/2021","28.57","26.52","31.90","24.93","","7.12%"
"03/03/2021","26.67","22.80","26.79","22.45","","10.66%"
"03/02/2021","24.10","23.58","24.60","22.80","","3.21%"
"03/01/2021","23.35","25.20","25.39","23.17","","-16.46%"
"02/26/2021","27.95","28.73","30.82","25.23","","-3.25%"
"02/25/2021","28.89","21.73","31.16","21.52","","35.38%"
"02/24/2021","21.34","23.76","25.04","21.31","","-7.66%"
"02/23/2021","23.11","22.82","27.01","22.50","","-1.45%"
"02/22/2021","23.45","24.46","25.09","21.96","","6.35%"
"02/19/2021","22.05","23.10","23.19","20.84","","-1.96%"
"02/18/2021","22.49","21.98","24.23","21.80","","4.60%"
"02/17/2021","21.50","22.02","23.44","21.09","","0.19%"
"02/16/2021","21.46","21.13","22.46","20.88","","7.46%"
"02/12/2021","19.97","21.60","22.45","19.95","","-6.02%"
"02/11/2021","21.25","22.09","23.25","21.11","","-3.37%"
"02/10/2021","21.99","21.64","23.85","19.69","","1.66%"
"02/09/2021","21.63","21.57","22.26","20.65","","1.84%"
"02/08/2021","21.24","21.89","22.07","21.23","","1.77%"
"02/05/2021","20.87","21.99","22.16","20.86","","-4.13%"
"02/04/2021","21.77","23.44","23.44","21.68","","-4.98%"
"02/03/2021","22.91","24.59","25.43","22.91","","-10.37%"
"02/02/2021","25.56","28.01","28.08","25.31","","-15.48%"
"02/01/2021","30.24","31.45","33.96","29.03","","-8.61%"
"01/29/2021","33.09","35.16","37.51","29.24","","9.53%"
"01/28/2021","30.21","33.25","36.29","27.39","","-18.81%"
"01/27/2021","37.21","23.82","37.21","23.71","","61.64%"
"01/26/2021","23.02","23.91","23.94","22.55","","-0.73%"
"01/25/2021","23.19","22.31","26.63","22.20","","5.84%"
"01/22/2021","21.91","22.24","23.73","21.27","","2.77%"
"01/21/2021","21.32","21.34","22.22","21.09","","-1.20%"
"01/20/2021","21.58","22.82","22.86","21.37","","-7.14%"
"01/19/2021","23.24","23.03","23.56","22.53","","-4.52%"
"01/15/2021","24.34","23.52","25.80","23.08","","4.69%"
"01/14/2021","23.25","22.22","23.47","21.66","","4.68%"
"01/13/2021","22.21","23.07","24.18","21.92","","-4.80%"
"01/12/2021","23.33","23.49","25.15","22.83","","-3.11%"
"01/11/2021","24.08","23.31","24.81","23.23","","11.69%"
"01/08/2021","21.56","22.43","23.34","21.42","","-3.62%"
"01/07/2021","22.37","23.67","23.91","22.25","","-10.77%"
"01/06/2021","25.07","25.48","26.77","22.14","","-1.07%"
"01/05/2021","25.34","26.94","28.60","24.80","","-6.04%"
"01/04/2021","26.97","23.04","29.19","22.56","","18.55%"
"12/31/2020","22.75","22.99","23.25","21.24","","-0.09%"
"12/30/2020","22.77","22.58","23.15","22.41","","-1.34%"
"12/29/2020","23.08","21.61","23.72","20.99","","6.36%"
"12/28/2020","21.70","22.11","22.12","21.15","","0.79%"
"12/25/2020","21.53","21.53","21.53","21.53","","0.00%"
"12/24/2020","21.53","22.47","22.83","21.39","","-7.64%"
"12/23/2020","23.31","23.49","23.68","22.13","","-3.80%"
"12/22/2020","24.23","25.24","25.56","23.53","","-3.70%"
"12/21/2020","25.16","24.25","31.46","24.23","","16.64%"
"12/18/2020","21.57","22.15","23.77","21.57","","-1.64%"
"12/17/2020","21.93","21.98","22.27","21.52","","-2.53%"
"12/16/2020","22.50","22.51","23.67","22.29","","-1.70%"
"12/15/2020","22.89","24.00","24.07","22.73","","-7.40%"
"12/14/2020","24.72","22.67","24.82","21.95","","6.05%"
"12/11/2020","23.31","22.49","25.14","22.48","","3.51%"
"12/10/2020","22.52","22.12","23.46","21.53","","1.12%"
"12/09/2020","22.27","20.66","22.93","20.10","","7.69%"
"12/08/2020","20.68","21.65","22.25","20.52","","-2.91%"
"12/07/2020","21.30","22.04","22.62","21.17","","2.45%"
"12/04/2020","20.79","21.05","21.15","19.97","","-2.30%"
"12/03/2020","21.28","21.24","21.88","20.72","","0.52%"
"12/02/2020","21.17","21.00","21.25","20.04","","1.93%"
"12/01/2020","20.77","20.21","20.92","20.00","","0.97%"
"11/30/2020","20.57","22.64","22.89","20.48","","-1.30%"
"11/27/2020","20.84","21.52","21.60","19.51","","-1.93%"
"11/26/2020","21.25","21.25","21.25","21.25","","0.00%"
"11/25/2020","21.25","21.65","22.50","21.13","","-1.80%"
"11/24/2020","21.64","22.04","22.48","20.80","","-4.50%"
"11/23/2020","22.66","23.66","23.96","22.45","","-4.39%"
"11/20/2020","23.70","23.43","23.73","22.13","","2.55%"
"11/19/2020","23.11","23.62","24.52","22.56","","-3.06%"
"11/18/2020","23.84","22.86","23.92","21.66","","4.98%"
"11/17/2020","22.71","22.84","24.09","22.34","","1.16%"
"11/16/2020","22.45","23.66","24.08","22.43","","-2.81%"
"11/13/2020","23.10","24.94","25.03","22.74","","-8.88%"
"11/12/2020","25.35","24.39","27.27","23.53","","8.10%"
"11/11/2020","23.45","25.01","25.12","22.57","","-5.44%"
"11/10/2020","24.80","25.36","26.77","24.35","","-3.69%"
"11/09/2020","25.75","24.80","25.82","22.41","","3.58%"
"11/06/2020","24.86","27.87","29.44","24.56","","-9.86%"
"11/05/2020","27.58","27.56","28.14","26.04","","-6.73%"
"11/04/2020","29.57","36.79","36.85","28.03","","-16.82%"
"11/03/2020","35.55","36.44","36.44","34.19","","-4.26%"
"11/02/2020","37.13","38.57","38.78","36.13","","-2.34%"
"10/30/2020","38.02","40.81","41.09","36.50","","1.14%"
"10/29/2020","37.59","38.80","41.16","35.63","","-6.68%"
"10/28/2020","40.28","34.69","40.77","34.68","","20.78%"
"10/27/2020","33.35","32.04","33.77","31.85","","2.74%"
"10/26/2020","32.46","29.38","33.68","29.22","","17.82%"
"10/23/2020","27.55","28.47","28.67","27.26","","-1.99%"
"10/22/2020","28.11","30.10","30.12","27.68","","-1.88%"
"10/21/2020","28.65","29.12","30.55","28.37","","-2.39%"
"10/20/2020","29.35","28.81","29.60","28.29","","0.58%"
"10/19/2020","29.18","27.36","29.69","27.04","","6.46%"
"10/16/2020","27.41","27.16","27.46","26.19","","1.63%"
"10/15/2020","26.97","27.10","29.06","26.82","","2.16%"
"10/14/2020","26.40","25.72","27.23","25.53","","1.27%"
"10/13/2020","26.07","25.67","26.93","25.16","","3.99%"
"10/12/2020","25.07","25.65","25.65","24.14","","0.28%"
"10/09/2020","25.00","26.20","26.22","24.03","","-5.16%"
"10/08/2020","26.36","27.65","27.99","24.88","","-6.06%"
"10/07/2020","28.06","29.26","29.76","27.94","","-4.82%"
"10/06/2020","29.48","28.05","30.00","26.01","","5.44%"
"10/05/2020","27.96","29.52","29.69","27.27","","1.19%"
"10/02/2020","27.63","28.87","29.90","26.93","","3.48%"
"10/01/2020","26.70","25.78","27.11","25.33","","1.25%"
"09/30/2020","26.37","26.69","27.12","25.06","","0.38%"
"09/29/2020","26.27","26.81","27.43","25.98","","0.31%"
"09/28/2020","26.19","27.15","27.19","24.90","","-0.72%"
"09/25/2020","26.38","28.17","30.43","26.02","","-7.47%"
"09/24/2020","28.51","29.54","30.49","27.94","","-0.24%"
"09/23/2020","28.58","27.02","29.73","25.19","","6.40%"
"09/22/2020","26.86","28.61","28.78","26.48","","-3.31%"
"09/21/2020","27.78","28.04","31.18","27.39","","7.55%"
"09/18/2020","25.83","26.65","28.10","25.28","","-2.38%"
"09/17/2020","26.46","28.22","28.92","26.26","","1.61%"
"09/16/2020","26.04","25.31","26.59","24.84","","1.76%"
"09/15/2020","25.59","25.92","26.00","24.92","","-1.01%"
"09/14/2020","25.85","25.86","26.79","25.38","","-3.80%"
"09/11/2020","26.87","28.63","29.73","26.51","","-9.56%"
"09/10/2020","29.71","28.67","30.56","27.59","","3.12%"
"09/09/2020","28.81","31.68","31.78","28.12","","-8.42%"
"09/08/2020","31.46","30.61","35.93","30.52","","2.31%"
"09/04/2020","30.75","34.62","38.28","29.50","","-8.48%"
"09/03/2020","33.60","26.28","35.94","25.66","","26.46%"
"09/02/2020","26.57","26.01","27.07","25.53","","1.72%"
"09/01/2020","26.12","25.86","26.59","25.02","","-1.10%"
"08/31/2020","26.41","23.91","26.50","21.77","","15.03%"
"08/28/2020","22.96","24.59","26.30","22.64","","-6.17%"
"08/27/2020","24.47","23.42","27.09","21.44","","5.16%"
"08/26/2020","23.27","22.14","23.27","20.92","","5.63%"
"08/25/2020","22.03","22.16","23.43","21.53","","-1.52%"
"08/24/2020","22.37","22.87","23.18","21.25","","-0.75%"
"08/21/2020","22.54","22.58","24.47","22.06","","-0.79%"
"08/20/2020","22.72","24.10","24.60","22.37","","0.80%"
"08/19/2020","22.54","21.60","22.98","20.99","","4.79%"
"08/18/2020","21.51","21.69","22.55","21.18","","0.75%"
"08/17/2020","21.35","22.52","22.82","21.34","","-3.17%"
"08/14/2020","22.05","22.27","23.55","21.79","","-0.36%"
"08/13/2020","22.13","22.20","22.92","21.45","","-0.67%"
"08/12/2020","22.28","22.82","22.88","21.54","","-7.28%"
"08/11/2020","24.03","21.85","24.93","20.28","","8.59%"
"08/10/2020","22.13","22.88","23.52","21.46","","-0.36%"
"08/07/2020","22.21","23.45","24.02","22.02","","-1.94%"
"08/06/2020","22.65","23.03","24.11","20.97","","-1.48%"
"08/05/2020","22.99","23.44","23.61","22.86","","-3.24%"
"08/04/2020","23.76","24.01","24.76","22.92","","-2.14%"
"08/03/2020","24.28","25.75","26.01","22.17","","-0.74%"
"07/31/2020","24.46","24.79","26.41","23.55","","-1.21%"
"07/30/2020","24.76","25.04","28.29","24.64","","2.74%"
"07/29/2020","24.10","25.16","25.42","23.73","","-5.27%"
"07/28/2020","25.44","24.86","25.85","24.05","","2.83%"
"07/27/2020","24.74","26.60","26.94","24.55","","-4.26%"
"07/24/2020","25.84","27.96","28.58","25.53","","-0.92%"
"07/23/2020","26.08","23.97","26.95","23.60","","7.24%"
"07/22/2020","24.32","24.56","26.26","24.13","","-2.09%"
"07/21/2020","24.84","24.08","25.65","23.61","","1.55%"
"07/20/2020","24.46","26.94","27.08","24.35","","-4.75%"
"07/17/2020","25.68","27.15","27.54","25.41","","-8.29%"
"07/16/2020","28.00","28.41","29.29","26.98","","0.86%"
"07/15/2020","27.76","29.15","30.09","27.17","","-5.96%"
"07/14/2020","29.52","31.14","33.67","29.21","","-8.29%"
"07/13/2020","32.19","27.85","32.45","26.87","","17.96%"
"07/10/2020","27.29","30.86","30.91","27.13","","-6.73%"
"07/09/2020","29.26","28.18","31.48","26.11","","4.20%"
"07/08/2020","28.08","28.95","30.20","27.24","","-4.59%"
"07/07/2020","29.43","28.77","29.63","27.25","","5.33%"
"07/06/2020","27.94","27.76","28.33","24.92","","0.94%"
"07/03/2020","27.68","27.68","27.68","27.68","","0.00%"
"07/02/2020","27.68","28.33","28.44","25.90","","-3.28%"
"07/01/2020","28.62","30.96","31.76","28.20","","-5.95%"
"06/30/2020","30.43","32.54","32.94","29.56","","-4.25%"
"06/29/2020","31.78","35.05","36.31","31.78","","-8.49%"
"06/26/2020","34.73","33.01","36.25","31.04","","7.79%"
"06/25/2020","32.22","36.59","36.93","31.59","","-4.79%"
"06/24/2020","33.84","31.05","37.12","30.95","","7.87%"
"06/23/2020","31.37","31.71","31.71","29.26","","-1.26%"
"06/22/2020","31.77","35.22","35.39","31.64","","-9.54%"
"06/19/2020","35.12","32.07","35.12","30.40","","6.62%"
"06/18/2020","32.94","33.83","36.25","32.24","","-1.58%"
"06/17/2020","33.47","33.28","35.17","32.25","","-0.59%"
"06/16/2020","33.67","34.28","37.45","31.73","","-2.12%"
"06/15/2020","34.40","44.09","44.44","34.28","","-4.68%"
"06/12/2020","36.09","37.68","44.16","34.97","","-11.52%"
"06/11/2020","40.79","30.45","42.58","29.49","","47.95%"
"06/10/2020","27.57","26.73","29.01","26.06","","0.00%"
"06/09/2020","27.57","25.93","27.70","25.71","","6.82%"
"06/08/2020","25.81","25.56","25.98","24.65","","5.26%"
"06/05/2020","24.52","24.79","25.09","23.54","","-5.00%"
"06/04/2020","25.81","26.23","26.43","24.38","","0.58%"
"06/03/2020","25.66","26.75","26.98","25.04","","-4.40%"
"06/02/2020","26.84","28.40","28.52","26.66","","-4.92%"
"06/01/2020","28.23","28.94","30.60","28.11","","2.62%"
"05/29/2020","27.51","29.30","30.16","27.29","","-3.78%"
"05/28/2020","28.59","27.82","29.89","27.43","","3.51%"
"05/27/2020","27.62","27.62","30.53","25.92","","-1.39%"
"05/26/2020","28.01","27.72","28.58","27.18","","-0.53%"
"05/22/2020","28.16","31.36","31.55","28.03","","-4.64%"
"05/21/2020","29.53","28.97","30.20","27.67","","5.50%"
"05/20/2020","27.99","29.52","29.83","27.83","","-8.32%"
"05/19/2020","30.53","28.73","30.74","28.37","","4.20%"
"05/18/2020","29.30","30.71","31.08","28.35","","-8.12%"
"05/15/2020","31.89","32.50","35.13","31.04","","-2.21%"
"05/14/2020","32.61","35.16","39.28","32.33","","-7.57%"
"05/13/2020","35.28","32.74","37.42","30.77","","6.78%"
"05/12/2020","33.04","28.47","33.04","26.00","","19.84%"
"05/11/2020","27.57","28.46","31.46","26.97","","-1.47%"
"05/08/2020","27.98","30.14","30.39","27.89","","-11.01%"
"05/07/2020","31.44","32.12","32.28","30.37","","-7.85%"
"05/06/2020","34.12","32.69","35.69","31.68","","1.52%"
"05/05/2020","33.61","34.82","36.22","31.95","","-6.56%"
"05/04/2020","35.97","39.13","40.32","35.53","","-3.28%"
"05/01/2020","37.19","38.17","39.57","36.59","","8.90%"
"04/30/2020","34.15","30.99","35.94","30.93","","9.35%"
"04/29/2020","31.23","32.48","33.19","30.71","","-6.97%"
"04/28/2020","33.57","33.21","35.39","30.54","","0.84%"
"04/27/2020","33.29","36.29","36.44","32.51","","-7.35%"
"04/24/2020","35.93","41.91","42.08","35.60","","-13.17%"
"04/23/2020","41.38","41.30","42.47","39.06","","-1.43%"
"04/22/2020","41.98","44.91","45.07","41.41","","-7.55%"
"04/21/2020","45.41","44.28","47.77","43.77","","3.60%"
"04/20/2020","43.83","40.68","43.83","39.88","","14.89%"
"04/17/2020","38.15","39.50","40.26","37.63","","-4.89%"
"04/16/2020","40.11","41.92","43.02","39.87","","-1.79%"
"04/15/2020","40.84","39.40","43.23","39.34","","8.16%"
"04/14/2020","37.76","40.24","40.57","37.31","","-8.28%"
"04/13/2020","41.17","44.60","45.04","41.17","","-1.20%"
"04/09/2020","41.67","43.00","45.73","41.39","","-3.88%"
"04/08/2020","43.35","45.90","47.28","42.53","","-7.17%"
"04/07/2020","46.70","44.83","47.51","43.51","","3.23%"
"04/06/2020","45.24","44.17","45.73","43.45","","-3.33%"
"04/03/2020","46.80","51.11","52.29","46.74","","-8.07%"
"04/02/2020","50.91","54.46","57.24","50.45","","-10.78%"
"04/01/2020","57.06","57.38","60.59","52.76","","6.57%"
"03/31/2020","53.54","56.69","58.75","50.88","","-6.20%"
"03/30/2020","57.08","66.30","67.69","56.60","","-12.91%"
"03/27/2020","65.54","64.95","69.10","61.80","","7.44%"
"03/26/2020","61.00","65.67","67.06","57.66","","-4.61%"
"03/25/2020","63.95","61.44","68.86","58.03","","3.70%"
"03/24/2020","61.67","58.76","61.88","36.24","","0.13%"
"03/23/2020","61.59","74.08","76.74","60.46","","-6.74%"
"03/20/2020","66.04","67.86","69.51","57.42","","-8.28%"
"03/19/2020","72.00","80.62","84.26","68.57","","-5.82%"
"03/18/2020","76.45","69.37","85.47","69.37","","0.71%"
"03/17/2020","75.91","82.69","84.83","70.37","","-8.20%"
"03/16/2020","82.69","57.83","83.56","57.83","","42.99%"
"03/13/2020","57.83","71.31","77.57","55.17","","-23.37%"
"03/12/2020","75.47","61.46","76.83","59.91","","40.02%"
"03/11/2020","53.90","52.24","55.82","49.98","","13.95%"
"03/10/2020","47.30","49.68","55.66","43.56","","-13.15%"
"03/09/2020","54.46","41.94","62.12","41.94","","29.85%"
"03/06/2020","41.94","41.46","54.39","40.84","","5.86%"
"03/05/2020","39.62","33.61","42.84","33.54","","23.85%"
"03/04/2020","31.99","34.44","35.58","30.30","","-13.12%"
"03/03/2020","36.82","33.64","41.06","24.93","","10.17%"
"03/02/2020","33.42","34.86","43.77","31.50","","-16.68%"
"02/28/2020","40.11","42.02","49.48","39.37","","2.43%"
"02/27/2020","39.16","28.95","39.31","27.79","","42.09%"
"02/26/2020","27.56","26.63","29.57","24.76","","-1.04%"
"02/25/2020","27.85","22.19","30.25","22.19","","11.27%"
"02/24/2020","25.03","22.25","26.35","22.00","","46.55%"
"02/21/2020","17.08","17.33","18.21","16.19","","9.77%"
"02/20/2020","15.56","14.54","17.21","14.49","","8.21%"
"02/19/2020","14.38","14.66","14.74","14.21","","-3.03%"
"02/18/2020","14.83","14.98","15.49","14.53","","8.41%"
"02/14/2020","13.68","14.12","14.54","13.38","","-3.32%"
"02/13/2020","14.15","14.43","15.44","14.00","","2.98%"
"02/12/2020","13.74","14.86","14.88","13.73","","-9.49%"
"02/11/2020","15.18","14.91","15.27","14.38","","0.93%"
"02/10/2020","15.04","15.88","16.43","15.01","","-2.78%"
"02/07/2020","15.47","15.07","16.16","14.81","","3.41%"
"02/06/2020","14.96","15.13","15.66","14.70","","-1.25%"
"02/05/2020","15.15","16.29","16.32","15.02","","-5.61%"
"02/04/2020","16.05","16.45","16.46","15.63","","-10.68%"
"02/03/2020","17.97","18.64","18.88","17.10","","-4.62%"
"01/31/2020","18.84","16.25","19.99","16.18","","21.63%"
"01/30/2020","15.49","17.82","18.39","15.30","","-5.49%"
"01/29/2020","16.39","15.68","16.65","14.94","","0.68%"
"01/28/2020","16.28","16.94","18.03","15.69","","-10.70%"
"01/27/2020","18.23","17.42","19.02","16.82","","25.21%"
"01/24/2020","14.56","12.75","15.98","12.62","","12.17%"
"01/23/2020","12.98","13.26","14.15","12.94","","0.54%"
"01/22/2020","12.91","12.45","13.01","12.31","","0.47%"
"01/21/2020","12.85","13.23","13.33","12.32","","6.20%"
"01/17/2020","12.10","12.21","12.48","11.75","","-1.79%"
"01/16/2020","12.32","12.20","12.42","11.78","","-0.81%"
"01/15/2020","12.42","12.79","12.83","11.95","","0.24%"
"01/14/2020","12.39","12.72","13.82","12.05","","0.57%"
"01/13/2020","12.32","12.84","13.09","12.32","","-1.91%"
"01/10/2020","12.56","12.42","12.87","12.09","","0.16%"
"01/09/2020","12.54","12.95","13.24","12.53","","-6.77%"
"01/08/2020","13.45","15.16","15.24","12.83","","-2.47%"
"01/07/2020","13.79","13.84","14.46","13.39","","-0.43%"
"01/06/2020","13.85","15.45","16.39","13.54","","-1.21%"
"01/03/2020","14.02","15.01","16.20","13.13","","12.43%"
"01/02/2020","12.47","13.46","13.72","12.42","","-9.51%"
"12/31/2019","13.78","14.84","15.39","13.75","","-7.02%"
"12/30/2019","14.82","13.74","15.14","13.44","","10.35%"
"12/27/2019","13.43","12.61","13.72","11.89","","6.17%"
"12/26/2019","12.65","12.74","12.75","11.72","","-0.16%"
"12/24/2019","12.67","12.65","12.84","12.56","","0.48%"
"12/23/2019","12.61","12.81","12.90","12.41","","0.80%"
"12/20/2019","12.51","12.55","12.61","12.04","","0.08%"
"12/19/2019","12.50","12.55","12.78","12.43","","-0.64%"
"12/18/2019","12.58","12.24","12.70","11.93","","2.36%"
"12/17/2019","12.29","12.23","12.47","11.90","","1.24%"
"12/16/2019","12.14","12.47","12.53","11.71","","-3.88%"
"12/13/2019","12.63","13.18","14.35","12.54","","-9.40%"
"12/12/2019","13.94","14.94","15.55","13.60","","-7.00%"
"12/11/2019","14.99","15.57","15.97","14.98","","-4.40%"
"12/10/2019","15.68","15.80","16.90","14.93","","-1.13%"
"12/09/2019","15.86","14.25","16.07","12.25","","16.45%"
"12/06/2019","13.62","14.37","14.47","13.19","","-6.20%"
"12/05/2019","14.52","14.46","15.37","14.17","","-1.89%"
"12/04/2019","14.80","16.38","16.40","14.12","","-7.27%"
"12/03/2019","15.96","14.68","17.99","14.61","","7.04%"
"12/02/2019","14.91","12.69","15.27","12.55","","18.15%"
"11/29/2019","12.62","12.50","12.83","12.12","","7.40%"
"11/27/2019","11.75","11.55","11.79","11.44","","1.82%"
"11/26/2019","11.54","11.88","12.04","11.42","","-2.78%"
"11/25/2019","11.87","12.51","12.59","11.73","","-3.81%"
"11/22/2019","12.34","12.82","13.25","12.33","","-6.02%"
"11/21/2019","13.13","13.35","13.86","12.49","","2.74%"
"11/20/2019","12.78","13.42","14.17","12.61","","-0.62%"
"11/19/2019","12.86","12.33","13.01","12.16","","3.21%"
"11/18/2019","12.46","12.39","13.10","12.32","","3.40%"
"11/15/2019","12.05","12.95","12.97","11.92","","-7.66%"
"11/14/2019","13.05","13.16","13.81","12.93","","0.38%"
"11/13/2019","13.00","12.91","13.90","12.88","","2.52%"
"11/12/2019","12.68","12.64","13.10","12.36","","-0.08%"
"11/11/2019","12.69","13.15","13.49","12.66","","5.14%"
"11/08/2019","12.07","12.98","13.05","12.00","","-5.18%"
"11/07/2019","12.73","12.59","12.89","12.26","","0.87%"
"11/06/2019","12.62","13.18","13.39","12.60","","-3.66%"
"11/05/2019","13.10","12.85","13.28","12.25","","2.10%"
"11/04/2019","12.83","12.68","13.13","12.44","","4.31%"
"11/01/2019","12.30","12.99","13.12","12.25","","-6.96%"
"10/31/2019","13.22","12.21","13.95","12.19","","7.22%"
"10/30/2019","12.33","13.23","13.77","12.27","","-6.59%"
"10/29/2019","13.20","13.16","13.52","13.07","","0.69%"
"10/28/2019","13.11","13.01","13.14","12.66","","3.64%"
"10/25/2019","12.65","13.53","13.79","12.62","","-7.73%"
"10/24/2019","13.71","13.98","14.34","13.40","","-2.14%"
"10/23/2019","14.01","14.83","15.12","14.01","","-3.11%"
"10/22/2019","14.46","13.99","14.61","13.70","","3.29%"
"10/21/2019","14.00","14.24","14.63","14.00","","-1.75%"
"10/18/2019","14.25","14.20","15.16","13.78","","3.34%"
"10/17/2019","13.79","13.79","14.18","13.31","","0.80%"
"10/16/2019","13.68","13.94","14.26","13.60","","1.03%"
"10/15/2019","13.54","13.94","14.43","13.39","","-7.07%"
"10/14/2019","14.57","15.66","16.50","14.51","","-6.48%"
"10/11/2019","15.58","17.35","17.44","15.11","","-11.33%"
"10/10/2019","17.57","19.28","19.80","17.56","","-5.74%"
"10/09/2019","18.64","19.94","20.00","17.77","","-8.09%"
"10/08/2019","20.28","17.61","20.38","17.42","","13.55%"
"10/07/2019","17.86","18.27","18.52","16.44","","4.81%"
"10/04/2019","17.04","19.42","19.97","16.97","","-10.88%"
"10/03/2019","19.12","20.11","21.44","19.03","","-7.00%"
"10/02/2019","20.56","18.75","21.46","18.75","","10.78%"
"10/01/2019","18.56","16.02","18.62","15.79","","14.29%"
"09/30/2019","16.24","17.23","17.35","16.20","","-5.69%"
"09/27/2019","17.22","15.77","18.69","15.15","","7.16%"
"09/26/2019","16.07","16.23","17.09","15.35","","0.69%"
"09/25/2019","15.96","17.05","18.45","15.69","","-6.39%"
"09/24/2019","17.05","14.77","17.62","14.33","","14.35%"
"09/23/2019","14.91","15.35","16.00","14.71","","-2.68%"
"09/20/2019","15.32","13.94","15.84","13.35","","9.04%"
"09/19/2019","14.05","14.66","14.66","13.31","","0.72%"
"09/18/2019","13.95","14.61","15.80","13.80","","-3.39%"
"09/17/2019","14.44","14.92","15.03","14.40","","-1.57%"
"09/16/2019","14.67","14.89","15.29","14.50","","6.77%"
"09/13/2019","13.74","14.16","14.31","13.51","","-3.38%"
"09/12/2019","14.22","14.69","14.94","13.85","","-2.67%"
"09/11/2019","14.61","15.33","15.52","14.55","","-3.88%"
"09/10/2019","15.20","15.53","16.52","15.11","","-0.46%"
"09/09/2019","15.27","15.26","16.13","14.95","","1.80%"
"09/06/2019","15.00","15.92","16.06","14.91","","-7.81%"
"09/05/2019","16.27","16.92","17.05","15.45","","-6.12%"
"09/04/2019","17.33","18.23","18.83","17.26","","-11.85%"
"09/03/2019","19.66","20.96","21.15","19.41","","3.58%"
"08/30/2019","18.98","17.94","19.18","17.09","","6.15%"
"08/29/2019","17.88","19.02","19.20","17.60","","-7.60%"
"08/28/2019","19.35","20.55","21.64","19.10","","-4.73%"
"08/27/2019","20.31","20.18","21.04","18.49","","5.12%"
"08/26/2019","19.32","20.34","21.33","19.06","","-2.77%"
"08/23/2019","19.87","16.15","21.07","16.04","","19.12%"
"08/22/2019","16.68","16.12","17.68","15.63","","5.57%"
"08/21/2019","15.80","17.01","17.04","15.51","","-9.71%"
"08/20/2019","17.50","16.78","17.70","16.45","","3.67%"
"08/19/2019","16.88","17.93","18.22","16.52","","-8.61%"
"08/16/2019","18.47","20.48","20.50","18.41","","-12.80%"
"08/15/2019","21.18","21.58","24.10","20.78","","-4.16%"
"08/14/2019","22.10","17.81","22.71","17.75","","26.14%"
"08/13/2019","17.52","21.28","21.64","17.52","","-16.93%"
"08/12/2019","21.09","17.87","21.26","17.77","","17.36%"
"08/09/2019","17.97","18.14","19.44","17.31","","6.27%"
"08/08/2019","16.91","19.36","19.89","16.82","","-13.24%"
"08/07/2019","19.49","20.70","23.67","18.94","","-3.37%"
"08/06/2019","20.17","22.29","22.87","19.77","","-17.97%"
"08/05/2019","24.59","19.96","24.81","19.91","","39.64%"
"08/02/2019","17.61","17.69","20.11","17.04","","-1.45%"
"08/01/2019","17.87","15.41","19.46","13.73","","10.86%"
"07/31/2019","16.12","13.83","16.55","13.46","","15.64%"
"07/30/2019","13.94","12.87","14.18","12.87","","8.65%"
"07/29/2019","12.83","12.15","13.17","12.15","","5.51%"
"07/26/2019","12.16","12.58","12.72","12.01","","-4.55%"
"07/25/2019","12.74","12.24","13.54","11.69","","5.55%"
"07/24/2019","12.07","12.80","13.10","11.98","","-4.28%"
"07/23/2019","12.61","13.42","13.52","12.55","","-6.80%"
"07/22/2019","13.53","14.55","14.70","13.42","","-6.37%"
"07/19/2019","14.45","13.31","14.45","13.09","","6.80%"
"07/18/2019","13.53","14.45","14.50","13.19","","-3.15%"
"07/17/2019","13.97","12.62","13.97","12.24","","8.63%"
"07/16/2019","12.86","12.61","13.14","12.28","","1.42%"
"07/15/2019","12.68","12.58","13.02","12.49","","2.34%"
"07/12/2019","12.39","12.76","12.82","12.28","","-4.18%"
"07/11/2019","12.93","13.01","13.33","12.39","","-0.77%"
"07/10/2019","13.03","14.38","14.69","12.98","","-7.52%"
"07/09/2019","14.09","14.47","14.71","13.99","","0.93%"
"07/08/2019","13.96","13.73","14.44","13.64","","5.12%"
"07/05/2019","13.28","13.00","14.47","12.04","","5.65%"
"07/03/2019","12.57","13.18","13.19","12.56","","-2.78%"
"07/02/2019","12.93","14.16","14.30","12.90","","-8.04%"
"07/01/2019","14.06","13.85","14.64","13.80","","-6.76%"
"06/28/2019","15.08","15.70","16.13","15.08","","-4.68%"
"06/27/2019","15.82","15.66","16.40","15.66","","-2.41%"
"06/26/2019","16.21","16.10","16.60","15.47","","-0.43%"
"06/25/2019","16.28","15.43","16.68","15.10","","6.68%"
"06/24/2019","15.26","15.46","15.56","15.23","","-0.91%"
"06/21/2019","15.40","14.74","15.48","14.42","","4.41%"
"06/20/2019","14.75","14.04","16.03","13.19","","2.93%"
"06/19/2019","14.33","15.05","15.71","14.15","","-5.41%"
"06/18/2019","15.15","14.89","15.54","14.62","","-1.30%"
"06/17/2019","15.35","15.65","15.76","15.24","","0.46%"
"06/14/2019","15.28","16.00","16.40","15.21","","-3.41%"
"06/13/2019","15.82","16.16","16.21","15.61","","-0.57%"
"06/12/2019","15.91","16.26","16.43","15.78","","-0.50%"
"06/11/2019","15.99","15.84","16.70","15.50","","0.31%"
"06/10/2019","15.94","16.30","16.47","15.84","","-2.21%"
"06/07/2019","16.30","15.65","16.44","15.33","","2.32%"
"06/06/2019","15.93","16.25","16.54","15.36","","-0.99%"
"06/05/2019","16.09","17.06","17.49","16.04","","-5.19%"
"06/04/2019","16.97","18.74","18.74","16.97","","-10.02%"
"06/03/2019","18.86","19.41","19.75","18.16","","0.80%"
"05/31/2019","18.71","19.05","19.72","18.01","","8.15%"
"05/30/2019","17.30","17.47","18.11","16.72","","-3.35%"
"05/29/2019","17.90","18.55","19.04","17.62","","2.29%"
"05/28/2019","17.50","16.55","17.70","15.90","","10.41%"
"05/24/2019","15.85","16.34","16.52","15.52","","-6.32%"
"05/23/2019","16.92","15.93","18.05","15.28","","14.71%"
"05/22/2019","14.75","15.06","15.44","14.42","","-1.34%"
"05/21/2019","14.95","15.86","16.22","14.79","","-8.34%"
"05/20/2019","16.31","15.88","17.63","15.46","","2.19%"
"05/17/2019","15.96","15.89","16.81","14.86","","4.38%"
"05/16/2019","15.29","16.69","17.13","15.16","","-7.00%"
"05/15/2019","16.44","17.57","19.15","16.41","","-8.97%"
"05/14/2019","18.06","19.40","19.65","17.45","","-12.12%"
"05/13/2019","20.55","18.62","21.32","18.35","","28.12%"
"05/10/2019","16.04","18.79","20.19","15.57","","-16.02%"
"05/09/2019","19.10","21.40","23.38","18.87","","-1.55%"
"05/08/2019","19.40","18.95","21.74","18.29","","0.41%"
"05/07/2019","19.32","15.90","21.84","15.80","","25.13%"
"05/06/2019","15.44","12.89","18.80","12.89","","19.97%"
"05/03/2019","12.87","14.11","14.15","12.80","","-10.75%"
"05/02/2019","14.42","14.35","15.92","13.80","","-2.57%"
"05/01/2019","14.80","12.86","14.83","12.74","","12.80%"
"04/30/2019","13.12","13.11","14.05","12.88","","0.08%"
"04/29/2019","13.11","13.04","13.27","12.65","","2.99%"
"04/26/2019","12.73","13.44","13.62","12.49","","-3.92%"
"04/25/2019","13.25","13.29","14.30","12.81","","0.84%"
"04/24/2019","13.14","12.53","13.23","12.26","","7.00%"
"04/23/2019","12.28","12.66","12.69","12.08","","-1.13%"
"04/22/2019","12.42","13.21","13.36","12.38","","2.73%"
"04/19/2019","12.09","12.09","12.09","12.09","","0.00%"
"04/18/2019","12.09","12.80","13.12","12.02","","-4.05%"
"04/17/2019","12.60","12.12","13.02","11.03","","3.45%"
"04/16/2019","12.18","12.26","12.47","11.85","","-1.14%"
"04/15/2019","12.32","12.46","13.14","12.24","","2.58%"
"04/12/2019","12.01","12.96","12.96","11.95","","-7.76%"
"04/11/2019","13.02","13.37","13.58","12.91","","-2.11%"
"04/10/2019","13.30","14.09","14.29","13.27","","-6.86%"
"04/09/2019","14.28","13.46","14.39","13.31","","8.35%"
"04/08/2019","13.18","13.55","13.77","13.10","","2.81%"
"04/05/2019","12.82","13.46","13.47","12.17","","-5.60%"
"04/04/2019","13.58","13.84","14.03","13.40","","-1.16%"
"04/03/2019","13.74","13.06","14.27","12.85","","2.84%"
"04/02/2019","13.36","13.62","13.68","13.13","","-0.30%"
"04/01/2019","13.40","13.90","14.01","13.32","","-2.26%"
"03/29/2019","13.71","14.19","14.43","13.64","","-4.99%"
"03/28/2019","14.43","15.38","15.62","14.41","","-4.75%"
"03/27/2019","15.15","14.52","16.71","14.51","","3.20%"
"03/26/2019","14.68","16.22","16.30","14.67","","-10.10%"
"03/25/2019","16.33","17.76","17.85","16.26","","-0.91%"
"03/22/2019","16.48","13.77","17.52","13.62","","20.91%"
"03/21/2019","13.63","14.11","14.56","13.26","","-2.01%"
"03/20/2019","13.91","13.54","14.30","13.05","","2.58%"
"03/19/2019","13.56","12.89","13.77","12.37","","3.51%"
"03/18/2019","13.10","13.13","13.80","13.00","","1.71%"
"03/15/2019","12.88","13.21","13.28","12.50","","-4.59%"
"03/14/2019","13.50","13.35","13.84","13.16","","0.67%"
"03/13/2019","13.41","14.00","14.05","13.25","","-2.61%"
"03/12/2019","13.77","13.97","14.70","13.61","","-3.91%"
"03/11/2019","14.33","16.28","16.43","14.33","","-10.72%"
"03/08/2019","16.05","17.38","18.33","16.02","","-3.25%"
"03/07/2019","16.59","16.33","17.81","15.54","","5.40%"
"03/06/2019","15.74","14.91","16.11","14.74","","6.78%"
"03/05/2019","14.74","14.52","15.39","14.26","","0.75%"
"03/04/2019","14.63","13.77","16.98","13.38","","7.81%"
"03/01/2019","13.57","14.57","14.84","13.41","","-8.19%"
"02/28/2019","14.78","15.17","15.24","14.39","","0.54%"
"02/27/2019","14.70","15.53","16.17","14.70","","-3.10%"
"02/26/2019","15.17","15.16","15.28","14.52","","2.15%"
"02/25/2019","14.85","13.91","14.90","13.44","","9.92%"
"02/22/2019","13.51","14.46","14.47","13.51","","-6.57%"
"02/21/2019","14.46","14.00","15.17","13.85","","3.14%"
"02/20/2019","14.02","14.92","15.19","13.99","","-5.78%"
"02/19/2019","14.88","15.65","16.16","14.64","","-0.20%"
"02/15/2019","14.91","16.82","16.82","14.79","","-8.08%"
"02/14/2019","16.22","15.61","17.27","15.30","","3.64%"
"02/13/2019","15.65","15.46","15.91","15.00","","1.43%"
"02/12/2019","15.43","15.23","15.65","14.95","","-3.38%"
"02/11/2019","15.97","16.17","16.50","15.34","","1.59%"
"02/08/2019","15.72","16.81","17.63","15.62","","-3.97%"
"02/07/2019","16.37","15.66","17.89","15.51","","6.44%"
"02/06/2019","15.38","15.44","15.87","15.09","","-1.22%"
"02/05/2019","15.57","15.79","15.94","15.04","","-1.02%"
"02/04/2019","15.73","16.72","16.73","15.60","","-2.54%"
"02/01/2019","16.14","16.63","16.83","16.08","","-2.60%"
"01/31/2019","16.57","17.39","17.72","16.54","","-6.17%"
"01/30/2019","17.66","19.15","19.31","17.54","","-7.68%"
"01/29/2019","19.13","19.45","19.93","18.42","","1.38%"
"01/28/2019","18.87","18.56","20.42","18.42","","8.32%"
"01/25/2019","17.42","18.43","18.46","17.31","","-7.78%"
"01/24/2019","18.89","19.69","20.25","18.63","","-3.23%"
"01/23/2019","19.52","20.85","22.02","19.47","","-6.15%"
"01/22/2019","20.80","18.53","21.15","18.20","","16.85%"
"01/18/2019","17.80","17.80","18.18","17.17","","-1.44%"
"01/17/2019","18.06","19.51","19.72","17.85","","-5.15%"
"01/16/2019","19.04","18.08","19.04","17.76","","2.37%"
"01/15/2019","18.60","18.53","19.20","17.98","","-2.46%"
"01/14/2019","19.07","19.84","20.27","18.70","","4.84%"
"01/11/2019","18.19","19.68","20.16","18.12","","-6.72%"
"01/10/2019","19.50","20.98","21.32","19.29","","-2.40%"
"01/09/2019","19.98","20.44","22.80","19.48","","-2.39%"
"01/08/2019","20.47","20.96","22.03","20.09","","-4.35%"
"01/07/2019","21.40","22.06","22.71","20.91","","0.09%"
"01/04/2019","21.38","24.36","24.48","21.19","","-15.99%"
"01/03/2019","25.45","25.68","26.60","24.05","","9.60%"
"01/02/2019","23.22","27.54","28.53","23.05","","-8.65%"
"12/31/2018","25.42","27.59","27.64","25.33","","-10.30%"
"12/28/2018","28.34","29.97","31.05","27.43","","-5.41%"
"12/27/2018","29.96","31.20","33.80","29.66","","-1.48%"
"12/26/2018","30.41","35.50","36.20","29.59","","-15.69%"
"12/24/2018","36.07","29.29","36.10","29.16","","19.79%"
"12/21/2018","30.11","28.24","31.35","25.71","","6.10%"
"12/20/2018","28.38","26.09","30.30","24.68","","10.95%"
"12/19/2018","25.58","25.15","26.64","22.50","","0.00%"
"12/18/2018","25.58","24.68","26.14","23.64","","4.32%"
"12/17/2018","24.52","22.36","25.88","21.97","","13.36%"
"12/14/2018","21.63","21.57","22.47","20.95","","4.75%"
"12/13/2018","20.65","21.00","21.57","20.34","","-3.77%"
"12/12/2018","21.46","21.91","21.91","20.50","","-1.38%"
"12/11/2018","21.76","22.96","23.60","21.39","","-3.89%"
"12/10/2018","22.64","23.95","25.94","22.50","","-2.54%"
"12/07/2018","23.23","22.42","24.71","19.90","","9.63%"
"12/06/2018","21.19","23.53","25.94","20.94","","2.17%"
"12/04/2018","20.74","16.84","21.94","16.26","","26.16%"
"12/03/2018","16.44","16.04","17.28","15.94","","-9.02%"
"11/30/2018","18.07","19.18","19.91","18.03","","-3.83%"
"11/29/2018","18.79","18.65","20.48","18.59","","1.62%"
"11/28/2018","18.49","18.87","19.38","18.18","","-2.79%"
"11/27/2018","19.02","19.41","19.93","18.70","","0.63%"
"11/26/2018","18.90","20.78","20.80","18.67","","-12.17%"
"11/23/2018","21.52","21.23","22.65","20.65","","3.46%"
"11/21/2018","20.80","21.66","22.31","20.11","","-7.47%"
"11/20/2018","22.48","20.76","23.81","20.37","","11.84%"
"11/19/2018","20.10","18.78","20.99","18.52","","10.80%"
"11/16/2018","18.14","20.04","21.36","18.10","","-9.21%"
"11/15/2018","19.98","20.41","22.97","19.94","","-5.98%"
"11/14/2018","21.25","20.52","22.36","19.30","","6.14%"
"11/13/2018","20.02","19.45","21.25","19.11","","-2.10%"
"11/12/2018","20.45","17.26","20.71","17.25","","17.80%"
"11/09/2018","17.36","16.87","18.41","16.84","","3.83%"
"11/08/2018","16.72","16.18","17.20","16.09","","2.20%"
"11/07/2018","16.36","18.03","18.05","16.33","","-17.83%"
"11/06/2018","19.91","19.84","20.60","19.69","","-0.25%"
"11/05/2018","19.96","20.58","20.87","19.64","","2.31%"
"11/02/2018","19.51","18.52","21.61","18.05","","0.88%"
"11/01/2018","19.34","20.96","21.21","19.03","","-8.90%"
"10/31/2018","21.23","22.72","22.80","20.39","","-9.08%"
"10/30/2018","23.35","23.94","25.55","23.11","","-5.47%"
"10/29/2018","24.70","24.48","27.86","22.01","","2.24%"
"10/26/2018","24.16","24.51","27.52","23.33","","-0.25%"
"10/25/2018","24.22","24.78","24.78","22.06","","-4.00%"
"10/24/2018","25.23","21.60","26.38","20.40","","21.83%"
"10/23/2018","20.71","22.18","24.66","20.18","","5.45%"
"10/22/2018","19.64","19.38","20.89","18.82","","-1.26%"
"10/19/2018","19.89","19.24","21.08","18.39","","-0.85%"
"10/18/2018","20.06","18.02","21.57","17.51","","15.29%"
"10/17/2018","17.40","17.06","19.55","17.06","","-1.25%"
"10/16/2018","17.62","20.28","20.56","17.55","","-17.28%"
"10/15/2018","21.30","21.97","22.89","19.47","","-0.05%"
"10/12/2018","21.31","21.63","26.80","20.88","","-14.69%"
"10/11/2018","24.98","23.07","28.84","20.65","","8.80%"
"10/10/2018","22.96","16.03","22.96","15.83","","43.95%"
"10/09/2018","15.95","16.12","17.49","15.27","","1.66%"
"10/08/2018","15.69","16.05","18.38","15.69","","5.87%"
"10/05/2018","14.82","14.29","17.36","11.72","","4.22%"
"10/04/2018","14.22","12.84","15.84","12.42","","22.48%"
"10/03/2018","11.61","11.66","12.14","11.34","","-3.65%"
"10/02/2018","12.05","12.47","12.69","11.61","","0.42%"
"10/01/2018","12.00","11.99","12.40","11.57","","-0.99%"
"09/28/2018","12.12","12.59","13.22","12.09","","-2.34%"
"09/27/2018","12.41","12.77","13.00","11.94","","-3.72%"
"09/26/2018","12.89","12.21","13.13","11.55","","3.78%"
"09/25/2018","12.42","12.28","12.60","11.80","","1.80%"
"09/24/2018","12.20","12.46","12.92","12.18","","4.45%"
"09/21/2018","11.68","11.76","12.03","11.10","","-1.02%"
"09/20/2018","11.80","11.82","11.96","11.31","","0.43%"
"09/19/2018","11.75","12.61","12.77","11.66","","-8.13%"
"09/18/2018","12.79","13.48","13.48","12.56","","-6.51%"
"09/17/2018","13.68","12.72","13.75","12.32","","13.34%"
"09/14/2018","12.07","12.13","13.15","11.93","","-2.43%"
"09/13/2018","12.37","12.91","12.91","12.30","","-5.86%"
"09/12/2018","13.14","13.07","13.86","12.91","","-0.61%"
"09/11/2018","13.22","13.96","14.92","13.21","","-6.64%"
"09/10/2018","14.16","15.09","15.20","13.93","","-4.84%"
"09/07/2018","14.88","14.72","15.63","14.31","","1.57%"
"09/06/2018","14.65","14.21","15.41","13.72","","5.32%"
"09/05/2018","13.91","13.69","14.30","13.23","","5.70%"
"09/04/2018","13.16","13.13","14.35","13.12","","2.33%"
"08/31/2018","12.86","13.54","14.03","12.82","","-4.95%"
"08/30/2018","13.53","12.25","13.95","12.24","","10.45%"
"08/29/2018","12.25","12.34","12.55","12.09","","-2.00%"
"08/28/2018","12.50","12.01","12.50","11.87","","2.80%"
"08/27/2018","12.16","12.37","12.48","12.02","","1.42%"
"08/24/2018","11.99","12.13","12.17","11.83","","-3.38%"
"08/23/2018","12.41","12.03","12.68","11.65","","1.31%"
"08/22/2018","12.25","13.09","13.29","11.97","","-4.74%"
"08/21/2018","12.86","12.47","12.89","12.09","","2.96%"
"08/20/2018","12.49","12.57","12.79","12.26","","-1.19%"
"08/17/2018","12.64","13.18","13.96","12.40","","-6.02%"
"08/16/2018","13.45","14.18","14.36","12.82","","-8.13%"
"08/15/2018","14.64","13.52","16.86","13.44","","9.99%"
"08/14/2018","13.31","13.93","14.22","13.11","","-9.95%"
"08/13/2018","14.78","14.50","15.02","12.95","","12.31%"
"08/10/2018","13.16","11.82","13.82","11.59","","16.77%"
"08/09/2018","11.27","10.94","11.31","10.17","","3.87%"
"08/08/2018","10.85","10.93","11.18","10.52","","-0.73%"
"08/07/2018","10.93","11.12","11.24","10.52","","-3.02%"
"08/06/2018","11.27","11.91","12.15","11.17","","-3.18%"
"08/03/2018","11.64","12.43","12.46","11.07","","-4.51%"
"08/02/2018","12.19","13.57","14.53","12.17","","-7.30%"
"08/01/2018","13.15","13.09","13.63","12.45","","2.49%"
"07/31/2018","12.83","13.98","14.12","12.81","","-10.03%"
"07/30/2018","14.26","13.63","14.46","12.98","","9.44%"
"07/27/2018","13.03","12.17","14.26","11.60","","7.33%"
"07/26/2018","12.14","12.45","12.53","11.78","","-1.22%"
"07/25/2018","12.29","12.37","12.82","11.80","","-0.97%"
"07/24/2018","12.41","12.61","13.21","11.66","","-1.66%"
"07/23/2018","12.62","13.47","13.55","12.58","","-1.87%"
"07/20/2018","12.86","13.00","13.58","12.49","","-0.08%"
"07/19/2018","12.87","12.20","13.09","11.79","","6.36%"
"07/18/2018","12.10","11.87","12.47","11.44","","0.33%"
"07/17/2018","12.06","12.91","13.18","11.85","","-6.00%"
"07/16/2018","12.83","12.46","12.97","12.13","","5.34%"
"07/13/2018","12.18","12.39","12.97","11.62","","-3.18%"
"07/12/2018","12.58","13.07","13.33","12.42","","-7.70%"
"07/11/2018","13.63","14.05","14.15","13.09","","7.83%"
"07/10/2018","12.64","12.52","13.21","11.93","","-0.39%"
"07/09/2018","12.69","13.42","13.45","12.60","","-5.09%"
"07/06/2018","13.37","14.99","15.45","13.34","","-10.69%"
"07/05/2018","14.97","15.62","16.22","14.47","","-7.25%"
"07/03/2018","16.14","15.37","16.45","14.68","","3.46%"
"07/02/2018","15.60","17.70","18.08","15.54","","-3.05%"
"06/29/2018","16.09","15.73","16.51","14.66","","-4.51%"
"06/28/2018","16.85","17.54","18.99","16.40","","-5.92%"
"06/27/2018","17.91","16.52","18.19","14.76","","12.50%"
"06/26/2018","15.92","16.71","17.54","15.10","","-8.14%"
"06/25/2018","17.33","15.07","19.61","14.56","","25.85%"
"06/22/2018","13.77","14.60","14.60","13.11","","-5.94%"
"06/21/2018","14.64","12.54","15.18","12.18","","14.46%"
"06/20/2018","12.79","12.90","13.02","12.25","","-4.19%"
"06/19/2018","13.35","14.61","14.68","13.21","","8.45%"
"06/18/2018","12.31","12.79","13.74","12.28","","2.75%"
"06/15/2018","11.98","12.19","13.16","11.93","","-1.16%"
"06/14/2018","12.12","12.98","13.07","11.88","","-6.34%"
"06/13/2018","12.94","12.13","12.95","11.98","","4.86%"
"06/12/2018","12.34","12.29","12.60","11.88","","-0.08%"
"06/11/2018","12.35","12.52","12.69","12.14","","1.40%"
"06/08/2018","12.18","12.54","13.31","12.09","","0.41%"
"06/07/2018","12.13","11.66","13.28","11.22","","4.21%"
"06/06/2018","11.64","12.10","12.56","11.62","","-6.13%"
"06/05/2018","12.40","12.91","13.34","12.30","","-2.67%"
"06/04/2018","12.74","13.91","13.91","12.69","","-5.35%"
"06/01/2018","13.46","14.92","14.93","13.37","","-12.77%"
"05/31/2018","15.43","14.93","16.29","14.20","","3.28%"
"05/30/2018","14.94","16.60","16.64","14.65","","-12.22%"
"05/29/2018","17.02","14.39","18.78","14.39","","28.74%"
"05/25/2018","13.22","12.44","13.52","12.29","","5.51%"
"05/24/2018","12.53","12.73","14.24","12.53","","-0.40%"
"05/23/2018","12.58","13.50","14.60","12.49","","-4.84%"
"05/22/2018","13.22","13.03","13.42","12.77","","1.07%"
"05/21/2018","13.08","13.44","13.59","12.78","","-2.53%"
"05/18/2018","13.42","13.18","13.87","13.06","","-0.07%"
"05/17/2018","13.43","13.54","13.86","12.65","","0.07%"
"05/16/2018","13.42","14.38","14.91","13.21","","-8.27%"
"05/15/2018","14.63","13.13","15.01","12.50","","13.15%"
"05/14/2018","12.93","12.95","13.28","12.81","","2.21%"
"05/11/2018","12.65","13.22","13.44","12.65","","-4.38%"
"05/10/2018","13.23","13.36","13.63","12.92","","-1.42%"
"05/09/2018","13.42","14.54","14.63","13.38","","-8.77%"
"05/08/2018","14.71","14.53","15.56","14.52","","-0.27%"
"05/07/2018","14.75","15.32","15.52","14.51","","-0.14%"
"05/04/2018","14.77","15.94","16.92","10.91","","-7.11%"
"05/03/2018","15.90","15.78","18.66","15.43","","-0.44%"
"05/02/2018","15.97","15.48","15.97","14.75","","3.10%"
"05/01/2018","15.49","15.78","16.82","15.42","","-2.76%"
"04/30/2018","15.93","15.39","16.35","15.13","","3.37%"
"04/27/2018","15.41","16.22","16.77","15.25","","-5.11%"
"04/26/2018","16.24","18.07","18.12","16.24","","-8.97%"
"04/25/2018","17.84","18.14","19.84","17.75","","-1.00%"
"04/24/2018","18.02","16.16","19.66","15.37","","10.28%"
"04/23/2018","16.34","17.29","17.56","15.79","","-3.20%"
"04/20/2018","16.88","16.16","17.50","15.19","","5.76%"
"04/19/2018","15.96","15.55","16.92","15.16","","2.31%"
"04/18/2018","15.60","15.30","16.90","14.95","","2.30%"
"04/17/2018","15.25","16.16","16.27","14.57","","-7.91%"
"04/16/2018","16.56","17.59","17.66","16.38","","-4.88%"
"04/13/2018","17.41","18.27","18.45","17.26","","-5.84%"
"04/12/2018","18.49","19.83","19.92","18.16","","-8.65%"
"04/11/2018","20.24","20.95","21.66","19.64","","-1.12%"
"04/10/2018","20.47","20.51","21.68","20.24","","-5.97%"
"04/09/2018","21.77","21.27","22.02","20.34","","1.30%"
"04/06/2018","21.49","20.33","23.12","18.60","","13.46%"
"04/05/2018","18.94","19.76","20.21","18.57","","-5.58%"
"04/04/2018","20.06","21.68","24.51","19.86","","-4.93%"
"04/03/2018","21.10","23.03","23.38","20.92","","-10.67%"
"04/02/2018","23.62","21.07","25.72","20.44","","18.28%"
"03/29/2018","19.97","22.87","23.05","19.60","","-12.68%"
"03/28/2018","22.87","22.52","24.94","21.71","","1.64%"
"03/27/2018","22.50","20.33","24.06","19.84","","6.99%"
"03/26/2018","21.03","23.41","24.54","20.71","","-15.44%"
"03/23/2018","24.87","24.02","26.01","21.63","","6.56%"
"03/22/2018","23.34","18.13","23.81","18.12","","30.68%"
"03/21/2018","17.86","17.76","18.37","16.26","","-1.87%"
"03/20/2018","18.20","18.38","19.31","18.09","","-4.31%"
"03/19/2018","19.02","16.63","21.87","16.56","","20.38%"
"03/16/2018","15.80","16.60","16.72","15.23","","-4.76%"
"03/15/2018","16.59","16.99","17.41","15.96","","-3.71%"
"03/14/2018","17.23","16.59","17.59","14.94","","5.38%"
"03/13/2018","16.35","15.70","16.98","15.03","","3.61%"
"03/12/2018","15.78","15.28","16.35","15.18","","7.79%"
"03/09/2018","14.64","16.41","16.75","13.31","","-11.49%"
"03/08/2018","16.54","17.56","17.68","14.91","","-6.87%"
"03/07/2018","17.76","20.11","20.49","17.52","","-3.27%"
"03/06/2018","18.36","18.25","19.64","17.68","","-1.98%"
"03/05/2018","18.73","21.55","21.57","17.94","","-4.39%"
"03/02/2018","19.59","22.47","26.22","19.36","","-12.82%"
"03/01/2018","22.47","19.96","25.30","19.57","","13.20%"
"02/28/2018","19.85","18.08","20.44","15.65","","6.78%"
"02/27/2018","18.59","15.83","18.98","15.29","","17.66%"
"02/26/2018","15.80","16.53","16.94","15.80","","-4.18%"
"02/23/2018","16.49","17.96","18.80","16.47","","-11.91%"
"02/22/2018","18.72","20.57","20.61","18.07","","-6.49%"
"02/21/2018","20.02","20.76","21.04","16.97","","-2.82%"
"02/20/2018","20.60","20.53","21.61","19.75","","5.86%"
"02/16/2018","19.46","18.74","20.99","17.44","","1.73%"
"02/15/2018","19.13","18.39","20.66","17.60","","-0.67%"
"02/14/2018","19.26","23.48","25.72","18.99","","-22.87%"
"02/13/2018","24.97","26.94","27.82","24.47","","-2.50%"
"02/12/2018","25.61","27.25","29.70","24.42","","-11.87%"
"02/09/2018","29.06","32.18","41.06","27.73","","-13.15%"
"02/08/2018","33.46","27.29","36.17","24.41","","20.66%"
"02/07/2018","27.73","31.38","31.64","21.17","","-7.51%"
"02/06/2018","29.98","37.32","50.30","22.42","","-19.67%"
"02/05/2018","37.32","18.44","38.80","16.80","","115.60%"
"02/02/2018","17.31","13.64","17.86","13.64","","28.51%"
"02/01/2018","13.47","13.05","14.30","12.50","","-0.52%"
"01/31/2018","13.54","14.23","14.44","13.41","","-8.45%"
"01/30/2018","14.79","13.93","15.42","13.88","","6.86%"
"01/29/2018","13.84","11.71","13.84","11.68","","24.91%"
"01/26/2018","11.08","11.40","11.60","11.08","","-4.32%"
"01/25/2018","11.58","11.27","12.01","11.20","","0.96%"
"01/24/2018","11.47","11.00","12.19","10.89","","3.33%"
"01/23/2018","11.10","10.77","11.57","10.76","","0.63%"
"01/22/2018","11.03","11.59","11.62","10.84","","-2.13%"
"01/19/2018","11.27","12.30","12.33","11.17","","-7.77%"
"01/18/2018","12.22","12.01","12.40","11.62","","2.60%"
"01/17/2018","11.91","11.35","12.81","11.18","","2.14%"
"01/16/2018","11.66","10.42","12.41","10.40","","14.76%"
"01/12/2018","10.16","9.74","10.31","9.54","","2.83%"
"01/11/2018","9.88","9.69","10.02","9.62","","0.61%"
"01/10/2018","9.82","10.11","10.85","9.82","","-2.58%"
"01/09/2018","10.08","9.41","10.09","9.37","","5.88%"
"01/08/2018","9.52","9.61","9.89","9.32","","3.25%"
"01/05/2018","9.22","9.10","9.54","9.00","","0.00%"
"01/04/2018","9.22","9.01","9.31","8.92","","0.77%"
"01/03/2018","9.15","9.56","9.65","8.94","","-6.35%"
"01/02/2018","9.77","10.95","11.07","9.52","","-11.50%"
"12/29/2017","11.04","10.03","11.06","9.95","","8.45%"
"12/28/2017","10.18","10.29","10.44","10.07","","-2.77%"
"12/27/2017","10.47","10.04","10.79","9.71","","2.15%"
"12/26/2017","10.25","10.19","10.46","10.13","","3.54%"
"12/22/2017","9.90","9.37","10.18","9.35","","2.91%"
"12/21/2017","9.62","9.59","9.86","9.20","","-1.03%"
"12/20/2017","9.72","9.69","9.85","8.90","","-3.09%"
"12/19/2017","10.03","9.40","10.15","9.18","","5.25%"
"12/18/2017","9.53","9.46","9.89","9.24","","1.17%"
"12/15/2017","9.42","10.12","10.20","9.22","","-10.20%"
"12/14/2017","10.49","9.98","10.54","9.78","","3.05%"
"12/13/2017","10.18","9.78","10.21","9.65","","2.62%"
"12/12/2017","9.92","9.36","9.92","9.21","","6.21%"
"12/11/2017","9.34","9.74","10.08","9.28","","-2.51%"
"12/08/2017","9.58","10.00","10.06","9.43","","-5.71%"
"12/07/2017","10.16","10.90","11.32","10.12","","-7.80%"
"12/06/2017","11.02","11.63","11.68","10.86","","-2.74%"
"12/05/2017","11.33","11.38","11.67","10.65","","-3.00%"
"12/04/2017","11.68","11.05","11.86","10.26","","2.19%"
"12/01/2017","11.43","11.19","14.58","10.54","","1.33%"
"11/30/2017","11.28","10.49","12.05","10.25","","5.42%"
"11/29/2017","10.70","9.91","10.93","9.81","","6.68%"
"11/28/2017","10.03","9.72","10.31","9.53","","1.62%"
"11/27/2017","9.87","10.07","10.26","9.79","","2.07%"
"11/24/2017","9.67","9.82","9.96","8.56","","-2.13%"
"11/22/2017","9.88","9.60","9.88","9.32","","1.54%"
"11/21/2017","9.73","10.74","10.78","9.67","","-8.64%"
"11/20/2017","10.65","11.96","12.08","10.44","","-6.82%"
"11/17/2017","11.43","11.75","12.01","11.16","","-2.81%"
"11/16/2017","11.76","12.47","12.52","11.38","","-10.43%"
"11/15/2017","13.13","12.52","14.51","12.33","","13.29%"
"11/14/2017","11.59","11.53","12.61","11.45","","0.78%"
"11/13/2017","11.50","11.43","12.18","11.00","","1.86%"
"11/10/2017","11.29","10.78","11.58","10.50","","7.52%"
"11/09/2017","10.50","9.94","12.19","9.79","","7.36%"
"11/08/2017","9.78","9.79","10.27","9.50","","-1.11%"
"11/07/2017","9.89","9.31","10.31","9.29","","5.21%"
"11/06/2017","9.40","9.63","9.74","9.38","","2.84%"
"11/03/2017","9.14","9.83","9.91","8.99","","-7.96%"
"11/02/2017","9.93","10.44","10.89","9.67","","-2.65%"
"11/01/2017","10.20","9.79","10.49","9.74","","0.20%"
"10/31/2017","10.18","10.34","10.37","9.90","","-3.05%"
"10/30/2017","10.50","10.28","10.89","10.10","","7.14%"
"10/27/2017","9.80","11.12","11.12","9.74","","-13.27%"
"10/26/2017","11.30","11.17","11.81","10.60","","0.62%"
"10/25/2017","11.23","11.34","13.20","10.99","","0.63%"
"10/24/2017","11.16","10.89","11.16","10.39","","0.81%"
"10/23/2017","11.07","10.25","11.08","9.94","","11.03%"
"10/20/2017","9.97","9.92","10.04","9.29","","-0.80%"
"10/19/2017","10.05","10.22","11.77","9.99","","-0.20%"
"10/18/2017","10.07","10.34","10.41","9.87","","-2.33%"
"10/17/2017","10.31","9.85","10.46","9.78","","4.04%"
"10/16/2017","9.91","9.95","10.02","9.75","","3.12%"
"10/13/2017","9.61","9.95","9.98","9.44","","-3.03%"
"10/12/2017","9.91","9.94","10.33","9.65","","0.61%"
"10/11/2017","9.85","9.95","10.38","9.72","","-2.28%"
"10/10/2017","10.08","10.15","10.66","9.94","","-2.42%"
"10/09/2017","10.33","9.92","10.53","9.88","","7.05%"
"10/06/2017","9.65","9.23","10.27","9.11","","5.01%"
"10/05/2017","9.19","9.48","9.62","9.13","","-4.57%"
"10/04/2017","9.63","9.53","9.88","9.53","","1.26%"
"10/03/2017","9.51","9.30","9.75","9.30","","0.63%"
"10/02/2017","9.45","9.59","10.04","9.37","","-0.63%"
"09/29/2017","9.51","9.59","9.83","9.36","","-0.42%"
"09/28/2017","9.55","9.74","10.13","9.55","","-3.24%"
"09/27/2017","9.87","9.90","10.42","9.63","","-2.95%"
"09/26/2017","10.17","10.42","10.68","9.94","","-0.39%"
"09/25/2017","10.21","10.08","11.21","9.79","","6.47%"
"09/22/2017","9.59","9.90","10.20","9.50","","-0.83%"
"09/21/2017","9.67","9.74","10.21","9.54","","-1.12%"
"09/20/2017","9.78","10.04","10.67","9.67","","-3.93%"
"09/19/2017","10.18","10.16","10.30","9.85","","0.30%"
"09/18/2017","10.15","10.18","10.42","9.88","","-0.20%"
"09/15/2017","10.17","10.51","10.74","10.00","","-2.59%"
"09/14/2017","10.44","10.57","11.04","10.28","","-0.57%"
"09/13/2017","10.50","10.72","10.86","10.33","","-0.76%"
"09/12/2017","10.58","10.66","10.95","10.29","","-1.40%"
"09/11/2017","10.73","11.38","11.39","10.51","","-11.47%"
"09/08/2017","12.12","11.87","12.60","11.84","","4.94%"
"09/07/2017","11.55","11.93","12.07","11.32","","-0.69%"
"09/06/2017","11.63","12.27","12.59","11.35","","-4.91%"
"09/05/2017","12.23","11.75","14.06","11.41","","20.73%"
"09/01/2017","10.13","10.33","10.46","10.02","","-4.34%"
"08/31/2017","10.59","11.07","11.22","10.34","","-5.61%"
"08/30/2017","11.22","11.40","11.98","10.96","","-4.10%"
"08/29/2017","11.70","13.33","14.34","11.48","","3.36%"
"08/28/2017","11.32","12.09","12.11","11.23","","0.35%"
"08/25/2017","11.28","12.20","12.45","11.10","","-7.77%"
"08/24/2017","12.23","12.06","12.83","11.55","","-0.16%"
"08/23/2017","12.25","11.51","12.59","11.39","","7.93%"
"08/22/2017","11.35","12.60","12.94","11.35","","-13.95%"
"08/21/2017","13.19","14.59","14.74","13.07","","-7.50%"
"08/18/2017","14.26","15.38","16.04","13.32","","-8.30%"
"08/17/2017","15.55","11.81","15.77","11.54","","32.45%"
"08/16/2017","11.74","11.59","12.54","11.25","","-2.49%"
"08/15/2017","12.04","11.78","12.37","11.45","","-2.35%"
"08/14/2017","12.33","14.05","14.05","12.06","","-20.50%"
"08/11/2017","15.51","16.17","17.28","14.50","","-3.30%"
"08/10/2017","16.04","11.57","16.17","11.56","","44.37%"
"08/09/2017","11.11","11.49","12.63","11.11","","1.37%"
"08/08/2017","10.96","10.04","11.52","9.52","","10.37%"
"08/07/2017","9.93","10.19","10.32","9.76","","-1.00%"
"08/04/2017","10.03","10.48","10.50","9.68","","-3.93%"
"08/03/2017","10.44","10.47","10.60","9.90","","1.56%"
"08/02/2017","10.28","10.08","10.81","9.80","","1.88%"
"08/01/2017","10.09","10.19","10.56","9.95","","-1.66%"
"07/31/2017","10.26","10.53","10.84","10.23","","-0.29%"
"07/28/2017","10.29","10.62","11.30","10.26","","1.78%"
"07/27/2017","10.11","9.33","11.50","9.16","","5.31%"
"07/26/2017","9.60","9.25","9.66","8.84","","1.80%"
"07/25/2017","9.43","9.40","9.52","9.04","","0.00%"
"07/24/2017","9.43","9.94","9.97","9.26","","0.75%"
"07/21/2017","9.36","9.52","9.98","9.30","","-2.30%"
"07/20/2017","9.58","9.66","10.28","9.50","","-2.15%"
"07/19/2017","9.79","9.69","9.94","9.58","","-1.01%"
"07/18/2017","9.89","9.86","10.35","9.66","","0.71%"
"07/17/2017","9.82","9.77","10.03","9.71","","3.26%"
"07/14/2017","9.51","10.09","10.14","9.50","","-3.94%"
"07/13/2017","9.90","10.07","10.40","9.90","","-3.88%"
"07/12/2017","10.30","10.85","10.85","10.08","","-5.42%"
"07/11/2017","10.89","10.79","12.14","10.68","","-1.98%"
"07/10/2017","11.11","11.26","11.73","10.61","","-0.71%"
"07/07/2017","11.19","12.48","12.57","10.98","","-10.77%"
"07/06/2017","12.54","11.20","13.05","11.18","","13.28%"
"07/05/2017","11.07","11.20","12.03","10.79","","-1.34%"
"07/03/2017","11.22","11.07","11.45","10.28","","0.36%"
"06/30/2017","11.18","11.74","11.85","10.40","","-2.27%"
"06/29/2017","11.44","9.79","15.16","9.73","","14.06%"
"06/28/2017","10.03","11.17","11.49","9.76","","-9.31%"
"06/27/2017","11.06","10.04","11.31","9.80","","11.72%"
"06/26/2017","9.90","10.13","10.44","9.68","","-1.20%"
"06/23/2017","10.02","10.25","10.69","9.85","","-4.39%"
"06/22/2017","10.48","10.81","11.01","10.24","","-2.51%"
"06/21/2017","10.75","11.03","11.40","10.40","","-1.01%"
"06/20/2017","10.86","10.28","11.15","10.24","","4.73%"
"06/19/2017","10.37","10.57","10.60","10.01","","-0.10%"
"06/16/2017","10.38","10.63","11.35","10.26","","-4.77%"
"06/15/2017","10.90","11.06","12.01","10.74","","2.44%"
"06/14/2017","10.64","10.33","11.26","10.01","","2.11%"
"06/13/2017","10.42","11.12","11.14","10.26","","-9.08%"
"06/12/2017","11.46","11.19","12.37","11.19","","7.10%"
"06/09/2017","10.70","9.93","12.11","9.37","","5.31%"
"06/08/2017","10.16","10.27","10.53","9.73","","-2.21%"
"06/07/2017","10.39","10.48","10.93","10.12","","-0.57%"
"06/06/2017","10.45","10.19","10.77","9.86","","3.77%"
"06/05/2017","10.07","10.08","10.28","9.60","","3.28%"
"06/02/2017","9.75","10.08","10.30","9.58","","-1.42%"
"06/01/2017","9.89","10.42","10.54","9.69","","-5.00%"
"05/31/2017","10.41","10.10","11.30","9.93","","0.29%"
"05/30/2017","10.38","10.61","10.84","10.14","","5.81%"
"05/26/2017","9.81","9.93","10.48","9.65","","-1.80%"
"05/25/2017","9.99","9.82","10.29","9.72","","-0.30%"
"05/24/2017","10.02","10.61","10.90","9.88","","-6.53%"
"05/23/2017","10.72","11.00","11.00","10.56","","-1.92%"
"05/22/2017","10.93","12.29","12.52","10.89","","-9.22%"
"05/19/2017","12.04","14.23","14.23","11.72","","-17.87%"
"05/18/2017","14.66","14.06","16.30","14.03","","-5.97%"
"05/17/2017","15.59","11.89","15.59","11.53","","46.38%"
"05/16/2017","10.65","10.46","10.67","10.18","","2.21%"
"05/15/2017","10.42","10.54","10.88","10.25","","0.19%"
"05/12/2017","10.40","10.72","10.87","10.28","","-1.89%"
"05/11/2017","10.60","10.34","11.23","10.32","","3.82%"
"05/10/2017","10.21","9.75","10.24","9.62","","2.51%"
"05/09/2017","9.96","9.87","10.14","9.56","","1.94%"
"05/08/2017","9.77","10.53","10.55","9.67","","-7.57%"
"05/05/2017","10.57","10.51","10.98","9.99","","1.05%"
"05/04/2017","10.46","10.71","11.24","10.27","","-2.06%"
"05/03/2017","10.68","10.56","11.15","10.40","","0.85%"
"05/02/2017","10.59","10.15","10.59","10.04","","4.75%"
"05/01/2017","10.11","10.92","11.04","9.90","","-6.56%"
"04/28/2017","10.82","10.39","11.16","10.29","","4.44%"
"04/27/2017","10.36","10.72","11.08","10.33","","-4.52%"
"04/26/2017","10.85","10.61","10.89","10.39","","0.84%"
"04/25/2017","10.76","10.81","11.15","10.22","","-0.74%"
"04/24/2017","10.84","11.56","12.01","10.82","","-25.91%"
"04/21/2017","14.63","13.85","15.33","13.85","","3.39%"
"04/20/2017","14.15","14.59","14.81","13.83","","-5.22%"
"04/19/2017","14.93","14.00","15.15","13.46","","3.54%"
"04/18/2017","14.42","14.50","15.50","14.29","","-1.64%"
"04/17/2017","14.66","16.19","16.28","14.60","","-8.15%"
"04/13/2017","15.96","15.89","16.22","14.97","","1.20%"
"04/12/2017","15.77","15.16","16.16","14.84","","4.64%"
"04/11/2017","15.07","14.32","15.88","14.17","","7.26%"
"04/10/2017","14.05","13.24","14.11","12.94","","9.17%"
"04/07/2017","12.87","13.17","13.43","12.23","","3.87%"
"04/06/2017","12.39","13.11","13.22","11.70","","-3.88%"
"04/05/2017","12.89","11.89","12.89","10.90","","9.33%"
"04/04/2017","11.79","12.71","13.07","11.70","","-4.77%"
"04/03/2017","12.38","12.59","13.59","12.27","","0.08%"
"03/31/2017","12.37","11.61","12.54","11.50","","7.19%"
"03/30/2017","11.54","11.37","11.64","11.12","","1.05%"
"03/29/2017","11.42","11.54","11.70","11.03","","-0.95%"
"03/28/2017","11.53","12.44","12.67","11.34","","-7.76%"
"03/27/2017","12.50","14.78","15.11","12.48","","-3.55%"
"03/24/2017","12.96","12.86","14.16","12.27","","-1.22%"
"03/23/2017","13.12","12.65","13.17","12.18","","2.42%"
"03/22/2017","12.81","12.95","13.16","11.99","","2.73%"
"03/21/2017","12.47","11.15","12.85","10.92","","9.96%"
"03/20/2017","11.34","11.71","11.72","11.03","","0.53%"
"03/17/2017","11.28","11.38","11.38","10.78","","0.62%"
"03/16/2017","11.21","11.29","11.55","11.16","","-3.61%"
"03/15/2017","11.63","12.12","12.25","10.60","","-5.45%"
"03/14/2017","12.30","11.39","12.54","11.28","","8.37%"
"03/13/2017","11.35","12.16","12.23","11.29","","-2.66%"
"03/10/2017","11.66","11.97","12.09","11.46","","-5.20%"
"03/09/2017","12.30","11.75","12.43","11.62","","3.71%"
"03/08/2017","11.86","11.49","11.86","11.09","","3.58%"
"03/07/2017","11.45","11.27","11.58","11.04","","1.87%"
"03/06/2017","11.24","11.59","11.72","11.06","","2.55%"
"03/03/2017","10.96","11.96","11.97","10.94","","-7.20%"
"03/02/2017","11.81","12.43","12.71","11.32","","-5.82%"
"03/01/2017","12.54","12.31","12.58","11.78","","-2.94%"
"02/28/2017","12.92","12.19","12.96","12.13","","6.87%"
"02/27/2017","12.09","11.78","12.14","11.53","","5.41%"
"02/24/2017","11.47","11.81","12.59","11.34","","-2.05%"
"02/23/2017","11.71","11.66","12.46","11.54","","-0.26%"
"02/22/2017","11.74","11.48","12.07","11.44","","1.47%"
"02/21/2017","11.57","12.05","12.09","11.50","","0.70%"
"02/17/2017","11.49","11.84","12.26","11.37","","-2.30%"
"02/16/2017","11.76","12.02","12.86","11.69","","-1.75%"
"02/15/2017","11.97","10.84","12.01","10.80","","11.45%"
"02/14/2017","10.74","11.17","11.34","10.73","","-2.98%"
"02/13/2017","11.07","11.36","11.40","11.07","","2.03%"
"02/10/2017","10.85","10.85","10.95","10.55","","-0.28%"
"02/09/2017","10.88","11.44","11.53","10.74","","-4.98%"
"02/08/2017","11.45","11.19","11.82","11.15","","1.42%"
"02/07/2017","11.29","11.39","11.67","11.06","","-0.70%"
"02/06/2017","11.37","11.37","11.84","11.09","","3.65%"
"02/03/2017","10.97","11.84","11.84","10.72","","-8.05%"
"02/02/2017","11.93","12.37","12.47","11.62","","1.02%"
"02/01/2017","11.81","11.79","12.05","9.97","","-1.50%"
"01/31/2017","11.99","12.29","12.99","11.79","","0.93%"
"01/30/2017","11.88","11.10","12.90","11.10","","12.29%"
"01/27/2017","10.58","10.57","10.82","10.30","","-0.47%"
"01/26/2017","10.63","10.61","11.01","10.60","","-1.67%"
"01/25/2017","10.81","10.79","11.05","10.51","","-2.35%"
"01/24/2017","11.07","11.82","11.89","11.04","","-5.95%"
"01/23/2017","11.77","12.30","12.62","11.59","","1.99%"
"01/20/2017","11.54","12.58","12.59","11.53","","-9.70%"
"01/19/2017","12.78","12.58","13.28","12.17","","2.40%"
"01/18/2017","12.48","11.79","12.81","11.69","","5.14%"
"01/17/2017","11.87","12.20","12.75","11.79","","5.70%"
"01/13/2017","11.23","11.45","11.62","10.94","","-2.69%"
"01/12/2017","11.54","11.48","12.60","11.32","","2.49%"
"01/11/2017","11.26","11.56","12.23","11.21","","-2.00%"
"01/10/2017","11.49","11.59","11.79","11.31","","-0.61%"
"01/09/2017","11.56","11.71","12.08","11.46","","2.12%"
"01/06/2017","11.32","11.70","11.74","10.98","","-3.00%"
"01/05/2017","11.67","11.96","12.09","11.40","","-1.52%"
"01/04/2017","11.85","12.78","12.80","11.63","","-7.78%"
"01/03/2017","12.85","14.07","14.07","12.85","","-8.48%"
"12/30/2016","14.04","13.20","14.68","13.05","","5.01%"
"12/29/2016","13.37","13.15","13.71","12.95","","3.24%"
"12/28/2016","12.95","11.89","13.04","11.85","","8.01%"
"12/27/2016","11.99","12.26","12.33","11.84","","4.81%"
"12/23/2016","11.44","11.38","11.81","11.35","","0.09%"
"12/22/2016","11.43","11.32","11.67","11.14","","1.42%"
"12/21/2016","11.27","11.44","11.49","10.93","","-1.57%"
"12/20/2016","11.45","11.65","11.75","11.38","","-2.22%"
"12/19/2016","11.71","12.50","12.52","11.67","","-4.02%"
"12/16/2016","12.20","12.88","12.95","12.15","","-4.61%"
"12/15/2016","12.79","13.07","13.24","12.46","","-3.03%"
"12/14/2016","13.19","12.88","13.39","12.48","","3.69%"
"12/13/2016","12.72","12.46","13.42","12.34","","0.63%"
"12/12/2016","12.64","12.23","12.78","12.07","","7.57%"
"12/09/2016","11.75","12.59","12.72","11.67","","-7.04%"
"12/08/2016","12.64","12.10","13.40","11.30","","3.44%"
"12/07/2016","12.22","11.59","12.24","11.33","","3.65%"
"12/06/2016","11.79","12.19","12.30","11.54","","-2.88%"
"12/05/2016","12.14","13.75","13.77","12.14","","-14.02%"
"12/02/2016","14.12","14.16","14.48","12.39","","0.36%"
"12/01/2016","14.07","13.40","14.72","13.05","","5.55%"
"11/30/2016","13.33","12.60","13.42","12.23","","3.33%"
"11/29/2016","12.90","13.07","13.55","12.62","","-1.90%"
"11/28/2016","13.15","13.40","13.50","12.74","","6.56%"
"11/25/2016","12.34","12.52","12.74","12.31","","-0.72%"
"11/23/2016","12.43","12.34","13.01","12.19","","0.16%"
"11/22/2016","12.41","12.26","12.83","12.20","","-0.08%"
"11/21/2016","12.42","13.27","13.44","12.16","","-3.35%"
"11/18/2016","12.85","13.56","13.74","12.85","","-3.75%"
"11/17/2016","13.35","13.37","13.88","12.97","","-2.70%"
"11/16/2016","13.72","13.51","14.49","13.51","","2.62%"
"11/15/2016","13.37","14.16","14.65","13.30","","-7.67%"
"11/14/2016","14.48","14.69","15.56","14.39","","2.19%"
"11/11/2016","14.17","14.83","16.00","14.15","","-3.87%"
"11/10/2016","14.74","14.01","16.30","13.26","","2.50%"
"11/09/2016","14.38","20.70","21.48","14.33","","-23.27%"
"11/08/2016","18.74","18.92","19.91","17.70","","0.16%"
"11/07/2016","18.71","19.78","19.86","18.39","","-16.88%"
"11/04/2016","22.51","21.86","23.01","19.20","","1.95%"
"11/03/2016","22.08","19.85","22.57","18.84","","14.29%"
"11/02/2016","19.32","19.09","19.82","18.56","","4.09%"
"11/01/2016","18.56","16.54","20.43","16.51","","8.79%"
"10/31/2016","17.06","16.31","17.63","16.25","","5.37%"
"10/28/2016","16.19","15.67","17.35","14.65","","5.40%"
"10/27/2016","15.36","14.37","15.43","13.60","","7.87%"
"10/26/2016","14.24","13.66","14.80","13.66","","5.79%"
"10/25/2016","13.46","12.91","13.86","12.73","","3.38%"
"10/24/2016","13.02","13.19","13.26","12.83","","-2.40%"
"10/21/2016","13.34","14.04","14.53","13.27","","-2.98%"
"10/20/2016","13.75","14.43","14.72","13.74","","-4.58%"
"10/19/2016","14.41","15.45","15.68","13.87","","-5.69%"
"10/18/2016","15.28","15.82","15.85","15.03","","-5.74%"
"10/17/2016","16.21","17.01","17.11","16.13","","0.56%"
"10/14/2016","16.12","16.49","16.50","15.25","","-3.42%"
"10/13/2016","16.69","16.88","17.95","16.14","","4.90%"
"10/12/2016","15.91","15.53","16.34","15.26","","3.58%"
"10/11/2016","15.36","13.71","16.47","13.69","","14.80%"
"10/10/2016","13.38","14.19","14.36","13.29","","-0.74%"
"10/07/2016","13.48","13.52","14.15","12.21","","4.98%"
"10/06/2016","12.84","13.11","13.84","12.80","","-1.15%"
"10/05/2016","12.99","13.56","13.68","12.70","","-4.70%"
"10/04/2016","13.63","13.40","14.57","12.92","","0.44%"
"10/03/2016","13.57","13.75","14.42","13.42","","2.11%"
"09/30/2016","13.29","14.91","15.20","12.53","","-5.21%"
"09/29/2016","14.02","12.53","15.69","12.14","","13.16%"
"09/28/2016","12.39","12.90","13.57","12.24","","-5.42%"
"09/27/2016","13.10","13.36","14.76","12.97","","-9.66%"
"09/26/2016","14.50","13.26","14.63","13.26","","17.98%"
"09/23/2016","12.29","12.00","12.58","11.93","","2.25%"
"09/22/2016","12.02","13.39","13.39","11.76","","-9.62%"
"09/21/2016","13.30","15.07","15.65","12.98","","-16.46%"
"09/20/2016","15.92","14.98","16.09","14.69","","2.51%"
"09/19/2016","15.53","15.14","15.96","14.60","","1.04%"
"09/16/2016","15.37","16.41","17.10","15.28","","-5.71%"
"09/15/2016","16.30","17.97","18.07","15.74","","-10.14%"
"09/14/2016","18.14","17.63","18.14","16.34","","1.62%"
"09/13/2016","17.85","15.98","18.97","15.83","","17.74%"
"09/12/2016","15.16","20.13","20.51","14.76","","-13.37%"
"09/09/2016","17.50","12.52","17.54","12.52","","39.89%"
"09/08/2016","12.51","11.74","12.60","11.65","","4.77%"
"09/07/2016","11.94","11.89","12.45","11.77","","-0.67%"
"09/06/2016","12.02","12.42","12.93","11.85","","0.33%"
"09/02/2016","11.98","13.47","13.90","11.90","","-11.13%"
"09/01/2016","13.48","13.07","14.61","12.99","","0.45%"
"08/31/2016","13.42","13.14","14.34","12.97","","2.29%"
"08/30/2016","13.12","12.94","13.60","12.70","","1.39%"
"08/29/2016","12.94","14.09","14.43","12.90","","-5.20%"
"08/26/2016","13.65","13.54","14.93","12.13","","0.15%"
"08/25/2016","13.63","13.62","14.09","13.29","","1.34%"
"08/24/2016","13.45","12.70","14.01","12.30","","8.64%"
"08/23/2016","12.38","12.15","12.44","11.72","","0.90%"
"08/22/2016","12.27","12.53","13.02","11.94","","8.20%"
"08/19/2016","11.34","11.67","12.28","11.33","","-0.79%"
"08/18/2016","11.43","12.20","12.53","11.42","","-6.23%"
"08/17/2016","12.19","12.57","13.71","12.14","","-3.56%"
"08/16/2016","12.64","12.04","12.78","11.87","","7.03%"
"08/15/2016","11.81","11.81","12.17","11.58","","2.25%"
"08/12/2016","11.55","11.61","12.00","11.28","","-1.11%"
"08/11/2016","11.68","11.93","12.11","11.38","","-3.07%"
"08/10/2016","12.05","11.55","12.50","11.37","","3.34%"
"08/09/2016","11.66","11.40","11.92","11.02","","1.39%"
"08/08/2016","11.50","11.66","11.78","11.41","","0.97%"
"08/05/2016","11.39","12.08","12.26","11.18","","-8.29%"
"08/04/2016","12.42","12.73","12.98","11.79","","-3.42%"
"08/03/2016","12.86","13.53","13.91","12.73","","-3.81%"
"08/02/2016","13.37","12.39","14.24","12.35","","7.48%"
"08/01/2016","12.44","11.89","12.98","11.86","","4.80%"
"07/29/2016","11.87","12.85","12.90","11.77","","-6.68%"
"07/28/2016","12.72","12.51","13.52","12.36","","-0.86%"
"07/27/2016","12.83","12.61","13.74","12.50","","-1.69%"
"07/26/2016","13.05","12.88","13.50","12.80","","1.40%"
"07/25/2016","12.87","12.64","13.72","12.39","","7.07%"
"07/22/2016","12.02","12.80","12.88","11.97","","-5.65%"
"07/21/2016","12.74","11.80","13.06","11.69","","8.24%"
"07/20/2016","11.77","11.94","11.97","11.40","","-1.67%"
"07/19/2016","11.97","12.53","12.83","11.94","","-3.78%"
"07/18/2016","12.44","12.75","13.12","12.33","","-1.82%"
"07/15/2016","12.67","13.12","13.22","12.27","","-1.17%"
"07/14/2016","12.82","12.50","13.37","12.14","","-1.69%"
"07/13/2016","13.04","13.32","13.79","12.92","","-3.76%"
"07/12/2016","13.55","12.93","13.93","12.75","","0.07%"
"07/11/2016","13.54","13.25","13.67","13.00","","2.58%"
"07/08/2016","13.20","14.64","14.75","13.19","","-10.57%"
"07/07/2016","14.76","14.80","15.98","14.33","","-1.34%"
"07/06/2016","14.96","15.87","17.04","14.96","","-3.98%"
"07/05/2016","15.58","16.05","16.62","15.49","","5.48%"
"07/01/2016","14.77","15.59","15.86","14.61","","-5.50%"
"06/30/2016","15.63","16.91","16.99","15.29","","-6.07%"
"06/29/2016","16.64","18.12","18.27","16.48","","-11.25%"
"06/28/2016","18.75","21.76","22.07","18.75","","-21.38%"
"06/27/2016","23.85","24.38","26.72","22.93","","-7.41%"
"06/24/2016","25.76","26.06","26.24","19.48","","49.33%"
"06/23/2016","17.25","19.54","19.79","17.25","","-18.52%"
"06/22/2016","21.17","18.26","21.22","17.83","","14.56%"
"06/21/2016","18.48","17.67","18.96","16.91","","0.60%"
"06/20/2016","18.37","17.42","18.55","16.59","","-5.36%"
"06/17/2016","19.41","19.42","20.03","18.71","","0.21%"
"06/16/2016","19.37","20.80","22.89","19.24","","-3.82%"
"06/15/2016","20.14","20.25","20.45","18.63","","-1.76%"
"06/14/2016","20.50","21.28","22.16","20.27","","-2.24%"
"06/13/2016","20.97","18.24","21.01","17.89","","23.14%"
"06/10/2016","17.03","14.89","17.33","14.85","","16.33%"
"06/09/2016","14.64","14.01","14.85","13.99","","3.98%"
"06/08/2016","14.08","13.84","14.27","13.70","","0.21%"
"06/07/2016","14.05","12.77","14.05","12.72","","2.93%"
"06/06/2016","13.65","13.84","14.27","13.42","","1.34%"
"06/03/2016","13.47","13.78","14.66","12.90","","-1.17%"
"06/02/2016","13.63","14.42","14.92","13.62","","-4.01%"
"06/01/2016","14.20","14.45","15.25","14.18","","0.07%"
"05/31/2016","14.19","13.94","15.00","13.45","","8.16%"
"05/27/2016","13.12","13.49","13.76","13.04","","-2.31%"
"05/26/2016","13.43","13.80","14.11","13.43","","-3.38%"
"05/25/2016","13.90","14.19","14.33","13.64","","-3.61%"
"05/24/2016","14.42","16.03","16.06","14.36","","-8.85%"
"05/23/2016","15.82","16.33","16.47","15.40","","4.08%"
"05/20/2016","15.20","16.13","16.30","15.11","","-6.92%"
"05/19/2016","16.33","16.37","17.65","16.28","","2.38%"
"05/18/2016","15.95","15.72","16.47","14.86","","2.44%"
"05/17/2016","15.57","14.57","16.12","14.48","","6.06%"
"05/16/2016","14.68","15.72","15.98","14.28","","-2.39%"
"05/13/2016","15.04","15.15","15.47","13.97","","4.37%"
"05/12/2016","14.41","14.55","15.42","13.95","","-1.91%"
"05/11/2016","14.69","13.92","14.69","13.29","","7.78%"
"05/10/2016","13.63","13.98","14.35","13.55","","-6.45%"
"05/09/2016","14.57","15.20","15.39","14.17","","-1.02%"
"05/06/2016","14.72","16.20","16.58","14.71","","-7.48%"
"05/05/2016","15.91","15.54","16.45","15.22","","-0.87%"
"05/04/2016","16.05","15.47","16.85","15.39","","2.88%"
"05/03/2016","15.60","14.92","16.42","14.91","","6.27%"
"05/02/2016","14.68","16.33","16.50","14.48","","-6.50%"
"04/29/2016","15.70","15.21","17.09","14.91","","3.15%"
"04/28/2016","15.22","14.53","15.61","13.30","","10.53%"
"04/27/2016","13.77","14.15","14.95","13.50","","-1.36%"
"04/26/2016","13.96","14.01","14.43","13.66","","-0.85%"
"04/25/2016","14.08","14.07","14.76","13.86","","6.51%"
"04/22/2016","13.22","13.70","14.19","13.15","","-5.23%"
"04/21/2016","13.95","13.20","14.14","13.16","","5.05%"
"04/20/2016","13.28","13.39","13.50","12.50","","0.30%"
"04/19/2016","13.24","13.18","13.88","12.98","","-0.82%"
"04/18/2016","13.35","14.87","14.94","13.23","","-1.98%"
"04/15/2016","13.62","13.99","14.19","13.58","","-0.73%"
"04/14/2016","13.72","13.90","14.12","13.38","","-0.87%"
"04/13/2016","13.84","14.49","14.53","13.60","","-6.80%"
"04/12/2016","14.85","15.98","16.57","14.84","","-8.67%"
"04/11/2016","16.26","15.34","16.26","14.83","","5.86%"
"04/08/2016","15.36","15.34","15.93","14.84","","-4.95%"
"04/07/2016","16.16","15.14","16.77","14.68","","14.69%"
"04/06/2016","14.09","15.61","15.98","14.00","","-8.63%"
"04/05/2016","15.42","15.39","15.72","14.93","","9.21%"
"04/04/2016","14.12","13.88","14.24","13.66","","7.79%"
"04/01/2016","13.10","15.23","15.28","13.00","","-6.09%"
"03/31/2016","13.95","13.73","14.28","13.49","","2.88%"
"03/30/2016","13.56","13.69","13.89","13.06","","-1.88%"
"03/29/2016","13.82","15.74","15.89","13.79","","-9.32%"
"03/28/2016","15.24","15.65","16.04","14.89","","3.39%"
"03/24/2016","14.74","16.30","16.44","14.71","","-1.34%"
"03/23/2016","14.94","14.57","15.03","14.33","","5.43%"
"03/22/2016","14.17","14.57","14.76","13.75","","2.76%"
"03/21/2016","13.79","14.57","14.73","13.79","","-1.64%"
"03/18/2016","14.02","14.05","14.36","13.75","","-2.91%"
"03/17/2016","14.44","15.34","15.38","13.82","","-3.67%"
"03/16/2016","14.99","15.96","16.33","14.89","","-10.99%"
"03/15/2016","16.84","17.60","17.85","16.84","","-0.47%"
"03/14/2016","16.92","17.01","17.67","16.69","","2.55%"
"03/11/2016","16.50","17.09","17.27","16.28","","-8.59%"
"03/10/2016","18.05","18.17","19.59","17.06","","-1.58%"
"03/09/2016","18.34","18.56","19.11","18.31","","-1.77%"
"03/08/2016","18.67","18.38","18.89","17.82","","7.61%"
"03/07/2016","17.35","17.98","18.04","16.87","","2.91%"
"03/04/2016","16.86","16.48","17.35","16.05","","0.96%"
"03/03/2016","16.70","17.25","17.56","16.32","","-2.28%"
"03/02/2016","17.09","17.98","18.41","16.78","","-3.45%"
"03/01/2016","17.70","19.84","20.17","17.66","","-13.87%"
"02/29/2016","20.55","20.49","20.81","18.38","","3.74%"
"02/26/2016","19.81","18.89","20.13","18.46","","3.66%"
"02/25/2016","19.11","20.54","21.26","19.10","","-7.77%"
"02/24/2016","20.72","22.28","22.87","20.26","","-1.24%"
"02/23/2016","20.98","19.75","21.16","19.54","","8.26%"
"02/22/2016","19.38","20.14","20.35","19.02","","-5.60%"
"02/19/2016","20.53","22.39","23.44","20.52","","-5.13%"
"02/18/2016","21.64","22.16","22.53","21.29","","-3.00%"
"02/17/2016","22.31","23.40","24.16","21.83","","-7.47%"
"02/16/2016","24.11","24.96","25.52","23.32","","-5.08%"
"02/12/2016","25.40","27.16","27.57","24.92","","-9.74%"
"02/11/2016","28.14","29.01","30.90","26.67","","7.04%"
"02/10/2016","26.29","25.75","26.60","24.47","","-0.94%"
"02/09/2016","26.54","28.30","28.31","25.99","","2.08%"
"02/08/2016","26.00","25.89","27.72","25.56","","11.21%"
"02/05/2016","23.38","22.09","24.11","21.91","","7.05%"
"02/04/2016","21.84","22.29","23.14","21.24","","0.88%"
"02/03/2016","21.65","21.49","27.70","21.42","","-1.50%"
"02/02/2016","21.98","21.34","22.42","21.06","","10.01%"
"02/01/2016","19.98","21.32","23.66","19.61","","-1.09%"
"01/29/2016","20.20","21.59","21.74","19.50","","-9.90%"
"01/28/2016","22.42","22.15","23.81","21.90","","-2.99%"
"01/27/2016","23.11","22.88","27.22","20.42","","2.71%"
"01/26/2016","22.50","23.75","24.02","22.33","","-6.83%"
"01/25/2016","24.15","23.30","24.31","22.38","","8.10%"
"01/22/2016","22.34","24.21","24.55","22.22","","-16.30%"
"01/21/2016","26.69","27.79","28.43","25.01","","-3.26%"
"01/20/2016","27.59","27.78","32.09","26.59","","5.91%"
"01/19/2016","26.05","25.40","27.59","25.21","","-3.59%"
"01/15/2016","27.02","28.96","30.95","26.67","","12.82%"
"01/14/2016","23.95","24.75","26.28","23.07","","-5.04%"
"01/13/2016","25.22","21.72","26.11","21.44","","12.24%"
"01/12/2016","22.47","22.97","23.93","21.91","","-7.53%"
"01/11/2016","24.30","25.58","27.39","23.83","","-10.03%"
"01/08/2016","27.01","22.96","27.08","22.48","","8.08%"
"01/07/2016","24.99","23.22","25.86","22.40","","21.37%"
"01/06/2016","20.59","21.67","21.86","19.80","","6.46%"
"01/05/2016","19.34","20.75","21.06","19.25","","-6.57%"
"01/04/2016","20.70","22.48","23.36","20.67","","13.67%"
"12/31/2015","18.21","17.97","20.39","17.51","","5.32%"
"12/30/2015","17.29","16.50","17.42","16.50","","7.52%"
"12/29/2015","16.08","15.91","16.48","15.63","","-4.91%"
"12/28/2015","16.91","17.65","18.13","16.88","","7.43%"
"12/24/2015","15.74","15.44","15.88","14.45","","1.09%"
"12/23/2015","15.57","15.86","16.25","15.33","","-6.20%"
"12/22/2015","16.60","17.61","18.22","16.60","","-11.23%"
"12/21/2015","18.70","19.64","20.21","18.70","","-9.66%"
"12/18/2015","20.70","19.34","23.30","18.75","","9.29%"
"12/17/2015","18.94","16.18","19.05","16.13","","6.05%"
"12/16/2015","17.86","19.25","20.24","17.12","","-14.75%"
"12/15/2015","20.95","20.76","21.62","20.02","","-7.83%"
"12/14/2015","22.73","24.70","26.81","21.47","","-6.81%"
"12/11/2015","24.39","21.36","25.27","20.88","","26.11%"
"12/10/2015","19.34","19.25","19.72","18.13","","-1.38%"
"12/09/2015","19.61","18.05","20.13","15.72","","11.42%"
"12/08/2015","17.60","17.69","18.33","16.52","","11.11%"
"12/07/2015","15.84","15.65","17.18","15.58","","6.95%"
"12/04/2015","14.81","17.43","17.65","14.69","","-18.22%"
"12/03/2015","18.11","15.87","19.35","15.86","","13.83%"
"12/02/2015","15.91","15.04","16.49","14.71","","8.45%"
"12/01/2015","14.67","15.61","16.34","14.63","","-9.05%"
"11/30/2015","16.13","15.55","16.57","15.52","","6.68%"
"11/27/2015","15.12","15.31","16.09","15.12","","-0.46%"
"11/25/2015","15.19","15.55","15.89","15.05","","-4.65%"
"11/24/2015","15.93","16.53","17.21","15.48","","1.98%"
"11/23/2015","15.62","16.15","16.74","15.38","","0.97%"
"11/20/2015","15.47","16.13","16.38","15.47","","-8.95%"
"11/19/2015","16.99","16.25","18.26","16.00","","0.83%"
"11/18/2015","16.85","19.01","19.45","16.80","","-10.56%"
"11/17/2015","18.84","17.82","19.59","16.86","","3.74%"
"11/16/2015","18.16","20.51","20.55","17.25","","-9.56%"
"11/13/2015","20.08","18.68","20.67","18.20","","9.31%"
"11/12/2015","18.37","17.06","18.50","16.65","","14.38%"
"11/11/2015","16.06","15.07","16.15","15.02","","5.04%"
"11/10/2015","15.29","16.69","16.96","15.24","","-7.45%"
"11/09/2015","16.52","15.34","17.09","15.14","","15.28%"
"11/06/2015","14.33","14.91","16.00","14.32","","-4.78%"
"11/05/2015","15.05","15.39","16.39","15.00","","-2.97%"
"11/04/2015","15.51","14.04","15.88","13.96","","6.67%"
"11/03/2015","14.54","14.33","14.73","13.81","","2.76%"
"11/02/2015","14.15","15.41","15.51","13.67","","-6.10%"
"10/30/2015","15.07","14.60","15.39","14.00","","3.15%"
"10/29/2015","14.61","14.80","15.46","14.33","","1.95%"
"10/28/2015","14.33","15.14","15.73","12.80","","-7.13%"
"10/27/2015","15.43","15.75","15.99","14.78","","0.92%"
"10/26/2015","15.29","14.76","15.43","14.68","","5.74%"
"10/23/2015","14.46","13.46","15.12","13.24","","0.07%"
"10/22/2015","14.45","15.02","15.92","14.45","","-13.47%"
"10/21/2015","16.70","14.98","16.70","14.41","","6.03%"
"10/20/2015","15.75","15.17","16.34","14.72","","5.14%"
"10/19/2015","14.98","15.68","16.23","14.82","","-0.47%"
"10/16/2015","15.05","15.64","16.86","15.05","","-6.23%"
"10/15/2015","16.05","17.62","17.85","16.04","","-10.98%"
"10/14/2015","18.03","17.67","18.78","17.30","","2.04%"
"10/13/2015","17.67","17.08","17.70","16.14","","9.28%"
"10/12/2015","16.17","17.68","17.81","16.15","","-5.33%"
"10/09/2015","17.08","17.15","18.20","16.89","","-1.95%"
"10/08/2015","17.42","18.62","19.02","16.34","","-5.33%"
"10/07/2015","18.40","18.96","19.73","18.33","","-5.15%"
"10/06/2015","19.40","19.54","20.32","18.82","","-0.72%"
"10/05/2015","19.54","20.31","20.42","19.14","","-6.69%"
"10/02/2015","20.94","23.99","24.47","20.35","","-7.14%"
"10/01/2015","22.55","23.14","25.23","22.55","","-7.96%"
"09/30/2015","24.50","24.64","25.88","23.25","","-8.68%"
"09/29/2015","26.83","26.57","28.20","25.76","","-2.90%"
"09/28/2015","27.63","25.02","28.33","24.94","","16.98%"
"09/25/2015","23.62","21.12","24.29","20.81","","0.64%"
"09/24/2015","23.47","23.53","25.30","21.81","","6.06%"
"09/23/2015","22.13","22.09","23.20","21.14","","-1.38%"
"09/22/2015","22.44","22.97","26.29","22.25","","11.42%"
"09/21/2015","20.14","21.97","22.48","20.05","","-9.61%"
"09/18/2015","22.28","23.07","23.99","20.98","","5.39%"
"09/17/2015","21.14","21.54","23.33","17.87","","-0.98%"
"09/16/2015","21.35","22.57","22.94","21.09","","-5.28%"
"09/15/2015","22.54","23.28","23.77","22.13","","-7.05%"
"09/14/2015","24.25","24.03","25.32","23.64","","4.53%"
"09/11/2015","23.20","25.38","25.81","23.15","","-4.80%"
"09/10/2015","24.37","26.87","27.22","23.53","","-7.09%"
"09/09/2015","26.23","22.39","26.82","21.51","","5.34%"
"09/08/2015","24.90","25.05","26.25","24.13","","-10.43%"
"09/04/2015","27.80","27.43","29.47","25.68","","8.55%"
"09/03/2015","25.61","25.21","26.31","23.45","","-1.84%"
"09/02/2015","26.09","29.14","30.45","24.77","","-16.91%"
"09/01/2015","31.40","31.91","33.82","29.91","","10.45%"
"08/31/2015","28.43","27.03","29.37","26.63","","9.14%"
"08/28/2015","26.05","26.69","29.20","25.77","","-0.19%"
"08/27/2015","26.10","27.11","29.90","24.49","","-13.92%"
"08/26/2015","30.32","31.13","35.62","28.67","","-15.82%"
"08/25/2015","36.02","31.13","38.06","28.08","","-11.59%"
"08/24/2015","40.74","28.03","53.29","28.03","","45.34%"
"08/21/2015","28.03","22.55","28.38","20.80","","46.45%"
"08/20/2015","19.14","16.55","19.24","16.13","","25.51%"
"08/19/2015","15.25","14.84","15.96","13.73","","10.59%"
"08/18/2015","13.79","13.41","13.94","13.17","","5.91%"
"08/17/2015","13.02","14.32","14.52","13.01","","1.48%"
"08/14/2015","12.83","13.69","13.87","12.80","","-4.89%"
"08/13/2015","13.49","13.87","14.33","13.06","","-0.88%"
"08/12/2015","13.61","15.19","16.28","13.45","","-0.73%"
"08/11/2015","13.71","13.24","14.33","13.02","","12.10%"
"08/10/2015","12.23","12.73","12.78","12.18","","-8.66%"
"08/07/2015","13.39","13.57","14.58","13.29","","-2.76%"
"08/06/2015","13.77","12.20","14.25","12.16","","10.07%"
"08/05/2015","12.51","12.02","12.72","10.88","","-3.77%"
"08/04/2015","13.00","12.66","13.22","12.29","","3.50%"
"08/03/2015","12.56","12.85","13.55","12.32","","3.63%"
"07/31/2015","12.12","12.03","12.63","11.82","","-0.08%"
"07/30/2015","12.13","12.72","13.42","12.09","","-2.96%"
"07/29/2015","12.50","13.57","13.59","11.85","","-6.99%"
"07/28/2015","13.44","14.87","15.62","13.32","","-13.85%"
"07/27/2015","15.60","15.60","16.27","15.03","","13.54%"
"07/24/2015","13.74","12.87","14.73","12.86","","8.70%"
"07/23/2015","12.64","12.06","13.08","11.73","","4.29%"
"07/22/2015","12.12","12.77","12.83","12.05","","-0.82%"
"07/21/2015","12.22","12.42","12.79","12.21","","-0.24%"
"07/20/2015","12.25","12.25","12.37","11.71","","2.51%"
"07/17/2015","11.95","11.77","12.22","11.77","","-1.32%"
"07/16/2015","12.11","12.59","12.61","11.87","","-8.47%"
"07/15/2015","13.23","13.35","13.97","12.81","","-1.05%"
"07/14/2015","13.37","13.91","13.95","12.90","","-3.81%"
"07/13/2015","13.90","15.29","15.36","13.82","","-17.41%"
"07/10/2015","16.83","17.45","18.17","16.60","","-15.72%"
"07/09/2015","19.97","17.46","20.05","17.20","","1.58%"
"07/08/2015","19.66","17.38","19.76","16.94","","22.19%"
"07/07/2015","16.09","17.22","19.20","15.93","","-5.41%"
"07/06/2015","17.01","18.65","18.95","16.57","","1.31%"
"07/02/2015","16.79","15.43","17.48","15.39","","4.35%"
"07/01/2015","16.09","16.63","17.26","15.65","","-11.74%"
"06/30/2015","18.23","17.60","19.80","17.49","","-3.29%"
"06/29/2015","18.85","16.70","19.50","15.82","","34.45%"
"06/26/2015","14.02","14.13","14.91","13.64","","0.07%"
"06/25/2015","14.01","12.96","14.16","12.92","","5.66%"
"06/24/2015","13.26","12.57","13.33","12.01","","9.50%"
"06/23/2015","12.11","12.50","12.68","11.93","","-4.95%"
"06/22/2015","12.74","13.42","13.46","12.43","","-8.74%"
"06/19/2015","13.96","13.35","14.00","12.96","","5.84%"
"06/18/2015","13.19","14.03","14.03","12.54","","-9.03%"
"06/17/2015","14.50","14.66","15.49","14.07","","-2.09%"
"06/16/2015","14.81","15.62","15.62","14.81","","-3.77%"
"06/15/2015","15.39","15.48","15.57","14.91","","11.68%"
"06/12/2015","13.78","13.31","14.02","13.30","","7.24%"
"06/11/2015","12.85","13.04","13.22","12.56","","-2.80%"
"06/10/2015","13.22","14.24","14.37","12.96","","-8.64%"
"06/09/2015","14.47","15.18","15.74","14.47","","-5.36%"
"06/08/2015","15.29","14.84","15.50","14.67","","7.60%"
"06/05/2015","14.21","15.01","15.65","14.21","","-3.40%"
"06/04/2015","14.71","14.57","15.49","13.99","","7.69%"
"06/03/2015","13.66","13.73","14.20","13.40","","-4.07%"
"06/02/2015","14.24","14.72","15.05","13.59","","1.93%"
"06/01/2015","13.97","13.92","14.86","13.47","","0.94%"
"05/29/2015","13.84","13.59","14.43","13.40","","3.98%"
"05/28/2015","13.31","13.49","13.99","13.31","","0.30%"
"05/27/2015","13.27","14.16","14.41","13.05","","-5.62%"
"05/26/2015","14.06","13.45","14.63","13.34","","15.91%"
"05/22/2015","12.13","12.37","12.37","11.82","","0.17%"
"05/21/2015","12.11","13.03","13.09","12.09","","-5.98%"
"05/20/2015","12.88","12.90","13.27","12.62","","0.23%"
"05/19/2015","12.85","12.95","13.13","12.55","","0.94%"
"05/18/2015","12.73","13.08","13.22","12.55","","2.83%"
"05/15/2015","12.38","12.46","13.09","12.35","","-2.83%"
"05/14/2015","12.74","13.14","13.29","12.72","","-7.41%"
"05/13/2015","13.76","13.63","14.04","13.06","","-0.72%"
"05/12/2015","13.86","14.73","15.13","13.73","","0.07%"
"05/11/2015","13.85","13.35","13.85","13.00","","7.70%"
"05/08/2015","12.86","13.36","13.42","12.70","","-15.00%"
"05/07/2015","15.13","15.48","15.97","14.81","","-0.13%"
"05/06/2015","15.15","13.93","16.36","13.89","","5.87%"
"05/05/2015","14.31","13.21","14.41","12.97","","11.36%"
"05/04/2015","12.85","13.12","13.18","12.10","","1.18%"
"05/01/2015","12.70","13.98","13.98","12.68","","-12.71%"
"04/30/2015","14.55","13.89","15.29","12.49","","8.66%"
"04/29/2015","13.39","13.44","14.34","12.61","","7.90%"
"04/28/2015","12.41","13.26","14.23","12.41","","-5.41%"
"04/27/2015","13.12","12.34","13.40","12.33","","6.75%"
"04/24/2015","12.29","12.21","13.02","12.16","","-1.52%"
"04/23/2015","12.48","12.96","12.96","12.12","","-1.81%"
"04/22/2015","12.71","12.97","13.80","12.57","","-4.08%"
"04/21/2015","13.25","12.75","13.51","12.66","","-0.38%"
"04/20/2015","13.30","13.67","13.67","12.83","","-4.25%"
"04/17/2015","13.89","13.97","15.02","13.73","","10.24%"
"04/16/2015","12.60","13.27","13.35","12.50","","-1.87%"
"04/15/2015","12.84","13.58","13.58","12.83","","-6.07%"
"04/14/2015","13.67","14.34","14.74","13.64","","-1.94%"
"04/13/2015","13.94","13.17","14.31","12.71","","10.81%"
"04/10/2015","12.58","13.20","13.26","12.51","","-3.90%"
"04/09/2015","13.09","14.14","14.59","13.09","","-6.37%"
"04/08/2015","13.98","14.59","14.77","13.75","","-5.41%"
"04/07/2015","14.78","14.57","14.81","14.01","","0.27%"
"04/06/2015","14.74","15.75","15.76","14.04","","0.48%"
"04/02/2015","14.67","15.30","15.51","14.27","","-2.91%"
"04/01/2015","15.11","15.32","16.66","15.08","","-1.18%"
"03/31/2015","15.29","14.97","15.74","14.33","","5.38%"
"03/30/2015","14.51","14.76","14.76","14.08","","-3.72%"
"03/27/2015","15.07","15.73","15.83","14.19","","-4.62%"
"03/26/2015","15.80","16.64","17.19","15.23","","2.33%"
"03/25/2015","15.44","13.26","15.55","13.20","","13.36%"
"03/24/2015","13.62","13.36","13.68","12.59","","1.57%"
"03/23/2015","13.41","13.52","13.53","12.89","","3.00%"
"03/20/2015","13.02","13.52","13.53","12.54","","-7.46%"
"03/19/2015","14.07","14.68","14.97","13.84","","0.72%"
"03/18/2015","13.97","14.60","16.29","13.38","","-10.79%"
"03/17/2015","15.66","16.31","16.37","15.66","","0.32%"
"03/16/2015","15.61","15.78","15.89","15.36","","-2.44%"
"03/13/2015","16.00","15.47","16.74","15.32","","3.76%"
"03/12/2015","15.42","16.45","16.45","15.30","","-8.60%"
"03/11/2015","16.87","16.44","17.19","16.29","","1.08%"
"03/10/2015","16.69","16.47","16.91","16.03","","10.82%"
"03/09/2015","15.06","15.72","15.76","14.71","","-0.92%"
"03/06/2015","15.20","14.61","15.83","14.18","","8.26%"
"03/05/2015","14.04","14.01","14.58","13.88","","-1.34%"
"03/04/2015","14.23","14.31","15.33","14.13","","2.67%"
"03/03/2015","13.86","13.35","14.69","13.25","","6.29%"
"03/02/2015","13.04","13.90","13.90","12.87","","-2.25%"
"02/27/2015","13.34","14.07","14.17","13.29","","-4.10%"
"02/26/2015","13.91","13.55","14.57","13.55","","0.51%"
"02/25/2015","13.84","13.64","14.06","12.86","","1.10%"
"02/24/2015","13.69","14.50","14.63","13.53","","-5.98%"
"02/23/2015","14.56","15.05","15.48","14.49","","1.82%"
"02/20/2015","14.30","15.73","16.29","14.27","","-6.47%"
"02/19/2015","15.29","16.11","16.22","15.10","","-1.04%"
"02/18/2015","15.45","16.74","16.74","15.44","","-2.22%"
"02/17/2015","15.80","15.86","16.33","15.53","","7.56%"
"02/13/2015","14.69","15.11","15.64","14.69","","-4.24%"
"02/12/2015","15.34","16.39","16.47","15.28","","-9.55%"
"02/11/2015","16.96","17.43","17.81","16.82","","-1.57%"
"02/10/2015","17.23","17.72","18.36","16.97","","-7.12%"
"02/09/2015","18.55","19.16","19.28","18.21","","7.29%"
"02/06/2015","17.29","16.29","18.74","16.06","","2.61%"
"02/05/2015","16.85","17.29","17.43","16.67","","-8.07%"
"02/04/2015","18.33","17.82","18.38","16.82","","5.77%"
"02/03/2015","17.33","18.41","18.89","17.20","","-10.81%"
"02/02/2015","19.43","20.89","22.81","19.35","","-7.34%"
"01/30/2015","20.97","20.23","22.18","19.24","","11.78%"
"01/29/2015","18.76","20.46","21.56","18.66","","-8.22%"
"01/28/2015","20.44","16.97","20.44","16.92","","18.70%"
"01/27/2015","17.22","17.60","18.41","16.67","","10.95%"
"01/26/2015","15.52","16.96","17.43","15.52","","-6.84%"
"01/23/2015","16.66","16.79","17.09","15.81","","1.59%"
"01/22/2015","16.40","17.98","19.23","16.07","","-13.00%"
"01/21/2015","18.85","20.92","21.28","18.64","","-5.23%"
"01/20/2015","19.89","20.07","21.37","19.58","","-5.06%"
"01/16/2015","20.95","22.80","23.43","20.95","","-6.43%"
"01/15/2015","22.39","21.23","23.31","20.86","","4.24%"
"01/14/2015","21.48","22.87","23.34","21.32","","4.47%"
"01/13/2015","20.56","18.21","21.58","17.65","","4.90%"
"01/12/2015","19.60","18.02","20.44","18.02","","11.68%"
"01/09/2015","17.55","16.44","18.42","16.44","","3.17%"
"01/08/2015","17.01","17.93","18.09","16.99","","-11.91%"
"01/07/2015","19.31","20.15","20.72","19.04","","-8.57%"
"01/06/2015","21.12","20.33","22.90","19.52","","6.02%"
"01/05/2015","19.92","19.19","21.29","19.19","","11.97%"
"01/02/2015","17.79","17.76","20.14","17.05","","-7.34%"
"12/31/2014","19.20","15.91","19.91","15.86","","20.60%"
"12/30/2014","15.92","15.90","16.20","15.48","","5.71%"
"12/29/2014","15.06","16.04","16.14","15.06","","3.86%"
"12/26/2014","14.50","14.60","14.84","14.13","","0.90%"
"12/24/2014","14.37","14.52","14.54","14.01","","-2.91%"
"12/23/2014","14.80","14.47","15.21","14.32","","-2.95%"
"12/22/2014","15.25","16.32","16.88","15.03","","-7.52%"
"12/19/2014","16.49","16.57","17.20","16.11","","-1.90%"
"12/18/2014","16.81","17.14","18.51","16.07","","-13.53%"
"12/17/2014","19.44","23.90","24.61","19.26","","-17.52%"
"12/16/2014","23.57","23.55","25.20","19.60","","15.43%"
"12/15/2014","20.42","19.59","24.83","17.77","","-3.13%"
"12/12/2014","21.08","20.51","23.06","18.34","","4.98%"
"12/11/2014","20.08","17.68","20.13","15.94","","8.36%"
"12/10/2014","18.53","15.56","18.92","15.40","","24.45%"
"12/09/2014","14.89","16.23","16.68","14.84","","4.79%"
"12/08/2014","14.21","13.05","14.67","12.55","","20.22%"
"12/05/2014","11.82","12.08","12.28","11.53","","-4.52%"
"12/04/2014","12.38","12.70","13.23","12.09","","-0.72%"
"12/03/2014","12.47","12.75","12.88","12.21","","-2.96%"
"12/02/2014","12.85","14.10","14.17","12.85","","-10.08%"
"12/01/2014","14.29","14.16","14.75","13.94","","7.20%"
"11/28/2014","13.33","12.64","13.49","12.36","","10.44%"
"11/26/2014","12.07","12.27","12.40","11.91","","-1.47%"
"11/25/2014","12.25","12.55","13.02","12.23","","-2.93%"
"11/24/2014","12.62","12.92","13.02","12.43","","-2.17%"
"11/21/2014","12.90","13.16","13.80","12.90","","-5.01%"
"11/20/2014","13.58","14.66","15.74","13.58","","-2.72%"
"11/19/2014","13.96","14.01","14.78","13.83","","0.72%"
"11/18/2014","13.86","13.86","13.99","13.13","","-0.93%"
"11/17/2014","13.99","14.70","14.73","13.84","","5.11%"
"11/14/2014","13.31","13.79","14.15","13.31","","-3.48%"
"11/13/2014","13.79","13.33","14.31","12.87","","5.91%"
"11/12/2014","13.02","13.76","13.76","12.99","","0.77%"
"11/11/2014","12.92","12.71","13.18","12.60","","1.97%"
"11/10/2014","12.67","13.16","13.25","12.38","","-3.43%"
"11/07/2014","13.12","13.71","14.16","13.01","","-4.02%"
"11/06/2014","13.67","14.46","15.08","13.67","","-3.53%"
"11/05/2014","14.17","14.15","14.99","14.15","","-4.84%"
"11/04/2014","14.89","15.05","15.93","14.83","","1.09%"
"11/03/2014","14.73","14.41","14.99","14.23","","4.99%"
"10/31/2014","14.03","13.84","14.83","13.72","","-3.37%"
"10/30/2014","14.52","15.31","15.75","14.07","","-4.16%"
"10/29/2014","15.15","14.61","16.28","14.19","","5.28%"
"10/28/2014","14.39","15.69","15.78","14.39","","-10.29%"
"10/27/2014","16.04","17.24","17.87","16.00","","-0.43%"
"10/24/2014","16.11","16.43","18.06","16.09","","-2.54%"
"10/23/2014","16.53","16.07","17.06","15.68","","-7.50%"
"10/22/2014","17.87","16.06","18.43","15.56","","11.13%"
"10/21/2014","16.08","17.72","17.75","16.03","","-13.41%"
"10/20/2014","18.57","22.11","22.16","18.51","","-15.55%"
"10/17/2014","21.99","21.68","23.08","20.23","","-12.74%"
"10/16/2014","25.20","29.26","29.41","24.61","","-4.00%"
"10/15/2014","26.25","26.36","31.06","24.64","","15.18%"
"10/14/2014","22.79","23.77","24.55","21.48","","-7.51%"
"10/13/2014","24.64","21.16","24.64","20.52","","16.01%"
"10/10/2014","21.24","19.11","22.06","18.14","","13.22%"
"10/09/2014","18.76","15.64","19.38","15.34","","24.16%"
"10/08/2014","15.11","17.35","18.03","14.97","","-12.15%"
"10/07/2014","17.20","16.18","17.46","15.97","","11.25%"
"10/06/2014","15.46","14.46","15.77","14.05","","6.25%"
"10/03/2014","14.55","15.16","15.43","14.44","","-9.96%"
"10/02/2014","16.16","16.70","17.98","15.90","","-3.29%"
"10/01/2014","16.71","16.44","17.56","16.08","","2.45%"
"09/30/2014","16.31","15.49","16.43","15.18","","2.07%"
"09/29/2014","15.98","16.96","17.08","15.45","","7.61%"
"09/26/2014","14.85","15.77","15.98","14.31","","-5.05%"
"09/25/2014","15.64","14.11","16.69","14.03","","17.86%"
"09/24/2014","13.27","14.62","14.93","13.24","","-11.12%"
"09/23/2014","14.93","14.82","14.94","13.83","","9.06%"
"09/22/2014","13.69","13.14","13.98","13.13","","13.05%"
"09/19/2014","12.11","11.73","12.61","11.52","","0.67%"
"09/18/2014","12.03","12.55","12.58","11.98","","-4.90%"
"09/17/2014","12.65","13.06","14.53","11.73","","-0.63%"
"09/16/2014","12.73","14.48","14.53","12.72","","-9.84%"
"09/15/2014","14.12","13.54","14.19","13.54","","6.09%"
"09/12/2014","13.31","12.85","14.27","12.85","","3.98%"
"09/11/2014","12.80","13.53","13.67","12.66","","-0.62%"
"09/10/2014","12.88","13.36","14.06","12.86","","-4.59%"
"09/09/2014","13.50","12.70","13.91","12.70","","6.64%"
"09/08/2014","12.66","12.64","13.09","12.40","","4.71%"
"09/05/2014","12.09","12.37","13.18","11.96","","-4.35%"
"09/04/2014","12.64","12.40","12.99","11.70","","2.27%"
"09/03/2014","12.36","12.03","12.55","11.91","","0.90%"
"09/02/2014","12.25","12.32","13.41","12.23","","2.25%"
"08/29/2014","11.98","11.86","12.44","11.78","","-0.58%"
"08/28/2014","12.05","12.38","12.73","12.05","","2.29%"
"08/27/2014","11.78","11.69","11.93","11.54","","1.29%"
"08/26/2014","11.63","11.33","11.93","11.33","","-0.60%"
"08/25/2014","11.70","11.58","11.77","11.24","","2.01%"
"08/22/2014","11.47","11.88","12.48","11.47","","-2.47%"
"08/21/2014","11.76","11.93","13.51","11.52","","-0.17%"
"08/20/2014","11.78","12.23","12.24","11.60","","-3.52%"
"08/19/2014","12.21","12.14","12.46","11.91","","-0.89%"
"08/18/2014","12.32","12.85","12.85","12.26","","-6.31%"
"08/15/2014","13.15","11.91","14.94","11.89","","5.88%"
"08/14/2014","12.42","13.05","13.13","12.42","","-3.72%"
"08/13/2014","12.90","13.57","13.93","12.84","","-8.70%"
"08/12/2014","14.13","14.42","14.74","13.76","","-0.70%"
"08/11/2014","14.23","15.16","15.16","13.72","","-9.77%"
"08/08/2014","15.77","16.43","17.09","15.53","","-5.34%"
"08/07/2014","16.66","15.50","17.25","15.44","","1.77%"
"08/06/2014","16.37","17.22","17.30","15.70","","-2.96%"
"08/05/2014","16.87","15.54","17.14","15.10","","11.57%"
"08/04/2014","15.12","16.64","16.80","14.69","","-11.22%"
"08/01/2014","17.03","16.67","17.57","15.52","","0.47%"
"07/31/2014","16.95","14.35","17.11","14.26","","27.16%"
"07/30/2014","13.33","12.63","14.07","12.53","","0.38%"
"07/29/2014","13.28","12.35","13.35","12.12","","5.73%"
"07/28/2014","12.56","12.93","13.64","12.54","","-1.02%"
"07/25/2014","12.69","12.03","12.75","12.03","","7.18%"
"07/24/2014","11.84","11.43","12.06","11.43","","2.78%"
"07/23/2014","11.52","11.54","12.16","11.41","","-5.88%"
"07/22/2014","12.24","11.97","12.24","11.69","","-4.45%"
"07/21/2014","12.81","12.85","13.62","12.46","","6.22%"
"07/18/2014","12.06","13.34","13.55","12.04","","-17.06%"
"07/17/2014","14.54","11.35","15.38","10.85","","32.18%"
"07/16/2014","11.00","10.81","11.45","10.59","","-8.03%"
"07/15/2014","11.96","11.53","12.47","11.46","","1.18%"
"07/14/2014","11.82","11.60","11.83","11.40","","-2.15%"
"07/11/2014","12.08","12.50","12.68","12.07","","-4.05%"
"07/10/2014","12.59","13.22","13.23","12.05","","8.07%"
"07/09/2014","11.65","11.74","12.05","11.50","","-2.75%"
"07/08/2014","11.98","11.72","12.51","11.72","","5.74%"
"07/07/2014","11.33","11.15","11.54","11.01","","9.79%"
"07/03/2014","10.32","10.47","10.76","10.28","","-4.62%"
"07/02/2014","10.82","11.18","11.18","10.56","","-2.96%"
"07/01/2014","11.15","11.28","11.42","10.92","","-3.63%"
"06/30/2014","11.57","11.75","11.81","11.30","","2.75%"
"06/27/2014","11.26","11.72","12.04","11.19","","-3.18%"
"06/26/2014","11.63","11.51","12.51","11.50","","0.35%"
"06/25/2014","11.59","12.31","12.33","11.37","","-4.45%"
"06/24/2014","12.13","11.02","12.27","10.87","","10.47%"
"06/23/2014","10.98","11.26","11.35","10.92","","1.20%"
"06/20/2014","10.85","10.40","11.02","10.34","","2.17%"
"06/19/2014","10.62","10.53","10.82","10.42","","0.09%"
"06/18/2014","10.61","11.80","11.91","10.57","","-12.02%"
"06/17/2014","12.06","12.81","12.89","12.06","","-4.66%"
"06/16/2014","12.65","12.65","12.87","12.28","","3.86%"
"06/13/2014","12.18","12.45","12.69","11.89","","-3.03%"
"06/12/2014","12.56","11.81","12.81","11.71","","8.28%"
"06/11/2014","11.60","11.42","11.87","11.19","","5.55%"
"06/10/2014","10.99","11.30","11.66","10.93","","-1.43%"
"06/09/2014","11.15","11.23","11.51","10.99","","3.91%"
"06/06/2014","10.73","11.32","11.39","10.73","","-8.13%"
"06/05/2014","11.68","12.09","12.34","11.44","","-3.31%"
"06/04/2014","12.08","12.15","12.33","11.91","","1.77%"
"06/03/2014","11.87","12.03","12.13","11.72","","2.50%"
"06/02/2014","11.58","11.69","12.17","11.29","","1.58%"
"05/30/2014","11.40","11.66","11.70","11.32","","-1.47%"
"05/29/2014","11.57","11.58","11.82","11.41","","-0.94%"
"05/28/2014","11.68","11.60","11.86","11.50","","1.48%"
"05/27/2014","11.51","11.69","11.84","11.50","","1.32%"
"05/23/2014","11.36","11.96","11.97","11.36","","-5.57%"
"05/22/2014","12.03","11.93","12.09","11.68","","1.01%"
"05/21/2014","11.91","12.38","12.46","11.80","","-8.10%"
"05/20/2014","12.96","12.69","13.30","12.32","","4.35%"
"05/19/2014","12.42","13.17","13.21","12.28","","-0.16%"
"05/16/2014","12.44","13.31","13.66","12.26","","-5.54%"
"05/15/2014","13.17","12.73","13.77","12.72","","8.22%"
"05/14/2014","12.17","12.42","12.51","12.03","","0.33%"
"05/13/2014","12.13","12.36","12.74","12.05","","-0.82%"
"05/12/2014","12.23","12.46","12.58","11.88","","-5.34%"
"05/09/2014","12.92","13.55","14.03","12.87","","-3.80%"
"05/08/2014","13.43","13.69","13.88","12.92","","0.22%"
"05/07/2014","13.40","13.64","14.49","13.39","","-2.90%"
"05/06/2014","13.80","13.65","13.90","13.28","","3.84%"
"05/05/2014","13.29","13.95","14.20","13.08","","2.94%"
"05/02/2014","12.91","13.15","13.50","12.83","","-2.57%"
"05/01/2014","13.25","13.64","13.75","13.10","","-1.19%"
"04/30/2014","13.41","14.05","14.18","13.34","","-2.19%"
"04/29/2014","13.71","13.88","14.24","13.61","","-1.86%"
"04/28/2014","13.97","14.27","15.28","13.82","","-0.64%"
"04/25/2014","14.06","13.93","14.67","13.91","","5.56%"
"04/24/2014","13.32","13.36","14.08","13.09","","0.38%"
"04/23/2014","13.27","13.35","13.75","13.27","","0.61%"
"04/22/2014","13.19","13.13","13.26","12.90","","-0.45%"
"04/21/2014","13.25","14.10","14.11","13.17","","-0.82%"
"04/17/2014","13.36","14.09","14.17","13.07","","-5.78%"
"04/16/2014","14.18","14.89","15.27","14.05","","-9.16%"
"04/15/2014","15.61","16.14","17.50","15.47","","-3.10%"
"04/14/2014","16.11","16.14","17.40","16.10","","-5.40%"
"04/11/2014","17.03","16.66","17.85","15.89","","7.17%"
"04/10/2014","15.89","13.98","16.38","13.81","","14.98%"
"04/09/2014","13.82","14.58","14.94","13.70","","-7.19%"
"04/08/2014","14.89","15.59","16.20","14.81","","-4.37%"
"04/07/2014","15.57","14.96","16.01","14.57","","11.53%"
"04/04/2014","13.96","12.88","14.55","12.60","","4.41%"
"04/03/2014","13.37","13.02","13.70","13.02","","2.14%"
"04/02/2014","13.09","13.17","13.35","12.92","","-0.08%"
"04/01/2014","13.10","13.43","13.56","13.06","","-5.62%"
"03/31/2014","13.88","13.88","14.16","13.57","","-3.68%"
"03/28/2014","14.41","14.15","14.86","13.73","","-1.44%"
"03/27/2014","14.62","15.00","15.63","14.49","","-2.08%"
"03/26/2014","14.93","13.64","15.28","13.46","","6.49%"
"03/25/2014","14.02","14.16","15.05","13.96","","-7.09%"
"03/24/2014","15.09","14.70","16.07","14.56","","0.60%"
"03/21/2014","15.00","13.96","15.17","13.77","","3.31%"
"03/20/2014","14.52","15.58","15.62","14.50","","-3.97%"
"03/19/2014","15.12","14.56","15.95","13.89","","4.13%"
"03/18/2014","14.52","15.42","15.47","14.16","","-7.16%"
"03/17/2014","15.64","16.39","16.40","15.37","","-12.23%"
"03/14/2014","17.82","16.74","18.22","16.09","","9.86%"
"03/13/2014","16.22","14.28","16.66","14.24","","12.09%"
"03/12/2014","14.47","15.37","15.64","14.43","","-2.23%"
"03/11/2014","14.80","14.22","14.93","13.84","","4.23%"
"03/10/2014","14.20","14.76","15.28","14.20","","0.64%"
"03/07/2014","14.11","13.51","14.43","13.51","","-0.70%"
"03/06/2014","14.21","13.82","14.42","13.73","","2.30%"
"03/05/2014","13.89","14.13","14.32","13.81","","-1.49%"
"03/04/2014","14.10","14.53","14.54","14.00","","-11.87%"
"03/03/2014","16.00","16.47","16.78","15.38","","14.29%"
"02/28/2014","14.00","14.22","14.79","13.49","","-0.28%"
"02/27/2014","14.04","14.56","14.69","13.92","","-2.16%"
"02/26/2014","14.35","13.83","14.54","13.73","","4.97%"
"02/25/2014","13.67","14.17","14.83","13.66","","-3.94%"
"02/24/2014","14.23","14.83","14.83","13.97","","-3.07%"
"02/21/2014","14.68","14.74","14.79","14.19","","-0.74%"
"02/20/2014","14.79","15.28","15.80","14.59","","-4.58%"
"02/19/2014","15.50","14.85","15.73","14.12","","11.75%"
"02/18/2014","13.87","13.95","14.51","13.77","","2.21%"
"02/14/2014","13.57","14.21","14.22","13.44","","-4.03%"
"02/13/2014","14.14","15.24","15.24","13.98","","-1.12%"
"02/12/2014","14.30","14.31","14.64","14.02","","-1.45%"
"02/11/2014","14.51","15.29","15.29","14.08","","-4.91%"
"02/10/2014","15.26","15.63","15.76","15.10","","-0.20%"
"02/07/2014","15.29","16.15","16.31","15.09","","-11.26%"
"02/06/2014","17.23","19.09","19.09","17.09","","-13.63%"
"02/05/2014","19.95","19.59","20.72","19.13","","4.40%"
"02/04/2014","19.11","19.99","20.07","18.44","","-10.87%"
"02/03/2014","21.44","18.57","21.48","18.34","","16.46%"
"01/31/2014","18.41","18.71","18.99","17.27","","6.48%"
"01/30/2014","17.29","16.37","17.39","15.96","","-0.35%"
"01/29/2014","17.35","17.95","18.04","16.71","","9.81%"
"01/28/2014","15.80","17.27","17.28","15.80","","-9.30%"
"01/27/2014","17.42","17.29","18.99","16.85","","-3.97%"
"01/24/2014","18.14","14.95","18.14","14.92","","31.74%"
"01/23/2014","13.77","13.67","14.66","13.67","","7.24%"
"01/22/2014","12.84","12.57","13.12","12.55","","-0.23%"
"01/21/2014","12.87","12.63","13.42","12.61","","3.46%"
"01/17/2014","12.44","12.34","12.93","12.04","","-0.72%"
"01/16/2014","12.53","12.32","12.66","12.28","","2.04%"
"01/15/2014","12.28","12.15","12.40","11.81","","0.00%"
"01/14/2014","12.28","12.89","12.90","11.96","","-7.53%"
"01/13/2014","13.28","12.18","13.65","11.82","","9.39%"
"01/10/2014","12.14","12.60","12.90","12.14","","-5.82%"
"01/09/2014","12.89","12.83","13.26","12.83","","0.16%"
"01/08/2014","12.87","13.04","13.24","12.86","","-0.39%"
"01/07/2014","12.92","12.38","13.28","12.16","","-4.65%"
"01/06/2014","13.55","13.41","14.00","13.22","","-1.53%"
"01/03/2014","13.76","14.06","14.22","13.57","","-3.30%"
"01/02/2014","14.23","14.32","14.59","14.00","","3.72%"