Date,Actual,Naive (Mean),Linear Regression,SVR (RBF),"ARIMA(1,0,1)","GARCH(1,1)",Sentiment + LightGBM,TF-IDF + RF,TF-IDF + LightGBM,TF-IDF + BiLSTM,TF-IDF + Hybrid(RF->BiLSTM),FinBERT + Ridge,FinBERT + LightGBM,FinBERT + BiLSTM,TF-IDF + Transformer,FinBERT + Transformer,TF-IDF + Stacking,FinBERT + Stacking,Weighted Blending (Top-3),RF (Fin Only),LightGBM (Fin Only),BiLSTM (Fin Only)
2024-03-19,0.002491542470512975,0.0007082246186505592,-0.0008381234220844894,-0.014087523282448146,0.005295578043268669,0.0023926295040755624,0.000583324248788648,0.0003821542282916081,0.000508930078266998,0.0061700065,0.0010594398,-0.003311053236976348,0.0005694415738779951,-0.0007961511,0.0016702267,-0.0006921117,0.0007034598603497952,0.0006946509580500001,0.000916021774275631,0.0005043874545320462,0.000631589442387781,-0.0003799887
2024-03-20,0.011856716145655088,0.0007082246186505592,0.0025878917060811173,-0.02291276900158127,-0.0009843695359763424,0.001038476804413929,0.0007049271649806079,0.0005823739044973278,0.0005671270054933898,-0.00022942782,-0.0007970821,-0.000381940175950913,0.0007301470201874597,0.00029460643,0.0014807908,-0.00044357523,0.0007102027182928021,0.0007057532623573165,0.0009259464506147306,0.0005307007424173188,0.0007416312868727285,-0.001413859
2024-03-21,0.0047321810847962276,0.0007082246186505592,0.0005334797659889881,0.012868571542843054,0.0013316727512416885,0.0005924237989847264,0.0006380240209881122,0.0006058613905283345,0.0006915965429799107,-0.002602104,0.000111347064,0.00023813875476681105,0.000901952313866387,-0.006978743,0.0011340404,-4.457801e-05,0.0007087591335314433,0.0007049273753537739,0.0009092336242953198,0.0005741713919212329,0.0007066515351873897,0.003373527
2024-03-22,0.001143831161549258,0.0007082246186505592,0.00018420975766280127,-0.00034107218256709815,0.0004775172334615534,0.0009333254170870064,0.0009684101713791837,0.0005625356173959379,0.000738391849386658,-0.0043352824,0.00043926085,-0.0010051798672565406,0.0009164377730750817,-0.0049019186,0.0010179959,-0.0006222811,0.000707049509196647,0.0007079711027386707,0.0008909906045771387,0.0006276781681952971,0.0008278688603712064,0.0024402658
2024-03-25,-0.003629194856400342,0.0007082246186505592,0.003140096557673445,0.008300282639571752,0.0007925294647065212,0.0011055881366504603,0.000685424944622277,0.0004699638224801291,0.0006371126143980172,0.0031921838,-0.004479147,0.003997612227077596,0.0007114330784172112,-0.0036306006,0.0011021472,-0.0023702143,0.0007093864886199526,0.0007097511812981302,0.0008168545197325481,0.0005282611848162513,0.0007336047229463819,0.0024076907
2024-03-26,-0.0032377012321251897,0.0007082246186505592,0.0006098574148023057,-0.0002985559440126786,0.0006763530732083676,0.0013348919073855215,0.0006380240209881122,0.0006194614270406562,0.0008872815476547108,-0.002269614,-0.003180834,0.002232275307279892,0.0008276217221065136,0.0016948923,0.0009973098,-0.0004895192,0.0007096093567396771,0.0007137061078205652,0.0009040175703841588,0.0006287340591045048,0.0007557317462752839,0.0052222293
2024-03-27,0.0034061174772173075,0.0007082246186505592,0.0019211407502418018,0.002445719110906435,0.0007191988823637475,0.0013159297154996144,0.000583324248788648,0.0006451411887504733,0.0006872953357914435,-0.00020991522,-0.0010368923,0.005495421921468757,0.0009439363323772776,-0.0029393316,0.0011550724,-3.919869e-05,0.0007103651436188165,0.0007206744932567294,0.0009288265138266527,0.0005693895104098853,0.0007974016872233093,-0.0014032484
2024-03-28,-0.0018434008497628662,0.0007082246186505592,0.0029975902603269454,0.0003356151874481018,0.0007033973641851733,0.0009970406247975616,0.0008232777228848199,0.0005887588079210111,0.0004998122300743697,0.0026230551,0.0014013938,0.003215637840104501,0.0006265048885467021,-0.0043671094,0.0010383623,-0.00018036112,0.0007101185992903715,0.000707426555506794,0.000721532636100503,0.0005411324776243581,0.000666763739631201,-0.00027524307
2024-04-01,0.0021170694353731534,0.0007082246186505592,0.0019216978921084709,-0.007617865020774371,0.000709224958100889,0.0012507836828990074,0.0006380240209881122,0.0005688283875808769,0.0006721057337724686,0.0015194968,-0.0029447405,0.0021402835362832706,0.0006440736946281597,0.0009196338,0.00095342856,0.00010101006,0.0007084988652468452,0.0007100611357118901,0.0007564690489170775,0.0005279282675847783,0.0006695455305514123,-0.0011900826
2024-04-02,-0.008630183166647876,0.0007082246186505592,0.00048414073465030065,-0.00578705681031345,0.0007070757436733452,0.0010598105901595224,0.000685424944622277,0.0004662565285769551,0.0005306760635379417,-0.003882027,-0.0014339961,-0.002722457945748668,0.000689727574665611,0.0032623403,0.0010143258,0.00044135444,0.0007040091575479378,0.0007004670074084418,0.0007449107641042808,0.0004486634655561189,0.0006137084276349532,0.0009255656
2024-04-03,0.0022443381469474666,0.0007082246186505592,0.0025601472973900558,0.002009602035054757,0.0007078683731397028,0.0015779522741763462,0.000685424944622277,0.00045178204061708914,0.00034459597915433536,-0.003801178,0.0012682448,0.0009236233831450032,0.00091711964324936,-0.006660659,0.0010779395,0.00031254694,0.0007050162544546787,0.000709023757698511,0.000780072073103756,0.000488844267909591,0.0004816870489197914,0.0024317484
2024-04-04,-0.015290658222121833,0.0007082246186505592,0.0007763669120254037,-0.005684897506108324,0.000707576051692905,0.0010491006013170175,0.0006380240209881122,0.0007451928879920476,0.0002949996931427729,-0.0017792045,0.0020004245,0.00176221994639037,0.00024830656865165886,-0.008754883,0.0010631746,5.2953816e-05,0.0007043320918826219,0.0007011224943321808,0.00053532751861051,0.0005423930017871126,0.0006479377997732082,-0.000867283
2024-04-05,0.011783893049111205,0.0007082246186505592,0.003981474763941602,0.004377912781734195,0.0007076838597316985,0.001893214468567901,0.0010640255013266518,0.00048626120118475314,0.0005770580623718017,0.0011786966,-0.0008341718,0.0032385889612188213,0.0006403823989020431,-0.003260494,0.0010339811,-0.0014087309,0.000711297546414102,0.0007077158313016442,0.0007504260754856871,0.00045726357348740873,0.0006851527827269612,-0.0047979546
2024-04-08,0.0002951392830385924,0.0007082246186505592,-0.0015078916035250966,0.007905743869989476,0.0007076441001678491,0.0005726183859387497,0.0016609220974489929,0.0005689578207199402,0.000608519427239423,0.0023799147,0.0001357632,0.001682334136556577,0.00092605459962354,-0.0032872779,0.0010383734,-0.0011448797,0.0007075780808874785,0.0007118305140265614,0.0008577486738061458,0.0005498544701013056,0.0007869052874590867,-0.0025230688
2024-04-09,0.0036995006808897557,0.0007082246186505592,0.0006173816390948096,0.011252008635392736,0.0007076587634799285,0.0011398243563055755,0.0008516224128721256,0.0006241317629401286,0.000990913575674196,0.0065668533,0.0013263712,-0.0037455455091845906,0.0004473132085474233,0.0014471156,0.0010297968,-0.0004737948,0.0007095866460861091,0.0006868651052005311,0.0008223630143394673,0.0006121576916558797,0.0007913953807456544,-0.008954747
2024-04-10,-0.008728489699929898,0.0007082246186505592,0.0006702329931992386,0.003766296991730837,0.0007076533556559908,0.0009712087001930717,0.0009684101713791837,0.0004529844031730898,0.0007922637271295614,0.008429738,-0.0012663918,0.0015224040691597354,0.000851885700698794,0.0052219694,0.0011399589,-0.001229347,0.0007083189590201632,0.0007092318123877346,0.0009280061418930616,0.0004742756160261996,0.0007779850745908497,0.0013611595
2024-04-11,0.015968246002235453,0.0007082246186505592,-0.0019639989604948054,0.006709766912528278,0.0007076553500594095,0.0015869448547814488,0.0007814258193157204,0.0006341180259983364,0.0007195617599836569,-0.0020176915,0.0058780843,-0.0015669096287400234,0.0008596475338801667,0.002753871,0.0010670756,-0.0010433991,0.0007014981214498699,0.000704785774362014,0.0008821101214231724,0.0005922153759534254,0.0007467437802189344,-0.004111864
2024-04-12,-0.015941801199003125,0.0007082246186505592,-0.0025297847429714576,-0.003123229118468812,0.0007076546145241845,0.0003506620061793597,0.0012739320782111422,0.0005979102029143442,0.0006841520500064028,-3.4136465e-05,4.621118e-05,-0.0040593315920330435,0.0008176217892028057,0.0053843744,0.001059975,-0.001313993,0.000703578634651799,0.0007019453093579078,0.0008539225622001491,0.000542846824492527,0.0007204123016155477,-0.0025360663
2024-04-15,-0.016451046158760585,0.0007082246186505592,0.0034007159783407946,-0.0006293528293350231,0.0007076548857892968,0.001977004126661725,0.0008929546132775091,0.00048220453650781237,0.0007587610775444107,0.006832448,0.00503155,0.001709817801521611,0.0005367625200607811,0.0041338857,0.001123671,-0.0009646502,0.0007108331711990199,0.0007089208111888664,0.0008062073839304043,0.00048342699880238896,0.0007445210815158428,-0.0028501074
2024-04-16,9.279450656518584e-05,0.0007082246186505592,-0.0006351491301546763,-0.030065921449132376,0.0007076547857468262,0.0019695450803167524,0.0007117058480200115,0.0004328588180588367,0.0008043566934020722,-0.002362589,-0.0019730492,-0.0006121183346861426,0.0009401718039291769,-0.015962081,0.0011905795,-0.0005979438,0.0007066915063866004,0.000702553699595261,0.0009783750293920993,0.0004047440125087208,0.0007748250615433951,0.0024788235
2024-04-17,-0.012201345395499996,0.0007082246186505592,-0.003681170966654229,0.009096588742604791,0.0007076548226424514,0.0011423127970501643,0.0012739320782111422,0.0003850107716314908,0.0007498764820200609,-0.003436621,-0.001689579,-0.003477885358637328,0.0006551113760668052,-0.007248803,0.001191195,7.5014985e-05,0.0007022105367919093,0.0006959175037308516,0.0008652608135409539,0.0004840840462544833,0.0006620325593318118,0.00714897
2024-04-18,-0.0057063685891413085,0.0007082246186505592,0.0037277331487419146,-0.016469074087355394,0.0007076548090353588,0.0017500621475006223,0.0004116164019577338,0.0002863026250455112,0.0007327430915334247,0.0015987989,0.008370244,0.0007775538355551696,0.0006576506178934547,-0.003576096,0.0013205274,0.0008997049,0.0007111508154764675,0.0007082003624768548,0.0009034912373866135,0.00013784702251391982,0.0007938297046455008,0.010015231
2024-04-19,-0.020689166528896408,0.0007082246186505592,0.0010091979138423328,-0.00039533222133858025,0.0007076548140536494,0.0014215317837884644,0.000685424944622277,0.0012687785536596348,0.0009722116161686464,0.003702664,-0.0012930195,0.002766280477633308,0.0005199165457118874,0.006969968,0.001296377,-0.0012480218,0.000715279206294501,0.0007183168933853368,0.0009291893879250738,0.0013555008324455686,0.0006452785572550147,0.019535894
2024-04-22,0.010056674303629665,0.0007082246186505592,0.004275284274430493,0.01817525350946895,0.0007076548122029058,0.0021500103449309236,-0.00032002294890495124,0.0015695157533093026,0.0008672463506858678,0.0063148923,-0.0054060235,0.004258678299660241,0.0007342299072569313,0.003154207,0.0017780287,0.0013244699,0.0007195168679086475,0.0007194512288356727,0.0011262612302586688,0.0018877856026896333,0.0005934531163346451,0.0016662499
2024-04-23,0.01492287856358332,0.0007082246186505592,-0.0006744632013256347,0.007536159715245319,0.0007076548128854593,0.0006429539001062174,0.0013376050261621323,0.0005727337276590934,0.0008839662992748263,0.009635391,-0.008719457,0.0015994119613509383,0.00028093295408184176,0.0059500337,0.0018127379,-0.00013495356,0.0007115801690418692,0.0007058841592850676,0.0009920388112550857,0.00047903880553941126,0.0007939510904367782,0.007984908
2024-04-24,0.0033876773237349056,0.0007082246186505592,0.00038874254705987697,-0.010786540476132717,0.0007076548126337338,0.0004117018486653966,0.0006380240209881122,0.0005813242929492465,0.0009280778684479154,0.011446022,0.00022582372,0.0012997301877128312,0.0005616305534130378,0.012134335,0.0022516653,-0.0006346528,0.0007130479290043789,0.0007134853470114698,0.001246678246664738,0.0005696307379196574,0.0009639874814347863,0.0011924282
2024-04-25,-0.004829898478347472,0.0007082246186505592,-2.9750031442441253e-05,-0.012537697875430777,0.0007076548127265701,0.0009763016789448468,0.0007814258193157204,9.657241642266219e-05,0.00039338211878642347,0.0073133083,0.0034088516,0.005248264542520271,0.0010556768487398364,-0.0024704223,0.0019678469,0.0014100268,0.0007006813594276032,0.0007177328232133017,0.0011390526824395363,0.00014995565442361985,0.0007661441402206253,-0.0025148578
2024-04-26,0.015431735186712148,0.0007082246186505592,-0.002171123228758387,-0.014282705859573419,0.0007076548126923321,0.0013744141622047017,0.0006380240209881122,0.000542053211248674,0.0008216276725948834,0.0075520948,0.005087354,-0.004005259498837205,0.0006066687997528086,-0.0030568808,0.0010364561,0.0004926089,0.0007000934196456255,0.0007002643148185241,0.0008214246700961507,0.0005840030499721695,0.0006423627637173955,0.0030298533
2024-04-29,0.004060324825986061,0.0007082246186505592,0.0009301943414940374,0.009791325224353546,0.000707654812704959,0.0003872634461213889,0.0008929546132775091,-0.0035238850127902632,0.0009745709305691439,0.018530523,0.0037817638,0.0033450848855636813,0.0008051428570909467,-0.0009677678,0.0006895314,-0.0014921587,0.0006905689496922318,0.0006935819578409499,0.0008230387693443547,-0.003235209790200311,0.0008857070997117478,0.026343085
2024-04-30,-0.018856152512998325,0.0007082246186505592,0.0028766576193138935,0.011119901459179207,0.0007076548127003022,0.0009469251875112022,0.0013554001906170344,0.0006769123209961112,0.0010318255613462862,0.010961834,0.009014426,0.003996414572867111,0.0005305481750605848,0.0003171733,0.0010467321,1.7217106e-05,0.0007154720997235134,0.0007143066509056298,0.0008694184965571685,0.0006667983334894645,0.0009007953247325738,0.008278869
2024-05-01,-0.0072305047222025465,0.0007082246186505592,0.0016446936753178607,-0.0011413569825432695,0.0007076548127020197,0.0020658316821975846,0.0007814258193157204,0.0002071828799166569,0.0005820883599534307,-0.004853122,0.0064328234,0.0004403518160530157,0.0007229038296966718,-0.007830911,0.0013200196,-0.0016127091,0.0007081637131340537,0.0007058178326457289,0.0008749483547865068,0.00038389890310200624,0.0007930219415733747,-0.0008158027
2024-05-02,0.012763332700702179,0.0007082246186505592,0.0012803656319153164,0.011188474097679924,0.0007076548127013863,0.0014862504473961658,0.0013376050261621323,0.0008396098279256354,0.0007775173231700338,0.0031993478,0.0018624872,-0.00048786654875853535,0.0006050915428864314,-0.0042341333,0.0021861948,-4.848584e-05,0.0007094691249610333,0.000706160277902031,0.001189248021662191,0.0010192621742370796,0.0009564531265356584,0.0001483818
2024-05-03,0.020098383696416144,0.0007082246186505592,2.0153450468815863e-05,0.0010101124998956159,0.0007076548127016198,0.0005141398405600079,0.0006380240209881122,0.0005598039831877086,0.0006111428017836639,-0.00042571267,-0.007834177,-0.0004836585551679037,0.0006784001936092542,0.0039326902,0.002408297,0.00026576102,0.000706230383152349,0.0006939847402613978,0.0012323236110450533,0.0005303924638696006,0.0007498071543694647,-0.003098961
2024-05-06,0.010953430697161703,0.0007082246186505592,0.0010332915555788605,-0.004791363700283375,0.0007076548127015337,0.00017529536648238102,0.0002727419831334267,0.0002265731782754601,0.0003671106104689704,-0.005476443,-0.006780462,0.0008350914495364348,0.0007220555693803044,0.0052985195,0.0021797144,-0.000973047,0.0007050391699223807,0.0007046304978310547,0.0010894954177295812,0.00022107090363225263,0.00030972477687627093,0.005830778
2024-05-07,0.00015900056785911332,0.0007082246186505592,-0.00018014733540604004,0.014704035315833336,0.0007076548127015655,0.0006237391664589322,0.0007174661351259148,0.0007010169709811003,0.000588608852831679,0.001689395,0.00500497,0.00177012295727469,0.000947915335719855,-0.00079738884,0.0019679023,0.0019218128,0.0007099059711898408,0.0007136872620613363,0.0011680921048997758,0.0006389833305437292,0.0004252471981700625,-0.003661098
2024-05-08,-0.0005904796511627675,0.0007082246186505592,0.0011582729916162016,0.011271828486752436,0.0007076548127015538,0.0011365112265074005,0.0007814258193157204,0.0006520575779053983,0.0006152977629687414,0.007907673,0.0068137394,3.253047467028519e-05,0.0007753779852184045,0.008319321,0.0019506512,-0.0009896581,0.0007102911878272374,0.0007075099463202699,0.00111362201965576,0.000650339542604114,0.0007584304798087954,0.0036438904
2024-05-09,0.0021815207017223948,0.0007082246186505592,-0.0001380841251882631,0.00020328514505111878,0.0007076548127015581,0.0011717905875650665,0.0010152528520097116,0.0005960864853788377,0.0005173221035394412,-0.008062552,0.0107870735,-0.00293353156553716,0.0005844281502509624,0.011867572,0.0018887524,-0.0015748006,0.0007031696318341061,0.0006989927490009594,0.0009966219739281719,0.0007038930904676836,0.0007305600576424549,0.00635554
2024-05-10,0.002358169697519452,0.0007082246186505592,0.002238789777547756,0.009824088766986955,0.0007076548127015565,0.0010426164977748857,0.0006380240209881122,0.0002996228881659869,0.0007719879052542795,0.0017741218,-0.0028461595,0.0024923215800936155,0.0007881722290591124,0.004874156,0.0013764242,-0.0018700596,0.0007123975837076394,0.0007115530853011414,0.0009787604006975404,0.0005546562262584581,0.0007784556990734822,-0.00062981015
2024-05-13,0.002307379088811512,0.0007082246186505592,0.0015844316742572172,0.0016495536993409504,0.000707654812701557,0.0010358613546518835,0.000685424944622277,0.0005785397157504871,0.0005810755203481179,0.00043159025,0.00030718604,0.003704821689197609,0.0008465272632734284,-0.002654467,0.0013033345,-0.00093920645,0.0007079810203566648,0.0007139798679395389,0.0009103295028189158,0.000533695429499194,0.0006530472239619158,0.0016362375
2024-05-14,0.0064322469982847075,0.0007082246186505592,0.002853856240800473,0.0036054178778692275,0.0007076548127015568,0.0010399375577150802,0.000685424944622277,0.0006470213068486793,0.0005725449635336232,0.0032632353,0.0011901403,0.0038363784179240353,0.0006666031603265395,0.0022890824,0.0012304322,-0.00091084954,0.000708838345603722,0.0007108198995256995,0.0008231262598422746,0.0005418732948391774,0.0005930231248987666,0.0021211184
2024-05-15,0.015630255869755194,0.0007082246186505592,0.002165097580150578,-0.005164553076329732,0.0007076548127015569,0.0008520627548133905,0.0006380240209881122,0.0005201577855395937,0.000623817725287173,-0.00052438513,-0.008218648,0.003465767257844362,0.0007557165033184082,-0.010691381,0.0011307069,-0.00078627956,0.0007074967513804901,0.0007123862746704085,0.0008367285532327122,0.0005275125462014706,0.0005930231248987666,-0.004679415
2024-05-16,-0.0020313534996687643,0.0007082246186505592,0.0016845932263456784,0.0013438816196787952,0.0007076548127015569,0.00043514151152891965,0.0006380240209881122,0.0006429611647245295,0.0005955287871510902,-0.003559658,-0.012329493,0.005472491409972844,0.0009996374001806547,0.000505354,0.0009459237,-0.0018284332,0.0007107223259676784,0.0007209883589310541,0.0008471924276382209,0.0006462747978800056,0.0007066515351873897,-0.011638148
2024-05-17,-0.00048674720120367443,0.0007082246186505592,0.0008982847354691936,0.008793389990007564,0.0007076548127015569,0.0012491170649730952,0.000685424944622277,0.0005367260247979113,0.0007061547700530299,0.0001697815,-0.010082746,0.0019474257582413204,0.0005858549908133606,0.0008167501,0.0009475897,-0.0026229706,0.0007073290080137161,0.000706937989692765,0.0007464217988235462,0.0005326072091206608,0.0006821740928684883,-0.010889893
2024-05-20,0.006972728882592705,0.0007082246186505592,-0.0007534098047630696,0.001955568028129992,0.0007076548127015569,0.0011782185608439951,0.0008232777228848199,0.0005461144104484244,0.0004156107260532109,0.0024282173,-0.0030384553,-0.0038068181118288925,0.00042393634992580196,-0.009343228,0.000917041,-0.004158744,0.0006993359411477068,0.000696317534541087,0.0005854426648206806,0.0005866763923698462,0.0006972027488708664,-0.0069598905
2024-05-21,0.0019564309423840687,0.0007082246186505592,-0.0006681221213053897,0.002650949957350386,0.0007076548127015569,0.0008386985952343723,0.0008232777228848199,0.0007675327356400504,0.0006987591319470289,-0.0007113464,-0.0024584965,0.000979165758860011,0.0005441322601690644,0.0018760463,0.00089447724,-0.0009489779,0.0007087975208807714,0.0007070103859053671,0.0007123339629379566,0.0007658785629618887,0.0007196953246534294,0.0029269452
2024-05-22,-0.00019745502413348603,0.0007082246186505592,0.0007966712003108915,-0.0014447331719771766,0.0007076548127015569,0.0010716592160929634,0.000685424944622277,0.0004678011740794897,0.000583665362061675,-0.0037342,0.004208716,-0.0006676617707000721,0.000600467282010261,0.00956402,0.000891382,-0.001023182,0.000705309246030223,0.0007026789866799943,0.0006917915626586886,0.0004987716770438306,0.0007057371908988356,-0.001900184
2024-05-23,-0.004498474907287386,0.0007082246186505592,0.0010428002229634363,0.0023256206754419446,0.0007076548127015569,0.001171257808591768,0.000685424944622277,0.0005355588046707432,0.0005249915123028246,0.0024188226,0.0021208934,0.0005239927397048222,0.000869980600077586,-0.0003247743,0.00087026414,-0.0009963524,0.0007046479886706711,0.0007088578985117702,0.0007552090480007123,0.0005146412533933638,0.0006875252290979665,0.0012907013
2024-05-24,0.009456421108319013,0.0007082246186505592,9.604338037109451e-05,0.008604560644753532,0.0007076548127015569,0.001364556637207051,0.000685424944622277,0.000568702681944875,0.0005861091690763673,0.0029438583,0.00057775073,0.0023503706232130854,0.0007449088178182311,0.0019169233,0.00087156886,-0.0009954732,0.0007049794162941276,0.0007095843363971952,0.0007342325420448415,0.0005000984540896391,0.0006875252290979665,0.001609647
2024-05-28,0.003777704989627706,0.0007082246186505592,-0.0004646117743664032,-0.00016472343965615466,0.0007076548127015569,0.0007274304101714608,0.0006380240209881122,-0.0004052721388755949,0.0006517968703901514,-0.0010337167,0.00073904486,0.0014547273564166092,0.0007408988617438012,0.004185223,0.0008624369,-0.00087491167,0.0006996580249172884,0.0007081496513823075,0.0007517224000197809,0.0005402526367070988,0.0006771179912278543,-0.0007061027
2024-05-29,-0.007048381482770649,0.0007082246186505592,-0.0006487143383361511,-0.005970186236785513,0.0007076548127015569,0.0009933376943027105,0.0006380240209881122,0.0005333310338891629,0.0004897290917901926,0.00061019114,0.00040443835,-0.0019994690358762996,0.000773573288019455,0.004284584,0.0008635853,-0.0008008082,0.000704118934237248,0.0007003711126816141,0.0007090534000812178,0.0005053685214603241,0.0006840969284652396,0.0008485317
2024-05-30,-0.010713346770659826,0.0007082246186505592,-0.00048343036933805534,0.003380764374067817,0.0007076548127015569,0.0014880866409826116,0.000685424944622277,0.0005271980473714812,0.00045870937888164206,0.0024579668,-0.0015790182,0.0013893021005606382,0.0006417388124682653,0.00038084504,0.00086073595,-0.0008393314,0.0007027938230781714,0.0007082833202360589,0.0006537573064993659,0.0004913346289186666,0.0005749608909100881,0.002497084
2024-05-31,-0.0018602591075186359,0.0007082246186505592,0.00046143501638174693,0.006430287406012313,0.0007076548127015569,0.0016384029463623723,0.0006380240209881122,0.0005400245864059185,0.0006599485303898459,0.00649265,-0.0022059535,-0.0014986906737649694,0.0006784001936092542,-0.00070465007,0.0008516119,-0.00067494926,0.000706024143462217,0.0006999314657195807,0.000729962290798128,0.000543369626424803,0.0006477371660530992,0.0030686455
2024-06-03,0.005369306205764257,0.0007082246186505592,0.0001893354403540784,-0.00263244142100691,0.0007076548127015569,0.0012334542532783186,0.0006380240209881122,0.0004113540256049709,0.0005152829116892667,0.0014229196,0.000701805,0.002736652146066741,0.0006551113760668052,0.010208101,0.0008496281,-0.0006820683,0.0007040001513821685,0.0007083294090167025,0.0006733581999555461,0.0005290533208491022,0.0008184525390865961,0.0053864177
2024-06-04,0.0027365215280383826,0.0007082246186505592,-0.0015868813311163714,0.0004952735547786723,0.0007076548127015569,0.0009101529019180043,0.0018698020762020328,0.007917045733152854,0.001744181375775207,-0.0027377857,-0.00042203825,-0.0006711070206933416,0.0014092792708846533,0.0026992809,0.000839077,-0.0010157798,0.000738854696736906,0.0007428549516348094,0.0013308232180021316,0.008102969494813162,0.0010640661718353671,0.0034838547
2024-06-05,0.02015978167572685,0.0007082246186505592,0.0007032739063102596,0.008522053157495768,0.0007076548127015569,0.0010288851219213144,0.000685424944622277,0.0007039447787880108,0.000699490705332523,-0.024696322,0.009606194,-0.0011364312928942733,0.000808003905747935,0.00050099683,0.0008459176,-0.0022079472,0.0007119656837224698,0.0007037840136950421,0.0007845048362890555,0.0005532666428140731,0.0006913427910718088,0.0002670067
2024-06-06,-0.0003451772269323916,0.0007082246186505592,0.00027324080556552174,-0.01480407237273593,0.0007076548127015569,0.00025808523204294277,0.0007049271649806079,0.0005545174527641422,0.0005422500671994323,-0.012418997,0.0014114195,-3.3724798281934212e-06,0.0008395895254943561,0.0052948315,0.0008332607,-0.0017387767,0.0007083636618913536,0.000709991826739324,0.000738480267161,0.0004975606642871034,0.0006345317729008836,-0.0007473496
2024-06-07,-0.0008848220644409599,0.0007082246186505592,-0.0028981347650520904,0.012855558386235803,0.0007076548127015569,0.0011815663121283989,-0.0005358774119103844,0.004069463370349468,0.0008090555508808631,0.009120901,0.0011390666,-0.004584973375716759,0.0007579117563613803,0.0018337416,0.0008492172,-0.00026930243,0.0007131259616666966,0.0007107027806978381,0.0008053588701620637,0.003957848357695581,0.0007384946087412305,-9.389245e-05
2024-06-10,0.004039225851045547,0.0007082246186505592,-0.005109859453874215,-0.003412426114553213,0.0007076548127015569,0.00120539905860568,0.0007814258193157204,0.0012941991987754948,0.00032565531350940843,-0.007932296,0.0044078305,-0.0023683587243908243,0.0006784001936092542,0.0006466822,0.0008259985,-0.00069470075,0.0006974441997794718,0.0007015920368570837,0.0006101243910527939,0.0012613786641608037,0.0006565380283508565,-0.0023464486
2024-06-11,0.006862724006626131,0.0007082246186505592,-0.0009750769400089761,-0.002969221746896472,0.0007076548127015569,0.000986085111886537,0.0008232777228848199,0.0007508432893626473,0.0006818526394665354,-0.0027412314,0.002568853,-0.001134778005922832,0.0007595001975109875,-0.0010865498,0.00080391654,-0.00019709885,0.0007062338986545927,0.0007047154585535888,0.0007484443725475006,0.0007550261504573463,0.0007229673741136216,-0.006622692
2024-06-12,0.013097730866202362,0.0007082246186505592,-0.001033236362444958,0.002239983034514249,0.0007076548127015569,0.0008635017617171795,0.0010152528520097116,0.00024512250325376723,0.0006930801700440004,-0.0020090535,0.00024679292,-0.000640778685695101,0.0010113920627763879,0.007995785,0.0008144451,-0.0014377136,0.0007038111785521259,0.0007037322003224564,0.0008397952552133365,0.00034464638512949947,0.0006847643857197013,-0.00058797654
2024-06-13,0.005420225666983081,0.0007082246186505592,-0.0006237347368260341,-0.0007638691267995443,0.0007076548127015569,0.0005952004890816928,0.0006380240209881122,0.00047102574230635844,0.0006271876229501915,-0.019720947,-0.0026012422,-0.00046423422440203255,0.0006784001936092542,-0.0018335779,0.0008197626,1.0343945e-05,0.000705226234402893,0.0007043134623646908,0.0007084437317688356,0.0005479485614755827,0.0007132771199198858,0.00201299
2024-06-14,0.005181238462829363,0.0007082246186505592,0.0033325629896086215,-0.0070882828696319745,0.0007076548127015569,0.00094008329080146,0.00042063046989401895,0.000602538214021705,0.00041427518188859037,-0.017133519,-0.0014349449,0.0037669908834946,0.0008333164674405091,-0.0024961678,0.00081588543,0.00030443698,0.000709657503268865,0.0007116571044397146,0.0006879871997133521,0.0005515929439644233,0.0006430983492898987,-0.00011218339
2024-06-17,0.012249838268745261,0.0007082246186505592,0.00022554228750256387,0.00312928192580868,0.0007076548127015569,0.0009548802613707119,0.000685424944622277,0.0005447975574943406,0.0006558675381544276,0.00014099316,0.005205625,0.0036988273130614813,0.0004473132085474233,0.0043515107,0.0008154351,-0.0007710282,0.000706728140611031,0.0007028895656608293,0.0006393927461055716,0.0005103854845352322,0.0007384946087412305,0.00015033735
2024-06-18,0.0003092400940090112,0.0007082246186505592,-0.0024567625868823625,0.0011499276040820615,0.0007076548127015569,0.0006533710931937067,0.0006380240209881122,0.0006619654312899996,0.0006954086540605191,-0.0031987245,-0.0070039085,-0.0005932889503746156,0.0006938279024612718,-0.000586685,0.00082632253,-0.0014656906,0.0007024164385011408,0.0007061737513415422,0.0007384949615794183,0.0006611958975543936,0.0006883265396512745,0.0036779777
2024-06-20,-0.007708002720471452,0.0007082246186505592,0.0019027113289188126,0.006331409811565917,0.0007076548127015569,0.001173106343489228,0.000685424944622277,0.0005918473469087155,0.000726643756431891,0.0022376103,-0.0010950748,0.0023489733278798395,0.0007874622129329362,0.0012733878,0.00083389477,-0.000121590936,0.0007100029955375541,0.0007110373820849638,0.0007826814326568833,0.0005442210166120622,0.0006972027488708664,-0.00015115482
2024-06-21,-0.002679294660103526,0.0007082246186505592,0.00031987872171783263,-0.0034935758037062167,0.0007076548127015569,0.0015144519211406765,0.0006380240209881122,0.0005694386353401782,0.00045778509785262243,0.00031859218,-0.0005980317,0.0004398654339629237,0.0007423173889264079,0.0024283251,0.0008199008,0.001919708,0.0007023366473597896,0.0007044768630087915,0.0006734277931551829,0.0005209511828448975,0.0008016176573484862,-0.0014491957
2024-06-24,-0.012953475779915902,0.0007082246186505592,0.0009315325499661957,0.003098345365176269,0.0007076548127015569,0.0012943167710895282,0.0005499260717936306,0.0006497132808449224,0.0007400091906945616,-0.0010630862,-0.0013730113,0.003589695494082927,0.0007938009945902563,0.002527374,0.0008440268,0.0019044715,0.0007073969382500867,0.0007148502986460936,0.0007926235029520876,0.0006435661699897236,0.0007154873767262372,0.0010220532
2024-06-25,0.011435564182631586,0.0007082246186505592,0.002318066204933873,0.0005111993094018838,0.0007076548127015569,0.0017236224714835247,0.0006380240209881122,0.0005008484399518675,0.0007476804027104379,0.0028385278,-1.9376515e-05,0.004941911558051191,0.00073803728016399,0.0025573897,0.0008710466,0.002038284,0.0007089124672837031,0.0007166159632372684,0.0007855602266800145,0.00048427253711506515,0.0007337911712387638,0.0014336979
2024-06-26,0.002065167508031207,0.0007082246186505592,-0.002037776009660316,-0.0015873918091451967,0.0007076548127015569,0.0006797041742084719,0.00022684529263581845,0.0005732401307898321,0.0006672110047529316,0.005433766,-0.0008778091,-0.00017764267156710606,0.0008454693422680431,0.005702489,0.00087778433,0.001711129,0.0007062912411843557,0.0007092180000294012,0.0007968830257667899,0.000528009282749312,0.0006264800181990734,0.0049402574
2024-06-27,0.0025813435476820246,0.0007082246186505592,-0.0017708494476322916,-0.0016662522987839134,0.0007076548127015569,0.001086889823458073,0.0007814258193157204,0.0004935270644851967,0.0006092810232051944,0.005825543,-0.0012118291,-0.004161485565188234,0.0008103565565545287,0.005318098,0.0008777982,0.0020351547,0.0007010355029578567,0.0006982251804895171,0.0007658756098457241,0.0005111624331715242,0.0007223395566034246,0.005023503
2024-06-28,-0.005190922115404617,0.0007082246186505592,0.0002629843347581227,-0.017467555047307303,0.0007076548127015569,0.0010651750587072257,0.0009684101713791837,0.000519166312985029,0.0004153954260196788,0.0021258018,0.0029006633,-0.00043691018448996626,0.0009262909544556599,0.0039377487,0.0008861604,0.0016556538,0.0007067204721518581,0.0007065391853620705,0.0007428159455714408,0.0005353145570417517,0.0007044429116089295,-0.0014589475
2024-07-01,0.0058650414309866505,0.0007082246186505592,-0.0018834418439632032,0.0010297874675333695,0.0007076548127015569,0.0013993851336724112,0.0006380240209881122,0.000528210232418739,0.0006572037154705067,0.005799845,-0.0009692047,0.00041835772701142817,0.0008879928776696082,0.006777468,0.0008744789,0.0016370032,0.0007006848074388707,0.0007098061729440466,0.0008066481587778128,0.0005758768247833311,0.0007069208003372222,-0.0045076227
2024-07-02,0.010499667994687822,0.0007082246186505592,-0.0016318320886840338,-0.002433626663856283,0.0007076548127015569,0.0009204688231033248,0.000685424944622277,0.0005851949783704875,0.0006070823996562331,0.0033031406,0.0021490296,-0.00039189825275226715,0.0006415664945145903,0.009280101,0.00088519923,0.000614722,0.0007014305401429914,0.0007025810066857862,0.0007112513541434405,0.0005797447235577364,0.0006875252290979665,-0.005660962
2024-07-03,0.008337098032773493,0.0007082246186505592,0.0003544744440462808,-0.0015611930932148193,0.0007076548127015569,0.0007271032414771422,0.0006380240209881122,0.0005819266088226158,0.0005799715168850203,0.006207915,0.00907995,0.0015771293489868672,0.00024830656865165886,-0.0004940841,0.0008809971,0.0019213881,0.0007052420530316389,0.0007025358744274559,0.0005695178198834732,0.0005302534467426067,0.0007033647519291174,-0.009585086
2024-07-05,0.010426849136526473,0.0007082246186505592,0.001640313825431301,0.002224153353066323,0.0007076548127015569,0.0008283174176760605,0.0006380240209881122,0.0005625634066844434,0.0007855632423432144,0.0027910734,0.00458687,0.002465803978524646,0.0007379370328096952,0.0016950166,0.0008706092,0.0016804065,0.0007113644840515932,0.0007094681673787538,0.0007979943238400237,0.0005499094928798214,0.0007033647519291174,-0.0011608554
2024-07-08,0.0023782650757819823,0.0007082246186505592,0.00037674253198119424,-0.00961290217912961,0.0007076548127015569,0.0007477299971093883,0.000685424944622277,0.0005088205815613692,0.000601975595845901,0.0024991531,0.0028471905,0.0008011799315045375,0.0007874622129329362,0.00483876,0.00086537166,0.0017375972,0.0007059315740563238,0.000708396607929314,0.0007516590488687138,0.0005442210166120622,0.0005153694465123601,0.001796179
2024-07-09,0.0008645996702456582,0.0007082246186505592,0.0004109540298395043,-0.002435380053358171,0.0007076548127015569,0.0010905428333654462,0.000685424944622277,0.0005327746830986519,0.0006303225412151653,0.009168216,-0.0051564737,0.0025323139557756804,0.000782656765258907,-0.002078328,0.00084712636,0.0031536247,0.0007053238154483874,0.0007113534961208296,0.0007534143676593229,0.0005783485412764331,0.0007229673741136216,0.0013345726
2024-07-10,0.010426502199811116,0.0007082246186505592,3.066147805882557e-05,0.005429924049264676,0.0007076548127015569,0.0011556640375976347,0.000685424944622277,0.0005826759887494235,0.0006730965506026193,0.0072309934,-0.0027161827,0.0008294736113745463,0.0007506115590331549,0.003008302,0.0008606976,0.0025337327,0.0007057529518291456,0.0007091753778662873,0.0007614777997367705,0.0006071204825645744,0.0006972027488708664,0.0021910782
2024-07-11,-0.021930173373628015,0.0007082246186505592,-4.343779796174227e-05,0.0010716874054033767,0.0007076548127015569,0.0007595309249541697,0.000583324248788648,0.000598990835496397,0.0006249505504180927,0.0027124188,1.6712118e-05,-0.0016818016855259645,0.00073803728016399,0.00015769829,0.0008718777,0.0014531899,0.0007060867604550049,0.0007024388251905849,0.0007449735263311742,0.0005723961830952969,0.0007051724765789779,-0.0010492373
2024-07-12,0.005874819588152835,0.0007082246186505592,0.0024777995817497197,-0.003013883040087478,0.0007076548127015569,0.0021445576488626204,0.0010907084101113862,0.0007203490454431623,0.0009633735975038082,-0.0023361302,-0.0018202864,0.0008526558381938397,0.0007994171320614532,0.0009697289,0.00086175837,0.0007964324,0.0007126782920883435,0.00071158014757374,0.0008747763923693066,0.0008381530737086575,0.0006487604994144584,-0.007452167
2024-07-15,0.0026878460854451447,0.0007082246186505592,-0.0011736392644456002,0.013065478963536232,0.0007076548127015569,0.0009151314001070095,0.0006151287996206196,0.0005404235209607483,0.0009369893857428352,-0.003908979,-0.007405195,-0.00042882099603262064,0.0009218142027915692,-0.007205922,0.0008484158,0.0020182233,0.0007061951824188833,0.0007081737358489399,0.0009024140915699453,0.0006762517518344374,0.0007622151892910082,-0.0024285172
2024-07-16,0.00038294870502864065,0.0007082246186505592,-0.0011277280739348955,0.006083872908656244,0.0007076548127015569,0.001057109444843444,0.0008929546132775091,0.0005634079684384127,0.00048250048941378583,-0.005547059,0.0019713445,-0.00028657412823623256,0.0007215056635046563,-0.022223888,0.0008503986,0.0035410214,0.00070555030272847,0.0007068896927092218,0.0006848684145056639,0.0006299549326034365,0.0007292836672212148,-0.0052063786
2024-07-17,-0.029354877704799165,0.0007082246186505592,0.0021046501733753198,-0.013420112366405636,0.0007076548127015569,0.0011597702310987114,0.0009684101713791837,0.0003661066006663277,-0.0001280469507464909,0.002525878,-0.0011703196,0.0007315311185225944,0.0009190403002826377,-0.0031796496,0.00084715616,0.0039333315,0.0007067585467861241,0.0007056521421941092,0.0005464585625778705,0.00016570208572919403,0.00030972477687627093,-0.0013612169
2024-07-18,-0.004732548726570696,0.0007082246186505592,0.0018690596341521125,0.018369751976387537,0.0007076548127015569,0.002436032698096682,0.0010640255013266518,0.0016150142845842495,0.0008036157318681406,-0.0046454184,-0.0029501976,0.0011131726474280356,0.0007803814881750511,-0.001812292,0.0008377595,0.0027466367,0.0007156674146909986,0.0007080791527662874,0.0008072330157596374,0.0014706182705654675,0.00042080672439538924,-0.0029800911
2024-07-19,-0.00886358422490563,0.0007082246186505592,-0.0015097849394559337,-0.022647052123312517,0.0007076548127015569,0.0013629876172362241,0.0006001770540582228,0.00014673010765346402,0.0006311485891142827,0.0038067817,-0.0009301893,-0.0004384060414510324,0.0007625929025776897,0.0055822013,0.00083246536,0.0016958441,0.0006995346990884018,0.0007050302708730321,0.0007421058866392612,1.689269812191202e-05,0.0006917624354362737,0.004992951
2024-07-22,0.014897735880817997,0.0007082246186505592,0.001223186885624687,0.0075070152584048675,0.0007076548127015569,0.001535233241327018,0.0007451673780693439,0.0007681248364459033,0.00046377916250146605,-0.0017871708,0.001704112,0.001875238244469175,0.0008595383583199377,-0.007543588,0.0008567894,0.0019199799,0.0007080514639096299,0.0007131488081396995,0.0007268523447802326,0.0005257660503996274,0.0008666359659772979,-0.003042731
2024-07-23,-0.0035246309504063378,0.0007082246186505592,-0.0006309928935390233,-0.008398070914290432,0.0007076548127015569,0.000519392689354261,0.00035303703461251934,0.0009069918115024007,0.00023985021140266632,-0.011913999,0.0014909998,-0.0030642482205130734,0.0005879675044502073,0.007854016,0.00086415524,0.00095408293,0.000700339904167931,0.0006962278581706714,0.0005640722035013686,0.0009497593659589753,0.000673349151422653,-0.0056194826
2024-07-24,-0.035870334151720695,0.0007082246186505592,-0.0005416395777545705,0.02708240013066505,0.0007076548127015569,0.001311356233571762,0.0005499260717936306,0.0005495074562780543,0.0006271892862924083,-0.0093367435,-0.0028582984,-0.002703495537359773,0.0009017579429855668,0.0056124236,0.00083806226,0.0011796977,0.0007044305394534663,0.0007061986431815648,0.0007891185097980331,0.0005479823930114703,0.0007800938109596534,-0.0007112366
2024-07-25,-0.011027666278216608,0.0007082246186505592,0.002549032472975465,0.002725043439210066,0.0007076548127015569,0.0026748097565339433,0.0008268643634337764,0.0010078343391039827,0.0001037165462663612,0.0016649386,0.0037455028,0.0012609949214638836,0.000692741451266266,0.005764927,0.00085814454,-0.0010108252,0.0007075448124354242,0.0007094991219181238,0.0005517266047537913,0.0008727589526544388,0.0005899741643516082,0.009045344
2024-07-26,0.010255962642110594,0.0007082246186505592,-0.00024277702870995077,0.0263584162580702,0.0007076548127015569,0.00161048429890224,0.00036301591616534726,0.0014231433726238129,0.0006899680241331465,0.009714307,0.0031721978,0.00012126620941361609,0.0006989349775365703,0.0008381554,0.00085134385,-0.001197384,0.0007082331052096924,0.0007204441755766411,0.0007467245739958429,0.0017169390075892558,0.0006508848580131447,0.012767857
2024-07-29,0.002008769466703919,0.0007082246186505592,0.0003933553569009908,-0.013234284396008395,0.0007076548127015569,0.0007254340064850604,0.0009252421463564779,0.000125556777196104,0.00027647658491857023,0.015220741,0.007339624,-0.0011320612189194526,0.0010113920627763879,-0.0011555513,0.0008663481,-0.0006975096,0.0007024852374265388,0.0006988596752855542,0.0007183763520970292,0.00021623738058312823,0.000719171149721992,0.00712077
2024-07-30,-0.013731407630954928,0.0007082246186505592,0.002123848591828472,0.0019618179984687164,0.0007076548127015569,0.001067646171255344,-0.00019749870513887394,0.0013641173208084794,0.0006752153655934638,-0.017285427,-0.0032084472,0.003523528874346993,0.0008166369706021321,-0.011179167,0.0009905705,0.0010213766,0.0007106763962895235,0.000710052391018095,0.000827496034577567,0.0011432806289246732,0.000673349151422653,-0.0042242664
2024-07-31,0.029593687845605787,0.0007082246186505592,0.0020566353660055716,0.0038183463774069046,0.0007076548127015569,0.0017172703141701087,0.0009684101713791837,0.0010173142377247937,0.0006856208020679472,0.00479912,-0.0039630886,0.0017027003809261436,0.0010147645748009317,0.0030479238,0.0010028447,0.0010625261,0.0007049507422015034,0.0007147178444923261,0.000901203212544791,0.00115509321869399,0.0006507414895770549,0.0027600678
2024-08-01,-0.02422145328719716,0.0007082246186505592,-0.0014243681894657014,0.0012099780037579692,0.0007076548127015569,-0.00010672846500889996,0.0018698020762020328,0.003513409607871615,0.001744181375775207,0.008102146,-0.0044986214,-0.0010995704766035657,0.0014092792708846533,-0.00051489496,0.0010539079,0.0011627513,0.0007261804635132459,0.0007264397402906196,0.001402394385787231,0.0037039564178503693,0.0010640661718353671,0.019122312
2024-08-02,-0.023734934516816852,0.0007082246186505592,0.004861238998282981,-0.012970751042705862,0.0007076548127015569,0.0022185115331307998,0.0011249725901404317,0.0002125982139660715,0.0005223731008731733,0.0115913395,-0.005741277,0.008674319686246724,0.0006998714844627334,0.00027220813,0.0032398126,-0.00069135916,0.0007078427592616633,0.0007174025493222961,0.0014869567337299366,0.00010820755535660309,0.0006508848580131447,0.009079321
2024-08-05,-0.029816155988857895,0.0007082246186505592,0.003634674725400344,0.005767139924960946,0.0007076548127015569,0.002165327886251972,0.001967995632292177,0.009514397048164888,0.0027638834007343138,0.0075440146,-0.00918651,0.0026777236687709717,0.002503738225293711,0.0065659657,0.0034331921,0.0009397629,0.0007535915243856797,0.0007557332093847155,0.00290000364161872,0.009850961610552341,0.0014143243607724636,0.0031065596
2024-08-06,0.00955509107196173,0.0007082246186505592,0.006067060496546167,0.0008623887454408943,0.0007076548127015569,0.002391000680932696,0.0015557295652234892,0.009463521086489821,0.002033803400368165,0.003126799,0.020839898,0.0032227420149638832,0.002503738225293711,0.0038770137,0.0052705174,0.0004536721,0.0007551119796744023,0.0007761872500904393,0.0032690265398150438,0.010075550407157996,0.0011692382193713097,-0.016919918
2024-08-07,-0.01082974996018471,0.0007082246186505592,-0.006377747698650847,-0.01193511558526478,0.0007076548127015569,0.0007511517372392092,0.001373923959446493,0.008259645551398848,0.0002622049482341246,-0.0057478026,0.011566204,-0.004370796708301088,0.0009537848029451124,-0.001901506,0.012849755,0.0019331414,0.0007275312045985691,0.0007306696625753422,0.0046866756219013225,0.008931994824346387,0.00048632282596574304,-0.010327438
2024-08-08,0.030590887135726996,0.0007082246186505592,0.006790681946461758,0.015193642317488265,0.0007076548127015569,0.001600087668848182,0.002517128169040815,0.006764018407496496,0.002033803400368165,0.018356973,0.0041958834,0.006527110058589596,0.0019898335264105075,0.0009684025,0.01044543,0.002033035,0.0007412160003496336,0.0007549426034173006,0.004821465275305675,0.0077498371271024795,0.0011692382193713097,0.0125019625
2024-08-09,0.005222398285982255,0.0007082246186505592,-0.0016767619192858615,0.008011428967355157,0.0007076548127015569,-0.00014302105805877527,0.0015557295652234892,0.004871413096331094,0.002033803400368165,0.00036521652,0.006212976,-0.005915636331200307,0.0014673043700471104,-0.0021541554,0.010796057,0.0018748238,0.0007312490006643572,0.000719842860142126,0.004763808095883188,0.005022389183906375,0.0011692382193713097,0.012417445
2024-08-12,0.0021535933926866146,0.0007082246186505592,0.0007548880899339602,0.004997130782374864,0.0007076548127015569,0.0009326409319445388,0.0029293942361095036,0.0045010641967309145,0.0027638834007343138,0.00615653,0.008885845,0.006389602406426713,0.002503738225293711,0.014620428,0.003751308,0.0015589062,0.0007333354617737478,0.0007571848971800793,0.0030059842920702688,0.00455797725168145,0.0014143243607724636,0.0036517214
2024-08-13,0.024812796313527397,0.0007082246186505592,0.002172206051780167,0.03166191968569359,0.0007076548127015569,0.0010621319646577406,0.002517128169040815,0.007324371002368383,0.002033803400368165,0.011323859,-0.0072316374,0.002270478826597251,0.000700472884286401,0.0052685076,0.0040058796,0.0015901353,0.0007415646747671713,0.0007189604923698887,0.0022456126897513525,0.007525786960266377,0.0011692382193713097,-0.019928502
2024-08-14,0.00032426823468378885,0.0007082246186505592,-0.001491735864346463,-0.0015051695051642418,0.0007076548127015569,0.00011018902553548621,-1.3960958430736233e-05,-0.00048680754493073185,0.0002635495718065014,0.0081509035,0.00761378,-0.007299399832430621,0.0002136400472717782,0.011320245,0.008821764,0.0029183931,0.000694959013275053,0.0006874628614110081,0.003098064170429774,-0.000599971857556509,0.0004717587739107899,0.00062333187
2024-08-15,0.025263112398158816,0.0007082246186505592,0.0030560835644914716,-0.006310744053227108,0.0007076548127015569,0.001142644951018629,0.0012799446325153598,-0.0005977454750949969,0.0004916138468977873,0.0013284204,0.0043443576,0.003389307525836975,0.00016175634080428143,0.005819492,0.006378515,0.00201119,0.0006964591442343897,0.0006996520008029364,0.0023427046085117446,-0.000675355278042251,0.0006500786571366922,-0.0058804913
2024-08-16,0.0012857805320178883,0.0007082246186505592,-0.0005269673416537419,-0.013407909530506922,0.0007076548127015569,9.35799264941603e-05,0.0007799803432395522,-8.117081627448091e-05,0.00046101129736396363,-0.0015331844,0.008994638,0.0017562153266272626,0.00025747928762029495,0.005018049,0.003338854,0.0029784318,0.0006983869665619756,0.0007042404397867025,0.0013518099625576825,-0.00016307059005871938,0.0009469334637130266,-0.004159651
2024-08-19,0.013136012462370728,0.0007082246186505592,0.0019177722212400038,0.01197385859630802,0.0007076548127015569,0.0011057195121970495,0.0007174661351259148,0.0005099940149892537,0.0007110644572707296,0.005774225,0.00021172047,0.0032975222066210343,0.000369598298475271,0.0007122131,0.0026148434,0.0035418652,0.0007102009084641252,0.0007102365079628189,0.001231297346361811,0.0005972934949007986,0.0005766167721085541,-0.00073232176
2024-08-20,-0.0020986140835704825,0.0007082246186505592,0.00011360935734159357,0.003411560935348004,0.0007076548127015569,0.0006085291573039287,0.00035623345394298115,-0.0011704023108464255,5.0494341137756005e-05,0.006323642,-0.0008193824,0.0010815720911650183,0.00025119587135032437,0.0066052685,0.002580937,0.0034338187,0.0006909015384726549,0.0006953379664651922,0.0009605271483861186,-0.0012390742778653943,0.0006500786571366922,-0.005360872
2024-08-21,0.004664140257360616,0.0007082246186505592,0.0018749836628745187,-0.016016183899625048,0.0007076548127015569,0.0012512664738588905,0.0008516224128721256,0.0006024412687864277,0.0005138757638471266,0.0032735968,0.007766471,0.005857175461495682,0.0010704578342910442,-0.000850254,0.002603348,0.003135747,0.0007112716092637897,0.0007175074484088941,0.0013958249470325378,0.0005243359650979862,0.0005289599260002205,-0.008150648
2024-08-22,-0.015854922279792683,0.0007082246186505592,7.28158956083331e-05,0.0013883021755744145,0.0007076548127015569,0.0009673364446353725,0.0006380240209881122,-0.0003978817431145855,0.0006425170672284044,0.0025279375,0.0011933971,0.003362532684004188,0.0006897534469688569,-0.0036550516,0.002406836,0.0032177966,0.0006997600197912635,0.0007108564222755357,0.0012460738829355139,-0.00030512129031861794,0.0006500786571366922,-0.009139042
2024-08-23,0.010845530167421291,0.0007082246186505592,0.0018920458656212084,2.4193916184796042e-05,0.0007076548127015569,0.0018323364734375814,0.0007814258193157204,0.0006703189859273813,0.0005323971648533727,-0.0019610254,0.00051940454,0.004147881824617541,0.0008027803722755583,-0.0026997102,0.0019051074,0.0028223663,0.0007116145835900332,0.0007156540998843763,0.0010799963253030574,0.0006603447265263951,0.0004790639224192002,0.0010588365
2024-08-26,-0.00970833333333343,0.0007082246186505592,0.002213603180779447,0.016231221509803325,0.0007076548127015569,0.0006971690935748937,0.0006380240209881122,0.0010760063301567617,0.0006666484702963579,0.0006496317,0.0006995372,0.00422976422423701,0.0009021094099551284,-0.0058448287,0.0018026645,0.0029963597,0.0007178196850984345,0.0007173036210716613,0.0011237323618602433,0.000799416246622846,0.0006692993656056046,0.0052325823
2024-08-27,0.0029873353809903858,0.0007082246186505592,0.002047632735947497,-0.0007106537381518048,0.0007076548127015569,0.0015809414583555542,0.0006126866010505521,0.0003755489482254259,0.0005897049709089402,0.0016696099,0.00515308,-0.0012347887291305462,0.0006784001936092542,-0.005094492,0.0015198549,0.0010659683,0.0007073766918203458,0.0006979395174861278,0.0009292002347445144,0.00044874930125434414,0.0005756070119032027,-0.0041130767
2024-08-28,-0.011347428475543153,0.0007082246186505592,-0.00047903947890259326,0.008540077389515063,0.0007076548127015569,0.0010315781936179802,0.0006380240209881122,0.0005886256583896557,0.0009023224152620514,-0.0005173532,0.005216113,0.0007393365371439295,0.0007610578749957247,-0.0062920004,0.0014725982,0.0013098221,0.0007077940433328421,0.0007116668412650659,0.0010451431545531946,0.00035141465560203987,0.0007807055455709538,0.012288574
2024-08-29,-0.001463880343693602,0.0007082246186505592,0.004303853708604273,0.012769414877949414,0.0007076548127015569,0.0016522029683480636,0.0012978525340206432,0.0004892640969572035,0.0011941393185975863,0.003104376,-0.00084689504,0.0031063278250426088,0.000874561311137264,-0.000455837,0.0011166685,0.0011999595,0.0007207907609662435,0.000718425925376112,0.001061624840246386,0.0005516475993791683,0.0007861595308158341,0.0056952178
2024-08-30,0.011919432286576104,0.0007082246186505592,0.00040331663135992845,-0.020690799745063816,0.0007076548127015569,0.0012204018985657262,0.0012739320782111422,0.0005601011931616767,0.0008925770862261759,-7.697195e-05,-0.0047673685,-0.0012564753933724836,0.0006312492162493163,0.0043344265,0.0011562703,0.0037273008,0.000709272027465073,0.0007048771887298737,0.0008931711387199282,0.0005159129314594829,0.0008970622212647507,0.0047491235
2024-09-03,-0.03036092972473592,0.0007082246186505592,3.701728516535745e-05,-0.003494657092239062,0.0007076548127015569,0.0006396912395437667,0.0007963775648781172,0.0005348058230086935,0.0007083530493244202,0.002953306,-0.005903085,-0.0017333134458326967,0.0006551113760668052,0.0010575566,0.0011102256,0.0013173174,0.0007070934715568347,0.0006970931753555797,0.0008244603033022133,0.0005700248772234554,0.0008937646929965801,-0.0005086153
2024-09-04,-0.002598471232758026,0.0007082246186505592,0.007153677302878138,-0.01661230774393179,0.0007076548127015569,0.0024969988622817563,0.0010640255013266518,-1.60192844441908e-05,0.0006047561084121228,0.002782795,-0.00021290651,0.007492573473398408,0.0006352699234574429,-0.0043824334,0.0011088026,0.0011859972,0.00071056754958062,0.000713251248691433,0.0007828681480168618,-0.00029678818162523165,0.0006850812640757512,0.006546834
2024-09-05,0.0009335446473155429,0.0007082246186505592,-0.00032928145526724085,0.03149587244656078,0.0007076548127015569,0.0012631016678572714,0.0010207366238142632,6.355234500611611e-05,0.0011033813144088291,-0.003543466,-0.010028651,0.0011870002618109337,0.0010482639204738033,0.007612707,0.001043997,0.00076739746,0.0007013736598110274,0.0007106702823894529,0.001065194032268229,0.00020669537321748988,0.0008403539476986836,0.015474455
2024-09-06,-0.026787263577997655,0.0007082246186505592,0.00022450417316810251,-0.0031782603894865485,0.0007076548127015569,0.001106092105723047,0.0012739320782111422,0.0005058754177802069,0.0007467887380566467,0.012413967,-0.00423681,0.0010310759787796157,0.00015285634134055027,0.0038699822,0.0009846622,0.003077275,0.0007029889724593643,0.000707501172016041,0.0006277264850973387,0.0005668385365535666,0.000719171149721992,-0.0038648476
2024-09-09,0.012859658115848216,0.0007082246186505592,0.004409605452348902,-0.01433399293178789,0.0007076548127015569,0.002321137718485598,0.0008268643634337764,0.0015850453919775938,0.000776380561852456,-0.0017765816,-0.006250124,0.006088255946719608,-0.00015512860783311908,0.0005092713,0.0010209708,0.0020964618,0.0007153031536168045,0.000704458249940067,0.0005468413523855452,0.0015623694786445653,0.000673349151422653,0.0058855144
2024-09-10,0.00924173744664003,0.0007082246186505592,-0.0018467895947450377,0.021406280087100035,0.0007076548127015569,0.00057346859961419,0.0010207366238142632,0.0014934690312423439,0.0010182826578584022,-0.0012532498,0.0048923367,-0.00020907940324588908,0.0005866400031346081,0.004061575,0.001016452,0.0014695216,0.0007149861483710442,0.0007074800687822473,0.0008735501533674734,0.001791611462745965,0.0007707119613854791,0.0007091309
2024-09-11,0.021715431910347416,0.0007082246186505592,0.0009809646718127304,0.02352999970593019,0.0007076548127015569,0.0007360714914802441,0.0009684101713791837,0.0005197910056157276,0.0008789973864883947,-0.0062637264,-0.007986093,0.0010613621781539447,0.0007472005138361395,-0.0009323966,0.0010136619,0.0022999744,0.0007106359312897389,0.0007114127458022273,0.0008798549097775565,0.0003725702143822404,0.0007871040121645481,-0.0010046926
2024-09-12,0.009816055652767774,0.0007082246186505592,-0.000809127226531068,-0.0010989869293263855,0.0007076548127015569,0.00019659505068302232,0.00026782960861439486,0.00033961301128456503,0.00040862679898312227,0.007870008,-0.0121487705,-0.0011706164017215098,0.0010300134639380945,0.00052103424,0.0011716885,0.0002566862,0.0006994724502981706,0.0007031746641289526,0.000870318578625641,0.0004049018957080983,0.0007661441402206253,-0.002903677
2024-09-13,0.004479945902539972,0.0007082246186505592,-0.0009253476496884814,0.020866402739899422,0.0007076548127015569,0.0007237897474410029,0.0008718331229797917,0.0006811789399743544,0.0008666368745526019,-0.017020663,-0.0044308137,-0.003206428156451304,0.0009875339935283582,-1.49200205e-05,0.0010634763,0.0013861794,0.0007115515163415942,0.0007075807009772777,0.0009725809064309906,0.0007079525792074985,0.0007458485893011979,-0.0013302024
2024-09-16,-0.004417890352168885,0.0007082246186505592,0.002658043587000895,0.008923522188217872,0.0007076548127015569,0.0009571825769392156,0.0012136934781354402,0.00042257884432807355,0.0005595771953707671,-0.012841871,-0.004892917,0.0027471031423517787,0.0008383638879825778,0.00019594072,0.0010483547,6.5530396e-05,0.0007039631128237103,0.0007130410713704573,0.0008154989974752226,0.00041188102287623515,0.0006797585381319292,-0.008925397
2024-09-17,0.0005282731806270924,0.0007082246186505592,0.0017814379416213402,0.0015610158165242525,0.0007076548127015569,0.0013417243603745634,0.0004080940578933161,0.0006938413849304043,0.0007897385331397528,0.0038630485,0.0017892789,0.0036354464343782205,0.0008406473705134048,0.01219822,0.0010536467,-0.00029336035,0.0007082070089368767,0.0007142087503234202,0.000894657957525717,0.0006943160631893402,0.0007243344114337531,-0.002395403
2024-09-18,-0.004329552894464572,0.0007082246186505592,0.0015568063037703717,0.013083295982726572,0.0007076548127015569,0.0011278843572268096,0.00035505939539564246,0.00044300443525740725,0.0009004167368012149,-0.011260309,-0.00065201905,0.0016515750352630596,0.0006784001936092542,0.0051615676,0.0009903933,0.0013211507,0.0007112063716303757,0.0007067645681460679,0.0008562626990148952,0.00040198983693032035,0.0008025034966035804,0.004710487
2024-09-19,0.025284235533683974,0.0007082246186505592,0.0010702530659013674,-0.013066325358204234,0.0007076548127015569,0.001336138577037253,0.000685424944622277,0.0006472035491233845,0.0008036843120819645,-0.0047360417,-0.0045005786,-8.81078852931755e-05,0.0006607272435505252,0.0014180427,0.0010894851,-0.00089332205,0.000708475256575866,0.0007049234630143835,0.0008511667710780472,0.00053589419767305,0.0007298038306064508,-0.0007471517
2024-09-20,-0.0019033432638199121,0.0007082246186505592,-0.002083105543012573,0.0058336623608482565,0.0007076548127015569,4.616121266210166e-05,0.00026782960861439486,0.00046256815552318413,0.0006092434310433718,0.000854546,-0.00038152433,-0.001963380226051448,0.00033417937717929294,-0.0025874327,0.0011604396,-0.0014108021,0.0007017233725839097,0.0007017892510293264,0.0007010330049990346,0.00038818611661916604,0.0008504095320307284,0.007866146
2024-09-23,0.0012436779703175471,0.0007082246186505592,0.0009501618077095535,0.00347474366847849,0.0007076548127015569,0.0012417383135199822,0.0009684101713791837,0.0003941528686082143,0.000736681840558881,-0.00028028933,0.0020560655,-0.0004948668187615189,-0.00015512860783311908,-0.018567251,0.0011761254,0.0012928422,0.0007048081885182141,0.000691045487292659,0.0005853133848907736,0.0003654593797659677,0.0007445210815158428,0.0048822435
2024-09-24,0.004823617091752164,0.0007082246186505592,2.00655396749795e-05,0.012592070258257822,0.0007076548127015569,0.0011035570883896563,0.0007049271649806079,-0.00034139659262325163,0.0005243263937227728,0.004319218,-0.0020778053,-0.004476163537576145,0.0002976108363393827,-0.011866074,0.0012174101,0.0022487293,0.0007002406798326525,0.0006941486156142448,0.0006795292114921535,0.0005568635411374385,0.0005930231248987666,-0.0002446901
2024-09-25,0.0009271277582050264,0.0007082246186505592,-0.0005857596066116979,0.009076440925929161,0.0007076548127015569,0.0009469582730122915,0.0006380240209881122,0.0007694251576527192,0.0010736762461698616,0.00283607,-0.0009435202,-0.0005976223783749352,0.0009230770066781271,-0.0063801324,0.0012241523,-0.0008319181,0.0007099297943904256,0.0007133348492160086,0.0010735234262004565,0.0007829174521951553,0.0007784556990734822,0.0018732285
2024-09-26,0.007513070684615819,0.0007082246186505592,-0.0007027742639751839,-0.0049714550458166635,0.0007076548127015569,0.0011201525621504513,0.0008929546132775091,0.00014684179569960905,0.00020477640437869675,0.0017333261,0.0009850211,2.8593343089358832e-05,0.00106387825746998,-0.0030692893,0.0011936649,0.0020778242,0.0007002894799730219,0.0007112730771308176,0.0008210741296517106,5.91817139424949e-06,0.0004256552181326476,-5.4784585e-05
2024-09-27,-0.00555703107442751,0.0007082246186505592,0.0013088427930761216,-0.012685865357471054,0.0007076548127015569,0.000831213475130103,0.0006380240209881122,0.0005767899854784471,0.0005450639818072504,0.0015697738,-0.0007090034,-0.0020666820251238156,0.0005366660998040344,-0.0019619272,0.0013158675,-0.0012851034,0.0007054393308216097,0.000702819247419902,0.0007990540789670718,0.0005824090961689917,0.0005197399024042623,-0.00016967813
2024-09-30,0.0027118644067796183,0.0007082246186505592,0.003752780538046463,0.009239214919167892,0.0007076548127015569,0.0014105905140267038,0.000685424944622277,0.0007223255379982097,0.0007187586161038321,0.004957744,0.0055898083,0.002002644346931797,0.0006801960838862671,-0.0009485546,0.0012766914,-7.034534e-06,0.0007139578794731032,0.0007105618957782594,0.0008917588108787659,0.0007728726745740261,0.0007440012924382165,1.5850877e-05
2024-10-01,-0.01393242772553116,0.0007082246186505592,0.0015360625911582568,0.0017814291555773454,0.0007076548127015569,0.0010428136151034515,0.000685424944622277,0.00036017589366332093,0.0005702504208639951,0.0009321028,0.001978078,0.002627608622625341,0.0006545866676214585,-0.004154629,0.0012339046,0.005729454,0.0007067244862325151,0.0007143426667053208,0.0008195068984215818,0.0005282611848162513,0.0006821740928684883,-0.0048765293
2024-10-02,0.0014129282938890597,0.0007082246186505592,0.004543417693327282,0.0030169407154992892,0.0007076548127015569,0.001777265953658137,0.0006380240209881122,0.0004977332831404081,0.0004115526859696747,-0.0030718083,0.005136656,0.008892019989527437,0.0005965914555682813,0.0009642851,0.001183981,0.011850839,0.000711035082938496,0.0007220610325347458,0.0007306712740274599,0.0004555050838710561,0.0006352997549098466,-0.0065793577
2024-10-03,-0.0007469654528478031,0.0007082246186505592,0.0010021445678222948,0.0016193343167532335,0.0007076548127015569,0.0010909693360460606,0.0006151287996206196,-0.0037287980409400514,0.00043137228948706433,-0.0052892147,0.0029082955,0.0032494599238265687,0.0009162369973981674,0.0027027486,0.0012034324,0.0034142907,0.0006881288620461146,0.0006944435348686702,0.000850478125408189,-0.0038341713837520106,0.0007798159825822682,0.0011696252
2024-10-04,0.011898087584875094,0.0007082246186505592,0.0019164903696980832,-0.0034138875522627893,0.0007076548127015569,0.0011863210060959976,0.000685424944622277,0.0006411349321966252,0.0006537572556667465,-0.002394757,-0.0008387492,0.0025378416931021988,0.0006051203256719116,0.0036179621,0.0011874691,-0.00091686216,0.000712775898976106,0.0007106440302722107,0.0008153244311613726,0.0005110930385206319,0.0007489399314413052,0.0013519621
2024-10-07,-0.010711647377493194,0.0007082246186505592,-0.0027618773747859686,-0.007437722524687732,0.0007076548127015569,0.0006243921874143463,0.0010152528520097116,0.000524278410500066,0.0006382169973219505,-0.0019482595,0.0066628684,0.00033580921174549176,0.0004473132085474233,-0.0010315382,0.0011374115,-0.00040489555,0.0007026849691607953,0.0006973113548825555,0.0007407827036815492,0.0005198982043138304,0.0007591682279650742,0.008386907
2024-10-08,0.014934660858743065,0.0007082246186505592,0.0017083029284445024,-0.006524898237044511,0.0007076548127015569,0.0016430688378464258,0.0007814258193157204,0.0007221900474699207,0.0006698151861788355,-0.006284089,-0.00015461782,-0.005278260634737658,0.0009409532626167804,-0.006631449,0.0011187568,-9.133413e-05,0.0007106942971114859,0.0006951527964552417,0.0009099118150160493,0.0006940884671333239,0.0006887656457432558,0.0035868618
2024-10-09,0.007868383404864066,0.0007082246186505592,-0.002300772878248426,-0.007479804684276258,0.0007076548127015569,0.0004686866807060619,0.0007814258193157204,0.00031143501589464453,0.000597788314167611,-0.0017304195,0.01317827,0.0017858758313419366,0.000398120586876446,0.00056365866,0.0010852092,0.0015513811,0.0007005449531126788,0.0007072343528041551,0.0006935054189543109,0.0004973885951406886,0.0007238222090876481,0.00054523256
2024-10-10,-0.00113555713271829,0.0007082246186505592,-0.001523106519552354,-0.0036477622585225425,0.0007076548127015569,0.0008012190045066306,0.0007814258193157204,0.0005864665234712828,0.000556315626743105,0.012114245,0.0015568988,-0.0015337316026296118,0.00024830656865165886,-0.0010885333,0.0009439016,0.002635992,0.0007024187650893208,0.0006951504447025475,0.0005825981667387967,0.0006015496006478441,0.0007356497159101758,-0.003979217
2024-10-11,0.0015631661219270843,0.0007082246186505592,0.00010677193206835465,0.003028762248894178,0.0007076548127015569,0.0012158778531446933,0.0009684101713791837,0.000527069316159119,0.0010301520845428331,0.01654345,0.0006143068,-0.0010436895233256996,0.0006879545676597002,-0.00039686705,0.0010649893,0.0027289044,0.0007107560123517545,0.0007049272857579836,0.0009275006520315604,0.0005669937573399554,0.0007814788735220498,-0.0007721856
2024-10-14,0.00839143830063227,0.0007082246186505592,0.00022693755322231326,0.010418235558313893,0.0007076548127015569,0.0010918969747897816,0.0011773550298117502,0.0009086835728732488,0.0008487942686063965,0.0019253159,0.0067180595,0.0021833769405412407,0.000558364357684772,0.0046367636,0.0010146799,0.005304365,0.0007124718532829034,0.0007120795605734439,0.0008070866445471726,0.0008527834757079157,0.0007624091252970827,0.001952914
2024-10-15,-0.01336683417085427,0.0007082246186505592,-0.0004601377938808467,0.0017055741978912803,0.0007076548127015569,0.0007791474711545278,0.000685424944622277,0.0004968906684927442,0.0006715961450969887,-0.001244284,-0.00076988724,6.603003049603941e-05,0.0008744743313168969,0.0052866116,0.0010635414,0.0036893252,0.0007036787657090355,0.00070851917576579,0.0008699128350583583,0.0005445287937100772,0.0007241854179399971,0.008490231
2024-10-16,0.00012223693592749996,0.0007082246186505592,0.001704300511617029,-0.013558568395765424,0.0007076548127015569,0.0017867259415195846,0.00037273312695438015,0.0004540739537607426,0.0004819781357838743,-0.0044751437,-0.0006061365,0.0015513551232600874,0.0008971650217268031,0.0005401161,0.0011502824,0.0045220875,0.0007044772222573446,0.0007108793003389777,0.0008432526310222645,0.00047256942590761614,0.00054223413518975,0.010273363
2024-10-17,0.0006925913100159775,0.0007082246186505592,-0.000734454165142541,-0.0059717396946711585,0.0007076548127015569,0.0011534433789359446,0.0006380240209881122,0.0005590971364780863,0.0006475334476474794,-0.01623732,-0.0030970736,0.003053695633071462,0.0008735086892496618,0.0005011272,0.0011971467,0.0024603184,0.0007022157423415725,0.0007143367866622035,0.0009060893749021114,0.0005181970164819878,0.0006777236086172647,0.010016718
2024-10-18,0.006554707379134994,0.0007082246186505592,-0.0006981241131118207,0.0001498105656241042,0.0007076548127015569,0.001126157627976884,0.0009684101713791837,0.0005837427703558712,0.000608779167697999,-0.003880875,0.00013883214,-0.0020196635255769453,0.0006784001936092542,0.002016453,0.0010956349,0.0017659094,0.0007053200069465517,0.0006964622494525408,0.0007942217111615332,0.0006280211275194108,0.0007639625835165135,0.014235657
2024-10-21,0.0019212490140958494,0.0007082246186505592,-0.00019970124302594403,0.005079815708809777,0.0007076548127015569,0.0008527994181295165,0.0009684101713791837,0.0004134118578761416,0.0007655602063279441,-0.0077982834,-0.0016273764,0.0006016170259179939,0.0007750416991404273,0.0030224416,0.0011444296,0.0014274258,0.0007067553952160999,0.0007103974857762319,0.0008949467750643938,0.0005885499514255007,0.0008015241858703741,0.0072722705
2024-10-22,0.0010899842557829942,0.0007082246186505592,-0.0013099334972173013,-0.006850840448619157,0.0007076548127015569,0.0010716137853778935,0.0003661479588146606,0.0005961593608383568,0.000913890543806166,-0.0029527636,-0.0042002997,-0.0008083862249715565,0.0007449088178182311,-0.0007792569,0.0010799184,0.0017062861,0.0007026393071583231,0.000706078255447705,0.0009127810258042991,0.0004998914886066867,0.0008128806765045225,0.0028595994
2024-10-23,-0.015323816436809357,0.0007082246186505592,0.0010634715807505111,-0.0018099202840600234,0.0007076548127015569,0.0011111822434071734,0.0006380240209881122,-0.00031088916829970985,0.000633016916361007,-0.00033503654,0.0005509838,-0.00015015066511376196,0.0008024708649804392,-0.0011735077,0.0011665502,0.0020267132,0.0007024605276373149,0.0007060323570157384,0.0008673436971037812,0.0005606256852389128,0.0006840969284652396,-0.0017371378
2024-10-24,0.008108772217216842,0.0007082246186505592,0.002267988841769731,0.01668106486708722,0.0007076548127015569,0.00186701036873762,0.0010152528520097116,0.0004298824261464385,0.0006276632465031689,0.0041842107,-0.003014143,0.002840351625351299,0.000703977592473298,0.0019780644,0.0010954301,0.003945722,0.0007062270244402854,0.0007101475995185847,0.0008089811714099191,0.0005092469640679812,0.0006592837422438166,-0.0005993033
2024-10-25,0.0060935976600584585,0.0007082246186505592,-6.593946806688028e-05,0.004301056805426632,0.0007076548127015569,0.0007677491309307448,0.0012739320782111422,0.0006683815435670662,0.0009286758512936176,0.003403839,-0.0022750623,-0.0001907129477621976,0.0005514873977509284,-0.0024167008,0.001032358,0.0032728936,0.0007122872643451857,0.0007086999463644931,0.0008372769754411904,0.0006018399866154751,0.0007814308106812636,0.001310329
2024-10-28,0.00016151174997980355,0.0007082246186505592,-8.685551206590492e-05,-0.0006618974513854332,0.0007076548127015569,0.0008657217667141216,0.0008929546132775091,0.0005817350909907706,0.0005499803670626592,0.002652039,0.0016798297,0.0018019400202299524,0.0006350465762238318,0.0007269883,0.001021503,0.0026361,0.0007058828719088125,0.0007096231732582528,0.0007354717213403817,0.0005174605198229027,0.0007542080624586078,-0.0011895215
2024-10-29,0.009608397254743828,0.0007082246186505592,-0.000321669958259697,0.002643756480029821,0.0007076548127015569,0.0011458620254688706,0.0008232777228848199,0.000596500872464616,0.0007504261862069166,-0.0038585553,0.0005013534,0.0007514229429283932,0.0007853132123442398,0.005401437,0.0010807908,0.0030354026,0.000708563376494003,0.000704888264313712,0.000872136074960532,0.0004451554129359213,0.0007651025608402553,0.0004441915
2024-10-30,-0.00755758157389641,0.0007082246186505592,-0.001645584356655677,0.004205353683920341,0.0007076548127015569,0.0007022558387335364,0.0009684101713791837,0.0007841696012221051,0.0006959003488126226,-0.0009532103,0.0009803642,0.0007948127094000164,0.0008454693422680431,-0.0050489036,0.0011443933,0.0015318792,0.0007072569533377173,0.0007106711055736434,0.0008952564025493585,0.0007870367856472649,0.0007330049882926108,0.00017235894
2024-10-31,-0.025242757564768903,0.0007082246186505592,0.0006135331146848946,0.00047129843429412517,0.0007076548127015569,0.0015168618294550296,0.000685424944622277,0.0005014229863754024,0.000596745899064566,-0.008977886,0.008912023,-0.0009373915435456784,0.0006487015461037168,0.0058544287,0.0011652837,0.0004097733,0.0007071520441967721,0.0007036392350107813,0.0008035025798865699,0.0005057309222960363,0.0006477371660530992,-0.0050633703
2024-11-01,0.007398987289449099,0.0007082246186505592,0.0034603717118469163,-0.02756408278815754,0.0007076548127015569,0.0022811596851438566,0.0015625443145262912,0.0005365725960691017,0.0007971334881077179,-0.009661292,0.006301082,0.002545303150421073,0.0006551113760668052,0.0031949119,0.0012078965,-6.5037304e-05,0.0007142153300912328,0.0007082565004694028,0.0008865594254598888,0.0005397435353405237,0.0006112392676295174,-0.0071300496
2024-11-04,-0.0029132388240362683,0.0007082246186505592,-0.004839381804542409,-0.012909606009816336,0.0007076548127015569,0.0008035548920509558,0.0003661479588146606,0.00039463592390382997,0.0007685803658986984,-0.005086704,-0.00258318,-0.0033394204545498744,0.0006432289063604868,0.008754878,0.0011260386,-0.0003801559,0.0006970307166545902,0.0007010484477055939,0.000845813975045801,0.0003587691108630141,0.0006583222705353597,-0.013963396
2024-11-05,0.012756939157630542,0.0007082246186505592,0.0031707400997373993,-0.0006435457886264902,0.0007076548127015569,0.0012711633177459752,0.0006380240209881122,0.000464037065781261,0.0008320428825376693,-0.0023505276,-0.003671778,0.0042857143345619115,0.0008336538472325128,0.015008841,0.0012129659,-0.00016119078,0.0007144564070490638,0.0007136976485535894,0.0009594857272576941,0.0006363374817855925,0.0008347098214043713,-0.0014108042
2024-11-06,0.027163202698035294,0.0007082246186505592,-0.0017325562192061195,-0.007272905441941857,0.0007076548127015569,0.0005582561289719638,0.00035303703461251934,0.000736462440687331,0.0004975026977465009,0.0016660028,-6.559759e-05,-0.0014948545110619047,0.0009904011897493206,0.016387928,0.0011740096,9.616346e-05,0.0007042387927579827,0.0007026268154839506,0.0008874572959428884,0.0005833204134182999,0.0007661441402206253,0.009135945
2024-11-07,0.015744293682503185,0.0007082246186505592,-0.005979805008855107,-0.0026892186568578825,0.0007076548127015569,-5.809854028841141e-05,0.0005442646814228448,-0.004286978228638919,0.00038624182288635487,0.0062003443,0.0050217477,-0.004900613153502805,0.000923657164677815,0.004803871,0.0011324566,-7.8530305e-05,0.0006724004512381691,0.0006768896556163013,0.000814283542958154,-0.0046562298034910675,0.0006537083727083472,0.0014725619
2024-11-08,0.001168360789811862,0.0007082246186505592,0.0012281975298953384,0.005346958621798373,0.0007076548127015569,0.00046461891988685655,0.0008232777228848199,0.0016817659749201637,0.0005273916466980292,-0.002551749,0.0037756525,0.0005478626708213531,-0.00015512860783311908,0.0052014543,0.0011023909,0.00034495324,0.0007057787629824147,0.0006974272731506206,0.0004910643515736885,0.0017663388015531382,0.0006092852174793476,-0.0040648207
2024-11-11,-0.000583498657953041,0.0007082246186505592,-0.001555371393227938,0.019314591024425065,0.0007076548127015569,0.001099395349204412,0.0007814258193157204,0.0004993400015238798,0.0008961559245352072,0.005652993,-0.0017455999,-0.001621207826909486,0.0003441366895291427,0.00083653,0.0011754663,0.00080878916,0.0007070619111042421,0.0007000599591690921,0.0008048929633127281,0.0005301444984158352,0.0007764832541267164,0.0013528363
2024-11-12,-0.001809901914993084,0.0007082246186505592,-0.0010894137417277248,0.013066738958429053,0.0007076548127015569,0.001175082585142046,0.0007814258193157204,0.0005318929516841056,0.0005111083702937877,0.00074175035,0.0020345026,-0.002848086180095936,-0.00015512860783311908,0.0034025807,0.0011999407,0.0006124738,0.0007009230759041893,0.0006898973896469509,0.0005181415584943062,0.0005715655880951483,0.0007542732027700687,-0.0023917258
2024-11-13,-0.0012867754576825208,0.0007082246186505592,-0.0035193758829350115,0.0015345455143112386,0.0007076548127015569,0.0012270812625748747,0.0007814258193157204,0.0004099759105853343,0.0005824579069577407,-0.007601573,0.0034693857,-0.005285673688028017,0.0007272344157185386,0.005700439,0.0012023188,-0.00023597598,0.0006996261090632812,0.0006944354151485485,0.0008373052002680246,0.0002335577842959692,0.0004256552181326476,0.006374905
2024-11-14,-0.0069497315763786816,0.0007082246186505592,0.0013186580683563012,0.001242185322305936,0.0007076548127015569,0.0012040383380392406,0.0007814258193157204,0.0006255771540206349,0.0005840937919270913,0.009413223,0.015093239,0.000497694681020764,0.0009737227820445004,0.0013577517,0.0011856381,6.2635845e-05,0.0007087153822434653,0.0007081893825509686,0.0009145935132303309,0.000565424906386153,0.0007263829403255126,0.001653926
2024-11-15,-0.0238259057579272,0.0007082246186505592,0.003965565571323793,0.0028070404564083254,0.0007076548127015569,0.0014410188548679003,0.000685424944622277,0.0008663934095120392,0.0006349449493859617,0.0027184873,-0.0013430828,0.0035355108931456967,0.0006784001936092542,0.0034831536,0.0011733675,-0.0010911946,0.0007126708732938499,0.0007125782291277088,0.0008288304595860285,0.0005255527490716655,0.000705363236092232,0.00051719835
2024-11-18,0.0069476609541454515,0.0007082246186505592,0.0045711195597131216,-0.025040249560042905,0.0007076548127015569,0.002142459964268581,0.0010640255013266518,0.0006592459135493119,0.0009425294363613158,0.0032356004,0.004355411,0.001661886762944909,0.0003404831155554929,0.0015074244,0.001025416,-0.0002504599,0.0007152929735251097,0.0007031789788160207,0.0007691239150045711,0.000581570148851063,0.0007171569028935654,-0.000563073
2024-11-19,0.006879724811007515,0.0007082246186505592,0.0006900921063455532,-0.0007902832506626271,0.0007076548127015569,0.0008439515025525221,0.0007049271649806079,0.0004345887236209098,0.0003651547344775306,-0.00146935,0.0042808414,-0.0016666965104943294,9.606459852909435e-05,0.002045745,0.0010308472,-0.0018877287,0.0007054955805411021,0.0006989752139799543,0.000497083542965521,0.00046728670881570933,0.0007054143482366035,0.0020111967
2024-11-20,-0.0005760139832359235,0.0007082246186505592,0.002152718207034595,-0.008115483247712923,0.0007076548127015569,0.0008485921212248314,0.0007049271649806079,0.0005788968199180643,0.0006399885529221862,0.0024497658,-0.004194877,0.0004455550884912315,0.0005441322601690644,-0.0029649686,0.0009931808,-0.0010076289,0.0007114689298974279,0.0007059345947414124,0.000725649176249009,0.0005724643165164557,0.0006661331064516205,0.0034665593
2024-11-21,0.003597193791362807,0.0007082246186505592,0.001020684635593772,-0.022282687393785156,0.0007076548127015569,0.0011617984539358062,-0.0002786783181186424,0.0004304954540418785,-0.00021799658846130966,-0.0016793327,-0.0006953338,-0.0018378897355820452,0.0008904609042399969,0.0063783005,0.0010476708,-0.0027390022,0.0007037592653955394,0.0007018230112543053,0.0005737685646647988,0.0003347289441916966,0.00030972477687627093,-0.0024758196
2024-11-22,0.001604023921739417,0.0007082246186505592,-0.0014611800536502807,0.010141963776450331,0.0007076548127015569,0.0009868965668345486,0.0012739320782111422,0.0007972738888379308,0.0010157565386247015,-0.0015841722,-0.0035367608,0.0018097540963720466,0.0004532148975751352,0.00964015,0.0010767309,-0.0012249548,0.0007067935989021442,0.0007097159736883958,0.0008482413056656393,0.0007187134814180163,0.0006081358150650163,0.0018377485
2024-11-25,0.001581684098143299,0.0007082246186505592,0.002206849642364786,0.005956913514414221,0.0007076548127015569,0.00107069257213605,0.000685424944622277,0.0005570846089398458,0.0006198082314120277,0.0031798577,-0.0059086876,0.0018527175510557098,0.00044502166454053407,0.0028776198,0.0012008483,-0.0013352346,0.0007116492685216132,0.0007060632874185643,0.0007550223174568969,0.0005161844889437474,0.0007674734800883397,-0.0016878522
2024-11-26,0.005369233502438009,0.0007082246186505592,0.004714271779297195,-0.011781492778554645,0.0007076548127015569,0.0010718838576284522,0.0018698020762020328,0.005877866543639363,0.001744181375775207,0.00014268933,-0.0015130757,0.005890377574845552,0.0014092792708846533,-0.0049429024,0.0011422313,-0.0002672796,0.0007405619021759778,0.0007430997900462264,0.0014318194198948907,0.005963707938212141,0.0010640661718353671,-0.0027761948
2024-11-27,-0.007873397341501276,0.0007082246186505592,0.0003956793343496193,0.002041245855164635,0.0007076548127015569,0.0009157838890439296,0.0007049271649806079,0.0005643566576404654,0.0007015233724200613,0.0008571077,0.0011193366,0.0015913235056446067,0.0007798326953478395,-0.004315039,0.001010257,-0.0015362885,0.0007091825249272228,0.000709421888915285,0.0008305253173749268,0.00046407891784298915,0.0007277356243046367,0.0037962687
2024-11-29,0.008786859291509908,0.0007082246186505592,0.003290773748279715,0.0008754894204952212,0.0007076548127015569,0.001466950254496685,0.0006380240209881122,0.0005072711312736582,0.0006268887892997695,-0.0010027442,0.0007979913,0.0043722368959536045,0.0006551113760668052,0.0019363675,0.0010211349,-0.0023734507,0.0007078017916460244,0.0007104612806850991,0.0007676556715698039,0.0006015724286338944,0.0006431598791025395,0.00437576
2024-12-02,0.01088790363714831,0.0007082246186505592,0.0018641053267142477,0.0007742336626508257,0.0007076548127015569,0.0007663441979876494,0.0006380240209881122,0.0006144319754018767,0.0006159299389434029,0.0016860845,-0.003378395,0.0007878773972457846,0.0009001740031098692,0.0054620197,0.000904323,-0.0007089034,0.0007107740765247272,0.0007120469485778665,0.0008069156265115853,0.0005953212298308112,0.0006616880210623517,-0.0024234024
2024-12-03,0.003066234547536517,0.0007082246186505592,0.0002648887020455531,-0.013960186139040518,0.0007076548127015569,0.0006871287041662482,0.0007814258193157204,0.0006174596136156665,0.00037981603832955876,0.0010308607,-0.0048999386,0.001591767199589122,0.0008736123120293663,0.005227144,0.00091134757,-0.0029798683,0.0007066561474777414,0.0007122172738569221,0.000721771673990371,0.0005508650519416959,0.0007705029595995108,0.0016368134
2024-12-04,0.012362876545359613,0.0007082246186505592,0.0009696268222647736,-0.0038979146720927215,0.0007076548127015569,0.001017509210587215,0.0008929546132775091,-0.0003955602264891908,0.0005672212231441716,0.0009183963,-0.0036403127,-0.0014623258260164148,0.0006461674046984116,-0.003588408,0.000832733,-0.0021027245,0.0007051903526526273,0.0007022398572569172,0.0006820363838285779,0.0005887175961546507,0.0007296300603239059,-0.0025536795
2024-12-05,-0.0027710889423996354,0.0007082246186505592,-0.00043354479290549247,0.00464917934555966,0.0007076548127015569,0.0006349349955559892,0.0010152528520097116,0.0009062767388943138,0.000802863429909275,0.0075034406,0.00040740648,0.002053183269640678,0.0008289691131440072,0.0014379604,0.00081352436,-0.00011941164,0.0007094485835355227,0.0007128863137531524,0.0008151316434845623,0.0006561945659251553,0.0008161577898173485,-0.001888121
2024-12-06,0.008949617676932364,0.0007082246186505592,0.0009440327641524813,-0.007235786072495454,0.0007076548127015569,0.0012664534737881928,0.0008516224128721256,0.0005110513796881698,0.001080815668835916,0.0054690167,-0.011360302,0.004515495122767636,0.0006178051815624274,0.0005577295,0.0008595789,-0.0006146331,0.0007094159409549109,0.0007137984251347842,0.0008525142603013067,0.000506346962920634,0.0007653984898914269,0.004328059
2024-12-09,-0.007787570278073308,0.0007082246186505592,0.00044480147877417784,0.002929113539092261,0.0007076548127015569,0.0007779211161545124,0.000583324248788648,0.0005863306091081027,0.0006265989205243936,0.0008969065,-0.003714031,0.00255007028864744,0.0008014186782392556,-0.017482987,0.0008293876,-0.00118667,0.0007068278696788145,0.000710771811994529,0.000752529348979847,0.000594728167143279,0.0007241854179399971,0.0005191271
2024-12-10,-0.003407481143994695,0.0007082246186505592,0.0005906489665823462,0.006407395048287065,0.0007076548127015569,0.0014825332148900715,0.0009684101713791837,0.0005629268593217426,0.0008575539384240466,0.0028001175,-0.001375202,0.0007903425974995965,0.000773864257249439,-0.006391651,0.00082617684,0.001679084,0.0007112909836281367,0.0007097766901796714,0.0008191571932526559,0.000640212411579498,0.0007639625835165135,0.0045422153
2024-12-11,0.017902420284287235,0.0007082246186505592,0.0004532416661550986,0.0004670806128720586,0.0007076548127015569,0.001293134261832645,0.000583324248788648,0.0006473562528768292,0.0008724737421548445,-0.003433651,-0.0077550965,0.0008813186625341328,0.0008196889762756072,-0.0054654097,0.0008634509,-0.0010146995,0.0007099524622201162,0.0007078989219628201,0.0008518432991672219,0.0005648783642356865,0.0007580371776578742,0.0029221838
2024-12-12,-0.006453804347826053,0.0007082246186505592,-0.002349045148504353,0.0014392528537930278,0.0007076548127015569,0.00039194656889611506,0.0006380240209881122,0.000610749082396881,0.000696529777493468,0.001971081,-0.0016417679,-0.0012555116692047118,0.0004473132085474233,0.0051402524,0.00086159015,-0.0008884866,0.0007017533747427925,0.0006999267207347399,0.0006683080758553277,0.0006087236571367676,0.0006771179912278543,0.0004876384
2024-12-13,0.007654320987654284,0.0007082246186505592,0.0004367868666762657,-0.003100563573339988,0.0007076548127015569,0.0014368111107113282,0.0007814258193157204,0.0005526669363287533,0.0004911472152069635,0.0015625636,0.006784277,-0.0013090453602998076,0.0006562620006028319,0.0069327094,0.0008699434,0.001537374,0.0007047735313993509,0.0007015160265268831,0.0006724743349979384,0.0004961570034688803,0.000667892992944506,0.0004763694
2024-12-16,0.014400693645976625,0.0007082246186505592,-0.0019614782586446326,-0.0008203640987155111,0.0007076548127015569,0.0008252136802542151,0.0007814258193157204,0.0005957136810272577,0.0006139994408419301,0.001333548,0.0030272393,-0.0010007455992259062,0.0006338947678285057,0.0063641034,0.00085491297,0.00062192115,0.000705007665095149,0.0007029892168315207,0.0007009029796176958,0.0005736528057475973,0.0007225080391230436,0.0005533397
2024-12-17,-0.0044038129215675514,0.0007082246186505592,-0.002279242457816404,-0.0007495502469318438,0.0007076548127015569,0.0005434829464272949,0.0007814258193157204,0.0006815122602865838,0.0007325539852275735,-0.0050712842,0.0030682278,-0.00023043799739077934,0.0008098552155306347,0.0008902049,0.0008382954,0.0008212838,0.0007014467789632029,0.0007062473808029057,0.0007935922205901816,0.000746958315430482,0.0007415715646816259,0.004243169
2024-12-18,-0.03607689436356831,0.0007082246186505592,0.0006232689880037919,-0.011730146949348593,0.0007076548127015569,0.0013543129789565739,0.0007814258193157204,0.0004988945366131483,0.0006088512126719468,0.0058948016,0.006321695,-0.0005036423852382756,0.000755920921988637,0.0017476657,0.0008749356,0.0008764777,0.0007050707720402051,0.0007053854815296861,0.0007466031291026304,0.0005006792271950853,0.00071235098596038,0.0040980056
2024-12-19,-0.004453308033380621,0.0007082246186505592,0.0032306089270237788,0.005975727815088642,0.0007076548127015569,0.0026119970785650625,0.0008268643634337764,0.00019108601787089864,0.0004434369812783898,-0.0006124268,0.0012125777,0.0026125997817398362,0.000126508338651987,0.0014654496,0.000861045,0.001421741,0.0007074341729588221,0.0006996260822144054,0.00047674320179771456,-0.0001624472788735167,0.0005725181491732925,0.0014870791
2024-12-20,0.008732520372639385,0.0007082246186505592,-0.003942684434832153,0.023150910480244785,0.0007076548127015569,0.0013148410681890032,0.0010207366238142632,-0.004501434299300822,0.00048325018291073637,-0.008626241,-0.0031758505,-0.004185559436787177,0.00041368924970895145,0.0004488083,0.0008499057,0.0013642113,0.0006747341972124694,0.0006706222106476052,0.0005821759650859472,-0.004624263871365133,0.0006850812640757512,0.0010157358
2024-12-23,0.008117070913507884,0.0007082246186505592,-0.0014725748126364333,0.008982914162906905,0.0007076548127015569,0.0007827026439220398,0.0006380240209881122,-0.00036296579038919624,0.0003496816767409691,-0.007105535,-0.0104929805,-0.001083795971267028,0.0009479772627182307,-0.003327347,0.00083470746,0.0017491977,0.0006957227477596338,0.0007047338195961877,0.0007110354949433659,-0.0003935108917166855,0.000719171149721992,0.0048749927
2024-12-24,0.01355977585250634,0.0007082246186505592,-0.001908063043106732,-0.005377107523615878,0.0007076548127015569,0.0008095739556412967,0.0008268643634337764,0.0009283944436261321,0.0007513867314591573,0.00052751566,-0.0034126467,-0.00027792852064520185,0.0005711875252960635,-0.0013878979,0.00081785035,0.0013131376,0.0007000913105861759,0.0007051743519845956,0.0007133618462079584,0.0007675737057298502,0.000673349151422653,0.0009983662
2024-12-26,-0.0006792965506831061,0.0007082246186505592,-0.003593064541964004,0.007415655482263847,0.0007076548127015569,0.0005963844220022905,0.0005442646814228448,0.0005938136759160312,0.0006316937653447153,-0.002479377,-0.0066878726,-0.0028098881028729202,0.0010030619085338152,0.00318916,0.00080487295,0.0012223001,0.0007043666914558389,0.0007006031964268609,0.0008133859640852623,0.0005934415762491101,0.0007707119613854791,-0.0031213905
2024-12-27,-0.01329305135951675,0.0007082246186505592,0.0013991125965770975,0.0005403384500921628,0.0007076548127015569,0.0011641433234600887,0.0009684101713791837,0.0006209205619404145,0.0006660656267403808,0.0009555656,0.00012944022,0.0005130575408202353,0.0007733246189983947,-0.0076906197,0.00080622395,-0.0004929353,0.0007104931894200624,0.0007053042675841828,0.0007485725985751252,0.000572327848117473,0.0008161577898173485,-0.008175416
2024-12-30,-0.013299908144519201,0.0007082246186505592,0.0005707657275090057,0.001026075490281381,0.0007076548127015569,0.0016619075524997604,0.0004080940578933161,0.0005504127267123486,0.0005334421203028825,0.00564087,-0.0011365899,0.0023235676577531075,0.0008558393271552969,-0.008263695,0.00080610777,-0.0015784439,0.0007041991968297316,0.0007113737329263826,0.0007319272792962862,0.0005090278629636711,0.0006477371660530992,-0.0031372705
2024-12-31,-0.008494792575784005,0.0007082246186505592,0.00170947776873981,0.012779388294039622,0.0007076548127015569,0.0016496100147200127,0.00037273312695438015,0.0006862195070029124,0.0008266910863761967,0.0011125242,0.0008884178,-0.0004085475949230904,0.00024930576441989036,-0.0034823741,0.00080689444,0.00024888173,0.00071159956453096,0.0007041138983409272,0.0006273106939657917,0.0006199263406997003,0.0008143547704456354,-0.005331557
2025-01-02,-0.001956066740997242,0.0007082246186505592,0.0009312831143373066,-0.009871562220547619,0.0007076548127015569,0.0014541890868911577,0.0012739320782111422,0.0005027876453255433,0.0008717842292786695,0.0007368999,-0.004229772,0.0011751619793831168,0.0006585743923573862,0.004646102,0.0008376694,-0.00033422306,0.000708864124360245,0.0007095017756032374,0.0007892294937284884,0.0005018870036805922,0.0007292836672212148,-0.0034260377
2025-01-03,0.016365168649432604,0.0007082246186505592,0.0052913789527860525,0.013843119391182036,0.0007076548127015569,0.0011990596815600015,0.0012136934781354402,0.0008192949208677726,0.0007557974634198788,-0.00047313212,-0.0023987782,0.003748447637439474,0.0005403450953851565,0.0016449085,0.0009454641,-4.710748e-05,0.000715327124440102,0.0007141839314322157,0.0007470470191452562,0.0006911784233531674,0.0009058991871454581,0.004293291
2025-01-06,0.011492922981989118,0.0007082246186505592,-0.000879594075077623,-0.007656023290193118,0.0007076548127015569,0.00049801394644714,0.0010640255013266518,0.0006009609464751992,0.0011922708173440107,-0.0029409404,-0.0018598243,-0.0007364852437460317,0.000742125639565467,-0.001495962,0.0011132867,-0.0009404321,0.0007088407204043477,0.0007041929384278151,0.0010156566892280997,0.0006355727044195725,0.0008844214972782947,-0.0019305027
2025-01-07,-0.017844206352232495,0.0007082246186505592,0.0010526624007354886,0.003990673297717764,0.0007076548127015569,0.0006944426758667825,0.0007174661351259148,0.0005566425508143339,0.0008886796138851922,0.0010222953,-0.0005230062,0.004077928104748151,0.000943466035810046,0.0076767504,0.0010391743,-0.0010916602,0.0007088463740666485,0.0007188101841837792,0.0009571099043305608,0.0005069180037352654,0.0006376048669238336,0.0009705252
2025-01-08,0.00017469622267940466,0.0007082246186505592,0.00226206862499672,-0.00936361318984788,0.0007076548127015569,0.0018223970677052504,0.0009684101713791837,0.0005597853726520055,0.00067863401161688,0.0017934341,0.008851472,0.0016354549986714877,0.0010746735537638676,0.004642009,0.0010582719,-0.0002956216,0.0007096652196791491,0.0007085817601095265,0.0009373457668235208,0.0004994741795282583,0.0007666464283585636,0.0070120897
2025-01-10,-0.015681099229530093,0.0007082246186505592,-0.0008060546577465771,-0.0091387566996762,0.0007076548127015569,0.0011197428071374857,0.0007117058480200115,0.0006695780788074004,0.0006119123546473735,0.010472132,0.0037470749,4.015507203828424e-06,0.0005339965119439199,0.004620621,0.0011093062,-0.0009807248,0.000703437651730328,0.0007082612411629499,0.0007516041202365425,0.0006732950589920769,0.0007814788735220498,0.0004448546
2025-01-13,-0.003213785760760257,0.0007082246186505592,0.0006586125427779251,0.02718703190269849,0.0007076548127015569,0.001730986319583797,0.0009684101713791837,0.0004586186581943276,0.0007222963062893318,0.0099028265,0.005909256,-0.0004257408879519626,0.0006640743718096424,-0.0012553816,0.001086412,-0.0015017439,0.0007073684210536379,0.0007057930176672015,0.0008241619538863653,0.0003944376127574224,0.0006298996153623998,0.0010179179
2025-01-14,-0.0009494422027059857,0.0007082246186505592,0.0016689214204149215,-0.0005407708346416053,0.0007076548127015569,0.0012442941049357111,0.0004116164019577338,0.00028983594764757885,0.0011649113194155548,-0.0016101699,-0.0012054037,-0.001532718014660858,0.0004363998296279473,-0.0017152289,0.001194204,-0.0015006561,0.0007152082549336074,0.0006884987556348873,0.000931425059844408,0.0003117051465413762,0.0008953424934639488,0.0015472495
2025-01-15,0.023006256434624284,0.0007082246186505592,0.0029442140251022732,4.028006676137785e-05,0.0007076548127015569,0.0011551879048381,0.0008374079419993997,0.0009176954086966885,0.0014312685628184553,0.0007515546,-0.006443476,0.00045863538031582824,0.0007301220501600945,0.0044085663,0.0010938104,-0.00088455644,0.000715190651348249,0.0007044614026923175,0.0010847358366489212,0.000804532180042627,0.0009639874814347863,-0.0039024479
2025-01-16,-0.007005999612928249,0.0007082246186505592,0.0016195069882221998,0.0006737270929267677,0.0007076548127015569,0.00023617432409944904,0.0018698020762020328,0.005152676182002767,0.001744181375775207,0.00424317,-0.005423947,0.002007702380130061,0.0014092792708846533,0.0045596603,0.0011226779,-0.00022643551,0.0007353327309559083,0.0007388476368699311,0.0014253051986051043,0.005371412869723147,0.0010640661718353671,0.00010249438
2025-01-17,0.016878459499493292,0.0007082246186505592,0.0018570271507344293,0.02164980878753792,0.0007076548127015569,0.001402480301731434,0.0009684101713791837,0.0004561357561126025,0.0009140288758884492,0.0014742862,0.00173257,0.0017437122050497824,0.0003165158488793611,0.0014084063,0.0011888696,-0.00074854237,0.0007079863958035447,0.0007049146865441728,0.0008060867523779111,0.0003808549028111824,0.000831550398167372,-0.0008914536
2025-01-21,0.005864990225016298,0.0007082246186505592,-0.0007649836511682592,0.0143626466411277,0.0007076548127015569,0.0004637377289128525,0.0007814258193157204,0.0004742420521661972,0.0010427924323422955,-0.007806598,-0.0067039463,-0.0016295056009833768,0.0006871683544508231,0.0024298509,0.0014209095,-0.00019541875,0.0007049647925886204,0.0007012520486901692,0.0010500220702515314,0.0005735487748676108,0.000917569425154763,-0.012718182
2025-01-22,0.012785823170731847,0.0007082246186505592,-0.0007714511830303153,-0.009186996358883651,0.0007076548127015569,0.0009017981493945804,0.0007174661351259148,0.0004678691257744259,0.0010864628880852116,0.0018123679,-0.0014807332,-0.0017992214704874736,0.0011804495364715064,0.0042535746,0.001586722,-0.0016862613,0.0007068170508019619,0.0007041522510400533,0.0012845062996145794,0.00045010556919557106,0.0008076358905281284,-0.011252239
2025-01-23,0.002126018325149026,0.0007082246186505592,-0.0003386160461368909,-0.0018406557635132987,0.0007076548127015569,0.0006338872196547706,0.000583324248788648,0.00025767720165911843,0.00042319242883462067,0.002906932,0.0129703125,-0.0006337909808771444,0.0009923713133517232,-0.006830547,0.0015687293,-0.0011463214,0.0007049545232222535,0.0007086410814420713,0.0009948744042285328,0.000189965021145457,0.0006500786571366922,-0.0028159828
2025-01-24,-0.005651096425352997,0.0007082246186505592,0.00028013489615824887,-0.00044401850579245915,0.0007076548127015569,0.001053455496884655,0.0010152528520097116,0.0006702698691483279,0.0008299889521828205,0.0017729253,0.004396416,0.000457742121174493,0.0007755765059437245,0.0015615872,0.0011778518,-0.00061661494,0.0007085130442753311,0.0007088979174994109,0.0009277119119680975,0.0007169385089194638,0.000710136240496759,-0.005043873
2025-01-27,-0.029114664954779657,0.0007082246186505592,0.0014493997877564105,0.001382420891768806,0.0007076548127015569,0.0013571248252153229,0.0006380240209881122,0.00046756617693291574,0.0007861254775126489,0.005199983,0.007036625,0.004341698778395487,0.0008711207460312957,0.0067910394,0.001082438,0.00016159072,0.0007075522908736323,0.0007164231261621766,0.0009132217070123426,0.00040408737429722816,0.0008269023581914844,0.0037189983
2025-01-28,0.014779953715407856,0.0007082246186505592,0.0030497074090451663,0.015548974792189113,0.0007076548127015569,0.0022318608837208526,0.0010640255013266518,0.0007114414519533541,0.0005258642635290748,-0.00021311059,0.0009897103,0.003263763337549453,0.000592741663233489,0.003890358,0.0010772678,0.00077986973,0.0007151437005259185,0.000711853968384535,0.0007318949114345679,0.000597948748000394,0.00042080672439538924,-0.0031271973
2025-01-29,-0.0018780782277072472,0.0007082246186505592,-0.0014067748221249696,0.00403053916287513,0.0007076548127015569,0.0005478356994839158,0.0016609220974489929,-0.0009772265030532365,0.0003025202113758473,-0.00033415953,0.0012668263,-0.00274508983946721,0.000876258465591327,0.0057428665,0.0011491859,0.00018106282,0.000695232465577478,0.0007005259664129411,0.0007761552635686169,2.211705249793049e-05,0.0004278169256002839,-0.013660872
2025-01-30,0.004262427279534409,0.0007082246186505592,0.002217596822992768,0.010511701141544285,0.0007076548127015569,0.001195751048682589,0.0011755542952884407,0.0005758897962352331,0.0007037220230618324,0.0014081952,0.0010490519,0.0022383314662200882,0.000826738733905746,0.002198715,0.0013850452,-0.00023390845,0.0007122157754440965,0.0007120301969269579,0.0009717801024639075,0.0005786674142226214,0.0008982972338243468,0.0059203077
2025-01-31,-0.0014530159640570028,0.0007082246186505592,-0.00026467204598651655,-0.008868690625516429,0.0007076548127015569,0.0009558527803587209,0.0012739320782111422,0.0015323209080403287,0.0010332661315342368,0.0037981258,0.0007327831,-0.0016676948970859222,0.0007210857343719822,0.0030679388,0.0016810738,-0.0012808342,0.0007164686185875296,0.0007065254694389112,0.0011448490489884603,0.0015003215655520386,0.0007661441402206253,0.0019721342
2025-02-03,-0.008003216603802432,0.0007082246186505592,-0.00044083213600055234,0.0007680929408651685,0.0007076548127015569,0.0011792105092470367,0.00035303703461251934,0.0006051369681457002,0.0006547625416744113,0.010025637,-0.0010420807,0.0014815575558728145,0.000601770519367066,0.008720913,0.0018750939,-0.0014530618,0.0007028204071031154,0.0007083338823238502,0.0010436236648305904,0.0006556661838897284,0.0006850812640757512,0.004420692
2025-02-04,0.012275385535890138,0.0007082246186505592,0.004216001709203792,0.0005029907098771502,0.0007076548127015569,0.0014333119415354293,0.0006380240209881122,0.0005849027732131743,0.0006240099399025924,0.0021647646,-0.0023360476,0.006206321987874258,0.0007634968357109963,0.009858333,0.0017487172,-0.0014005762,0.0007091156474556786,0.000719132954485479,0.0010452811983645458,0.0005255002911674695,0.0005917224017169161,0.0040929983
2025-02-05,0.004537914466032467,0.0007082246186505592,-0.0006105655518485209,0.0029791008455158892,0.0007076548127015569,0.0006369127056405363,0.0006380240209881122,0.0005607118910951259,0.0009201990481090917,-0.003418722,-0.0012555617,-0.0005282764204102204,0.0008342865587486291,0.0066205515,0.0013299296,-0.00095914793,0.0007036052971939364,0.0007077075208012236,0.001028015636525403,0.0005130855607984729,0.0007472982016674186,0.00022024428
2025-02-06,0.005219702002467574,0.0007082246186505592,0.002860537602745452,0.010290079188682449,0.0007076548127015569,0.000944714338950769,0.0008516224128721256,0.000733689464791063,0.0008444331558215416,0.0006068928,-0.0014006809,0.00362579983386244,0.0007962155414983852,-0.000796292,0.0015729459,-0.00061186147,0.0007117885928027745,0.0007138170155693126,0.0010710384640462982,0.0006799594131759659,0.0008552855191474319,0.0015951174
2025-02-07,-0.012613293051359609,0.0007082246186505592,0.0014661230958655722,0.007231721308883241,0.0007076548127015569,0.000919367434032854,0.0007963775648781172,0.000600516344794047,0.0007060092014973848,-0.010344306,-0.0084549785,0.0009672912833737701,0.0009055199355542391,0.0045209993,0.0014954687,-0.0009733711,0.0007106295619044665,0.0007148851929134623,0.0010356338422424904,0.0005588474884616821,0.0007392654540761069,-0.00090782205
2025-02-10,0.012105102118870947,0.0007082246186505592,0.00047407661701330626,-0.0020638690580662127,0.0007076548127015569,0.001622191805714388,0.0006380240209881122,0.0006356836556348944,0.0006553697077512009,-4.763319e-05,-0.0014584163,-0.0002818849590432162,0.0010113920627763879,0.005927435,0.0010861777,-0.0008959372,0.0007057455284711393,0.0007031052747922051,0.0009177673698573354,0.0006434791468527127,0.0007161926164543945,-0.0010077483
2025-02-11,-0.0023807274444969106,0.0007082246186505592,-0.000883566767087837,-0.009447387458090963,0.0007076548127015569,0.0006353697016996207,0.000583324248788648,0.0005078495784285185,0.00033439576504312783,0.005132349,0.0016437325,-0.0016258046111538146,0.0006784001936092542,0.0051627597,0.0011642382,-0.0012690884,0.0007007041815093789,0.0006982993797178894,0.0007257195240431751,0.0005945719303101416,0.0006970549720994877,0.0006180983
2025-02-12,0.0005871323320516542,0.0007082246186505592,0.0011107092220487098,-0.004131080509934757,0.0007076548127015569,0.0012213729726989547,0.0008516224128721256,0.0008703639147038903,0.0005666390479458381,0.0013571519,0.0031687566,0.0018259734714549762,0.0006784001936092542,0.0024985895,0.0010081988,-0.0017197516,0.0007083391205140396,0.0007027653790849996,0.0007510615035423612,0.0005455075134367676,0.000601090080150117,0.0073643853
2025-02-13,0.014385765663448735,0.0007082246186505592,-0.0002376341283500756,-0.0014452724164678238,0.0007076548127015569,0.0011004667370065363,0.0007814258193157204,0.0005130396376365898,0.0006416106634164927,-0.00058241165,0.001787743,-0.003421407196475445,0.0004609180947974581,0.0013733988,0.0010386996,-0.0023603525,0.0007066357631669155,0.0006995944842244539,0.0007135692703281124,0.00051533985026376,0.0006511868921213783,0.0044153365
2025-02-14,0.0041985445045717995,0.0007082246186505592,-0.0005082757720046621,0.002706616793509393,0.0007076548127015569,0.0005431641358803646,0.0006380240209881122,0.0006860286236410263,0.0011621940287016423,-0.001957475,0.006632335,-0.0008817034435074616,0.0006500529954243204,-0.0007793659,0.0010041383,-0.0014267464,0.0007135598557696734,0.000704742991541162,0.0009385370830851792,0.0006835184025158278,0.0008225940810803796,0.00019588228
2025-02-18,0.0022670259221406752,0.0007082246186505592,0.0018976668642962135,-0.006777985704031969,0.0007076548127015569,0.0009608116342363616,0.000685424944622277,0.000436800139403476,0.000724838698413937,0.0014785004,0.0018131776,0.0038098209425214136,0.0009177671228620626,0.0010372044,0.0010336252,-0.0015719805,0.0007071685420706565,0.0007194233750159899,0.0008921288019469193,0.0005216652231332567,0.0006972027488708664,0.0019422311
2025-02-19,0.00027810223037993964,0.0007082246186505592,0.00045759320876339227,0.009991401053927231,0.0007076548127015569,0.0010407131413043603,0.000685424944622277,0.0006164899584218523,0.0005856310373826414,0.0002274469,-0.00030640757,0.002057960938398121,0.0006691336768997999,-0.0029697574,0.000935113,-0.00014825285,0.0007071341294566802,0.0007104149390874383,0.0007299423335567239,0.0005617873404149319,0.0007209617493465256,0.004618742
2025-02-20,-0.004244513641755598,0.0007082246186505592,0.0003909531532263826,-0.0030197259374265704,0.0007076548127015569,0.0011224164883457297,0.000685424944622277,0.000637964292997115,0.0007251781882290957,-0.003933614,0.0044721374,-0.0010312639578407305,0.0006784001936092542,0.0016102942,0.00093671284,0.0033902104,0.000707181106923908,0.0007002811577760318,0.000780032340135096,0.000687310239299139,0.0006821740928684883,-0.0006269405
2025-02-21,-0.02075461161885961,0.0007082246186505592,0.0019323448581481358,0.0044216833051893825,0.0007076548127015569,0.001304576796028574,0.0006380240209881122,0.0005052307448358027,0.0007746447896134496,0.00048484426,0.00016479718,0.004320736288653716,0.0007969797019668929,0.0031909111,0.0009464171,0.00064225006,0.0007097018015094003,0.0007134812187746201,0.0008393284129427942,0.00045670248901603775,0.0006744787960726681,0.0009187097
2025-02-24,-0.011804288321167977,0.0007082246186505592,0.004700864709939868,0.002313213349667739,0.0007076548127015569,0.001934949426114832,0.0012978525340206432,0.0005038417508422619,0.0009402517451881909,0.0017299425,0.00088558753,0.004300391363495529,0.0008666778013874472,0.0029757116,0.0010033837,0.004738188,0.0007187207846205643,0.0007170936847409217,0.0009367183649042548,0.0005008620088938382,0.0007876510585300413,0.0011753726
2025-02-25,-0.012599303672071738,0.0007082246186505592,0.0027913320368608643,0.010764036343592583,0.0007076548127015569,0.001564168335706832,0.0008340040867522141,0.0004923537337093079,0.00071157428059308,0.0004120459,0.0017789757,0.002564150770052045,0.00042685539216798864,0.00018465216,0.0011277819,-0.0013106961,0.0007091157837765939,0.0007108646615627707,0.0007551685975768316,0.0004092411604562245,0.0006827672838790107,0.0027499823
2025-02-26,0.0024156471596663565,0.0007082246186505592,0.0047658514099105515,-0.017639636699790236,0.0007076548127015569,0.001583930420692491,0.0010640255013266518,0.001789070478439985,0.0005829132490412858,0.005176018,-0.0030401498,0.003851205902240278,0.0007148759282089889,-0.002450932,0.0011359414,-0.0007503752,0.0007199219656623222,0.0007181309173303311,0.0008112166660261458,0.001894685301104187,0.0006851527827269612,0.0061703646
2025-02-27,-0.027771299751243705,0.0007082246186505592,0.0027760686133390645,0.007574245789937668,0.0007076548127015569,0.0010148649015495725,0.0012739320782111422,0.0010376654943207505,-4.518911732538173e-05,0.013755463,-0.011540019,0.002632721217824255,0.0006495128926441274,0.002150249,0.0010354717,0.002207684,0.0007066989056770945,0.0007147063521257448,0.0005467906585133105,0.0008400785987664283,0.00030972477687627093,0.009797335
2025-02-28,0.01579147260479341,0.0007082246186505592,0.005830632622777532,0.012537289619989966,0.0007076548127015569,0.00219185439590979,0.00028701175603900256,0.0014416612535229098,0.001158433942343157,0.01437076,0.0024201125,0.004755147482579275,0.0006784001936092542,-0.0016911009,0.001011774,0.00042871266,0.0007181993872613719,0.0007090163915000333,0.0009492939185345532,0.0014826908523296917,0.0008935305748207197,0.0017958912
2025-03-03,-0.02188244091544167,0.0007082246186505592,-0.001376613603238203,0.010473452525934571,0.0007076548127015569,0.0004814831473488021,0.0008340040867522141,-0.0005152550195592612,0.00034919187057647316,0.0072564604,0.032161262,-0.004574951022032926,0.0006551113760668052,0.0033175014,0.0009553339,-9.329177e-05,0.0006967369492028089,0.0006895656245201228,0.0006532732691549483,-0.00028530495840771626,0.00034042514098593614,0.007823443
2025-03-04,-0.0030178050497937647,0.0007082246186505592,0.0042304069867275616,-0.018601662916634554,0.0007076548127015569,0.001994617869075437,0.0009684101713791837,0.0007976356827424672,0.0008856170299340718,-0.007869536,0.0012282958,0.0023971213451023736,0.0006879194797162244,0.0013547123,0.000934152,-0.0002838534,0.0007145460302314764,0.0007132103003447507,0.0008357766114253508,0.000811984615527331,0.0008270388128362526,0.0017788257
2025-03-05,0.013036020583190311,0.0007082246186505592,-0.001048115966294835,-0.0021926461039047385,0.0007076548127015569,0.0012287441178918759,0.0010207366238142632,0.0010837190646937425,0.0011637047876855739,0.017183604,0.01396684,0.000621219584212097,0.0008099877487722551,0.0031586639,0.0009829558,0.00093535404,0.0007075476146752584,0.0007152830736052251,0.0009853842856631342,0.0011543984677176028,0.0007661441402206253,0.018299546
2025-03-06,-0.02750941216310432,0.0007082246186505592,-0.0030637587275825834,0.012980945324634258,0.0007076548127015569,0.0005802671335073803,0.0004116164019577338,0.0003365452079088607,0.0007223096918907584,0.006557159,0.0106182005,-0.004127680613185535,0.00040324926869884844,0.001516548,0.0010125183,0.0003867212,0.0007023253133638224,0.0006974846303801611,0.0007124608739938862,0.00035544740822355137,0.0007707119613854791,-0.0051368126
2025-03-07,0.00735354362966012,0.0007082246186505592,0.0054641455197637,-0.02156045528666434,0.0007076548127015569,0.0022358112407618353,0.0011684908152199945,0.0008461065768218089,-0.0003757045717900947,0.009010967,0.004951976,0.002554640777933647,0.0005230937466676342,-0.005872952,0.0010806388,0.0029218222,0.0007012209758840593,0.0007051709533055719,0.0004095807037736576,0.0007280391841339845,0.00030972477687627093,0.0007710466
2025-03-10,-0.03875637975558677,0.0007082246186505592,-0.0017849963434043176,0.00792180449908312,0.0007076548127015569,0.0008018983262896906,0.0009437238248829339,-3.473091196457314e-05,0.000490392686884736,0.0031441436,-0.019958567,-0.0016383383192461042,0.0003642757065538684,-0.0037713663,0.0011350602,0.0033269997,0.0007006136775681429,0.0007033710882381356,0.000663054799405657,0.0002740121643321458,0.0005944146381262814,0.011172747
2025-03-11,-0.002390370824783661,0.0007082246186505592,0.007302145086935735,0.003880502623548509,0.0007076548127015569,0.002693521955743463,0.001967995632292177,0.006893200067391872,0.0027638834007343138,-0.0039831437,0.003354006,0.007342846585242599,0.002503738225293711,-0.0027053158,0.0013187107,-0.00079885614,0.0007607611715551646,0.000761688675602831,0.0021955617116508398,0.007768770445433832,0.0014143243607724636,0.0109818345
2025-03-12,0.01128074639525023,0.0007082246186505592,-0.0007805153445493988,0.007578408797991471,0.0007076548127015569,0.0012009479765731613,0.002517128169040815,0.008629645671673477,0.002033803400368165,0.0086519625,0.007200629,-0.0023540172543782024,0.000700472884286401,0.0072696125,0.0011556022,0.0073379264,0.000756951426138912,0.0007428502349881964,0.0012960394514588591,0.00950263736170481,0.0011692382193713097,-0.0018079639
2025-03-13,-0.017990438647991325,0.0007082246186505592,-0.0009734332845388299,0.028575857011701452,0.0007076548127015569,0.00064153496896753,0.0015557295652234892,0.006517461249079539,0.002033803400368165,-0.0018461726,-0.0083966255,0.0004886651309559612,0.0019898335264105075,-0.005332946,0.0012461916,0.010400451,0.000739840271219883,0.0007535202745549168,0.0017567283556907663,0.006930692426907177,0.0011692382193713097,-0.004059036
2025-03-14,0.024170474441645107,0.0007082246186505592,0.0065711967263924415,-0.01206026496331587,0.0007076548127015569,0.0018437007401407221,0.0015557295652234892,0.010908898396814398,0.002033803400368165,0.008988206,6.2335166e-05,0.0039031941590494347,0.00146065850040734,0.007002916,0.0016809518,0.004662099,0.0007736582716816652,0.0007726030628341353,0.0017248812110413664,0.011406863141144948,0.0011692382193713097,0.021320594
2025-03-17,0.006483759329525052,0.0007082246186505592,-0.00419884413937927,0.0021487889072191375,0.0007076548127015569,9.419788433258538e-05,0.002517128169040815,0.004543695122496148,0.002033803400368165,-0.013305678,-0.00250459,-0.002577734892787377,0.0014673043700471104,0.01579878,0.002070157,-0.00024896234,0.0007252202555996855,0.0007308826098752879,0.0018567644163840344,0.005094618397924419,0.0011692382193713097,0.009497073
2025-03-18,-0.017047455309981863,0.0007082246186505592,0.0018268868955681901,0.013919274179197624,0.0007076548127015569,0.0008348343991265003,0.002517128169040815,0.007134835311298552,0.002033803400368165,0.0036637618,-0.00433102,0.0025858362126039034,0.0014673043700471104,-0.0021722254,0.002170242,-0.0011532207,0.0007502289919436545,0.0007415808456795662,0.0018901077878353027,0.007308642502327448,0.0011692382193713097,0.018760521
2025-03-19,0.013381379862603682,0.0007082246186505592,0.0044566978653023896,0.024281817188274407,0.0007076548127015569,0.001818866830054426,0.0015557295652234892,0.009886391639910428,0.002033803400368165,-0.010571046,0.0044996818,0.002334322769525317,0.002503738225293711,-0.018514024,0.0025283487,-0.0006359045,0.0007655547971426314,0.000782564223522491,0.002355469853231249,0.010279692673466385,0.0011692382193713097,-0.0006077043
2025-03-20,-0.0033895485454054075,0.0007082246186505592,-0.0017066138730528293,-0.003222407397009074,0.0007076548127015569,0.000538368358648251,0.002517128169040815,0.007180297289876755,0.002033803400368165,-0.00011582312,0.007087423,-0.0015718098830898575,0.0009467538015241368,-0.004951586,0.002843919,-0.00018562496,0.0007397653902049447,0.0007370104700469263,0.0019407357129694438,0.008114771262743663,0.0011692382193713097,0.012591412
2025-03-21,0.003296749154947154,0.0007082246186505592,0.0035398255170671633,-0.004031747514243425,0.0007076548127015569,0.0012497592525896402,0.002517128169040815,0.008173995337070033,0.002033803400368165,0.0033753056,0.0012379283,0.0036365367937484256,0.0019812090689303144,-0.00379081,0.0032256434,-6.137162e-05,0.0007599016902121469,0.000760245985555328,0.002413305385828346,0.008791110635793657,0.0011692382193713097,0.0021272195
2025-03-24,0.020422593794193533,0.0007082246186505592,0.002548968887596212,0.0054872149925602525,0.0007076548127015569,0.0009642128750609586,0.0011249725901404317,0.004776133485685743,0.0004436385137418807,0.0025344887,-0.005702755,0.0026347018775257055,0.0009364245845107939,-0.0073626377,0.0033934892,0.0014307301,0.000722214467568241,0.000729223359768763,0.001590922666399016,0.004895476320518761,0.0008545382399313023,0.00047843298
2025-03-25,0.0057065992744465,0.0007082246186505592,-0.0012098558734664042,0.0067014369893048506,0.0007076548127015569,0.00024001687143752572,0.0009548924233359812,0.0006643841405823365,0.001410124044877847,0.00073759165,-0.0033625853,0.00288789988804044,0.0006017661024191981,-0.0019752297,0.003151667,0.00027521208,0.0007132802253033198,0.0007125120317330769,0.0017204157811192833,0.00032557934916445646,0.0009639874814347863,-0.006549696
2025-03-26,-0.018400680906253797,0.0007082246186505592,0.0033797965851963653,-0.0005197904133648536,0.0007076548127015569,0.0008680745471950713,0.00035505939539564246,0.0005245659185835279,0.0009253053694264103,0.0041727005,0.0035370383,0.0031214693211235834,0.00046891713138391656,0.009622148,0.00299185,0.00046682238,0.0007137202882056231,0.0007092172541768205,0.00146139211676068,0.00047902676686084524,0.0005289599260002205,0.013602616
2025-03-27,-0.005698005698005715,0.0007082246186505592,0.003281456521593113,-0.010203766751961291,0.0007076548127015569,0.0018891473655809512,0.0010123068529475075,0.0004805989014088049,0.0005222156095820439,0.0022668913,-0.0031342055,0.005748498163813967,0.0003574360545686595,0.001981051,0.0028794904,0.0008075114,0.0007109076888191603,0.0007133781181156842,0.0012525256308591288,0.0004584759851326366,0.0005846177278033051,-0.0007174467
2025-03-28,-0.026327810306880917,0.0007082246186505592,0.00027898115126885636,-0.00020491130969389672,0.0007076548127015569,0.0013448985762847898,0.0012739320782111422,0.0006874039808131194,0.000932502680388792,-0.00080390484,-0.0011616062,0.0009220374549868961,0.0008720102253122088,-0.001804535,0.0032356211,0.00047123685,0.000711457373777274,0.0007126959508410172,0.00167959123549183,0.0006978471712983504,0.0008901538761548909,-0.0057943896
2025-03-31,-4.2649379451531466e-05,0.0007082246186505592,0.0068041898295550865,-0.010942663402668099,0.0007076548127015569,0.0021972730185710406,0.0018698020762020328,0.004551541263021268,0.001744181375775207,0.006501331,0.004407846,0.0047949958764611595,0.0014092792708846533,0.0017755942,0.0034887008,-0.00022522852,0.0007405602699923781,0.0007395740209820128,0.002213548469330859,0.0049824812087655495,0.0010640661718353671,0.00026687095
2025-04-01,0.008061076516250099,0.0007082246186505592,0.003562132694946732,-0.00017127915450634076,0.0007076548127015569,0.0010993812703066934,0.0012739320782111422,0.0005481069784169663,0.0002505700725561672,-0.0047380896,0.0039205384,0.0018758044877238793,0.0004932739092913812,0.014643975,0.0031771706,0.00086943316,0.0007018711246147527,0.0007094949685393964,0.0013066076377357782,0.0005812909336535044,0.00030972477687627093,-0.0027637128
2025-04-02,0.007298497990268604,0.0007082246186505592,0.0034676809923387176,-0.017232752327512414,0.0007076548127015569,0.0007634515730244347,0.0005499260717936306,0.0013902607899363107,0.0013259127325282462,0.002187762,0.002111903,0.004582625020894794,0.000677324330319096,0.011394041,0.0037211638,-0.00012256697,0.0007189068102191389,0.0007153565637609563,0.001907334059902229,0.0015498280751905199,0.0008359221849134638,-0.019032484
2025-04-03,-0.05353355035177976,0.0007082246186505592,0.003564877602047689,-0.02135666105960629,0.0007076548127015569,0.000796762932739864,0.0009548924233359812,0.000783128759636646,0.0006142206058363114,0.0063765654,-0.004950755,0.004142113108072948,0.0005871601297407862,-0.0057460973,0.0038702893,-0.00029817343,0.0007100676754010282,0.0007200613769143704,0.0016899483511683478,0.0006791930388623795,0.000673349151422653,-0.0037093358
2025-04-04,-0.06210890693649318,0.0007082246186505592,0.00964493779422702,-0.0022456475127292192,0.0007076548127015569,0.003417573352868606,0.0009104531203502076,0.003988721671112775,0.0008283685071124858,-0.00326208,0.00042464666,0.009892079981994619,0.0007771416744210849,0.0050514312,0.0031921535,9.2929906e-05,0.0007349696587144835,0.0007362725097436774,0.0015987619248608385,0.004240159480303886,0.000651006742076952,0.004675932
2025-04-07,0.002413230179572734,0.0007082246186505592,0.0082564872335275,0.006173105020977694,0.0007076548127015569,0.003617047197429602,0.0004125253556291669,0.01063182520626764,8.710683882249039e-05,0.0072999047,-0.027397577,0.009983753846956843,0.000947138933305342,0.001561194,0.003302147,0.00034069523,0.0007488367504769898,0.0007661157736166665,0.0014453601580352257,0.010425571986233229,0.00048632282596574304,-0.014161838
2025-04-08,-0.018008449573980956,0.0007082246186505592,-0.004800354492284424,0.0005391324366159911,0.0007076548127015569,0.0009939542511205582,0.0004125253556291669,0.0006447299253802453,8.710683882249039e-05,-0.017075697,0.020139791,-0.005291363866009779,0.002503738225293711,0.006014026,0.0034595157,0.001127525,0.0007005512266837778,0.0007229251978298168,0.002017525916698446,0.00020052447242356267,0.00048632282596574304,-0.007916316
2025-04-09,0.12003076479353947,0.0007082246186505592,0.005991928000235775,0.015724254342049344,0.0007076548127015569,0.0018127571857707201,0.0004125253556291669,0.011925125709182863,8.710683882249039e-05,-0.005903244,0.016725574,0.009558283400663897,0.002503738225293711,0.00096864917,0.0033591243,0.0006614018,0.0007504050193150822,0.0007838834476412877,0.0019840803884564914,0.012202958199646442,0.00048632282596574304,0.010726148
2025-04-10,-0.04253218884120169,0.0007082246186505592,-0.020538042517707952,0.004038106380183266,0.0007076548127015569,-0.004305132084125127,-0.0009981776372504332,-0.008856045425077189,-0.0008136359657984908,0.016016128,0.05248289,-0.019113651317597936,-0.00032165179661348975,0.00033083535,0.003326841,0.0014228958,0.0006381131150526941,0.0006362749101161507,0.0007300389485452444,-0.008911927970418534,0.00018547961290885835,0.023106908
2025-04-11,0.018423057958671274,0.0007082246186505592,-0.000776253575700209,0.004072378232666415,0.0007076548127015569,0.0030667682085981783,0.0018850511982803281,0.0014126033100760739,0.001377591071737704,-0.009356037,-0.00083609263,0.003047377446749472,0.001046355787551085,0.00023066695,0.003151507,0.0013431001,0.0007233962736016457,0.000723943052274396,0.001857975920765359,0.0014677472698829467,0.0010398694453452135,0.011102848
2025-04-14,0.006778169014084678,0.0007082246186505592,-0.012243303150312045,0.001765335665961553,0.0007076548127015569,0.00026598624330556776,0.0018850511982803281,-0.007042719725166945,0.0010156434566225899,-0.0029631637,0.014595345,-0.007625349853278937,0.001046355787551085,-0.0047102217,0.0033321802,0.0017993513,0.0006805489391723894,0.0006850231984054781,0.0017976549994747162,-0.007129779303101256,0.0010398694453452135,0.005588184
2025-04-15,0.0011148028329106552,0.0007082246186505592,-0.007150042976736152,0.004386309286793362,0.0007076548127015569,0.0008021411790236444,0.0018698020762020328,0.002125497389997114,0.001744181375775207,0.020279253,0.011049859,-0.0048493882711633796,0.0014092792708846533,-0.0008689391,0.0031878105,0.0022273909,0.0007259005919221561,0.0007256619949081239,0.0021133065173192223,0.00208335487642752,0.0010640661718353671,0.0011851355
2025-04-16,-0.030153496801240243,0.0007082246186505592,-0.000910617711068885,0.004174778836395348,0.0007076548127015569,0.0010639637684196567,0.0018850511982803281,0.004813855218846121,0.001099036189930833,-0.018020103,0.0072286767,0.002033740765422986,0.0010539646803212925,-0.02685906,0.0033710164,0.0022590298,0.0007401722308326205,0.0007403852782049036,0.001840899935673235,0.005021251191855968,0.0010398694453452135,-0.03648863
2025-04-17,-0.00018010716376237745,0.0007082246186505592,0.008597761704138916,-0.0005307255697688199,0.0007076548127015569,0.00251616152414646,6.215086129915883e-05,0.007762122080145473,0.001572465564382967,0.01433907,-0.0029762606,0.005999328044744957,0.00011956331252919794,-0.0075741047,0.0032088382,0.0017738517,0.0007601620593866026,0.0007447137907410954,0.0016325105958386516,0.007949386077558813,0.0010398694453452135,-0.017189397
2025-04-21,-0.02474667867597391,0.0007082246186505592,0.0047353018298822965,0.04692449721135619,0.0007076548127015569,0.0011233629230764407,0.0013376050261621323,0.005500043191771136,0.0008051367344724805,0.025987905,0.006672994,0.0024764033302368945,0.0010415932467601784,-0.018405816,0.00322111,0.0023535292,0.0007431359710653365,0.0007424790315199839,0.0016889722737867558,0.005593874485559003,0.0005095925809421551,0.016565004
2025-04-22,0.02625199141095802,0.0007082246186505592,0.009893093969205582,0.007667466713904751,0.0007076548127015569,0.0022683863236150786,0.0015557295652234892,0.010991722654948766,0.0018587052909565308,0.013406692,-0.004451593,0.0071021534430205525,0.0019898335264105075,0.0012774018,0.0030202027,0.0013852033,0.0007751512974980506,0.0007743796718378843,0.0022894423569889875,0.010804757950644521,0.0011692382193713097,0.002179178
2025-04-23,0.022678185745140356,0.0007082246186505592,0.004362444598531173,0.057502068897963915,0.0007076548127015569,-0.0001191245523656377,0.0005846980109622638,0.008421708430012187,0.0008971258097720384,0.016601447,0.008581718,0.0024874326264027694,0.0010539646803212925,0.013785228,0.0032685732,0.0022395577,0.0007478717369365609,0.0007499199034330957,0.0017395437096091233,0.00879839618098455,0.000673349151422653,0.010294067
2025-04-24,0.02813709961281252,0.0007082246186505592,0.0038001063050497113,0.00526892654782327,0.0007076548127015569,5.50745725267944e-05,0.0009104531203502076,0.005677299387019976,0.0007188169071729875,0.0067891805,-0.0022980305,-0.0012536148481252227,0.0011656866122284858,0.0016416025,0.0033503056,0.0037875555,0.0007328098082858961,0.0007340582050222074,0.0017447072356004687,0.005824831096632885,0.000651006742076952,0.0031902757
2025-04-25,0.011147961912913118,0.0007082246186505592,0.004240173114496008,0.017559111182361604,0.0007076548127015569,-0.0001889836773077143,0.0007174661351259148,0.004817174899781418,0.001058234511711621,-0.00671212,0.006813536,0.0017485368942374256,0.0010539646803212925,0.0040431414,0.0036569259,0.003910287,0.0007362246168826145,0.0007388446462007536,0.0019225658774608485,0.004989484145680328,0.0007661441402206253,-0.00038767653
2025-04-28,-0.00031742001015744314,0.0007082246186505592,0.004248663018772051,6.056067418798005e-05,0.0007076548127015569,0.0006020557892115317,0.000934481790220912,0.006009752306473186,0.0005550335869227641,0.002269945,0.005776158,0.002496484403554821,0.0010539646803212925,0.0030569907,0.003079213,0.012915573,0.0007359547422121828,0.0007385232602518652,0.0015625566442495024,0.006094557754165427,0.0004252471981700625,-0.0070628827
2025-04-29,0.006604432590334497,0.0007082246186505592,0.00629625203254024,-0.009565710645258442,0.0007076548127015569,0.0011327713081544849,0.0005698318458269945,0.00495438679549051,0.0006926141063995844,0.0080792,-0.0021264139,0.005782935529929914,0.0012000631615397702,-0.0040527843,0.0023881681,0.01825722,0.0007397933185588971,0.0007432035231488969,0.00142692375550561,0.005011253456769313,0.0006500786571366922,-0.0008256794
2025-04-30,-0.0001261750047314436,0.0007082246186505592,0.005477914466408516,-0.009993992400813667,0.0007076548127015569,0.0008136033663725528,0.0012831717220755762,0.005330961548017021,0.0005289270739499681,0.0019487991,-0.0014475376,0.0036723606218695666,0.001075025464541948,0.0008956997,0.0017932651,0.0032271582,0.0007383549798818457,0.0007417616720794395,0.0011324813746517114,0.005328763732816278,0.0006500786571366922,-0.001133326
2025-05-01,0.01306076093128894,0.0007082246186505592,0.007248050436527701,0.016843660568762506,0.0007076548127015569,0.0011258497056845825,0.0006380240209881122,0.006114526620668916,0.0007483931446266701,0.0054971967,0.007266871,0.003361307742461477,0.0011438789186456878,0.0074637206,0.0012617062,0.015524306,0.0007442237305770158,0.0007460037093906303,0.0010514540629707576,0.006163134370271605,0.0004256552181326476,-0.0011410513
2025-05-02,0.014843879754193656,0.0007082246186505592,0.006945276773361177,0.028780936496904348,0.0007076548127015569,0.00051657706478039,0.0011418932078002637,0.002019056590963961,0.0008228212753487297,-0.0029055062,0.014302516,0.002999274936574324,0.0009449571349061172,-0.020028375,0.00092467223,0.016319064,0.0007140717995674866,0.0007145699385971961,0.0008975333908655859,0.0021862194987446863,0.0006008787126905985,-0.013201313
2025-05-05,-0.0059325327823578355,0.0007082246186505592,0.003537874806943574,-0.019811676436406186,0.0007076548127015569,0.0004396107896137011,0.0008516224128721256,0.005900907720888864,0.0010437652007347228,0.006685026,-0.011104259,0.002453825048606396,0.001075025464541948,-0.008816467,0.0012281719,0.009167693,0.0007438614619351643,0.0007432874430412392,0.001115638089077204,0.005921558318415573,0.0007379387816237915,-0.013261141
2025-05-06,-0.009301751281048709,0.0007082246186505592,0.004931504435838758,0.0033670578284697595,0.0007076548127015569,0.0013983563327838661,0.0012831717220755762,0.0026513352552545054,0.000699167088058355,0.0034577006,0.0043854048,0.004724090054460724,0.0006784001936092542,0.008474577,0.00227179,-0.00049195555,0.000721091921520714,0.000720384556562548,0.0012161543234572186,0.0026970986564623348,0.0006678902101352273,0.015898569
2025-05-07,0.003925967470555181,0.0007082246186505592,0.0052112094280189385,-0.007231498859866487,0.0007076548127015569,0.0015514555304299345,0.0006380240209881122,0.0020986944415672232,0.0006861422018531495,-0.0025280842,0.0023122006,0.003137218793087258,0.0006784001936092542,0.0012324445,0.0035602173,0.0018904645,0.0007252680806112325,0.0007161525231047703,0.001641058653949285,0.0022471345026292312,0.0006232638580115364,0.006513026
2025-05-08,0.010324849989654439,0.0007082246186505592,0.004714371352980808,0.035199386677662724,0.0007076548127015569,0.0009430673727848525,0.0011716429281137873,0.002299866039652717,0.0010435611442377354,0.0039534764,-0.002917267,0.005332306999099152,0.0010700218650742215,-0.02023946,0.0053219586,0.009593121,0.0007248341786455616,0.0007305395201390155,0.002477749258925973,0.002387808216614249,0.0009309546578951587,0.008253979
2025-05-09,-0.000655348256159205,0.0007082246186505592,0.0007639977475648416,0.006172156641925757,0.0007076548127015569,0.0006508315038639351,0.0007814258193157204,-0.00037638472805128366,0.000442484941312979,0.011326496,-0.037799545,-0.001955036958597293,0.0007570626312848024,0.015187399,0.0054160524,0.009495522,0.0006954841988776591,0.0006952851409775823,0.0022044701028965477,-0.00023995163737989191,0.0008058209171990965,0.00908233
2025-05-12,0.040740209439104946,0.0007082246186505592,0.0024077639703141106,-0.00394100919221409,0.0007076548127015569,0.0011575859397203402,0.0009684101713791837,0.0005707742614022538,0.000426563026657058,-0.0040633474,-0.025353646,0.002138391277357115,0.0008517196778426218,-0.007354497,0.0037349248,0.015926106,0.0007115398396605474,0.0007136151229532222,0.0016707045703028699,0.0005525591564024098,0.0006421900513573765,3.1764153e-05
2025-05-13,0.015240720685241627,0.0007082246186505592,-0.008562555358055373,0.006798621980118704,0.0007076548127015569,-0.0007516871328622651,-0.0009981776372504332,-0.012182957549122391,-0.0008136359657984908,0.01966727,0.009797955,-0.007649658007294582,-0.00032165179661348975,0.0003239566,0.005175987,0.0099981865,0.0006294084620454874,0.0006209835455852318,0.0013460840335303254,-0.012554811921388832,0.00018547961290885835,0.0047475
2025-05-14,0.005993134079403939,0.0007082246186505592,-0.00023198261929001005,0.01249849691180534,0.0007076548127015569,0.0004366071406632982,0.0007174661351259148,-0.0009950048025560041,0.000567598810776451,-0.0075251292,-0.0072826087,0.0006687627184183373,0.000166518881595188,-0.00057159807,0.0052420893,0.0034728113,0.0006958290352234965,0.0006945656523749473,0.001990992801648194,-0.0010018239268836692,0.0005668658736349329,-0.015492767
2025-05-15,0.0010989434718902125,0.0007082246186505592,-0.002410410941988154,0.016400812870655077,0.0007076548127015569,0.0008575678263946322,0.0007814258193157204,-0.004856535261393817,0.000462996114890868,0.0061656926,-0.009188824,-0.0017997021846403157,0.00012404622372545038,0.010163463,0.0053453636,0.006336535,0.0006772870747321364,0.0006750288367928722,0.001976389394150471,-0.005247725726562893,0.0006692377437507262,-0.0063206055
2025-05-16,0.004352431391429823,0.0007082246186505592,-0.002494980505437848,-0.03564551078745401,0.0007076548127015569,0.001078789344183127,0.0018698020762020328,0.002342430258570219,0.001744181375775207,0.0018620014,0.009900899,-0.00044109328183809067,0.0014092792708846533,0.003245428,0.0044263867,0.014920364,0.0007181047141898977,0.0007255447837071146,0.0025259395914536743,0.0024914197195655473,0.0010640661718353671,0.008947788
2025-05-19,0.0009587543863012193,0.0007082246186505592,-0.0025140816758206013,-0.012009674564713187,0.0007076548127015569,0.000934813005092779,0.0007814258193157204,-0.0003089820381986373,0.00036038404634732317,0.006260435,0.0051183873,-0.0030688546600557438,0.0002894927111144001,0.012440325,0.0019835972,0.015576917,0.0006923003191860655,0.0006902451167496841,0.0008774892349313662,-0.0005830131133118273,0.0006285554576078352,0.01396464
2025-05-20,-0.003333269477596268,0.0007082246186505592,0.0011457066743724969,-0.018689219696035837,0.0007076548127015569,0.0010877328828672137,0.0006380240209881122,0.0006604899008855314,0.0005158811146432159,0.006207687,0.012680474,0.0023804463097969377,0.0005979081454446363,-0.005967213,0.0017517095,0.0021030854,0.0007066327713216894,0.0007067574463431629,0.0009549870510981294,0.000578659141386685,0.0008711005830243582,0.010447264
2025-05-21,-0.01389663059565227,0.0007082246186505592,0.0007578839735453265,-0.012079316255659524,0.0007076548127015569,0.0012787910490204802,0.0006380240209881122,0.0005532249409162777,0.0003558250421424548,0.00859461,0.011448383,-0.0003599372734885368,0.000815777342472324,-0.0028250644,0.0028423786,-0.0018503864,0.0007037172078746759,0.0007044474446889794,0.0013377982427147626,0.0004273904442961109,0.0006218044738663717,0.017334685
2025-05-22,0.0018711991267739148,0.0007082246186505592,-0.00020150885331805249,-0.019791977347555573,0.0007076548127015569,0.0017414145817280888,0.0006380240209881122,0.0004267517515751001,0.0008615553791862031,0.0076857433,0.014203049,0.0007442896218409438,0.0009446683753773658,0.0005299628,0.0017746547,-0.0022701074,0.0007073226397425926,0.0007077931636424093,0.0011935063597225916,0.0003215790730415085,0.0007388377464771164,0.018495219
2025-05-23,-0.009260700389105092,0.0007082246186505592,0.001698779657782071,-0.0003400523628358859,0.0007076548127015569,0.0010432390424983634,0.000685424944622277,0.0005872327611275555,0.00043514372117344657,0.0068867803,-0.0065373224,0.0012770833409927141,0.0006403913727111771,-0.01647675,0.0007826724,-0.0047512255,0.0007052739219722441,0.0007089840395441459,0.0006194541198418665,0.0005456452886206861,0.0007841507629001501,0.007305683
2025-05-27,0.023525253318670947,0.0007082246186505592,0.0031182529275481595,-0.014593703498758215,0.0007076548127015569,0.0015322767035793714,0.0004116164019577338,0.0004846665573254818,0.0005160270828637727,0.0068756826,0.0069871354,0.0004866179272182635,0.00042491909637204045,-0.00030648685,0.000796646,-0.005271328,0.0007076744567956337,0.0007042259402261679,0.0005790952481450171,0.00044947785079604656,0.0005297967240464974,0.010379365
2025-05-28,-0.004431909750201579,0.0007082246186505592,-0.0021136653604486594,-0.0006621970528962878,0.0007076548127015569,6.645191188506899e-05,0.0007814258193157204,0.0005901014688661384,0.0010683833656865889,-0.0020641524,-0.015450345,0.0007066670476403167,0.000767030781080675,0.0025073793,0.00079246983,-0.0053312606,0.0007049806001945205,0.0007063254085743684,0.0008758428281532258,0.0004686230893528168,0.0008965999098048101,-0.00868457
2025-05-29,0.0019656587847602935,0.0007082246186505592,-0.00020417896186970211,0.007822497952157628,0.0007076548127015569,0.0013332040628364684,0.0007814258193157204,0.0004884571894216914,0.0006899516379238541,0.001697172,-0.00416715,-0.0009553976230571258,0.0009638105760293229,0.0013815768,0.00080692675,-0.0056258417,0.0007037270684864486,0.0007021418631976853,0.0008203617095618831,0.00043041536098778065,0.0007639693653546618,0.005057979
2025-05-30,-0.0015771353836092628,0.0007082246186505592,0.00012701445496084997,0.0037423728365835697,0.0007076548127015569,0.001041970311856464,0.0010123068529475075,0.0005984130600356362,0.0007582102197810312,0.00069776946,-0.0070377127,0.001973509982475685,0.0007672637350349742,-0.013136216,0.0007916557,-0.006115136,0.000708598149760459,0.0007112866284425529,0.0007723755216906379,0.0005783267959665578,0.0006661331064516205,-0.0015044925
2025-06-02,0.00789813334360745,0.0007082246186505592,-0.0010745679326733776,-0.004799257456398799,0.0007076548127015569,0.0012037279638833713,0.0006380240209881122,0.0006162857618971622,0.0007618469202609243,0.0029509296,0.0092592975,-4.97508176911098e-05,0.0009046274044588661,-0.006755759,0.0007664105,-0.003388283,0.0007049933686442628,0.0007077105028803516,0.0008110407334824687,0.0007279468014074051,0.0007038587490695373,0.010039825
2025-06-03,0.007817128877505963,0.0007082246186505592,-0.00023595225057680127,-0.003584178929195969,0.0007076548127015569,0.0007710767065411936,0.000583324248788648,3.977254893318924e-06,0.0001332802369810455,0.0021568302,-0.0030411603,-0.002505508921647707,0.0006784001936092542,-0.012621704,0.0007697252,-0.0034717147,0.0006975593314554958,0.0006973781301161542,0.0005273245360362512,-0.00011760929613335284,0.0004256552181326476,0.009584807
2025-06-04,0.0027877868386119165,0.0007082246186505592,0.0004372266910487884,0.0048420148610115,0.0007076548127015569,0.000778477142766753,0.000685424944622277,0.0005025417639337773,0.0006585793681189276,0.011481066,-0.0019902247,0.0025609499832608754,0.0005974478475051255,-0.0003450676,0.000747717,-0.0034055833,0.0007058153861503266,0.0007087694826807952,0.0006678642605333128,0.0005326072091206608,0.0006704315382115264,0.0073486497
2025-06-05,-0.0075269020557142685,0.0007082246186505592,0.002935441511700744,-0.0017120349216069239,0.0007076548127015569,0.0010104175926562784,0.0008232777228848199,0.0006732656677878644,0.000609055166973326,0.0039878697,0.002099723,0.0056262004052036,0.00106387825746998,-0.013911498,0.00077318435,-0.0025213857,0.0007105165290327746,0.0007205079368287084,0.000815597399002672,0.0006372068022434543,0.000761034541441929,0.0021397518
2025-06-06,0.009775338706911274,0.0007082246186505592,0.0011384483984908707,0.017380973929751988,0.0007076548127015569,0.0014800590700573876,0.000685424944622277,0.0006333320287011265,0.0005939660220628918,-0.0011400348,0.0067808754,-0.0005124244432361778,0.00024830656865165886,0.003223357,0.0007610568,-0.002036651,0.000708334205637709,0.0007005197000977844,0.0005342191109174597,0.0005331690935271292,0.0006477371660530992,0.0034188922
2025-06-09,0.0014719202898552108,0.0007082246186505592,-0.0023365556583695665,-0.007804806281092597,0.0007076548127015569,0.0006862301825259462,0.000685424944622277,0.00045888499080449477,0.0004741233212480832,-0.0042187283,0.009108325,-0.00481157678694978,0.0004711012182046296,-0.005649833,0.00076030754,-0.0025335227,0.0007035947306194031,0.0006994381761090486,0.0005684568635291142,0.0005159223683202211,0.0007107798891865161,0.0046175644
2025-06-10,0.006613906161673233,0.0007082246186505592,0.0023100747634835026,0.005497701303229098,0.0007076548127015569,0.0010717616434333254,0.000685424944622277,0.0006177091705564513,0.0008215277619211784,-0.00059152977,-0.0029304698,0.0026797219427898335,0.0008819837563844543,0.0015741012,0.00076475897,-0.0030457277,0.0007101620223031812,0.0007153592721619917,0.0008228010263506937,0.0005955131895994125,0.0007320013529919663,0.0022167934
2025-06-11,-0.0033694614477454143,0.0007082246186505592,-8.867732665675189e-05,0.004559555586752127,0.0007076548127015569,0.0008360788062588186,0.0006380240209881122,0.0006336893615805415,0.0007129113441266765,-0.0023835546,0.007106272,-0.0010341845707328126,0.0006997989126999426,0.0051073874,0.000779226,-0.002809127,0.00070900978053681,0.0007035097590534561,0.0007306259998425213,0.0005402526367070988,0.0007779850745908497,0.0029644733
2025-06-12,0.0023478146541200395,0.0007082246186505592,0.0023562245685960228,0.010352702791300647,0.0007076548127015569,0.0012995451572414673,0.0007301264104981976,0.0005810063499557078,0.0006592258173017128,-0.000388694,0.008975861,0.004429605096388143,0.0006734848313730779,-0.0076675927,0.0007691725,-0.0027847413,0.0007087294445888387,0.0007148599545551594,0.0007006156732646637,0.0005093425062838574,0.0007561845492868094,-0.003590994
2025-06-13,-0.012554810178765363,0.0007082246186505592,0.001181536795022843,-0.0007428149661306846,0.0007076548127015569,0.0010338268310436213,0.0006380240209881122,0.00042004762731431,0.0006970894648823624,-0.0053096516,0.013404111,0.0023476331786886255,0.0004128038175434617,0.00012727291,0.00077493547,-0.0023446244,0.0007067019485404977,0.0007078625895625396,0.0006281028650526175,0.00031198223268216426,0.0006086499833821598,-0.0016598632
2025-06-16,0.013909974191589347,0.0007082246186505592,0.0020919042261949407,-0.00840195891638931,0.0007076548127015569,0.0017198325800158287,0.0006380240209881122,0.0004239311512154816,0.0003674036997649555,0.01196378,0.014056046,0.0031299130030927255,0.0006551113760668052,0.0024492433,0.0007974,-0.0018177081,0.0007040736585464323,0.0007055820838512615,0.0006067211504537744,0.00036423547892686125,0.0005092375022853783,0.0010897119
2025-06-17,-0.009751258679743025,0.0007082246186505592,-0.0024995168278095993,0.0027680531685094715,0.0007076548127015569,0.0004779816285425849,0.0006380240209881122,0.00036621306164185346,0.0007436713125548233,0.0027464821,0.017113399,-0.0044417733248967575,0.0009866777569936093,0.012609663,0.0007961127,-0.0022999172,0.0007021971553682323,0.0007004012085635814,0.0008422804560085336,0.0005168551469125853,0.0007674734800883397,0.00395514
2025-06-18,-0.00017010660013616619,0.0007082246186505592,0.0041433532821814004,0.004848157219900669,0.0007076548127015569,0.0016087692142138354,0.0010152528520097116,0.00033819680385484513,0.0006844240680170462,-0.0027059035,0.004904894,0.0037473144899878635,0.0005192927911427204,0.005555218,0.0008151436,-0.0021687162,0.0007102914272717833,0.0007099482500453214,0.0006728371885482093,0.00046864795398936796,0.0005686975616479963,0.00731214
2025-06-20,-0.004083252991549879,0.0007082246186505592,-0.0002810985915560234,0.005898812663524916,0.0007076548127015569,0.0011451401471602464,0.0008929546132775091,0.0006432443315704263,0.000515019101012458,-0.0023092818,0.0058503756,0.001956095393643045,0.0008264285297824912,0.0119461045,0.0008257432,-0.0017570045,0.0007095227029637645,0.0007106959050471266,0.0007225147281442251,0.0005874228119803664,0.0007541120211961049,0.0051712003
2025-06-23,0.009149061367044187,0.0007082246186505592,-0.00028843786211300284,0.0035619686646859968,0.0007076548127015569,0.0013326937543652767,0.0007814258193157204,0.0007594305788579151,0.0008477827780319512,0.0005722132,7.4147247e-06,0.000534587975147377,0.0007989051762193366,-0.0017967566,0.000824194,-0.002103315,0.0007104595437262698,0.0007128315130292091,0.0008236042412232209,0.0007618574351707016,0.0007330049882926108,0.0048675397
2025-06-24,0.015292015423681082,0.0007082246186505592,0.00010038085031412874,-0.009216203829230649,0.0007076548127015569,0.0006913678395919293,0.0004080940578933161,0.0008544336752902555,0.0006604624932516959,-0.0023884324,0.0051254593,0.002913143196374113,0.0009781855098979727,0.0044657183,0.0008365534,-0.0024528403,0.0007089912229613618,0.0007183885564246932,0.0008252129849343111,0.00074464708006404,0.0007591682279650742,-0.00039223488
2025-06-25,0.0025565971321650505,0.0007082246186505592,-0.0012319124157588227,-0.0009968062082988107,0.0007076548127015569,0.0004121207365064582,0.0004080940578933161,0.000620852838130768,0.0008367471379187949,-0.0022010694,-0.0020032017,-0.002992043145380048,0.000996935687893047,0.0009875048,0.0008359867,-0.0013320197,0.0007087426087915797,0.000701021160864758,0.0008899796855783464,0.0005602192247722412,0.0008053586057391559,0.001835561
2025-06-26,0.009350284573878431,0.0007082246186505592,0.000583531937144729,0.0034495801008924626,0.0007076548127015569,0.0010226337883114894,0.0008929546132775091,0.0006058718295394209,0.0006793329526702885,0.0058870604,0.029187165,0.00035535938305648825,0.0008233955591067351,-0.0036641608,0.00083156745,-0.0006205116,0.0007081223649547286,0.0007052339516051644,0.0007781515975511209,0.0005649717095433224,0.0007263829403255126,0.0016638602
2025-06-27,0.0034235289809967373,0.0007082246186505592,-0.001198287588064574,-0.0017217032854028773,0.0007076548127015569,0.0007025012864140331,0.0006380240209881122,0.0005878126120935922,0.0007849812939793689,0.004078757,0.0060583577,-0.001899382306352181,0.0007847034954958256,0.0007965942,0.0008239602,0.0011417184,0.0007045680326566883,0.0007028758133292829,0.0007978743978877677,0.0005612179596924922,0.0007488774888777966,-0.0010448284
2025-06-30,0.0064770384425913985,0.0007082246186505592,-0.0002386547092819481,0.00047433380713375,0.0007076548127015569,0.0009872241315096197,0.000685424944622277,0.0006311296280802246,0.000675390249188052,0.0029620668,-0.0022892938,-0.0009309384143041499,0.0006551113760668052,-0.006078111,0.00083300954,-0.00064584357,0.0007059009278976889,0.0007033272066207332,0.0007211303190338345,0.0007111244608882914,0.0008476417798191059,0.004319558
2025-07-01,-0.008429410485098932,0.0007082246186505592,0.0004757854190846905,0.0008415481557064201,0.0007076548127015569,0.0008459078841149383,0.0006380240209881122,0.0005846722956489383,0.0006616265707910286,0.003601056,0.0042677866,0.0015883775857179056,0.0006818690919969414,0.021821959,0.0008477061,-0.00013996408,0.0007059209010534069,0.0007103965058761405,0.0007303780264527697,0.0005437721756528398,0.0006972027488708664,-0.0022090566
2025-07-02,0.006965392420336558,0.0007082246186505592,0.0009632519247953814,0.0012797342109437107,0.0007076548127015569,0.0015511173178273576,0.000685424944622277,0.000632758032595403,0.0003536417361496278,0.015585333,9.6790376e-05,-0.0018639193661877382,0.0005752641241971063,0.0082494635,0.0008369343,-0.00084248674,0.0007057110047540186,0.0007001942669105189,0.0005886494586485509,0.0006061633801943032,0.0006042328563024326,0.003797439
2025-07-03,0.009840232389252135,0.0007082246186505592,-0.00203774102805977,-0.009134024567262557,0.0007076548127015569,0.0008170851639267445,0.000583324248788648,0.0005005398432805942,0.00042912554557051187,0.0027989487,-0.00019605237,-0.003781755914526252,0.0006426442058488838,0.016388992,0.00083536864,-0.00015829995,0.0006988355724218897,0.0006971951374956679,0.0006357583640948239,0.0005411018252020162,0.0006303667054437104,-0.009302577
2025-07-07,-0.007532990543310247,0.0007082246186505592,-0.0005259271617898346,0.000990453730190256,0.0007076548127015569,0.0006860056294855773,0.0007301264104981976,0.0006014213973728487,0.0006462688085530648,0.0033774711,0.002869307,0.002371075097964158,0.0007449088178182311,0.014007745,0.0008350211,0.000115561044,0.0007053879649638951,0.0007124499697682352,0.0007420870908395603,0.0005724735644785646,0.0006889319667965039,0.0021480713
2025-07-08,0.0005615636831333148,0.0007082246186505592,0.0015571156955973809,-0.009838213175685555,0.0007076548127015569,0.0015155720699098802,0.00015453097902021077,0.00037773617530527506,0.00049017205955046,-0.00075539364,0.0030184337,0.0011257506387959658,0.00036677469695318304,0.008784362,0.0008595778,0.0020604234,0.0007061426291012182,0.0007046082073796559,0.0005720384481661315,0.0005461480585540795,0.0007220379669031449,0.0026121293
2025-07-09,0.007078973096281249,0.0007082246186505592,-0.001562105987417627,0.0025808818593336547,0.0007076548127015569,0.0011256527860450515,0.0007049271649806079,0.0006136175036431704,0.0006248313997975557,0.005345666,0.00031070726,-0.0017458607503852708,0.0007759805265711399,0.0053128265,0.00084856834,0.0031550329,0.0007044089776526417,0.0007027175124429779,0.0007498373070367989,0.0005591765342136531,0.0007841507629001501,0.001380539
2025-07-10,-0.001438202247190934,0.0007082246186505592,0.0007733256812504993,0.0019614563779407354,0.0007076548127015569,0.0008144016642711375,0.000685424944622277,0.0006336164843151054,0.0006927408547779324,0.0008671882,0.0024099718,0.0023160027793256914,0.000723832168189098,0.009583551,0.00085581193,0.003052714,0.000708509576993249,0.0007113076938839614,0.0007574493549809243,0.0005959326911224314,0.0007241854179399971,0.0026029723
2025-07-11,-0.0022504275812403884,0.0007082246186505592,0.0008875718650401758,0.0048486334111507625,0.0007076548127015569,0.0012252596859241604,0.000583324248788648,0.0009203864295831264,0.0007746212856567748,0.0016984068,0.0004269851,0.0008647885249555053,0.0008474238077915459,0.008245967,0.0008661375,0.0022231329,0.0007130673554855985,0.0007084238097473669,0.0008294182973544561,0.000571230872766187,0.0006949782262757271,-0.003935111
2025-07-14,0.0036268495128113365,0.0007082246186505592,-9.812901237768652e-05,-0.012219527331948091,0.0007076548127015569,0.0012628989811207137,0.000685424944622277,0.0006067850621779083,0.0006203407161772053,0.0016698688,0.0015464845,-9.296006603101844e-05,0.00071664050168342,0.014311484,0.000860553,0.002547006,0.0007048670134239148,0.0007068752928606259,0.0007325215751460807,0.0005855487600496239,0.0007298038306064508,0.003255527
2025-07-15,0.0009169198683949276,0.0007082246186505592,0.00032375350609749386,-0.008074241105724557,0.0007076548127015569,0.0009798523168292699,0.000685424944622277,0.00038693294373072984,0.0006139509871672756,-0.0006219654,-0.0010791001,0.000536503028261128,0.0007724054849089057,0.003712402,0.00086452905,0.001202273,0.0007053815967733943,0.0007073080153927431,0.0007503382620104808,0.000524349329484952,0.0006875252290979665,0.002864474
2025-07-16,0.0010238540020117703,0.0007082246186505592,-8.356871102077146e-05,0.0005652925664916078,0.0007076548127015569,0.0011116409424967082,0.000685424944622277,0.0007993627090315122,0.000495702236792535,7.1620336e-05,-0.00048857613,-7.434062554299175e-05,0.0007449088178182311,0.00047017564,0.0008732598,0.0016910236,0.0007049926288931098,0.0007070074309225683,0.0007046943933768912,0.0004913346289186666,0.0006875252290979665,0.0031779767
2025-07-17,0.00809273448294423,0.0007082246186505592,0.0019843562423146072,-0.0004956189294635883,0.0007076548127015569,0.0011067562744299646,0.0006380240209881122,0.0009092186451914078,0.0007184755202839356,-2.0713778e-05,0.0028319196,0.002936001172391029,0.0007789653475904351,-0.00683407,0.0008814476,0.001340444,0.0007127123465203144,0.0007118255775543142,0.0007929669993860103,0.0005653117262289032,0.000666763739631201,0.0068101767
2025-07-18,-0.0009611961552152826,0.0007082246186505592,-0.0005694299310034501,0.0038890190546719077,0.0007076548127015569,0.0007684584519050222,0.000685424944622277,0.0005520584539620659,0.0006228025337809285,0.0018605322,0.002505899,0.0004368098235495863,0.0006360245809525342,0.010228042,0.0008575715,-0.00080461544,0.0007047669430995322,0.0007034325004094031,0.0007054308367267139,0.000527028709829358,0.0006704315382115264,-0.0001739543
2025-07-21,0.005184762855004799,0.0007082246186505592,0.0013666303857416088,0.0065012458928649566,0.0007076548127015569,0.0012089823593527857,0.0008232777228848199,0.0005819266088226158,0.0007148971144481344,0.0016676157,-0.00072234904,0.00027265633624017115,0.000561523955846856,-0.0025451554,0.00086016976,0.00021481767,0.0007080203726238534,0.000705666670761059,0.0007120845880392382,0.0005343002785259627,0.0007384946087412305,0.004417721
2025-07-22,-0.005175744899586943,0.0007082246186505592,0.0008910799385236903,-0.014816327794220291,0.0007076548127015569,0.0009120216303840232,0.0006380240209881122,0.0007275065907930563,0.0006548197234762197,2.8439565e-05,-0.0014170824,0.0023965544035627877,0.0006424287810888861,0.0014186457,0.0008714806,0.00033306584,0.0007088290969509341,0.0007108535348574092,0.0007228632978739622,0.0007064838295616928,0.0006972027488708664,0.005203344
2025-07-23,0.004561247216035458,0.0007082246186505592,0.0007413577946855932,0.0022095796842305756,0.0007076548127015569,0.0014162567411606225,0.0006380240209881122,0.0006070928315601149,0.0008068178101162872,0.0019405356,-0.0038095447,0.00225453340596234,0.0007253117219134902,0.008373992,0.0008574111,0.0014604542,0.0007078613204735519,0.000711378530937355,0.0007964586915771664,0.0005912876969225736,0.0006440762728079354,0.014251415
2025-07-24,0.002128376580763147,0.0007082246186505592,-0.0016804972989837115,0.003845635894937749,0.0007076548127015569,0.0009384710966487136,0.000685424944622277,0.00048034186312020195,0.0007451225243102573,0.0017787341,6.577477e-05,-0.0027802427866677245,0.0007689051250891985,-0.009440845,0.0008609517,0.0009201269,0.0007028355234051117,0.000701138017236597,0.000791652008666328,0.0005245006043701848,0.0007130214814332778,0.0026868568
2025-07-25,0.0024070370435922417,0.0007082246186505592,2.7507461540480604e-05,0.0014941891998904288,0.0007076548127015569,0.001060142209253349,0.000685424944622277,0.0005893239566841605,0.0008339241956332521,0.0026031185,0.0027724374,0.0001417392051530472,0.0005379956861178356,-0.0014858996,0.0008630767,-9.214624e-05,0.0007066397652387065,0.0007041347155159599,0.0007448278292669138,0.0005508650519416959,0.0006875252290979665,-0.0013575596
2025-07-28,0.0031251655278350388,0.0007082246186505592,0.0010908865654143797,-0.002907435854292549,0.0007076548127015569,0.0010478670112898834,0.000685424944622277,0.0005937743888507327,0.000597791949118568,0.0033699304,0.00018416985,9.391219403224224e-05,0.0006892664365876663,0.001240653,0.0008662678,-0.0025445868,0.0007086490462405029,0.0007074523036977189,0.000717777703250988,0.0005326072091206608,0.0006875252290979665,0.0014662495
2025-07-29,-0.0015489140000704005,0.0007082246186505592,-0.001026022791719124,0.009001928413532766,0.0007076548127015569,0.0010145732009737268,0.000685424944622277,0.000620185012980706,0.0005900769682998476,0.0013165718,0.0017723806,-0.0013681509240106146,0.0006210528613756414,-0.0053981356,0.0008556884,-0.0022404317,0.0007040342778505905,0.0007008803285875382,0.0006889083733666829,0.0006165274328161291,0.0006875252290979665,0.0035630509
2025-07-30,0.0013397736487676948,0.0007082246186505592,0.0032604186222005686,0.010414638739481563,0.0007076548127015569,0.0012455054425174667,0.000685424944622277,0.0005142404521738576,0.00065130026644602,-0.0013133564,-0.002041148,0.0020152832169852116,0.0007908040470870502,0.0011504388,0.0008605615,-0.0029704992,0.0007107114396079579,0.0007099187474122451,0.0007675952731976163,0.0006847094186032101,0.0005863527181667804,0.0031470417
2025-07-31,-0.00529910918629628,0.0007082246186505592,-0.00044977382312980725,0.011323926518239744,0.0007076548127015569,0.0011021632518200641,0.000685424944622277,0.0005970202557698276,0.0007214180051520155,-0.0009138596,-0.0017907311,0.0012778942233052691,0.0006947030955894148,-0.004829147,0.00085826725,-0.0028851677,0.0007054601338219651,0.0007087801980216031,0.0007580895573982649,0.0005351422382151463,0.0006875252290979665,-0.00027657836
2025-08-01,-0.0196987663935152,0.0007082246186505592,0.0020774366908336518,0.0035216959632448992,0.0007076548127015569,0.001426794534164815,0.000685424944622277,0.0005491787360936307,0.00040870368082923235,0.0017557538,-0.0017985211,0.0029499532921385564,0.0008061915954288966,-0.017824044,0.00087819103,-0.0006765139,0.0007065537328619638,0.0007123729807304479,0.00069783250517169,0.0005282611848162513,0.0005749608909100881,0.0023580738
2025-08-04,0.01845165017693362,0.0007082246186505592,0.004864872492544563,0.012660211407092777,0.0007076548127015569,0.002093356875722972,0.0018698020762020328,0.005593815035451248,0.001744181375775207,-0.00025103684,-0.003268293,0.003825415767399842,0.0014092792708846533,0.007339226,0.0008760204,-0.00054608774,0.0007382198170264768,0.0007387912615956764,0.0013431309587734537,0.005729654814508098,0.0010640661718353671,-1.447252e-05
2025-08-05,-0.006789576316256096,0.0007082246186505592,-0.004422472056632297,0.009336300413917472,0.0007076548127015569,0.00024503530900206753,0.0007049271649806079,0.0005276771690105425,0.0010528725527931002,0.0009790373,-0.0031483993,-0.0023223598192265117,0.0006747569219559898,6.452319e-05,0.0008488923,-0.002747861,0.0007005032554294618,0.0007051826028172841,0.0008586660079641911,0.00046065747647168736,0.0008780043757529127,0.0024075354
2025-08-06,0.012583218805219065,0.0007082246186505592,0.0019023474711911445,0.003281318234349143,0.0007076548127015569,0.001497752080457225,0.0007963775648781172,0.0004613276998682466,0.0005705229636285091,0.0023657684,0.00076261547,0.004912533462610749,0.000830837337304723,0.0063138083,0.0008783886,-0.0027986106,0.0007070144400462137,0.0007130568681413183,0.0007600059899692654,0.00047364822676804766,0.0007033592443306412,0.00295835
2025-08-07,0.0033843333568355227,0.0007082246186505592,-0.002814164371350264,0.004989623261494098,0.0007076548127015569,0.0005273351901256315,0.0010123068529475075,0.00035523590677960596,0.0005418056613712502,-0.00052588177,-0.00011287362,-2.5115529773245488e-05,0.0006096612582227195,0.004389776,0.00087412365,-0.0029051278,0.000698513809379331,0.0007016291255791135,0.0006751743173332792,0.00021588170076323663,0.0007661441402206253,0.003366979
2025-08-08,0.0093282271098305,0.0007082246186505592,-0.002565812328817821,0.006754539878921267,0.0007076548127015569,0.0009914249348640359,0.00035303703461251934,0.000856778813342829,0.0004462533688965988,0.0009444936,0.0049892976,0.0013896798802653502,0.0008369743456797534,0.0018221461,0.000857146,-0.0025091555,0.0007049585410201819,0.0007061947531808159,0.0007136018568714157,0.0008945917826280348,0.0006765469672543134,0.003763516
2025-08-11,-0.002958837350970245,0.0007082246186505592,-0.001653159926255378,-0.0004130075358005575,0.0007076548127015569,0.0006942729863105415,0.0009684101713791837,0.0006053935464457578,0.0005908075252125621,0.0054487577,0.0028457018,0.00013695380681108614,0.0009154321831293117,0.0036345464,0.00087266957,-0.0024646234,0.0007074391052872438,0.000706473068588915,0.0007931002046499503,0.0005283321066020987,0.0008062155012960603,0.0030565576
2025-08-12,0.01256873527101332,0.0007082246186505592,0.00039240863246101717,-0.0031073381669841473,0.0007076548127015569,0.0013144515036230806,0.0007814258193157204,0.0004344554986585126,0.0007023749917647459,0.003405356,0.0013806261,0.0011877357866135925,0.0007611268639052111,0.002182827,0.00086232787,-0.0019895,0.0007059253447837577,0.0007098504065824879,0.0007752803376531395,0.0006468788792035484,0.0007220379669031449,0.0040809317
2025-08-13,0.0004999569002672732,0.0007082246186505592,-0.0018488965477095665,0.0032506849850031183,0.0007076548127015569,0.000529126029260559,0.000685424944622277,0.0005958505190517432,0.0007520302912713185,0.00022627297,0.0004466799,-0.002433423055699082,0.0007790114160655481,-0.00076104957,0.00085327314,-0.0013836187,0.0007026354647547769,0.0007012232630900805,0.0007947682831369925,0.000541409549622226,0.0007263829403255126,0.0030496977
2025-08-14,-0.0007754075197299315,0.0007082246186505592,0.001210176496904258,0.0038355668856318347,0.0007076548127015569,0.0011443349353503517,0.0008516224128721256,0.0006478683272837549,0.0007965238635863548,-0.00091669406,-0.00022791012,0.0056112046710729575,0.0007243823102841049,0.0007526651,0.00084662245,-0.0008882296,0.0007099172602814786,0.0007174907396536035,0.0007891266820826329,0.0006222886069782449,0.0006840969284652396,0.0003190264
2025-08-15,-0.004397385711083057,0.0007082246186505592,-0.0006775521541480395,-0.003826067152940136,0.0007076548127015569,0.0012097481281409012,0.000685424944622277,0.000531632534886499,0.0004874001458526574,0.0018770392,-6.116147e-05,0.001044028836773017,0.0005976488014857556,0.001714973,0.0008570882,-0.0006620523,0.0007032746435371183,0.0007073196073398952,0.0006473734389128045,0.00046302830703126303,0.0006875252290979665,0.0005765115
2025-08-18,-0.0003983787716077547,0.0007082246186505592,0.00014598255139354705,0.0036288740990744507,0.0007076548127015569,0.0013929512246046013,0.000685424944622277,0.0006346920855932409,0.0008233916046952604,-0.0017762261,-0.0015915596,-0.0024744061195037716,0.0006067603716284504,0.0042022057,0.0008477593,-0.0007100899,0.0007056705749146961,0.0007043224973770398,0.0007591780053750276,0.0006450781718362155,0.000832397824408292,0.0014646775
2025-08-19,-0.01356760409627289,0.0007082246186505592,0.0005318491385532645,-0.004586834878459533,0.0007076548127015569,0.0011876037601831993,0.000583324248788648,0.000570792852193714,0.000642198954904428,-0.0009567009,1.3115932e-05,0.0008099831497376872,0.000788857729106354,-0.0002514068,0.0008484153,-0.0011277322,0.0007054040145904072,0.0007063690592273924,0.0007598685607592287,0.0005096256724636422,0.0006303667054437104,0.0010368731
2025-08-20,-0.005937324339516548,0.0007082246186505592,0.003443626423821706,0.0018537325994419378,0.0007076548127015569,0.0018478118508695471,0.000685424944622277,0.0005465669604827788,0.0008596269672896822,0.001779688,-0.00037054962,0.0034652275688261324,0.0009152610491704584,0.0026374087,0.0008713626,-0.0038091254,0.0007151695829714768,0.0007150884326545665,0.0008821125474717181,0.000504816863859464,0.0007077367276984563,0.003141565
2025-08-21,-0.004629793249690817,0.0007082246186505592,0.0023124618417285207,0.006767626993359248,0.0007076548127015569,0.001452499143992011,0.000685424944622277,0.0005179074906435986,0.0006002061899059569,0.0028146117,-0.0026023681,-0.00014081419327162793,0.00028950839235589144,-0.0073808273,0.00086908415,-0.0017912921,0.0007102289671638366,0.0007024980612138842,0.0005860432657063702,0.0005239094739137946,0.0007897691755666039,-0.008552451
2025-08-22,0.015427496094304827,0.0007082246186505592,0.002502965543188471,-0.0025290369722503854,0.0007076548127015569,0.0013819063080030588,0.0006126866010505521,0.00029772151785700785,0.0005256643070537563,0.0069556655,-0.00074481417,0.0021820907603650247,0.0006704719791396288,0.0017074909,0.00087967364,-0.0008474861,0.0007060069838264629,0.0007088097405993832,0.0006919532435444126,0.0004463017072408964,0.0006669408209260922,7.533352e-05
2025-08-25,-0.002884766683567297,0.0007082246186505592,5.798788565017333e-05,-0.013490733290644586,0.0007076548127015569,0.00037995133780430553,0.0006380240209881122,0.00022009677967870214,0.0008536752773721367,0.008352602,0.003760627,0.00045083314501191425,0.0006688670684540304,0.007024646,0.000885749,-0.0013181802,0.0007081547235237377,0.0007031068552977588,0.0008026544445728571,0.00021974635011101436,0.0007528419129614715,4.0375162e-05
2025-08-26,0.004015289661944088,0.0007082246186505592,0.0011243624555867435,0.008442195413450069,0.0007076548127015569,0.0013048623529439767,0.0007814258193157204,0.0007479488322138438,0.0008526986818890229,-0.0001427629,-0.0044387835,0.0005104872887367289,0.0007951035943481034,0.0075636804,0.0009072233,-0.0012419273,0.0007113343083988057,0.000708563997125923,0.0008516330124184175,0.0005650041244450356,0.0008144811200402663,0.0029413318
2025-08-27,0.0015368226192347123,0.0007082246186505592,0.00028131993556131037,0.004771237789956965,0.0007076548127015569,0.000955154592653996,0.0006380240209881122,0.0006046860337430477,0.0006217568904394405,0.00952947,0.006015561,0.0015115566627638365,0.0005844281502509624,-0.0023609295,0.0009172576,-0.00072049093,0.000707548443561178,0.000704240270910271,0.000707739484199234,0.0005637859137469492,0.0006448485658191362,0.0022728366
2025-08-28,0.006259917348166555,0.0007082246186505592,0.000652454311540318,0.00589286962887172,0.0007076548127015569,0.0010811038006321402,0.0006380240209881122,0.0007043278196157886,0.0007663083484746346,0.00058321725,6.457651e-05,8.525189121047169e-05,0.0008365042702732245,-0.0026158632,0.00089592265,-0.00045973182,0.0007089236501449372,0.0007101453576774793,0.0008329274558966351,0.0006989996088623069,0.0005930231248987666,0.002777907
2025-08-29,-0.01157551812573654,0.0007082246186505592,0.0005953895944150003,0.0016702612353995698,0.0007076548127015569,0.0008433550775306967,0.0006380240209881122,0.0005903475818322065,0.0007787723409010069,0.0012497641,-0.0023651714,-0.0005828717813823458,0.0004473132085474233,0.0021990985,0.00093639095,-0.00063097966,0.0007065721142454273,0.0006936469716368831,0.0007206111631231833,0.000549447461836108,0.0006530472239619158,0.00039694132
2025-09-02,-0.008380084151472622,0.0007082246186505592,0.0017876711260901585,-0.008641368186343694,0.0007076548127015569,0.0017486726573215277,0.000685424944622277,0.0004766661417891136,0.00037527392203287927,-0.0017675299,-0.0038816398,0.0005053888018307249,0.0006551113760668052,-0.0025900428,0.0009471368,0.000963642,0.0007036033797350299,0.0007041230199335702,0.0006592265601760817,0.0005325119943238711,0.0006477371660530992,0.004327668
2025-09-03,0.00786747286163858,0.0007082246186505592,0.0010532800884749068,-0.0029439191744701438,0.0007076548127015569,0.0015735486741379914,0.0012739320782111422,0.000585134572525133,0.00036003861399375663,0.0048672715,-0.0036088885,0.0026624175162730324,0.000891223993664403,0.016544713,0.0009953086,0.0035782221,0.0007041845710959585,0.0007131404172526111,0.0007490388190778191,0.0006270810078298107,0.0007359092109128216,0.0021519759
2025-09-04,0.009051519988773293,0.0007082246186505592,0.0005639001133468445,-0.0007414590166638984,0.0007076548127015569,0.0007529441689045702,0.0012739320782111422,0.000626981056968317,0.0004366457614789068,-0.0039289705,-0.002326882,0.0006584389098366439,0.0007923352009998036,0.0027946944,0.0009302533,0.0007487524,0.0007076190691348292,0.0007082946683390759,0.0007198540222828467,0.0005653250667250439,0.0007995492109267204,-0.00035643252
2025-09-05,0.001442901100429328,0.0007082246186505592,0.00041567706155058194,-0.0010258360770594782,0.0007076548127015569,0.0006984135138624164,0.0007814258193157204,0.0005714624088190261,0.0006791857632016624,0.006405496,-0.00044153363,0.0025378285169885594,0.0008991477841532011,0.0041484945,0.00095784786,0.0011343013,0.0007081995576990049,0.0007133030980132799,0.00084546622033491,0.0005197892467390169,0.0007881627269781393,0.00018087984
2025-09-08,0.004877964100961751,0.0007082246186505592,0.0017743313143656625,-0.011508554185624888,0.0007076548127015569,0.001082768499982079,0.0009684101713791837,0.0006740679947309158,0.0007750270109283115,0.0011431609,-0.000686871,0.002104990412110519,0.0007323878868012231,0.0022863026,0.0010444631,0.00030266002,0.0007102194167003203,0.0007117388634542711,0.0008505530472364244,0.0007497364792776078,0.0007668424025795975,0.00084336265
2025-09-09,0.002833105878694564,0.0007082246186505592,0.0004964940414107995,0.0035643167183746468,0.0007076548127015569,0.0009117026973813304,0.0006380240209881122,0.0006164149679264423,0.0007916100685550709,0.004285465,0.0009757263,0.001373945067787425,0.0007445371039910848,-0.00048334664,0.00090206054,-0.00030233458,0.0007064859173540498,0.0007099939506372397,0.0008126894198596421,0.0005755148479303437,0.00068159969773187,0.00032147393
2025-09-10,0.0003272984100188836,0.0007082246186505592,0.0007290160692147813,0.003237320902970511,0.0007076548127015569,0.0010162141640578314,0.000685424944622277,0.0005009137045377162,0.0005875415916588216,-0.0016246673,-0.000568783,0.004830481721383291,0.0009378207947527565,-0.0011301159,0.0009111117,-0.00044914082,0.0007056945659590285,0.0007156880964139375,0.0008122952473116687,0.0005787410259038772,0.000716797194490311,-0.005429921
2025-09-11,0.005820561391424173,0.0007082246186505592,0.002534268741609549,0.005181229104579246,0.0007076548127015569,0.001142404015973204,0.000685424944622277,0.0006110249435754081,0.0007394851884541043,0.0034203941,-4.160416e-05,0.004715409987539082,0.0007479479788801741,0.0051586144,0.0009169235,-0.0015445587,0.0007112665290578601,0.0007134207112042906,0.0008014246410771126,0.0005793349449683064,0.0006875252290979665,0.0021625692
2025-09-12,0.004417203122859759,0.0007082246186505592,0.001431007958431481,-0.0035658358371739073,0.0007076548127015569,0.0008696305762085913,0.0006380240209881122,0.0005588617785504866,0.0006918998790160192,0.003465072,0.0006125296,0.0016525849743148527,0.0007793525264571486,0.0003439586,0.00092339487,-0.0013411727,0.0007098500733209377,0.0007086153603219165,0.0007982225591795869,0.0005446704375736617,0.0007066515351873897,0.0021023576
2025-09-15,0.008556915419493327,0.0007082246186505592,0.0008515711624724849,-0.0005438072401475176,0.0007076548127015569,0.000943689206232707,0.000685424944622277,0.0006252716918463399,0.0007668767015755679,0.0038439578,-0.0019948035,0.0012340018831877475,0.0007002893327233141,0.00051453686,0.00092563464,-0.0011808139,0.0007085242860724152,0.000708919964179393,0.0007975340125518394,0.0005769345237250772,0.0007298038306064508,0.00062620826
2025-09-16,-0.000845051379123829,0.0007082246186505592,0.0012917713374878896,-0.0011858495956046525,0.0007076548127015569,0.0007428771041211181,0.0006380240209881122,0.0005643663271806615,0.0006106883785737401,0.002147009,0.0044478653,0.002352864434653841,0.0008139113496500608,0.0030989402,0.0009376928,-0.0013733332,0.0007076328341367302,0.0007120455045485167,0.0007874850854368978,0.0005299542542215532,0.0007033647519291174,7.9165446e-05
2025-09-17,-0.001996007984031878,0.0007082246186505592,0.0014405093911882452,-0.0017197957174491935,0.0007076548127015569,0.0012125228846500303,0.0006380240209881122,0.0003955377944674925,0.000705892262239709,0.0031090134,0.005465396,0.0027208230375117062,0.0007012922209651009,-0.004799744,0.0009423265,-0.00082822633,0.0007075440187115399,0.0007086915730602001,0.000783124679181194,0.0003909535362356578,0.0006972027488708664,0.00011729007
2025-09-18,0.009016949152542475,0.0007082246186505592,-0.0006684904753029638,-0.00046366522109620324,0.0007076548127015569,0.0012685013026580807,0.000685424944622277,0.000602538214021705,0.0007309824133953221,-0.00029216404,0.0024316087,-0.003947600981084074,0.00024830656865165886,-0.0063926,0.0009182377,-0.0011282165,0.0007047660903170934,0.0006919265173746015,0.000632204483605482,0.0005339339861664691,0.0007108239590477623,-0.0036545224
2025-09-19,0.006769468521131472,0.0007082246186505592,-0.001211345732519781,-0.0027228429469719146,0.0007076548127015569,0.000723073980294441,0.000685424944622277,0.0005123450615016771,0.0005992948118417136,0.0024008576,0.0026386082,0.00020957461202834155,0.0007319007061127612,0.0022579883,0.00091598183,-0.0013554667,0.0007015365573313995,0.0007069312409344595,0.0007490756843787124,0.0005710734526621256,0.0006875252290979665,0.003143851
2025-09-22,0.004755151414031822,0.0007082246186505592,-0.0009277369881127806,-0.000549881841964501,0.0007076548127015569,0.0008421252767527984,0.0006380240209881122,0.0005751388764981235,0.0005277473072158504,-0.00030668708,0.00307876,-1.5303791288625158e-05,0.0008320912322863632,0.0021978237,0.00091594853,0.0010749351,0.0007023084799651085,0.0007051804411689051,0.0007586954076499848,0.0005275125462014706,0.0006847643857197013,0.0010419248
2025-09-23,-0.006642311524410527,0.0007082246186505592,0.00027265944589584907,-0.016638787189035453,0.0007076548127015569,0.0009465659027133332,0.000685424944622277,0.0006168507188367492,0.0008133143565389685,0.004508663,0.0051106685,0.0011801018503784814,0.0007341310372401932,0.0009736486,0.0009137531,0.001648369,0.0007072357311590261,0.000706863361608156,0.0008203368619891658,0.000569224388540096,0.0006475908756328916,0.0022800276
2025-09-24,-0.0035105315947844273,0.0007082246186505592,0.000830340717056384,-0.003142530448505633,0.0007076548127015569,0.001506970237740286,0.000685424944622277,0.0005199950634901843,0.0007345305673362803,-0.0002972146,0.0053165206,0.0001557263540478038,0.0006784001936092542,0.0016067433,0.000891258,-0.00082070497,0.0007094365945500011,0.0006984315656561083,0.0007680029375343926,0.0006061633801943032,0.0006042328563024326,-0.00041645183
2025-09-25,-0.004311357154839879,0.0007082246186505592,-0.0005067057460087323,-0.00420839610963118,0.0007076548127015569,0.0013469146114517404,0.000685424944622277,0.0005814696792588751,0.00047701559357544743,0.002982651,-0.0022069435,-0.0005217771359503562,0.0006255551865654128,-0.0024064628,0.0008756229,-0.001337399,0.0007034579200900929,0.000702852429715809,0.0006594084636935791,0.000527028709829358,0.0006875252290979665,0.0006206599
2025-09-26,0.004110996916752319,0.0007082246186505592,0.0005741588750000986,-0.0026254158019069834,0.0007076548127015569,0.0013813215447718164,0.000685424944622277,0.0005775177982454126,0.0004443216767646234,0.00074553885,0.002361434,0.0015639720142103053,0.0007182457362328762,-0.0072363717,0.0008799468,-0.0017964814,0.0007049618780538538,0.0007096118157263936,0.0006809121140085281,0.0005393854855988223,0.000716797194490311,-0.0011285297
2025-09-29,0.0046311055925634115,0.0007082246186505592,0.0001684333047730893,-0.0010437249847621228,0.0007076548127015569,0.0009691567367765616,0.000685424944622277,0.0005988173694904254,0.0008086613909456309,-0.0030846295,0.0031571416,0.00039044420260635665,0.0005202090277161277,0.00013836822,0.0008688781,-0.0051664053,0.0007082768079942351,0.000707170070202516,0.0007324103301725441,0.000557917249494327,0.0006959439310858472,0.000632111
2025-09-30,0.0027391311609572533,0.0007082246186505592,0.0008309830544363432,-0.004341344109860077,0.0007076548127015569,0.0009463082934626299,0.0006380240209881122,0.0005378199432095054,0.0007170574716828285,0.007494185,0.0043612416,-0.0023377816774927786,0.0006940671874754525,-0.002483824,0.000863408,-0.0040018535,0.0007068045292186431,0.0007021589441939526,0.000758138007149579,0.0005743364850527735,0.000662380206403689,0.0036559342
2025-10-01,0.004797041824208481,0.0007082246186505592,5.860830828783247e-05,-0.0004389118772823702,0.0007076548127015569,0.0010404937449205963,0.000685424944622277,0.0006168507188367492,0.000686972645201738,0.0010267827,0.0023875763,0.0010797968142803474,0.0007881212746581321,0.005390387,0.00086491497,-0.0011437733,0.000705829145601912,0.0007094237570233835,0.0007800271905196085,0.000569224388540096,0.0007209617493465256,0.0044401092
2025-10-02,0.004111065064235531,0.0007082246186505592,-5.996705324300589e-05,-0.0014071546509940398,0.0007076548127015569,0.0009434978886387817,0.000685424944622277,0.0006028602967139623,0.000719821429173289,-0.0016239954,0.0044332743,0.0008282618927759026,0.0005521840386849464,0.0031867384,0.0008427842,-0.0042368,0.0007082747631414181,0.0007083547785719318,0.0007048136031691932,0.0005840237950295084,0.0007210260265561961,0.006947313
2025-10-03,-0.004209796443960245,0.0007082246186505592,0.0005777976599714942,-0.0002620320533085613,0.0007076548127015569,0.0009804364410816438,0.000685424944622277,0.0005938941441639326,0.0006885969683805793,0.0018715125,-0.00014664105,0.0026937535474920865,0.0006711902967747431,0.007725861,0.00082618184,-0.0012246121,0.0007067197575870591,0.0007119796213988758,0.000728621557113767,0.0005394531747344155,0.0006875252290979665,0.005285245
2025-10-06,0.007510195961404786,0.0007082246186505592,0.00013294643318674743,0.001375251085882716,0.0007076548127015569,0.0013812845655763286,0.0006380240209881122,0.00036612186550480456,0.00036222677687850716,0.0013011813,0.0009355091,0.0013740072144501105,0.0007982720073872742,6.106077e-05,0.0008214796,-0.00079524633,0.0007030421836844471,0.0007108627544094925,0.0006608199873174161,0.0005544742163917082,0.0005854459858954124,-0.00043898914
2025-10-07,-0.005265669480508883,0.0007082246186505592,-0.0010617319752015174,-0.005239050345260745,0.0007076548127015569,0.0008134204268309913,0.000685424944622277,-0.0044699151681746145,0.000613582122467286,0.00044792634,0.0030063987,-0.0076350816905563865,0.0006646942724654599,0.00010539428,0.0008294021,-0.00035321832,0.0006801582387378554,0.0006688183775114478,0.0007025488129476243,-0.0037891838402852023,0.0006239195263763621,0.0014001648
2025-10-08,0.011463830209591297,0.0007082246186505592,0.001559290775304114,0.0018482394747789174,0.0007076548127015569,0.001438203941667293,0.0006126866010505521,0.0005785647545933467,0.00040433892964495153,0.002078106,0.0026823725,0.002849921267451803,0.0007086343052623814,0.0026248537,0.00083531917,-0.0002565135,0.0007072817222698908,0.0007090677115779986,0.000649522696211388,0.0005441526816342384,0.0006042328563024326,-0.0040528993
2025-10-09,-0.0012102577521915237,0.0007082246186505592,-0.0014029234124561356,-0.0056060205236649245,0.0007076548127015569,0.0006127096368763957,0.0012739320782111422,0.0006249716087086419,0.0006385259982320505,0.0022963753,0.00047167233,-0.003632215319129135,0.0007079943943614704,0.0009934746,0.00083494314,-0.0004143615,0.0007036216752777988,0.0006989728578319209,0.0007271576333472202,0.0005691500891185817,0.0007263829403255126,-0.0090672895
2025-10-10,-0.03471426232192576,0.0007082246186505592,-0.0003071183399301976,-0.016927787256332778,0.0007076548127015569,0.0012465364547162288,0.0010152528520097116,0.000576948767274673,0.000794916729859705,-0.0017232697,0.0029745135,0.0014727863626985136,0.0005976488014857556,0.002788076,0.00083991827,-0.00057141227,0.0007056271587279374,0.0007088197814663935,0.0007440425959441185,0.000525275605194664,0.0007220379669031449,-0.003995274
2025-10-13,0.0212213740458016,0.0007082246186505592,0.004084463970466438,-0.013712339309621572,0.0007076548127015569,0.0027618053698740303,0.0006380240209881122,0.0010168287084990307,0.0006657701502254294,-0.002390308,-0.0025867284,0.006629508665092138,0.0002638477127600982,0.0026801752,0.0008249844,-0.0008426246,0.0007121784075067625,0.0007142468213742599,0.0005846133322664389,0.0009815854266339782,0.0006850812640757512,-0.007262328
2025-10-14,-0.006661018919951522,0.0007082246186505592,-0.004995367046356837,0.015465538825146834,0.0007076548127015569,0.00014211393417158435,0.0011773550298117502,-0.0006402734222935049,0.0003908480561881939,-0.004137093,-0.008429847,-0.003299191778849045,0.0006300965933648726,0.0139852,0.0008125377,-0.00022834286,0.0006872709757261907,0.0006964564951437982,0.0006112179367831481,-0.0004201829256816855,0.0007458485893011979,-0.005212261
2025-10-15,0.007056856187291016,0.0007082246186505592,0.0015741948272895306,0.008095369448844453,0.0007076548127015569,0.0014723222474385172,0.0006197202395245194,0.0003404111810410176,0.00046875740786099805,0.003332304,-0.0046713343,0.003148422203576552,0.0007538631575896718,0.0074117463,0.0008416874,8.77145e-05,0.0007086335271311356,0.0007093297490478768,0.0006881943716302211,0.00033224344599603196,0.0008373865401628103,0.0022321274
2025-10-16,-0.003702965693600402,0.0007082246186505592,-0.0020989614107239526,0.0009475194200074702,0.0007076548127015569,0.0008122499815173214,0.0009252421463564779,0.0009872295136384762,0.0006845452654221534,-0.004898631,-0.0026787124,-0.0011848938654022108,0.0005435073096438125,0.008402356,0.00097348815,-0.00021018952,0.0007061330499007088,0.0007013590484209052,0.0007337152854246167,0.0009421264170201771,0.0007661441402206253,-0.0006394158
2025-10-17,0.006566776112935102,0.0007082246186505592,0.0010738477418281512,-0.014970521453972312,0.0007076548127015569,0.0013321666419903078,0.0006197202395245194,0.0007007868746823219,0.0008103631202060375,0.0025291715,0.009011792,-0.0008944850412738103,0.0008807184906928394,-0.0021130878,0.00088122743,-0.0004134451,0.0007073946507761563,0.0007092074086556553,0.0008574628378781935,0.0007565112925982628,0.0007458485893011979,-0.0006560576
2025-10-20,0.012600798105740774,0.0007082246186505592,-0.0019209346729625399,-0.006000107469322985,0.0007076548127015569,0.0008327462301127779,0.00018067699579784702,-8.949601016716339e-05,0.0009602731636447048,-0.0027804223,-0.009161313,-0.00235576011938707,0.0007118178789655645,0.002673806,0.0009391934,-0.00028771654,0.0007072389234625706,0.000700792776921988,0.0008702928539956953,-0.0001999060329272501,0.0008053586057391559,-0.0015583253
2025-10-21,-0.00026163456192562773,0.0007082246186505592,-0.00026485232905709103,0.016475993131587804,0.0007076548127015569,0.0005430016957648424,0.0009684101713791837,0.0007642389003194885,0.0008731010925647282,-0.0024329626,-0.0023658671,-0.000531409733121743,0.0009845200200537883,0.010217943,0.0008893,-0.00043092415,0.00070992556151386,0.0007110822542375451,0.0009156998225500035,0.0007869907465481129,0.0007021972643297959,0.002342233
2025-10-22,-0.009633942883313096,0.0007082246186505592,0.0017956520416760712,-0.0015929785553082604,0.0007076548127015569,0.0011691082846619764,0.0008516224128721256,0.0005259155305247919,0.0005038780019399002,0.0034768458,9.928213e-05,0.0012388916649168314,0.0007909202832512576,0.010154559,0.0010343627,-0.0008651626,0.0007067855726556192,0.0007076656262993606,0.0007764511041311194,0.00046474835079472006,0.0006530472239619158,-0.0044237142
2025-10-23,0.008406414639382964,0.0007082246186505592,0.0017448552481248345,0.002260678529824804,0.0007076548127015569,0.0016230799522549417,0.0006126866010505521,0.0005512704130289507,0.0006439929882737335,0.0015185007,0.004679373,0.00354487425427402,0.0008488503136594912,0.00489196,0.0010010735,-0.0004689929,0.0007057386708721004,0.0007130175835911856,0.0008313552768662098,0.0005105013572322332,0.0007161926164543945,0.0011378536
2025-10-24,0.01067837138458505,0.0007082246186505592,-0.0011945282582920093,0.0015319725675927093,0.0007076548127015569,0.0007425069356670952,0.0012739320782111422,0.0007443094856813031,0.0007777165490907522,0.0023846147,0.0067100013,-0.002575599649818145,0.0008811486408642277,-0.006451928,0.00091158407,-0.00033315763,0.0007072609045696036,0.0007058341673098052,0.0008568499546944533,0.0006711032751503814,0.0005513660806382604,0.0031673028
2025-10-27,0.01780910711391992,0.0007082246186505592,-0.00021660326741323977,-0.0006350559694675035,0.0007076548127015569,0.0006365741114346276,0.000583324248788648,0.0005809519394177008,0.0007281842393990598,0.0010700121,-0.0010062876,-0.00040463892865125846,0.0007170706647425775,0.0015768383,0.0008818147,-0.00038875014,0.0007085650461306405,0.0007057253111297092,0.0007756556529051155,0.0005360049876382463,0.0007586981557451755,0.0036295012
2025-10-28,0.00768998073524485,0.0007082246186505592,-0.0009127974767364066,0.017738732520350096,0.0007076548127015569,0.00030577180163755434,0.0004080940578933161,0.0005600741921639009,0.0007607208821548032,-0.0038208466,0.0037457948,0.0008610837429123917,0.0007535391744293969,-0.017615115,0.0009718939,-0.000868601,0.0007076054814266989,0.0007087497226115757,0.0008286754919317135,0.0005276968410460284,0.0007591682279650742,-0.0001531383
2025-10-29,0.004502938760032826,0.0007082246186505592,-0.0004483719429661194,-0.002559476789089659,0.0007076548127015569,0.000796931728392499,-0.0005358774119103844,0.000511873067784549,0.0004936889488503174,0.006766229,0.0033842493,0.0016001834492699227,0.0008059142562108575,0.004666063,0.00086617086,-0.0009353843,0.0007031042596047586,0.0007116243855155129,0.0007220316807935899,0.0005814037255541126,0.000637161506905664,0.005391743
2025-10-30,-0.015288547745253789,0.0007082246186505592,-0.0006327054617517207,0.013028396343580734,0.0007076548127015569,0.0009512623015566546,0.000685424944622277,0.0005449762674117108,0.0007943375288526955,0.0024005233,0.0075872834,9.752056289603504e-05,0.0007899833066261148,0.007843535,0.00093014824,-0.0011965532,0.0007060613336393405,0.0007093914538709428,0.000838129177053961,0.000563418882606422,0.0007305600576424549,-0.0042066975
2025-10-31,0.004823895854963789,0.0007082246186505592,0.0008090209909977625,0.006095996963323364,0.0007076548127015569,0.0018891381037958233,0.0010907084101113862,0.0007292288925731846,0.0006722216717712182,0.0017140578,0.0017308419,0.003193485707744862,0.000650320174386897,-0.0011318496,0.0008779358,0.00063818577,0.0007093083503102126,0.0007115331847989935,0.0007334428037172086,0.0007473294769520639,0.0008403250000956835,-0.00029916922
2025-11-03,0.004784841114661376,0.0007082246186505592,-0.0005732743936023286,-0.0093933714949814,0.0007076548127015569,0.0009284396297900313,0.0006001770540582228,0.0005709958412677711,0.0006328559338646014,0.006988923,-0.0021043667,-0.0024149610509706654,0.0006956574352285234,0.004647335,0.00087686337,0.0003129083,0.000706025220336592,0.0007027464070616785,0.0007351162975330998,0.0005286491668336167,0.0007362204284521477,0.004804793
2025-11-04,-0.02029806353626129,0.0007082246186505592,0.0015340553841201362,0.004133913288754082,0.0007076548127015569,0.0009318750669379578,0.0009684101713791837,0.0006256145440077215,0.001058451562932215,0.0115184095,-0.0019457141,0.0026788134694728403,0.0007912868783643849,-0.0013368882,0.00088312384,-0.0002345641,0.0007121777216429942,0.000714035639519112,0.0009108364171618337,0.0005874822313611312,0.0008743164091577611,0.0007083607
2025-11-05,0.006507872426322114,0.0007082246186505592,0.0035566326598006678,-0.001886158465631266,0.0007076548127015569,0.0021315549348584952,0.0010640255013266518,0.00047533497130386357,0.0005929723483241547,0.00914687,0.00083651615,0.006162631249674421,0.0007915795902897066,0.0022320377,0.00086086313,-0.0007536609,0.0007110273650434944,0.0007190360774774444,0.0007485341102013719,0.0004300661643748653,0.0007876510585300413,-0.001754391
2025-11-06,-0.018627262225645036,0.0007082246186505592,-0.0018326590949079595,0.006922050856674611,0.0007076548127015569,0.0008375468756882666,0.0012739320782111422,0.0008069519016266885,0.0010667447655508299,0.0043358896,0.002472443,0.0017660792840028525,0.0010499132173297802,0.0011336519,0.00084751577,0.0001268822,0.0007081289961891927,0.0007186608916551236,0.0009880884286697746,0.0008781064500054665,0.0006682087832532773,-0.004098312
2025-11-07,-0.003155296156424181,0.0007082246186505592,0.0046737878737142,-0.007327190246896651,0.0007076548127015569,0.0020573840174693027,0.0010640255013266518,0.0004985954775941835,0.0006773045734676901,0.0019250661,0.0012090368,0.006998745939913008,0.0007242292092754863,0.00010889722,0.00086786505,0.00092602405,0.0007127612362484602,0.0007207763998668893,0.0007564578400916924,0.0004371348687299417,0.0008385638154953869,-0.0048302966
2025-11-10,0.02212418407845962,0.0007082246186505592,0.0009601164756557897,0.01331125389423661,0.0007076548127015569,0.001300599291673447,0.0010207366238142632,-0.00038982629954805787,0.00027894312536288585,6.617961e-05,-0.002583696,-0.0028347027908449942,0.0009869556470766126,0.0006253291,0.00090388925,0.0009586576,0.0006944381501496845,0.0006934604120491576,0.0007235453203413181,9.708079406317917e-05,0.00030972477687627093,-0.0037299949
2025-11-11,-0.0026635431542126886,0.0007082246186505592,-0.0032073982503062516,0.030064016481031606,0.0007076548127015569,7.51946373682752e-05,0.00026782960861439486,0.0004055857181040128,0.0008207003369113242,0.0030956564,0.0021608272,-0.004128350840829121,0.000647124285895377,0.00441873,0.0008710406,-0.00035888076,0.0007013713732802122,0.0006987229359352261,0.0007795153735479053,0.000579623418606401,0.0008270388128362526,0.00055681774
2025-11-12,-0.0007883263349260927,0.0007082246186505592,0.0020780401299606926,0.007954181882246766,0.0007076548127015569,0.0012840712907786144,0.0004080940578933161,0.0004581342000880273,0.00034778218441447857,-0.00050734903,-0.0015659017,0.004409649140625269,0.0009287858215724914,9.478454e-05,0.0008779525,-0.0010466476,0.0007035196385945642,0.0007121313602353377,0.0007184022866319866,0.0003568378609086482,0.00030972477687627093,-0.007863006
2025-11-13,-0.020416049462227193,0.0007082246186505592,-0.0006008591834441668,-0.028740125540753555,0.0007076548127015569,0.0011917798172336627,0.0012739320782111422,0.0009332149595881868,0.0007445384076563684,0.0036348864,-0.0004940679,0.0026744309009143624,0.0005568140273796251,0.012328005,0.0008608827,-0.0015266587,0.0007066198747998202,0.0007117925603238245,0.0007206187182785079,0.0008993339541459298,0.0005539487994919715,0.004049262
2025-11-14,0.0007560815253122577,0.0007082246186505592,0.000718906964363144,0.014976359203046435,0.0007076548127015569,0.0021417527951142295,0.0007814258193157204,0.0006988744376682744,0.0005327809425185655,0.00055369176,-0.0015653864,-0.0005137141457259961,0.00029855696016253873,0.009308334,0.0008818391,-0.0014895697,0.0007101261594767788,0.0007019210427594761,0.0005708642348896693,0.0006664698737155413,0.0007163291385476302,-0.0011277655
2025-11-17,-0.008540551194034851,0.0007082246186505592,-0.0010903131511941682,-0.0005027536977045685,0.0007076548127015569,0.001110082668595896,0.00022684529263581845,0.0004125559017417538,0.00016173778242558725,-0.008648986,-0.0016785531,-0.0004913048049354695,0.0009957375718774135,0.0038024306,0.00088377215,-0.0008352299,0.0006989211267214945,0.0007063629129675596,0.0006807513514285468,0.0004025268940493507,0.0005844012100469565,0.007986024
2025-11-18,-0.012175728058841151,0.0007082246186505592,0.004118141728261122,-0.01582592037973681,0.0007076548127015569,0.0015595671766096282,0.0011755542952884407,0.0005033305454059144,0.0005650916549211752,0.0004103242,0.0010680686,0.0051405176370131565,0.00028834242573953935,-0.003960871,0.00088385004,-0.0022463028,0.0007121099417057437,0.0007133154415170164,0.000578881652080788,0.0004909740549813461,0.0006688578855860582,0.0015082617
2025-11-19,0.005970049135516797,0.0007082246186505592,0.004917899083188881,0.007029272880294823,0.0007076548127015569,0.0017277674014256087,0.0004116164019577338,0.0006565707554587205,0.00018567936979798218,-0.008504695,-0.007866865,0.0025097276216851294,0.00024830656865165886,0.0043205065,0.00088863174,-0.0014053818,0.0007037728529703811,0.0007016076517900661,0.00044077957014488565,0.0004712436975562574,0.00030972477687627093,-0.018782454
2025-11-20,-0.023671795555703756,0.0007082246186505592,0.0006410365977216725,-0.0072152920839559835,0.0007076548127015569,0.000852664546272033,0.0012739320782111422,0.0006190459306627441,0.0006244418177971064,0.003138411,-0.0047010225,-0.0007537483363202777,0.0006616019247915967,-0.0004115405,0.0008926337,-0.00089850766,0.0007072273898294133,0.0007056621495852437,0.0007261977626635472,0.0006447044254895558,0.0006906458731799922,-0.0047920267
2025-11-21,0.007512763160141489,0.0007082246186505592,0.006130183320753583,-0.005113785123602765,0.0007076548127015569,0.002293227385113081,0.0010640255013266518,0.00043295611271459397,0.000608089549303915,-0.005772276,0.0013575725,0.003305722188848093,0.0007700405239796451,0.0025163987,0.0009642061,-0.0018955593,0.0007126502548028029,0.0007109952563797789,0.0007808045501923914,0.0003745524701190255,0.0008398654334371992,0.0046902522
2025-11-24,0.025573237073567512,0.0007082246186505592,-0.0006510882700264281,0.014199049998910553,0.0007076548127015569,0.0007703360024357406,0.0013962303169433447,0.000326893641128765,0.000686921433529081,-0.008657955,0.007889127,0.0004060300061169282,0.00066266834891823,0.006449599,0.0009976599,-0.0015846763,0.0007083455586558854,0.0007169358799778315,0.0007823463587500063,0.00036112098648239657,0.0009148373558137484,-0.0053105564
2025-11-25,0.006163659197567561,0.0007082246186505592,-0.0023768910716193427,0.003730358495620642,0.0007076548127015569,-9.444509061101933e-05,0.0005442646814228448,0.00027856879849855637,0.0009714928570466148,0.0044806655,0.007847506,-0.0030066338449928976,0.0009745683844430924,0.0066728527,0.0010101348,-0.0010383327,0.0007088371756674948,0.0007016230828641334,0.0009853933686143498,0.0002130035423869536,0.0006858899042013528,-0.0019403021
2025-11-26,0.00883575029972583,0.0007082246186505592,0.0011902700608165673,-0.0005828756607890633,0.0007076548127015569,0.0008484801532218537,0.0009684101713791837,1.6006993883807055e-08,0.0002542861755794869,-0.0031310166,-0.0016438878,0.0033780156586437097,0.0009667248220943386,0.0026977528,0.0011456925,-1.5729362e-05,0.0006970877436750842,0.0007102734733564434,0.0007891377637505996,-7.456358065846862e-05,0.0007661441402206253,0.0049395366
2025-11-28,0.00810718413726863,0.0007082246186505592,-0.002016272579077753,0.001840014334682295,0.0007076548127015569,0.0007219477067392174,0.0010123068529475075,0.0007140284193403871,0.0005600339064011367,0.005645074,-0.008319547,-0.0029468267717488346,0.0007108242961024551,-0.00936284,0.0011168352,-0.0009763476,0.000706753213989071,0.0007021369053591633,0.0007958807978522318,0.000660092000416747,0.0007707119613854791,-0.002089513
2025-12-01,-0.0033589018974566898,0.0007082246186505592,-0.000258306334079155,0.006333970786947126,0.0007076548127015569,0.0007597522189745957,0.00035623345394298115,0.00038595086721305926,0.0005297778342101958,0.004155108,-0.00617947,-0.00021592801447263663,0.0002521339025658667,0.0018246367,0.0010664577,-0.001022381,0.0006968769297644528,0.0007019063417578197,0.0006158698954254906,0.0006575779377172898,0.0008125607674851657,-0.0016541006
2025-12-02,0.007826044687849532,0.0007082246186505592,0.0006705635525192599,0.01766801200683542,0.0007076548127015569,0.001308328527069222,0.0009684101713791837,0.0003116956878186066,0.0006494593590336926,-1.3318728e-05,0.0035433033,0.003242620671440619,0.0011041741475518781,0.012845917,0.0010919957,-0.0014391888,0.0007066783768071696,0.0007139006873181758,0.0009487171106303014,0.00023439905355227111,0.0006500786571366922,-0.0017026607
2025-12-03,0.0024437299035369175,0.0007082246186505592,0.001436528717255295,0.0020952497034235707,0.0007076548127015569,0.000774316752353681,0.0005531112469128107,0.0005000793552535406,0.0004965220826517734,0.000341697,0.0038282662,-0.0001262474162211473,0.0008761729668277793,0.005595111,0.0010785253,-0.0010597308,0.0007046522736348257,0.0007057888695718442,0.0008171800416571303,0.0005631611308097157,0.0006104862142405912,-0.0021429374
2025-12-04,-0.0009302027200409624,0.0007082246186505592,0.0023095721352607845,-0.004067372479650521,0.0007076548127015569,0.0010335816304208613,0.0006380240209881122,0.0005494644369203367,0.0007048526850325252,0.001966193,0.002828678,0.0016632536712964004,0.000984249980014303,0.002228239,0.0010907282,-0.0007069234,0.0007078940192715676,0.0007137341696222783,0.0009266964619602384,0.0006127957687478427,0.0006822274154165619,-0.0015645609
2025-12-05,0.0040774392397340264,0.0007082246186505592,0.0020869210494022096,0.006492625820970953,0.0007076548127015569,0.0011952985828052784,0.000685424944622277,0.0005870901618696894,0.0007489186362590503,0.0028443423,0.0047804555,0.003330772167996216,0.0009967420854478251,0.008780588,0.0010987066,-0.0010279727,0.0007106244699010734,0.0007174976534569319,0.0009481975091810998,0.0005320267834478722,0.0007209617493465256,0.00055905664
2025-12-08,-0.0019185265715930822,0.0007082246186505592,0.0005492319816931838,0.001262159783612232,0.0007076548127015569,0.0009573435736803188,0.0006380240209881122,0.0005934878982768603,0.0006611951923679943,5.5264798e-05,-0.00014482124,-0.0007439920760171205,0.000943858234629663,0.0032477845,0.0009764755,-0.0010781002,0.0007059121993132297,0.0007044744570333331,0.0008606104946556742,0.000545861567980207,0.0006972027488708664,-0.0044121617
2025-12-09,0.0012334209008777464,0.0007082246186505592,0.0022371843608539705,-0.002038499883731144,0.0007076548127015569,0.001244218565440527,0.000685424944622277,0.000537615017530579,0.0006452612798546569,0.0007364156,-0.0011490631,0.004692674351281901,0.0008017551519452361,0.00015699957,0.00095510593,-0.0012354825,0.0007089589809627089,0.0007187768923851199,0.0008007386480074106,0.0005180972399292354,0.0007336047229463819,0.003313275
2025-12-10,0.004095672346212442,0.0007082246186505592,0.0026500722276297344,0.0016255771101844133,0.0007076548127015569,0.001093863601891099,0.000685424944622277,0.000610355386950096,0.0007290114060720725,0.0059603695,-0.0005341569,0.0020210617312975037,0.0007648704159536056,-0.000112988986,0.0010498669,-0.0010133546,0.0007080266050058329,0.0007116822652341955,0.0008478778702324362,0.0005786653883429945,0.000666763739631201,-0.00027215318
2025-12-11,-0.003234492758241503,0.0007082246186505592,0.0017330889656225234,-0.007751099376125634,0.0007076548127015569,0.0009588235221943666,0.0006380240209881122,0.0005863444096891787,0.000685280296235863,-6.782706e-05,0.0022630985,0.0025519059892925473,0.00058695963365215,0.0005330014,0.0009865718,-0.0006131206,0.000708635179338663,0.0007100882776358077,0.0007528272853916778,0.0005251772299591068,0.0007723494672050432,-0.00037680054
2025-12-12,-0.019118258256338172,0.0007082246186505592,0.0033308062054221415,-0.0028294021760463936,0.0007076548127015569,0.0013089233954589772,0.0006380240209881122,0.0007993535874171399,0.0007257820203283592,-0.00025724596,-0.00023353926,0.00498208929154296,0.0008127275761437363,0.004677754,0.00096735806,-0.00037155047,0.0007113081515935568,0.0007168063767566884,0.0008352939018637137,0.000717987351482857,0.0006959439310858472,0.0060052504
2025-12-15,-0.005019393109742198,0.0007082246186505592,0.0020750375434821326,0.00016273251349698328,0.0007076548127015569,0.002037932134167275,0.0011755542952884407,0.0005246134248697774,0.000890735349743624,-0.0023274922,-0.0027280925,0.0018473916336809876,0.0008320590748326749,0.004738721,0.00096742914,-0.00022997826,0.0007099857428517975,0.0007109889764544725,0.0008966943555446214,0.0005408309416304644,0.0006106895855910453,-0.004463409
2025-12-16,0.001981852130900519,0.0007082246186505592,0.0015112889636159828,0.004858850476002129,0.0007076548127015569,0.0013675610556847877,0.0007117058480200115,0.000527849808388636,0.000676422725147734,-0.0014077036,-0.0014134009,0.0010499481882002212,0.0009192115653017402,0.0047315676,0.00097132433,-0.0020330187,0.000707711367794123,0.00071300440870659,0.0008557351164426624,0.0005084745020019831,0.000646821577753214,0.0018689395
2025-12-17,-0.0185369840621169,0.0007082246186505592,0.0018976735313146129,-0.009359476423421286,0.0007076548127015569,0.0010411423160434485,0.0006380240209881122,0.0005740083406285006,0.0005796182630018352,0.0059618074,0.00050025794,0.0008392758361140188,0.0003062298745417799,0.010636064,0.0009774697,-0.001409543,0.0007056987557443001,0.0007062589033606892,0.0006208803738234109,0.0005150784891957029,0.0006530472239619158,0.003497119
2025-12-18,0.01449009843273763,0.0007082246186505592,0.0042871390961824515,-0.014569270506373171,0.0007076548127015569,0.0019982762269129635,0.0009684101713791837,0.0011643883631402218,-2.2206726440672458e-05,4.0403567e-05,-0.006334477,0.004598318065176572,0.0007889800857710057,0.007302315,0.0010023492,-2.6745045e-05,0.0007075723071150006,0.0007177359177948322,0.0005899751448471893,0.0007329073922917763,0.00030972477687627093,0.00070502725
2025-12-19,0.013035412322897288,0.0007082246186505592,-0.0013554798617173543,0.004321831832557726,0.0007076548127015569,0.00044374292621412374,0.0005499260717936306,0.0006547442417702288,0.0007503662707259778,0.0021856863,0.0042531956,-0.0018812433590895902,0.0007701181728347966,0.0012491348,0.0010276868,-0.00049176184,0.0007105824512779516,0.0007037643669691611,0.0008493509396651732,0.0006000512869099833,0.0006274909624738917,0.0015394624
2025-12-22,0.0035005266996193107,0.0007082246186505592,-0.0019894669080540916,0.0035686934267423927,0.0007076548127015569,0.0005222398213280515,0.0007049271649806079,5.223681377311577e-05,0.0007036899858777629,0.0040031443,0.0037588547,-0.0028024417477511103,0.0008638719530860672,0.007921421,0.0010070133,-0.0014735695,0.0006948191254993993,0.0006953808071564053,0.0008582261777859854,3.0612223520878473e-05,0.0007674734800883397,-0.0044413954
2025-12-23,0.0046833868962063985,0.0007082246186505592,-0.0007571994703408787,-0.005751780473083469,0.0007076548127015569,0.0009722563224837567,0.0008516224128721256,0.00046974365836225084,0.0006597061550479799,0.013599702,0.017164897,-0.0011743604235407176,0.0011153962205489617,0.003376638,0.0010426233,-0.0012541835,0.0007049451133636214,0.0007056474600337778,0.0009394273287984752,0.000398933471087369,0.0007661441402206253,0.0001817015
2025-12-24,0.002925527639806358,0.0007082246186505592,-0.0021089627179449633,0.005655155392002588,0.0007076548127015569,0.0009179439649361444,0.0006380240209881122,0.0007832949417251295,0.0007645730696516501,0.0024303277,0.0025203493,0.0007721652159217781,0.0006113530442702152,-0.001269459,0.0009553397,-0.0019272354,0.0007068249346432364,0.0007096330712272953,0.0007769680448060532,0.0008059407815762394,0.0007610980957282377,0.0023377677
2025-12-26,-6.410975590209755e-05,0.0007082246186505592,0.0003329054392074161,0.001190432935894087,0.0007076548127015569,0.001001381440417205,0.000583324248788648,0.0006652428980053251,0.0006392952170470587,-0.0014922929,0.0018605291,-0.00274414028186222,0.0006510295900949128,0.0054346044,0.0009387889,-0.0020628471,0.0007072923478158654,0.0006990533813012387,0.0007429899038666423,0.0006784006539180717,0.000723698271686661,-0.0029787156
2025-12-29,-0.004840596900094529,0.0007082246186505592,0.0013585496049089948,0.0038530630045354322,0.0007076548127015569,0.0011413938898251806,0.000583324248788648,0.0005393541162969092,0.0007319463695862262,0.0012981673,0.0043923897,-0.001190295528356321,0.0006708658116277587,-1.9485597e-06,0.0009630325,-0.0004964669,0.0007076513197872852,0.0007014044466293692,0.0007885385823615027,0.0005469557836402845,0.0006303667054437104,-0.00076096365
2025-12-30,-0.0023193261069145432,0.0007082246186505592,0.0018394291769318818,0.004560469369109971,0.0007076548127015569,0.0013622916280147809,0.000685424944622277,0.0004747507896022649,0.0007861805285975846,-0.0020021636,-0.0021335534,0.002245222497458962,0.0010517667657892517,-0.006827656,0.0009817225,-0.00081514684,0.0007082584243946932,0.0007105758955316768,0.0009400030382883757,0.0004552330120009214,0.0006875252290979665,-0.0023378567
2025-12-31,-0.008265663593949313,0.0007082246186505592,0.0014765188585009314,0.00012934703758898675,0.0007076548127015569,0.0012422303081641882,0.000685424944622277,0.0006294500714215994,0.0005641191946118603,0.004968426,-0.007261247,0.0026949303911491876,0.0009157065507124999,-8.0785016e-05,0.0009449687,-0.0016693061,0.0007084741265692791,0.0007114305263512817,0.000808392334584464,0.0005885499514255007,0.0007298038306064508,0.0075467178
