date,news_volume,sent_pos_mean,sent_neg_mean,sent_neu_mean,sent_score_mean,sent_score_std,sent_max_neg,sent_pos_ratio,sent_neg_ratio,sent_score_ma5,sent_score_ma20,sent_surprise,sent_momentum_3d,sent_vol_5d,news_volume_chg
2014-01-02,14,0.4421753,0.3074219,0.25040284,0.13475339,0.71055585,0.96533024,0.5,0.2857142857142857,0.13475339114665985,0.13475339114665985,0.0,0.13475339114665985,0.0,0.0
2014-01-03,10,0.43739527,0.402281,0.1603237,0.0351143,0.87985104,0.973411,0.5,0.4,0.08493384532630444,0.08493384532630444,-0.049819545820355415,0.08493384532630444,0.07045547737041447,-0.2857142857142857
2014-01-06,14,0.295162,0.30126667,0.40357134,-0.006104644,0.5800277,0.9526804,0.21428571428571427,0.2857142857142857,0.054587682243436575,0.054587682243436575,-0.06069232616573572,0.054587682243436575,0.0724199971506664,0.3999999999999999
2014-01-07,10,0.31007683,0.33385313,0.35607004,-0.023776297,0.5956384,0.86728984,0.3,0.3,0.034996687551029027,0.034996687551029027,-0.058772984077222645,0.001744453019152085,0.07093423445008845,-0.2857142857142857
2014-01-08,10,0.4350451,0.36252624,0.20242865,0.07251888,0.7218952,0.96390814,0.5,0.3,0.04250112557783723,0.04250112557783723,0.030017752107232808,0.014212645745525757,0.06368148995788424,0.0
2014-01-09,10,0.049676932,0.85622007,0.09410299,-0.8065432,0.25215125,0.9702068,0.0,0.9,-0.1457581869326532,-0.09900625725276768,-0.660784984473139,-0.25260019674897194,0.3712745691049472,0.0
2014-01-10,10,0.35069585,0.43476525,0.21453893,-0.084069386,0.7023884,0.9642363,0.3,0.5,-0.16959492405876517,-0.09687241852017385,0.08552553793415427,-0.2726978932817777,0.3604264572235271,0.0
2014-01-13,17,0.3263819,0.34774315,0.32587498,-0.021361275,0.67959976,0.9394797,0.35294117647058826,0.35294117647058826,-0.17264625020325183,-0.08743352553574368,0.15128497555851936,-0.3039912773917119,0.3587570607075609,0.7
2014-01-14,10,0.3761869,0.39490026,0.2289128,-0.01871336,0.6935993,0.95972776,0.4,0.4,-0.17163366302847863,-0.07979795165980856,0.1529203023761511,-0.041381340473890305,0.3592890407262199,-0.4117647058823529
2014-01-15,10,0.22979362,0.55556786,0.21463855,-0.32577422,0.6221535,0.9227241,0.2,0.7,-0.2512922830879688,-0.1043955787550658,-0.07448193952441218,-0.121949619303147,0.3349536644697725,0.0
2014-01-16,10,0.320473,0.40461048,0.27491656,-0.0841375,0.7003038,0.9673999,0.4,0.3,-0.10681114867329597,-0.10255393517118963,0.02267364934086799,-0.14287502753237882,0.12652965177458547,0.0
2014-01-17,10,0.41693956,0.45149392,0.13156655,-0.034554385,0.8108495,0.9671742,0.4,0.5,-0.09690814837813377,-0.09688730596099049,0.06235376372933388,-0.14815536886453629,0.1306259126494744,0.0
2014-01-20,18,0.26167473,0.4301705,0.30815473,-0.16849579,0.6699621,0.96174896,0.2777777777777778,0.3888888888888889,-0.12633505128324032,-0.1023956508232424,-0.042160737887024874,-0.09572922438383102,0.12583745798885998,0.8
2014-01-21,10,0.3050605,0.5481543,0.14678515,-0.2430938,0.8060014,0.9680169,0.3,0.6,-0.171211139857769,-0.11244551887336586,-0.071882663667202,-0.1487146591146787,0.11760221578953947,-0.4444444444444444
2014-01-22,10,0.0380911,0.68636805,0.2755409,-0.6482769,0.37018996,0.9727544,0.0,0.7,-0.23571168035268783,-0.1481676126209398,-0.41256524473428724,-0.3532888392607371,0.24403972161284743,0.0
2014-01-23,10,0.26354423,0.45571622,0.28073952,-0.19217202,0.7178836,0.9683856,0.2,0.5,-0.2573185846209526,-0.15091788812424056,0.06514656394720075,-0.361180916428566,0.23173703898611547,0.0
2014-01-24,10,0.12711708,0.47285676,0.40002617,-0.34573966,0.6215307,0.9665814,0.1,0.5,-0.3195556402206421,-0.16237799250794685,-0.026184022426605225,-0.3953962028026581,0.19598173623689674,0.0
2014-01-27,19,0.07015163,0.5596328,0.37021562,-0.48948112,0.5057292,0.96751046,0.05263157894736842,0.5789473684210527,-0.38375270664691924,-0.18055038855204153,-0.10572841465473176,-0.34246426820755005,0.18647026410815837,0.8999999999999999
2014-01-28,10,0.47072554,0.08180429,0.4474702,0.38892123,0.46873423,0.5196488,0.4,0.1,-0.2573496997356415,-0.1505781980476489,0.6462709307670593,-0.14876651763916016,0.39888473389723744,-0.4736842105263158
2014-01-29,10,0.17579746,0.7194765,0.10472603,-0.54367906,0.5939681,0.95612866,0.2,0.8,-0.23643012642860411,-0.1702332410728559,-0.3072489321231842,-0.21474631627400717,0.3753026735874362,0.0
2014-01-30,10,0.19763176,0.6430708,0.15929739,-0.4454391,0.7260611,0.972346,0.2,0.6,-0.2870835423469543,-0.19924286564346402,-0.1583555579185486,-0.20006564259529114,0.38480693721198345,0.0
2014-01-31,10,0.062918685,0.7077309,0.22935045,-0.6448122,0.49941465,0.9721219,0.1,0.7,-0.3468980550765991,-0.23323919193353504,-0.2979141712188721,-0.5446434617042542,0.4180149240491602,0.0
2014-02-03,15,0.14382888,0.39786536,0.45830575,-0.2540365,0.4857399,0.9649183,0.06666666666666667,0.3333333333333333,-0.29980912804603577,-0.2456357840448618,0.04577264189720154,-0.4480959375699361,0.41114243635157655,0.5
2014-02-04,9,0.23791414,0.52458024,0.2375056,-0.2866661,0.7548286,0.9703372,0.2222222222222222,0.5555555555555556,-0.43492659330368044,-0.25878027398139236,0.14826049804687502,-0.39517160256703693,0.16635203378988725,-0.4
2014-02-05,10,0.14223444,0.61701536,0.24075024,-0.4747809,0.543735,0.9652424,0.1,0.7,-0.421146959066391,-0.28614526223391296,-0.053633928298950195,-0.33849448959032696,0.15772117093400315,0.11111111111111116
2014-02-06,10,0.16023551,0.5069946,0.3327699,-0.34675908,0.59338033,0.97533756,0.1,0.6,-0.40141095519065856,-0.26315605770796535,0.05465187430381774,-0.3694020211696625,0.1600779264095112,0.0
2014-02-07,10,0.13968521,0.45455775,0.40575704,-0.31487253,0.5031973,0.9602574,0.1,0.5,-0.33542301654815676,-0.27469621505588293,0.020550483465194724,-0.37880416711171466,0.08510647682211675,0.0
2014-02-10,12,0.08054131,0.52932554,0.39013314,-0.44878426,0.45814198,0.9721921,0.0,0.5833333333333334,-0.37437257170677185,-0.2960673644207418,-0.07441169023513794,-0.37013862530390423,0.08308747646277209,0.19999999999999996
2014-02-11,10,0.530372,0.13868923,0.33093876,0.39168277,0.4988764,0.7428331,0.6,0.1,-0.23870279788970947,-0.2755475576967001,0.630385571718216,-0.12399134039878845,0.35872379477595595,-0.16666666666666663
2014-02-12,10,0.25408703,0.34005302,0.40586,-0.085966006,0.60765517,0.9583147,0.3,0.3,-0.160939821600914,-0.26355714686214926,0.07497381567955017,-0.047689164678255715,0.3361886764295115,0.0
2014-02-13,10,0.15573347,0.43711466,0.40715188,-0.2813812,0.6108693,0.9627444,0.1,0.4,-0.14786424338817597,-0.2734193313866854,-0.13351694643497466,0.008111859361330668,0.32833434825166935,0.0
2014-02-14,8,0.2686798,0.5696098,0.16171041,-0.30093002,0.754862,0.9342045,0.25,0.625,-0.14507574141025542,-0.28673811331391336,-0.15585428178310395,-0.2227590729792913,0.32661608287543836,-0.19999999999999996
2014-02-17,19,0.26816145,0.39984757,0.331991,-0.13168609,0.63888115,0.9396519,0.21052631578947367,0.42105263157894735,-0.0816561073064804,-0.2848976284265518,-0.050029984116554266,-0.23799910147984824,0.28042041192892475,1.375
2014-02-18,10,0.131978,0.5739627,0.2940593,-0.4419847,0.6010955,0.9627088,0.1,0.6,-0.24838960468769072,-0.29484217390418055,-0.19359510838985444,-0.29153360923131305,0.14259132310864778,-0.4736842105263158
2014-02-19,10,0.18682069,0.58907145,0.22410783,-0.40225077,0.5730163,0.96272767,0.1,0.6,-0.311646556854248,-0.2825408659875393,-0.09060420989990237,-0.3253071904182434,0.12105139763002035,0.0
2014-02-20,9,0.3722053,0.4488891,0.17890559,-0.07668383,0.8292215,0.9739372,0.4444444444444444,0.4444444444444444,-0.2707070842385292,-0.27676645629107954,0.19402325749397276,-0.306973102192084,0.16165167295881286,-0.09999999999999998
2014-02-21,9,0.31033152,0.5139398,0.17572866,-0.20360829,0.78008425,0.9745996,0.3333333333333333,0.5555555555555556,-0.25124273747205733,-0.2696598876267672,0.04763444811105727,-0.22751429428656897,0.16295672104983427,0.0
2014-02-24,15,0.41028842,0.13371512,0.45599645,0.2765733,0.5603141,0.86606824,0.4,0.13333333333333333,-0.16959085911512375,-0.23135716654360294,0.446164159476757,-0.0012396052479743958,0.2903361860521098,0.6666666666666667
2014-02-25,10,0.3303202,0.26644474,0.40323502,0.06387545,0.6332789,0.9416555,0.3,0.3,-0.0684188261628151,-0.24760945551097394,0.1322942778468132,0.045613487561543785,0.258025972078528,-0.33333333333333337
2014-02-26,9,0.13432248,0.44933543,0.41634208,-0.31501296,0.44636533,0.85296935,0.1111111111111111,0.5555555555555556,-0.05097126513719559,-0.23617615066468717,-0.2640416964888573,0.008478596806526184,0.23138302942601935,-0.09999999999999998
2014-02-27,10,0.2626433,0.33361015,0.40374652,-0.07096685,0.6348768,0.9657478,0.2,0.3,-0.04982786923646927,-0.21745253801345826,-0.021138978004455564,-0.1073681190609932,0.23123828399173774,0.11111111111111116
2014-02-28,8,0.30096173,0.447534,0.25150427,-0.14657223,0.70093185,0.96553993,0.5,0.375,-0.038420657813549045,-0.19254053831100465,-0.10815157443284988,-0.1775173470377922,0.22301625934674474,-0.19999999999999996
2014-03-03,15,0.22842011,0.45466042,0.31691942,-0.2262403,0.7210399,0.9668055,0.2,0.4666666666666667,-0.13898337930440902,-0.19115072935819627,-0.08725692778825761,-0.14792646219333014,0.14528913408465796,0.875
2014-03-04,8,0.2966902,0.40897775,0.2943321,-0.11228756,0.72999,0.9743182,0.25,0.375,-0.17421598136425018,-0.18243180252611638,0.061928422749042505,-0.1617000326514244,0.09719826416277985,-0.4666666666666667
2014-03-05,10,0.03273296,0.7151922,0.25207484,-0.68245924,0.35688934,0.95939946,0.0,0.8,-0.24770523607730865,-0.19281571991741658,-0.43475399911403656,-0.34032903363307315,0.24963677255341243,0.25
2014-03-06,10,0.3000297,0.2366871,0.4632832,0.06334259,0.579672,0.94880384,0.3,0.2,-0.22084334790706633,-0.1723106361925602,0.28418594151735305,-0.24380140006542206,0.27891780237556824,0.0
2014-03-07,9,0.20143236,0.43701485,0.3615528,-0.23558252,0.60423845,0.9655748,0.2222222222222222,0.4444444444444444,-0.23864540457725525,-0.16834613531827927,0.003062888979911804,-0.2848997190594673,0.2758156269423222,-0.09999999999999998
2014-03-10,16,0.25486475,0.40010542,0.34502986,-0.14524066,0.6665143,0.9524473,0.25,0.4375,-0.22244547605514525,-0.1531689554452896,0.07720481157302855,-0.10582686215639114,0.2790857443826072,0.7777777777777777
2014-03-11,10,0.26187915,0.47660303,0.26151782,-0.21472391,0.71350986,0.9730214,0.2,0.6,-0.24293274730443953,-0.1834892898797989,0.028208832442760456,-0.19851569831371307,0.27266354046091557,-0.375
2014-03-12,10,0.18038422,0.65340054,0.16621523,-0.47301632,0.6011643,0.9517601,0.2,0.6,-0.20104416459798813,-0.2028418056666851,-0.2719721570611,-0.2776603003342946,0.192589768688891,0.0
2014-03-13,10,0.087895975,0.4380136,0.4740905,-0.3501176,0.4123523,0.95608723,0.0,0.4,-0.28373620212078093,-0.20627862587571144,-0.06638139188289643,-0.3459526101748149,0.12893403362291464,0.0
2014-03-14,8,0.17581485,0.57995117,0.24423406,-0.40413627,0.64523596,0.97118133,0.25,0.5,-0.3174469530582428,-0.2114389382302761,-0.08668931722640993,-0.4090900619824727,0.13508447852115457,-0.19999999999999996
2014-03-17,12,0.39586887,0.103466116,0.500665,0.2924027,0.52640444,0.92691916,0.3333333333333333,0.08333333333333333,-0.22991827726364136,-0.19023449793457986,0.5223209917545318,-0.1539503832658132,0.30697985727982674,0.5
2014-03-18,10,0.09632051,0.21766117,0.68601835,-0.121340655,0.41190743,0.96580184,0.0,0.2,-0.21124162524938583,-0.17420229502022266,0.08990097045898438,-0.07769140352805455,0.3109504284861988,-0.16666666666666663
2014-03-19,9,0.2493387,0.46917656,0.28148472,-0.21983786,0.6909178,0.9745335,0.2222222222222222,0.5555555555555556,-0.16060593277215957,-0.16508164964616298,-0.05923192650079728,-0.01625859985748927,0.27635516672334787,-0.09999999999999998
2014-03-20,10,0.23628744,0.6179797,0.14573282,-0.38169226,0.7407942,0.9631698,0.2,0.7,-0.16692086607217788,-0.1803320713341236,-0.21477139443159105,-0.24095692485570908,0.28206994493961873,0.11111111111111116
2014-03-21,6,0.23743515,0.5605476,0.2020173,-0.32311246,0.66663146,0.9563427,0.3333333333333333,0.5,-0.15071610361337662,-0.18630727976560593,-0.17239635437726974,-0.308214192589124,0.26695763199034267,-0.4
2014-03-24,13,0.037358288,0.55230045,0.4103413,-0.5149421,0.4548061,0.96326196,0.0,0.5384615384615384,-0.3121850684285164,-0.22588305026292801,-0.20275704115629195,-0.4065822760264079,0.15083987585099928,1.1666666666666665
2014-03-25,10,0.34595647,0.455909,0.19813448,-0.10995255,0.7312627,0.9239212,0.4,0.4,-0.30990744680166243,-0.2345744501799345,0.1999549001455307,-0.31600237141052884,0.1544839291246391,-0.23076923076923073
2014-03-26,10,0.29176533,0.45716324,0.25107142,-0.16539788,0.71524096,0.9730558,0.3,0.5,-0.29901945143938063,-0.22709369622170925,0.13362156897783278,-0.26343084623416263,0.164041823024099,0.0
2014-03-27,10,0.23150189,0.48154196,0.28695613,-0.25004005,0.5821958,0.9653687,0.2,0.5,-0.27268901020288466,-0.23604735657572745,0.0226489558815956,-0.17513016114632288,0.15790551455632523,0.0
2014-03-28,6,0.48118666,0.47576275,0.043050554,0.0054239235,0.84949243,0.95120525,0.5,0.5,-0.20698173390701413,-0.2284475487889722,0.21240565739572048,-0.1366713377647102,0.19554644916094754,-0.4
2014-03-31,15,0.173295,0.48245144,0.34425354,-0.30915645,0.53480244,0.9576005,0.13333333333333333,0.6,-0.16582460151985287,-0.23259335581678897,-0.1433318461291492,-0.1845908594938616,0.12256037953473954,1.5
2014-04-01,10,0.30157554,0.40291256,0.2955119,-0.101337,0.7066433,0.95692766,0.3,0.4,-0.16410149233415722,-0.23204582792241127,0.06276449160650371,-0.13502317496264973,0.12359844774683446,-0.33333333333333337
2014-04-02,10,0.2515512,0.41799825,0.3304505,-0.16644704,0.6881304,0.9712692,0.3,0.4,-0.16431132452562452,-0.20624521833378823,-0.0021357188932597526,-0.19231349726517996,0.12360208935986243,0.0
2014-04-03,10,0.11268753,0.5231637,0.3641488,-0.41047612,0.48226482,0.96081525,0.1,0.6,-0.19639853732660412,-0.2299361539306119,-0.21407758099958302,-0.22608672082424164,0.16523441715053827,0.0
2014-04-04,10,0.22479954,0.48251384,0.29268658,-0.25771433,0.63112277,0.941943,0.3,0.5,-0.24902618825435638,-0.23104274470824748,-0.008688142895698553,-0.2782124976317088,0.12081868969254927,0.0
2014-04-07,14,0.31695992,0.350575,0.33246508,-0.033615045,0.70229906,0.96717125,0.35714285714285715,0.35714285714285715,-0.1939179077744484,-0.22546146374661474,0.16030286252498627,-0.23393516490856806,0.14662053289413854,0.3999999999999999
2014-04-08,10,0.23664625,0.66649765,0.09685613,-0.42985138,0.76803666,0.96698874,0.2,0.7,-0.25962078422307966,-0.23621783715207129,-0.17023059874773028,-0.24039358645677567,0.16695760177747895,-0.2857142857142857
2014-04-09,10,0.21774793,0.5791891,0.20306298,-0.36144114,0.5610725,0.91421247,0.2,0.7,-0.29861960262060167,-0.2306390778394416,-0.06282153278589248,-0.2749691878755887,0.16246604408521872,0.0
2014-04-10,10,0.40209135,0.37541744,0.22249122,0.026673893,0.8474209,0.9592855,0.4,0.4,-0.21118960045278073,-0.21179950351361185,0.23786349296569825,-0.25487287528812885,0.2004150776500249,0.0
2014-04-11,10,0.06330439,0.6395049,0.29719073,-0.57620054,0.49015787,0.9705992,0.0,0.7,-0.2748868431895971,-0.22040271724108607,-0.30131370164453986,-0.3036559292425712,0.2605026673031455,0.0
2014-04-14,15,0.23351355,0.37295577,0.39353073,-0.1394422,0.64570993,0.9753719,0.2,0.3333333333333333,-0.29605227522552013,-0.24199496323708444,0.15661006979644299,-0.22965628591676554,0.23944720218593593,0.5
2014-04-15,9,0.115102395,0.5413912,0.34350643,-0.4262888,0.6138345,0.9704724,0.0,0.5555555555555556,-0.2953397613018751,-0.2572423711651936,-0.13094905205070972,-0.38064385453859967,0.23895431926841149,-0.4
2014-04-16,10,0.15088795,0.65018004,0.19893199,-0.49929208,0.44187397,0.95297086,0.1,0.8,-0.3229099493473768,-0.2712150819832459,-0.17638212628662586,-0.3550076981385549,0.25584333355918726,0.11111111111111116
2014-04-17,6,0.33114854,0.47701442,0.19183706,-0.14586586,0.89667547,0.97173125,0.3333333333333333,0.5,-0.35741789937019347,-0.2594237618381158,0.2115520417690277,-0.3571489155292511,0.20310403748157108,-0.4
2014-04-22,17,0.18911056,0.4424377,0.36845174,-0.25332713,0.5809822,0.96735084,0.17647058823529413,0.47058823529411764,-0.29284321665763857,-0.2559344955021515,0.03951608538627627,-0.29949502150217694,0.16364946835792735,1.8333333333333335
2014-04-23,10,0.2810319,0.5357386,0.18322955,-0.25470668,0.7553291,0.9661914,0.3,0.5,-0.31589611172676085,-0.24292272406164556,0.06118943095207213,-0.21796655654907227,0.143518238599834,-0.4117647058823529
2014-04-24,10,0.23453109,0.41095868,0.35451025,-0.17642757,0.6981307,0.96802896,0.2,0.4,-0.26592386364936826,-0.24624647537712008,0.08949629068374632,-0.228153795003891,0.13889630672337214,0.0
2014-04-25,10,0.109383896,0.6128501,0.27776596,-0.50346625,0.61582136,0.9716931,0.1,0.6,-0.26675869822502135,-0.2631498936796561,-0.23670755028724672,-0.31153350075085956,0.14065108743196542,0.0
2014-04-28,13,0.19017568,0.45193905,0.3578853,-0.26176336,0.5723125,0.9703653,0.23076923076923078,0.46153846153846156,-0.2899381995201111,-0.2637360591674224,0.028174835443496693,-0.31388572851816815,0.12435266546286962,0.30000000000000004
2014-04-29,10,0.4459629,0.28070864,0.27332848,0.16525425,0.7098951,0.96923345,0.5,0.2,-0.20622192323207855,-0.25574454283341763,0.3714761734008789,-0.1999917874733607,0.24118046302959953,-0.23076923076923073
2014-04-30,10,0.18177268,0.32305425,0.49517304,-0.1412816,0.5202974,0.97331065,0.2,0.3,-0.18353690803050995,-0.24735080068930984,0.04225530326366425,-0.07926357289155324,0.24081397730593385,0.0
2014-05-01,10,0.19464645,0.30632403,0.49902955,-0.1116776,0.6047481,0.95738155,0.2,0.3,-0.17058691382408142,-0.24786783074960111,0.05890931189060211,-0.02923498551050822,0.24302273151989326,0.0
2014-05-02,10,0.22609182,0.5456731,0.22823508,-0.3195813,0.67646104,0.969358,0.2,0.6,-0.1338099241256714,-0.2555245435796678,-0.1857713758945465,-0.1908468355735143,0.18766201862703158,0.0
2014-05-06,18,0.22854376,0.40220365,0.36925262,-0.17365989,0.6677501,0.97233754,0.2222222222222222,0.3888888888888889,-0.1161892294883728,-0.24368373220786452,-0.057470661401748654,-0.20163959761460623,0.17644519375647003,0.8
2014-05-07,10,0.40415946,0.46764368,0.12819687,-0.063484214,0.79339063,0.9670165,0.4,0.6,-0.1619369223713875,-0.23397222636267542,0.09845270812511445,-0.18557513505220413,0.09699839556478776,-0.4444444444444444
2014-05-08,10,0.17447194,0.46105456,0.36447352,-0.28658265,0.6590668,0.9706205,0.1,0.5,-0.19099713116884232,-0.24662060653790832,-0.09558551758527756,-0.17457558463017145,0.11013876616789872,0.0
2014-05-09,10,0.13805552,0.5347235,0.32722095,-0.39666802,0.62837136,0.9649039,0.1,0.6,-0.24799521416425704,-0.24496143823489547,-0.14867280274629593,-0.24891162663698196,0.13065910746083445,0.0
2014-05-12,16,0.1645484,0.39608383,0.43936777,-0.23153543,0.47787344,0.9543912,0.1875,0.4375,-0.23038604110479355,-0.2384661532007158,-0.001149393618106842,-0.3049287001291911,0.12438162165462588,0.6000000000000001
2014-05-13,10,0.35043138,0.40141717,0.24815145,-0.050985795,0.80104756,0.9652606,0.4,0.4,-0.2058512218296528,-0.24234913755208254,0.15486542731523514,-0.22639641538262367,0.14818903197936836,-0.375
2014-05-14,10,0.33715376,0.4907538,0.17209244,-0.15360002,0.7243959,0.96367604,0.3,0.5,-0.22387438341975213,-0.22121911142021417,0.07027436122298242,-0.14537375047802925,0.13103206481835292,0.0
2014-05-15,10,0.11582792,0.3493025,0.53486955,-0.23347458,0.4191079,0.9529136,0.0,0.4,-0.21325277015566826,-0.22592073027044535,-0.020221812278032297,-0.14602013304829597,0.12676094822583106,0.0
2014-05-16,8,0.21819746,0.47067615,0.31112635,-0.25247866,0.5923588,0.96364224,0.25,0.5,-0.18441489860415458,-0.21723022256046534,-0.06806376054883004,-0.21318442126115164,0.08368505754884473,-0.19999999999999996
2014-05-19,16,0.19469167,0.38596892,0.4193394,-0.19127725,0.5963625,0.96680105,0.1875,0.4375,-0.1763632617890835,-0.20182948131114245,-0.014913988858461374,-0.22574349741141,0.07986763753588522,1.0
2014-05-20,10,0.10581001,0.8269843,0.06720567,-0.7211743,0.55432385,0.971949,0.1,0.9,-0.31040096282958984,-0.23059490341693162,-0.4107733368873596,-0.38831006983915967,0.23280055269960276,-0.375
2014-05-21,10,0.4166553,0.3731305,0.21021418,0.043524783,0.7604673,0.9421538,0.5,0.3,-0.27097600176930425,-0.2157523076981306,0.3145007848739624,-0.28964225575327873,0.2782488320854706,0.0
2014-05-22,10,0.402929,0.37143883,0.22563219,0.031490166,0.7244991,0.93117374,0.4,0.4,-0.21798305213451385,-0.20144246537238358,0.2494732178747654,-0.21538645029067993,0.31053494678879145,0.0
2014-05-23,6,0.12480155,0.69549865,0.17969982,-0.57069707,0.5275899,0.9418936,0.0,0.8333333333333334,-0.2816267341375351,-0.22115594018250703,-0.28907033503055574,-0.1652273734410604,0.34953270673942355,-0.4
2014-05-27,20,0.18204355,0.2578789,0.56007755,-0.07583535,0.5464351,0.96050954,0.15,0.25,-0.25853835344314574,-0.19977439511567355,0.1827030062675476,-0.20501408353447914,0.36062936357419506,2.3333333333333335
2014-05-28,9,0.35474622,0.57582814,0.06942567,-0.22108191,0.8403894,0.96478057,0.4444444444444444,0.5555555555555556,-0.1585198760032654,-0.1977403225377202,-0.06256203651428222,-0.28920477628707886,0.2537551174473687,-0.55
2014-05-29,10,0.21782649,0.5507588,0.23141475,-0.3329323,0.74594945,0.97245026,0.2,0.6,-0.23381129130721093,-0.2226496497169137,-0.09912100210785865,-0.20994985103607178,0.23389116032032292,0.11111111111111116
2014-05-30,6,0.1365852,0.42622998,0.4371848,-0.28964478,0.57450527,0.9570043,0.16666666666666666,0.3333333333333333,-0.29803828001022337,-0.23006780836731194,0.008393502235412575,-0.2812196612358093,0.18091937721971948,-0.4
2014-06-02,14,0.26320258,0.46803144,0.26876602,-0.20482887,0.64569426,0.94859976,0.2857142857142857,0.42857142857142855,-0.22486464083194732,-0.23472537193447351,0.02003576755523681,-0.27580198148886365,0.09810779156099295,1.3333333333333335
2014-06-03,9,0.1350786,0.61101615,0.25390524,-0.47593758,0.61964464,0.96937853,0.1111111111111111,0.6666666666666666,-0.3048850864171982,-0.24254318568855524,-0.17105248868465422,-0.32347040871779126,0.10875670606539654,-0.3571428571428571
2014-06-04,9,0.24563421,0.5529704,0.20139538,-0.3073362,0.8043046,0.97064096,0.2222222222222222,0.5555555555555556,-0.3221359461545944,-0.2492270017042756,0.01479973495006559,-0.3293675531943639,0.09849766457314058,0.0
2014-06-05,10,0.19235758,0.4323669,0.37527552,-0.24000931,0.69031376,0.95458144,0.2,0.4,-0.3035513490438461,-0.25805325638502835,0.063542041182518,-0.34109436472256977,0.10453282625543006,0.11111111111111116
2014-06-06,10,0.3149854,0.36159286,0.32342172,-0.046607483,0.68629944,0.9447052,0.4,0.4,-0.2549438901245594,-0.24605449810624122,0.20833640694618227,-0.19798433408141136,0.15630241459129185,0.0
2014-06-09,14,0.42903328,0.19549204,0.3754747,0.23354122,0.60919124,0.9709671,0.42857142857142855,0.21428571428571427,-0.16726987138390542,-0.21454403623938562,0.40081109181046487,-0.01769185687104861,0.2717509428383222,0.3999999999999999
2014-06-10,8,0.4794773,0.27076873,0.24975398,0.20870855,0.77602327,0.91964096,0.5,0.25,-0.03034064546227455,-0.19253183677792549,0.23904919996857643,0.1318807639181614,0.2488625426781574,-0.4285714285714286
2014-06-11,10,0.060892005,0.7948054,0.14430253,-0.7339134,0.32222894,0.9738312,0.0,0.9,-0.11565608754754067,-0.22667821813374758,-0.6182573340833187,-0.09722121556599934,0.39674448491019604,0.25
2014-06-12,10,0.20967615,0.5274343,0.26288956,-0.31775814,0.65217406,0.97163546,0.2,0.6,-0.13120585456490516,-0.23488612417131663,-0.18655228838324547,-0.280987670024236,0.40428866121556556,0.0
2014-06-13,10,0.17716363,0.4242312,0.39860517,-0.2470676,0.42802787,0.9077146,0.1,0.5,-0.17129787802696228,-0.23556577507406473,-0.07576972246170044,-0.43291305502255756,0.40374109722405493,0.0
2014-06-16,12,0.15711805,0.40999904,0.43288288,-0.252881,0.6084962,0.96822125,0.08333333333333333,0.4166666666666667,-0.26858232021331785,-0.23558589164167643,0.015701329708099343,-0.2725689113140106,0.3344649792946052,0.19999999999999996
2014-06-17,10,0.27089792,0.43181777,0.2972843,-0.16091986,0.63409775,0.95009434,0.2,0.5,-0.342508003115654,-0.23406802210956812,0.18158814311027527,-0.22028948366641998,0.22579132112566092,-0.16666666666666663
2014-06-18,10,0.40663546,0.31214508,0.28121945,0.094490364,0.6221373,0.8516611,0.5,0.3,-0.17682724595069885,-0.19328478891402484,0.2713176101446152,-0.10643682877222697,0.16159029031557576,0.0
2014-06-19,10,0.52019095,0.267165,0.21264407,0.25302592,0.67493296,0.9555265,0.7,0.2,-0.06267043352127075,-0.18280973210930823,0.31569635272026064,0.06219880779584249,0.22594193083486588,0.0
2014-06-20,4,0.19059075,0.6794846,0.12992463,-0.4888938,0.43313783,0.9607433,0.25,0.75,-0.11103567481040955,-0.20882893074303865,-0.37785813212394714,-0.0471258411804835,0.29161922539108975,-0.6
2014-06-23,17,0.17127839,0.4911314,0.33759025,-0.319853,0.64152575,0.97010213,0.11764705882352941,0.47058823529411764,-0.12443007826805115,-0.19628672767430544,-0.19542292952537538,-0.18524029850959778,0.30114557327829283,3.25
2014-06-24,7,0.026520003,0.68612415,0.2873559,-0.65960413,0.33272842,0.947188,0.0,0.8571428571428571,-0.2241669327020645,-0.2254751669242978,-0.43543719947338105,-0.4894503156344096,0.3866837171264539,-0.5882352941176471
2014-06-25,10,0.060913496,0.7672697,0.17181687,-0.70635617,0.41622013,0.9721004,0.0,0.8,-0.38433623909950254,-0.24973887968808411,-0.3220199286937714,-0.5619377692540487,0.38755326742801954,0.4285714285714286
2014-06-26,8,0.14581114,0.19533435,0.6588545,-0.049523205,0.50754195,0.95447785,0.125,0.125,-0.4448460638523102,-0.23556842524558305,0.39532285928726196,-0.47182783484458923,0.26849217548269255,-0.19999999999999996
2014-06-27,10,0.39735398,0.2054069,0.39723915,0.19194707,0.59973323,0.7053515,0.5,0.3,-0.3086778879165649,-0.21148883271962404,0.5006249606609344,-0.18797743320465088,0.38704283601411327,0.25
2014-06-30,15,0.30033615,0.40463603,0.29502782,-0.10429988,0.6992119,0.97270614,0.26666666666666666,0.4666666666666667,-0.2655672624707222,-0.20646238308399917,0.1612673819065094,0.01270799587170283,0.39735421354654976,0.5
2014-07-01,10,0.3905974,0.30179533,0.30760732,0.08880205,0.7012811,0.9724086,0.4,0.3,-0.11588602662086486,-0.17822540197521447,0.20468807369470596,0.05881641308466593,0.349947022821126,-0.33333333333333337
2014-07-02,7,0.32431582,0.4374101,0.23827405,-0.113094255,0.7042576,0.9403993,0.42857142857142855,0.42857142857142855,0.002766355872154236,-0.16851330418139696,-0.11586061120033264,-0.04286402960618337,0.13305313049672687,-0.30000000000000004
2014-07-03,10,0.4387787,0.39691347,0.16430786,0.041865192,0.7330718,0.9663422,0.5,0.4,0.021044035255908967,-0.15441957917064428,0.020821157097816467,0.0058576613664627075,0.1303233432708203,0.4285714285714286
2014-07-04,3,0.6083657,0.20438045,0.18725382,0.40398526,0.7547832,0.48271626,0.6666666666666666,0.0,0.06345167309045792,-0.13188994191586972,0.34053358882665635,0.1109187329808871,0.2099885659539653,-0.7
2014-07-07,8,0.3850107,0.3056606,0.30932873,0.07935009,0.56832266,0.82952803,0.375,0.375,0.1001816675066948,-0.1395994983613491,-0.02083157598972321,0.1750668485959371,0.18824684913129097,1.6666666666666665
2014-07-08,10,0.14155191,0.60830784,0.25014025,-0.46675593,0.56875485,0.9673223,0.1,0.7,-0.010929927229881287,-0.17337272241711615,-0.455825999379158,0.0055264756083488464,0.3167441050230657,0.25
2014-07-09,9,0.32951915,0.39084217,0.2796387,-0.061323047,0.71010923,0.97230387,0.3333333333333333,0.4444444444444444,-0.0005756855010986328,-0.13974320366978646,-0.0607473611831665,-0.14957629392544428,0.31339798069352987,-0.09999999999999998
2014-07-10,10,0.4736298,0.31931448,0.20705572,0.15431534,0.72215277,0.9440197,0.5,0.3,0.021914343535900115,-0.11613952964544297,0.13240099400281907,-0.12458787858486176,0.3211441152683389,0.11111111111111116
2014-07-11,10,0.11947459,0.5383548,0.34217057,-0.41888022,0.6079018,0.9669008,0.1,0.6,-0.1426587536931038,-0.1247301608324051,-0.2762214705348015,-0.10862931112448375,0.2852342518552147,0.0
2014-07-14,13,0.21748058,0.40647283,0.37604654,-0.18899228,0.62222093,0.9634113,0.23076923076923078,0.38461538461538464,-0.19632722735404967,-0.12153572514653206,0.007334950566291798,-0.15118572115898132,0.25685193030761405,0.30000000000000004
2014-07-15,10,0.2633876,0.4443029,0.29230952,-0.18091531,0.66286886,0.94652766,0.2,0.5,-0.13915910422801972,-0.12253549769520759,-0.041756206750869745,-0.2629292706648509,0.2089596436443138,-0.23076923076923073
2014-07-16,10,0.18123606,0.6070575,0.2117064,-0.42582148,0.651268,0.9651571,0.2,0.6,-0.21205879151821136,-0.1485510900616646,-0.21376269161701203,-0.2652430236339569,0.23674964428673295,0.0
2014-07-17,10,0.17264882,0.6607026,0.1666486,-0.4880538,0.6837804,0.9680963,0.2,0.7,-0.3405326187610626,-0.18560507595539094,-0.1475211799144745,-0.36493019759655,0.14458319091529645,0.0
2014-07-18,9,0.30089867,0.19813626,0.5009651,0.10276241,0.53604615,0.8541803,0.3333333333333333,0.2222222222222222,-0.23620409220457078,-0.1560222651809454,0.33896650075912477,-0.2703709577520688,0.23428995020813334,-0.09999999999999998
2014-07-21,15,0.2691065,0.47050104,0.26039246,-0.20139454,0.6793052,0.95437086,0.26666666666666666,0.5333333333333333,-0.23868454545736312,-0.15009934194386004,0.03729000240564345,-0.19556197772423425,0.23373013767467787,0.6666666666666667
2014-07-22,10,0.28066048,0.56827277,0.15106672,-0.28761232,0.78922147,0.9457412,0.3,0.6,-0.2600239470601082,-0.13149975128471852,-0.027588371932506572,-0.12874815116326013,0.23200156319342294,-0.33333333333333337
2014-07-23,10,0.30606627,0.61726254,0.07667115,-0.31119627,0.6596035,0.9485692,0.3,0.7,-0.23709890395402908,-0.11174175627529621,-0.0740973636507988,-0.26673437654972076,0.21668000410227162,0.0
2014-07-24,10,0.36901084,0.41725308,0.2137361,-0.048242204,0.69638014,0.9739159,0.3,0.5,-0.14913658499717714,-0.11167770624160767,0.10089438110589982,-0.2156835968295733,0.17450110522831652,0.0
2014-07-25,10,0.46254617,0.22998413,0.30746973,0.23256199,0.5943881,0.9062401,0.5,0.2,-0.12317666858434677,-0.10964696034789086,0.35573865920305253,-0.042292160292466484,0.2239830664791588,0.0
2014-07-28,16,0.30647108,0.31854054,0.3749884,-0.012069466,0.65098864,0.9652785,0.25,0.25,-0.08531165309250355,-0.10503543959930539,0.0732421875,0.05741677371164163,0.22345672621176477,0.6000000000000001
2014-07-29,10,0.34917337,0.4712895,0.17953715,-0.12211611,0.7685912,0.96319115,0.4,0.5,-0.05221241153776646,-0.11558134751394392,-0.06990369968116283,0.03279213793575764,0.19664869927994416,-0.375
2014-07-30,10,0.42414698,0.266637,0.30921608,0.15750998,0.684149,0.9620474,0.4,0.3,0.04152883850038051,-0.10205113561823964,0.11598114408552647,0.007774801924824715,0.14803426867959046,0.0
2014-07-31,10,0.20042618,0.6500201,0.1495537,-0.44959396,0.68932164,0.96979785,0.2,0.7,-0.038741512969136235,-0.12662409329786897,-0.41085244826972483,-0.13806669662396112,0.2685994678701134,0.0
2014-08-01,8,0.15061821,0.8143218,0.035059977,-0.6637036,0.3632995,0.97160417,0.0,1.0,-0.21799463517963885,-0.18000853741541506,-0.4457089852541685,-0.31859586636225384,0.3335027481734635,-0.19999999999999996
2014-08-04,7,0.08124691,0.5344201,0.38433304,-0.45317316,0.38408577,0.8862322,0.0,0.7142857142857143,-0.30621537417173383,-0.20663470001891254,-0.14695778638124468,-0.5221569140752157,0.3236068608445832,-0.125
2014-08-05,10,0.24066122,0.3309543,0.42838445,-0.090293095,0.6751365,0.9594361,0.2,0.3,-0.2998507708311081,-0.18781155841425062,0.20955767631530764,-0.4023899585008621,0.3284101676624726,0.4285714285714286
2014-08-06,10,0.23371918,0.5393085,0.22697234,-0.3055893,0.7002875,0.92531776,0.2,0.6,-0.39247062504291536,-0.20002487050369383,0.08688133656978608,-0.2830185145139694,0.21176333354941276,0.0
2014-08-07,9,0.17658022,0.48496008,0.3384597,-0.3083799,0.63222426,0.97324806,0.2222222222222222,0.4444444444444444,-0.36422781050205233,-0.22315963180735707,0.05584792196750643,-0.23475409050782522,0.21165699333252402,-0.09999999999999998
2014-08-08,5,0.32261482,0.6104753,0.066909894,-0.28786045,0.8591895,0.9710123,0.4,0.6,-0.28905917704105377,-0.21660864325240253,0.0011987239122390747,-0.30060987671216327,0.12950803697278582,-0.4444444444444444
2014-08-11,9,0.19337302,0.4235712,0.3830558,-0.23019817,0.58809906,0.9198829,0.1111111111111111,0.4444444444444444,-0.2444641798734665,-0.21866893814876676,0.014266005158424383,-0.2754795054594676,0.09175643807243537,0.8
2014-08-12,8,0.25256985,0.27653903,0.47089112,-0.023969196,0.67659426,0.9663294,0.25,0.25,-0.23119940012693405,-0.2108216323889792,0.20723020434379577,-0.18067594120899835,0.12004844673190897,-0.11111111111111116
2014-08-13,10,0.32646602,0.38860762,0.28492633,-0.06214159,0.7526359,0.95909584,0.3,0.4,-0.1825098603963852,-0.19263763772323728,0.12036827057600022,-0.10543632010618846,0.13118674627472682,0.25
2014-08-14,9,0.27778262,0.40038228,0.3218351,-0.12259964,0.65521777,0.96788645,0.3333333333333333,0.4444444444444444,-0.1453538104891777,-0.17436492973938583,0.022754171490669245,-0.06957014153401057,0.11144837371346539,-0.09999999999999998
2014-08-15,8,0.5221617,0.20917161,0.26866665,0.31299013,0.653292,0.9314095,0.5,0.25,-0.02518369406461716,-0.16385354371741415,0.3381738230586052,0.042749633391698204,0.20448086662972254,-0.11111111111111116
2014-08-18,14,0.324737,0.33979225,0.33547074,-0.015055264,0.6636497,0.95206416,0.2857142857142857,0.2857142857142857,0.017844888009130956,-0.15453657978214325,-0.03290015235543251,0.058445075216392674,0.17034087347608212,0.75
2014-08-19,10,0.296349,0.38458547,0.31906554,-0.088236496,0.6268242,0.93375653,0.3,0.4,0.00499142799526453,-0.14456778862513603,-0.09322792384773493,0.06989945626507203,0.17659476063387589,-0.2857142857142857
2014-08-20,10,0.30792987,0.40105334,0.29101682,-0.09312347,0.62923515,0.95426774,0.4,0.3,-0.0012049486860632897,-0.13366414890624584,-0.09191852454096079,-0.06547174447526534,0.1800489893572596,0.0
2014-08-21,10,0.2644121,0.48981887,0.24576902,-0.2254068,0.6433193,0.9663689,0.2,0.5,-0.021766380034387113,-0.14252237849868835,-0.20364041570574046,-0.13558892160654068,0.20191984137599178,0.0
2014-08-22,10,0.2681539,0.40220338,0.32964274,-0.13404948,0.5734798,0.9546024,0.2,0.4,-0.11117430087178945,-0.1608529517892748,-0.022875174321234232,-0.15085991472005844,0.07691420698483718,0.0
2014-08-26,15,0.2462207,0.37880233,0.374977,-0.13258162,0.67617023,0.953236,0.2,0.3333333333333333,-0.13467957228422164,-0.16687855958007275,0.002097950875759119,-0.16401263078053793,0.05504565426429408,0.5
2014-08-27,10,0.34965298,0.4429768,0.20737019,-0.093323834,0.7939033,0.9682557,0.3,0.5,-0.13569703996181487,-0.16543894573114812,0.042373205721378315,-0.11998497694730759,0.05400985496153165,-0.33333333333333337
2014-08-28,10,0.14536418,0.68870914,0.16592671,-0.5433449,0.47142142,0.961529,0.0,0.8,-0.22574132829904556,-0.20048169060610235,-0.3176035866141319,-0.25641679018735886,0.1840466447594951,0.0
2014-08-29,7,0.1367639,0.80799705,0.055239055,-0.6712332,0.6395969,0.9717459,0.14285714285714285,0.8571428571428571,-0.31490660458803177,-0.2115636514034122,-0.3563265725970268,-0.4359673087795575,0.2712025593639836,-0.30000000000000004
2014-09-01,11,0.21443957,0.3724285,0.41313192,-0.15798892,0.6577975,0.9418041,0.18181818181818182,0.36363636363636365,-0.31969449371099473,-0.18627791642211378,0.1617055729031563,-0.45752233763535816,0.26739603196428013,0.5714285714285714
2014-09-02,10,0.25460383,0.17986745,0.56552875,0.07473639,0.46649566,0.8149152,0.2,0.2,-0.27823089212179186,-0.15988243906758726,0.35296727865934374,-0.25149523715178174,0.3154246711457302,-0.09090909090909094
2014-09-03,7,0.6376572,0.29130203,0.07104073,0.34635523,0.69541144,0.9241594,0.7142857142857143,0.2857142857142857,-0.1902950793504715,-0.13805002286098897,0.5366503089666367,0.0877008984486262,0.4228547505480244,-0.30000000000000004
2014-09-04,10,0.3801149,0.44016808,0.17971696,-0.0600532,0.8392244,0.96564406,0.4,0.5,-0.09363673627376556,-0.1257732184138149,0.03358353674411774,0.12034613887468974,0.3744426340178376,0.4285714285714286
2014-09-05,5,0.26004112,0.48703274,0.2529261,-0.22699162,0.6776074,0.9717041,0.0,0.6,-0.00478842556476593,-0.12170380516909063,-0.22220319807529448,0.019770135482152302,0.22667427651408462,-0.5
2014-09-08,9,0.21306248,0.5690486,0.21788895,-0.35598606,0.6680199,0.96476007,0.2222222222222222,0.6666666666666666,-0.044387853145599364,-0.12511008544825017,-0.31159820556640627,-0.21434362729390463,0.2727424256485351,0.8
2014-09-09,9,0.39241913,0.4222535,0.18532741,-0.029834364,0.85214007,0.95735145,0.4444444444444444,0.4444444444444444,-0.06530200317502022,-0.1150918948929757,0.035467639565467834,-0.20427068198720613,0.26523005778705977,0.0
2014-09-10,7,0.24999344,0.4380205,0.31198606,-0.18802707,0.67504865,0.94671863,0.14285714285714285,0.5714285714285714,-0.17217846289277078,-0.12329478855244816,-0.015848606079816807,-0.19128249709804854,0.13216921963115075,-0.2222222222222222
2014-09-11,10,0.21461806,0.4732296,0.31215236,-0.2586115,0.7306968,0.9763084,0.2,0.5,-0.211890123039484,-0.13311828407458962,-0.0467213772237301,-0.15882431094845137,0.11925636878005716,0.4285714285714286
2014-09-12,6,0.304708,0.43138453,0.26390746,-0.12667654,0.7437691,0.9457263,0.3333333333333333,0.5,-0.19182710722088814,-0.13332212935201823,0.06515056267380714,-0.19110503792762756,0.12440759783753719,-0.4
2014-09-15,10,0.19069657,0.44652754,0.36277586,-0.25583094,0.6761949,0.96463925,0.2,0.4,-0.17179608419537545,-0.16176318298093975,-0.08403485938906669,-0.21370632946491241,0.09624333989447269,0.6666666666666667
2014-09-16,10,0.102872886,0.7211567,0.17597036,-0.61828387,0.4832409,0.9694286,0.1,0.7,-0.2894859850406647,-0.19192461315542458,-0.32879788279533384,-0.3335971186558406,0.19169948416723143,0.0
2014-09-17,10,0.2788924,0.3915078,0.32959977,-0.11261542,0.7129294,0.9674374,0.3,0.4,-0.27440365552902224,-0.19314355943351985,0.16178823411464693,-0.32891007761160534,0.20423434470615723,0.0
2014-09-18,10,0.32405764,0.4350852,0.24085712,-0.11102756,0.6472712,0.97099876,0.4,0.4,-0.2448868677020073,-0.1940387638285756,0.1338593065738678,-0.2806422834595044,0.21733201700729432,0.0
2014-09-19,10,0.3167811,0.4843576,0.19886129,-0.16757648,0.80693334,0.9704934,0.3,0.5,-0.2530668541789055,-0.19114724788814783,0.08549037724733355,-0.13040648649136224,0.21248616283931857,0.0
2014-09-22,16,0.105688736,0.40130624,0.493005,-0.29561752,0.52979606,0.9645854,0.0,0.4375,-0.2610241696238518,-0.19922565016895533,-0.03459335118532181,-0.19140718628962836,0.21335873680710624,0.6000000000000001
2014-09-23,10,0.16258219,0.50975317,0.32766464,-0.34717098,0.63614315,0.96696925,0.1,0.5,-0.2068015918135643,-0.20995511803776026,-0.14036938697099685,-0.2701216588417689,0.10859804709071685,-0.375
2014-09-24,10,0.03510537,0.8197447,0.14514993,-0.7846393,0.30260983,0.9741804,0.0,0.9,-0.34120636731386184,-0.2445208912715316,-0.4434329316020012,-0.4758092661698659,0.2654601222387367,0.0
2014-09-25,10,0.06907817,0.65084964,0.28007224,-0.58177143,0.34273082,0.96654284,0.0,0.7,-0.43535514175891876,-0.24644221719354392,-0.1464162915945053,-0.5711939036846161,0.24619383396524364,0.0
2014-09-26,10,0.2139546,0.65997297,0.12607247,-0.44601837,0.7733883,0.961408,0.2,0.7,-0.4910435199737549,-0.23518147673457862,0.04502515196800233,-0.6041430334250132,0.19707100829796428,0.0
2014-09-29,12,0.04924951,0.593754,0.35699654,-0.54450446,0.40974927,0.96993434,0.0,0.6666666666666666,-0.5408209085464477,-0.2545072538778186,-0.00368355512619023,-0.5240980883439382,0.16403180982085547,0.19999999999999996
2014-09-30,10,0.09930752,0.68695825,0.2137342,-0.5876508,0.4437932,0.9703114,0.1,0.7,-0.5889168679714203,-0.28762661200016737,0.00126609206199646,-0.5260578691959381,0.12323998250144766,-0.16666666666666663
2014-10-01,10,0.03526297,0.6628027,0.30193433,-0.62753975,0.46818992,0.97206175,0.0,0.7,-0.5574969589710236,-0.3363213611766696,-0.07004279494285581,-0.5865649978319804,0.06892165313525293,0.0
2014-10-02,10,0.25125152,0.33824232,0.41050616,-0.086990796,0.61825424,0.88249063,0.2,0.4,-0.4585408315062523,-0.3376682410016656,0.3715500354766846,-0.434060441950957,0.21841817720190676,0.0
2014-10-03,7,0.29860073,0.6387488,0.062650435,-0.34014812,0.69400555,0.9603605,0.2857142857142857,0.7142857142857143,-0.43736678212881086,-0.34332606587558984,0.09721866101026533,-0.3515595570206642,0.22496906480361284,-0.30000000000000004
2014-10-06,15,0.3359338,0.37769017,0.28637603,-0.04175634,0.6716452,0.9440571,0.26666666666666666,0.4666666666666667,-0.3368171572685242,-0.3276145799085498,0.2950608178973198,-0.15629841883977255,0.2724528972084026,1.1428571428571428
2014-10-07,10,0.16117021,0.614604,0.22422583,-0.45343375,0.64352053,0.97382045,0.2,0.6,-0.3099737524986267,-0.348794549331069,-0.14345999956130984,-0.2784460708498955,0.2469824937273202,-0.33333333333333337
2014-10-08,10,0.085012384,0.7295915,0.18539613,-0.6445791,0.4336545,0.96097124,0.1,0.7,-0.31338162422180177,-0.37162215150892736,-0.33119748830795287,-0.3799230679869652,0.25251530774853204,0.0
2014-10-09,10,0.15716462,0.71917856,0.12365677,-0.562014,0.60615647,0.9625424,0.1,0.8,-0.40838626176118853,-0.38679227568209174,-0.15362772196531294,-0.5533422827720642,0.23478275060292483,0.0
2014-10-10,10,0.12049556,0.5404209,0.3390836,-0.4199253,0.63110024,0.970967,0.1,0.6,-0.42434169799089433,-0.40145471356809137,0.004416395723819744,-0.5421727995077769,0.23167627511990255,0.0
2014-10-13,15,0.1661885,0.43313646,0.400675,-0.26694795,0.52322894,0.95176387,0.06666666666666667,0.4666666666666667,-0.4693800210952759,-0.4020105641335249,0.2024320662021637,-0.41629574696222943,0.14400917228568433,0.5
2014-10-14,10,0.25669348,0.5533421,0.18996443,-0.29664862,0.7108337,0.9687237,0.3,0.6,-0.4380229949951172,-0.38592880181968214,0.14137437343597414,-0.3278406262397766,0.16402751619009326,-0.33333333333333337
2014-10-15,10,0.08804135,0.7678815,0.14407718,-0.6798401,0.31990752,0.97056234,0.0,0.9,-0.44507519006729124,-0.4142900351434946,-0.23476489782333376,-0.4144788881142934,0.1754861203334447,0.0
2014-10-16,10,0.14564934,0.40935573,0.44499493,-0.2637064,0.40894195,0.9495669,0.1,0.5,-0.385413670539856,-0.4219239763915539,0.12170728445053103,-0.4133983651796977,0.17649645233761135,0.0
2014-10-17,6,0.34629083,0.38181862,0.2718906,-0.035527807,0.7604896,0.95434415,0.3333333333333333,0.3333333333333333,-0.3085341714322567,-0.4153215428814292,0.2730063647031784,-0.3263580935696761,0.23252998129596805,-0.4
2014-10-20,15,0.14041093,0.5229347,0.3366544,-0.38252375,0.61064446,0.96447235,0.13333333333333333,0.5333333333333333,-0.3316493295133114,-0.4196668541058898,-0.050874415785074234,-0.2272526460389296,0.23310633827467186,1.5
2014-10-21,10,0.236235,0.47952408,0.2842409,-0.24328907,0.59314346,0.97056425,0.2,0.5,-0.3209774188697338,-0.4144727585837245,0.07768835052847861,-0.2204468734562397,0.23630874803341573,-0.33333333333333337
2014-10-22,10,0.20844443,0.24935396,0.54220164,-0.040909547,0.50022846,0.93099856,0.1,0.2,-0.19319131076335908,-0.3772862710058689,0.15228176340460778,-0.22224078699946404,0.1511426874674272,0.0
2014-10-23,10,0.07560531,0.4106443,0.5137504,-0.33503896,0.50304484,0.9698333,0.0,0.4,-0.20745782554149628,-0.36494964733719826,-0.1275811344385147,-0.2064125252266725,0.16240932887306317,0.0
2014-10-24,10,0.41917562,0.37077436,0.21005002,0.04840126,0.7759473,0.95859224,0.4,0.4,-0.19067201241850854,-0.3402286659926176,0.23907327130436898,-0.10918241615096728,0.18708439440808705,0.0
2014-10-27,16,0.17691791,0.59264845,0.23043361,-0.41573057,0.6254355,0.9718873,0.1875,0.625,-0.19731337651610376,-0.3337899710983038,-0.21841718927025794,-0.2341227556268374,0.1959757695314638,0.6000000000000001
2014-10-28,8,0.28221107,0.44171602,0.27607292,-0.15950495,0.7559672,0.9661825,0.25,0.375,-0.18055655285716057,-0.31238267980515955,0.021051602810621267,-0.17561141898234686,0.19463926001157644,-0.5
2014-10-29,10,0.302874,0.3861528,0.31097317,-0.083278805,0.7351734,0.94047564,0.3,0.4,-0.18903040438890456,-0.28516963236033915,0.10575159937143325,-0.21950477361679077,0.18784329202329494,0.25
2014-10-30,10,0.5188989,0.29679042,0.18431063,0.22210851,0.7839029,0.91653514,0.5,0.3,-0.07760090976953507,-0.26971466690301893,0.2997094228863716,-0.0068917473157246905,0.2381042099895266,0.0
2014-10-31,10,0.3805328,0.30278984,0.3166774,0.07774296,0.62285507,0.9478356,0.4,0.3,-0.07173257023096084,-0.2488201130181551,0.1494755268096924,0.07219088822603226,0.24231046331123,0.0
2014-11-03,14,0.14638743,0.39412954,0.45948306,-0.24774213,0.52786875,0.96184963,0.07142857142857142,0.35714285714285715,-0.038134883344173434,-0.2591194026172161,-0.2096072480082512,0.01736977944771449,0.18832031512806538,0.3999999999999999
2014-11-04,10,0.17138584,0.40728435,0.42132983,-0.2358985,0.583446,0.9525542,0.1,0.4,-0.05341359227895737,-0.24824263975024224,-0.18248490244150162,-0.13529922316471735,0.2031444821545862,-0.2857142857142857
2014-11-05,10,0.27493355,0.28997067,0.4350958,-0.015037094,0.4040423,0.9390747,0.3,0.2,-0.03976525012403727,-0.21676553883589805,0.02472815588116646,-0.16622590677191815,0.20292865801256865,0.0
2014-11-06,10,0.23636723,0.43309277,0.33053997,-0.19672558,0.657785,0.963655,0.2,0.5,-0.12353206817060709,-0.1985011185053736,-0.07319350894540548,-0.14922038869311413,0.1463680620203594,0.0
2014-11-07,10,0.35415125,0.44378367,0.20206508,-0.08963241,0.7465955,0.97532153,0.4,0.4,-0.15700714085251094,-0.18198647373355925,0.06737473402172328,-0.10046502606322368,0.10090724368720631,0.0
2014-11-10,12,0.22826932,0.4855629,0.28616777,-0.25729355,0.6633939,0.9676303,0.25,0.5,-0.15891742501407863,-0.18150375359691678,-0.09837612714618443,-0.18121717870235443,0.10312052072487254,0.19999999999999996
2014-11-11,10,0.31548285,0.29465875,0.38985842,0.020824105,0.6543231,0.89705,0.3,0.3,-0.1075729051604867,-0.1656301172915846,0.12839700970798731,-0.10870061814785004,0.11804130732427258,-0.16666666666666663
2014-11-12,10,0.10641551,0.7366428,0.15694174,-0.63022727,0.397174,0.9627414,0.0,0.9,-0.23061093986034392,-0.1631494762841612,-0.39961632788181306,-0.28889890511830646,0.24730948093873617,0.0
2014-11-13,10,0.115037225,0.6408111,0.24415171,-0.5257738,0.5602713,0.95790535,0.1,0.6,-0.2964205890893936,-0.17625284814275802,-0.22935323417186737,-0.3783923288186391,0.27792367554767805,0.0
2014-11-14,10,0.4102726,0.34601897,0.24370845,0.06425358,0.4923421,0.75292957,0.4,0.4,-0.26564339101314544,-0.17126377862878145,0.3298969745635986,-0.3639158358176549,0.31287162087676657,0.0
2014-11-17,17,0.13615046,0.5377046,0.32614493,-0.40155414,0.506681,0.9658214,0.11764705882352941,0.6470588235294118,-0.29449550807476044,-0.17221529823727905,-0.10705862939357758,-0.28769145905971527,0.3185099655029154,0.7
2014-11-18,10,0.21955696,0.43498236,0.3454607,-0.21542537,0.5874241,0.95463043,0.2,0.5,-0.3417454034090042,-0.17082211342640222,0.12632003128528596,-0.18424197534720102,0.2745256170871181,-0.4117647058823529
2014-11-19,10,0.081776954,0.5308384,0.38738465,-0.44906145,0.51120895,0.9602995,0.0,0.6,-0.30551224052906034,-0.19122970872558653,-0.1435492128133774,-0.35534698764483136,0.23621388391191836,0.0
2014-11-20,10,0.17021817,0.6435229,0.18625893,-0.47330475,0.6579546,0.9696084,0.2,0.6,-0.2950184255838394,-0.1981429981533438,-0.17828632295131686,-0.37926385800043744,0.22487583016287674,0.0
2014-11-21,10,0.35175475,0.5804655,0.06777974,-0.22871073,0.8248841,0.9647315,0.4,0.6,-0.3536112874746323,-0.21199859739281238,0.12490056157112123,-0.38369230926036835,0.1229138653005731,0.0
2014-11-24,16,0.24117263,0.5338302,0.22499716,-0.29265758,0.66395044,0.9576766,0.3125,0.5625,-0.3318319767713547,-0.2058449483010918,0.0391743928194046,-0.3315576861302058,0.12193893796340474,0.6000000000000001
2014-11-25,10,0.21753958,0.67916757,0.10329288,-0.46162796,0.65659565,0.9705705,0.2,0.8,-0.38107249438762664,-0.22095109880901873,-0.08055546581745149,-0.32766542335351306,0.11252752463388303,-0.375
2014-11-26,10,0.11825107,0.65314823,0.22860071,-0.53489715,0.52218354,0.9679691,0.1,0.7,-0.39823963344097135,-0.24353201598860325,-0.13665751516819002,-0.42972756425539654,0.1305907228626406,0.0
2014-11-27,8,0.19557253,0.49548265,0.3089448,-0.29991016,0.5792232,0.9299242,0.125,0.625,-0.36356071531772616,-0.2696329495403916,0.0636505573987961,-0.4321450889110565,0.1286822880513192,-0.19999999999999996
2014-11-28,9,0.078126565,0.6979493,0.22392413,-0.61982274,0.48670188,0.9673998,0.0,0.7777777777777778,-0.44178311824798583,-0.3045112343970686,-0.17803962230682374,-0.484876682360967,0.14416007540679293,0.125
2014-12-01,16,0.08985991,0.6200994,0.29004067,-0.53023946,0.49548545,0.9705248,0.0625,0.6875,-0.4892994940280914,-0.3186361009720713,-0.04093996882438661,-0.48332412044207257,0.11981817417497483,0.7777777777777777
2014-12-02,7,0.14674129,0.4570624,0.39619634,-0.3103211,0.5186702,0.96591914,0.0,0.5714285714285714,-0.459038120508194,-0.3223572308663279,0.14871702790260316,-0.4867944320042928,0.1450123961990666,-0.5625
2014-12-03,10,0.14951769,0.415991,0.43449125,-0.26647335,0.58343345,0.9673803,0.1,0.4,-0.40535336136817934,-0.3349290437996387,0.1388800084590912,-0.3690113027890523,0.15892664263902356,0.4285714285714286
2014-12-04,10,0.19438647,0.6150916,0.19052193,-0.42070514,0.6006915,0.96730787,0.2,0.6,-0.42951235771179197,-0.3461280219256878,0.008807218074798562,-0.3324998617172241,0.14767348558794263,0.0
2014-12-05,7,0.113824226,0.64944136,0.23673438,-0.53561723,0.47085747,0.9477414,0.0,0.7142857142857143,-0.41267125606536864,-0.3684272632002831,-0.12294597625732423,-0.4075985749562581,0.12334091216804592,-0.30000000000000004
2014-12-08,16,0.26906538,0.45411858,0.276816,-0.1850532,0.7052844,0.9665381,0.3125,0.4375,-0.34363400340080263,-0.3648152455687523,0.1585808038711548,-0.380458523829778,0.13693877061883253,1.2857142857142856
2014-12-09,10,0.075243436,0.6555494,0.26920718,-0.58030593,0.47097203,0.9693424,0.0,0.7,-0.39763097167015077,-0.3948717474937439,-0.18267496228218078,-0.43365878860155743,0.16980459164015704,-0.375
2014-12-10,10,0.2194536,0.6032588,0.17728761,-0.38380522,0.72644377,0.97134507,0.2,0.6,-0.42109734416007993,-0.38255064487457274,0.0372921288013458,-0.3830547829469045,0.15457188841899086,0.0
2014-12-11,10,0.27980646,0.5501316,0.17006192,-0.27032512,0.6283234,0.96366704,0.3,0.6,-0.39102134108543396,-0.3697782099246979,0.12069621682167053,-0.41147875785827637,0.16865582810934565,0.0
2014-12-12,10,0.15938392,0.50700545,0.3336106,-0.34762153,0.6135948,0.96969014,0.2,0.5,-0.35342220067977903,-0.39037196561694143,0.005800670385360696,-0.3339172899723053,0.1480593195637939,0.0
2014-12-15,16,0.2458144,0.35517916,0.39900643,-0.10936475,0.6394098,0.9523522,0.1875,0.3125,-0.3382845103740692,-0.3757624961435795,0.22891976237297057,-0.2424371341864268,0.17157827642182016,0.6000000000000001
2014-12-16,10,0.2745422,0.4948783,0.23057953,-0.22033605,0.42837188,0.93852395,0.2,0.6,-0.26629053354263305,-0.3760080300271511,0.04595448374748229,-0.2257741093635559,0.10860274644500396,-0.375
2014-12-17,10,0.26925606,0.33596852,0.39477545,-0.06671247,0.5808679,0.910729,0.3,0.3,-0.20287198424339295,-0.3568905808031559,0.13615951538085938,-0.13213775555292764,0.11520673550687589,0.0
2014-12-18,10,0.3456154,0.3846273,0.26975733,-0.039011925,0.7230161,0.9518584,0.4,0.4,-0.15660934448242186,-0.3351759396493435,0.11759741902351378,-0.10868681470553081,0.12717055595005597,0.0
2014-12-19,9,0.41137412,0.2795446,0.30908126,0.13182953,0.721281,0.9185432,0.4444444444444444,0.2222222222222222,-0.06071913242340088,-0.3171489268541336,0.19254866242408752,0.008701711893081665,0.12789259804946781,-0.09999999999999998
2014-12-22,16,0.31255937,0.3103514,0.37708923,0.0022079498,0.5983523,0.95979583,0.375,0.3125,-0.038404592871665956,-0.3024056501686573,0.040612542629241945,0.031675184766451515,0.12701357695461093,0.7777777777777777
2014-12-23,10,0.1647352,0.6410159,0.19424894,-0.4762807,0.64288366,0.9657648,0.1,0.7,-0.0895935207605362,-0.3031382866203785,-0.3866871684789658,-0.11408106982707977,0.22916407003672734,-0.375
2014-12-24,6,0.41330257,0.35128275,0.23541473,0.062019825,0.79951084,0.9715409,0.5,0.3333333333333333,-0.06384706199169159,-0.27329243794083596,0.12586688697338105,-0.13735097150007883,0.23938115389411183,-0.4
2014-12-29,26,0.19502567,0.39413676,0.4108376,-0.19911112,0.59070486,0.9678402,0.15384615384615385,0.38461538461538464,-0.09586690068244934,-0.2682524859905243,-0.1032442182302475,-0.2044573277235031,0.2458488245334529,3.333333333333333
2014-12-30,10,0.3530491,0.34513435,0.30181655,0.007914716,0.7026433,0.96450716,0.4,0.3,-0.1206498634070158,-0.2368656131438911,0.12856457978487015,-0.043058859184384346,0.22227267116353797,-0.6153846153846154
2014-12-31,10,0.17848262,0.6558781,0.16563925,-0.47739547,0.70810443,0.94980186,0.2,0.7,-0.2165705483406782,-0.234223413746804,-0.26082492657005785,-0.2228639591485262,0.2568024831780059,0.0
2015-01-02,10,0.25016385,0.43362656,0.31620952,-0.18346268,0.68282413,0.9625234,0.3,0.4,-0.15800694637000562,-0.22788049308583141,-0.025455733016133297,-0.21764781263967356,0.21230188281530105,0.0
2015-01-05,15,0.24479097,0.4802417,0.27496734,-0.23545071,0.71488595,0.9611637,0.26666666666666666,0.5333333333333333,-0.21750105433166028,-0.22632936118170618,-0.01794966049492358,-0.29876962304115295,0.1733323184941481,0.5
2015-01-06,10,0.1026302,0.4836102,0.41375956,-0.38098,0.53931755,0.9684815,0.1,0.5,-0.253874833509326,-0.22434310493990778,-0.1271051812916994,-0.2666311363379161,0.18704831746859543,-0.33333333333333337
2015-01-07,10,0.12161994,0.6115047,0.26687536,-0.48988476,0.6246976,0.97132194,0.1,0.6,-0.35343472957611083,-0.22205648152157664,-0.13645003437995912,-0.36877183119455975,0.13924290519316354,0.0
2015-01-08,10,0.11941235,0.6252384,0.25534925,-0.50582606,0.5290938,0.962612,0.1,0.7,-0.35912084579467773,-0.23809512434527277,-0.14670521020889282,-0.458896944920222,0.14598761675624997,0.0
2015-01-09,7,0.17336212,0.688907,0.13773088,-0.51554495,0.76055026,0.97272015,0.14285714285714285,0.7142857142857143,-0.4255373001098633,-0.23485707519575955,-0.09000765085220336,-0.5037519236405691,0.11917059118872586,-0.30000000000000004
2015-01-12,15,0.1967164,0.5180598,0.2852238,-0.3213434,0.6494884,0.95752025,0.2,0.5333333333333333,-0.4427158355712891,-0.23173398403450846,0.1213724434375763,-0.44757146636645,0.08668112448620154,1.1428571428571428
2015-01-13,10,0.13759902,0.6188053,0.24359564,-0.48120627,0.59453714,0.96694964,0.1,0.7,-0.46276108622550965,-0.24227804122492672,-0.01844518184661864,-0.43936487038930255,0.08018043843067393,-0.33333333333333337
2015-01-14,10,0.1263124,0.6881312,0.18555641,-0.5618188,0.57977825,0.97185147,0.1,0.8,-0.4771478891372681,-0.2529879036359489,-0.08467088937759398,-0.4547894795735677,0.09186599322612833,0.0
2015-01-15,10,0.2279553,0.66829,0.10375472,-0.4403347,0.6835786,0.9496129,0.2,0.8,-0.46404961943626405,-0.2695364016108215,0.023714911937713634,-0.4944532513618469,0.09142263476219215,0.0
2015-01-16,10,0.259491,0.43482375,0.30568528,-0.17533274,0.6964792,0.9671775,0.3,0.4,-0.396007177233696,-0.26728623611852526,0.22067443728446962,-0.39249540865421295,0.15082207250165333,0.0
2015-01-19,20,0.3153499,0.29670566,0.38794443,0.01864426,0.578695,0.96430504,0.3,0.25,-0.32800964675843713,-0.2630183996632695,0.3466539070010185,-0.19900772906839848,0.24198760467056663,1.0
2015-01-20,10,0.13107842,0.49226457,0.37665704,-0.36118612,0.64657,0.9651586,0.1,0.5,-0.304005616530776,-0.2791271092370152,-0.05718050040304662,-0.17262486554682255,0.2285730240603149,-0.5
2015-01-21,10,0.3109188,0.51311624,0.17596498,-0.2021974,0.7643263,0.97193414,0.4,0.5,-0.23208134137094022,-0.29582845587283374,0.029883938655257236,-0.18157975313564143,0.17819532010827147,0.0
2015-01-22,10,0.48909014,0.058063842,0.452846,0.4310263,0.33185527,0.1680995,0.6,0.0,-0.05780913792550564,-0.2743875378742814,0.48883544765412806,-0.044119069973627724,0.3047550559090946,0.0
2015-01-23,10,0.20199946,0.44434705,0.3536535,-0.24234757,0.5323052,0.9743056,0.1,0.5,-0.07121210359036922,-0.26269088182598355,-0.1711354646831751,-0.004506220420201619,0.3125887930685623,0.0
2015-01-26,17,0.1662937,0.70707995,0.12662637,-0.54078627,0.6301195,0.9735922,0.17647058823529413,0.7647058823529411,-0.18309820890426637,-0.2928311863914132,-0.35768805742263793,-0.11736917495727539,0.3676548107889784,0.7
2015-01-27,10,0.06990383,0.6560391,0.274057,-0.5861353,0.4240763,0.9654707,0.0,0.8,-0.22808805108070374,-0.31218239683657883,-0.3580472767353058,-0.4564230541388194,0.4065966755656486,-0.4117647058823529
2015-01-28,10,0.31747562,0.331263,0.35126138,-0.013787383,0.59739864,0.8987502,0.4,0.3,-0.190406047180295,-0.31326750181615354,0.17661866396665574,-0.3802363257855177,0.4181621126458929,0.0
2015-01-29,10,0.18245938,0.5854949,0.23204574,-0.40303546,0.70317614,0.9731653,0.1,0.6,-0.35721840150654316,-0.30954950116574764,-0.04581706039607525,-0.3343193909774224,0.2341684734450619,0.0
2015-01-30,10,0.14716136,0.59738195,0.2554567,-0.45022058,0.6239157,0.94719905,0.1,0.6,-0.39879300482571123,-0.32288739643990993,-0.05142758004367354,-0.2890144766618808,0.22701946799737457,0.0
2015-02-02,15,0.27389044,0.49997315,0.22613643,-0.22608271,0.76471955,0.9670903,0.26666666666666666,0.5333333333333333,-0.3358522940427065,-0.32241899631917476,0.10976958163082601,-0.35977958639462787,0.2213653365049615,0.5
2015-02-03,10,0.2454783,0.57287085,0.18165089,-0.32739255,0.7825727,0.9671716,0.3,0.6,-0.2841037381440401,-0.3197396229952574,-0.043288810178637505,-0.33456528186798096,0.17324177753843875,-0.33333333333333337
2015-02-04,10,0.35324484,0.32332212,0.323433,0.02992273,0.6797964,0.9523761,0.3,0.3,-0.27536171562969686,-0.29374924832955,0.3052844449877739,-0.17451751045882702,0.1905324314254039,0.0
2015-02-05,10,0.23081908,0.19030851,0.5788724,0.040510572,0.4059069,0.94268894,0.2,0.2,-0.1866525087505579,-0.2664324169047177,0.2271630812436342,-0.08565308215717475,0.21756523716487286,0.0
2015-02-06,10,0.12046925,0.54791534,0.3316154,-0.42744613,0.49239013,0.94446766,0.1,0.6,-0.18209761716425418,-0.26202747570350765,-0.24534850977361203,-0.11900427502890427,0.21080099045923034,0.0
2015-02-09,15,0.16102888,0.31793943,0.5210317,-0.15691055,0.53125805,0.89729255,0.13333333333333333,0.3333333333333333,-0.1682631853967905,-0.2538058337755501,0.011352631822228426,-0.18128203600645065,0.20945821323778133,0.5
2015-02-10,10,0.3874784,0.25282365,0.35969794,0.13465476,0.6502938,0.953642,0.3,0.2,-0.07585372366011142,-0.2230127823539078,0.2105084840208292,-0.14990064005057016,0.2231762515342368,-0.33333333333333337
2015-02-11,8,0.30256242,0.42139375,0.27604383,-0.11883133,0.7344818,0.9540498,0.375,0.375,-0.10560453534126282,-0.2008634098805487,-0.013226793706417078,-0.0470290407538414,0.21532732035716903,-0.19999999999999996
2015-02-12,10,0.32990927,0.25045592,0.41963488,0.07945334,0.5743667,0.9084579,0.3,0.2,-0.09781598150730134,-0.174874007422477,0.1772693231701851,0.03175892432530721,0.22251792333344425,0.25
2015-02-13,10,0.5569946,0.21796449,0.22504087,0.33903015,0.6799148,0.9710541,0.6,0.2,0.055479273200035095,-0.1491558630950749,0.2835508733987808,0.09988405307133992,0.2017041373548826,0.0
2015-02-16,14,0.10435704,0.58528155,0.31036142,-0.48092452,0.47335154,0.9713349,0.14285714285714285,0.5714285714285714,-0.009323519468307496,-0.1741343019530177,-0.4716009974479675,-0.020813676218191784,0.30998419877069033,0.3999999999999999
2015-02-17,10,0.2908654,0.3953274,0.3138072,-0.104462005,0.6915307,0.963175,0.3,0.4,-0.057146872580051425,-0.16129809636622666,-0.04731513261795044,-0.08211879183848698,0.3005191486578638,-0.2857142857142857
2015-02-18,8,0.28452608,0.32838434,0.3870896,-0.043858267,0.54642344,0.86574095,0.375,0.125,-0.04215226024389267,-0.15338113959878683,-0.001706007122993472,-0.20974826316038767,0.2985357841630694,-0.19999999999999996
2015-02-19,10,0.22319672,0.36945283,0.40735045,-0.14625612,0.63902354,0.95573884,0.2,0.3,-0.08729415237903596,-0.18224526103585958,-0.058961966633796686,-0.09819213052590688,0.29255563426945164,0.25
2015-02-20,9,0.30842298,0.3287417,0.3628353,-0.020318713,0.670749,0.96989644,0.3333333333333333,0.3333333333333333,-0.1591639243066311,-0.17114381827414035,0.13884521126747132,-0.07014436647295952,0.1865892397503099,-0.09999999999999998
2015-02-23,13,0.16938312,0.47215387,0.358463,-0.30277076,0.58788884,0.9685985,0.15384615384615385,0.38461538461538464,-0.12353317365050316,-0.1592430431395769,-0.17923758998513223,-0.15644853189587593,0.1118117513349512,0.4444444444444444
2015-02-24,10,0.3747999,0.23593228,0.38926783,0.13886763,0.65132093,0.94584525,0.4,0.2,-0.07486724629998207,-0.12299289517104625,0.21373487785458564,-0.06140728170673052,0.16329121350218875,-0.23076923076923073
2015-02-25,10,0.22336063,0.40924257,0.36739677,-0.18588196,0.6313884,0.95408,0.2,0.5,-0.10327198430895805,-0.13159762388095259,-0.082609973102808,-0.11659502983093262,0.1688080605525373,0.0
2015-02-26,10,0.22897327,0.6492859,0.121740855,-0.42031258,0.7281773,0.9704925,0.2,0.7,-0.15808327719569207,-0.1324614799581468,-0.26222930625081065,-0.15577563643455505,0.22227818255269235,0.0
2015-02-27,9,0.23070754,0.43091375,0.33837873,-0.2002062,0.6186484,0.9693992,0.2222222222222222,0.4444444444444444,-0.19406077563762664,-0.1199607609771192,-0.006145429611206066,-0.26880024870236713,0.20853880077550668,-0.09999999999999998
2015-03-02,14,0.29356003,0.3913867,0.31505328,-0.09782665,0.7057057,0.9693462,0.2857142857142857,0.42857142857142855,-0.15307195335626603,-0.1135479579679668,0.05524530112743378,-0.23944848030805588,0.2018640959737596,0.5555555555555556
2015-03-03,10,0.2284365,0.49363342,0.27793014,-0.26519692,0.65490204,0.9697935,0.2,0.5,-0.23388486355543137,-0.11043817652389407,-0.03131205588579178,-0.1877432589729627,0.1200896617954092,-0.2857142857142857
2015-03-04,8,0.1569744,0.6529491,0.19007652,-0.49597472,0.67058635,0.96261466,0.125,0.625,-0.2959034159779549,-0.1367330489680171,-0.20007130354642866,-0.28633276373147964,0.16189612168085213,-0.19999999999999996
2015-03-05,10,0.3794846,0.2177655,0.40274993,0.1617191,0.45862967,0.8377069,0.5,0.1,-0.17949707955121993,-0.1306726226583123,0.3412161782383919,-0.19981751342614493,0.24032788333750996,0.25
2015-03-06,10,0.25918606,0.42050537,0.32030854,-0.16131935,0.7013048,0.9637779,0.3,0.4,-0.17171970754861832,-0.11736628357321024,0.010400362312793732,-0.16519165535767874,0.24011928837522534,0.0
2015-03-09,10,0.048076455,0.5589399,0.39298362,-0.5108634,0.4440865,0.97282493,0.0,0.6,-0.2543270617723465,-0.1350639270618558,-0.25653636157512666,-0.17015455663204193,0.2766168343039869,0.0
2015-03-10,10,0.47949964,0.4137056,0.10679476,0.06579402,0.8081666,0.9713443,0.6,0.4,-0.18812887370586395,-0.1385069640353322,0.25392289459705353,-0.20212958256403604,0.3108519926447888,0.0
2015-03-11,10,0.25356394,0.48542148,0.26101458,-0.23185751,0.6726118,0.96236396,0.3,0.5,-0.1353054314851761,-0.14415827300399542,-0.09655207693576812,-0.22564230362574259,0.26443685153125723,0.0
2015-03-12,10,0.2286632,0.44361964,0.32771713,-0.21495645,0.6727149,0.95474726,0.2,0.4,-0.2106405407190323,-0.15887876246124505,-0.004315906763076777,-0.12700664500395456,0.20582226142955912,0.0
2015-03-13,10,0.07423268,0.6208263,0.30494103,-0.5465936,0.41548392,0.96383744,0.0,0.8,-0.28769539296627045,-0.20315995011478663,-0.25889821350574493,-0.3311358541250229,0.2500979028253876,0.0
2015-03-16,14,0.29487792,0.43723926,0.26788282,-0.14236139,0.7385207,0.9563211,0.2857142857142857,0.5,-0.21399498581886292,-0.18623179364949466,0.07163359820842743,-0.30130381385485333,0.22042861500421415,0.3999999999999999
2015-03-17,8,0.21898246,0.61112416,0.16989341,-0.39214167,0.74547106,0.97388613,0.25,0.625,-0.30558212399482726,-0.20061577688902615,-0.08655954599380494,-0.360365554690361,0.16268714658761005,-0.4285714285714286
2015-03-18,10,0.37583596,0.364384,0.25978005,0.01145196,0.7040272,0.9268978,0.4,0.4,-0.25692023038864137,-0.1978502655401826,0.2683721899986267,-0.17435036599636078,0.21743034657000032,0.25
2015-03-19,10,0.23906617,0.46324453,0.29768926,-0.22417836,0.6420438,0.93469423,0.2,0.5,-0.2587646126747131,-0.20174637753516436,0.03458625376224517,-0.20162268976370493,0.21702412583630626,0.0
2015-03-20,10,0.438272,0.1344406,0.4272874,0.3038314,0.55155694,0.9375165,0.5,0.1,-0.08867961168289185,-0.18553887195885183,0.3925110101699829,0.030368333061536152,0.2633543663359874,0.0
2015-03-23,12,0.19371468,0.41703334,0.38925198,-0.22331868,0.5665217,0.951289,0.16666666666666666,0.4166666666666667,-0.10487107038497925,-0.18156626783311366,-0.11844761073589324,-0.04788854718208313,0.2698875776831907,0.19999999999999996
2015-03-24,10,0.23210403,0.54328406,0.22461188,-0.31118,0.6148445,0.95610327,0.3,0.5,-0.08867873549461365,-0.20406864918768405,-0.22250126004219056,-0.07688909272352855,0.25004261387084176,-0.16666666666666663
2015-03-25,10,0.24650872,0.5004364,0.25305486,-0.25392768,0.7192129,0.96521354,0.3,0.6,-0.14175466299057007,-0.2074709352105856,-0.11217301487922668,-0.26280878484249115,0.2516351632133602,0.0
2015-03-26,9,0.06953846,0.76545197,0.16500956,-0.6959135,0.32908314,0.9664519,0.0,0.8888888888888888,-0.23610168993473052,-0.22125098071992397,-0.45981180369853974,-0.4203403890132904,0.3567466040222059,-0.09999999999999998
2015-03-27,10,0.21457651,0.45959014,0.32583338,-0.24501364,0.7184029,0.96184444,0.2,0.5,-0.34587069749832156,-0.22349135242402554,0.1008570581674576,-0.3982849369446437,0.19835452206046408,0.11111111111111116
2015-03-30,12,0.35587278,0.25705227,0.38707495,0.098820485,0.6459211,0.9366493,0.3333333333333333,0.25,-0.28144286423921583,-0.21365899555385112,0.38026334941387174,-0.2807022159298261,0.28255733419252177,0.19999999999999996
2015-03-31,10,0.22433023,0.41840798,0.35726184,-0.19407773,0.6880223,0.9663752,0.2,0.4,-0.2580224111676216,-0.2101030360907316,0.06394468098878858,-0.11342362811168034,0.28432392177986127,-0.16666666666666663
2015-04-01,10,0.29797962,0.33910662,0.36291376,-0.04112702,0.6686285,0.9746202,0.2,0.3,-0.2154622793197632,-0.18736065104603766,0.1743352606892586,-0.04546142121156057,0.3005538181148415,0.0
2015-04-02,10,0.26492196,0.40179914,0.3332789,-0.13687721,0.68346757,0.9680834,0.3,0.4,-0.1036550223827362,-0.20229046642780305,-0.03322218656539917,-0.124027319252491,0.13616930708195152,0.0
2015-04-07,18,0.21473888,0.4618189,0.32344222,-0.24708003,0.68663466,0.97455126,0.2222222222222222,0.5,-0.1040683001279831,-0.20657850056886673,-0.1430117279291153,-0.14169475187857947,0.13670766295223266,0.8
2015-04-08,9,0.11730564,0.40959364,0.47310072,-0.29228798,0.5519817,0.95622,0.1111111111111111,0.4444444444444444,-0.18228999227285386,-0.19564972817897797,-0.10999798327684401,-0.2254150708516439,0.09801219547036687,-0.5
2015-04-09,10,0.25722057,0.38238728,0.36039215,-0.12516673,0.618777,0.95803595,0.2,0.5,-0.16850779205560684,-0.20519776567816733,0.04334106296300888,-0.22151157756646475,0.10074712534480192,0.11111111111111116
2015-04-10,7,0.13388215,0.70735586,0.158762,-0.57347363,0.65325654,0.95763,0.14285714285714285,0.7142857142857143,-0.2749771147966385,-0.22227857187390326,-0.29849651753902434,-0.3303094456593196,0.18144752684429852,-0.30000000000000004
2015-04-13,16,0.20597804,0.59413916,0.19988279,-0.38816115,0.6592279,0.9578987,0.1875,0.625,-0.32523390352725984,-0.23093880712985992,-0.06292724907398223,-0.3622671713431676,0.16793089229089647,1.2857142857142856
2015-04-14,10,0.17068228,0.42847973,0.400838,-0.25779742,0.6359621,0.9561217,0.1,0.5,-0.3273773819208145,-0.21649899780750276,0.06957996189594268,-0.4064774016539256,0.1667481760773644,-0.375
2015-04-15,10,0.19602218,0.49041286,0.31356496,-0.2943907,0.63705176,0.938121,0.2,0.5,-0.3277979284524918,-0.2241004638373852,0.033407220244407676,-0.313449760278066,0.16664017133237793,0.0
2015-04-16,10,0.25261956,0.5070141,0.24036631,-0.2543945,0.75571615,0.9620108,0.3,0.5,-0.35364348292350767,-0.21721310541033745,0.09924898147583006,-0.2688608765602112,0.1342241441760646,0.0
2015-04-17,9,0.26503432,0.5293589,0.20560673,-0.2643246,0.68116254,0.97162795,0.3333333333333333,0.5555555555555556,-0.29181367754936216,-0.23100193366408348,0.027489072084426858,-0.27103660504023236,0.056130265089462526,-0.09999999999999998
2015-04-20,11,0.2369548,0.32195106,0.44109413,-0.08499626,0.57852757,0.94767416,0.2727272727272727,0.2727272727272727,-0.23118069916963577,-0.22404282875359058,0.14618443846702575,-0.20123845587174097,0.08323347322796598,0.22222222222222232
2015-04-21,10,0.3646063,0.3092006,0.3261931,0.055405684,0.7075642,0.9630296,0.4,0.3,-0.16854007840156554,-0.23646411448717117,0.22394576221704482,-0.09797172745068868,0.14959554847548243,-0.09090909090909094
2015-04-22,9,0.056082614,0.60629416,0.33762324,-0.55021155,0.40688223,0.963569,0.0,0.6666666666666666,-0.2197042465209961,-0.2528087578713894,-0.33050730228424074,-0.19326737523078918,0.22707993212487868,-0.09999999999999998
2015-04-23,10,0.30613524,0.40071067,0.29315412,-0.09457543,0.74930054,0.97077686,0.3,0.4,-0.18774043172597885,-0.24197852946817874,0.09316500425338745,-0.196460430820783,0.23216726867911283,0.11111111111111116
2015-04-24,8,0.29485822,0.38245663,0.32268515,-0.0875984,0.7259292,0.9640759,0.25,0.375,-0.15239519029855728,-0.2336620654910803,0.06479679197072982,-0.24412845820188522,0.23104297398519916,-0.19999999999999996
2015-04-27,15,0.18649665,0.4536657,0.35983765,-0.26716906,0.5647446,0.9421584,0.2,0.4666666666666667,-0.18882974982261658,-0.2122248437255621,-0.07833930850028992,-0.14978096137444177,0.2321187534128446,0.875
2015-04-28,10,0.2499619,0.5547657,0.19527239,-0.3048038,0.68879694,0.9674622,0.3,0.5,-0.2608716443181038,-0.21521435119211674,-0.04393214434385301,-0.2198570817708969,0.1893180660763503,-0.33333333333333337
2015-04-29,10,0.15610626,0.59723127,0.24666245,-0.44112507,0.49806678,0.95017654,0.1,0.7,-0.23905434757471083,-0.24221162870526314,-0.20207071751356126,-0.3376993040243785,0.14979908524114482,0.0
2015-04-30,10,0.3742378,0.3917722,0.23398998,-0.01753444,0.76162726,0.9645677,0.4,0.4,-0.22364615015685557,-0.23338446421548725,0.20611170977354049,-0.25448776471118134,0.17085733225867647,0.0
2015-05-01,10,0.38360184,0.40766716,0.20873101,-0.024065306,0.7340688,0.96876657,0.4,0.4,-0.21093953177332878,-0.23253137860447168,0.18687422536313533,-0.1609082706272602,0.1852600493936705,0.0
2015-05-05,22,0.20572715,0.55859345,0.23567939,-0.35286635,0.5891057,0.9698696,0.22727272727272727,0.6363636363636364,-0.2280789904296398,-0.243330835737288,-0.12478736117482186,-0.13148869946599007,0.1954467964188804,1.2000000000000002
2015-05-06,10,0.18450089,0.5480398,0.26745927,-0.36353895,0.4930991,0.91672206,0.2,0.6,-0.23982602283358573,-0.2491537818685174,-0.12371292784810067,-0.24682353623211384,0.2028364755399116,-0.5454545454545454
2015-05-07,10,0.22259326,0.5160309,0.26137584,-0.29343763,0.6659859,0.96831536,0.2,0.6,-0.21028853580355644,-0.2492112645879388,-0.08314909413456917,-0.33661431074142456,0.17504365708391467,0.0
2015-05-08,10,0.1818828,0.54351866,0.27459854,-0.36163586,0.5212007,0.9691116,0.2,0.5,-0.2791088204830885,-0.26103472132235767,-0.08252704329788685,-0.33953748146692914,0.14545776191820614,0.0
2015-05-11,15,0.31517723,0.43610856,0.24871422,-0.12093134,0.6891535,0.94538456,0.3333333333333333,0.4666666666666667,-0.29848202764987947,-0.23840760681778192,0.1775506854057312,-0.2586682786544164,0.10335395103811533,0.5
2015-05-12,10,0.07968708,0.62841487,0.29189804,-0.54872775,0.42591625,0.9620615,0.0,0.7,-0.33765430748462677,-0.24643593672662972,-0.21107344329357147,-0.3437649856011073,0.15388395505665628,-0.33333333333333337
2015-05-13,10,0.44655555,0.4579757,0.09546877,-0.0114201065,0.8643861,0.964477,0.5,0.4,-0.26723053865134716,-0.23411707105115057,0.2558104321360588,-0.22702639984587827,0.2095723559661219,0.0
2015-05-14,10,0.14704148,0.36616948,0.48678905,-0.21912798,0.5642473,0.9373771,0.1,0.4,-0.2523686092346907,-0.2303539347834885,0.03324062637984754,-0.25975861338277656,0.2098838661327244,0.0
2015-05-15,10,0.23965034,0.5482805,0.2120692,-0.30863014,0.7145901,0.9490738,0.2,0.6,-0.24176746420562267,-0.2330657166428864,-0.0668626744300127,-0.17972607600192228,0.20424804432729068,0.0
2015-05-18,10,0.19361332,0.3741391,0.43224758,-0.18052578,0.6455569,0.9222469,0.2,0.4,-0.25368635170161724,-0.2288757753558457,0.07316057197749615,-0.23609463373819986,0.1970456359563846,0.0
2015-05-19,10,0.23714383,0.5145667,0.2482895,-0.27742285,0.6338505,0.9753812,0.2,0.6,-0.19942537061870097,-0.23849710458889603,-0.07799747474491597,-0.2555262545744578,0.11629773667157181,0.0
2015-05-20,10,0.26718765,0.62009877,0.11271353,-0.35291114,0.75632954,0.9594261,0.3,0.6,-0.2677235782146454,-0.2589129460044205,-0.085187566280365,-0.27028658986091614,0.06890089235170162,0.0
2015-05-21,10,0.30295378,0.31331992,0.3837263,-0.010366124,0.5720467,0.88339895,0.3,0.3,-0.2259712064638734,-0.23192067476920783,0.21560508236289025,-0.2135667046532035,0.1361473066506109,0.0
2015-05-22,8,0.4075283,0.36473507,0.22773659,0.04279324,0.57275033,0.817829,0.5,0.25,-0.1556865306571126,-0.22505224137566984,0.19847977105528117,-0.10682800939927499,0.1694450552508379,-0.19999999999999996
2015-05-26,19,0.22611636,0.39720672,0.37667695,-0.17109038,0.63817847,0.9467407,0.21052631578947367,0.3684210526315789,-0.15379945058375596,-0.22922684042714536,-0.017290928773581987,-0.04622108768671751,0.16915155327426665,1.375
2015-05-27,7,0.25487936,0.42987895,0.31524163,-0.17499961,0.6993373,0.96631473,0.2857142857142857,0.42857142857142855,-0.13331480342894791,-0.22461836799047888,-0.04168480616062881,-0.10109891618291537,0.15613903344461794,-0.631578947368421
2015-05-28,9,0.15119691,0.5135518,0.33525133,-0.36235484,0.6523637,0.97135,0.1111111111111111,0.5555555555555556,-0.13520354349166155,-0.22749592079780995,-0.22715130131691694,-0.2361482779184977,0.15948083106641375,0.2857142857142858
2015-05-29,8,0.35084352,0.5570877,0.092068724,-0.20624422,0.71552473,0.97149944,0.375,0.625,-0.17437916174530982,-0.21575187831185758,-0.03186505362391473,-0.24786622325579324,0.1445037130694654,-0.11111111111111116
2015-06-01,17,0.13403666,0.5116214,0.3543419,-0.37758473,0.57650834,0.9596857,0.058823529411764705,0.5294117647058824,-0.25845475494861603,-0.23375439257360994,-0.1191299706697464,-0.3153945952653885,0.10284747740854779,1.125
2015-06-02,9,0.17395501,0.47399554,0.35204947,-0.30004057,0.6411608,0.96410877,0.1111111111111111,0.4444444444444444,-0.28424479365348815,-0.2475531558971852,-0.01579577922821046,-0.29462317128976184,0.09094178094517746,-0.47058823529411764
2015-06-03,10,0.31805226,0.22551382,0.45643392,0.09253844,0.6014442,0.87883514,0.3,0.2,-0.23073718398809434,-0.2252829163800925,0.32327562272548677,-0.19502895325422287,0.19287133184792152,0.11111111111111116
2015-06-04,10,0.0778516,0.6471531,0.27499533,-0.5693015,0.48174146,0.9706076,0.0,0.7,-0.2721265122294426,-0.23557104314677418,-0.2971749737858772,-0.25893454005320865,0.24368760642528595,0.0
2015-06-05,10,0.39455944,0.4595353,0.14590526,-0.064975895,0.7856977,0.95108354,0.5,0.4,-0.24387284815311433,-0.22414795639924706,0.17889695316553117,-0.18057964742183685,0.2608228094015915,0.0
2015-06-08,15,0.22423322,0.45155063,0.32421616,-0.22731741,0.59228337,0.9632425,0.2,0.4666666666666667,-0.21381938457489014,-0.21743203359656035,-0.01349802315235138,-0.2871982629100482,0.24999665731951828,0.5
2015-06-09,10,0.24120858,0.3893545,0.36943692,-0.14814591,0.5845997,0.93623775,0.2,0.4,-0.18344045281410218,-0.2187927621882409,0.03529453873634339,-0.1468130722641945,0.24609847044587507,-0.33333333333333337
2015-06-10,10,0.24953537,0.41664928,0.3338154,-0.16711392,0.6022511,0.9723714,0.2,0.5,-0.23537092357873918,-0.1997120704036206,0.06825700849294664,-0.18085907896359762,0.19549690976215917,0.0
2015-06-11,8,0.050600268,0.7606311,0.18876864,-0.7100308,0.34913602,0.97282076,0.0,0.75,-0.2635167852044106,-0.23464260478504,-0.4465140089392662,-0.34176354110240936,0.25627504339501644,-0.19999999999999996
2015-06-12,10,0.19269599,0.7359266,0.07137738,-0.54323065,0.70882994,0.95310795,0.2,0.8,-0.35916773676872255,-0.25084773828275503,-0.18406291604042052,-0.4734584540128708,0.2528751823701695,0.25
2015-06-15,13,0.23001991,0.48551214,0.2844679,-0.25549224,0.67550564,0.9650581,0.23076923076923078,0.5384615384615384,-0.3648027032613754,-0.24819084336049854,0.10931046307086945,-0.5029178957144419,0.24949387092697906,0.30000000000000004
2015-06-16,10,0.27289838,0.5122088,0.21489277,-0.23931047,0.59043664,0.9547235,0.4,0.4,-0.3830356150865555,-0.25113007803447546,0.14372514188289642,-0.34601112206776935,0.23245145012340376,-0.23076923076923073
2015-06-17,10,0.2868559,0.5006601,0.21248396,-0.2138042,0.74810004,0.9592268,0.3,0.6,-0.39237367212772367,-0.2479491457808763,0.17856947183609007,-0.2362023045619329,0.22232622502397462,0.0
2015-06-18,10,0.22550955,0.6160128,0.15847763,-0.3905033,0.7214044,0.9593217,0.2,0.7,-0.3284681707620621,-0.2498287529218942,-0.06203511655330657,-0.2812059869368871,0.13819703956810114,0.0
2015-06-19,9,0.37513494,0.23808622,0.38677883,0.13704872,0.57000345,0.94886273,0.3333333333333333,0.2222222222222222,-0.19241229593753814,-0.2424580106511712,0.32946101725101473,-0.1557529220978419,0.19648201872109222,-0.09999999999999998
2015-06-22,11,0.27939415,0.28523052,0.4353754,-0.0058363597,0.5907677,0.97453386,0.36363636363636365,0.2727272727272727,-0.1424811198376119,-0.24488949065562338,0.1366447601467371,-0.08643030856425564,0.2078380521034435,0.22222222222222232
2015-06-23,9,0.17382151,0.4708072,0.35537127,-0.2969857,0.6032622,0.94056547,0.1111111111111111,0.5555555555555556,-0.15401616236194968,-0.2511842559790239,-0.14296952346339822,-0.05525777473424872,0.2159959923333042,-0.18181818181818177
2015-06-24,4,0.24436122,0.44794467,0.30769414,-0.20358345,0.839118,0.97476125,0.25,0.5,-0.15197201212868094,-0.25261344795580953,-0.05161143699660897,-0.16880183154717088,0.21533606787003437,-0.5555555555555556
2015-06-25,10,0.1994886,0.4691596,0.3313518,-0.26967102,0.708606,0.9650828,0.2,0.5,-0.12780555924400688,-0.2479792568599805,-0.1418654636479914,-0.2567467192808787,0.18675805817303606,1.5
2015-06-26,5,0.20447548,0.42872697,0.3667976,-0.22425148,0.77304053,0.9547482,0.2,0.4,-0.20006559928879142,-0.24887962003704162,-0.02418587962165475,-0.23250198364257812,0.11463065441295173,-0.5
2015-06-29,14,0.0943953,0.6828064,0.22279838,-0.588411,0.47500077,0.96185315,0.07142857142857142,0.7142857142857143,-0.3165805220603943,-0.25942093243356795,-0.2718304514884949,-0.3607778251171112,0.15634036888839192,1.7999999999999998
2015-06-30,6,0.27621686,0.31174394,0.41203916,-0.03552711,0.5810704,0.87242645,0.16666666666666666,0.3333333333333333,-0.2642888069152832,-0.24619525929447264,0.22876169681549074,-0.2827298541863759,0.2016830367062164,-0.5714285714285714
2015-07-01,10,0.20808311,0.46381593,0.32810098,-0.25573283,0.6130461,0.94137406,0.2,0.5,-0.2747186839580536,-0.26360882294829935,0.018985849618911754,-0.2932236393292745,0.19909064625619668,0.6666666666666667
2015-07-02,10,0.42018515,0.22723588,0.35257894,0.19294927,0.5961868,0.95930535,0.4,0.2,-0.18219462633132935,-0.22549628538545222,0.37514389157295225,-0.0327702263991038,0.2891507683435523,0.0
2015-07-03,6,0.036971476,0.70275635,0.26027223,-0.66578484,0.25964364,0.9345407,0.0,0.8333333333333334,-0.27050129771232606,-0.25553673242684455,-0.3952835381031036,-0.24285613497098288,0.36315734817800543,-0.4
2015-07-06,14,0.2912809,0.4249309,0.2837882,-0.13365005,0.7019689,0.9651962,0.2857142857142857,0.5,-0.17954911291599274,-0.2508533645188436,0.04589906334877014,-0.2021618733803431,0.31773937459612894,1.3333333333333335
2015-07-07,8,0.13444303,0.5956966,0.26986036,-0.4612536,0.6523392,0.9731808,0.125,0.625,-0.2646944135427475,-0.26650874947663394,-0.1965591996908188,-0.4202294995387395,0.3264198668068622,-0.4285714285714286
2015-07-08,10,0.04827292,0.7549265,0.19680062,-0.7066536,0.33531862,0.964265,0.0,0.9,-0.35487856566905973,-0.2934857334708795,-0.3517750293016434,-0.433852419257164,0.38104508245671387,0.25
2015-07-09,10,0.22270846,0.4762055,0.30108607,-0.25349703,0.58994573,0.9474296,0.2,0.5,-0.44416782557964324,-0.2706590454792604,0.19067079126834868,-0.4738014141718547,0.25054013768307604,0.0
2015-07-10,7,0.4898178,0.33218977,0.17799248,0.15762806,0.8073281,0.9633509,0.5714285714285714,0.2857142857142857,-0.2794852465391159,-0.23561610986944287,0.4371133059263229,-0.26750752329826355,0.3273086735411265,-0.30000000000000004
2015-07-13,18,0.1345781,0.5088464,0.3565755,-0.37426832,0.56199634,0.970793,0.1111111111111111,0.5,-0.3276089012622833,-0.24155491401907056,-0.04665942192077638,-0.15671243270238241,0.3180646032348203,1.5714285714285716
2015-07-14,10,0.31318635,0.48814982,0.19866385,-0.1749635,0.6298133,0.96670425,0.4,0.5,-0.27035087943077085,-0.23833756556268781,0.09538737535476682,-0.1305345892906189,0.31373064491999925,-0.4444444444444444
2015-07-15,10,0.24406596,0.3479961,0.4079379,-0.10393013,0.6560508,0.9726365,0.2,0.4,-0.1498061865568161,-0.2328438620781526,0.04587605595588684,-0.21772065261999765,0.19899017651687004,0.0
2015-07-16,10,0.21409878,0.4092698,0.37663138,-0.19517103,0.5529275,0.9630472,0.3,0.4,-0.1381409853696823,-0.22307724913116544,-0.057030043005943304,-0.15802155435085297,0.19301175726648237,0.0
2015-07-17,10,0.4274877,0.44293556,0.12957668,-0.015447867,0.73901796,0.96667004,0.5,0.5,-0.17275617066770793,-0.23070207855198532,0.15730830356478692,-0.1048496753598253,0.13285082982420307,0.0
2015-07-20,13,0.15415822,0.29893398,0.5469078,-0.14477576,0.49550438,0.9763398,0.07692307692307693,0.3076923076923077,-0.12685765866190196,-0.23764904872514309,-0.017918104492127884,-0.11846488621085882,0.07113325613143788,0.30000000000000004
2015-07-21,8,0.17649108,0.5708592,0.2526497,-0.39436814,0.58874136,0.9751281,0.125,0.625,-0.17073858622461557,-0.24251817152835428,-0.22362955566495657,-0.184863924048841,0.14129735291780815,-0.3846153846153846
2015-07-22,5,0.2464565,0.2303615,0.523182,0.016094979,0.6512851,0.9280559,0.2,0.2,-0.146733564324677,-0.23153425012715162,0.16282854322344065,-0.17434964204827944,0.16387645781054533,-0.375
2015-07-23,10,0.40592346,0.3921189,0.20195767,0.013804537,0.8433102,0.9713144,0.5,0.4,-0.10493845120072365,-0.21736047212034465,0.11874298844486475,-0.12148954191555579,0.1747241471752965,1.0
2015-07-24,7,0.05283314,0.648985,0.29818177,-0.5961519,0.48617655,0.95421576,0.0,0.7142857142857143,-0.22107925545424223,-0.23595549259334803,-0.3750726329162717,-0.1887507907425364,0.26830614723448926,-0.30000000000000004
2015-07-27,16,0.06715774,0.5553293,0.377513,-0.48817158,0.52210605,0.9734971,0.0,0.5625,-0.28975841831415894,-0.23094352278858424,-0.19841315913945434,-0.35683964285999537,0.28717795138788693,1.2857142857142856
2015-07-28,10,0.46533307,0.20957768,0.32508928,0.25575536,0.5962377,0.95217127,0.5,0.1,-0.1597337169572711,-0.21637939903885126,0.41548908185213806,-0.2761893669764201,0.3646898276765937,-0.375
2015-07-29,10,0.36514696,0.33012205,0.30473095,0.035024937,0.64939916,0.9738834,0.4,0.2,-0.15594772528856993,-0.2018415104597807,0.19097266253083944,-0.06579709177215894,0.3670620574500105,0.0
2015-07-30,10,0.3536086,0.4967987,0.14959267,-0.1431901,0.87036914,0.9679699,0.4,0.5,-0.18734665289521218,-0.21864847876131535,0.044156552106142055,0.049196733782688774,0.35544186555307444,0.0
2015-07-31,10,0.12181574,0.50071573,0.37746853,-0.3789,0.56034344,0.9578374,0.1,0.5,-0.1438962735235691,-0.20430423654615879,-0.2350037179887295,-0.1623550516863664,0.3022775888140883,0.0
2015-08-03,20,0.09291616,0.62195194,0.2851319,-0.52903575,0.47580087,0.97221226,0.05,0.7,-0.15206910744309426,-0.2240735214203596,-0.37696663960814475,-0.3503752797842026,0.31422918224549967,1.0
2015-08-04,9,0.20612963,0.4138965,0.3799739,-0.20776688,0.613266,0.9614878,0.1111111111111111,0.3333333333333333,-0.24477355554699898,-0.21139918453991413,0.0370066799223423,-0.37190087139606476,0.21723879922226405,-0.55
2015-08-05,9,0.20425601,0.4549925,0.34075153,-0.25073647,0.6237288,0.9712406,0.2222222222222222,0.3333333333333333,-0.3019258379936218,-0.1886033285409212,0.0511893630027771,-0.3291796992222468,0.15344968755831612,0.0
2015-08-06,10,0.21864,0.46719828,0.31416175,-0.24855828,0.68638957,0.93490803,0.2,0.5,-0.3229994744062424,-0.18835639096796514,0.07444119155406953,-0.23568721115589142,0.13192592368885067,0.11111111111111116
2015-08-07,10,0.21208224,0.57633024,0.2115875,-0.364248,0.6420961,0.96638894,0.2,0.6,-0.32006907761096953,-0.2144501943141222,-0.044178929924964916,-0.2878475884596507,0.13052914895758333,0.0
2015-08-10,12,0.43167976,0.24526525,0.323055,0.18641454,0.6365185,0.9386501,0.5,0.16666666666666666,-0.17697902023792267,-0.18641605116426946,0.36339356005191803,-0.14213058352470398,0.21132687837694353,0.19999999999999996
2015-08-11,10,0.20831013,0.5194922,0.27219766,-0.31118208,0.5925479,0.9648565,0.1,0.5,-0.1976620614528656,-0.1932269800454378,-0.11352002024650573,-0.1630051831404368,0.2199771731310943,-0.16666666666666663
2015-08-12,10,0.06723055,0.7419197,0.1908497,-0.6746892,0.31031436,0.96424985,0.0,0.8,-0.2824526011943817,-0.22176493220031263,-0.3922365725040436,-0.2664855718612671,0.309172533179954,0.0
2015-08-13,8,0.19518241,0.5303795,0.2744381,-0.33519706,0.5818739,0.9728978,0.125,0.625,-0.2997803568840027,-0.2287662338465452,-0.035416704416275036,-0.4403561055660248,0.3092258554687102,-0.19999999999999996
2015-08-14,10,0.1706095,0.61242414,0.21696635,-0.4418146,0.6343204,0.9616283,0.1,0.7,-0.315293675661087,-0.25008457056246697,-0.1265209257602692,-0.4839002788066864,0.31515744164811604,0.25
2015-08-17,15,0.2941075,0.33161366,0.37427887,-0.03750616,0.6203431,0.94437486,0.26666666666666666,0.26666666666666666,-0.360077815502882,-0.24472109037451445,0.3225716561079025,-0.2715059407055378,0.23060980406088374,0.5
2015-08-18,10,0.29754,0.5760182,0.12644175,-0.27847824,0.7753809,0.9707646,0.3,0.6,-0.3535370461642742,-0.23892659503035246,0.07505881115794183,-0.2525996652742227,0.23279675542805653,-0.33333333333333337
2015-08-19,10,0.2684521,0.5265816,0.2049663,-0.25812948,0.74733037,0.97075593,0.3,0.6,-0.27022510692477225,-0.25263781785033645,0.012095629423856724,-0.1913712906340758,0.14835501035576024,0.0
2015-08-20,10,0.12245158,0.46327487,0.41427356,-0.34082326,0.49782354,0.95554507,0.0,0.5,-0.2713503472507,-0.2703692078590393,-0.06947291567921637,-0.2924769918123881,0.14899098155394286,0.0
2015-08-21,10,0.1309074,0.7444327,0.12465992,-0.6135253,0.6015577,0.969147,0.1,0.8,-0.3056924812495708,-0.27123787701129914,-0.3078327901661396,-0.4041593372821808,0.2067135435070837,0.0
2015-08-24,15,0.18387288,0.47627446,0.3398527,-0.29240158,0.65005106,0.95989174,0.13333333333333333,0.4666666666666667,-0.3566715657711029,-0.26144937723875045,0.06426998376846316,-0.41558337211608887,0.1467824629823417,0.5
2015-08-25,10,0.1958444,0.5023838,0.30177176,-0.30653945,0.57908183,0.9699402,0.2,0.6,-0.3622838079929352,-0.2895641177892685,0.05574436187744142,-0.404155433177948,0.14354608309524067,-0.33333333333333337
2015-08-26,10,0.2529171,0.56794655,0.17913637,-0.31502938,0.7233605,0.96571124,0.3,0.6,-0.37366378903388975,-0.3070668337866664,0.05863440632820127,-0.3046568036079407,0.13523983159046346,0.0
2015-08-27,6,0.5040083,0.33187106,0.16412061,0.17213726,0.7796866,0.86962664,0.5,0.3333333333333333,-0.27107168436050416,-0.2913004657253623,0.4432089447975159,-0.1498105227947235,0.281670833570253,-0.4
2015-08-28,10,0.20026343,0.48087835,0.3188582,-0.2806149,0.643647,0.96779656,0.2,0.5,-0.2044896125793457,-0.28638621177524326,-0.07612529993057252,-0.141169011592865,0.2109529488060205,0.6666666666666667
2015-09-01,17,0.15726481,0.5546716,0.28806362,-0.3974068,0.5523267,0.95842093,0.11764705882352941,0.6470588235294118,-0.22549065351486205,-0.2798047637566924,-0.1719161331653595,-0.1686281462510427,0.22654353308643094,0.7
2015-09-02,10,0.22054192,0.66297805,0.11648004,-0.44243613,0.78533804,0.9597145,0.2,0.7,-0.2526699900627136,-0.29153822641819715,-0.18976613879203796,-0.37348594268163043,0.24601358719878402,-0.4117647058823529
2015-09-03,10,0.41181383,0.29727155,0.29091462,0.114542246,0.67173934,0.9664042,0.5,0.3,-0.16675566434860228,-0.2732742903754115,0.28129791021347045,-0.241766889890035,0.28988813182641504,0.0
2015-09-04,9,0.30891642,0.5381709,0.15291274,-0.22925445,0.8693042,0.95831233,0.3333333333333333,0.5555555555555556,-0.2470340073108673,-0.27230909895151856,0.01777955293655395,-0.18571611245473227,0.21964467808049146,-0.09999999999999998
2015-09-07,16,0.25008276,0.49629325,0.253624,-0.24621049,0.6638104,0.9648098,0.25,0.5,-0.24015312194824218,-0.2664072228595614,-0.006057363748550426,-0.1203075647354126,0.21886720089664197,0.7777777777777777
2015-09-08,10,0.32306734,0.31991166,0.35702103,0.0031556785,0.61282784,0.9442779,0.3,0.3,-0.1600406289100647,-0.27557016592472794,0.1631963074207306,-0.1574364205201467,0.22022250459392134,-0.375
2015-09-09,10,0.31116748,0.38429478,0.30453774,-0.073127285,0.71682936,0.9596385,0.3,0.4,-0.08617886006832123,-0.26366742607206106,0.013051575422286993,-0.10539403061072032,0.1537211051372511,0.0
2015-09-10,10,0.07125256,0.7939252,0.1348222,-0.7226727,0.40791458,0.97427803,0.0,0.9,-0.25362184941768645,-0.2660666024312377,-0.46905085146427156,-0.26421476900577545,0.2824758336007993,0.0
2015-09-11,9,0.22885211,0.51939017,0.25175774,-0.29053804,0.6803776,0.9689326,0.1111111111111111,0.5555555555555556,-0.26587856709957125,-0.26383365150541066,-0.024659475684165932,-0.3621126761039098,0.2824837544106026,-0.09999999999999998
2015-09-14,10,0.4584524,0.31915107,0.2223965,0.13930136,0.74199224,0.88273686,0.5,0.4,-0.18877619802951812,-0.2347778534516692,0.328077557682991,-0.2913031280040741,0.33661860801955856,0.11111111111111116
2015-09-15,8,0.05354237,0.7086808,0.23777683,-0.65513843,0.36611813,0.97153574,0.0,0.625,-0.32043502032756804,-0.26565946713089944,-0.3347034126520157,-0.26879170536994934,0.3698763342561056,-0.19999999999999996
2015-09-16,10,0.4227357,0.12800372,0.44926062,0.29473194,0.59937966,0.9556421,0.4,0.1,-0.24686317443847655,-0.23699895814061164,0.5415951192378998,-0.07370170950889587,0.4575585227293121,0.25
2015-09-17,10,0.33462554,0.36834073,0.29703376,-0.033715196,0.69074905,0.9674859,0.4,0.4,-0.10907167345285415,-0.22577824406325817,0.07535647749900817,-0.1313738947113355,0.3746812223234846,0.0
2015-09-18,10,0.07925691,0.6235899,0.29715317,-0.544333,0.46406537,0.9343794,0.0,0.7,-0.15983066111803054,-0.23595372997224331,-0.38450231999158857,-0.09443874408801396,0.4198761906944293,0.0
2015-09-21,14,0.20391211,0.27763742,0.5184505,-0.073725305,0.53305686,0.96059567,0.14285714285714285,0.21428571428571427,-0.2024359941482544,-0.2089637316763401,0.12871068865060806,-0.21725782752037048,0.39180421017736883,0.3999999999999999
2015-09-22,10,0.030069262,0.76514596,0.20478483,-0.73507667,0.39562687,0.96891373,0.0,0.8,-0.21842364072799683,-0.2310974858701229,-0.5166530251502991,-0.4510449841618538,0.4157916302946254,-0.2857142857142857
2015-09-23,10,0.31395003,0.4810415,0.20500843,-0.16709144,0.8346236,0.97393394,0.3,0.5,-0.3107883185148239,-0.22412508577108384,0.1436968743801117,-0.32529780517021817,0.31152082202801085,0.0
2015-09-24,8,0.23636723,0.71431714,0.0493156,-0.47794992,0.6846066,0.9675318,0.25,0.75,-0.39963526278734207,-0.23227111250162125,-0.0783146545290947,-0.4600393424431483,0.27380900166148275,-0.19999999999999996
2015-09-25,9,0.18338673,0.5193658,0.29724753,-0.33597904,0.63092625,0.9541896,0.1111111111111111,0.5555555555555556,-0.35796447545289994,-0.25767692774534223,0.021985431015491497,-0.3270068019628525,0.26187682668814516,0.125
2015-09-28,14,0.20763049,0.46251303,0.32985646,-0.25488254,0.68303245,0.97169805,0.14285714285714285,0.42857142857142855,-0.3941959232091904,-0.25639030933380125,0.13931337893009188,-0.35627050201098126,0.22225451580906969,0.5555555555555556
2015-09-29,10,0.2836733,0.5182488,0.19807789,-0.23457551,0.7770347,0.96630156,0.3,0.5,-0.2940956920385361,-0.24824874550104142,0.05952018201351167,-0.27514569958051044,0.11912912466148519,-0.2857142857142857
2015-09-30,10,0.1922988,0.59862745,0.20907383,-0.40632862,0.6940766,0.96236175,0.2,0.6,-0.3419431269168854,-0.24644336998462676,-0.06438549160957335,-0.2985955576101939,0.10220843782521685,0.0
2015-10-01,7,0.09623178,0.5845637,0.31920457,-0.48833185,0.50192565,0.96828574,0.0,0.7142857142857143,-0.3440195143222809,-0.27658707499504087,-0.1443123400211334,-0.37641199429829914,0.10570775114693522,-0.30000000000000004
2015-10-02,10,0.28770992,0.5419537,0.17033638,-0.2542438,0.7944202,0.96074724,0.2,0.6,-0.3276724636554718,-0.27783654183149337,0.07342867255210878,-0.3829680879910787,0.11330866648911239,0.4285714285714286
2015-10-05,19,0.17297828,0.45986056,0.36716115,-0.28688228,0.5826348,0.9671039,0.21052631578947367,0.47368421052631576,-0.33407241106033325,-0.27987013161182406,0.04719012975692749,-0.34315264225006104,0.10899092345894511,0.8999999999999999
2015-10-06,10,0.53122205,0.36760458,0.10117338,0.16361746,0.8350078,0.9629787,0.6,0.4,-0.25443381667137144,-0.2718470424413681,0.418051278591156,-0.1258362034956614,0.25179363244322833,-0.4736842105263158
2015-10-07,10,0.20585623,0.60934854,0.18479525,-0.40349227,0.70869386,0.9707964,0.2,0.6,-0.25386654734611513,-0.2883652918040752,-0.14962572455406187,-0.1755856970945994,0.2513687115712629,0.0
2015-10-08,10,0.20543209,0.35259134,0.4419766,-0.14715925,0.64367235,0.96217597,0.2,0.4,-0.18563202619552613,-0.2595896191895008,0.03847277760505677,-0.12901135285695395,0.2155676429030601,0.0
2015-10-09,10,0.4041574,0.32793084,0.26791173,0.07622658,0.70502204,0.91714036,0.5,0.3,-0.119537952542305,-0.2412513881921768,0.1957645297050476,-0.15814164777596793,0.23869324229841146,0.0
2015-10-12,18,0.2497669,0.28927422,0.4609589,-0.039507326,0.5832439,0.96867305,0.2222222222222222,0.2777777777777778,-0.07006296142935753,-0.2501918224617839,0.030555635690689087,-0.036813332388798393,0.2202610716886106,0.8
2015-10-13,10,0.18804346,0.5434477,0.26850888,-0.3554042,0.657702,0.94960177,0.2,0.5,-0.1738672934472561,-0.2352051107212901,-0.18153690472245215,-0.10622831558187802,0.2043258079667918,-0.4444444444444444
2015-10-14,10,0.0948897,0.5806209,0.3244894,-0.4857312,0.57518214,0.97191226,0.1,0.6,-0.19031508192420005,-0.2742282686755061,-0.2954161323606968,-0.29354757939775783,0.22922421821599673,0.0
2015-10-15,10,0.19264604,0.5294617,0.2778923,-0.33681566,0.71229666,0.97145104,0.2,0.6,-0.22824636325240136,-0.2893832916393876,-0.10856929197907447,-0.3926503558953603,0.2358924810054231,0.0
2015-10-16,9,0.21713644,0.44225025,0.34061328,-0.22511384,0.6568555,0.97119194,0.2222222222222222,0.3333333333333333,-0.2885144464671612,-0.27342233452945947,0.06340060755610466,-0.3492202361424764,0.16712710909018838,-0.09999999999999998
2015-10-19,14,0.15512827,0.40672192,0.43814978,-0.25159365,0.5182156,0.973141,0.14285714285714285,0.42857142857142855,-0.3309317111968994,-0.28231575172394513,0.07933806180953978,-0.2711743811766307,0.10257723884849554,0.5555555555555556
2015-10-20,10,0.06706754,0.30110985,0.6318226,-0.23404232,0.37915894,0.9288586,0.0,0.3,-0.306659334897995,-0.25726403426378963,0.07261701822280886,-0.23691660165786743,0.10946605708540091,-0.2857142857142857
2015-10-21,10,0.23475161,0.39417994,0.37106842,-0.15942831,0.71140444,0.9705761,0.2,0.4,-0.24139875471591948,-0.25688087772578,0.08197044134140014,-0.2150214264790217,0.0637314476896619,0.0
2015-10-22,10,0.24834037,0.4435934,0.30806628,-0.19525304,0.6739129,0.9673978,0.3,0.4,-0.21308623254299164,-0.2427460340783,0.01783318817615509,-0.196241224805514,0.036276152011837086,0.0
2015-10-23,10,0.028640619,0.7852132,0.18614617,-0.7565726,0.28961954,0.96971357,0.0,0.9,-0.3193779855966568,-0.2637757120653987,-0.4371946185827255,-0.3704179873069127,0.24698528590919183,0.0
2015-10-26,16,0.20277338,0.4631462,0.3340804,-0.26037285,0.5783592,0.9726915,0.125,0.5625,-0.3211338251829147,-0.26405022721737625,0.06076097786426543,-0.40406616528828937,0.2464134741989515,0.6000000000000001
2015-10-27,10,0.2171514,0.60464317,0.1782054,-0.38749176,0.7526497,0.9724825,0.2,0.7,-0.3518237143754959,-0.2716960398480296,-0.03566804826259612,-0.46814573804537457,0.2423775461872852,-0.375
2015-10-28,10,0.37515864,0.3675635,0.25727785,0.0075951577,0.7851279,0.9679671,0.4,0.4,-0.3184190201573074,-0.2509998510358855,0.32601417787373066,-0.21342315074677268,0.2835375049678286,0.0
2015-10-29,10,0.032635465,0.7818671,0.18549745,-0.7492316,0.4083047,0.9721947,0.0,0.8,-0.4292147266678512,-0.26404483716469257,-0.32001685025170445,-0.37637606061374146,0.32811020460330076,0.0
2015-10-30,10,0.33823103,0.5685315,0.09323748,-0.23030047,0.87809455,0.9709075,0.4,0.6,-0.3239603000693023,-0.2628476711688563,0.09365982888266444,-0.3239789634632568,0.2773249244708829,0.0
2015-11-02,16,0.22857392,0.4592315,0.31219456,-0.23065758,0.5977114,0.969984,0.125,0.5,-0.3180172461085021,-0.26003643597941845,0.08735966859385369,-0.403396541873614,0.2793393497916168,0.6000000000000001
2015-11-03,10,0.25750998,0.3331818,0.40930825,-0.07567182,0.6319941,0.95726883,0.2,0.4,-0.2556532579474151,-0.27200090016704054,0.17998143611475825,-0.1788766235113144,0.294355291481082,-0.375
2015-11-04,10,0.12948017,0.65278614,0.21773371,-0.5233059,0.5826038,0.97213167,0.1,0.7,-0.36183346807956696,-0.2779915812192485,-0.16147242486476898,-0.27654509743054706,0.2704381491415299,0.0
2015-11-05,10,0.16801527,0.33131868,0.500666,-0.1633034,0.51447886,0.9674201,0.1,0.3,-0.24464783370494841,-0.27879878904204813,0.0813444286584854,-0.2540937066078186,0.16824215934227438,0.0
2015-11-06,10,0.2849517,0.32025224,0.394796,-0.035300564,0.5919175,0.9612995,0.3,0.3,-0.20564785227179527,-0.2843751461012289,0.17034728825092316,-0.24063662067055702,0.19315611333492594,0.0
2015-11-09,16,0.22721733,0.4983482,0.27443445,-0.2711309,0.65312463,0.96955013,0.1875,0.5,-0.2137425146996975,-0.29595632429700347,-0.05738837495446206,-0.15657828624049822,0.19530236845952975,0.6000000000000001
2015-11-10,9,0.20786022,0.59937096,0.19276884,-0.3915107,0.69726175,0.9720497,0.1111111111111111,0.6666666666666666,-0.2769102893769741,-0.29776164914947,-0.11460040584206582,-0.23264738296469054,0.1904988395578728,-0.4375
2015-11-11,10,0.34353966,0.407983,0.24847734,-0.064443365,0.7696067,0.97400147,0.3,0.4,-0.18513778373599052,-0.2766972566721961,0.12069441899657249,-0.2423616498708725,0.1478848100220905,0.11111111111111116
2015-11-12,10,0.09012028,0.7495278,0.16035193,-0.6594075,0.43379703,0.96602875,0.1,0.8,-0.28435860201716423,-0.2928268487332389,-0.3750488944351673,-0.3717871854702632,0.2562766252247919,0.0
2015-11-13,10,0.17123087,0.63390964,0.19485947,-0.46267876,0.6720734,0.97416276,0.2,0.7,-0.369834241271019,-0.3047050948021933,-0.09284451901912688,-0.39550987382729846,0.22133039927509784,0.0
2015-11-16,15,0.09657366,0.63823545,0.26519087,-0.54166186,0.5221047,0.96851635,0.06666666666666667,0.6,-0.42394043505191803,-0.3192085052607581,-0.11772142350673676,-0.5545827051003774,0.22421728300253796,0.5
2015-11-17,10,0.6133421,0.31859303,0.068064876,0.29474908,0.7278187,0.9611073,0.7,0.3,-0.2866884797811508,-0.292768935370259,0.581437560915947,-0.23653051257133484,0.3944508830358295,-0.33333333333333337
2015-11-18,4,0.042287488,0.71299815,0.24471436,-0.6707107,0.4451482,0.95853746,0.0,0.75,-0.4079419434070587,-0.3183330538449809,-0.2627687394618988,-0.30587448676427204,0.4021610826550368,-0.6
2015-11-19,10,0.22837222,0.35935372,0.41227406,-0.13098149,0.6588696,0.97374403,0.2,0.3,-0.30225674211978915,-0.31511947612743824,0.17127525210380556,-0.16898103058338165,0.3887671234581368,1.5
2015-11-20,6,0.2963863,0.5327615,0.17085217,-0.23637521,0.7963019,0.9642611,0.3333333333333333,0.5,-0.25699603259563447,-0.28910960655193774,0.020620819926261913,-0.34602246185143787,0.3784580551406533,-0.4
2015-11-23,19,0.16156255,0.37816048,0.46027696,-0.21659793,0.527592,0.9710807,0.10526315789473684,0.42105263157894735,-0.19198324680328369,-0.2869208606658503,-0.024614682793617254,-0.1946515440940857,0.3436517352915813,2.1666666666666665
2015-11-24,10,0.15353923,0.60275567,0.24370511,-0.44921643,0.60292995,0.9637555,0.2,0.6,-0.3407763481140137,-0.2900070938048884,-0.10844007730484007,-0.3007298558950424,0.21848894411845068,-0.4736842105263158
2015-11-25,10,0.26854786,0.3142302,0.41722193,-0.04568234,0.56650174,0.89301485,0.2,0.4,-0.21577067971229552,-0.29267096873372794,0.1700883388519287,-0.2371655652920405,0.15086533482878714,0.0
2015-11-26,8,0.051886287,0.5871505,0.3609632,-0.53526425,0.47793192,0.9682031,0.0,0.625,-0.29662723243236544,-0.2819726025685668,-0.23863702118396757,-0.3433876732985179,0.19572903687225268,-0.19999999999999996
2015-11-27,8,0.11090867,0.79273766,0.096353665,-0.681829,0.5455825,0.9679654,0.125,0.875,-0.38571798503398896,-0.30454902779310944,-0.29611099064350127,-0.42092519005139667,0.25411793011203637,0.0
2015-11-30,19,0.31299856,0.27759227,0.40940917,0.035406318,0.578394,0.9433934,0.21052631578947367,0.3684210526315789,-0.3353171356022358,-0.29124583303928375,0.37072345316410066,-0.39389563724398613,0.3139850898475485,1.375
2015-12-01,9,0.22565529,0.52037036,0.25397432,-0.29471505,0.6554916,0.9730409,0.2222222222222222,0.5555555555555556,-0.3044168598949909,-0.3021979942917824,0.009701813012361504,-0.3137125683327516,0.3075093058673341,-0.5263157894736843
2015-12-02,10,0.28115278,0.4109129,0.30793434,-0.1297601,0.63395035,0.95845115,0.3,0.5,-0.3212324120104313,-0.282520704716444,0.19147231057286263,-0.12968961025277773,0.2917171192911376,0.11111111111111116
2015-12-03,10,0.19986244,0.55694556,0.24319205,-0.35708314,0.6418684,0.9576817,0.3,0.6,-0.285596189647913,-0.2922096915543079,-0.07148695215582845,-0.26051943004131317,0.2690359895228815,0.0
2015-12-04,9,0.20789969,0.41818076,0.37391958,-0.21028107,0.54920703,0.9697524,0.2222222222222222,0.3333333333333333,-0.19128660932183267,-0.3009587170556188,-0.018994464725255955,-0.23237477242946625,0.15307017658660826,-0.09999999999999998
2015-12-07,16,0.29281488,0.5308971,0.17628804,-0.23808217,0.7248561,0.95710945,0.25,0.625,-0.24598430693149567,-0.2993062810972333,0.007902136445045477,-0.26848212877909344,0.08596927745951626,0.7777777777777777
2015-12-08,9,0.20245375,0.5516851,0.24586119,-0.34923133,0.6980949,0.9692935,0.2222222222222222,0.5555555555555556,-0.2568875640630722,-0.2971923129633069,-0.09234376847743986,-0.26586485902468365,0.09650612010150271,-0.4375
2015-12-09,10,0.123975754,0.4889105,0.38711375,-0.36493474,0.36137506,0.9583779,0.0,0.6,-0.3039224922657013,-0.3122168818488717,-0.06101225018501283,-0.31741608182589215,0.07366326003677554,0.11111111111111116
2015-12-10,9,0.23822525,0.43366382,0.32811093,-0.1954386,0.7322275,0.9737515,0.2222222222222222,0.4444444444444444,-0.2715935826301575,-0.2890184367075562,0.07615498900413514,-0.3032015562057495,0.07972141044070977,-0.09999999999999998
2015-12-11,10,0.123871125,0.56244755,0.31368133,-0.4385764,0.55209506,0.9739584,0.1,0.6,-0.3172526478767395,-0.2878133187070489,-0.12132375240325927,-0.33298324545224506,0.09889678914934191,0.11111111111111116
2015-12-14,17,0.07499326,0.57103646,0.3539703,-0.4960432,0.49455297,0.9615537,0.058823529411764705,0.5882352941176471,-0.36884485483169555,-0.2855323860421777,-0.12719835042953492,-0.37668606638908386,0.11348085680350803,0.7
2015-12-15,10,0.16002205,0.45879406,0.38118386,-0.29877204,0.5961503,0.960264,0.2,0.4,-0.3587529957294464,-0.3152084419503808,0.059980958700180054,-0.41113054752349854,0.11782179433453792,-0.4117647058823529
2015-12-16,10,0.35722244,0.3787089,0.26406866,-0.02148645,0.6916743,0.971555,0.4,0.4,-0.29006333723664285,-0.28274723030626775,0.2685768872499466,-0.2721005640923977,0.19081867298974656,0.0
2015-12-17,10,0.23929843,0.56843513,0.19226642,-0.32913667,0.6184731,0.95689136,0.2,0.7,-0.3168029524385929,-0.2926549892872572,-0.012333717197179794,-0.2164650522172451,0.18346996480481947,0.0
2015-12-18,9,0.29921657,0.4099973,0.29078615,-0.110780746,0.7668906,0.9536477,0.2222222222222222,0.4444444444444444,-0.2512438215315342,-0.2863752659410238,0.14046307578682898,-0.15380128845572472,0.1875975018272617,-0.09999999999999998
2015-12-21,19,0.14819092,0.45318326,0.3986258,-0.30499238,0.59329015,0.9600909,0.10526315789473684,0.47368421052631576,-0.21303365603089333,-0.2907949883490801,-0.09195872172713279,-0.24830326437950134,0.13823293389364494,1.1111111111111112
2015-12-22,10,0.059222274,0.5841023,0.35667542,-0.52488005,0.53229505,0.97253066,0.0,0.6,-0.25825525894761087,-0.2945781696587801,-0.26662479266524314,-0.31355105837186176,0.19755095144090767,-0.4736842105263158
2015-12-23,10,0.055702634,0.77472436,0.16957302,-0.7190217,0.46897906,0.97038716,0.0,0.8,-0.39776230454444883,-0.3282451365143061,-0.3212593734264374,-0.5162980357805887,0.2318623831110832,0.0
2015-12-24,5,0.20177121,0.034328997,0.7638998,0.16744223,0.24763729,0.080206916,0.2,0.0,-0.298446524143219,-0.29310981221497057,0.46588875651359557,-0.35881983240445453,0.3465794383711906,-0.5
2015-12-29,17,0.304375,0.27313176,0.42249325,0.031243244,0.60130996,0.9563988,0.23529411764705882,0.29411764705882354,-0.27004172615706923,-0.2574562012217939,0.30128497034311297,-0.17344540047148863,0.3707802464474991,2.4
2015-12-30,10,0.28081828,0.5203606,0.19882113,-0.23954234,0.7421571,0.9613105,0.3,0.5,-0.25695171765983105,-0.2712036338634789,0.01740938238799572,-0.013618952905138334,0.37039299662906106,-0.4117647058823529
2015-12-31,10,0.22358432,0.2971296,0.47928604,-0.07354528,0.6188109,0.9738235,0.2,0.3,-0.1666847627609968,-0.26014514537528155,0.09313948564231395,-0.09394812273482482,0.3427373638702865,0.0
2016-01-04,17,0.061191488,0.72224593,0.21656257,-0.66105443,0.35835886,0.9683482,0.058823529411764705,0.7647058823529411,-0.15509131364524364,-0.2867098619230092,-0.5059631187468767,-0.3247140149275462,0.31958131375544496,0.7
2016-01-05,10,0.3552369,0.5670471,0.07771603,-0.21181023,0.7353774,0.94448483,0.4,0.6,-0.23094180636107922,-0.27944621639326217,0.019131575152277952,-0.31546998023986816,0.2640793088660209,-0.4117647058823529
2016-01-06,10,0.08051585,0.77965283,0.13983133,-0.699137,0.3843474,0.95944685,0.0,0.8,-0.3770178496837616,-0.30388901131227614,-0.32211912274360655,-0.5240005453427633,0.28404497272351636,0.0
2016-01-07,10,0.1760074,0.5919141,0.23207848,-0.41590673,0.6347392,0.9614615,0.1,0.7,-0.4122907280921936,-0.3127802391536534,-0.00361599922180178,-0.44228464365005493,0.27345846764291654,0.0
2016-01-08,10,0.20144968,0.76551354,0.033036765,-0.5640639,0.71769744,0.9686905,0.2,0.8,-0.5103944540023804,-0.3235218678601086,-0.05366945266723633,-0.5597025354703268,0.1995514007063031,0.0
2016-01-11,18,0.19749531,0.47225487,0.33024982,-0.27475956,0.6261522,0.9695024,0.16666666666666666,0.5555555555555556,-0.4331354796886444,-0.31901310877874495,0.15837591886520386,-0.4182433982690175,0.20140982742308713,0.8
2016-01-12,10,0.26819986,0.5005086,0.23129158,-0.23230872,0.7055794,0.96513814,0.3,0.5,-0.43723517656326294,-0.3208566148765385,0.20492646098136902,-0.3570440610249837,0.19591207232135815,-0.4444444444444444
2016-01-13,10,0.2134504,0.31756514,0.46898445,-0.10411473,0.6258033,0.9289822,0.2,0.3,-0.31823072880506514,-0.3041335315443575,0.2141159951686859,-0.20372767001390457,0.17684212324329557,0.0
2016-01-14,10,0.31087604,0.5304528,0.1586712,-0.21957675,0.72844166,0.97177416,0.4,0.5,-0.2789647325873375,-0.29031020859256385,0.05938798636198045,-0.18533339848121008,0.17144639214055768,0.0
2016-01-15,10,0.13602187,0.64622986,0.21774831,-0.51020795,0.5886132,0.9635176,0.1,0.7,-0.26819354146718977,-0.3008820042945445,-0.2420144096016884,-0.2779664769768715,0.14932117712553833,0.0
2016-01-18,15,0.09514711,0.5877581,0.3170948,-0.49261102,0.49923107,0.9665744,0.06666666666666667,0.5333333333333333,-0.311763833463192,-0.3244382328353822,-0.18084718734025956,-0.40746523936589557,0.18028830830852285,0.5
2016-01-19,10,0.20994294,0.57835454,0.2117025,-0.36841163,0.5848694,0.9594578,0.2,0.6,-0.33898441642522814,-0.32640198087319733,-0.029427213966846444,-0.4570768674214681,0.1755039550169707,-0.33333333333333337
2016-01-20,10,0.05154704,0.6696187,0.27883428,-0.6180717,0.42748725,0.968839,0.0,0.7,-0.4417758047580719,-0.35176652735099195,-0.17629587054252627,-0.49303144216537476,0.15256321272071244,0.0
2016-01-21,10,0.27189383,0.47315997,0.25494617,-0.20126614,0.698303,0.95735395,0.3,0.5,-0.43811368346214297,-0.34658021545037626,0.2368475437164307,-0.395916481812795,0.1593012532846678,0.0
2016-01-22,10,0.18597424,0.49085888,0.32316688,-0.30488467,0.649647,0.9484924,0.2,0.5,-0.3970490276813507,-0.3355804464779794,0.0921643555164337,-0.3747408290704091,0.16250262570938165,0.0
2016-01-25,17,0.30284247,0.52475977,0.17239776,-0.22191727,0.75487745,0.97427225,0.29411764705882354,0.6470588235294118,-0.34291027784347533,-0.31072522616013887,0.12099300622940062,-0.24268936117490134,0.16771436263292472,0.7
2016-01-26,10,0.09729914,0.7244129,0.17828791,-0.6271138,0.52889204,0.9525218,0.1,0.8,-0.3946507155895233,-0.3504530287347734,-0.23246310353279115,-0.38463858763376874,0.21168868600868485,-0.4117647058823529
2016-01-27,10,0.117763,0.35330573,0.5289313,-0.23554273,0.45484224,0.9638541,0.0,0.4,-0.3181449264287949,-0.36379232741892337,0.08260219693183901,-0.36152460674444836,0.17704600126875214,0.0
2016-01-28,10,0.11700068,0.5730547,0.3099447,-0.45605397,0.43437743,0.9691055,0.1,0.7,-0.36910249292850494,-0.37461790926754474,-0.08695147931575775,-0.4395701736211777,0.1715779942798474,0.0
2016-01-29,10,0.10794214,0.6687174,0.22334047,-0.5607752,0.42015085,0.9732852,0.1,0.8,-0.42028060257434846,-0.39897940643131735,-0.14049461781978606,-0.41745730737845105,0.18525289734593947,0.0
2016-02-01,15,0.2025712,0.5506322,0.24679662,-0.34806097,0.6304085,0.9705803,0.13333333333333333,0.6,-0.4455093413591385,-0.38332973308861257,0.0974483758211136,-0.4549633860588074,0.15808206927171417,0.5
2016-02-02,7,0.23259988,0.59303993,0.17436017,-0.36044005,0.64713246,0.9614702,0.14285714285714285,0.7142857142857143,-0.3921745866537094,-0.39076122380793094,0.031734541058540344,-0.4230920771757762,0.12246773140465254,-0.5333333333333333
2016-02-03,10,0.07219372,0.5653691,0.3624372,-0.49317536,0.50461775,0.9691747,0.0,0.6,-0.44370111227035525,-0.3804631430655718,-0.04947424530982969,-0.4005587895711263,0.08998066984408787,0.4285714285714286
2016-02-04,10,0.11059054,0.5164705,0.37293896,-0.4058799,0.5240399,0.971993,0.1,0.5,-0.4336663007736206,-0.3799618024379015,0.027786386013031017,-0.4198317726453145,0.0910500499794285,0.0
2016-02-05,8,0.15604697,0.65190095,0.19205208,-0.49585396,0.5614627,0.94778156,0.125,0.75,-0.4206820487976074,-0.3765513051301241,-0.0751719117164612,-0.4649697442849477,0.07076037023829468,-0.19999999999999996
2016-02-08,15,0.120320864,0.53443116,0.345248,-0.41411024,0.515121,0.9560068,0.06666666666666667,0.6,-0.43389190435409547,-0.3835188392549753,0.019781661033630382,-0.43861470619837445,0.05900208780068711,0.875
2016-02-09,10,0.15780789,0.6419269,0.20026521,-0.48411903,0.6076591,0.96871144,0.1,0.7,-0.45862770080566406,-0.3961093548685312,-0.025491327047348022,-0.46469441056251526,0.04470256063338813,-0.33333333333333337
2016-02-10,10,0.24498563,0.5736867,0.1813277,-0.32870108,0.7325165,0.96151626,0.3,0.6,-0.4257328450679779,-0.4073386721313,0.09703176617622378,-0.4089767833550771,0.06758384520738113,0.0
2016-02-11,10,0.06169005,0.6120428,0.32626718,-0.55035275,0.43734533,0.94467294,0.0,0.7,-0.4546274125576019,-0.4238774724304676,-0.0957253396511078,-0.454390952984492,0.08548655858375258,0.0
2016-02-12,10,0.13214234,0.6210776,0.24678011,-0.48893523,0.5592333,0.9642732,0.1,0.7,-0.45324366688728335,-0.4228138364851475,-0.03569156527519224,-0.4559963544209798,0.08470482758262148,0.0
2016-02-15,16,0.15440309,0.5998977,0.2456992,-0.4454946,0.5597352,0.9531646,0.125,0.75,-0.45952053666114806,-0.42045801505446434,0.014025944471359242,-0.4949275255203247,0.08220592909125167,0.6000000000000001
2016-02-16,10,0.39732558,0.46412545,0.13854897,-0.06679988,0.7998328,0.9476015,0.4,0.5,-0.37605670690536497,-0.4053774274885654,0.3092568278312683,-0.3337432344754537,0.19093495872299138,-0.375
2016-02-17,10,0.3670122,0.37481827,0.25816953,-0.007806045,0.54331034,0.964876,0.5,0.4,-0.31187770012766125,-0.3748641459736973,0.3040716551244259,-0.17336683875570694,0.25426162892881227,0.0
2016-02-18,10,0.43060365,0.27281448,0.29658183,0.1577892,0.68596923,0.9527992,0.5,0.2,-0.1702493095770478,-0.35691137895919384,0.3280385101214051,0.02772775882234176,0.2837338303120318,0.0
2016-02-19,10,0.2678484,0.23173288,0.5004188,0.03611551,0.57682115,0.9129701,0.3,0.2,-0.06523916143923998,-0.3398613699246198,0.10135466996580363,0.06203288802256187,0.22798553171820854,0.0
2016-02-22,14,0.192346,0.6269433,0.18071064,-0.4345973,0.632645,0.9499118,0.14285714285714285,0.7142857142857143,-0.06305970568209887,-0.35049537201412023,-0.3715376077219844,-0.08023086811105411,0.22344860279376844,0.3999999999999999
2016-02-23,9,0.28433645,0.19834866,0.5173149,0.08598776,0.5216999,0.81440085,0.2222222222222222,0.2222222222222222,-0.03250217754393816,-0.31484029297716914,0.11848993916064501,-0.10416468108693759,0.23305013320290288,-0.3571428571428571
2016-02-24,10,0.32248953,0.36861995,0.30889052,-0.04613041,0.7509436,0.9462836,0.3,0.4,-0.040167050808668135,-0.30536967706866563,-0.005963360518217088,-0.13157998770475388,0.23266474632307102,0.11111111111111116
2016-02-25,10,0.27453783,0.4950859,0.23037624,-0.22054808,0.6803658,0.9596129,0.3,0.5,-0.1158345066010952,-0.29359438237734137,-0.10471357181668281,-0.060230242709318794,0.21286988694235134,0.0
2016-02-26,10,0.36464423,0.35023043,0.28512534,0.014413779,0.68768924,0.9061718,0.4,0.3,-0.1201748525723815,-0.26483493242412803,0.13458863124251366,-0.08408823702484369,0.20918650217595586,0.0
2016-02-29,14,0.13676004,0.6206018,0.24263814,-0.4838418,0.5782985,0.9711992,0.14285714285714285,0.6428571428571429,-0.1300237512215972,-0.2716239744797349,-0.35381805542856454,-0.22999203546593586,0.22800391244460008,0.3999999999999999
2016-03-01,10,0.16886601,0.6698696,0.16126436,-0.5010036,0.6839594,0.97220653,0.2,0.7,-0.24742202814668418,-0.2786521533504128,-0.25358159486204385,-0.32347721699625254,0.23978972602458687,-0.2857142857142857
2016-03-02,9,0.26065147,0.5798495,0.15949903,-0.319198,0.7710793,0.96390224,0.2222222222222222,0.6666666666666666,-0.3020355483517051,-0.2699532860890031,-0.01716246400028465,-0.43468114733695984,0.21196505890628306,-0.09999999999999998
2016-03-03,10,0.23496251,0.4818937,0.28314382,-0.24693117,0.68405116,0.9728713,0.2,0.5,-0.3073121657595038,-0.2620058486238122,0.06038100030273197,-0.3557109336058299,0.20974616599012813,0.11111111111111116
2016-03-04,8,0.27402067,0.58040696,0.14557232,-0.3063863,0.7316893,0.97001284,0.25,0.625,-0.37147217988967896,-0.25253246519714595,0.06508588790893555,-0.290838489929835,0.11389090552742259,-0.19999999999999996
2016-03-07,16,0.16893737,0.5939796,0.23708305,-0.42504224,0.59892416,0.9633509,0.1875,0.6875,-0.3597122669219971,-0.2530790651217103,-0.06532997488975523,-0.32611989974975586,0.10177904278194072,1.0
2016-03-08,10,0.22298665,0.54495215,0.23206119,-0.3219655,0.63365895,0.9756623,0.2,0.6,-0.32390463948249815,-0.24497138801962137,0.0019391536712646262,-0.35113133986790973,0.06419995222661612,-0.375
2016-03-09,8,0.11321099,0.6702065,0.2165825,-0.55699545,0.44465554,0.972181,0.125,0.75,-0.3714641273021698,-0.25638610664755107,-0.18553132414817808,-0.4346677263577779,0.12194894970861535,-0.19999999999999996
2016-03-10,10,0.1803567,0.4379963,0.38164702,-0.2576396,0.6046006,0.9523768,0.2,0.4,-0.37360581159591677,-0.2417504483833909,0.11596622467041018,-0.378866841395696,0.11927994245475478,0.25
2016-03-11,9,0.08809088,0.5189463,0.3929628,-0.4308554,0.48445448,0.958578,0.0,0.5555555555555556,-0.3984996318817139,-0.23884645644575359,-0.032355761528015115,-0.41516347726186115,0.11464222394747535,-0.09999999999999998
2016-03-14,15,0.22855422,0.52233624,0.24910952,-0.29378203,0.68708736,0.967228,0.2,0.6,-0.372247588634491,-0.23126082811504603,0.07846556305885316,-0.3274256686369578,0.12184701073661819,0.6666666666666667
2016-03-15,10,0.22155361,0.3247183,0.45372814,-0.10316467,0.6354479,0.97000355,0.2,0.3,-0.32848742604255676,-0.23307906780391932,0.22532275319099426,-0.27593403061230976,0.1729807378390362,-0.33333333333333337
2016-03-16,10,0.16556163,0.61861956,0.21581881,-0.45305794,0.5964335,0.96240866,0.2,0.6,-0.3076999247074127,-0.25534166279248893,-0.145358020067215,-0.283334881067276,0.14215364755781498,0.0
2016-03-17,10,0.22298995,0.56471604,0.21229401,-0.34172612,0.7052986,0.9696941,0.2,0.7,-0.32451723217964173,-0.2803174290340394,-0.017208892107009877,-0.2993162473042806,0.13970350187258743,0.0
2016-03-18,7,0.25575283,0.3539278,0.3903194,-0.098174945,0.42652956,0.8141311,0.14285714285714285,0.42857142857142855,-0.25798114240169523,-0.2870319516863674,0.1598061978816986,-0.297653004527092,0.15480313641555102,-0.30000000000000004
2016-03-21,12,0.1677407,0.4451083,0.38715097,-0.27736762,0.62618613,0.9666904,0.16666666666666666,0.5,-0.2546982616186142,-0.27917046709917487,-0.022669360041618347,-0.23908956348896027,0.15402620717526821,0.7142857142857142
2016-03-22,10,0.41233486,0.31362048,0.27404466,0.0987144,0.68904895,0.9560103,0.4,0.3,-0.21432244777679443,-0.2785341353621334,0.31303684413433075,-0.09227605660756429,0.21718847607745773,-0.16666666666666663
2016-03-23,10,0.25178277,0.5604906,0.18772662,-0.3087078,0.63729936,0.94967633,0.3,0.5,-0.18545241951942443,-0.291663004970178,-0.12325538396835328,-0.1624536762634913,0.18468209289978102,0.0
2016-03-24,10,0.08294489,0.76343775,0.15361734,-0.6804928,0.39781296,0.9700069,0.0,0.8,-0.2532057583332062,-0.3146602419670671,-0.4272870600223541,-0.2968287418286006,0.28901593936471043,0.0
2016-03-29,23,0.16791509,0.4415783,0.39050665,-0.2736632,0.5063811,0.9631456,0.13043478260869565,0.4782608695652174,-0.28830340802669524,-0.32906409054994584,0.014640215039253224,-0.4209546049435933,0.27583762486219854,1.2999999999999998
2016-03-30,7,0.18403137,0.1410396,0.6749291,0.042991754,0.29348707,0.63793945,0.0,0.14285714285714285,-0.22423153296113013,-0.30272241253405807,0.26722328662872313,-0.30372141922513646,0.3136305342377319,-0.6956521739130435
2016-03-31,9,0.42933983,0.26502666,0.30563354,0.1643132,0.72110915,0.9148065,0.4444444444444444,0.2222222222222222,-0.21111177280545235,-0.26945657152682545,0.37542496994137764,-0.022119414061307907,0.3313867610191166,0.2857142857142858
2016-04-01,10,0.2132067,0.522347,0.26444638,-0.30914026,0.6365423,0.97038484,0.2,0.6,-0.21119826510548592,-0.2689536841586232,-0.09794199988245963,-0.03394510472814242,0.3314186567564515,0.11111111111111116
2016-04-04,10,0.13847825,0.5147785,0.3467433,-0.37630025,0.6020708,0.9718675,0.1,0.5,-0.15035975053906442,-0.27542213816195726,-0.22594049498438834,-0.173709104458491,0.23867758909222436,0.0
2016-04-05,8,0.110942766,0.7297991,0.15925814,-0.6188563,0.47086948,0.96363306,0.125,0.75,-0.2193983741104603,-0.29104563910514114,-0.3994579367339611,-0.43476560711860657,0.3195002333781123,-0.19999999999999996
2016-04-06,10,0.26639956,0.27396423,0.45963627,-0.007564664,0.62270725,0.9467407,0.3,0.3,-0.22950965762138367,-0.27017176020890477,0.22194499373435975,-0.3342404067516327,0.30977223401844994,0.25
2016-04-07,9,0.12737654,0.49881098,0.3738125,-0.37143442,0.49901694,0.9732255,0.0,0.5555555555555556,-0.33665918111801146,-0.27264520693570377,-0.03477523922920228,-0.33261846502621967,0.21879010677641486,-0.09999999999999998
2016-04-08,10,0.17167473,0.443726,0.38459927,-0.2720513,0.6252392,0.9674893,0.2,0.4,-0.3292413890361786,-0.2583979995921254,0.05719008445739748,-0.21701679627100626,0.2205777709006669,0.11111111111111116
2016-04-11,14,0.12798359,0.6265691,0.24544735,-0.4985855,0.52643275,0.9556556,0.07142857142857142,0.7142857142857143,-0.3536984384059906,-0.2704452948644757,-0.14488705396652224,-0.38069040576616925,0.23350073078233527,0.3999999999999999
2016-04-12,10,0.29725853,0.34444076,0.3583007,-0.04718222,0.5858106,0.9570445,0.2,0.4,-0.2393636204302311,-0.2512616362422705,0.19218139946460724,-0.27260633930563927,0.20998309832797443,-0.2857142857142857
2016-04-13,10,0.41898203,0.39167243,0.18934558,0.027309602,0.80566895,0.92134476,0.5,0.4,-0.2323887672275305,-0.23520705485716462,0.25969836935400964,-0.17281937040388584,0.2199501164025198,0.0
2016-04-14,10,0.11852018,0.78742343,0.09405641,-0.66890323,0.5906586,0.97388023,0.1,0.8,-0.29188252948224547,-0.2634939827956259,-0.3770207021385431,-0.2295919501533111,0.29454450430235457,0.0
2016-04-15,10,0.15432945,0.5605995,0.28507105,-0.4062701,0.65822685,0.9600322,0.1,0.6,-0.3187262859195471,-0.261154589895159,-0.0875438008457422,-0.34928790541986626,0.2983765069256304,0.0
2016-04-18,6,0.16956855,0.6853333,0.14509813,-0.5157648,0.6990352,0.9433338,0.16666666666666666,0.8333333333333334,-0.3221621420234442,-0.26985652232542634,-0.19360263086855412,-0.530312697092692,0.30105230658775556,-0.4
2016-04-19,8,0.25083995,0.5144421,0.23471797,-0.26360214,0.70982045,0.97133595,0.25,0.5,-0.36544612534344195,-0.27812788197770716,0.10184398777782916,-0.3952123324076335,0.2650366796710122,0.33333333333333326
2016-04-20,8,0.20269115,0.5567826,0.24052624,-0.35409147,0.70912343,0.9618161,0.125,0.625,-0.4417263388633728,-0.2819640741683543,0.08763487339019777,-0.3778194586435954,0.1563300021199148,0.0
2016-04-21,10,0.0655498,0.5970402,0.33741003,-0.5314904,0.4172035,0.95123935,0.0,0.6,-0.41424376964569093,-0.31347431326285,-0.11724661588668822,-0.38306132952372235,0.11228096863305466,0.25
2016-04-22,10,0.29527354,0.22551122,0.47921523,0.069762334,0.5331297,0.9453621,0.3,0.2,-0.3190372854471207,-0.2945508063770831,0.38879961967468263,-0.27193983892599743,0.24459406139016016,0.0
2016-04-25,16,0.085943274,0.4572378,0.4568189,-0.37129453,0.51716834,0.97467333,0.0625,0.5,-0.2901432365179062,-0.27909089187160135,-0.08115129172801971,-0.27767419318358105,0.22313661973120485,0.6000000000000001
2016-04-26,8,0.3845844,0.40842062,0.20699498,-0.023836218,0.8195522,0.97182906,0.5,0.375,-0.24219005256891252,-0.26659954311326145,0.21835383474826814,-0.10845613727966945,0.25390808537730314,-0.5
2016-04-27,10,0.13072549,0.6956786,0.17359594,-0.5649531,0.6563024,0.97303855,0.1,0.7,-0.2843623772263527,-0.2969967852346599,-0.28059071153402326,-0.3200279449423154,0.29182134507536045,0.25
2016-04-28,10,0.11745231,0.6987362,0.18381147,-0.5812839,0.5225548,0.95320356,0.1,0.8,-0.2943210855126381,-0.33427664143964647,-0.28696284145116807,-0.39002441118160885,0.302998789033018,0.0
2016-04-29,10,0.21259388,0.4607431,0.326663,-0.24814923,0.6394339,0.9715469,0.2,0.5,-0.3579033985733986,-0.33122708974406123,0.10975416749715805,-0.46479541560014087,0.2326986331951135,0.0
2016-05-03,19,0.2217898,0.43884096,0.33936924,-0.21705115,0.68257457,0.97118205,0.21052631578947367,0.47368421052631576,-0.32705472260713575,-0.3232646348886192,0.11000357419252393,-0.34882810215155285,0.24057038758959168,0.8999999999999999
2016-05-04,10,0.10578431,0.5808031,0.31341258,-0.4750188,0.60081017,0.9728133,0.1,0.6,-0.41729123890399933,-0.31607275931164625,-0.05772756040096283,-0.31340639293193817,0.1737348608664505,-0.4736842105263158
2016-05-05,10,0.22004142,0.4404975,0.33946112,-0.22045608,0.6756385,0.9585078,0.3,0.4,-0.34839183688163755,-0.32671733004972336,0.12793575823307035,-0.30417534212271374,0.1687747225858474,0.0
2016-05-06,8,0.15620573,0.4082339,0.43556038,-0.25202817,0.6437936,0.9606307,0.125,0.375,-0.28254068493843076,-0.3207470173947513,0.030512517690658547,-0.31583434840043384,0.108748549504058,-0.19999999999999996
2016-05-09,13,0.19759534,0.3749285,0.4274762,-0.17733315,0.608458,0.9704781,0.23076923076923078,0.38461538461538464,-0.26837746798992157,-0.316011109482497,0.09104432165622711,-0.2166057974100113,0.11851989135352496,0.625
2016-05-10,10,0.2937802,0.4525617,0.25365812,-0.1587815,0.6669128,0.97022814,0.3,0.4,-0.2567235380411148,-0.29902090979740026,0.0979420393705368,-0.1960476040840149,0.12736333222266782,-0.23076923076923073
2016-05-11,8,0.03562335,0.77346736,0.19090933,-0.737844,0.34438893,0.9678188,0.0,0.875,-0.3092885762453079,-0.33355399826541543,-0.4285554140806198,-0.3579862117767334,0.24232948948121072,-0.19999999999999996
2016-05-12,10,0.25283957,0.4992357,0.24792472,-0.24639614,0.6227372,0.9616624,0.2,0.6,-0.31447658836841585,-0.34723928533494475,0.0680804491043091,-0.38100720942020416,0.24022072898696145,0.25
2016-05-13,7,0.2776347,0.4119853,0.31038,-0.13435058,0.77389586,0.94859624,0.2857142857142857,0.42857142857142855,-0.29094107151031495,-0.3205116529017687,0.1565904885530472,-0.37286357084910077,0.2532784852174256,-0.30000000000000004
2016-05-16,14,0.23251832,0.27683303,0.49064866,-0.04431473,0.5799176,0.8971454,0.21428571428571427,0.2857142857142857,-0.26433738842606547,-0.3024138851091266,0.2200226575136185,-0.14168715104460716,0.2743077540563052,1.0
2016-05-17,10,0.32670897,0.42167944,0.25161162,-0.09497047,0.78039694,0.95247304,0.3,0.5,-0.25157518312335014,-0.28137417007237675,0.15660471096634865,-0.09121192867557208,0.2818278343178393,-0.2857142857142857
2016-05-18,10,0.15312475,0.64422905,0.20264617,-0.4911043,0.6022691,0.9445139,0.1,0.7,-0.20222724601626396,-0.2927492784336209,-0.28887705877423286,-0.2101298359533151,0.1777979650965713,0.0
2016-05-19,10,0.28994545,0.52512825,0.18492624,-0.2351828,0.6924159,0.948164,0.3,0.6,-0.19998457953333854,-0.28680384550243615,-0.03519822731614114,-0.273752527932326,0.17717117123297077,0.0
2016-05-20,10,0.21275318,0.4041511,0.3830957,-0.19139794,0.71788573,0.9680779,0.2,0.4,-0.21139404997229577,-0.2697992229834199,0.01999611482024194,-0.30589501559734344,0.17369047508495278,0.0
2016-05-23,13,0.1007389,0.5250164,0.37424466,-0.42427757,0.41579613,0.94869095,0.07692307692307693,0.6153846153846154,-0.28738661855459213,-0.2945012183859944,-0.1368909552693367,-0.28361943860848743,0.16522943745914154,0.30000000000000004
2016-05-24,10,0.34099784,0.2504036,0.40859857,0.09059422,0.6156025,0.9407756,0.3,0.2,-0.25027368068695066,-0.27140678111463784,0.3408678978681564,-0.17502709726492563,0.22812373616935042,-0.23076923076923073
2016-05-25,10,0.17844696,0.5000339,0.32151917,-0.3215869,0.65014076,0.9673826,0.2,0.5,-0.21637020111083985,-0.2862943155691028,-0.10521670579910278,-0.2184234211842219,0.193326610368854,0.0
2016-05-26,10,0.28407222,0.38980287,0.3261249,-0.10573065,0.6218043,0.95196664,0.3,0.4,-0.19047977030277252,-0.26333319377154113,0.08474911749362946,-0.11224111417929332,0.19876892147883185,0.0
2016-05-27,7,0.25925407,0.40947458,0.33127132,-0.15022053,0.57105774,0.9073322,0.2857142857142857,0.42857142857142855,-0.1822442889213562,-0.24178002383559943,0.03202376067638396,-0.19251269598801932,0.19957278394102984,-0.30000000000000004
2016-05-31,18,0.25801587,0.38577384,0.3562103,-0.12775798,0.64859617,0.9740592,0.2222222222222222,0.3888888888888889,-0.12294037044048309,-0.23576046135276557,-0.004817610979080206,-0.12790305415789285,0.14673194721022045,1.5714285714285716
2016-06-01,10,0.2188634,0.5997776,0.18135905,-0.38091415,0.6991456,0.9656094,0.2,0.7,-0.21724204421043397,-0.2439536115154624,-0.1636721074581146,-0.21963088711102804,0.12511043185889983,-0.4444444444444444
2016-06-02,10,0.1784839,0.4986747,0.32284144,-0.32019073,0.6112653,0.9385917,0.2,0.5,-0.2169628083705902,-0.23621220793575048,-0.10322791934013367,-0.27628762026627857,0.12482054301984304,0.0
2016-06-03,10,0.15172704,0.64286596,0.20540705,-0.49113894,0.5698992,0.9685569,0.1,0.6,-0.29404446482658386,-0.24974635075777768,-0.19709447026252747,-0.3974146048227946,0.15444474664147648,0.0
2016-06-06,16,0.20492181,0.3360596,0.4590186,-0.13113779,0.52817285,0.95688564,0.1875,0.375,-0.2902279168367386,-0.24370183181017638,0.15909012854099275,-0.31415581703186035,0.1590543534395531,0.6000000000000001
2016-06-07,10,0.2370548,0.33298475,0.42996043,-0.095929936,0.5730015,0.8854458,0.2,0.3,-0.28386230766773224,-0.23963167127221824,0.18793237209320068,-0.23940221965312958,0.16759010270593416,-0.375
2016-06-08,9,0.097705714,0.7766747,0.12561959,-0.67896897,0.49301106,0.97469884,0.1111111111111111,0.8888888888888888,-0.34347327053546906,-0.26564104463905097,-0.3354956954717636,-0.30201222995917004,0.24559552452665784,-0.09999999999999998
2016-06-09,9,0.27279568,0.42195693,0.3052474,-0.14916126,0.73295236,0.94048965,0.2222222222222222,0.4444444444444444,-0.30926737785339353,-0.2362069083377719,0.16010611355304716,-0.30802005529403687,0.2610715946660708,0.0
2016-06-10,10,0.066606656,0.59871376,0.3346796,-0.5321071,0.42548895,0.9655537,0.0,0.6,-0.3174610137939453,-0.25049245711416007,-0.2146461009979248,-0.45341244836648303,0.2687369144924891,0.11111111111111116
2016-06-13,14,0.20917186,0.36764318,0.42318493,-0.15847133,0.62314856,0.93498075,0.21428571428571427,0.35714285714285715,-0.3229277223348618,-0.2516984945163131,0.1644563913345337,-0.27991323669751483,0.2642395065121693,0.3999999999999999
2016-06-14,7,0.15685043,0.6529394,0.19021022,-0.49608898,0.6983179,0.96482533,0.14285714285714285,0.7142857142857143,-0.402959531545639,-0.2742872070521116,-0.09312945008277895,-0.3955558091402054,0.23755075315891433,-0.5
2016-06-15,10,0.06812741,0.71528137,0.21659116,-0.647154,0.378896,0.9737388,0.0,0.8,-0.39659653306007386,-0.3018963821232319,-0.2505574405193329,-0.4339047620693843,0.22856548304873575,0.4285714285714286
2016-06-16,10,0.11912775,0.7766175,0.104254745,-0.6574898,0.59857666,0.9675607,0.1,0.8,-0.4982622355222702,-0.31021565571427345,-0.1592275410890579,-0.6002442439397176,0.20256493846668286,0.0
2016-06-17,9,0.3766209,0.3731669,0.25021225,0.003454036,0.70830536,0.9128305,0.4444444444444444,0.3333333333333333,-0.39115000534802674,-0.2982838135678321,0.3946040414273739,-0.4337299047037959,0.2988891137431227,-0.09999999999999998
2016-06-20,11,0.4236348,0.3291484,0.24721679,0.094486386,0.67921937,0.95268923,0.45454545454545453,0.36363636363636365,-0.3405584620311856,-0.28398959753103553,0.4350448476150632,-0.1865164516493678,0.3627136014412271,0.22222222222222232
2016-06-21,10,0.07482075,0.65399355,0.2711857,-0.5791728,0.47812438,0.9725692,0.0,0.7,-0.35717522371560334,-0.29173435834236444,-0.22199756633490325,-0.1604107894624273,0.3733668095343387,-0.09090909090909094
2016-06-22,10,0.21122436,0.46356887,0.32520673,-0.25234452,0.6403545,0.9581799,0.2,0.5,-0.2782133327797055,-0.3088812951464206,0.0258688138797879,-0.24567697445551553,0.33665189664032813,0.0
2016-06-23,6,0.3808978,0.35526493,0.26383725,0.025632868,0.6979226,0.92814296,0.3333333333333333,0.3333333333333333,-0.1415888039395213,-0.29152030642144383,0.16722167152911424,-0.2686281471202771,0.2777042407289664,-0.4
2016-06-24,7,0.09337183,0.42688677,0.4797414,-0.33351493,0.5643764,0.957878,0.0,0.42857142857142855,-0.20898259691894056,-0.3029095202218741,-0.12453233189880847,-0.18674219337602457,0.2745756619698279,0.16666666666666674
2016-06-27,18,0.09194455,0.7508474,0.15720803,-0.6589029,0.50544393,0.9621467,0.05555555555555555,0.8333333333333334,-0.35966045074164865,-0.32834363798610866,-0.29924243278801443,-0.3222616482526064,0.273122197644282,1.5714285714285716
2016-06-28,10,0.15975708,0.75209343,0.088149495,-0.59233636,0.5869004,0.96635014,0.2,0.8,-0.3622931640595198,-0.3515725567471236,-0.23004319258034228,-0.5282513896624247,0.2758172826183149,-0.4444444444444444
2016-06-29,10,0.38643584,0.37333447,0.2402297,0.013101382,0.6407558,0.96672666,0.5,0.3,-0.3092039838433266,-0.33187178005464374,0.322305366024375,-0.41271261932949227,0.32366678430849155,0.0
2016-06-30,8,0.2845122,0.6240176,0.09147023,-0.3395054,0.7059746,0.96277195,0.25,0.75,-0.38223163820803163,-0.3328375138808042,0.04272623397409914,-0.30624679289758205,0.2651311074489947,-0.19999999999999996
2016-07-01,9,0.36327308,0.25910604,0.3776209,0.10416704,0.58920455,0.96652114,0.4444444444444444,0.2222222222222222,-0.2946952451020479,-0.30307221529074013,0.39886228181421757,-0.07407899511357148,0.3453531776127176,0.125
2016-07-04,14,0.122004494,0.546085,0.33191052,-0.42408052,0.58377105,0.9741012,0.07142857142857142,0.5714285714285714,-0.24773077256977558,-0.3177193519193679,-0.17634974829852582,-0.21980629613002142,0.2958632735081026,0.5555555555555556
2016-07-05,10,0.12787764,0.5531571,0.31896526,-0.42527944,0.5943838,0.94445354,0.1,0.5,-0.21431938894093036,-0.33418682706542313,-0.21096004955470563,-0.24839764088392258,0.25363813980921684,-0.2857142857142857
2016-07-06,10,0.1311945,0.73305804,0.13574748,-0.6018635,0.6053925,0.97357464,0.1,0.8,-0.3373123660683632,-0.3303315539378673,-0.26455113738775254,-0.483741154273351,0.2646521751789587,0.0
2016-07-07,10,0.15356854,0.4831911,0.36324033,-0.3296226,0.6190021,0.9687657,0.1,0.5,-0.3353358045220375,-0.33935462054796517,0.005713208019733407,-0.45225517948468524,0.2646686062180725,0.0
2016-07-08,10,0.3529258,0.41176862,0.23530558,-0.05884279,0.7605698,0.96312743,0.4,0.4,-0.36793776974081993,-0.3156914042774588,0.30909498035907745,-0.3301096297800541,0.19885238479677944,0.0
2016-07-11,15,0.25357905,0.32175487,0.42466608,-0.06817579,0.59511465,0.9674849,0.26666666666666666,0.3333333333333333,-0.29675682410597803,-0.31117662736214696,0.22858103141188624,-0.15221372619271278,0.23427584330704848,0.5
2016-07-12,10,0.28517312,0.22594337,0.48888355,0.059229713,0.4849604,0.9338915,0.3,0.1,-0.19985499382019042,-0.283410692634061,0.2590847067534924,-0.02259628971417745,0.26589434537467266,-0.33333333333333337
2016-07-13,8,0.1847467,0.50187725,0.31337604,-0.31713057,0.67928284,0.9725513,0.125,0.5,-0.1429084062576294,-0.26690952223725617,-0.17422215938568114,-0.10869221513470013,0.1722841840974837,-0.19999999999999996
2016-07-14,10,0.18419963,0.49759173,0.31820863,-0.3133921,0.63484746,0.9732964,0.2,0.5,-0.13966230750083924,-0.24970463854260744,-0.17372979521751403,-0.1904309851427873,0.16798599383210205,0.25
2016-07-15,5,0.16093981,0.59805614,0.24100408,-0.43711632,0.6386096,0.97194743,0.2,0.8,-0.2153170146048069,-0.2717331565916538,-0.2217993102967739,-0.35587966442108154,0.20384191234810994,-0.5
2016-07-18,14,0.22372405,0.36947593,0.4068,-0.14575191,0.5578016,0.9291349,0.14285714285714285,0.35714285714285715,-0.23083223775029182,-0.2837450712919235,0.0850803293287754,-0.29875344534715015,0.19247808640568762,1.7999999999999998
2016-07-19,10,0.25896984,0.5235139,0.21751626,-0.2645441,0.74696606,0.9673104,0.3,0.5,-0.29558700025081636,-0.2680136367678642,0.031042900681495678,-0.28247077763080597,0.10514978964080063,-0.2857142857142857
2016-07-20,10,0.18668863,0.5968022,0.21650915,-0.41011357,0.43976653,0.9611094,0.1,0.7,-0.3141836017370224,-0.2759020894765854,-0.0959299713373184,-0.2734698603550593,0.11741907403049566,0.0
2016-07-21,10,0.13466936,0.61612093,0.24920973,-0.4814515,0.4799915,0.9743003,0.1,0.6,-0.3477954834699631,-0.3012563084252179,-0.13365602791309356,-0.38536972800890607,0.13917443186809447,0.0
2016-07-22,6,0.22591633,0.6612566,0.112827145,-0.43534026,0.795364,0.972294,0.16666666666666666,0.6666666666666666,-0.34744026958942414,-0.3063475747592747,-0.08789998590946196,-0.44230177998542786,0.13889144452977184,-0.4
2016-07-25,15,0.14013062,0.36296967,0.49689972,-0.22283901,0.47138107,0.95999664,0.06666666666666667,0.4,-0.36285769045352934,-0.28454438121989367,0.1400186777114868,-0.37987692654132843,0.11271881752963078,1.5
2016-07-26,10,0.12837239,0.7627789,0.10884875,-0.63440645,0.47510007,0.96993816,0.2,0.7,-0.43683016002178193,-0.28664788575842975,-0.19757628738880156,-0.4308619052171707,0.14793213079260056,-0.33333333333333337
2016-07-27,10,0.40572524,0.39495102,0.19932373,0.010774234,0.86809945,0.9671746,0.4,0.4,-0.35265259854495523,-0.28676424315199256,0.36342683285474775,-0.2821570752809445,0.25086962241832256,0.0
2016-07-28,10,0.101980984,0.75301135,0.14500771,-0.65103036,0.56714576,0.9648901,0.1,0.8,-0.38656836859881877,-0.30234049102291466,-0.2644619930535555,-0.42488752491772175,0.2821484547566336,0.0
2016-07-29,9,0.054416087,0.7537241,0.1918598,-0.699308,0.35385087,0.9717172,0.0,0.7777777777777778,-0.4393619131296873,-0.34251424176618456,-0.25994606502354145,-0.4465213684986035,0.3161971603280192,-0.09999999999999998
2016-08-01,14,0.1001717,0.6124631,0.2873652,-0.5122914,0.5184099,0.97236663,0.07142857142857142,0.7142857142857143,-0.49725238494575025,-0.34692478431388735,-0.01503898687660693,-0.6208765705426534,0.29223388865577704,0.5555555555555556
2016-08-02,7,0.16547644,0.67948914,0.15503441,-0.51401275,0.6358663,0.9678429,0.14285714285714285,0.7142857142857143,-0.47317364625632763,-0.3513614500872791,-0.04083910770714283,-0.5752040346463522,0.2829193027835604,-0.5
2016-08-03,10,0.19324584,0.54759777,0.25915638,-0.35435197,0.72933733,0.97223973,0.2,0.6,-0.5461988866329193,-0.33898587329313157,0.19184691905975337,-0.4602186977863312,0.13548333763833623,0.4285714285714286
2016-08-04,10,0.13314052,0.45098156,0.4158779,-0.31784102,0.5694708,0.95170397,0.1,0.5,-0.4795610189437866,-0.3383967946283519,0.1617199957370758,-0.39540191491444904,0.15196840764904904,0.0
2016-08-05,9,0.23223774,0.5058172,0.26194513,-0.27357942,0.651765,0.951603,0.2222222222222222,0.5555555555555556,-0.3944153070449829,-0.3491336260922253,0.1208358883857727,-0.315257469813029,0.11210298835644228,-0.09999999999999998
2016-08-08,9,0.23094422,0.50415236,0.2649035,-0.27320814,0.6087587,0.9536783,0.2222222222222222,0.5555555555555556,-0.3465986609458923,-0.3593852435238659,0.07339051961898801,-0.2882095277309418,0.09953965559886195,0.0
2016-08-09,10,0.09724675,0.65355074,0.24920246,-0.556304,0.46026474,0.9753361,0.0,0.7,-0.35505690574646,-0.3901619280688465,-0.2012470722198486,-0.36769717931747437,0.11749862133995821,0.11111111111111116
2016-08-10,9,0.1211031,0.64491796,0.23397896,-0.52381486,0.56635284,0.959374,0.1111111111111111,0.7777777777777778,-0.3889494836330414,-0.4004961426369846,-0.13486537337303162,-0.45110899209976196,0.13960562225756468,-0.09999999999999998
2016-08-11,10,0.3130259,0.46019182,0.22678235,-0.14716592,0.7244627,0.9596045,0.3,0.5,-0.3548144638538361,-0.3921848337166011,0.20764853954315188,-0.4090949197610219,0.17715515629063586,0.11111111111111116
2016-08-12,8,0.22665173,0.44587013,0.3274781,-0.21921842,0.60827684,0.9696853,0.25,0.375,-0.34394226372241976,-0.3812899383716285,0.12472384572029116,-0.2967330664396286,0.18488640364139547,-0.19999999999999996
2016-08-15,16,0.12773043,0.46619686,0.40607268,-0.33846644,0.5286132,0.9552739,0.0625,0.5,-0.35699392259120943,-0.39092566473409535,0.018527486920356773,-0.2349502593278885,0.1809052712274067,1.0
2016-08-16,7,0.36622116,0.456987,0.1767918,-0.090765834,0.80056447,0.965204,0.42857142857142855,0.42857142857142855,-0.26388629376888273,-0.38223675144836305,0.17312045991420744,-0.21615022917588553,0.17227493503521366,-0.5625
2016-08-17,10,0.12320731,0.62381065,0.25298208,-0.5006033,0.6067546,0.96621853,0.1,0.7,-0.25924398601055143,-0.3867612387053668,-0.24135933220386507,-0.3099451959133148,0.1636146001543952,0.4285714285714286
2016-08-18,8,0.37790656,0.4722134,0.14988007,-0.094306834,0.75740755,0.95576066,0.5,0.5,-0.24867216795682906,-0.36740400483831764,0.15436533391475676,-0.2285586620370547,0.1740423116910076,-0.19999999999999996
2016-08-19,8,0.32813117,0.30049065,0.37137815,0.027640529,0.6045669,0.9117381,0.375,0.375,-0.1993003785610199,-0.34425496561452745,0.22694090753793716,-0.18908987442652384,0.21474183348539996,0.0
2016-08-22,13,0.107970804,0.3310476,0.5609816,-0.22307682,0.44233623,0.93535095,0.07692307692307693,0.3076923076923077,-0.1762224555015564,-0.3442668559961021,-0.04685436487197875,-0.09658104181289673,0.20186096407227866,0.625
2016-08-23,9,0.4983335,0.36749256,0.13417393,0.13084091,0.70326567,0.9718103,0.5555555555555556,0.3333333333333333,-0.13190110623836518,-0.3060044880025089,0.262742018699646,-0.02153179297844569,0.24502783669595216,-0.3076923076923077
2016-08-24,5,0.40184838,0.55301315,0.04513853,-0.15116483,0.8292142,0.9701985,0.4,0.6,-0.06201340854167938,-0.31410144120454786,-0.08915142118930816,-0.08113357921441396,0.14156525130098416,-0.4444444444444444
2016-08-25,10,0.19828364,0.65911114,0.14260522,-0.46082753,0.6779823,0.9700163,0.2,0.7,-0.1353175476193428,-0.30459129959344866,-0.3255099818110466,-0.1603838155666987,0.22983974589033837,1.0
2016-08-26,7,0.42801014,0.14018154,0.43180832,0.2878286,0.45609814,0.43154946,0.42857142857142855,0.0,-0.0832799345254898,-0.25523447096347807,0.37110852897167207,-0.10805458823839824,0.2959151027314247,-0.30000000000000004
2016-08-30,15,0.17670593,0.27629116,0.5470029,-0.09958523,0.44008437,0.96257895,0.06666666666666667,0.3333333333333333,-0.05858161598443985,-0.2345991637557745,-0.04100361168384552,-0.09086138755083084,0.28632833019808035,1.1428571428571428
2016-08-31,9,0.13878776,0.7326229,0.12858932,-0.5938352,0.5676985,0.96168864,0.1111111111111111,0.7777777777777778,-0.20351683348417282,-0.23859028480947017,-0.3903183415532112,-0.13519726941982904,0.3440639629973194,-0.4
2016-09-01,7,0.31572422,0.5629465,0.1213293,-0.24722223,0.69532084,0.97247136,0.42857142857142855,0.42857142857142855,-0.22272831350564956,-0.23323379792273044,-0.024493916332721716,-0.3135475441813469,0.34309039154576637,-0.2222222222222222
2016-09-02,10,0.21747279,0.555247,0.22728018,-0.33777422,0.5694367,0.95480454,0.2,0.6,-0.19811765104532242,-0.2342304576188326,-0.13965656608343124,-0.392943874001503,0.3257145862818048,0.4285714285714286
2016-09-05,9,0.21620807,0.48073155,0.3030604,-0.26452345,0.6639983,0.9594895,0.2222222222222222,0.4444444444444444,-0.3085880592465401,-0.23377765901386738,0.044064612686634086,-0.28317329784234363,0.18138866254318767,-0.09999999999999998
2016-09-06,8,0.17858155,0.58971477,0.23170367,-0.41113323,0.5378038,0.94926435,0.125,0.75,-0.3708976596593857,-0.24067391343414785,-0.040235570073127724,-0.3378102978070577,0.14055984887322218,-0.11111111111111116
2016-09-07,7,0.2310896,0.5257293,0.24318106,-0.29463974,0.6476962,0.97415745,0.14285714285714285,0.5714285714285714,-0.3110585719347,-0.2275907013565302,0.0164188355207443,-0.3234321375687917,0.06564837670732947,-0.125
2016-09-08,7,0.16443403,0.4134316,0.42213437,-0.24899757,0.5763233,0.9237894,0.14285714285714285,0.42857142857142855,-0.3114136397838593,-0.2138498369604349,0.062416070699691795,-0.31825684507687885,0.06522019739681205,0.0
2016-09-09,7,0.16715987,0.42571506,0.40712506,-0.2585552,0.60827315,0.9263224,0.14285714285714285,0.5714285714285714,-0.29556983709335327,-0.2194193009287119,0.03701463341712952,-0.26739750305811566,0.06681822432021618,0.0
2016-09-12,12,0.24479061,0.4564745,0.29873487,-0.21168391,0.71080536,0.95149887,0.25,0.5,-0.2850019305944443,-0.21904257573187352,0.07331801652908326,-0.23974556227525076,0.07644159025602722,0.7142857142857142
2016-09-13,10,0.23697019,0.34200025,0.42102957,-0.10503006,0.5389728,0.9712903,0.2,0.3,-0.2237812966108322,-0.20737075693905355,0.11875123679637908,-0.1917563925186793,0.0726536413514443,-0.16666666666666663
2016-09-14,9,0.0915379,0.688542,0.21992013,-0.5970041,0.3846467,0.9711042,0.1111111111111111,0.7777777777777778,-0.2842541724443436,-0.2326826710253954,-0.31274994313716886,-0.3045726964871089,0.18513759542412575,-0.09999999999999998
2016-09-15,10,0.18385601,0.6592837,0.15686029,-0.4754277,0.7074821,0.9689613,0.2,0.7,-0.3295401960611343,-0.23142388947308062,-0.145887491106987,-0.3924872875213623,0.20134167597268088,0.11111111111111116
2016-09-16,10,0.10684502,0.4044922,0.4886628,-0.29764715,0.47861436,0.93336004,0.1,0.5,-0.3373585850000381,-0.24159090518951415,0.03971143662929533,-0.4566929837067922,0.19863694473400964,0.0
2016-09-19,11,0.22072558,0.29680616,0.48246825,-0.07608058,0.49220455,0.95921546,0.09090909090909091,0.36363636363636365,-0.31023791879415513,-0.24677696079015732,0.23415733575820924,-0.28305180619160336,0.2272778926620461,0.10000000000000009
2016-09-20,10,0.41165847,0.32045707,0.26788443,0.09120141,0.588135,0.96915764,0.4,0.3,-0.270991624891758,-0.23106304928660393,0.36219303458929064,-0.09417544056971867,0.28194098368233883,-0.09090909090909094
2016-09-21,10,0.18860097,0.49675298,0.31464607,-0.30815202,0.5901975,0.9638919,0.2,0.6,-0.2132212057709694,-0.25301269590854647,-0.09493081420660018,-0.09767706443866093,0.22156969409719482,0.0
2016-09-22,10,0.4669575,0.3834105,0.14963199,0.08354704,0.78905624,0.96769863,0.5,0.5,-0.10142626017332076,-0.24127710238099098,0.18497330099344253,-0.04446785648663839,0.1957045741426779,0.0
2016-09-23,6,0.040945165,0.74325377,0.21580106,-0.70230865,0.3652105,0.961505,0.0,0.8333333333333334,-0.18235856145620347,-0.2533511586487293,-0.5199500933289528,-0.30897121131420135,0.3327942117871867,-0.4
2016-09-26,11,0.15044703,0.5179844,0.33156854,-0.36753738,0.6566183,0.9586333,0.18181818181818182,0.5454545454545454,-0.2406499207019806,-0.28611945733428,-0.12688745856285094,-0.328766331076622,0.3350428042245209,0.8333333333333333
2016-09-27,9,0.03726346,0.8051673,0.15756924,-0.76790386,0.25833526,0.9697828,0.0,0.8888888888888888,-0.41247097551822665,-0.31953538917005064,-0.35543288886547086,-0.6125832994778951,0.3425177965813169,-0.18181818181818177
2016-09-28,9,0.31973907,0.43071216,0.24954875,-0.110973105,0.7682911,0.9750277,0.3333333333333333,0.4444444444444444,-0.373035192489624,-0.29539228565990927,0.26206208765506744,-0.4154714494943619,0.367938982891858,0.0
2016-09-29,10,0.27683777,0.5420832,0.18107903,-0.26524547,0.7954694,0.9738304,0.3,0.6,-0.4427936941385269,-0.29629344753921033,0.17754822671413423,-0.38137414554754895,0.2829913544704162,0.11111111111111116
2016-09-30,10,0.17996415,0.6400607,0.17997512,-0.46009654,0.58626145,0.95524305,0.2,0.7,-0.3943512707948685,-0.3024095635861158,-0.06574526727199553,-0.27877170344193775,0.24574095025634143,0.0
2016-10-03,16,0.3192818,0.4480713,0.2326469,-0.12878951,0.72102404,0.96249735,0.375,0.4375,-0.34660169780254363,-0.2956228669732809,0.21781218349933623,-0.2847105065981547,0.2738422957008119,0.6000000000000001
2016-10-04,10,0.32050094,0.4506131,0.22888593,-0.13011216,0.6725962,0.9561534,0.3,0.5,-0.21904335618019105,-0.28157181330025194,0.08893119990825654,-0.2396660695473353,0.14830287008154847,-0.375
2016-10-05,10,0.23378697,0.65514785,0.11106521,-0.42136088,0.71510077,0.9508944,0.2,0.7,-0.2811209112405777,-0.28790787048637867,-0.14023996889591217,-0.22675418357054392,0.15649285299992202,0.0
2016-10-06,7,0.1030668,0.6050678,0.29186538,-0.502001,0.51226264,0.97160363,0.0,0.7142857142857143,-0.3284720152616501,-0.30055804140865805,-0.17352897226810454,-0.351158007979393,0.18390581508295253,-0.30000000000000004
2016-10-07,10,0.120446764,0.60010636,0.2794469,-0.47965956,0.53179026,0.9720116,0.1,0.6,-0.33238461911678313,-0.3116132590919733,-0.14727493822574617,-0.46767380833625793,0.18757765779632568,0.4285714285714286
2016-10-10,18,0.24847576,0.34009206,0.4114322,-0.09161629,0.6053884,0.964646,0.16666666666666666,0.3333333333333333,-0.32494997382164004,-0.30560987778007986,0.23333368599414828,-0.35775894423325855,0.19810575692788307,0.8
2016-10-11,10,0.14407472,0.6074715,0.24845374,-0.4633968,0.59928614,0.9626364,0.1,0.6,-0.3916069000959396,-0.3235282141715288,-0.07178988754749299,-0.34489087760448456,0.170274469401658,-0.4444444444444444
2016-10-12,10,0.091130264,0.7561186,0.15275118,-0.6649883,0.3536508,0.9440878,0.1,0.8,-0.44033237993717195,-0.3269274223595858,-0.22465589940547942,-0.4066671182711919,0.21092344403945118,0.0
2016-10-13,7,0.09362038,0.5915526,0.31482697,-0.49793223,0.3401627,0.9440521,0.0,0.7142857142857143,-0.4395186275243759,-0.3280526492744684,-0.05841359794139861,-0.5421057641506195,0.2106336933276691,-0.30000000000000004
2016-10-14,10,0.24586666,0.4146766,0.33945674,-0.16880997,0.5424172,0.95633334,0.2,0.5,-0.3773487091064453,-0.3216107901185751,0.20853874385356902,-0.4439101566871007,0.23969386874778234,0.4285714285714286
2016-10-17,16,0.19282144,0.5129609,0.29421762,-0.32013947,0.6641224,0.9723131,0.1875,0.5625,-0.42305334508419035,-0.33381373435258865,0.1029138773679733,-0.3289605528116226,0.18774844529471976,0.6000000000000001
2016-10-18,10,0.114303306,0.83298796,0.052708734,-0.7186847,0.27550867,0.9665326,0.0,1.0,-0.47411092221736906,-0.3743080385029316,-0.24457375109195711,-0.4025447020928065,0.23115677731758816,-0.375
2016-10-19,7,0.01906831,0.844042,0.13688965,-0.8249737,0.23873274,0.9596306,0.0,0.8571428571428571,-0.5061080068349838,-0.4001491226255894,-0.3188656955957413,-0.6212659478187561,0.2717007916602339,-0.30000000000000004
2016-10-20,10,0.24221475,0.58733845,0.17044683,-0.34512368,0.63962966,0.96848035,0.2,0.8,-0.47554629743099214,-0.42158265858888627,0.1304226189851761,-0.6295940180619558,0.2812757992312152,0.4285714285714286
2016-10-21,7,0.38170668,0.3534483,0.26484504,0.028258393,0.789261,0.973769,0.42857142857142855,0.42857142857142855,-0.43613262586295604,-0.38505430622026326,0.46439101845026015,-0.38061299609641236,0.34220940285394646,-0.30000000000000004
2016-10-24,16,0.13900936,0.5633743,0.2976164,-0.4243649,0.5182827,0.96561474,0.1875,0.5,-0.4569777112454176,-0.3878956819884479,0.032612816616892804,-0.24707672682901224,0.3365043017723397,1.2857142857142856
2016-10-25,9,0.16706163,0.31124243,0.5216959,-0.1441808,0.49441776,0.93470955,0.2222222222222222,0.2222222222222222,-0.342076937481761,-0.3567095289938152,0.1978961329907179,-0.18009576884408793,0.3225992143008524,-0.4375
2016-10-26,9,0.19380216,0.5502298,0.25596803,-0.3564276,0.71624154,0.96137476,0.1111111111111111,0.5555555555555556,-0.2483677189797163,-0.36898225424811243,-0.10805989094078541,-0.3083244363466899,0.18667523959409985,0.0
2016-10-27,10,0.46285972,0.41716632,0.11997397,0.045693368,0.77185863,0.9644476,0.5,0.4,-0.17020430974662304,-0.3534353124909103,0.2158976774662733,-0.1516383488972982,0.215611452973842,0.11111111111111116
2016-10-28,10,0.19596107,0.4728302,0.3312087,-0.27686915,0.6558623,0.95041627,0.2,0.5,-0.23122981786727906,-0.3442739429883659,-0.045639330148696894,-0.19586779673894247,0.18662969680116967,0.0
2016-10-31,16,0.18494557,0.49766052,0.31739393,-0.31271493,0.5229917,0.9589809,0.0625,0.625,-0.2088998258113861,-0.35347021399065853,-0.10381510853767395,-0.18129690488179526,0.16291723245162099,0.6000000000000001
2016-11-01,9,0.19358034,0.6273215,0.17909823,-0.4337411,0.63487065,0.9702745,0.1111111111111111,0.6666666666666666,-0.2668118834495544,-0.368651660811156,-0.16692920923233034,-0.34110839168230694,0.1842309080926821,-0.4375
2016-11-02,10,0.21241255,0.5783545,0.209233,-0.36594194,0.7071708,0.96689945,0.2,0.7,-0.26871474981307986,-0.365880713891238,-0.0972271919250488,-0.3707993229230245,0.18543313856347957,0.11111111111111116
2016-11-03,10,0.26555806,0.55967516,0.17476676,-0.29411712,0.72355974,0.9562297,0.3,0.5,-0.3366768479347229,-0.3554865206591785,0.04255972504615785,-0.3646000524361928,0.06371887042298063,0.0
2016-11-04,9,0.22365618,0.42059153,0.35575235,-0.19693536,0.63478464,0.9544469,0.1111111111111111,0.4444444444444444,-0.32069008946418764,-0.34135031057521703,0.12375473380088808,-0.2856648067633311,0.08791077757109705,-0.09999999999999998
2016-11-07,15,0.27369958,0.37080058,0.35549983,-0.097101,0.7106596,0.96539736,0.26666666666666666,0.3333333333333333,-0.27756730318069456,-0.34162454633042216,0.1804663002490997,-0.19605116049448648,0.13373838480941944,0.6666666666666667
2016-11-08,7,0.15404095,0.53810275,0.3078563,-0.3840618,0.6652836,0.95899266,0.14285714285714285,0.5714285714285714,-0.26763144731521604,-0.33765779761597514,-0.11643036603927615,-0.22603272398312887,0.12041702983468183,-0.5333333333333333
2016-11-09,10,0.25530893,0.4954222,0.24926884,-0.2401133,0.74314994,0.9696395,0.3,0.5,-0.24246571958065033,-0.31641404880210755,0.002352416515350342,-0.240425373117129,0.10715265977106778,0.4285714285714286
2016-11-10,6,0.3089524,0.46669933,0.22434829,-0.15774694,0.68652576,0.9679391,0.3333333333333333,0.5,-0.21519168317317963,-0.2994047845713794,0.057444742321968084,-0.2606406857570012,0.10807035749918589,-0.4
2016-11-11,8,0.18291485,0.545133,0.27195212,-0.36221817,0.67148024,0.95505,0.125,0.625,-0.24824824631214143,-0.30907519487664104,-0.11396992504596709,-0.25335947175820667,0.1250366162180619,0.33333333333333326
2016-11-14,15,0.27331495,0.5164797,0.21020539,-0.24316473,0.76483166,0.9609566,0.26666666666666666,0.6,-0.2774609923362732,-0.30522645814344285,0.03429625928401947,-0.2543766150871913,0.09414092077203294,0.875
2016-11-15,10,0.32492584,0.39626318,0.27881098,-0.07133734,0.7008872,0.97307366,0.3,0.4,-0.21491609811782836,-0.27285909159108995,0.1435787558555603,-0.22557341555754343,0.10841351042341887,-0.33333333333333337
2016-11-16,9,0.14019932,0.632702,0.2270987,-0.49250263,0.568625,0.9597025,0.1111111111111111,0.6666666666666666,-0.26539396345615385,-0.25623553795740006,-0.22710866630077364,-0.2690015683571498,0.16635298760016612,-0.09999999999999998
2016-11-17,10,0.30004954,0.50320655,0.19674389,-0.20315702,0.7641692,0.9541912,0.3,0.5,-0.27447597980499266,-0.24913720516487955,0.07131895720958709,-0.2556656648715337,0.1601299520398952,0.11111111111111116
2016-11-18,9,0.19343227,0.4198471,0.38672063,-0.22641481,0.5420789,0.9643591,0.2222222222222222,0.4444444444444444,-0.24731530845165253,-0.26187086552381517,0.020900493860244757,-0.30735815564791363,0.15287991957948532,-0.09999999999999998
2016-11-21,19,0.15940332,0.57591325,0.26468343,-0.4165099,0.50748533,0.96278113,0.15789473684210525,0.6842105263157895,-0.2819843411445618,-0.2614781156182289,-0.13452555537223815,-0.2820272445678711,0.17035914376516337,1.1111111111111112
2016-11-22,10,0.17024402,0.71858156,0.11117443,-0.5483375,0.64332414,0.95631677,0.2,0.8,-0.3773843765258789,-0.28168595135211943,-0.17095314264297484,-0.3970874100923538,0.1558484640679358,-0.4736842105263158
2016-11-23,10,0.09067912,0.5593139,0.35000697,-0.46863478,0.5030558,0.9602717,0.0,0.6,-0.37261080741882324,-0.2872963100671768,-0.09602397680282593,-0.47782739996910095,0.15175264814568803,0.0
2016-11-24,10,0.14186782,0.587596,0.27053618,-0.44572815,0.49024847,0.9434103,0.1,0.7,-0.4211250334978104,-0.3118673861026764,-0.0246031194925308,-0.4875668187936147,0.11935124135209513,0.0
2016-11-25,9,0.4522742,0.29684532,0.25088045,0.15542895,0.7427874,0.9200978,0.4444444444444444,0.3333333333333333,-0.344756281375885,-0.29025248140096666,0.500185227394104,-0.25297799706459045,0.28386632668169476,-0.09999999999999998
2016-11-28,11,0.15159917,0.50262666,0.3457742,-0.35102746,0.54760706,0.9563018,0.09090909090909091,0.5454545454545454,-0.33165979385375977,-0.29216810762882234,-0.01936766505241394,-0.2137755552927653,0.2812265644234976,0.22222222222222232
2016-11-29,10,0.29210147,0.16110013,0.5467984,0.13100134,0.5256862,0.96303934,0.3,0.1,-0.19579202234745025,-0.2639309860765934,0.32679336071014403,-0.021532391508420307,0.31271366779188287,-0.09090909090909094
2016-11-30,8,0.087339625,0.62155944,0.29110092,-0.53421986,0.4838696,0.97397184,0.0,0.625,-0.20890903770923613,-0.2723448820412159,-0.3253108233213425,-0.25141532719135284,0.32802031222318934,-0.19999999999999996
2016-12-01,10,0.23668368,0.45639268,0.30692366,-0.219709,0.6815419,0.9585425,0.2,0.5,-0.1637052059173584,-0.26862447559833524,-0.05600378811359405,-0.20764250556627908,0.30174729268656175,0.25
2016-12-02,9,0.19985348,0.39761728,0.40252927,-0.1977638,0.58237445,0.9549183,0.1111111111111111,0.4444444444444444,-0.23434375524520873,-0.2686658978462219,0.036579954624176014,-0.31723088522752124,0.24421817718001226,-0.09999999999999998
2016-12-05,13,0.31358466,0.53297096,0.15344432,-0.21938632,0.6896601,0.9655011,0.38461538461538464,0.5384615384615384,-0.20801552832126619,-0.2747801639139652,-0.011370795965194691,-0.21228637297948202,0.23543196078515136,0.4444444444444444
2016-12-06,10,0.1233357,0.56455123,0.31211305,-0.44121557,0.47386897,0.97092855,0.0,0.7,-0.3224589109420776,-0.2776378519833088,-0.1187566637992859,-0.2861218998829524,0.15465786373655768,-0.23076923076923073
2016-12-07,10,0.20501027,0.6657902,0.1291995,-0.46077996,0.67264336,0.9746789,0.2,0.7,-0.30777093172073366,-0.28867118507623674,-0.15300903320312498,-0.37379395465056103,0.13123218887380067,0.0
2016-12-08,10,0.141983,0.50304735,0.35496965,-0.36106434,0.5874637,0.9721121,0.1,0.6,-0.33604200184345245,-0.2988370552659035,-0.025022342801094055,-0.42101996143658954,0.12245056711629214,0.0
2016-12-09,10,0.23825829,0.17763385,0.5841079,0.06062444,0.47106802,0.8692631,0.2,0.1,-0.28436435386538506,-0.27769492473453283,0.34498879313468933,-0.25373995676636696,0.2149692266450207,0.0
2016-12-12,15,0.2090261,0.35210732,0.43886662,-0.14308119,0.5643541,0.92061603,0.2,0.3333333333333333,-0.26910332664847375,-0.2726907474920154,0.12602213844656945,-0.1478403645257155,0.22328309801168983,0.5
2016-12-13,9,0.262494,0.5268185,0.2106875,-0.2643245,0.7189518,0.96253014,0.3333333333333333,0.5555555555555556,-0.2337251089513302,-0.28234010469168425,-0.030599377304315556,-0.1155937450627486,0.20221491498253216,-0.4
2016-12-14,10,0.24960038,0.44640905,0.30399054,-0.19680867,0.6770848,0.9710527,0.3,0.4,-0.18093084916472435,-0.26755540650337933,-0.015877816826105118,-0.20140478014945984,0.15766755704142416,0.11111111111111116
2016-12-15,10,0.360164,0.38756114,0.25227487,-0.027397145,0.727651,0.9502872,0.4,0.5,-0.11419740915298462,-0.2587674126029015,0.08680026456713677,-0.16284343227744102,0.13066560023833285,0.0
2016-12-16,5,0.20868151,0.7222556,0.06906287,-0.5135741,0.80253243,0.94899195,0.2,0.8,-0.22903712168335916,-0.2731253780424595,-0.2845370016992092,-0.2459266446530819,0.18117138271213862,-0.5
2016-12-19,17,0.35348535,0.33460957,0.31190512,0.018875761,0.675181,0.9691803,0.35294117647058826,0.35294117647058826,-0.19664573185145856,-0.2513560951687396,0.21552149280905725,-0.1740318356702725,0.21220193440316648,2.4
2016-12-20,4,0.29694018,0.65387297,0.049186844,-0.3569328,0.8436795,0.9374168,0.25,0.75,-0.2151673924177885,-0.24178585866466165,-0.14176539666950702,-0.2838770505040884,0.22333546025359113,-0.7647058823529411
2016-12-21,10,0.27368087,0.494073,0.23224613,-0.22039215,0.6469402,0.96346575,0.3,0.5,-0.21988408975303173,-0.22937372708693146,-0.0005080629140138682,-0.1861497269322475,0.2230997144449172,1.5
2016-12-22,9,0.3413728,0.33286488,0.3257624,0.008507914,0.75742155,0.93569493,0.3333333333333333,0.3333333333333333,-0.21270307805389166,-0.20666192374192177,0.22121099196374416,-0.18960567594816288,0.23127244700452912,-0.09999999999999998
2016-12-23,9,0.47919813,0.40998203,0.110819876,0.0692161,0.83255714,0.9371806,0.4444444444444444,0.4444444444444444,-0.09614503290504217,-0.21097256592474878,0.16536113526672125,-0.04755604546517134,0.18369399003387485,0.0
2016-12-28,23,0.20861095,0.42151442,0.36987463,-0.21290345,0.60486263,0.9701349,0.13043478260869565,0.4782608695652174,-0.14250087607651948,-0.2040663657244295,-0.07040257882326842,-0.04505981287608544,0.17651653817948565,1.5555555555555554
2016-12-29,7,0.151759,0.6102548,0.23798618,-0.45849586,0.5826958,0.93767923,0.14285714285714285,0.7142857142857143,-0.16281348932534456,-0.23354122540913522,-0.29568236600607634,-0.20072773595650992,0.2100244767374401,-0.6956521739130435
2016-12-30,5,0.38949186,0.37797248,0.23253568,0.011519385,0.8349885,0.93708795,0.4,0.4,-0.11643118187785148,-0.2062542631290853,0.12795056644827127,-0.219959975220263,0.21952288009630838,-0.2857142857142857
2017-01-03,23,0.30697086,0.3935386,0.29949054,-0.08656772,0.69981813,0.973822,0.30434782608695654,0.391304347826087,-0.1354463091120124,-0.19959719954058527,0.04887858685106039,-0.17784806434065104,0.20990197282809014,3.5999999999999996
2017-01-04,5,0.24369629,0.40836033,0.34794337,-0.16466406,0.7943902,0.9648408,0.2,0.4,-0.18222234155982733,-0.19794221250340344,0.017558281682431703,-0.07990413252264261,0.17625431981958872,-0.782608695652174
2017-01-05,10,0.27010596,0.50535524,0.22453883,-0.23524925,0.71405154,0.96837866,0.3,0.5,-0.18669150080531835,-0.19873535884544252,-0.04855775032192469,-0.16216034442186356,0.17750563126345248,1.0
2017-01-06,9,0.47897658,0.19037348,0.33064997,0.28860304,0.5237578,0.7314885,0.4444444444444444,0.2222222222222222,-0.037271722219884396,-0.16224442822858692,0.3258747598156333,-0.03710342446962992,0.20397851385187538,-0.09999999999999998
2017-01-09,14,0.24769685,0.5570277,0.19527544,-0.3093308,0.6943798,0.96403915,0.21428571428571427,0.5714285714285714,-0.10144175738096237,-0.15467196954414247,-0.20788903385400773,-0.08532566825548808,0.23317136097811264,0.5555555555555556
2017-01-10,9,0.43870738,0.39615119,0.16514151,0.04255622,0.8197025,0.9400257,0.4444444444444444,0.4444444444444444,-0.0756169691681862,-0.1344909413717687,0.11817318797111512,0.007276155054569244,0.24220606728294025,-0.3571428571428571
2017-01-11,10,0.31158447,0.4787062,0.20970933,-0.16712177,0.7387944,0.969476,0.3,0.5,-0.0761085107922554,-0.145878251735121,-0.0910132572054863,-0.1446321134765943,0.24243434775929287,0.11111111111111116
2017-01-12,8,0.4081671,0.43244976,0.15938315,-0.02428265,0.8205278,0.96647125,0.5,0.375,-0.03391519039869308,-0.13993832478299736,0.009632541239261626,-0.04961606611808141,0.22558613386262388,-0.19999999999999996
2017-01-13,5,0.23601961,0.5370963,0.22688404,-0.3010767,0.7355626,0.93146044,0.2,0.6,-0.1518511399626732,-0.14177593598142266,-0.14922557026147842,-0.16416037579377493,0.15919268548941592,-0.375
2017-01-16,11,0.2580882,0.41960075,0.32231104,-0.16151255,0.55259985,0.95913774,0.18181818181818182,0.45454545454545453,-0.12228749245405197,-0.1400111303664744,-0.03922506123781204,-0.1622906376918157,0.1344365096743261,1.2000000000000002
2017-01-17,7,0.17375977,0.2903934,0.53584677,-0.11663365,0.4252143,0.9486815,0.14285714285714285,0.14285714285714285,-0.15412546694278717,-0.14447295581921935,0.0374918133020401,-0.19307430585225424,0.10010361405599437,-0.36363636363636365
2017-01-18,8,0.07834161,0.61368906,0.30796933,-0.53534746,0.41888994,0.9710688,0.0,0.625,-0.22777060568332672,-0.14556162273511292,-0.3075768560171127,-0.27116455634435016,0.1988254305500253,0.1428571428571428
2017-01-19,9,0.1884436,0.5605121,0.2510443,-0.37206852,0.6608507,0.96809155,0.2222222222222222,0.5555555555555556,-0.2973277807235718,-0.1651088370010257,-0.07474074363708494,-0.34134987990061444,0.16833726950682515,0.125
2017-01-20,7,0.17317948,0.5171458,0.3096747,-0.34396634,0.62479866,0.9722643,0.14285714285714285,0.5714285714285714,-0.3059057056903839,-0.1644605142995715,-0.03806062936782839,-0.41712744037310284,0.16966359473558076,-0.2222222222222222
2017-01-23,5,0.10059907,0.6257734,0.27362752,-0.5251743,0.4113962,0.953106,0.0,0.8,-0.37863805890083313,-0.17969962265342473,-0.14653626084327698,-0.41373639305432636,0.17023682640789278,-0.2857142857142857
2017-01-24,6,0.04605453,0.757818,0.19612747,-0.71176344,0.35722104,0.9577361,0.0,0.8333333333333334,-0.49766401648521424,-0.21571319042705,-0.21409942507743834,-0.5269680321216583,0.14782813294939998,0.19999999999999996
2017-01-25,9,0.27067575,0.48254713,0.24677716,-0.21187136,0.7217177,0.9583121,0.3333333333333333,0.5555555555555556,-0.43296879529953003,-0.22976756333373488,0.2210974395275116,-0.4829363723595937,0.19153503088086646,0.5
2017-01-26,10,0.24530701,0.5700284,0.18466458,-0.3247214,0.7443634,0.9709839,0.2,0.6,-0.4234993696212769,-0.23535846038721503,0.09877797365188601,-0.41611873110135394,0.19640708908162435,0.11111111111111116
2017-01-27,7,0.14135529,0.5493931,0.30925158,-0.40803784,0.64980596,0.9692472,0.14285714285714285,0.5714285714285714,-0.436313670873642,-0.23283555968664588,0.028275829553604137,-0.31487686435381573,0.19196060940576914,-0.30000000000000004
2017-01-30,10,0.12212274,0.6574795,0.22039771,-0.5353568,0.50429595,0.9626166,0.0,0.8,-0.4383501708507538,-0.2601793698966503,-0.0970066487789154,-0.42270535230636597,0.19318908871283405,0.4285714285714286
2017-01-31,7,0.20967437,0.5402036,0.2501221,-0.33052918,0.6673103,0.9642056,0.14285714285714285,0.5714285714285714,-0.3621033191680908,-0.2723774429410696,0.03157413601875303,-0.42464128136634827,0.11946833557550082,-0.30000000000000004
2017-02-01,8,0.17036907,0.7429368,0.08669416,-0.5725677,0.5173508,0.9608795,0.125,0.875,-0.4342425882816315,-0.2927726250141859,-0.1383251130580902,-0.47948456803957623,0.11488687415952938,0.1428571428571428
2017-02-02,6,0.11140841,0.53974926,0.34884238,-0.42834082,0.3664352,0.8929942,0.0,0.6666666666666666,-0.4549664735794067,-0.3024272035807371,0.026625651121139515,-0.4438125689824422,0.09834698467893216,-0.25
2017-02-03,5,0.46733847,0.31083512,0.22182639,0.15650336,0.69248927,0.9498709,0.6,0.2,-0.34205823242664335,-0.3090321872383356,0.49856159687042234,-0.2814683864514033,0.29438080324091515,-0.16666666666666663
2017-02-06,10,0.35258356,0.28375804,0.36365843,0.06882552,0.5785789,0.9205393,0.4,0.2,-0.22122176438570024,-0.2901243716478348,0.2900472849607468,-0.06767064581314723,0.31823500903030927,1.0
2017-02-07,10,0.2216609,0.58847916,0.18985994,-0.36681825,0.7352012,0.9721009,0.2,0.6,-0.22847957760095597,-0.310593095049262,-0.1383386716246605,-0.04716312140226364,0.32174560184550977,0.0
2017-02-08,5,0.32570007,0.50994813,0.16435173,-0.18424809,0.812969,0.96519,0.4,0.6,-0.15081565529108049,-0.3114494111388922,-0.03343243449926375,-0.16074693948030472,0.25859345153194685,-0.5
2017-02-09,6,0.18134703,0.26388368,0.5547693,-0.082536615,0.5556818,0.7650826,0.16666666666666666,0.3333333333333333,-0.08165481388568878,-0.31436210945248605,-0.0008818015456199674,-0.21120098481575647,0.20688643723931618,0.19999999999999996
2017-02-10,5,0.3273712,0.3899154,0.2827134,-0.06254418,0.807617,0.96166825,0.4,0.4,-0.12546432316303252,-0.30243548303842543,0.06292014122009276,-0.10977629572153091,0.1622170802402928,-0.16666666666666663
2017-02-13,15,0.28717488,0.4519261,0.26089898,-0.16475122,0.6859897,0.9642731,0.26666666666666666,0.4,-0.17217967063188552,-0.3025974161922932,0.007428453862667078,-0.10327733804782231,0.12056204074098177,2.0
2017-02-14,9,0.25960463,0.6527997,0.08759565,-0.3931951,0.7643262,0.9740702,0.2222222222222222,0.7777777777777778,-0.17745503932237625,-0.31642548814415933,-0.21574005335569382,-0.20683016379674277,0.1313062409043099,-0.4
2017-02-15,10,0.2626291,0.48625022,0.25112066,-0.22362113,0.57118607,0.9508693,0.3,0.5,-0.1853296473622322,-0.30083917155861856,-0.03829148262739182,-0.2605224798123042,0.13298536642767506,0.11111111111111116
2017-02-16,6,0.32575285,0.42600217,0.24824494,-0.10024934,0.7798208,0.94150627,0.3333333333333333,0.5,-0.18887219280004502,-0.28724821247160437,0.08862285017967225,-0.23902185509602228,0.12975932860119632,-0.4
2017-02-17,5,0.39911348,0.20842595,0.39246064,0.19068752,0.73599434,0.92580193,0.4,0.2,-0.13822585195302964,-0.26051551960408686,0.32891337424516676,-0.04439431677261988,0.21367702568591593,-0.16666666666666663
2017-02-20,9,0.08676903,0.57631165,0.3369193,-0.48954263,0.3381415,0.9546614,0.0,0.6666666666666666,-0.20318413525819778,-0.25873393528163435,-0.2863584980368614,-0.1330348178744316,0.26657713623266593,0.8
2017-02-21,7,0.16479075,0.42350665,0.41170263,-0.2587159,0.6091971,0.9556291,0.14285714285714285,0.42857142857142855,-0.17628829628229142,-0.23608155809342862,-0.08242760151624678,-0.1858570029338201,0.24880522512005662,-0.2222222222222222
2017-02-22,9,0.447865,0.29631007,0.25582492,0.15155497,0.72994566,0.95280254,0.4444444444444444,0.3333333333333333,-0.10125307589769364,-0.21791024170815945,0.2528080478310585,-0.19890118638674417,0.2849147021763264,0.2857142857142858
2017-02-23,4,0.26495597,0.3272521,0.40779194,-0.062296107,0.71436757,0.86350495,0.25,0.25,-0.093662428855896,-0.20478897728025913,0.031366321444511416,-0.05648567775885264,0.2854531915942983,-0.5555555555555556
2017-02-24,5,0.29924357,0.35728315,0.34347332,-0.05803957,0.7365313,0.9450066,0.4,0.4,-0.14340784698724746,-0.18728906363248826,0.08536827862262725,0.01040643205245336,0.24185489384745854,0.25
2017-02-27,9,0.13303429,0.6138318,0.2531339,-0.48079756,0.56198883,0.9227634,0.1111111111111111,0.6666666666666666,-0.14165883213281633,-0.18456110060214997,-0.3391387268900871,-0.20037774493296942,0.23873750801989885,0.8
2017-02-28,5,0.19943288,0.38815105,0.41241607,-0.18871817,0.62278104,0.9449688,0.0,0.4,-0.12765928655862807,-0.17747054994106293,-0.061058883368968975,-0.24251843243837357,0.2321177929479989,-0.4444444444444444
2017-03-01,7,0.34881213,0.5161421,0.1350458,-0.16732998,0.78015465,0.96895325,0.2857142857142857,0.5714285714285714,-0.19143627732992172,-0.157208663970232,0.024106295406818384,-0.2789485702912013,0.17232985694479896,0.3999999999999999
2017-03-02,5,0.089885786,0.5005517,0.4095625,-0.41066593,0.49878895,0.9660796,0.0,0.4,-0.26111024171113967,-0.15632491931319237,-0.1495556876063347,-0.2555713603893916,0.17741368932489268,-0.2857142857142857
2017-03-03,8,0.14887866,0.57051116,0.28061014,-0.4216325,0.6760901,0.9687574,0.125,0.625,-0.3338288277387619,-0.1852317124605179,-0.08780367076396944,-0.33320946991443634,0.14490704039336008,0.6000000000000001
2017-03-06,15,0.24209706,0.39558285,0.36232007,-0.1534858,0.58440846,0.9231543,0.26666666666666666,0.4,-0.26836647689342497,-0.19634727872908114,0.1148806720972061,-0.32859474420547485,0.13554464437967112,0.875
2017-03-07,5,0.37728652,0.550951,0.07176245,-0.17366447,0.9575911,0.90418977,0.4,0.6,-0.2653557360172272,-0.18668958954513074,0.0916912704706192,-0.24959425628185272,0.13790277175200097,-0.6666666666666667
2017-03-08,2,0.7111221,0.1388977,0.14998022,0.5722244,0.11493239,0.22564656,1.0,0.0,-0.11744486391544343,-0.14886596612632275,0.6896692425012588,0.08169136941432953,0.405774557886122,-0.6
2017-03-09,10,0.22441499,0.49680883,0.27877623,-0.27239382,0.6407914,0.9681114,0.2,0.6,-0.08979044258594512,-0.15835882648825644,-0.1826033800840378,0.04205536345640818,0.38497360910813677,4.0
2017-03-10,6,0.32978937,0.22327095,0.4469397,0.106518425,0.62086654,0.9240202,0.3333333333333333,0.16666666666666666,0.01583974212408066,-0.14990569613873958,0.09067868292331696,0.13544966032107672,0.34111876988301776,-0.4
2017-03-13,14,0.2260796,0.42438897,0.3495314,-0.19830938,0.58686143,0.9732776,0.21428571428571427,0.42857142857142855,0.00687502771615982,-0.1515836041420698,-0.2051844045519829,-0.12139492481946945,0.34721568745355513,1.3333333333333335
2017-03-14,4,0.25454125,0.46537694,0.28008184,-0.2108357,0.8510719,0.9684543,0.25,0.5,-0.0005592182278633118,-0.1424656342715025,-0.21027647703886032,-0.10087554901838303,0.3524067410910833,-0.7142857142857143
2017-03-15,7,0.40294838,0.4591917,0.13785987,-0.056243308,0.82925564,0.97133845,0.42857142857142855,0.42857142857142855,-0.12625275552272797,-0.13409674316644668,0.07000944763422012,-0.1551294599970182,0.15230511083003204,0.75
2017-03-16,6,0.1961207,0.5988013,0.205078,-0.40268064,0.6492017,0.92160416,0.16666666666666666,0.6666666666666666,-0.15231011807918549,-0.14921830780804157,-0.250370517373085,-0.22325321286916733,0.19003132486395702,-0.1428571428571429
2017-03-17,4,0.30483523,0.12011774,0.575047,0.18471748,0.51083183,0.4139352,0.25,0.0,-0.13667030781507492,-0.1495168101042509,0.3213877841830254,-0.0914021556576093,0.21784167649609076,-0.33333333333333337
2017-03-20,9,0.2942471,0.6002865,0.10546644,-0.30603936,0.7173497,0.95774007,0.3333333333333333,0.6666666666666666,-0.15821630507707596,-0.14034164659678935,-0.1478230580687523,-0.17466750741004944,0.23042641784218573,1.25
2017-03-21,6,0.185445,0.7347481,0.079806864,-0.5493031,0.71755725,0.9657431,0.16666666666666666,0.8333333333333334,-0.22590978890657426,-0.1548710074275732,-0.3233933255076408,-0.22354166706403097,0.29139894886865453,-0.33333333333333337
2017-03-22,6,0.11615459,0.5029928,0.3808526,-0.3868382,0.62861514,0.95820004,0.16666666666666666,0.5,-0.29202876687049867,-0.18179066590964793,-0.09480943083763121,-0.41406022508939105,0.28058244392263926,0.0
2017-03-23,5,0.41287827,0.52387464,0.06324708,-0.11099638,0.8751756,0.96593064,0.4,0.6,-0.23369191586971283,-0.18422567956149577,0.12269553542137146,-0.34904589752356213,0.28214312827890575,-0.16666666666666663
2017-03-24,8,0.25057462,0.37115067,0.3782747,-0.12057607,0.51246417,0.82612705,0.125,0.5,-0.29475062489509585,-0.187352504581213,0.1741745561361313,-0.20613688230514526,0.18540963092278118,0.6000000000000001
2017-03-27,13,0.22592923,0.5687352,0.20533559,-0.342806,0.71249384,0.96204245,0.23076923076923078,0.6153846153846154,-0.3021039545536041,-0.1804529272019863,-0.040702056884765636,-0.19145948688189188,0.18669390203946415,0.625
2017-03-28,5,0.021700606,0.89437693,0.08392242,-0.8726764,0.08992951,0.96553046,0.0,1.0,-0.36677860617637636,-0.21465083733201026,-0.5058977663516998,-0.44535281757513684,0.309414713184301,-0.6153846153846154
2017-03-29,6,0.18263538,0.6115229,0.2058417,-0.42888752,0.7637087,0.9718912,0.16666666666666666,0.6666666666666666,-0.3751884698867798,-0.22772871404886247,-0.05369904637336731,-0.548123300075531,0.3106651571229579,0.19999999999999996
2017-03-30,4,0.02418458,0.72205067,0.25376475,-0.6978661,0.4954988,0.96510804,0.0,0.75,-0.492562410235405,-0.2420887216925621,-0.2053036719560623,-0.6664766569932302,0.29643360614011094,-0.33333333333333337
2017-03-31,6,0.3574009,0.45947525,0.18312393,-0.10207436,0.73976326,0.953357,0.3333333333333333,0.5,-0.48886206895112994,-0.226110814884305,0.38678770661354067,-0.4096093202630679,0.3022954457458965,0.5
2017-04-03,9,0.0730717,0.659594,0.26733428,-0.5865223,0.40212795,0.9650664,0.0,0.6666666666666666,-0.5376053228974342,-0.24776263870298862,-0.04891695827245712,-0.4621542418996493,0.29234216560518356,0.5
2017-04-04,7,0.16597562,0.5023881,0.33163625,-0.3364125,0.7066842,0.97126716,0.14285714285714285,0.5714285714285714,-0.430352546274662,-0.255900039896369,0.09394005686044693,-0.3416697109738986,0.2305135162202366,-0.2222222222222222
2017-04-05,5,0.22401936,0.61701536,0.15896526,-0.39299604,0.77905786,0.9428338,0.2,0.6,-0.42317425161600114,-0.30416106097400186,0.03017820864915849,-0.43864360451698303,0.2311285611387524,-0.2857142857142857
2017-04-06,6,0.04535902,0.577184,0.377457,-0.531825,0.35117313,0.9057224,0.0,0.8333333333333334,-0.3899660363793373,-0.31713262014091015,-0.1418589696288109,-0.42041117946306866,0.19007702645594704,0.19999999999999996
2017-04-07,5,0.08995105,0.49359426,0.41645464,-0.40364322,0.46372083,0.9631092,0.0,0.6,-0.45027980804443357,-0.3426407024264336,0.04663658738136289,-0.4428214232126872,0.1044435231002423,-0.16666666666666663
2017-04-10,5,0.032181308,0.55384076,0.41397795,-0.52165943,0.41183317,0.9539486,0.0,0.4,-0.4373072385787964,-0.3588082052767277,-0.08435219526290894,-0.48570922017097473,0.08562330257190055,0.0
2017-04-11,4,0.32960266,0.28791735,0.38247997,0.041685313,0.44170025,0.6540992,0.25,0.25,-0.3616876780986786,-0.3461821548640728,0.4033729910850525,-0.29453911383946735,0.23451435147085054,-0.19999999999999996
2017-04-12,8,0.17499204,0.48015654,0.3448514,-0.3051645,0.65110046,0.96629065,0.125,0.5,-0.34412136673927307,-0.35862821377813814,0.03895688056945801,-0.26171286900838214,0.23487214885145793,1.0
2017-04-13,6,0.056375187,0.622961,0.3206638,-0.56658584,0.3992683,0.9682478,0.0,0.6666666666666666,-0.3510735332965851,-0.36682347394526005,-0.21551230549812317,-0.2766883373260498,0.2422167558496553,-0.25
2017-04-18,18,0.19040817,0.5152832,0.2943086,-0.324875,0.62223065,0.9659357,0.16666666666666666,0.5,-0.33531988859176637,-0.39230309762060644,0.010444891452789318,-0.39887510736783344,0.2404983014061062,2.0
2017-04-19,3,0.026923636,0.6244826,0.34859386,-0.5975589,0.50049615,0.96680945,0.0,0.6666666666666666,-0.35049978494644163,-0.4068790752440691,-0.24705913066864016,-0.49633991718292236,0.25702746293945755,-0.8333333333333334
2017-04-20,4,0.45754623,0.15632047,0.38613328,0.30122575,0.314473,0.30383593,0.25,0.0,-0.29859169721603396,-0.36435263194143774,0.5998174488544464,-0.2070693870385488,0.36114998371780466,0.33333333333333326
2017-04-21,6,0.2098745,0.686866,0.10325951,-0.4769915,0.72439986,0.9734403,0.16666666666666666,0.8333333333333334,-0.3329571008682251,-0.36886029727756975,-0.14403440356254577,-0.25777488946914673,0.36999852289442203,0.5
2017-04-24,11,0.16646744,0.4541535,0.37937906,-0.28768608,0.531658,0.96568865,0.09090909090909091,0.5454545454545454,-0.27717714905738833,-0.3776947822421789,-0.010508930683135964,-0.15448394417762756,0.3462317471091233,0.8333333333333333
2017-04-25,8,0.4505645,0.3298721,0.2195634,0.12069241,0.7932332,0.96330476,0.5,0.375,-0.1880636677145958,-0.36563135832548144,0.3087560772895813,-0.21466172486543655,0.38594841916196787,-0.2727272727272727
2017-04-26,4,0.24166149,0.41408297,0.34425554,-0.17242149,0.5550207,0.9508501,0.25,0.25,-0.10303618162870407,-0.3571121320128441,-0.0693853035569191,-0.11313838511705399,0.31314321080188084,-0.5
2017-04-27,8,0.398825,0.21785532,0.3833197,0.18096967,0.57914704,0.94635487,0.375,0.125,-0.12708739787340165,-0.30442982986569406,0.30805706828832624,0.04308019826809565,0.2768456204173906,1.0
2017-04-28,8,0.14686064,0.8263311,0.026808297,-0.6794704,0.6520818,0.9714697,0.125,0.875,-0.16758318096399308,-0.3169589750468731,-0.511887238919735,-0.22364074488480887,0.34679553311573535,0.0
2017-05-02,13,0.38219565,0.20289591,0.41490844,0.17929973,0.56227714,0.74212873,0.38461538461538464,0.23076923076923078,-0.07418601959943771,-0.2731006845831871,0.2534857466816902,-0.10640034079551697,0.3685635847453662,0.625
2017-05-03,5,0.22085801,0.62824094,0.15090099,-0.40738297,0.75624746,0.96076846,0.2,0.8,-0.17980109453201293,-0.28836611472070217,-0.2275818705558777,-0.30251788596312207,0.37437492773344744,-0.6153846153846154
2017-05-04,7,0.14075163,0.8057666,0.053481814,-0.6650149,0.6730345,0.97187275,0.14285714285714285,0.8571428571428571,-0.2783197820186615,-0.2922907467931509,-0.3866951406002045,-0.2976993868748347,0.43228309227687506,0.3999999999999999
2017-05-05,6,0.1994678,0.53300816,0.2675241,-0.33354035,0.67396194,0.958732,0.16666666666666666,0.5,-0.38122178614139557,-0.29214713983237744,0.04768143594264984,-0.4686460793018341,0.3487954576986494,-0.1428571428571429
2017-05-08,13,0.24845603,0.4848088,0.26673517,-0.23635279,0.66592216,0.96491987,0.15384615384615385,0.6153846153846154,-0.29259825944900514,-0.2843149770051241,0.05624547302722932,-0.4116360197464625,0.30797614249258504,1.1666666666666665
2017-05-09,4,0.2230746,0.73201466,0.04491075,-0.50894004,0.8830298,0.96975493,0.25,0.75,-0.43024621307849886,-0.2831707287579775,-0.0786938279867172,-0.3596110592285792,0.16490791253540357,-0.6923076923076923
2017-05-10,8,0.0914311,0.62933314,0.27923572,-0.537902,0.5360853,0.9649435,0.125,0.75,-0.4563500195741653,-0.2898836676031351,-0.08155197799205782,-0.42773160835107166,0.1706154116165276,1.0
2017-05-11,6,0.10219369,0.7592074,0.13859893,-0.6570137,0.45153132,0.9682643,0.16666666666666666,0.6666666666666666,-0.45474977791309357,-0.2966513816267252,-0.2022639364004135,-0.5679519176483154,0.16818928880968373,-0.25
2017-05-12,3,0.34231666,0.600208,0.05747543,-0.2578913,1.0161358,0.9258895,0.3333333333333333,0.6666666666666666,-0.43961996734142306,-0.3116302121430635,0.18172867000103,-0.48426900307337445,0.18443666097613853,-0.5
2017-05-15,11,0.2644576,0.32470748,0.4108349,-0.06024987,0.6360748,0.91718704,0.2727272727272727,0.36363636363636365,-0.4043993838131428,-0.2993844812735915,0.34414951503276825,-0.3250516268114249,0.2410753020173077,2.6666666666666665
2017-05-16,6,0.51435155,0.14032306,0.34532544,0.37402847,0.4400599,0.4249397,0.5,0.16666666666666666,-0.22780568078160285,-0.25235376562923195,0.6018341548740864,0.018629102657238644,0.40974495303903147,-0.4545454545454546
2017-05-17,8,0.2659641,0.6062544,0.12778153,-0.3402903,0.74539095,0.94391227,0.25,0.625,-0.18828334286808968,-0.25312453117221595,-0.15200696513056755,-0.008837234228849411,0.38086962857054346,0.33333333333333326
2017-05-18,4,0.4589232,0.48079008,0.06028671,-0.021866888,0.98551995,0.9396262,0.5,0.5,-0.061253977566957475,-0.22433992978185416,0.039387089759111406,0.003957092761993408,0.2772862568832395,-0.5
2017-05-19,4,0.40247637,0.4222043,0.17531931,-0.019727916,0.707758,0.7822665,0.5,0.25,-0.013621301203966141,-0.24038761314004659,-0.00610661432147026,-0.12729503711064658,0.25459010783942493,0.0
2017-05-22,11,0.27806652,0.424654,0.29727948,-0.14658746,0.69750464,0.9682456,0.18181818181818182,0.45454545454545453,-0.030888819694519044,-0.223867410980165,-0.11569864153862,-0.0627274215221405,0.26138067663052683,1.75
2017-05-23,5,0.24727444,0.4963169,0.2564086,-0.24904247,0.69125015,0.9475969,0.2,0.6,-0.15550300776958464,-0.22193523030728102,-0.0935394585132599,-0.13845261434713999,0.14077371188123444,-0.5454545454545454
2017-05-24,3,0.061992127,0.64361554,0.29439235,-0.5816234,0.38062832,0.9720072,0.0,0.6666666666666666,-0.20376962125301362,-0.2570510195568204,-0.3778537541627884,-0.32575110097726184,0.23186895185561587,-0.4
2017-05-25,7,0.027803954,0.7258827,0.24631333,-0.69807875,0.37006202,0.9561713,0.0,0.7142857142857143,-0.3390119940042496,-0.2833338828757405,-0.3590667575597763,-0.5095815310875574,0.28933253285604266,1.3333333333333335
2017-05-26,6,0.08040277,0.5235116,0.39608565,-0.44310883,0.37125638,0.88395244,0.0,0.6666666666666666,-0.4236881762742996,-0.31453780774027107,-0.019420650601387035,-0.5742703179518381,0.2279785115423257,-0.1428571428571429
2017-05-30,16,0.21146856,0.50917435,0.2793571,-0.29770577,0.70624137,0.95850766,0.1875,0.5,-0.4539118379354477,-0.29544957522302867,0.1562060683965683,-0.47963111599286395,0.18869036727513808,1.6666666666666665
2017-05-31,6,0.18744917,0.61092633,0.2016245,-0.42347714,0.7593782,0.94431275,0.16666666666666666,0.6666666666666666,-0.4887987732887268,-0.3255884187296033,0.06532163023948667,-0.38809724648793537,0.1543417787974717,-0.625
2017-06-01,7,0.3904899,0.27612075,0.3333893,0.11436917,0.734926,0.9637796,0.42857142857142855,0.2857142857142857,-0.3496002644300461,-0.29950081203132867,0.4639694333076477,-0.20227124790350595,0.2973211958825771,0.16666666666666674
2017-06-02,8,0.17104961,0.581898,0.24705243,-0.41084835,0.70804703,0.9685136,0.125,0.625,-0.2921541839838028,-0.28679248336702584,-0.11869416534900668,-0.23998544116814932,0.23420791254784207,0.1428571428571428
2017-06-05,7,0.10740055,0.54082835,0.3517711,-0.4334278,0.5009017,0.96977407,0.0,0.5714285714285714,-0.29021798074245453,-0.2917868563905358,-0.14320982992649078,-0.2433023303747177,0.23268303234833665,-0.125
2017-06-06,4,0.04076875,0.71064955,0.2485817,-0.6698808,0.51116616,0.9594789,0.0,0.75,-0.3646529883146286,-0.31346325743943454,-0.30522781908512114,-0.5047189891338348,0.2885093228018238,-0.4285714285714286
2017-06-07,10,0.15534529,0.65745306,0.18720166,-0.50210774,0.42173365,0.8972246,0.1,0.8,-0.38037910759449006,-0.31312164235860107,-0.1217286318540573,-0.5351387858390808,0.2945961178738154,1.5
2017-06-08,5,0.080777794,0.75079095,0.16843131,-0.6700131,0.49615905,0.9612876,0.0,0.8,-0.5372555673122406,-0.3197271989658475,-0.13275756239891057,-0.6140005588531494,0.12570638636599385,-0.5
2017-06-09,5,0.15321462,0.7701467,0.076638654,-0.6169321,0.30757046,0.9118942,0.0,1.0,-0.5784723162651062,-0.317723117955029,-0.03845977783203125,-0.5963509877522787,0.10616478286698154,0.0
2017-06-12,6,0.16819738,0.6505709,0.18123169,-0.4823735,0.7656161,0.9679777,0.16666666666666666,0.6666666666666666,-0.5882614552974701,-0.3289472283795476,0.10588794946670532,-0.5897729098796844,0.09055630987548484,0.19999999999999996
2017-06-13,4,0.40888593,0.5077754,0.08333866,-0.09888947,0.70285845,0.7845726,0.25,0.75,-0.4740631878376007,-0.330879208445549,0.3751737177371979,-0.3993983566761017,0.2238407809342406,-0.33333333333333337
2017-06-14,5,0.4313932,0.34769017,0.22091663,0.08370301,0.74489766,0.9563266,0.4,0.4,-0.35690103769302367,-0.3453954815864563,0.44060404896736144,-0.1658533215522766,0.3324532184011836,0.25
2017-06-15,5,0.4029081,0.45480043,0.14229152,-0.05189233,0.86293757,0.96637005,0.4,0.6,-0.2332768775522709,-0.3309755826368928,0.18138454854488373,-0.022359595944484074,0.30028196543199154,0.0
2017-06-16,6,0.4352796,0.24206506,0.32265538,0.19321454,0.65482485,0.9312865,0.5,0.16666666666666666,-0.07124755159020424,-0.3202215114608407,0.26446208730340004,0.07500840599338214,0.2569596870635924,0.19999999999999996
2017-06-19,8,0.29145545,0.21303245,0.4955121,0.078423,0.52129906,0.5163062,0.25,0.125,0.040911749750375745,-0.31531396564096215,0.03751125112175942,0.07324840252598126,0.1168239088772207,0.33333333333333326
2017-06-20,6,0.02632969,0.88884467,0.08482566,-0.862515,0.12621363,0.9669233,0.0,1.0,-0.1118133507668972,-0.35111034121364354,-0.7507016219198703,-0.19695914536714554,0.42854462511012503,-0.25
2017-06-21,4,0.07004301,0.79646945,0.13348751,-0.7264264,0.29751337,0.9743119,0.0,1.0,-0.2738392375409603,-0.3749795390293002,-0.4525871850550175,-0.5035061314702034,0.48550556720696886,-0.33333333333333337
2017-06-22,5,0.20514913,0.44646835,0.34838253,-0.24131922,0.61776197,0.96092147,0.2,0.4,-0.311724616587162,-0.3579643314704299,0.0704053923487663,-0.6100868731737137,0.47103164290896077,0.25
2017-06-23,3,0.016636753,0.945981,0.037382234,-0.92934424,0.02268493,0.9665754,0.0,1.0,-0.5362363710999489,-0.3695276057347655,-0.3931078657507896,-0.632363294561704,0.43644760359140766,-0.4
2017-06-26,8,0.25681278,0.25997093,0.4832163,-0.0031581372,0.51396006,0.8088203,0.125,0.25,-0.5525525987148285,-0.34753007125109436,0.5493944615125657,-0.3912738660971324,0.4083445867791033,1.6666666666666665
2017-06-27,4,0.04875745,0.65035135,0.3008912,-0.6015939,0.45841733,0.9603646,0.0,0.75,-0.5003683865070343,-0.3627244783565402,-0.10122552514076233,-0.5113654285669327,0.37406337139725243,-0.5
2017-06-28,6,0.495514,0.22349125,0.28099474,0.27202275,0.6250083,0.9410166,0.6666666666666666,0.16666666666666666,-0.300678551197052,-0.32794948350638153,0.5727013051509857,-0.11090976496537526,0.47586744736215164,0.5
2017-06-29,2,0.44348234,0.116093665,0.44042403,0.32738864,0.660692,0.1596564,0.5,0.0,-0.1869369775056839,-0.3172985097393394,0.5143256217241288,-0.0007275044918060303,0.5549906427515331,-0.6666666666666667
2017-06-30,3,0.016617414,0.7039852,0.27939734,-0.68736786,0.4601518,0.9660154,0.0,0.6666666666666666,-0.13854170143604277,-0.33112448509782555,-0.5488261550664901,-0.029318819443384807,0.47948161235939984,0.5
2017-07-03,10,0.28697702,0.4515462,0.26147678,-0.16456914,0.72289044,0.94189954,0.3,0.5,-0.17082390189170837,-0.3176815515384078,0.006254762411117554,-0.17484945058822632,0.473484023515657,2.3333333333333335
2017-07-04,4,0.12731871,0.4950212,0.37766013,-0.36770248,0.57473963,0.8817272,0.0,0.5,-0.12404561638832093,-0.30257263537496326,-0.24365686774253845,-0.4065464933713277,0.42982723766775077,-0.6
2017-07-05,8,0.15827072,0.7109978,0.13073143,-0.5527271,0.6411532,0.9718202,0.125,0.75,-0.28899558782577517,-0.3051036035642028,-0.26373151540756223,-0.3616662422815959,0.39681891800806207,1.0
2017-07-06,4,0.47816622,0.37101397,0.1508198,0.10715224,0.91201013,0.864201,0.5,0.5,-0.33304286897182467,-0.2662453351542354,0.440195107460022,-0.27109244962533313,0.31510465668373705,-0.5
2017-07-07,6,0.2349004,0.61543554,0.14966403,-0.38053513,0.7366426,0.96604294,0.16666666666666666,0.6666666666666666,-0.2716763228178024,-0.2544254867359996,-0.10885880291461947,-0.275369996825854,0.2525093222953919,0.5
2017-07-10,9,0.16588324,0.5489462,0.28517056,-0.383063,0.545824,0.93756354,0.2222222222222222,0.5555555555555556,-0.31537509262561797,-0.24945996087044478,-0.06768789589405061,-0.2188152919212977,0.24820906487499522,0.5
2017-07-11,7,0.08953904,0.48273444,0.4277265,-0.3931954,0.4080231,0.95313793,0.0,0.5714285714285714,-0.3204736739397049,-0.2641752569004893,-0.07272171676158906,-0.3855978349844615,0.24980933968641006,-0.2222222222222222
2017-07-12,6,0.5139178,0.2681979,0.2178843,0.2457199,0.7128976,0.9663498,0.6666666666666666,0.16666666666666666,-0.1607842743396759,-0.25607441272586584,0.40650416910648346,-0.17684616148471832,0.31174861863411524,-0.1428571428571429
2017-07-13,3,0.14560954,0.33235222,0.5220382,-0.18674271,0.6508061,0.9523902,0.0,0.3333333333333333,-0.21956326365470885,-0.2628169316798449,0.03282055556774138,-0.11140606800715129,0.27402455288389926,-0.5
2017-07-14,5,0.27231878,0.35006413,0.37761706,-0.07774534,0.7174621,0.94413644,0.2,0.4,-0.159005306661129,-0.27636492550373076,0.08125996589660645,-0.0062560513615608215,0.26278407220987676,0.6666666666666667
2017-07-17,8,0.38612568,0.23832469,0.37554964,0.14780098,0.57565135,0.65188617,0.375,0.25,-0.05283251255750656,-0.27289602644741534,0.20063349455595017,-0.03889568895101547,0.25680090408291517,0.6000000000000001
2017-07-18,5,0.22754893,0.57099915,0.20145194,-0.34345016,0.77093077,0.9420518,0.2,0.6,-0.042883466184139254,-0.24694278575479983,-0.30056669265031816,-0.09113150586684544,0.24078186561789988,-0.375
2017-07-19,8,0.1232098,0.24832442,0.6284658,-0.12511463,0.47936314,0.91211224,0.125,0.25,-0.11705037206411362,-0.21687719635665417,-0.008064262568950653,-0.10692127048969269,0.17879460472494244,0.6000000000000001
2017-07-20,9,0.16068798,0.61493057,0.22438142,-0.4542426,0.5903605,0.9518603,0.1111111111111111,0.6666666666666666,-0.17055034786462783,-0.22752336449921132,-0.2836922392249107,-0.30760246018568677,0.23579672062771867,0.125
2017-07-21,5,0.19675168,0.38713422,0.4161141,-0.19038254,0.69276404,0.94970375,0.2,0.4,-0.19307778775691986,-0.19057527966797352,0.002695247530937195,-0.2565799206495285,0.23002363607119194,-0.4444444444444444
2017-07-24,14,0.27719402,0.46682277,0.2559832,-0.18962876,0.7454751,0.9633565,0.2857142857142857,0.5,-0.26056373715400694,-0.19989881105720997,0.07093497216701505,-0.2780846307675044,0.1348010440089903,1.7999999999999998
2017-07-25,5,0.63874227,0.10601286,0.2552449,0.5327294,0.44796738,0.33014363,0.8,0.0,-0.08532782793045043,-0.14318264611065387,0.6180572152137757,0.05090602735678355,0.3679643287185517,-0.6428571428571428
2017-07-26,6,0.1545844,0.7152963,0.13011925,-0.560712,0.6810573,0.96841484,0.16666666666666666,0.8333333333333334,-0.17244729697704314,-0.18481938280165194,-0.3882646828889847,-0.07253711918989818,0.4266289609620675,0.19999999999999996
2017-07-27,7,0.20824441,0.41226986,0.3794857,-0.20402543,0.59634197,0.9696546,0.2857142857142857,0.2857142857142857,-0.12240386605262757,-0.21139008663594722,-0.08162156641483306,-0.07733600835005443,0.3990977165884081,0.16666666666666674
2017-07-28,6,0.18626417,0.5352112,0.27852464,-0.34894705,0.74689656,0.96708816,0.16666666666666666,0.5,-0.1541167676448822,-0.19446904622018338,-0.19483028054237367,-0.3712281535069148,0.4119429942773154,-0.1428571428571429
2017-07-31,8,0.2681839,0.62297785,0.108838245,-0.35479397,0.7620889,0.97203887,0.25,0.75,-0.1871498078107834,-0.20398028753697872,-0.16764415800571442,-0.3025888154904048,0.4220019103435477,0.33333333333333326
2017-08-01,5,0.65398437,0.20935221,0.13666347,0.44463214,0.7993018,0.96135944,0.8,0.2,-0.20476925671100615,-0.1633635561913252,0.6494013994932175,-0.08636962374051411,0.3846142879569168,-0.375
2017-08-02,4,0.6398994,0.25754067,0.10255993,0.38235873,0.90360665,0.9718167,0.75,0.25,-0.016155114769935607,-0.11660926453769208,0.39851384460926054,0.15739896893501282,0.3974481663453822,-0.19999999999999996
2017-08-03,6,0.26904568,0.57287544,0.15807886,-0.3038298,0.7865231,0.9487199,0.3333333333333333,0.6666666666666666,-0.036115986108779904,-0.13715836592018604,-0.2677138030529022,0.17438702781995138,0.4115001396770192,0.5
2017-08-04,5,0.35512286,0.42773834,0.21713881,-0.07261549,0.8466361,0.9627014,0.4,0.4,0.019150325655937196,-0.12176238410174847,-0.09176581501960754,0.0019711504379908242,0.3760075046036838,-0.16666666666666663
2017-08-07,6,0.08409909,0.4974731,0.4184279,-0.41337395,0.5806947,0.9675644,0.0,0.5,0.007434329390525818,-0.12327793203294277,-0.4208082765340805,-0.26327307522296906,0.39117872023750516,0.19999999999999996
2017-08-08,3,0.27369654,0.6518807,0.074422754,-0.37818417,0.8684316,0.9692862,0.3333333333333333,0.6666666666666666,-0.15712893307209014,-0.1225273709744215,-0.2210552364587784,-0.2880578686793645,0.3294835073948424,-0.5
2017-08-09,5,0.58542156,0.32864782,0.08593065,0.2567737,0.7046617,0.9517512,0.8,0.2,-0.18224593698978425,-0.12197468020021915,0.43901964724063874,-0.17826146880785623,0.27899447434847224,0.6666666666666667
2017-08-10,6,0.027469605,0.9471373,0.025393115,-0.91966766,0.04469982,0.9654749,0.0,1.0,-0.3054135113954544,-0.15862092785537243,-0.6142541497945786,-0.3470260401566823,0.43718090539173526,0.19999999999999996
2017-08-11,6,0.29002497,0.49096966,0.21900539,-0.2009447,0.7969289,0.9643557,0.3333333333333333,0.5,-0.3310793548822403,-0.1647808961570263,0.13013464808464048,-0.28794621924559277,0.4236548449561572,0.0
2017-08-14,8,0.18804273,0.44146016,0.37049708,-0.25341743,0.6261914,0.9399111,0.125,0.5,-0.29908805191516874,-0.18484181687235832,0.04567061960697172,-0.45800993343194324,0.4219228210212409,0.33333333333333326
2017-08-15,7,0.08929073,0.834444,0.0762653,-0.7451533,0.24546301,0.96690595,0.0,1.0,-0.37248187959194184,-0.20492697432637214,-0.37267142832279204,-0.3998384823401769,0.4684709742014253,-0.125
2017-08-16,5,0.35309407,0.46161824,0.18528768,-0.10852413,0.7801405,0.9319783,0.4,0.6,-0.44554144740104673,-0.20409744903445243,0.3370173186063766,-0.369031623005867,0.36224398176236583,-0.2857142857142857
2017-08-17,6,0.1774107,0.79313093,0.029458366,-0.6157203,0.7626337,0.9734206,0.16666666666666666,0.8333333333333334,-0.384751969575882,-0.21217133328318596,-0.230968302488327,-0.489799236257871,0.2786445639083902,0.19999999999999996
2017-08-18,5,0.39034986,0.5649651,0.044684984,-0.17461526,0.9544011,0.954592,0.4,0.6,-0.3794860810041428,-0.211382969468832,0.20487081706523896,-0.2996198882659276,0.2831981855858435,-0.16666666666666663
2017-08-21,9,0.2820077,0.22629645,0.49169582,0.055711262,0.5911862,0.9698489,0.3333333333333333,0.2222222222222222,-0.31766034215688704,-0.19911596812307836,0.37337160408496856,-0.24487475802501044,0.34467236706314897,0.8
2017-08-22,3,0.03298214,0.5974446,0.36957327,-0.5644625,0.5357277,0.95806724,0.0,0.6666666666666666,-0.2815221771597862,-0.2539755616337061,-0.2829403057694435,-0.22778882831335068,0.29446026410121945,-0.6666666666666667
2017-08-23,8,0.1411546,0.5485682,0.3102772,-0.4074136,0.5900248,0.971971,0.125,0.625,-0.34130007177591326,-0.24631064273416997,-0.06611353009939192,-0.30538827429215115,0.2805711724292607,1.6666666666666665
2017-08-24,4,0.24959669,0.6611957,0.08920763,-0.41159904,0.9004996,0.9694035,0.25,0.75,-0.3004758253693581,-0.2566893231123686,-0.11112321466207503,-0.4611583749453227,0.2429933817676556,-0.5
2017-08-25,6,0.23849922,0.2961149,0.4653859,-0.057615668,0.54084736,0.93700534,0.16666666666666666,0.3333333333333333,-0.27707590609788896,-0.2421227540820837,0.21946023851633073,-0.2922094364960988,0.26295699674048223,0.5
2017-08-29,9,0.2098313,0.34299585,0.44717285,-0.13316454,0.6093703,0.9443285,0.2222222222222222,0.3333333333333333,-0.31485106647014616,-0.23104128278791905,0.1816865265369415,-0.20079308251539865,0.2117863882205296,0.5
2017-08-30,4,0.3022787,0.14260451,0.5551168,0.1596742,0.5061976,0.2302811,0.25,0.0,-0.17002373039722443,-0.24528918005526065,0.32969792783260343,-0.010368670026461283,0.24362239091983665,-0.5555555555555556
2017-08-31,6,0.26376024,0.31403375,0.422206,-0.050273497,0.56707793,0.9014346,0.16666666666666666,0.3333333333333333,-0.09859570935368538,-0.2669207913801074,0.04832221269607544,-0.007921279718478521,0.20608483318728368,0.5
2017-09-01,8,0.1740002,0.5564773,0.2695225,-0.3824771,0.6427348,0.95519894,0.125,0.625,-0.09277132228016853,-0.27085315715521574,-0.28970578238368033,-0.0910254679620266,0.19514851910999303,0.33333333333333326
2017-09-04,9,0.0476107,0.8576857,0.0947036,-0.810075,0.13702703,0.96470714,0.0,1.0,-0.24326318576931955,-0.3077261319383979,-0.5668117992579937,-0.4142751954495907,0.3716118262697947,0.125
2017-09-05,5,0.1328967,0.8413385,0.025764808,-0.7084418,0.5254859,0.9719498,0.2,0.8,-0.3583186365664005,-0.32247952427715065,-0.3501231573522091,-0.633664627869924,0.4154702274436928,-0.4444444444444444
2017-09-06,5,0.21601455,0.50995505,0.2740304,-0.29394048,0.7731744,0.96628666,0.2,0.6,-0.449041572958231,-0.31826734002679585,0.1551010884344578,-0.6041524211565653,0.31029693602012215,0.0
2017-09-07,5,0.1449473,0.68336767,0.17168501,-0.5384204,0.30226964,0.9603236,0.0,0.8,-0.5466709494590759,-0.35802704449743034,0.008250570297241189,-0.5136008858680725,0.21590036507383895,0.0
2017-09-08,5,0.60648614,0.2138365,0.17967734,0.39264965,0.75951684,0.9625782,0.8,0.2,-0.39164559841156005,-0.2924111789092422,0.7842952489852906,-0.14657040437062582,0.4800133186163673,0.0
2017-09-11,8,0.35279197,0.42148662,0.2257214,-0.06869467,0.81668407,0.9671583,0.375,0.375,-0.24336953610181808,-0.28579867724329233,0.17467486262321472,-0.0714884673555692,0.4303882953965515,0.6000000000000001
2017-09-12,7,0.27784148,0.49500507,0.22715344,-0.21716356,0.81632763,0.9691817,0.2857142857142857,0.5714285714285714,-0.1451138898730278,-0.2839859837666154,-0.07204967290163039,0.03559713810682297,0.3453476607802009,-0.125
2017-09-13,5,0.097947285,0.58616793,0.31588477,-0.4882206,0.37670746,0.9693508,0.0,0.6,-0.18396991342306138,-0.27113934848457577,-0.3042506888508797,-0.25802627950906754,0.37586032485953097,-0.2857142857142857
2017-09-14,9,0.22960885,0.29014987,0.48024124,-0.060541015,0.39414516,0.8667822,0.2222222222222222,0.3333333333333333,-0.08839404061436654,-0.2687401928007603,0.027853025496006018,-0.2553083933889866,0.319769353664719,0.8
2017-09-15,6,0.41898122,0.29640487,0.28461385,0.12257638,0.4895527,0.8211748,0.3333333333333333,0.3333333333333333,-0.14240869507193565,-0.23182536028325557,0.2649850733578205,-0.14206174636880556,0.22777583745364313,-0.33333333333333337
2017-09-18,8,0.11399567,0.60217494,0.2838294,-0.48817924,0.5391895,0.9697707,0.125,0.625,-0.22630560770630836,-0.24750355891883374,-0.26187362894415855,-0.14204795782764754,0.2676085663833393,0.33333333333333326
2017-09-19,7,0.32873684,0.41574487,0.2555183,-0.087008044,0.7246469,0.96109533,0.2857142857142857,0.42857142857142855,-0.20027450397610663,-0.2546395242214203,0.11326645985245704,-0.15087030082941055,0.27494977797520337,-0.125
2017-09-20,6,0.30698907,0.41230628,0.28070465,-0.10531723,0.7971679,0.9604351,0.3333333333333333,0.5,-0.1236938290297985,-0.23168226145207882,0.018376601487398142,-0.22683483610550562,0.22314258422646224,-0.1428571428571429
2017-09-21,7,0.2942532,0.46637085,0.23937593,-0.1721176,0.69799125,0.970486,0.2857142857142857,0.42857142857142855,-0.1460091471672058,-0.21991746164858342,-0.026108458638191223,-0.121480959157149,0.22081506329701953,0.16666666666666674
2017-09-22,6,0.2606114,0.66587764,0.073511,-0.40526628,0.82844836,0.9685777,0.3333333333333333,0.6666666666666666,-0.2515776798129082,-0.2196008238941431,-0.15368860512971877,-0.22756703943014145,0.1832959848818463,-0.1428571428571429
2017-09-25,9,0.23090938,0.61067563,0.158415,-0.3797663,0.7582596,0.97153664,0.2222222222222222,0.6666666666666666,-0.22989508956670762,-0.2357083547860384,-0.1498711958527565,-0.31905005872249603,0.15206168206166998,0.5
2017-09-26,8,0.09293131,0.7693349,0.13773376,-0.67640364,0.27552587,0.9639551,0.0,1.0,-0.34777420908212664,-0.2628703098744154,-0.328629432618618,-0.48714540402094525,0.22470356355120008,-0.11111111111111116
2017-09-27,5,0.07118138,0.62376934,0.3050493,-0.552588,0.5549503,0.9711709,0.0,0.6,-0.4372283607721329,-0.29848341904580594,-0.11535962522029874,-0.5362526377042135,0.19047298688557426,-0.375
2017-09-28,7,0.14126371,0.29642433,0.562312,-0.15516062,0.5154649,0.9195112,0.0,0.2857142857142857,-0.43383696377277375,-0.3037277752533555,0.2786763429641724,-0.4613840828339259,0.19643117407473415,0.3999999999999999
2017-09-29,7,0.23701742,0.6796351,0.083347484,-0.44261765,0.80764794,0.97338337,0.2857142857142857,0.7142857142857143,-0.44130723774433134,-0.30673480276018383,-0.0013104170560837014,-0.38345542053381604,0.19578215985730857,0.0
2017-10-02,12,0.07397079,0.5443273,0.38170186,-0.47035655,0.42789245,0.9627314,0.0,0.5,-0.4594252914190292,-0.2897488811984658,-0.010931262373924278,-0.35604494313399,0.19283274558449343,0.7142857142857142
2017-10-03,7,0.25173315,0.46705696,0.28120992,-0.21532376,0.5305606,0.94333434,0.2857142857142857,0.5714285714285714,-0.3672093152999878,-0.2650929795578122,0.15188555419445038,-0.37609932323296863,0.17228239349327867,-0.41666666666666663
2017-10-04,7,0.14230265,0.5128144,0.34488294,-0.37051177,0.40068108,0.94999397,0.0,0.7142857142857143,-0.33079407215118406,-0.2689215438440442,-0.039717698097229026,-0.35206402838230133,0.13940964585005233,0.0
2017-10-05,6,0.13413687,0.71946555,0.14639758,-0.58532864,0.59535486,0.97119147,0.16666666666666666,0.8333333333333334,-0.4168276757001877,-0.27126695681363344,-0.1685009628534317,-0.39038805663585663,0.13663091614746345,-0.1428571428571429
2017-10-06,5,0.017817656,0.93288815,0.04929419,-0.91507053,0.049951177,0.9654232,0.0,1.0,-0.511318251490593,-0.33665296602994205,-0.40375228226184845,-0.6236369808514913,0.2634437829031353,-0.16666666666666663
2017-10-09,8,0.252127,0.30477998,0.44309306,-0.05265297,0.523782,0.94380516,0.125,0.375,-0.42777753472328184,-0.33585088085383175,0.37512456476688383,-0.5176840474208196,0.3359357193042466,0.6000000000000001
2017-10-10,7,0.25445372,0.43171695,0.31382936,-0.17726323,0.6953846,0.9416779,0.2857142857142857,0.42857142857142855,-0.420165428519249,-0.3338558642193675,0.24290219843387606,-0.3816622445980708,0.34232379413259245,-0.125
2017-10-11,6,0.46912637,0.33881846,0.19205517,0.13030793,0.85237914,0.96409124,0.5,0.3333333333333333,-0.32000148892402647,-0.3029294377192855,0.45030941665172575,-0.03320275743802389,0.42400874881871836,-0.1428571428571429
2017-10-12,6,0.24959064,0.45168018,0.29872918,-0.20208955,0.54324746,0.9409171,0.3333333333333333,0.3333333333333333,-0.243353670835495,-0.31000686436891556,0.04126412272453309,-0.08301495015621185,0.39788942109156916,0.0
2017-10-13,7,0.20297721,0.17594753,0.6210752,0.027029702,0.5324627,0.96879536,0.14285714285714285,0.14285714285714285,-0.054933623597025874,-0.3147841981612146,0.08196332603693009,-0.014917305981119474,0.13933504519359238,0.16666666666666674
2017-10-16,13,0.22696117,0.33902264,0.43401623,-0.11206147,0.47660324,0.9608409,0.15384615384615385,0.38461538461538464,-0.06681532375514507,-0.29597830986604096,-0.04524614699184895,-0.0957071054726839,0.14160643949175306,0.8571428571428572
2017-10-17,6,0.2001334,0.44113457,0.358732,-0.24100119,0.49435392,0.96774364,0.16666666666666666,0.5,-0.07956291548907757,-0.30367796709761025,-0.16143827326595783,-0.10867765235404174,0.15615617575049678,-0.5384615384615384
2017-10-18,5,0.14000323,0.705877,0.15411973,-0.56587374,0.6648964,0.9661048,0.2,0.8,-0.21879924945533274,-0.32670579282566903,-0.3470744926482439,-0.30631213386853534,0.21969164223305343,-0.16666666666666663
2017-10-19,6,0.15388505,0.7110017,0.1351132,-0.5571167,0.6680501,0.9726327,0.16666666666666666,0.6666666666666666,-0.2898046772927046,-0.34595574690029024,-0.26731201000511645,-0.45466387271881104,0.26553167955333995,0.19999999999999996
2017-10-20,6,0.18095131,0.40155014,0.41749856,-0.2205988,0.62529784,0.9710442,0.16666666666666666,0.3333333333333333,-0.3393303781747818,-0.336722372751683,0.11873157620429992,-0.44786307712395984,0.2086682445563613,0.0
2017-10-23,9,0.26144826,0.49220192,0.24634978,-0.23075363,0.72756624,0.9682639,0.2222222222222222,0.5555555555555556,-0.36306881010532377,-0.329271740000695,0.1323151797056198,-0.33615637322266895,0.18130770341212835,0.5
2017-10-24,9,0.091910385,0.6080835,0.30000612,-0.5161731,0.5237435,0.9671889,0.0,0.6666666666666666,-0.41810319721698763,-0.3212602141313255,-0.09806992709636686,-0.32250851889451343,0.17669637891700896,0.0
2017-10-25,8,0.49218386,0.34657115,0.16124496,0.1456127,0.83751744,0.945701,0.5,0.375,-0.27580590844154357,-0.28635017974302174,0.42141861021518706,-0.20043801764647165,0.28265850870089615,-0.11111111111111116
2017-10-26,7,0.20789354,0.6034567,0.18864979,-0.39556313,0.72471017,0.97215277,0.14285714285714285,0.7142857142857143,-0.24349519610404968,-0.29837030498310924,-0.15206792950630188,-0.25537451605002087,0.24978463537043696,-0.125
2017-10-27,7,0.4278222,0.28275475,0.28942302,0.14506745,0.7514279,0.95534116,0.42857142857142855,0.14285714285714285,-0.17036194503307342,-0.2689860495738685,0.31542939841747286,-0.034960990150769554,0.3054847712737413,0.0
2017-10-30,8,0.1243202,0.32783383,0.54784596,-0.20351362,0.5026004,0.9287188,0.125,0.375,-0.16491394340991974,-0.2556439029984176,-0.0385996788740158,-0.1513364315032959,0.30437939169537,0.1428571428571428
2017-10-31,8,0.2856119,0.32473645,0.3896517,-0.03912454,0.61886734,0.9512641,0.25,0.375,-0.06950422674417496,-0.24683394199237227,0.030379685759544375,-0.03252356996138891,0.23319098812869302,0.0
2017-11-01,3,0.36909446,0.5747602,0.056145325,-0.20566575,0.6919031,0.96607935,0.3333333333333333,0.6666666666666666,-0.13975991755723954,-0.2385916410945356,-0.06590583473443984,-0.14943463852008185,0.20316096169301556,-0.625
2017-11-02,10,0.2368919,0.33654785,0.4265603,-0.09965596,0.4320918,0.8070219,0.1,0.4,-0.08057848513126373,-0.21430800734087824,-0.019077478349208837,-0.1148154189189275,0.14470516713865111,2.3333333333333335
2017-11-03,5,0.5085579,0.43002754,0.06141455,0.07853034,0.87515074,0.9191632,0.6,0.4,-0.0938859075307846,-0.16462796358391643,0.17241624891757965,-0.07559712479511897,0.11965829812349281,-0.5
2017-11-06,9,0.16130891,0.50465226,0.33403888,-0.34334335,0.59520966,0.95988417,0.1111111111111111,0.5555555555555556,-0.12185185253620148,-0.1791624824516475,-0.22149149477481841,-0.12148965646823247,0.16091359580433545,0.8
2017-11-07,5,0.093402185,0.31754315,0.5890547,-0.22414096,0.437277,0.9662297,0.0,0.2,-0.15885513573884963,-0.18150636879727244,-0.06528582125902177,-0.16298465430736542,0.15838700959585275,-0.4444444444444444
2017-11-08,7,0.2936776,0.40152937,0.30479303,-0.10785176,0.6343338,0.9369859,0.2857142857142857,0.42857142857142855,-0.13929233700037003,-0.19341435311362148,0.031440578401088715,-0.22511202096939087,0.1571960355893563,0.3999999999999999
2017-11-09,6,0.022631317,0.79199904,0.18536966,-0.7693677,0.39238098,0.96833986,0.0,0.8333333333333334,-0.27323468327522277,-0.2217782604508102,-0.49613301157951356,-0.3671201368172963,0.31802654302018435,-0.1428571428571429
2017-11-10,4,0.24682203,0.678881,0.074297,-0.43205893,0.83400935,0.9405393,0.25,0.75,-0.3753525376319885,-0.24473269209265708,-0.05670639276504519,-0.43642612795035046,0.2519472942242427,-0.33333333333333337
2017-11-13,13,0.081720695,0.5210316,0.39724776,-0.43931088,0.48336145,0.9740409,0.0,0.5384615384615384,-0.39454604387283326,-0.26109516248106956,-0.04476483464241027,-0.5469125012556711,0.25255389719924953,2.25
2017-11-14,9,0.25146383,0.36313468,0.3854015,-0.11167084,0.6320329,0.93668157,0.2222222222222222,0.3333333333333333,-0.3720520198345184,-0.2546286448836327,0.2603811830282211,-0.32768021523952484,0.2754924987703873,-0.3076923076923077
2017-11-15,6,0.353068,0.47139323,0.1755388,-0.11832524,0.8977093,0.9695618,0.3333333333333333,0.5,-0.37414671629667284,-0.2322512198239565,0.2558214753866196,-0.22310231874386469,0.27301008637744567,-0.33333333333333337
2017-11-16,8,0.10087243,0.5593922,0.3397354,-0.45851976,0.53433913,0.972486,0.125,0.5,-0.3119771286845207,-0.22732137329876423,-0.14654262810945512,-0.2295052781701088,0.18009159406141256,0.33333333333333326
2017-11-17,4,0.36485577,0.24724793,0.38789636,0.11760783,0.6108963,0.8142552,0.25,0.25,-0.20204377621412278,-0.21041104160249233,0.31965160816907884,-0.153079055249691,0.2446573207491022,-0.5
2017-11-20,11,0.13212794,0.4726025,0.39526957,-0.34047458,0.47592005,0.95852715,0.09090909090909091,0.5454545454545454,-0.18227651566267014,-0.21589708887040615,-0.1581980600953102,-0.22712883353233337,0.22379818132859816,1.75
2017-11-21,9,0.23820403,0.62623596,0.13555999,-0.38803196,0.72050935,0.9717001,0.2222222222222222,0.6666666666666666,-0.23754874020814895,-0.209490030631423,-0.15048321932554246,-0.20363290111223856,0.23580582617310103,-0.18181818181818177
2017-11-22,5,0.23602578,0.58839065,0.17558356,-0.35236487,0.8413292,0.9715837,0.2,0.6,-0.2843566656112671,-0.23438890911638738,-0.06800820231437682,-0.3602904677391052,0.2293638711878751,-0.4444444444444444
2017-11-23,9,0.37912565,0.38017198,0.24070233,-0.0010463396,0.7091018,0.96613723,0.3333333333333333,0.4444444444444444,-0.19286198217887432,-0.21466306981747038,0.19181564254686237,-0.24714772236378243,0.23372350899050526,0.8
2017-11-24,5,0.20248322,0.5858545,0.21166226,-0.38337126,0.7979963,0.95531166,0.2,0.6,-0.2930578013183549,-0.2410850056738127,-0.090313462424092,-0.24559415710003427,0.16447871034556033,-0.4444444444444444
2017-11-27,10,0.13263172,0.43353018,0.43383807,-0.3008985,0.4742061,0.89356625,0.1,0.6,-0.2851425846340135,-0.24595424917642958,-0.01575590770225971,-0.22843869857024401,0.16256756848256568,1.0
2017-11-28,10,0.27762452,0.39254487,0.32983062,-0.114920355,0.6795733,0.92325455,0.2,0.5,-0.2305202638031915,-0.24974403989617713,0.11559990842361004,-0.26639670381943387,0.16521520169895873,0.0
2017-11-29,7,0.22003354,0.58724207,0.19272438,-0.36720854,0.6573465,0.96529305,0.14285714285714285,0.7142857142857143,-0.23348899830598385,-0.25782117930357346,-0.13371954213362186,-0.26100912938515347,0.1680608237982947,-0.30000000000000004
2017-11-30,6,0.2205416,0.5183375,0.26112092,-0.2977959,0.7458899,0.9670528,0.16666666666666666,0.5,-0.2928389087319374,-0.2677281757176388,-0.004956983029842377,-0.25997492919365567,0.10662022512135388,-0.1428571428571429
2017-12-01,4,0.23690838,0.5082955,0.25479612,-0.2713871,0.75532645,0.9019673,0.25,0.5,-0.27044207602739334,-0.2852240477979649,-0.0009450241923332214,-0.31213051080703735,0.0938449143912867,-0.33333333333333337
2017-12-04,11,0.2370287,0.27333662,0.48963463,-0.036307916,0.5600894,0.9131342,0.18181818181818182,0.2727272727272727,-0.2175239607691765,-0.26987227623467336,0.18121604472398758,-0.2018303026755651,0.13703744815944913,1.75
2017-12-05,8,0.1865409,0.6274748,0.18598434,-0.44093385,0.6504404,0.9734446,0.125,0.75,-0.2827266603708267,-0.2807119210541714,-0.15820719301700592,-0.24954295655091605,0.15267986843100445,-0.2727272727272727
2017-12-06,7,0.43738216,0.30863622,0.2539816,0.12874594,0.78659683,0.9710397,0.5714285714285714,0.2857142857142857,-0.18353576362133026,-0.2688820359588135,0.31228170692920687,-0.11616527537504832,0.22705886594931982,-0.125
2017-12-07,6,0.2999878,0.34393072,0.35608158,-0.04394291,0.7253188,0.96953267,0.3333333333333333,0.3333333333333333,-0.1327651672065258,-0.23261079670046456,0.08882225751876832,-0.11871027325590451,0.22347563352065805,-0.1428571428571429
2017-12-08,6,0.42782387,0.26122007,0.31095606,0.1666038,0.680596,0.9552722,0.5,0.16666666666666666,-0.04516698643565178,-0.2026776599988807,0.21177079007029534,0.08380227908492088,0.2407301233374154,0.0
2017-12-11,7,0.118656896,0.48477373,0.3965694,-0.36611685,0.53043276,0.9573002,0.14285714285714285,0.42857142857142855,-0.11112877354025841,-0.19901795865152963,-0.25498807802796364,-0.08115198587377866,0.2797228606757291,0.16666666666666674
2017-12-12,7,0.41695207,0.41989306,0.16315487,-0.002941021,0.86873937,0.9626486,0.42857142857142855,0.42857142857142855,-0.023530207062140106,-0.19358146786107683,0.020589186064898967,-0.06748468964360654,0.21068054608837955,0.0
2017-12-13,4,0.1013128,0.71910655,0.1795806,-0.6177938,0.5809064,0.9639584,0.0,0.75,-0.17283815541304648,-0.21855489573790693,-0.4449556430336088,-0.32895055700403947,0.31465935663440736,-0.4285714285714286
2017-12-14,5,0.31909552,0.62593144,0.054973055,-0.30683595,0.82437843,0.9697855,0.4,0.6,-0.22541676335968078,-0.21097070536925458,-0.08141918606124818,-0.3091902562882751,0.3096614753366503,0.25
2017-12-15,5,0.09159938,0.53113544,0.37726521,-0.43953604,0.55543756,0.96685153,0.0,0.6,-0.346644731098786,-0.2388278987200465,-0.09289130396209655,-0.45472192764282227,0.22485926375580864,0.0
2017-12-18,15,0.16685554,0.5168563,0.31628817,-0.35000077,0.62011844,0.96704894,0.13333333333333333,0.5333333333333333,-0.3434215145651251,-0.23930420837714336,-0.006579254334792506,-0.36545758446057636,0.22462574867835686,2.0
2017-12-19,5,0.118788764,0.50071466,0.38049656,-0.3819259,0.43988377,0.8633161,0.2,0.4,-0.4192184925079346,-0.23899890593602321,0.03729258179664613,-0.39048757155736286,0.12109564460921618,-0.6666666666666667
2017-12-20,8,0.24376822,0.5067034,0.24952842,-0.26293516,0.66675776,0.9685894,0.25,0.5,-0.34824676513671876,-0.23452742061926984,0.08531160354614259,-0.3316206137339274,0.0679411832708695,0.6000000000000001
2017-12-21,7,0.11851757,0.51598734,0.36549506,-0.39746976,0.42321488,0.9705227,0.0,0.7142857142857143,-0.3663735270500183,-0.2543485915870406,-0.03109623193740846,-0.3474436104297638,0.06619888125009361,-0.125
2017-12-22,5,0.04535038,0.75684696,0.1978027,-0.7114966,0.4374009,0.9706998,0.0,0.8,-0.42076563835144043,-0.2707548579783179,-0.29073095321655273,-0.45730050404866535,0.1706559665963682,-0.2857142857142857
2017-12-27,13,0.15189388,0.41755664,0.43054947,-0.2656628,0.5676283,0.9668086,0.07692307692307693,0.38461538461538464,-0.40389804244041444,-0.26899307282874363,0.13823525309562684,-0.45820971330006915,0.18311231785584778,1.6
2017-12-28,4,0.30576843,0.20058048,0.49365106,0.10518796,0.61590767,0.7165653,0.25,0.25,-0.306475268304348,-0.2579876570613123,0.41166322827339175,-0.290657140314579,0.2938325554107517,-0.6923076923076923
2017-12-29,5,0.40234408,0.23345713,0.36419877,0.16888697,0.69133914,0.9015379,0.4,0.2,-0.22011084109544754,-0.23118288131663575,0.3889978155493736,0.0028040483593940735,0.36473611419380053,0.25
2018-01-02,17,0.3564716,0.2911349,0.3523935,0.06533672,0.62323886,0.9595473,0.4117647058823529,0.29411764705882354,-0.12754954546689987,-0.2130262507707812,0.19288626462221145,0.11313721785942714,0.36719064824825415,2.4
2018-01-03,7,0.5741306,0.28801903,0.1378504,0.28611156,0.85932225,0.9661144,0.7142857142857143,0.2857142857142857,0.07197208553552628,-0.185151317587588,0.2141394779086113,0.1734450856844584,0.20639333978466207,-0.5882352941176471
2018-01-04,8,0.428318,0.44921774,0.12246421,-0.020899728,0.8776637,0.96077585,0.5,0.5,0.12092469781637191,-0.1843809081823565,-0.1418244257569313,0.11018285155296326,0.115150897290431,0.1428571428571428
2018-01-05,6,0.32859817,0.5240728,0.14732903,-0.19547464,0.6930289,0.96856153,0.16666666666666666,0.6666666666666666,0.06079217791557312,-0.1721079474897124,-0.2562668174505234,0.023245731989542644,0.1835893601201782,-0.25
2018-01-08,11,0.13809821,0.40351632,0.45838547,-0.26541814,0.55262756,0.9708529,0.09090909090909091,0.36363636363636365,-0.0260688453912735,-0.19181615175912156,-0.2393492966890335,-0.16059750318527222,0.21898899149325388,0.8333333333333333
2018-01-09,4,0.1795646,0.6203393,0.20009612,-0.44077468,0.7309885,0.945598,0.25,0.75,-0.12729112505912782,-0.2116577402339317,-0.31348355412483214,-0.30055582026640576,0.2757811249101135,-0.6363636363636364
2018-01-10,8,0.4038177,0.26513463,0.33104765,0.1386831,0.7425035,0.95473224,0.375,0.25,-0.15677681863307952,-0.21305377563694491,0.2954599142074585,-0.189169908563296,0.2234470787339471,1.0
2018-01-11,8,0.33815843,0.45548588,0.20635572,-0.11732748,0.80242914,0.9616772,0.375,0.375,-0.17606236934661865,-0.20061430713394657,0.05873488783836364,-0.13980635503927866,0.21269014555912152,0.0
2018-01-12,6,0.22902776,0.5856057,0.18536656,-0.35657796,0.66240424,0.95402604,0.16666666666666666,0.6666666666666666,-0.20828303396701814,-0.2182961542159319,-0.1482949286699295,-0.11174078285694122,0.22801676424993106,-0.25
2018-01-15,14,0.036426347,0.7964302,0.16714346,-0.76000386,0.37224948,0.9711571,0.0,0.8571428571428571,-0.3072001785039902,-0.22540665753185748,-0.45280368626117706,-0.4113031029701233,0.3391810085547155,1.3333333333333335
2018-01-16,6,0.11176008,0.59863627,0.28960368,-0.48687616,0.5896539,0.9732415,0.0,0.6666666666666666,-0.31642047464847567,-0.23440866805613042,-0.17045568525791166,-0.5344859957695007,0.34430773590380864,-0.5714285714285714
2018-01-17,6,0.14737386,0.7174735,0.13515271,-0.57009965,0.45967546,0.96086216,0.16666666666666666,0.8333333333333334,-0.4581770241260529,-0.24093684889376163,-0.1119226276874542,-0.6056598921616873,0.2402865667861095,0.0
2018-01-18,10,0.28373504,0.36966747,0.34659746,-0.08593242,0.66809607,0.9318169,0.2,0.4,-0.4518980115652084,-0.2277334313839674,0.3659655928611755,-0.3809694101413091,0.25156561881582656,0.6666666666666667
2018-01-19,5,0.21571274,0.696502,0.08778529,-0.48078924,0.7509095,0.97150606,0.2,0.8,-0.4767402678728104,-0.23267659805715085,-0.0040489763021469005,-0.3789404382308324,0.24586792459698792,-0.5
2018-01-22,11,0.22207929,0.32800043,0.44992027,-0.10592112,0.634263,0.94054246,0.18181818181818182,0.36363636363636365,-0.3459237188100815,-0.22482589595019817,0.24000259935855867,-0.22421426077683768,0.2310345609160062,1.2000000000000002
2018-01-23,2,0.36584237,0.39031598,0.24384171,-0.024473608,1.0160974,0.7627928,0.5,0.5,-0.25344320833683015,-0.20617608837783336,0.22896960079669954,-0.20372799038887024,0.25209483961799856,-0.8181818181818181
2018-01-24,6,0.15117927,0.56035584,0.28846487,-0.4091766,0.50879276,0.97052413,0.0,0.8333333333333334,-0.22125859558582306,-0.1910600882023573,-0.18791799247264862,-0.17985710501670837,0.2079720945960439,2.0
2018-01-25,5,0.24553287,0.19324413,0.561223,0.05228872,0.5933968,0.85315514,0.2,0.2,-0.1936143681406975,-0.17516251280903816,0.2459030866622925,-0.12712049235900244,0.23754131791828084,-0.16666666666666663
2018-01-26,3,0.5011966,0.17038989,0.32841352,0.3308067,0.21746859,0.3499699,0.6666666666666666,0.0,-0.031295178830623625,-0.16388157568871975,0.3621018812060356,-0.008693722387154898,0.26763499610382935,-0.4
2018-01-29,10,0.064012796,0.66972125,0.266266,-0.6057084,0.38374782,0.96085423,0.0,0.7,-0.13125263899564743,-0.20261134542524814,-0.4744557812809944,-0.07420433312654495,0.3744789834822987,2.3333333333333335
2018-01-30,7,0.28606763,0.35319757,0.3607348,-0.06712992,0.58395714,0.96828103,0.2857142857142857,0.42857142857142855,-0.13978390097618104,-0.20923467725515366,0.07265398353338243,-0.11401054511467616,0.3719153418405882,-0.30000000000000004
2018-01-31,5,0.030439317,0.6104516,0.3591092,-0.5800122,0.48889703,0.96881706,0.0,0.6,-0.17395102381706237,-0.2525408655405045,-0.406061178445816,-0.417616846660773,0.408862954414386,-0.2857142857142857
2018-02-01,6,0.06558994,0.6344908,0.29991925,-0.5689009,0.51083624,0.96787107,0.0,0.6666666666666666,-0.2981889441609383,-0.27994092330336573,-0.27071193903684615,-0.40534766763448715,0.41722335988184284,0.19999999999999996
2018-02-02,5,0.19567433,0.7588501,0.045475572,-0.5631758,0.80150175,0.9622795,0.2,0.8,-0.47698544412851335,-0.29832598119974135,-0.08619035333395003,-0.5706962943077087,0.2296970260920145,-0.16666666666666663
2018-02-05,13,0.11689197,0.5516012,0.33150688,-0.4347092,0.5147042,0.9717353,0.15384615384615385,0.5384615384615384,-0.4427855983376503,-0.30679053366184234,0.008076407015323639,-0.5222619573275248,0.21818136084709963,1.6
2018-02-06,10,0.08686588,0.68986654,0.2232676,-0.6030007,0.5151335,0.9679603,0.1,0.8,-0.5499597549438476,-0.3149018347263336,-0.053040945529937766,-0.5336285630861918,0.06620538880453425,-0.23076923076923073
2018-02-07,10,0.25003836,0.63399327,0.11596835,-0.38395494,0.67986315,0.95096284,0.2,0.8,-0.5107483029365539,-0.34103373661637304,0.12679336071014402,-0.4738882780075073,0.09552404466929408,0.0
2018-02-08,9,0.18944375,0.48658037,0.3239759,-0.2971366,0.6118647,0.94844615,0.2222222222222222,0.4444444444444444,-0.4563954472541809,-0.35002419278025626,0.15925884246826172,-0.42803074916203815,0.12646782479304752,-0.09999999999999998
2018-02-09,7,0.18608774,0.6498577,0.16405448,-0.46376997,0.593393,0.96920073,0.14285714285714285,0.7142857142857143,-0.4365142822265625,-0.35538379326462743,-0.027255690097808816,-0.38162050644556683,0.11253052879848904,-0.2222222222222222
2018-02-12,11,0.20932215,0.32179973,0.46887815,-0.11247756,0.42866716,0.94804794,0.09090909090909091,0.45454545454545453,-0.37206795662641523,-0.3230074781924486,0.2595903933048248,-0.291128046810627,0.18363167760179389,0.5714285714285714
2018-02-13,4,0.15482104,0.69435203,0.15082698,-0.539531,0.7004916,0.9444895,0.25,0.75,-0.35937401503324506,-0.325640219822526,-0.1801569774746895,-0.3719261760512988,0.16491712124224894,-0.6363636363636364
2018-02-14,5,0.47547254,0.29544052,0.22908695,0.18003199,0.33216462,0.4653129,0.6,0.2,-0.24657662957906723,-0.28813363797962666,0.4266086146235466,-0.1573255235950152,0.2896243202957087,0.25
2018-02-15,5,0.17225708,0.67505634,0.1526866,-0.5027992,0.61163026,0.9709547,0.2,0.6,-0.28770915120840074,-0.30897697769105437,-0.21509006172418593,-0.287432740132014,0.31231525221981266,0.0
2018-02-16,5,0.031866234,0.8700385,0.098095275,-0.83817226,0.15811606,0.97374076,0.0,1.0,-0.3625896081328392,-0.32684612832963467,-0.47558264881372453,-0.3869798282782237,0.39816456113562887,0.0
2018-02-19,11,0.12803422,0.74314785,0.12881795,-0.6151136,0.61448026,0.9680808,0.09090909090909091,0.8181818181818182,-0.46311681866645815,-0.3523057531565428,-0.1519967973232269,-0.6520283619562784,0.3823688697688984,1.2000000000000002
2018-02-20,7,0.19751321,0.5424994,0.2599874,-0.34498617,0.76039153,0.9654439,0.14285714285714285,0.5714285714285714,-0.42420785427093505,-0.3683313813060522,0.07922168374061583,-0.599424014488856,0.38254738163621893,-0.36363636363636365
2018-02-21,8,0.33625424,0.4370774,0.22666839,-0.10082319,0.7662168,0.97340965,0.375,0.375,-0.4803788885474205,-0.352913711220026,0.37955570220947266,-0.3536409909526507,0.27796849253407646,0.1428571428571428
2018-02-22,9,0.024061842,0.7851116,0.19082658,-0.76104975,0.3528387,0.97002304,0.0,0.7777777777777778,-0.5320289954543114,-0.3935806345194578,-0.22902075201272964,-0.4022863681117694,0.3057779928928596,0.125
2018-02-23,5,0.1407524,0.7890208,0.0702268,-0.6482684,0.5899557,0.966418,0.2,0.8,-0.4940482243895531,-0.44253438971936704,-0.15422017723321912,-0.5033804451425871,0.26766393662868454,-0.4444444444444444
2018-02-26,9,0.24741274,0.27737543,0.47521183,-0.029962705,0.628098,0.9450959,0.2222222222222222,0.3333333333333333,-0.37701804228127,-0.41374710397794845,0.34705533683300016,-0.4797602848460277,0.32357926158534756,0.8
2018-02-27,6,0.24297933,0.3991603,0.35786033,-0.15618098,0.6984567,0.9602224,0.16666666666666666,0.3333333333333333,-0.3392570037394762,-0.418199656996876,0.1830760259181261,-0.2781373616307974,0.33890545959939417,-0.33333333333333337
2018-02-28,6,0.23104249,0.5588727,0.21008481,-0.32783023,0.74855024,0.96018606,0.16666666666666666,0.6666666666666666,-0.3846584115177393,-0.40559055814519523,0.05682818628847597,-0.17132463616629443,0.31320962989279316,0.0
2018-03-01,7,0.23481905,0.5639081,0.20127285,-0.32908908,0.795541,0.9704133,0.2857142857142857,0.5714285714285714,-0.298266277089715,-0.393599967751652,-0.030822798237204574,-0.2710334261258443,0.23264812374171484,0.16666666666666674
2018-03-02,8,0.16553113,0.45497698,0.37949187,-0.28944585,0.509102,0.96392816,0.125,0.625,-0.22650176621973514,-0.3799134702421725,-0.06294408105313778,-0.31545504927635193,0.13069639018027993,0.1428571428571428
2018-03-05,11,0.12890106,0.4850922,0.3860067,-0.35619113,0.5764449,0.9651869,0.09090909090909091,0.45454545454545453,-0.29174745082855225,-0.37598756710067394,-0.0644436776638031,-0.3249086836973826,0.07942436197730349,0.375
2018-03-06,10,0.112609565,0.5706809,0.31670952,-0.45807132,0.50368184,0.9659174,0.1,0.5,-0.3521255195140839,-0.36874109813943506,-0.1059458017349243,-0.36790276567141217,0.06381755730020783,-0.09090909090909094
2018-03-07,6,0.15691175,0.6129677,0.2301205,-0.456056,0.68278414,0.96423376,0.16666666666666666,0.6666666666666666,-0.3777706742286682,-0.3723461509682238,-0.07828532457351683,-0.42343948284784955,0.0761801087523095,-0.4
2018-03-08,6,0.1789633,0.65758145,0.16345523,-0.47861814,0.750587,0.9583839,0.16666666666666666,0.6666666666666666,-0.40767648816108704,-0.38142022797837855,-0.07094165682792664,-0.46424848834673565,0.08145882645603934,0.0
2018-03-09,8,0.23367918,0.4054171,0.36090374,-0.17173794,0.5683935,0.8959084,0.25,0.375,-0.38413490653038024,-0.3668186263181269,0.21239696741104125,-0.3688040276368459,0.12792541360211804,0.33333333333333326
2018-03-12,15,0.22453408,0.41819265,0.35727328,-0.19365858,0.5724112,0.9696714,0.26666666666666666,0.4666666666666667,-0.3516283959150314,-0.37087767692282797,0.15796982049942015,-0.2813382198413213,0.1546582180188525,0.875
2018-03-13,6,0.10474285,0.7299619,0.16529532,-0.62521905,0.36676848,0.9620973,0.0,0.8333333333333334,-0.3850579410791397,-0.3751620796509087,-0.24016110599040985,-0.33020518720149994,0.19596602588151,-0.6
2018-03-14,8,0.24746226,0.2492729,0.50326484,-0.0018106443,0.5317748,0.8739166,0.25,0.25,-0.2942088701762259,-0.38425421111751346,0.29239822588860986,-0.27356275559092563,0.25208169860043517,0.33333333333333326
2018-03-15,5,0.06954333,0.5257027,0.40475392,-0.4561594,0.49806574,0.9526981,0.0,0.6,-0.2897171237505972,-0.38192222111392765,-0.16644228911027314,-0.3610630347393453,0.2481436326939674,-0.375
2018-03-16,6,0.27178934,0.46925876,0.2589519,-0.19746943,0.55738384,0.96222985,0.3333333333333333,0.5,-0.2948634215630591,-0.3498870796756819,0.09739399338141086,-0.2184798284433782,0.24533608438827675,0.19999999999999996
2018-03-19,9,0.13993225,0.5039432,0.35612452,-0.364011,0.55691665,0.96519196,0.1111111111111111,0.5555555555555556,-0.32893390441313386,-0.33733194835949687,-0.03507708525285125,-0.3392132769028346,0.23952774030084734,0.5
2018-03-20,4,0.04208792,0.92998344,0.027928632,-0.8878955,0.030606281,0.9364143,0.0,1.0,-0.38146919989958405,-0.36447741605807094,-0.5064263246022165,-0.48312531411647797,0.3317934500967778,-0.5555555555555556
2018-03-21,9,0.37227967,0.20013021,0.42759013,0.17214945,0.5880549,0.96607447,0.3333333333333333,0.2222222222222222,-0.3466771811246872,-0.3508287842618302,0.5188266307115554,-0.35991902152697247,0.38621501183478274,1.25
2018-03-22,5,0.328177,0.49707732,0.17474571,-0.16890031,0.75374705,0.9602161,0.2,0.6,-0.289225360751152,-0.32122131243813784,0.12032504975795744,-0.2948821286360423,0.38722178387611894,-0.4444444444444444
2018-03-23,10,0.12811443,0.50844705,0.36343855,-0.38033262,0.42966884,0.97435737,0.0,0.5,-0.3257979989051819,-0.3078245233045891,-0.05453462004661558,-0.12569449345270792,0.38501832153166,1.0
2018-03-26,9,0.32140964,0.43249017,0.24610022,-0.11108051,0.6441171,0.95163584,0.3333333333333333,0.4444444444444444,-0.2752119034528732,-0.3118804136523977,0.16413139104843139,-0.22010448078314462,0.39522304865132385,-0.09999999999999998
2018-03-27,7,0.20624153,0.1629595,0.63079894,0.04328202,0.37901887,0.46817473,0.14285714285714285,0.0,-0.08897639438509941,-0.30190726371947674,0.13225841522216797,-0.1493770368397236,0.21062043399223157,-0.2222222222222222
2018-03-28,8,0.16632882,0.52506566,0.30860552,-0.35873684,0.49811098,0.95366573,0.125,0.5,-0.1951536528766155,-0.3034525946015492,-0.16358318999409677,-0.14217844481269518,0.177242638023078,0.1428571428571428
2018-03-29,10,0.13696648,0.62171173,0.24132183,-0.48474526,0.57435167,0.9718826,0.1,0.7,-0.25832264348864553,-0.3112354040378705,-0.2264226205646992,-0.26673336202899617,0.2173029379476333,0.25
2018-04-03,17,0.29927757,0.3890025,0.31171995,-0.08972488,0.70048195,0.9697845,0.29411764705882354,0.4117647058823529,-0.2002010963857174,-0.30124935584608464,0.11047621294856072,-0.31106899678707123,0.21536623850801384,0.7
2018-04-04,4,0.44299755,0.32934952,0.22765297,0.11364803,0.85699475,0.95963204,0.5,0.25,-0.15525538846850395,-0.27775739806238564,0.2689034156501293,-0.15360737343629202,0.2578704506774143,-0.7647058823529411
2018-04-05,4,0.1145152,0.5942143,0.29127043,-0.47969916,0.55838156,0.97361845,0.0,0.75,-0.25985162556171415,-0.27883879023138436,-0.2198475390672684,-0.15192534029483795,0.263217340925469,0.0
2018-04-06,5,0.21541162,0.7401057,0.044482727,-0.5246941,0.80104834,0.9384799,0.2,0.8,-0.2930430740118027,-0.28227069454733283,-0.2316510111093521,-0.29691507418950397,0.28809215330674576,0.25
2018-04-09,10,0.14211628,0.5567976,0.3010861,-0.41468135,0.5573009,0.95795643,0.1,0.6,-0.27903029024600984,-0.27907385455910116,-0.13565105497837066,-0.4730248649915059,0.27796254423941585,1.0
2018-04-10,4,0.24164982,0.52527237,0.23307782,-0.28362256,0.4879752,0.9479916,0.0,0.75,-0.31780982613563535,-0.28466808574739844,0.03418726325035093,-0.40766599774360657,0.2577392063220355,-0.6
2018-04-11,9,0.3995879,0.45648894,0.14392318,-0.056901023,0.87900794,0.9752611,0.4444444444444444,0.4444444444444444,-0.35191963613033295,-0.277830208116211,0.29501861333847046,-0.2517349769671758,0.18829373508286198,1.25
2018-04-12,6,0.16894329,0.66706157,0.16399515,-0.49811828,0.74830925,0.961242,0.16666666666666666,0.6666666666666666,-0.3556034594774246,-0.27147516983095554,-0.1425148218870163,-0.2795472890138626,0.191570291197845,-0.33333333333333337
2018-04-13,3,0.030240288,0.35119924,0.6185605,-0.32095894,0.55830145,0.9730865,0.0,0.3333333333333333,-0.31485643088817594,-0.28743258472532035,-0.006102511286735557,-0.29199274877707165,0.16666111355290658,-0.5
2018-04-16,6,0.30230698,0.52707666,0.17061631,-0.22476967,0.8335474,0.95237005,0.3333333333333333,0.5,-0.2768740952014923,-0.2758630974218249,0.05210442841053009,-0.34794896344343823,0.15971930808842125,1.0
2018-04-17,5,0.26582435,0.69773567,0.036439948,-0.43191138,0.81176627,0.9650899,0.2,0.8,-0.3065318584442139,-0.28758519496768714,-0.12537952065467833,-0.3258799960215886,0.17438042642766224,-0.16666666666666663
2018-04-18,7,0.05207842,0.7188265,0.22909509,-0.6667481,0.4884848,0.9709336,0.0,0.7142857142857143,-0.42850127518177034,-0.3027220508083701,-0.23824683129787444,-0.44114305078983307,0.1693307640596553,0.3999999999999999
2018-04-19,8,0.30512592,0.41604137,0.2788327,-0.11091544,0.74600226,0.9759728,0.375,0.375,-0.3510607063770294,-0.2638730464503169,0.24014526903629302,-0.4031916409730911,0.21255626254679666,0.1428571428571428
2018-04-20,4,0.05958897,0.78502995,0.15538108,-0.725441,0.19408034,0.96455896,0.0,1.0,-0.43195711374282836,-0.3087525678798556,-0.2934838652610779,-0.5010348409414291,0.26798040399070194,-0.5
2018-04-23,7,0.2084187,0.6843208,0.10726049,-0.4759021,0.7871253,0.9625361,0.2857142857142857,0.7142857142857143,-0.48218360245227815,-0.32410265784710646,0.006281492114067089,-0.43741950889428455,0.24168420066432392,0.75
2018-04-24,6,0.062200677,0.6824606,0.25533873,-0.62025994,0.3071251,0.96510315,0.0,0.6666666666666666,-0.5198533147573471,-0.33609902393072844,-0.10040662586688998,-0.6072010099887848,0.24651965134617765,-0.1428571428571429
2018-04-25,5,0.23050304,0.40935078,0.36014622,-0.17884776,0.72258,0.93409467,0.2,0.4,-0.42227324545383454,-0.3394873863086104,0.24342548549175264,-0.4250032703081767,0.2693441631718895,-0.16666666666666663
2018-04-26,8,0.039988846,0.7086348,0.2513764,-0.6686459,0.32819393,0.9608673,0.0,0.75,-0.5338193416595459,-0.37508378326892855,-0.1348265767097473,-0.4892512063185374,0.21893393086266202,0.6000000000000001
2018-04-27,9,0.11152923,0.6539478,0.23452303,-0.54241854,0.48646358,0.9707111,0.0,0.7777777777777778,-0.4972148537635803,-0.38426786810159685,-0.04520368576049805,-0.4633040726184845,0.19260316454218618,0.125
2018-04-30,14,0.087680295,0.34861588,0.56370384,-0.26093557,0.4750226,0.95930684,0.07142857142857142,0.35714285714285715,-0.45422154664993286,-0.37307738363742826,0.1932859718799591,-0.4906666775544484,0.2205195333373206,0.5555555555555556
2018-05-01,9,0.17198867,0.5912944,0.23671691,-0.41930574,0.6527862,0.9642477,0.2222222222222222,0.6666666666666666,-0.4140307068824768,-0.3895564265549183,-0.005275034904480003,-0.4075532853603363,0.20005580814040058,-0.3571428571428571
2018-05-02,1,0.012498651,0.90615124,0.081350125,-0.89365256,0.0,0.90615124,0.0,1.0,-0.5569916665554047,-0.4399214558303356,-0.33666089177131653,-0.5246312916278839,0.2411567059976025,-0.8888888888888888
2018-05-03,7,0.08469916,0.8047041,0.11059667,-0.720005,0.43789697,0.9693136,0.14285714285714285,0.8571428571428571,-0.5672634780406952,-0.45193674638867376,-0.15274149775505064,-0.6776544253031412,0.24809541706563099,6.0
2018-05-04,8,0.3533488,0.49346423,0.15318695,-0.14011544,0.8282982,0.9693645,0.375,0.5,-0.48680285811424256,-0.4327078141272068,0.3466874182224274,-0.5845909913380941,0.31451310092175594,0.1428571428571428
2018-05-08,12,0.13136849,0.45398656,0.41464496,-0.32261807,0.5636377,0.956243,0.08333333333333333,0.5,-0.49913935661315917,-0.4281046502292156,0.17652128934860228,-0.3942461609840393,0.30448876518298695,0.5
2018-05-09,5,0.23261826,0.46880245,0.29857928,-0.2361842,0.68258893,0.9186757,0.2,0.4,-0.4625150471925735,-0.42573273181915283,0.2263308525085449,-0.23297256728013357,0.3266951726827791,-0.5833333333333333
2018-05-10,3,0.029736584,0.56882817,0.40143526,-0.5390916,0.45582658,0.9512397,0.0,0.6666666666666666,-0.3916028529405594,-0.44984226003289224,-0.14748873412609098,-0.365964616338412,0.23545735277374813,-0.4
2018-05-11,3,0.03702486,0.5985308,0.3644443,-0.561506,0.54002374,0.9571374,0.0,0.6666666666666666,-0.3599030524492264,-0.45301164463162424,-0.20160292088985443,-0.4455939183632533,0.1855770656427505,0.0
2018-05-14,6,0.11868707,0.6666933,0.21461965,-0.5480062,0.5986368,0.9703747,0.16666666666666666,0.6666666666666666,-0.4414811998605728,-0.464364006370306,-0.10652497708797454,-0.5495345791180929,0.15129161353796067,1.0
2018-05-15,2,0.18509111,0.79382557,0.021083273,-0.6087344,0.48580766,0.9702335,0.0,1.0,-0.49870447218418124,-0.4835622444748878,-0.11002995669841764,-0.572748859723409,0.14918888460465618,-0.6666666666666667
2018-05-16,6,0.19817911,0.6777632,0.12405766,-0.47958413,0.68429375,0.9522611,0.3333333333333333,0.6666666666666666,-0.5473844587802887,-0.48594588190317156,0.0678003311157227,-0.5454415778319041,0.046446956733276444,2.0
2018-05-17,6,0.602043,0.030197421,0.36775962,0.57184553,0.42804506,0.0806392,0.6666666666666666,0.0,-0.32519703507423403,-0.42401620000600815,0.8970425665378571,-0.1721576750278473,0.5035871379993708,0.0
2018-05-18,5,0.0795546,0.56563854,0.3548069,-0.48608392,0.5903627,0.95417774,0.0,0.6,-0.3101126253604889,-0.4427746243774891,-0.17597129940986633,-0.1312741736570994,0.495808683396066,-0.16666666666666663
2018-05-21,10,0.13257737,0.5720003,0.29542238,-0.4394229,0.5636858,0.97263736,0.1,0.6,-0.2883959710597992,-0.4284737206995487,-0.15102693438529968,-0.11788709958394368,0.4850450348684293,1.0
2018-05-22,8,0.26448375,0.5435102,0.19200607,-0.27902645,0.7787763,0.97148055,0.25,0.625,-0.22245437502861024,-0.4186299376189709,-0.05657207369804382,-0.4015110929807027,0.4518861397948664,-0.19999999999999996
2018-05-23,10,0.25221163,0.47446266,0.2733257,-0.22225101,0.77140635,0.97443175,0.2,0.5,-0.1709877520799637,-0.3987294912338257,-0.05126326084136962,-0.31356678903102875,0.42937297266818336,0.25
2018-05-24,7,0.17466797,0.6907059,0.13462608,-0.516038,0.7470634,0.9659927,0.14285714285714285,0.7142857142857143,-0.388564458489418,-0.415589003264904,-0.12747354209423067,-0.33910515407721203,0.13038871655939907,-0.30000000000000004
2018-05-25,5,0.015600461,0.6897384,0.29466113,-0.67413795,0.41442454,0.9699252,0.0,0.6,-0.4261752635240555,-0.4158636048436165,-0.247962686419487,-0.4708089878161748,0.1823281239036108,-0.2857142857142857
2018-05-29,16,0.07821085,0.5234835,0.3983056,-0.44527268,0.4803393,0.95558286,0.0,0.625,-0.4273452192544937,-0.41100631207227706,-0.017927464842796337,-0.545149544874827,0.18245310804345638,2.2
2018-05-30,4,0.07569897,0.2059427,0.7183583,-0.13024373,0.25529367,0.54243964,0.0,0.25,-0.3975886762142181,-0.40447172001004217,0.26734494268894193,-0.41655145585536957,0.22079409095464278,-0.75
2018-05-31,8,0.030373508,0.6000767,0.36954987,-0.56970316,0.4497874,0.9664991,0.0,0.625,-0.4670791059732437,-0.4119915910065174,-0.10262405574321748,-0.3817398597796758,0.20599491693496397,1.0
2018-06-01,6,0.2764941,0.29472902,0.42877686,-0.018234951,0.45069697,0.7284198,0.3333333333333333,0.16666666666666666,-0.36751849614083765,-0.3682207106612623,0.3492835447192192,-0.23939394888778529,0.2825058184245318,-0.25
2018-06-04,8,0.19089517,0.6661531,0.14295173,-0.47525793,0.7435772,0.9719596,0.125,0.75,-0.3277424927800894,-0.355983358528465,-0.14751544035971165,-0.35439868209262687,0.2392278173586171,0.33333333333333326
2018-06-05,10,0.13625738,0.5443089,0.31943372,-0.40805155,0.46858314,0.9638727,0.2,0.5,-0.3202982660382986,-0.3693801640532911,-0.0877532843500376,-0.30051481164991856,0.23520146188779437,0.25
2018-06-06,5,0.21222106,0.518629,0.26914996,-0.306408,0.7835624,0.96674055,0.2,0.6,-0.3555311169475317,-0.36856966009363534,0.04912312887609005,-0.39657249053319293,0.21162724084691592,-0.5
2018-06-07,9,0.11078533,0.5597959,0.32941875,-0.44901058,0.4639811,0.9612571,0.1111111111111111,0.5555555555555556,-0.3313926007598639,-0.37921097939834,-0.11761798001825807,-0.3878233730792999,0.18648040235689176,0.8
2018-06-08,6,0.2088664,0.58237916,0.20875442,-0.37351283,0.73097724,0.94095457,0.16666666666666666,0.6666666666666666,-0.4024481773376465,-0.37093204176053407,0.028935343027114868,-0.37631046772003174,0.06626025915670487,-0.33333333333333337
2018-06-11,11,0.09000052,0.6031632,0.3068363,-0.5131627,0.55406797,0.97206974,0.09090909090909091,0.6363636363636364,-0.41002912521362306,-0.3685148767195642,-0.10313354730606078,-0.4452286958694458,0.07783118402030033,0.8333333333333333
2018-06-12,5,0.059199996,0.6839852,0.25681487,-0.6247852,0.38334927,0.9643588,0.0,0.8,-0.4533758521080017,-0.3723538271151483,-0.1714093327522278,-0.5038202305634817,0.12344263193329465,-0.5454545454545454
2018-06-13,9,0.092390314,0.6288991,0.27871057,-0.5365088,0.4635798,0.957797,0.1111111111111111,0.5555555555555556,-0.499396014213562,-0.3687425456009805,-0.03711278438568116,-0.5581522186597189,0.09443859201382145,0.8
2018-06-14,9,0.17408659,0.5822416,0.24367183,-0.40815496,0.58910984,0.96489245,0.1111111111111111,0.6666666666666666,-0.4912248909473419,-0.3651710874401033,0.08306992650032041,-0.5231496493021647,0.10139895417246227,0.0
2018-06-15,4,0.35283834,0.3580557,0.28910595,-0.0052173734,0.68666726,0.799276,0.25,0.5,-0.4175657987594604,-0.39402423268184067,0.41234842538833616,-0.31662704547246295,0.24307707686158522,-0.5555555555555556
2018-06-18,15,0.14631584,0.39418453,0.45949966,-0.24786867,0.57547283,0.9559101,0.06666666666666667,0.4,-0.36450699865818026,-0.38211347004398705,0.11663832664489748,-0.2204136699438095,0.2459309010649811,2.75
2018-06-19,6,0.47303498,0.21960856,0.30735645,0.25342643,0.76076573,0.96371347,0.5,0.16666666666666666,-0.18886467516422273,-0.3474710031412542,0.44229110777378083,0.00011346240838368733,0.316928183761103,-0.6
2018-06-20,7,0.07616644,0.83873826,0.085095346,-0.76257175,0.22800636,0.9721095,0.0,1.0,-0.2340772658586502,-0.3716482683084905,-0.5284944862127304,-0.2523379971583684,0.38724552172891186,0.16666666666666674
2018-06-21,6,0.10186741,0.54512185,0.35301074,-0.44325447,0.43130502,0.96879256,0.0,0.6666666666666666,-0.24109716713428497,-0.3826984412036836,-0.20215730369091034,-0.3174665967623393,0.3914850058618409,-0.1428571428571429
2018-06-22,6,0.3326145,0.5098329,0.15755257,-0.17721838,0.8622079,0.9214782,0.3333333333333333,0.5,-0.275497367978096,-0.36575746005401016,0.09827899038791654,-0.46101486682891846,0.3726816311598878,0.0
2018-06-25,13,0.11775164,0.581869,0.30037934,-0.46411738,0.5485092,0.9574265,0.07692307692307693,0.6923076923076923,-0.31874710917472837,-0.35525643145665525,-0.14537026882171633,-0.3615300754706065,0.38112591606538193,1.1666666666666665
2018-06-26,8,0.2535219,0.56256086,0.18391731,-0.30903894,0.707587,0.94602257,0.25,0.5,-0.4312401831150055,-0.34844474410638215,0.12220124602317811,-0.3167915642261505,0.21821210086247492,-0.3846153846153846
2018-06-27,8,0.033517305,0.83132267,0.13516006,-0.79780537,0.33291772,0.9526498,0.0,0.875,-0.43828690648078916,-0.3818228258751333,-0.3595184624195099,-0.5236538946628571,0.23173650399915632,0.0
2018-06-28,3,0.5575363,0.3200989,0.12236481,0.23743741,0.96861804,0.9040917,0.6666666666666666,0.3333333333333333,-0.3021485298871994,-0.3414657971821725,0.539585942029953,-0.28980229794979095,0.38036746026672963,-0.625
2018-06-29,7,0.3747875,0.48318958,0.14202294,-0.10840209,0.8225006,0.96351355,0.42857142857142855,0.5714285714285714,-0.288385272026062,-0.3459741540253162,0.17998318374156952,-0.22292334834734598,0.387201699268302,1.3333333333333335
2018-07-02,8,0.08312132,0.5376438,0.37923488,-0.4545225,0.5040756,0.95124894,0.0,0.625,-0.28646629452705386,-0.3449373818933964,-0.16805619597434995,-0.1084957222143809,0.3861353433660831,0.1428571428571428
2018-07-03,4,0.47873443,0.4774465,0.043819044,0.0012879223,1.038836,0.96333814,0.5,0.5,-0.22440092265605927,-0.3244704082608223,0.2256888449192047,-0.18721221884091696,0.40602783979258467,-0.5
2018-07-04,7,0.55158055,0.1760151,0.27240434,0.3755655,0.719304,0.939012,0.5714285714285714,0.14285714285714285,0.010273250937461852,-0.2903717339038849,0.3652922481298447,-0.025889689723650616,0.3221962275579886,0.75
2018-07-05,5,0.20126824,0.6787328,0.11999891,-0.47746462,0.8096477,0.97421205,0.2,0.8,-0.13270715475082398,-0.2917944356799126,-0.3447574615478516,-0.03353706498940786,0.35330911577413876,-0.2857142857142857
2018-07-06,9,0.20479143,0.5767052,0.21850336,-0.3719138,0.69151664,0.96917075,0.2222222222222222,0.5555555555555556,-0.18540949523448944,-0.291714483499527,-0.1865042954683304,-0.15793763597806296,0.36812046945316423,0.8
2018-07-09,7,0.0732588,0.43282062,0.49392056,-0.35956183,0.37054506,0.9442964,0.0,0.5714285714285714,-0.16641736328601836,-0.2840344414114952,-0.1931444674730301,-0.4029800792535146,0.35290028566475395,-0.2222222222222222
2018-07-10,6,0.61170715,0.13044238,0.25785044,0.4812648,0.59185606,0.6805059,0.6666666666666666,0.16666666666666666,-0.07042198777198791,-0.22873194217681886,0.5516867876052857,-0.08340360720952351,0.45919658304217886,-0.1428571428571429
2018-07-11,8,0.15092477,0.66719717,0.18187808,-0.51627237,0.67804056,0.9648538,0.125,0.75,-0.24878956079483033,-0.22772012054920196,-0.2674828052520752,-0.13152313232421875,0.41359665538142754,0.33333333333333326
2018-07-12,7,0.15580979,0.5816723,0.26251787,-0.42586252,0.5571284,0.96125513,0.14285714285714285,0.5714285714285714,-0.23846914172172545,-0.22860549837350846,-0.1873933792114258,-0.15362336238225302,0.40705612952148607,-0.125
2018-07-13,8,0.1682625,0.5148314,0.3169061,-0.34656897,0.5991255,0.93360263,0.125,0.5,-0.23340017795562745,-0.24567307829856871,-0.11316879391670226,-0.4295679529507955,0.4051321998103345,0.1428571428571428
2018-07-16,7,0.030972185,0.8366903,0.1323375,-0.8057181,0.3169573,0.9589387,0.0,0.8571428571428571,-0.32263143658638,-0.2735655508935452,-0.4830866873264313,-0.5260498722394308,0.48175418481188653,-0.125
2018-07-17,5,0.0252837,0.7725593,0.20215699,-0.7472756,0.42326733,0.9649837,0.0,0.8,-0.5683395147323609,-0.32360065206885336,-0.17893607616424556,-0.6331875622272491,0.20034943153415086,-0.2857142857142857
2018-07-18,4,0.25745562,0.4670515,0.27549288,-0.20959592,0.7828495,0.9605267,0.25,0.5,-0.5070042252540589,-0.2959518603980541,0.29740830659866335,-0.5875298778216044,0.258715804475342,-0.19999999999999996
2018-07-19,7,0.016270634,0.93457466,0.049154688,-0.918304,0.0560736,0.9676706,0.0,1.0,-0.6054925262928009,-0.3197043381631374,-0.31281149983406065,-0.6250585118929545,0.30895763979537305,0.75
2018-07-20,6,0.12883516,0.6604384,0.2107264,-0.5316033,0.48494333,0.9620898,0.0,0.8333333333333334,-0.6424993872642517,-0.3374235831201077,0.11089611053466797,-0.5531677405039469,0.27990622006495014,-0.1428571428571429
2018-07-23,10,0.068353616,0.4641904,0.467456,-0.39583677,0.45597324,0.97214174,0.0,0.5,-0.5605231165885926,-0.33400955274701116,0.16468634605407717,-0.6152480244636536,0.28017472845242364,0.6666666666666667
2018-07-24,6,0.37200335,0.381644,0.24635263,-0.009640661,0.75575745,0.9584022,0.3333333333333333,0.3333333333333333,-0.4129961306229234,-0.31903963894583287,0.4033554695546627,-0.3123602361107866,0.3441531087513697,-0.4
2018-07-25,3,0.3642489,0.022694377,0.6130567,0.34155452,0.40832883,0.03356426,0.3333333333333333,0.0,-0.30276604238897564,-0.2620716443751007,0.6443205649033189,-0.02130763636281093,0.4850224554631592,-0.5
2018-07-26,5,0.20548706,0.7010647,0.09344824,-0.49557766,0.80591565,0.9557043,0.2,0.8,-0.21822076980024577,-0.298722398141399,-0.27735689338296654,-0.05455460057904323,0.3753454826282495,0.6666666666666667
2018-07-27,4,0.47300136,0.48164973,0.045348912,-0.008648366,1.0426534,0.9449048,0.5,0.5,-0.11362978760153056,-0.2937347120139748,0.10498142186552287,-0.054223835468292236,0.3371025639279617,-0.19999999999999996
2018-07-30,6,0.09820149,0.42151526,0.48028323,-0.3233138,0.5209135,0.9738349,0.0,0.5,-0.099125193990767,-0.28717427761293945,-0.22418860848993064,-0.2758466104666392,0.3231977889496862,0.5
2018-07-31,2,0.031890318,0.83380485,0.13430491,-0.8019146,0.10222453,0.9067891,0.0,1.0,-0.25757997632026675,-0.3273344023618847,-0.5443345963954925,-0.37795891364415485,0.4410762638503459,-0.6666666666666667
2018-08-01,7,0.5164097,0.32828838,0.1553019,0.18812129,0.79301727,0.9696503,0.5714285714285714,0.2857142857142857,-0.28826662302017214,-0.3367066128645092,0.4763879120349884,-0.31236902872721356,0.3915265638905585,2.5
2018-08-02,9,0.11391391,0.48853222,0.3975539,-0.37461832,0.4895263,0.9642438,0.1111111111111111,0.4444444444444444,-0.26407475471496583,-0.3315642981324345,-0.11054356694221495,-0.3294705351193746,0.37905300320381424,0.2857142857142858
2018-08-03,5,0.20160477,0.6263184,0.17207679,-0.42471367,0.53799784,0.9633626,0.2,0.6,-0.3472878158092499,-0.3342042921576649,-0.07742585539817809,-0.20373690128326416,0.3537883797459155,-0.4444444444444444
2018-08-06,8,0.14748661,0.34252295,0.50999045,-0.19503634,0.54972756,0.9639412,0.125,0.375,-0.32163232266902925,-0.3259780174586922,0.12659598588943483,-0.33145610988140106,0.36054805799063067,0.6000000000000001
2018-08-07,2,0.3801435,0.56399965,0.055856854,-0.18385616,1.07686,0.9561453,0.5,0.5,-0.1980206400156021,-0.35923406542278824,0.014164480566978443,-0.2678687224785487,0.24077562142116296,-0.75
2018-08-08,2,0.11953968,0.75041544,0.13004488,-0.6308757,0.0076316562,0.79671246,0.0,1.0,-0.36182003915309907,-0.3649642324540764,-0.2690556675195694,-0.33658940096696216,0.18438973877993092,0.0
2018-08-09,8,0.1841497,0.46598026,0.34987003,-0.28183058,0.629557,0.9472091,0.125,0.5,-0.34326249063014985,-0.35776263535954056,0.06143191158771516,-0.3655208150545756,0.18742392305089936,3.0
2018-08-10,4,0.11753938,0.74259806,0.1398626,-0.62505865,0.56070954,0.95208037,0.0,0.75,-0.38333148658275606,-0.37168711931444703,-0.24172716438770292,-0.5125883122285207,0.22652707713925552,-0.5
2018-08-13,7,0.09945386,0.48981136,0.4107348,-0.3903575,0.45546672,0.94038284,0.0,0.5714285714285714,-0.4223957180976868,-0.3509190878365189,0.03203822374343873,-0.43241557478904724,0.20138414605894775,0.75
2018-08-14,5,0.2710209,0.671955,0.057024084,-0.40093413,0.7856299,0.96963227,0.2,0.8,-0.4658113121986389,-0.3336020147893578,0.06487718224525452,-0.47211675842603046,0.1552072862376789,-0.2857142857142857
2018-08-15,5,0.27822852,0.666827,0.05494442,-0.3885985,0.74109083,0.9578184,0.4,0.6,-0.4173558712005615,-0.3425521439407021,0.028757369518280007,-0.39329670866330463,0.1258303637623141,0.0
2018-08-16,5,0.23623732,0.51626235,0.24750035,-0.28002504,0.5378705,0.8654492,0.2,0.6,-0.4169947624206543,-0.3106381943915039,0.13696972727775575,-0.3565192222595215,0.1263181731761325,0.0
2018-08-17,5,0.22857304,0.42718577,0.3442412,-0.19861273,0.69420785,0.88670903,0.2,0.4,-0.331705579161644,-0.29398866728879514,0.1330928444862366,-0.2890787571668625,0.08923848373450838,0.0
2018-08-20,10,0.15348531,0.5566418,0.28987283,-0.40315652,0.6458955,0.9538583,0.1,0.6,-0.3342653840780258,-0.29435465470887723,-0.06889113485813142,-0.29393142958482105,0.09149652254291896,1.0
2018-08-21,3,0.37576342,0.55216044,0.07207622,-0.17639697,0.947171,0.896615,0.3333333333333333,0.6666666666666666,-0.2893579512834549,-0.3026924699544907,0.11296098530292509,-0.2593887398640315,0.10473870190240757,-0.7
2018-08-22,6,0.27023625,0.17340155,0.5563622,0.09683468,0.25991216,0.44845098,0.3333333333333333,0.0,-0.19227131456136703,-0.3149284619837999,0.28910599648952484,-0.16090626766284308,0.1844232703987144,1.0
2018-08-23,3,0.039724395,0.48597744,0.47429815,-0.44625306,0.379602,0.7971575,0.0,0.6666666666666666,-0.22551691979169847,-0.3124622318893671,-0.2207361415028572,-0.1752717817823092,0.21640669555279143,-0.5
2018-08-24,7,0.14818189,0.5640799,0.28773826,-0.415898,0.52913946,0.9601689,0.14285714285714285,0.5714285714285714,-0.2689739719033241,-0.3328247133642435,-0.14692402333021165,-0.2551054581999779,0.23097942188578752,1.3333333333333335
2018-08-28,17,0.18550208,0.31201255,0.50248533,-0.12651049,0.47222796,0.95379144,0.23529411764705882,0.29411764705882354,-0.21364476531744003,-0.32298454754054545,0.08713427931070328,-0.3295538475116094,0.2238248515677168,1.4285714285714284
2018-08-29,7,0.49370977,0.2700832,0.23620704,0.2236266,0.6806998,0.6986087,0.42857142857142855,0.42857142857142855,-0.13364005237817764,-0.2717074889689684,0.35726665109395983,-0.10626062750816345,0.29925128801009565,-0.5882352941176471
2018-08-30,8,0.44467518,0.37180197,0.18352282,0.07287319,0.8428078,0.9740423,0.5,0.375,-0.13843235075473787,-0.27746989391744137,0.21130554080009462,0.056663100918134056,0.29479637846607804,0.1428571428571428
2018-08-31,5,0.11611718,0.6282896,0.25559318,-0.51217246,0.52997375,0.96894586,0.0,0.6,-0.15161623060703278,-0.28434760086238386,-0.3605562299489975,-0.07189089059829712,0.31292116635987793,-0.375
2018-09-03,9,0.061487835,0.7325499,0.20596226,-0.6710621,0.3421147,0.960024,0.0,0.8888888888888888,-0.20264905393123628,-0.2966650228947401,-0.46841305792331694,-0.37012046078840893,0.3803406540763239,0.8
2018-09-04,2,0.12963852,0.4819353,0.38842618,-0.35229674,0.8228903,0.9499158,0.0,0.5,-0.24780630469322204,-0.30452804304659364,-0.10449043512344361,-0.5118437707424164,0.3824387253064829,-0.7777777777777778
2018-09-05,8,0.2724298,0.47582954,0.25174066,-0.20339973,0.7726126,0.9539643,0.25,0.5,-0.3332115709781647,-0.30550522170960903,0.1298118382692337,-0.4089195281267166,0.2864830615101584,3.0
2018-09-06,5,0.11646285,0.54695594,0.33658126,-0.43049306,0.543828,0.90499336,0.0,0.6,-0.4338848203420639,-0.29548608921468256,0.0033917635679244773,-0.328729843099912,0.17476664211502552,-0.375
2018-09-07,3,0.14605063,0.50942606,0.34452334,-0.3633754,0.46861807,0.88926166,0.0,0.6666666666666666,-0.4041254073381424,-0.29956333003938196,0.040750011801719666,-0.33242272833983105,0.17072494534272567,-0.4
2018-09-10,11,0.28844106,0.36382493,0.347734,-0.07538389,0.7257841,0.95380956,0.2727272727272727,0.36363636363636365,-0.28498976230621337,-0.2720795918256044,0.20960587561130523,-0.2897507796684901,0.14355948369925095,2.6666666666666665
2018-09-11,7,0.16329892,0.2358027,0.6008984,-0.07250379,0.52037656,0.9336734,0.14285714285714285,0.14285714285714285,-0.2290311723947525,-0.2561869066208601,0.15652738213539125,-0.17042102416356406,0.16386010924771302,-0.36363636363636365
2018-09-12,10,0.08106646,0.6550065,0.263927,-0.5739401,0.46763113,0.943859,0.1,0.7,-0.3031392455101013,-0.26483720503747465,-0.27080085277557375,-0.24060925841331482,0.22262395736151264,0.4285714285714286
2018-09-13,10,0.09946402,0.6582093,0.24232665,-0.55874527,0.47571257,0.9684922,0.1,0.7,-0.3287896871566772,-0.2733445432037115,-0.22995557785034182,-0.4017297178506851,0.24701792634415368,0.0
2018-09-14,6,0.07235568,0.51164097,0.41600338,-0.43928528,0.4037021,0.95624894,0.0,0.6666666666666666,-0.3439716637134552,-0.28130755536258223,-0.09531361460685728,-0.5239902138710022,0.2519583626926692,-0.4
2018-09-17,6,0.19486469,0.44133043,0.3638049,-0.24646573,0.6689038,0.94553095,0.16666666666666666,0.5,-0.37818803191184996,-0.28370020501315596,0.13172230422496795,-0.41483209033807117,0.21531737067425344,0.0
2018-09-18,7,0.17187004,0.67072433,0.15740561,-0.4988543,0.7488562,0.96079093,0.14285714285714285,0.7142857142857143,-0.4634581357240677,-0.2884850945323706,-0.03539617359638214,-0.3948684384425481,0.13248473718183126,0.16666666666666674
2018-09-19,9,0.19069503,0.6980671,0.11123785,-0.50737214,0.687819,0.964655,0.1111111111111111,0.7777777777777778,-0.45014454424381256,-0.30503385327756405,-0.05722759664058685,-0.4175640592972438,0.12149561674377107,0.2857142857142858
2018-09-20,10,0.18948635,0.51817495,0.29233867,-0.3286886,0.59017867,0.9681341,0.2,0.5,-0.4041332095861435,-0.32631001695990564,0.07544461786746981,-0.4449716806411743,0.11337653727777841,0.11111111111111116
2018-09-21,4,0.031287376,0.62702954,0.34168312,-0.5957421,0.42169157,0.956902,0.0,0.75,-0.43542457520961764,-0.333784469217062,-0.16031753122806547,-0.4772676130135854,0.14317778321361563,-0.6
2018-09-24,10,0.33104938,0.32393527,0.34501535,0.00711413,0.67287683,0.9250414,0.4,0.3,-0.3847086036577821,-0.3126338629517704,0.39182273373007775,-0.3057721893613537,0.23941283444455266,1.5
2018-09-25,6,0.18094575,0.431882,0.3871723,-0.2509362,0.57618284,0.94944376,0.16666666666666666,0.5,-0.3351249838247895,-0.31885514915920793,0.08418877366930244,-0.2798547288402915,0.23550326725466564,-0.4
2018-09-26,6,0.22043602,0.419304,0.36025998,-0.19886802,0.5940003,0.9681562,0.16666666666666666,0.3333333333333333,-0.2734241599217057,-0.33997988016344605,0.0745561385527253,-0.14756336715072393,0.21892297384094875,0.0
2018-09-27,6,0.36092675,0.28889623,0.35017705,0.07203051,0.7204486,0.95606595,0.5,0.3333333333333333,-0.1932803401723504,-0.3400220143143088,0.2653108472004533,-0.12592457483212152,0.2626207742053808,0.0
2018-09-28,4,0.056345105,0.52948713,0.41416776,-0.47314203,0.5665188,0.9699738,0.0,0.5,-0.16876032445579767,-0.3380704926792532,-0.30438170339912174,-0.1999931807319323,0.217496907593165,-0.33333333333333337
2018-10-01,12,0.2868558,0.5015735,0.21157072,-0.21471769,0.71515673,0.9681635,0.3333333333333333,0.5,-0.21312668770551682,-0.31525327139534054,-0.001590998470783228,-0.2052764023343722,0.19400902276123888,2.0
2018-10-02,6,0.12627472,0.65588856,0.21783674,-0.5296138,0.5171442,0.94261914,0.16666666666666666,0.6666666666666666,-0.2688622042536736,-0.3241191240493208,-0.2607515886425972,-0.4058245023091634,0.24174381708265205,-0.5
2018-10-03,9,0.2456086,0.4881436,0.2662478,-0.24253501,0.7579319,0.9587895,0.2222222222222222,0.5555555555555556,-0.2775956019759178,-0.32607588791288433,0.035060591995716095,-0.3289554963509242,0.23936001479596886,0.5
2018-10-04,8,0.123849586,0.65896857,0.21718183,-0.535119,0.56235623,0.9662998,0.125,0.75,-0.39902550280094146,-0.33130718492902816,-0.13609349429607392,-0.43575593332449597,0.15773921959838966,-0.11111111111111116
2018-10-05,5,0.10414561,0.7818048,0.11404961,-0.67765915,0.61337113,0.9728674,0.2,0.8,-0.4399289280176163,-0.3470213728491217,-0.23773022592067716,-0.48510438700517017,0.20205484829979342,-0.375
2018-10-08,7,0.1764739,0.44370958,0.37981653,-0.26723567,0.63201296,0.9508483,0.14285714285714285,0.42857142857142855,-0.45043252408504486,-0.35661396184004845,0.18319685757160187,-0.4933379391829173,0.18831879775483948,0.3999999999999999
2018-10-09,7,0.17797026,0.5490446,0.2729851,-0.37107438,0.6440405,0.96258307,0.14285714285714285,0.7142857142857143,-0.4187246412038803,-0.37154249125160277,0.04765026271343231,-0.43865639964739483,0.18497092414008068,0.0
2018-10-10,6,0.22925,0.66063714,0.110112876,-0.43138716,0.6537427,0.9405981,0.16666666666666666,0.8333333333333334,-0.4564950704574585,-0.36441484414972364,0.025107914209365867,-0.3565657337506612,0.1571953383655613,-0.1428571428571429
2018-10-11,7,0.04676937,0.75315684,0.20007375,-0.7063875,0.40827557,0.96650165,0.0,0.8571428571428571,-0.4907487750053406,-0.37179695689119396,-0.2156387448310852,-0.5029496848583221,0.19315759799680582,0.16666666666666674
2018-10-12,9,0.10088127,0.53200775,0.3671109,-0.43112648,0.43674713,0.96111566,0.1111111111111111,0.5555555555555556,-0.44144223928451537,-0.37138901674188673,0.01031576395034789,-0.5229670504728953,0.16256005597690396,0.2857142857142858
2018-10-15,13,0.10375516,0.6642195,0.23202537,-0.5604643,0.4491983,0.96565574,0.07692307692307693,0.7692307692307693,-0.500087970495224,-0.3870889464858919,-0.06037635207176206,-0.5659927725791931,0.13446635691030645,0.4444444444444444
2018-10-16,5,0.3832207,0.41211256,0.20466673,-0.028891873,0.912375,0.9633796,0.4,0.4,-0.4316514693200588,-0.36359082465060055,0.4027595967054367,-0.34016089017192525,0.25213502673833255,-0.6153846153846154
2018-10-17,7,0.06857444,0.68436474,0.24706079,-0.6157903,0.47441983,0.9704039,0.0,0.7142857142857143,-0.4685320995748043,-0.3690117329824716,-0.14725820794701577,-0.4017155009011428,0.26523311645904857,0.3999999999999999
2018-10-18,5,0.20391592,0.6699847,0.12609935,-0.4660688,0.68295556,0.97301406,0.2,0.6,-0.42046835646033287,-0.37588074360974133,-0.04560044780373573,-0.3702503281335036,0.23090835526860143,-0.2857142857142857
2018-10-19,5,0.31511948,0.45500627,0.22987422,-0.13988678,0.775901,0.95303196,0.4,0.4,-0.3622204177081585,-0.353087977366522,0.2223336361348629,-0.4072486311197281,0.26216549494316493,0.0
2018-10-22,7,0.20612295,0.49153164,0.30234537,-0.2854087,0.68248314,0.9591513,0.14285714285714285,0.5714285714285714,-0.3072092942893505,-0.36771411914378405,0.021800588816404343,-0.29712143043677014,0.23790295383780496,0.3999999999999999
2018-10-23,4,0.17123844,0.5044209,0.32434073,-0.33318245,0.65393174,0.9534406,0.25,0.5,-0.3680674105882645,-0.3718264313414693,0.03488495647907258,-0.25282598038514453,0.18102950588585615,-0.4285714285714286
2018-10-24,8,0.19871205,0.5902475,0.21104044,-0.39153543,0.64960134,0.9529713,0.25,0.625,-0.3232164353132248,-0.38145980183035133,-0.0683189958333969,-0.33670886357625324,0.12269147526751015,1.0
2018-10-25,6,0.322901,0.5103424,0.16675657,-0.18744145,0.8692176,0.96864575,0.3333333333333333,0.5,-0.26749096512794496,-0.39443339984863995,0.08004951179027558,-0.3040531128644943,0.10333706824273418,-0.25
2018-10-26,7,0.07594661,0.6665408,0.2575126,-0.59059423,0.48275492,0.9543099,0.0,0.7142857142857143,-0.3576324552297592,-0.4003060100600123,-0.23296177685260772,-0.3898570388555527,0.1501662836317698,0.16666666666666674
2018-10-29,11,0.13305506,0.51475793,0.352187,-0.38170287,0.54431784,0.9660353,0.09090909090909091,0.6363636363636364,-0.37689128816127776,-0.4086552692577243,-0.0048115819692611805,-0.3865795185168584,0.1446618925065001,0.5714285714285714
2018-10-30,7,0.10761147,0.63314945,0.25923908,-0.52553797,0.47370353,0.9700674,0.14285714285714285,0.7142857142857143,-0.41536239087581633,-0.408451477997005,-0.11017557680606843,-0.49927835663159686,0.15531701211731055,-0.36363636363636365
2018-10-31,5,0.13874313,0.80439246,0.056864418,-0.6656493,0.54914963,0.953484,0.2,0.8,-0.4701851636171341,-0.4296071922406554,-0.19546413123607637,-0.5242967108885447,0.1894344380317482,-0.2857142857142857
2018-11-01,4,0.3114088,0.27012998,0.41846123,0.041278787,0.61407226,0.5764612,0.25,0.25,-0.42444111555814745,-0.40078730303794147,0.4657199025154114,-0.38330282519261044,0.28050419008460237,-0.19999999999999996
2018-11-02,7,0.4593061,0.41912192,0.12157197,0.04018418,0.7899643,0.9530243,0.5714285714285714,0.42857142857142855,-0.29828543290495874,-0.36489513628184794,0.3384696140885353,-0.19472877557078996,0.32535516344959037,0.75
2018-11-05,9,0.133802,0.46440998,0.40178806,-0.33060798,0.5744112,0.96462506,0.1111111111111111,0.4444444444444444,-0.2880664549767971,-0.3680637519806623,-0.04254152551293372,-0.0830483374496301,0.3228730672543173,0.2857142857142858
2018-11-06,6,0.48813245,0.35043392,0.16143368,0.13769855,0.8250669,0.95252645,0.6666666666666666,0.3333333333333333,-0.15541915223002434,-0.342625105753541,0.2931176982820034,-0.05090841775139173,0.3368585208798587,-0.33333333333333337
2018-11-07,5,0.24919371,0.4403669,0.31043944,-0.19117317,0.71255803,0.9492372,0.2,0.6,-0.06052392646670342,-0.3306144062429667,-0.13064923956990243,-0.12802753349145254,0.19352821761703823,-0.16666666666666663
2018-11-08,7,0.16906059,0.5952493,0.23569004,-0.42618874,0.70548195,0.9682274,0.14285714285714285,0.5714285714285714,-0.1540174312889576,-0.3166044671088457,-0.27217130586504934,-0.1598877857128779,0.2395070292031456,0.3999999999999999
2018-11-09,6,0.13385202,0.541776,0.32437196,-0.40792403,0.4152748,0.9541987,0.0,0.6666666666666666,-0.24363907277584076,-0.3154443446546793,-0.16428495347499847,-0.341761976480484,0.23240512457509052,-0.1428571428571429
2018-11-12,9,0.2127056,0.5492232,0.23807123,-0.33651757,0.6704423,0.9736018,0.2222222222222222,0.5555555555555556,-0.2448209911584854,-0.3042470071464777,-0.0916965812444687,-0.3902101119359334,0.2329723201604505,0.5
2018-11-13,7,0.13574797,0.69570583,0.16854618,-0.55995786,0.5901383,0.9694268,0.14285714285714285,0.7142857142857143,-0.3843522727489471,-0.3308003066107631,-0.17560558915138247,-0.43479982018470764,0.13486063740547516,-0.2222222222222222
2018-11-14,8,0.10837447,0.646093,0.24553248,-0.53771853,0.48599252,0.9703397,0.0,0.75,-0.4536613464355469,-0.3268967179581523,-0.0840571880340576,-0.4780646562576294,0.09345302372470712,0.1428571428571428
2018-11-15,8,0.098227695,0.7712132,0.13055918,-0.67298543,0.430572,0.9674989,0.0,0.875,-0.5030206859111785,-0.33724254947155713,-0.16996474862098698,-0.5902206103006998,0.13238245726349718,0.0
2018-11-16,5,0.16806158,0.6564558,0.17548263,-0.4883942,0.5848585,0.96127987,0.2,0.6,-0.5191147208213807,-0.35466792043298484,0.030720520019531294,-0.5663660566012064,0.12244991787883286,-0.375
2018-11-19,7,0.083145395,0.5834197,0.3334349,-0.5002743,0.53919923,0.956782,0.0,0.5714285714285714,-0.551866066455841,-0.36541120018810036,0.05159176588058467,-0.5538846453030905,0.07352876847585213,0.3999999999999999
2018-11-20,7,0.03489675,0.675636,0.2894672,-0.6407393,0.358303,0.9714551,0.0,0.7142857142857143,-0.568022358417511,-0.3807890435680747,-0.07271696329116817,-0.543135941028595,0.08389542399658777,0.0
2018-11-21,8,0.33288023,0.5870005,0.08011927,-0.25412026,0.822597,0.9650536,0.375,0.625,-0.5113027036190033,-0.3739182850345969,0.2571824431419373,-0.46504462758700055,0.1655931594401672,0.1428571428571428
2018-11-22,6,0.118009746,0.47503877,0.40695152,-0.357029,0.6194933,0.9684083,0.0,0.5,-0.4481114149093628,-0.3823976619169116,0.09108242392539978,-0.4172961910565694,0.14779864334986453,-0.25
2018-11-23,7,0.027558608,0.67273664,0.29970473,-0.645178,0.46104288,0.9648818,0.0,0.7142857142857143,-0.4794681787490845,-0.38512685131281615,-0.16570984125137328,-0.4187757571538289,0.17296969872972773,0.16666666666666674
2018-11-26,12,0.17555033,0.5388329,0.2856168,-0.3632826,0.5846631,0.9716197,0.16666666666666666,0.5833333333333334,-0.4520698368549347,-0.3842058373615146,0.08878724575042723,-0.4551632006963094,0.1795737432732982,0.7142857142857142
2018-11-27,7,0.2628007,0.5171236,0.22007573,-0.25432292,0.6957992,0.9588508,0.2857142857142857,0.5714285714285714,-0.3747865557670593,-0.3706450847908854,0.12046363949775696,-0.4209278424580892,0.16018041351888418,-0.41666666666666663
2018-11-28,10,0.21429214,0.7084323,0.07727553,-0.49414015,0.72185117,0.96822214,0.2,0.8,-0.42279053330421446,-0.362069627456367,-0.07134961485862734,-0.37058188517888385,0.15066027628588033,0.4285714285714286
2018-11-29,7,0.17598362,0.5396554,0.28436103,-0.36367178,0.64558816,0.94417864,0.14285714285714285,0.5714285714285714,-0.4241190910339355,-0.3823171557858586,0.060447311401367165,-0.3707116146882375,0.14996307600647543,-0.30000000000000004
2018-11-30,6,0.15262851,0.65997267,0.18739885,-0.5073442,0.6561099,0.96609515,0.16666666666666666,0.6666666666666666,-0.39655232429504395,-0.40969357416033747,-0.11079186201095581,-0.4550520380338033,0.10513732677590254,-0.1428571428571429
2018-12-03,12,0.14295171,0.54264075,0.31440762,-0.399689,0.594981,0.945712,0.08333333333333333,0.5833333333333334,-0.40383360385894773,-0.41314762458205223,0.0041446149349212424,-0.42356831828753155,0.10350520311114589,1.0
2018-12-04,10,0.05169813,0.6356009,0.31270093,-0.5839028,0.48776466,0.9705511,0.0,0.7,-0.46974957585334776,-0.4492276906967163,-0.11415320038795473,-0.49697865049044293,0.08831788126339885,-0.16666666666666663
2018-12-05,4,0.23855713,0.6740066,0.08743634,-0.43544942,0.7860555,0.9726868,0.25,0.75,-0.4580114305019379,-0.46144150346517565,0.02256200909614564,-0.4730137288570404,0.08816585634403866,-0.6
2018-12-06,4,0.20466502,0.72906625,0.066268705,-0.52440125,0.8555367,0.9692926,0.25,0.75,-0.49015732407569884,-0.46635212898254397,-0.03424392342567445,-0.514584481716156,0.07320129542278743,0.0
2018-12-07,6,0.24336149,0.71336836,0.043270182,-0.47000685,0.7203391,0.9687047,0.3333333333333333,0.6666666666666666,-0.48268985748291016,-0.4694562703371048,0.012683004140853882,-0.4766191740830739,0.07291357308003217,0.5
2018-12-10,10,0.081716485,0.55949855,0.35878497,-0.47778207,0.4845256,0.96309626,0.0,0.6,-0.49830847382545473,-0.47651949524879456,0.020526403188705467,-0.49073005716005963,0.05740381708804092,0.6666666666666667
2018-12-11,7,0.035854224,0.66059536,0.30355045,-0.62474114,0.42118043,0.96723026,0.0,0.7142857142857143,-0.5064761459827423,-0.4797586590051651,-0.11826499104499821,-0.524176687002182,0.07332474384737292,-0.30000000000000004
2018-12-12,6,0.46689114,0.2256998,0.30740914,0.24119131,0.6359167,0.9237897,0.6666666666666666,0.16666666666666666,-0.37114799916744234,-0.4408131666481495,0.61233931183815,-0.287110631664594,0.3478143789307714,-0.1428571428571429
2018-12-13,9,0.051134687,0.73546124,0.21340412,-0.6843265,0.42779604,0.9671259,0.0,0.7777777777777778,-0.40313305556774137,-0.44138022139668465,-0.2811934739351273,-0.35595878461996716,0.3719470336410473,0.5
2018-12-14,4,0.047382828,0.7053501,0.24726708,-0.65796727,0.49970344,0.96715885,0.0,0.75,-0.4407251387834549,-0.4498588748276234,-0.2172421306371689,-0.3670341620842616,0.3894807220698697,-0.5555555555555556
2018-12-17,11,0.043399725,0.7775846,0.17901573,-0.73418486,0.43860775,0.9695739,0.0,0.8181818181818182,-0.4920056968927383,-0.46155440285801885,-0.24217916429042818,-0.6921595533688863,0.4118184811688296,1.75
2018-12-18,7,0.13601507,0.68817014,0.17581475,-0.5521551,0.6026482,0.9667555,0.14285714285714285,0.7142857142857143,-0.47748848497867585,-0.4571251906454563,-0.07466659247875213,-0.6481024026870728,0.4072233261474902,-0.36363636363636365
2018-12-19,8,0.23662145,0.4147833,0.34859526,-0.17816181,0.6786896,0.97089326,0.25,0.375,-0.5613591104745865,-0.4533272683620453,0.383197295665741,-0.48816725114981335,0.22430322348036139,0.1428571428571428
2018-12-20,8,0.12752803,0.66619265,0.20627931,-0.53866464,0.54240257,0.95161855,0.125,0.625,-0.5322267323732376,-0.4624090507626534,-0.00643790662288668,-0.42299384375413257,0.21354058155227407,0.0
2018-12-21,7,0.17101423,0.6643637,0.1646221,-0.49334946,0.6752533,0.97374266,0.14285714285714285,0.7142857142857143,-0.49930317103862765,-0.45481762290000916,0.005953708291053794,-0.4033919721841812,0.20166759460839637,-0.125
2018-12-24,9,0.12979159,0.58354,0.28666845,-0.45374838,0.6268612,0.9647057,0.1111111111111111,0.6666666666666666,-0.443215873837471,-0.45934091210365297,-0.010532501339912403,-0.49525415897369385,0.1531797811271906,0.2857142857142858
2018-12-27,14,0.18023522,0.5787633,0.2410015,-0.39852804,0.66804785,0.9620014,0.21428571428571427,0.6428571428571429,-0.4124904662370682,-0.4665511682629585,0.01396242678165438,-0.44854195912679035,0.14077036307409432,0.5555555555555556
2018-12-28,5,0.2613246,0.5332544,0.20542097,-0.2719298,0.60912555,0.9102162,0.2,0.6,-0.43124406337738036,-0.45544065088033675,0.15931426286697387,-0.37473540504773456,0.10290053124364393,-0.6428571428571428
2018-12-31,10,0.17616317,0.6012532,0.2225836,-0.42509007,0.66399854,0.9751466,0.2,0.7,-0.4085291504859924,-0.4585115656256676,-0.01656092405319215,-0.36518263816833496,0.08407278467931553,1.0
2019-01-02,12,0.1291534,0.601149,0.26969755,-0.47199562,0.57387984,0.9694882,0.08333333333333333,0.6666666666666666,-0.40425838232040406,-0.45674413740634917,-0.0677372395992279,-0.38967183232307434,0.07908103883896885,0.19999999999999996
2019-01-03,7,0.19506928,0.5507313,0.2541994,-0.35566205,0.7528076,0.96969473,0.14285714285714285,0.5714285714285714,-0.38464111685752866,-0.4545427903532982,0.028979068994522073,-0.4175825814406077,0.07583436164415962,-0.41666666666666663
2019-01-04,6,0.1913181,0.60701925,0.2016627,-0.41570112,0.72248703,0.95760477,0.16666666666666666,0.6666666666666666,-0.3880757331848145,-0.4461327075958252,-0.027625387907028176,-0.4144529302914937,0.07700048038994044,-0.1428571428571429
2019-01-07,15,0.2792131,0.5338542,0.18693273,-0.25464103,0.77675396,0.9701436,0.26666666666666666,0.6,-0.3846179783344269,-0.437092287838459,0.12997695207595827,-0.34200139840443927,0.08362335037806606,1.5
2019-01-08,8,0.33305794,0.41979697,0.24714504,-0.08673903,0.77651197,0.94638616,0.375,0.375,-0.3169477701187134,-0.4152091771364212,0.23020873665809632,-0.25236039360364276,0.15179677923291734,-0.4666666666666667
2019-01-09,4,0.02542212,0.72692573,0.2476521,-0.70150363,0.4846367,0.9702205,0.0,0.75,-0.36284937262535094,-0.4267840161919594,-0.3386542618274689,-0.3476278980573018,0.22664820737446473,-0.5
2019-01-10,8,0.16058373,0.5913214,0.24809484,-0.43073767,0.7064679,0.9677165,0.125,0.625,-0.37786449790000914,-0.4244317963719368,-0.05287317633628846,-0.4063267807165782,0.22853201829696893,1.0
2019-01-11,3,0.019206317,0.9035115,0.07728222,-0.8843052,0.12435944,0.973342,0.0,1.0,-0.4715853095054626,-0.4374099984765053,-0.4127198696136475,-0.6721821626027426,0.32405251674949476,-0.625
2019-01-14,12,0.14835481,0.4502802,0.40136504,-0.3019254,0.6233591,0.97374165,0.08333333333333333,0.5,-0.4810421824455261,-0.46456583365798,0.1791167914867401,-0.538989414771398,0.3167462068223615,3.0
2019-01-15,5,0.38003424,0.43856636,0.18139943,-0.058532078,0.68853104,0.87674457,0.2,0.6,-0.4754007913172245,-0.433276111073792,0.41686871349811555,-0.414920882632335,0.3256506283151143,-0.5833333333333333
2019-01-16,4,0.08992622,0.50642556,0.4036482,-0.41649938,0.4883378,0.96605265,0.0,0.5,-0.41839993968605993,-0.42120271641761065,0.0019005633890628593,-0.25898561502496403,0.30012277590684044,-0.19999999999999996
2019-01-17,7,0.049582653,0.678067,0.27235034,-0.62848437,0.5071191,0.97364193,0.0,0.7142857142857143,-0.4579492785036564,-0.4159176917746663,-0.17053508982062338,-0.3678386074801286,0.3148242441942727,0.75
2019-01-18,7,0.065004006,0.76092345,0.1740725,-0.69591945,0.33384126,0.9676073,0.0,0.7142857142857143,-0.4202721334993839,-0.4231059106066823,-0.2756473205983639,-0.5803010662396749,0.2570067280900849,0.0
2019-01-21,10,0.13471578,0.5389496,0.3263346,-0.40423384,0.57116973,0.9622515,0.1,0.5,-0.44073382392525673,-0.43440951202064754,0.036499980837106705,-0.5762125551700592,0.24918251571298428,0.4285714285714286
2019-01-22,6,0.17827563,0.6233849,0.19833948,-0.44510928,0.759927,0.9623956,0.16666666666666666,0.6666666666666666,-0.5180492639541626,-0.42973174396902325,0.07293998599052431,-0.5150875250498453,0.1345550891692169,-0.4
2019-01-23,4,0.02467946,0.5248213,0.45049918,-0.50014186,0.5159412,0.96029115,0.0,0.5,-0.5347777605056763,-0.43007136378437283,0.03463590145111084,-0.4498283267021179,0.12352061626306438,-0.33333333333333337
2019-01-24,9,0.1963324,0.5734317,0.23023592,-0.37709925,0.69989866,0.96481276,0.1111111111111111,0.5555555555555556,-0.4845007359981537,-0.426238907314837,0.10740149021148682,-0.44078346093495685,0.1269567448547949,1.25
2019-01-25,8,0.17792492,0.53297865,0.2890964,-0.35505375,0.6471013,0.9648139,0.125,0.625,-0.4163275957107544,-0.42406519297510387,0.06127384305000305,-0.4107649525006612,0.05764725081379193,-0.11111111111111116
2019-01-28,9,0.3023013,0.380059,0.3176397,-0.07775773,0.7339771,0.95938253,0.3333333333333333,0.3333333333333333,-0.35103237330913545,-0.4143565895035863,0.2732746422290802,-0.26997024317582446,0.16314011320542973,0.125
2019-01-29,5,0.31598535,0.44883212,0.23518257,-0.13284676,0.80031765,0.9627481,0.4,0.4,-0.2885798692703247,-0.3997444236651063,0.15573311150074004,-0.1885527471701304,0.17727923502354528,-0.4444444444444444
2019-01-30,9,0.11553398,0.54162234,0.34284368,-0.4260884,0.54335696,0.9605313,0.1111111111111111,0.5555555555555556,-0.2737691760063171,-0.3974490622058511,-0.15231921672821047,-0.21223096052805582,0.15713453154158147,0.8
2019-01-31,7,0.051444672,0.6308164,0.317739,-0.57937175,0.451202,0.97143644,0.0,0.7142857142857143,-0.31422367691993713,-0.4086345473304391,-0.2651480734348297,-0.37943563361962634,0.2081454064577852,-0.2222222222222222
2019-02-01,5,0.3602569,0.28785506,0.351888,0.07240186,0.47693372,0.63760054,0.4,0.2,-0.22873255461454392,-0.3842293983325362,0.30113441348075864,-0.3110194280743599,0.26672391662056494,-0.2857142857142857
2019-02-04,13,0.16727664,0.5271752,0.30554816,-0.35989857,0.6832148,0.9672753,0.15384615384615385,0.5384615384615384,-0.2851607218384743,-0.38949227537959813,-0.07473784536123274,-0.2889561528960864,0.2564454259801772,1.6
2019-02-05,5,0.26983988,0.58634794,0.14381222,-0.316508,0.86314017,0.963178,0.2,0.6,-0.32189296931028366,-0.40098072346299884,0.005384974181652069,-0.2013349011540413,0.2419162271817022,-0.6153846153846154
2019-02-06,5,0.023804277,0.71353513,0.26266065,-0.6897308,0.4151951,0.96119994,0.0,0.8,-0.37462145537137986,-0.4003920828923583,-0.3151093676686287,-0.4553791284561157,0.293530397939367,0.0
2019-02-07,6,0.2078697,0.66099787,0.13113245,-0.4531282,0.766901,0.96258557,0.16666666666666666,0.6666666666666666,-0.34937274307012556,-0.4015116086229682,-0.10375544577836993,-0.48645566900571185,0.27644778648005036,0.19999999999999996
2019-02-08,3,0.05683514,0.60435194,0.33881295,-0.54751676,0.5521858,0.904433,0.0,0.6666666666666666,-0.47335646748542787,-0.38467218782752755,-0.07416029572486876,-0.5634585916996002,0.1501673507109486,-0.5
2019-02-11,9,0.09528198,0.70084095,0.20387703,-0.605559,0.46880633,0.95751935,0.1111111111111111,0.7777777777777778,-0.5224885523319245,-0.3998538678511977,-0.08307043910026546,-0.535401314496994,0.14381927571783715,2.0
2019-02-12,7,0.21035907,0.40408424,0.38555673,-0.19372515,0.65660423,0.9578909,0.14285714285714285,0.42857142857142855,-0.4979319840669632,-0.4066135216504335,0.30420683026313783,-0.44893363614877063,0.19064246202854523,-0.2222222222222222
2019-02-13,6,0.1377645,0.73099726,0.13123828,-0.5932327,0.35108924,0.9577108,0.0,1.0,-0.4786323577165604,-0.4154501873999834,-0.11460033357143401,-0.46417227884133655,0.17015525674535886,-0.1428571428571429
2019-02-14,2,0.34468505,0.48562968,0.16968523,-0.14094463,1.130863,0.959134,0.5,0.5,-0.4161956459283829,-0.39107320047914984,0.27525101602077484,-0.30930082499980927,0.2289661926905578,-0.6666666666666667
2019-02-15,5,0.39502516,0.36557147,0.23940337,0.02945367,0.72994244,0.9143648,0.4,0.4,-0.30080155916512014,-0.3548045442439616,0.33025522977113725,-0.23490788352986178,0.28481624372769243,1.5
2019-02-18,10,0.30689192,0.41078454,0.28232357,-0.10389265,0.72165245,0.9545466,0.3,0.5,-0.20046829022467136,-0.3397874844260514,0.09657564349472522,-0.07179453534384568,0.23454390514230616,1.0
2019-02-19,6,0.19471459,0.6239481,0.18133731,-0.42923352,0.7300757,0.9630965,0.16666666666666666,0.6666666666666666,-0.24756996370851994,-0.3389936965890229,-0.1816635575145483,-0.16789083244899908,0.25555752608643556,-0.4
2019-02-20,6,0.06677338,0.746007,0.18721952,-0.67923373,0.40275124,0.9645818,0.0,0.8333333333333334,-0.26477017141878606,-0.34794829012826084,-0.4144635584205389,-0.40411996593077976,0.2857491236136358,0.0
2019-02-21,10,0.19940914,0.7188388,0.08175203,-0.5194297,0.7134934,0.97367674,0.2,0.8,-0.340467182174325,-0.3550648120231926,-0.17896250151097776,-0.5426323115825653,0.29473664594621857,0.6666666666666667
2019-02-22,8,0.17127655,0.33598024,0.49274325,-0.1647037,0.5791908,0.9310635,0.125,0.25,-0.37929865568876264,-0.34554730923846366,0.21459495872259138,-0.454455703496933,0.24186293152774332,-0.19999999999999996
2019-02-25,13,0.23965877,0.47132552,0.2890157,-0.23166674,0.659173,0.94514936,0.3076923076923077,0.46153846153846156,-0.40485347509384156,-0.3532427598722279,0.173186731338501,-0.30526670813560486,0.21016194842617109,0.625
2019-02-26,9,0.28109926,0.46759993,0.2513008,-0.18650064,0.70151293,0.961201,0.3333333333333333,0.4444444444444444,-0.3563068985939026,-0.35592545391991737,0.16980625987052916,-0.19429035981496176,0.2302020320922371,-0.3076923076923077
2019-02-27,6,0.19472168,0.647214,0.15806435,-0.45249227,0.7439818,0.96374446,0.16666666666666666,0.6666666666666666,-0.310958606004715,-0.3572456476278603,-0.14153366088867186,-0.29021988312403363,0.16329379263348204,-0.33333333333333337
2019-02-28,5,0.19790421,0.7740554,0.028040325,-0.57615125,0.83788514,0.9700893,0.2,0.8,-0.322302919626236,-0.3570846226997674,-0.25384833216667174,-0.40504805246988934,0.18226555677336956,-0.16666666666666663
2019-03-01,4,0.34965202,0.3997352,0.25061274,-0.050083175,0.7247865,0.9411167,0.25,0.5,-0.29937881529331206,-0.3632088744081557,0.24929563999176024,-0.3595755646626155,0.21184984904610593,-0.19999999999999996
2019-03-04,9,0.08015464,0.38576692,0.5340784,-0.3056123,0.5059814,0.97226804,0.0,0.3333333333333333,-0.3141679257154465,-0.36049456084147097,0.008555629849433921,-0.31061557432015735,0.20849566954503393,1.25
2019-03-05,9,0.12745698,0.7417452,0.13079783,-0.61428815,0.5892355,0.9717961,0.1111111111111111,0.7777777777777778,-0.3997254282236099,-0.3753835686482489,-0.21456272304058077,-0.32332787414391834,0.22970337356821116,0.0
2019-03-06,6,0.13979574,0.7222156,0.1379887,-0.5824199,0.45991248,0.9457299,0.16666666666666666,0.6666666666666666,-0.42571094930171965,-0.37001802111044524,-0.1567089229822159,-0.5007734398047129,0.24406517746970452,-0.33333333333333337
2019-03-07,4,0.45932627,0.3848255,0.15584823,0.07450077,0.86729735,0.95658636,0.5,0.5,-0.2955805450677872,-0.3436365731991827,0.37008131444454195,-0.37406908472379047,0.3086993325926026,-0.33333333333333337
2019-03-08,4,0.06575967,0.27304998,0.66119033,-0.2072903,0.5040739,0.9705536,0.0,0.25,-0.3270219713449478,-0.3266252503730357,0.11973166465759277,-0.23840313653151193,0.2845015390871798,0.0
2019-03-11,9,0.107901305,0.5168904,0.37520826,-0.40898913,0.49631575,0.94046706,0.1111111111111111,0.5555555555555556,-0.3476973384618759,-0.31679675737395885,-0.06129179298877718,-0.18059288958708444,0.28630726068180606,1.25
2019-03-12,7,0.20972027,0.6372686,0.1530111,-0.42754835,0.6963989,0.9669086,0.14285714285714285,0.7142857142857143,-0.31034937798976897,-0.32848791712895037,-0.11719897091388704,-0.3479425956805547,0.2530901824040804,-0.2222222222222222
2019-03-13,6,0.34425828,0.30846,0.34728172,0.03579828,0.57272863,0.893232,0.3333333333333333,0.3333333333333333,-0.18670574724674224,-0.29703636849299075,0.22250402867794036,-0.2669130663077037,0.23747403692713165,-0.1428571428571429
2019-03-14,5,0.464705,0.3265991,0.20869592,0.1381059,0.68087214,0.9000294,0.4,0.4,-0.17398472130298615,-0.28308384204283354,0.3120906203985214,-0.08454805612564087,0.25594936590347594,-0.16666666666666663
2019-03-15,8,0.07000976,0.5812302,0.34876,-0.51122046,0.4130939,0.95750374,0.0,0.75,-0.2347707509994507,-0.3101175483316183,-0.2764497041702271,-0.11243875821431477,0.2984058824709555,0.6000000000000001
2019-03-18,9,0.1912219,0.41355905,0.39521906,-0.22233714,0.5256405,0.9393976,0.1111111111111111,0.4444444444444444,-0.19744035303592683,-0.31603977307677267,-0.024896788597106922,-0.1984838992357254,0.28240885267079546,0.125
2019-03-19,5,0.08350315,0.65040547,0.2660914,-0.5669023,0.49078158,0.9656078,0.0,0.6,-0.22531113922595977,-0.32292321100831034,-0.341591140627861,-0.43348662555217743,0.31570855320168933,-0.4444444444444444
2019-03-20,4,0.31443682,0.39068472,0.29487842,-0.0762479,0.6238045,0.95400524,0.5,0.25,-0.2477203756570816,-0.2927739195525646,0.1714724749326706,-0.2884957740704219,0.2958962708401117,-0.19999999999999996
2019-03-21,6,0.3458173,0.45049855,0.20368417,-0.10468125,0.8257476,0.95927316,0.3333333333333333,0.5,-0.29627780616283417,-0.2720364980399609,0.19159655272960663,-0.24927714467048645,0.22914382399424543,0.5
2019-03-22,8,0.34525752,0.43306622,0.22167626,-0.08780869,0.8203707,0.9577904,0.375,0.5,-0.21159545332193375,-0.26819174773991106,0.12378676235675812,-0.08957928170760472,0.20702119065127403,0.33333333333333326
2019-03-25,9,0.13990131,0.52300006,0.33709863,-0.38309878,0.58095104,0.9630862,0.1111111111111111,0.5555555555555556,-0.24374778121709822,-0.27576334960758686,-0.13935099989175798,-0.1918629085024198,0.2211109676969403,0.125
2019-03-26,7,0.13554527,0.5327532,0.3317015,-0.39720798,0.467116,0.96564454,0.14285714285714285,0.5714285714285714,-0.20980892032384874,-0.28629871644079685,-0.1873990550637245,-0.289371815820535,0.1650168248660884,-0.2222222222222222
2019-03-27,8,0.05233548,0.55205727,0.39560726,-0.4997218,0.43767983,0.9691928,0.0,0.5,-0.2945036992430687,-0.28866019286215305,-0.20521809607744218,-0.4266761839389801,0.18659254487187604,0.1428571428571428
2019-03-28,5,0.027174633,0.6750452,0.29778016,-0.6478706,0.3790946,0.964409,0.0,0.6,-0.40314156860113143,-0.2922461602836847,-0.24472903162240983,-0.5149334569772085,0.20560385677867754,-0.375
2019-03-29,2,0.19172318,0.7105783,0.09769844,-0.51885515,0.3858308,0.8210709,0.0,1.0,-0.48935086131095884,-0.31568475924432277,-0.029504293203353904,-0.5554825166861216,0.10710553579080166,-0.6
2019-04-01,8,0.22972246,0.49381125,0.27646628,-0.2640888,0.746904,0.9645644,0.25,0.5,-0.4655488669872284,-0.31360858492553234,0.20146005749702456,-0.4769381880760193,0.14362032930823787,3.0
2019-04-02,5,0.37139824,0.41222262,0.21637914,-0.040824365,0.8494256,0.9552672,0.4,0.6,-0.3942721448838711,-0.2849353956058621,0.3534477800130844,-0.2745894429584344,0.24126011151185672,-0.375
2019-04-03,8,0.03349788,0.64457834,0.32192382,-0.6110804,0.44240725,0.96918833,0.0,0.625,-0.4165438674390316,-0.286368422396481,-0.19453654065728188,-0.30533119415243465,0.2579882806054231,0.6000000000000001
2019-04-04,5,0.024479326,0.89743054,0.078090176,-0.8729512,0.11350538,0.97299826,0.0,1.0,-0.46155998930335046,-0.33374102134257555,-0.41139122024178504,-0.5082853275040785,0.3205055226544686,-0.375
2019-04-05,9,0.15691051,0.6381719,0.20491761,-0.4812614,0.6025015,0.93826175,0.1111111111111111,0.6666666666666666,-0.454041238874197,-0.34743957612663506,-0.027220163494348526,-0.6550976733366648,0.3192639628458679,0.8
2019-04-08,12,0.43987915,0.37330046,0.18682043,0.06657869,0.741505,0.96737695,0.5,0.3333333333333333,-0.38790773823857305,-0.32366118486970663,0.45448643192648885,-0.4292113060752551,0.39395840551658445,0.33333333333333326
2019-04-09,8,0.2067505,0.5774237,0.21582583,-0.3706732,0.74470544,0.9629154,0.125,0.625,-0.45387750715017317,-0.3208174278959632,0.08320429772138593,-0.2617853060364723,0.34600686769642375,-0.33333333333333337
2019-04-10,9,0.3131048,0.34640285,0.34049237,-0.03329805,0.66397375,0.92179763,0.3333333333333333,0.3333333333333333,-0.33832103535532954,-0.32427224442362784,0.3050229862332344,-0.11246418828765552,0.3755964748081741,0.125
2019-04-11,4,0.3342992,0.3138056,0.35189518,0.020493597,0.65112376,0.91798997,0.5,0.25,-0.1596320740878582,-0.3301528595387936,0.18012567088007927,-0.1278258872528871,0.24877733028153404,-0.5555555555555556
2019-04-12,3,0.056906786,0.86563224,0.07746092,-0.8087254,0.092618935,0.9364303,0.0,1.0,-0.22512487694621086,-0.34502810761332514,-0.583600539714098,-0.2738432896633943,0.36877867572515816,-0.25
2019-04-15,6,0.35771188,0.20975862,0.43252954,0.14795323,0.63373643,0.95537376,0.3333333333333333,0.16666666666666666,-0.2088499702513218,-0.3265135891735554,0.35680319741368294,-0.21342619756857553,0.38625211403412285,1.0
2019-04-16,4,0.6967331,0.26455942,0.03870746,0.43217373,0.92355275,0.9648708,0.75,0.25,-0.048280582576990125,-0.2765597887337208,0.48045431151986123,-0.0761994868516922,0.4616748756656266,-0.33333333333333337
2019-04-17,7,0.24934451,0.50374043,0.24691509,-0.2543959,0.68758667,0.95870936,0.14285714285714285,0.5714285714285714,-0.09250015318393708,-0.2854671888053417,-0.16189574897289277,0.1085770179828008,0.47038732971269154,0.75
2019-04-18,3,0.1806586,0.74081415,0.07852726,-0.5601555,0.5636949,0.953696,0.3333333333333333,0.6666666666666666,-0.20862997472286224,-0.3082409016788006,-0.3515255361795425,-0.12745922803878784,0.5058557671492799,-0.5714285714285714
2019-04-23,8,0.15492216,0.54242265,0.30265513,-0.38750052,0.56360996,0.9658482,0.125,0.625,-0.12438499629497528,-0.3232254933565855,-0.26311552822589873,-0.40068397919336957,0.40618785088678916,1.6666666666666665
2019-04-24,7,0.092305385,0.4849256,0.422769,-0.39262024,0.4183824,0.927206,0.0,0.5714285714285714,-0.23249968886375427,-0.3237015660852194,-0.16012054681777954,-0.44675875703493756,0.3870698847684912,-0.125
2019-04-25,8,0.26476645,0.3563177,0.37891582,-0.09155124,0.65775704,0.95625573,0.25,0.375,-0.3372446820139885,-0.30841872915625573,0.24569344520568848,-0.2905573323369026,0.1750075202860201,0.1428571428571428
2019-04-26,3,0.3308548,0.64179707,0.027348114,-0.31094226,1.0558187,0.97518766,0.3333333333333333,0.6666666666666666,-0.348553954064846,-0.29897975251078607,0.03761169165372846,-0.2650379116336505,0.17007272518557387,-0.625
2019-04-29,7,0.16484152,0.5067376,0.32842088,-0.3418961,0.68486387,0.9418392,0.14285714285714285,0.5714285714285714,-0.3049020692706108,-0.2836810268461704,-0.03699401766061783,-0.2481298620502154,0.12393607275167645,1.3333333333333335
2019-04-30,6,0.3491582,0.3990713,0.2517705,-0.04991311,0.7338106,0.9733706,0.5,0.3333333333333333,-0.2373845860362053,-0.2602339245378971,0.18747147768735886,-0.2342504858970642,0.15559917511600568,-0.1428571428571429
2019-05-01,8,0.1900495,0.68049407,0.12945649,-0.49044454,0.65681934,0.96501666,0.25,0.75,-0.25694944709539413,-0.27155171111226084,-0.2334950938820839,-0.2940845787525177,0.18362443200720227,0.33333333333333326
2019-05-02,10,0.071008444,0.3906969,0.5382947,-0.31968847,0.40079424,0.9593226,0.0,0.4,-0.30257689356803896,-0.2854949163272977,-0.017111575603485085,-0.28668203949928284,0.1589355417195093,0.25
2019-05-03,3,0.6268601,0.3367176,0.03642231,0.2901425,1.0332313,0.92664266,0.6666666666666666,0.3333333333333333,-0.1823599398136139,-0.24043377060443163,0.47250244617462156,-0.17333016792933145,0.3082319554706715,-0.7
2019-05-07,14,0.041953065,0.65291923,0.30512768,-0.61096615,0.36867705,0.9650505,0.0,0.7142857142857143,-0.23617395162582397,-0.2273345174267888,-0.37479219436645506,-0.21350403626759848,0.3618699738491051,3.666666666666667
2019-05-08,4,0.23595822,0.7154636,0.04857823,-0.47950533,0.8056022,0.96693134,0.25,0.75,-0.3220923960208893,-0.22724671382457018,-0.15741293430328368,-0.26677632331848145,0.35756351693750044,-0.7142857142857143
2019-05-09,6,0.28071693,0.23927568,0.48000738,0.041441273,0.5362316,0.8488707,0.16666666666666666,0.3333333333333333,-0.21571523323655128,-0.22850358486175537,0.25715650618076324,-0.3496767344574134,0.3737112704108523,0.5
2019-05-10,7,0.26819846,0.2239692,0.50783235,0.04422926,0.59329796,0.9336893,0.14285714285714285,0.2857142857142857,-0.1429316870868206,-0.20775846131145953,0.18716094866394997,-0.13127826526761055,0.3837036415551959,0.16666666666666674
2019-05-13,11,0.04933739,0.69004416,0.26061842,-0.6407068,0.37409073,0.96669525,0.0,0.7272727272727273,-0.3291015438735485,-0.23812889773398638,-0.31160523369908333,-0.18501208101709685,0.3449074672896303,0.5714285714285714
2019-05-14,7,0.28512305,0.36600444,0.3488725,-0.0808814,0.620565,0.9373625,0.2857142857142857,0.42857142857142855,-0.22308459505438805,-0.24319764766842128,0.1422031931579113,-0.22578630596399307,0.31694331580723334,-0.36363636363636365
2019-05-15,6,0.18068099,0.35049006,0.468829,-0.16980904,0.6617169,0.97084236,0.16666666666666666,0.3333333333333333,-0.1611453376710415,-0.21125182900577782,-0.008663705736398686,-0.29713240762551624,0.2827174360737775,-0.1428571428571429
2019-05-16,10,0.23379596,0.40065503,0.36554903,-0.16685906,0.58256,0.9435821,0.2,0.5,-0.20280540436506272,-0.2269924433901906,0.03594634383916856,-0.13918316860993704,0.2598221029300895,0.6666666666666667
2019-05-17,6,0.023358198,0.9202919,0.05634995,-0.89693373,0.051179495,0.97059613,0.0,1.0,-0.3910380035638809,-0.29344781655818225,-0.5058957308530807,-0.411200612783432,0.3583505811638265,-0.4
2019-05-20,7,0.046757538,0.77642906,0.17681345,-0.7296715,0.41934925,0.97050136,0.0,0.8571428571428571,-0.4088309437036514,-0.31721159536391497,-0.32084053456783296,-0.59782142440478,0.3756380391963898,0.16666666666666674
2019-05-21,5,0.02458249,0.92513,0.050287526,-0.9005475,0.062600024,0.9634394,0.0,1.0,-0.5727641642093658,-0.33423119504004717,-0.327783340215683,-0.8423842390378317,0.3755927036546709,-0.2857142857142857
2019-05-22,7,0.07777488,0.8729629,0.049262285,-0.79518795,0.2658265,0.9489769,0.0,1.0,-0.6978399455547333,-0.35461556632071733,-0.09734800457954407,-0.8084689776102701,0.3054338193141876,0.3999999999999999
2019-05-23,8,0.07167441,0.45448443,0.4738412,-0.38281003,0.485017,0.9615419,0.0,0.5,-0.7410301387310028,-0.3541250558570027,0.35822011232376094,-0.6928484936555227,0.21280005737925423,0.1428571428571428
2019-05-24,4,0.41731948,0.51994383,0.06273668,-0.10262434,0.55895317,0.92472565,0.5,0.5,-0.582168260216713,-0.35467871110886334,0.4795439183712006,-0.4268741061290105,0.33098565142850145,-0.5
2019-05-28,9,0.10900864,0.41859186,0.4723995,-0.30958325,0.35609248,0.87424976,0.0,0.5555555555555556,-0.49815061390399934,-0.3546107603237033,0.18856736719608308,-0.2650058716535568,0.3374376133449094,1.25
2019-05-29,5,0.05366447,0.5424409,0.4038946,-0.4887764,0.47273684,0.94413114,0.0,0.6,-0.4157963901758194,-0.36195477526634934,-0.0729799956083298,-0.30032799144585925,0.254808800584925,-0.4444444444444444
2019-05-30,7,0.2747259,0.6352908,0.08998321,-0.36056495,0.8704257,0.9676828,0.2857142857142857,0.7142857142857143,-0.3288717895746231,-0.3774873672053218,-0.0316931575536728,-0.3863081932067871,0.14234045894186645,0.3999999999999999
2019-05-31,4,0.42690712,0.41526204,0.15783083,0.011645049,0.9095177,0.97074,0.5,0.5,-0.2499807745218277,-0.35238288771361115,0.26162582337856294,-0.27923209468523663,0.20184563878710568,-0.4285714285714286
2019-06-03,10,0.06625767,0.71213764,0.22160468,-0.64588,0.5001206,0.97176987,0.0,0.7,-0.35863190293312075,-0.3686924634501338,-0.2872480809688568,-0.33159996072451275,0.24441950351854116,1.5
2019-06-04,8,0.14755353,0.42959228,0.42285421,-0.28203872,0.5833119,0.96635234,0.125,0.5,-0.35312299728393554,-0.3973015246912837,0.07108427882194518,-0.3054245511690776,0.24610596286136222,-0.19999999999999996
2019-06-05,4,0.015394825,0.90687776,0.07772741,-0.89148295,0.118686154,0.9670085,0.0,1.0,-0.4336643099784851,-0.4113273648545146,-0.4578186392784119,-0.606467217206955,0.34686728753501894,-0.5
2019-06-06,8,0.035480313,0.5894831,0.37503663,-0.55400276,0.407178,0.90313095,0.0,0.625,-0.47235187292099,-0.41505223643034694,-0.0816508889198303,-0.5758414765199026,0.34746289340121433,1.0
2019-06-07,6,0.032938454,0.63465,0.33241156,-0.6017115,0.486891,0.97058386,0.0,0.6666666666666666,-0.5950231850147247,-0.4472098756581545,-0.006688326597213745,-0.6823990742365519,0.21803754891126048,-0.25
2019-06-10,9,0.22992669,0.49622044,0.27385288,-0.26629373,0.7013899,0.9695645,0.2222222222222222,0.5555555555555556,-0.5191059350967407,-0.46273602545261383,0.25281220078468325,-0.4740026692549388,0.25827358775704884,0.5
2019-06-11,5,0.29375643,0.5703358,0.13590778,-0.27657944,0.7862612,0.9667849,0.4,0.6,-0.5180140793323517,-0.4445296585559845,0.2414346396923065,-0.38152822852134705,0.2595348047864196,-0.4444444444444444
2019-06-12,6,0.2280118,0.46271586,0.30927226,-0.23470406,0.68354094,0.9717353,0.16666666666666666,0.5,-0.386658301949501,-0.45222079157829287,0.15195423960685728,-0.2591924120982488,0.17603062748199996,0.19999999999999996
2019-06-13,8,0.055777498,0.6812409,0.26298156,-0.6254634,0.36691272,0.9747062,0.0,0.875,-0.4009504348039627,-0.47500351071357727,-0.22451299130916597,-0.37891564269860584,0.19490351523873733,0.33333333333333326
2019-06-14,2,0.03351141,0.9044174,0.062071126,-0.870906,0.11547242,0.9613023,0.0,1.0,-0.4547893315553665,-0.5102058574557304,-0.416116663813591,-0.5770244946082433,0.2819617021589482,-0.75
2019-06-17,10,0.04842659,0.7111817,0.24039173,-0.66275513,0.40233293,0.97042817,0.0,0.7,-0.5340816110372544,-0.4984969273209572,-0.1286735206842422,-0.7197081844011942,0.27124364594813255,4.0
2019-06-18,6,0.27267846,0.34585035,0.3814712,-0.073171906,0.73635423,0.9146877,0.3333333333333333,0.3333333333333333,-0.49340010434389114,-0.46567194871604445,0.4202281981706619,-0.5356110110878944,0.32868979475270366,-0.4
2019-06-19,8,0.14045405,0.6505358,0.20901005,-0.51008177,0.4935947,0.9701881,0.125,0.625,-0.5484756454825401,-0.4461486618965864,0.03839387744665146,-0.4153362686435382,0.29594593437659544,0.33333333333333326
2019-06-20,7,0.283736,0.39366442,0.32259956,-0.10992842,0.62396395,0.83729947,0.2857142857142857,0.42857142857142855,-0.4453686445951462,-0.4118856854736805,0.3354402229189873,-0.2310606986284256,0.34769859982391355,-0.125
2019-06-21,5,0.15185776,0.46794763,0.3801946,-0.31608987,0.5220873,0.9480017,0.0,0.6,-0.33440541923046113,-0.408549677580595,0.018315550684928905,-0.3120333527525266,0.25379324429280187,-0.2857142857142857
2019-06-24,5,0.051461793,0.3482613,0.6002769,-0.29679954,0.46141827,0.92614865,0.0,0.4,-0.2612143009901047,-0.41825843751430514,-0.03558523952960968,-0.24093927691380182,0.1763944534764032,0.0
2019-06-25,5,0.35093206,0.38417315,0.26489478,-0.033241093,0.8561869,0.96513814,0.4,0.4,-0.2532281383872032,-0.4044413298368454,0.21998704522848128,-0.21537683407465616,0.18758528736538824,0.0
2019-06-26,8,0.049764004,0.51168674,0.43854925,-0.46192273,0.38836145,0.9487694,0.0,0.625,-0.24359633177518844,-0.4030986472964287,-0.21832640320062638,-0.26398778955141705,0.1716600923572105,0.6000000000000001
2019-06-27,9,0.19298327,0.42260152,0.38441524,-0.22961825,0.67640644,0.9648261,0.2222222222222222,0.4444444444444444,-0.26753429770469667,-0.3965513125061989,0.037916046380996715,-0.2415940264860789,0.15599029994762392,0.125
2019-06-28,3,0.092158645,0.43868992,0.4691514,-0.34653127,0.52624446,0.9624067,0.0,0.3333333333333333,-0.27362257838249204,-0.4144601285457611,-0.07290869355201723,-0.346024086078008,0.15892564093053618,-0.6666666666666667
2019-07-01,10,0.33699983,0.32253507,0.3404651,0.014464766,0.66535234,0.9623083,0.4,0.3,-0.21136971712112426,-0.381442891061306,0.2258344829082489,-0.18722825249036154,0.20255214760734108,2.3333333333333335
2019-07-02,10,0.08337493,0.6454121,0.271213,-0.5620371,0.5328177,0.9632942,0.1,0.7,-0.31712892055511477,-0.3954428106546402,-0.24490818977355955,-0.29803453882535297,0.2232835968172891,0.0
2019-07-03,8,0.09115222,0.70627105,0.2025767,-0.61511886,0.5614045,0.97071505,0.125,0.75,-0.34776814579963683,-0.3816246062517166,-0.26735071539878846,-0.3875637352466583,0.25620363182576456,-0.19999999999999996
2019-07-04,3,0.026938587,0.88087636,0.09218499,-0.8539378,0.11393979,0.9547281,0.0,1.0,-0.47263205647468565,-0.3966213583946228,-0.38130574822425845,-0.6770312587420145,0.32667053315346667,-0.625
2019-07-05,3,0.05657315,0.9223363,0.021090554,-0.8657632,0.12459602,0.96252084,0.0,1.0,-0.5764784395694733,-0.40982394218444823,-0.28928474783897395,-0.7782732844352722,0.35762580680137723,0.0
2019-07-08,8,0.03749003,0.8571298,0.105380125,-0.8196398,0.14210631,0.97134733,0.0,1.0,-0.7432993531227112,-0.4374912455677986,-0.07634044885635372,-0.8464469313621521,0.14348550534759408,1.6666666666666665
2019-07-09,4,0.099454366,0.84332824,0.05721736,-0.7438739,0.34261042,0.9383478,0.0,1.0,-0.7796667098999024,-0.46085596829652786,0.03579281568527226,-0.8097589612007141,0.10354198088138228,-0.5
2019-07-10,6,0.41835546,0.24302228,0.33862224,0.17533314,0.69239885,0.95112807,0.5,0.16666666666666666,-0.6215763092041016,-0.44035410806536673,0.7969094514846802,-0.46272685130437213,0.4480149596863437,0.5
2019-07-11,6,0.019084467,0.88066316,0.1002524,-0.86157864,0.13710718,0.95283407,0.0,1.0,-0.623104476928711,-0.45215986892580984,-0.23847416639328,-0.4767064650853475,0.4490175931189911,0.0
2019-07-12,5,0.028648108,0.7945582,0.1767937,-0.76591015,0.24277571,0.9607918,0.0,0.8,-0.6031338691711425,-0.44691007658839227,-0.16277627944946294,-0.4840518832206726,0.43760235372599937,-0.16666666666666663
2019-07-15,7,0.17284162,0.55354255,0.27361587,-0.38070092,0.54107803,0.9333325,0.14285714285714285,0.7142857142857143,-0.5153460919857025,-0.43280736580491064,0.13464517593383785,-0.6693965693314871,0.42721522986741434,0.3999999999999999
2019-07-16,7,0.22629222,0.6759551,0.097752675,-0.4496629,0.8065192,0.9706642,0.2857142857142857,0.7142857142857143,-0.4565038919448853,-0.45163191519677637,0.006840997934341453,-0.5320913195610046,0.40768514631364516,0.0
2019-07-17,3,0.033811573,0.90073395,0.065454505,-0.8669224,0.07914498,0.9683954,0.0,1.0,-0.6649549961090088,-0.4694739457219839,-0.2019673824310303,-0.5657620628674825,0.23280608684220852,-0.5714285714285714
2019-07-18,5,0.1744001,0.7803368,0.045263067,-0.60593665,0.7352458,0.9679004,0.2,0.8,-0.613826596736908,-0.4942743569612503,0.007889950275421165,-0.6408406396706899,0.20527203725979368,0.6666666666666667
2019-07-19,2,0.7236688,0.12998934,0.14634185,0.5936794,0.35855296,0.22553648,1.0,0.0,-0.34190868139266967,-0.4487858921289444,0.9355881094932557,-0.29305986563364667,0.55538074034005,-0.6
2019-07-22,10,0.2165879,0.33144277,0.45196933,-0.11485486,0.556336,0.9642696,0.2,0.3,-0.28873946964740754,-0.4396886579692364,0.17388461232185365,-0.042370691895484924,0.5634059023315767,4.0
2019-07-23,6,0.042664524,0.75363284,0.20370258,-0.7109683,0.40970764,0.96818906,0.0,0.8333333333333334,-0.34100055396556855,-0.47357501909136773,-0.3699677616357803,-0.07738124827543895,0.5933863809324667,-0.4
2019-07-24,7,0.14458407,0.6915337,0.16388218,-0.5469496,0.7016505,0.96788096,0.14285714285714285,0.7142857142857143,-0.2770060032606125,-0.4778263635933399,-0.2699436217546463,-0.4575909326473872,0.537069439180672,0.16666666666666674
2019-07-25,6,0.3619484,0.34471402,0.29333755,0.017234385,0.8018441,0.9711084,0.3333333333333333,0.3333333333333333,-0.15237179696559905,-0.4654837317764759,0.16960618197917937,-0.4135611852010091,0.5134413163080649,-0.1428571428571429
2019-07-26,4,0.02741341,0.95005065,0.022535956,-0.9226372,0.07580099,0.9722907,0.0,1.0,-0.4556351274251938,-0.4942890293896198,-0.4670020967721939,-0.4841174880663554,0.39729117191526564,-0.33333333333333337
2019-07-29,13,0.1153154,0.68040997,0.20427462,-0.5650946,0.5580086,0.9704249,0.07692307692307693,0.7692307692307693,-0.5456830739974976,-0.5232669971883297,-0.01941151618957515,-0.4901658097902934,0.3488080128153286,2.25
2019-07-30,5,0.025145322,0.632673,0.34218168,-0.6075277,0.33949834,0.9623536,0.0,0.6,-0.524994945526123,-0.5255415253341198,-0.0825327277183533,-0.6984198292096456,0.33949730090328006,-0.6153846153846154
2019-07-31,9,0.1577476,0.7379237,0.10432875,-0.58017606,0.6024856,0.9734988,0.1111111111111111,0.8888888888888888,-0.5316402316093445,-0.5237943850457668,-0.048535823822021484,-0.5842661062876383,0.3403585672073327,0.8
2019-08-01,7,0.035404887,0.65516883,0.3094263,-0.6197639,0.41501346,0.969885,0.0,0.5714285714285714,-0.6590398907661438,-0.5120856903493405,0.03927597999572752,-0.6024892131487528,0.1489336172387643,-0.2222222222222222
2019-08-02,8,0.337278,0.40251744,0.26020455,-0.065239415,0.69677055,0.9383026,0.25,0.375,-0.4875603288412094,-0.47205950170755384,0.42232091426849366,-0.421726460258166,0.23707284741242185,0.1428571428571428
2019-08-05,10,0.06231866,0.5772792,0.36040214,-0.5149605,0.40006164,0.9697869,0.0,0.6,-0.47753351628780366,-0.4568255379796028,-0.037427011132240284,-0.39998795092105865,0.2340142433008828,0.25
2019-08-06,6,0.5450401,0.19106545,0.26389447,0.35397467,0.58317,0.70737034,0.6666666666666666,0.16666666666666666,-0.28523304760456086,-0.4019331097602844,0.6392077177762985,-0.07540842394034068,0.4209099358230109,-0.4
2019-08-07,4,0.060758572,0.7035148,0.23572661,-0.6427562,0.5084933,0.9700106,0.0,0.75,-0.29774908125400545,-0.4428375780582428,-0.3450071424245834,-0.2679140269756317,0.4326398283707511,-0.33333333333333337
2019-08-08,5,0.18859382,0.6008865,0.2105197,-0.41229272,0.7587356,0.96779054,0.2,0.6,-0.256254842877388,-0.4203732818365097,-0.15603787600994112,-0.23369142413139343,0.40296610272211647,0.25
2019-08-09,7,0.24581294,0.696063,0.058124047,-0.4502501,0.63403994,0.9523914,0.2857142857142857,0.7142857142857143,-0.33325697779655455,-0.40459027886390686,-0.11699311137199403,-0.5017663439114889,0.3940264387051991,0.3999999999999999
2019-08-12,12,0.23025541,0.40186477,0.36787984,-0.17160934,0.6786971,0.9570861,0.25,0.4166666666666667,-0.264586740732193,-0.39413570016622546,0.09297739863395693,-0.3447173833847046,0.38424051988419655,0.7142857142857142
2019-08-13,4,0.47222167,0.27705973,0.2507186,0.19516195,0.77072364,0.88447624,0.5,0.25,-0.2963492840528488,-0.3618944577872753,0.4915112376213074,-0.1422324925661087,0.32181883705907444,-0.6666666666666667
2019-08-14,5,0.022274295,0.89130956,0.08641616,-0.86903524,0.14709747,0.96328163,0.0,1.0,-0.34160508811473844,-0.36200010105967523,-0.5274301558732987,-0.28182754417260486,0.39115229049048034,0.25
2019-08-15,6,0.044838656,0.77546525,0.1796961,-0.7306266,0.43811408,0.95626867,0.0,0.8333333333333334,-0.4052718609571457,-0.36823459789156915,-0.32535472214221955,-0.4681666245063146,0.42955620994777705,0.19999999999999996
2019-08-16,8,0.17980365,0.45101437,0.369182,-0.2712107,0.63165593,0.95560104,0.125,0.5,-0.3694639831781387,-0.4114791043102741,0.09825328290462493,-0.623624175786972,0.43232293579407133,0.33333333333333326
2019-08-19,13,0.17014252,0.5843814,0.24547608,-0.41423887,0.6196714,0.9638924,0.07692307692307693,0.6923076923076923,-0.4179898887872696,-0.42644830495119096,0.0037510186433792336,-0.4720253845055898,0.41794048535181005,0.625
2019-08-20,6,0.21490543,0.570113,0.21498157,-0.35520756,0.7442719,0.96808517,0.16666666666666666,0.6666666666666666,-0.5280637919902802,-0.4086602672934532,0.17285622954368596,-0.34688571095466614,0.2579254325717128,-0.5384615384615384
2019-08-21,5,0.3718666,0.44647723,0.18165615,-0.07461062,0.7131621,0.8898017,0.2,0.6,-0.36917886734008787,-0.3850433170795441,0.29456824660301206,-0.2813523511091868,0.23939416560657015,-0.16666666666666663
2019-08-22,5,0.04469469,0.7495582,0.20574705,-0.70486355,0.39298195,0.9736779,0.0,0.8,-0.3640262603759766,-0.4211482137441635,-0.340837287902832,-0.37822724382082623,0.22975273290135315,0.0
2019-08-23,7,0.05647374,0.63975257,0.3037737,-0.5832788,0.40630642,0.9275871,0.0,0.7142857142857143,-0.4264398753643036,-0.40418029129505156,-0.15683889985084531,-0.4542509814103444,0.24037726259422604,0.3999999999999999
2019-08-27,11,0.10721144,0.53399754,0.35879102,-0.42678607,0.5288372,0.95200485,0.09090909090909091,0.5454545454545454,-0.4289493143558502,-0.3972648650407791,0.0021632492542266735,-0.571642796198527,0.240283521276355,0.5714285714285714
2019-08-28,7,0.12337686,0.6132022,0.2634209,-0.4898254,0.59421396,0.9696125,0.14285714285714285,0.7142857142857143,-0.4558728814125061,-0.391379751265049,-0.033952516317367565,-0.4999634126822154,0.2374807053346133,-0.36363636363636365
2019-08-29,2,0.11583461,0.48711067,0.3970547,-0.37127605,0.034260202,0.55386025,0.0,0.5,-0.5152059674263001,-0.38093475103378294,0.14392991662025456,-0.4292958378791809,0.13208139391925977,-0.7142857142857143
2019-08-30,6,0.023365097,0.77352643,0.20310847,-0.75016135,0.3639428,0.95860934,0.0,0.8333333333333334,-0.5242655277252197,-0.3874546229839325,-0.22589582204818726,-0.537087599436442,0.14883349256267828,2.0
2019-09-02,9,0.046497457,0.6795205,0.2739821,-0.633023,0.39526352,0.9659362,0.0,0.7777777777777778,-0.5342143774032593,-0.41584380343556404,-0.0988086462020874,-0.5848201413949331,0.15528712560515623,0.5
2019-09-03,7,0.030380819,0.8271461,0.14247306,-0.79676527,0.20506743,0.9736526,0.0,0.8571428571428571,-0.6082102179527282,-0.4299340404570103,-0.18855504989624028,-0.7266498804092407,0.1778142086642621,-0.2222222222222222
2019-09-04,7,0.27193353,0.6919264,0.036140036,-0.41999292,0.8696141,0.96666795,0.2857142857142857,0.7142857142857143,-0.594243723154068,-0.4686324201524258,0.17425079941749577,-0.6165937383969625,0.19164227124361122,0.0
2019-09-05,6,0.389328,0.35889864,0.25177342,0.030429373,0.61544824,0.9711812,0.5,0.3333333333333333,-0.5139026384800672,-0.43497314034029844,0.5443320110440254,-0.39544293967386085,0.3373186493059315,-0.1428571428571429
2019-09-06,6,0.17003655,0.52617884,0.30378464,-0.3561423,0.61759055,0.9718954,0.16666666666666666,0.5,-0.4350988309830427,-0.4321656200103462,0.07895651869475839,-0.2485686211536328,0.31351053656787986,0.0
2019-09-09,10,0.21715434,0.3512949,0.4315508,-0.13414055,0.62418103,0.96927005,0.2,0.4,-0.33532233648002147,-0.41636014310643077,0.201181785389781,-0.15328449693818888,0.3141578353672745,0.6666666666666667
2019-09-10,6,0.12982643,0.786262,0.0839116,-0.65643555,0.64220184,0.9611714,0.16666666666666666,0.8333333333333334,-0.30725639276206496,-0.44060145346447827,-0.34917915649712084,-0.3822394708792369,0.2650595275677234,-0.4
2019-09-11,4,0.1527557,0.14217606,0.70506823,0.010579631,0.13790226,0.22176099,0.0,0.0,-0.2211418818682432,-0.4498305696062744,0.23172151260077953,-0.25999882320563,0.2882090734605622,-0.33333333333333337
2019-09-12,7,0.19246301,0.4397517,0.36778525,-0.24728872,0.5863562,0.92606676,0.14285714285714285,0.5714285714285714,-0.2766855001449585,-0.4187432433478534,0.029396781325340293,-0.29771487911542255,0.2521051236436925,0.75
2019-09-13,3,0.33423176,0.1766965,0.4890717,0.1575353,0.6870881,0.4526834,0.3333333333333333,0.0,-0.17394997775554658,-0.37433514920994637,0.3314852774143219,-0.026391262809435528,0.30971331649312955,-0.5714285714285714
2019-09-16,15,0.17470852,0.53988004,0.28541145,-0.36517152,0.5985071,0.9707782,0.13333333333333333,0.6,-0.22015617191791534,-0.37903319029137494,-0.145015349984169,-0.15164164702097574,0.3193725020458896,4.0
2019-09-17,7,0.039874375,0.75259197,0.2075337,-0.71271753,0.2551039,0.9558764,0.0,0.8571428571428571,-0.23141256868839263,-0.393957123439759,-0.4813049644231796,-0.30678458511829376,0.338983276637136,-0.5333333333333333
2019-09-18,7,0.07478822,0.7382831,0.18692864,-0.66349494,0.2691664,0.9708952,0.0,0.8571428571428571,-0.3662274837493896,-0.40937149254605176,-0.2972674608230591,-0.5804613331953684,0.35245506653795927,0.0
2019-09-19,8,0.17128716,0.6763344,0.15237844,-0.5050472,0.6734477,0.96894103,0.125,0.75,-0.4177791804075241,-0.4308933216147125,-0.08726802170276643,-0.6270865599314371,0.34954788404960624,0.1428571428571428
2019-09-20,2,0.05871834,0.48561317,0.45566854,-0.42689484,0.7272261,0.9510102,0.0,0.5,-0.5346652090549469,-0.41699488637968896,0.10777036547660823,-0.531812330087026,0.1495990632076988,-0.75
2019-09-23,16,0.03760502,0.5050052,0.4573898,-0.46740013,0.4245183,0.96582454,0.0,0.5625,-0.5551109313964844,-0.4112009542994201,0.08771079778671265,-0.466447393099467,0.12572376608076202,7.0
2019-09-24,9,0.03299308,0.69719625,0.26981065,-0.6642032,0.35715365,0.95434994,0.0,0.7777777777777778,-0.5454080700874329,-0.4230718123726547,-0.11879515647888184,-0.519499401251475,0.11159796347094589,-0.4375
2019-09-25,5,0.07694645,0.53616506,0.3868885,-0.4592186,0.44129464,0.9363848,0.0,0.6,-0.5045527994632721,-0.42154147205874326,0.04533420801162724,-0.5302739838759104,0.0934809772312693,-0.4444444444444444
2019-09-26,3,0.02197177,0.7977058,0.18032248,-0.77573395,0.28146064,0.969158,0.0,1.0,-0.5586901485919953,-0.4417643669061363,-0.21704379916191097,-0.6330519219239553,0.15316615187213808,-0.4
2019-09-27,5,0.14416292,0.6852651,0.17057195,-0.5411022,0.47891423,0.92330855,0.2,0.8,-0.5815316140651703,-0.4313114079646766,0.04042944312095642,-0.5920182367165884,0.13617098821569912,0.6666666666666667
2019-09-30,11,0.07563494,0.36782533,0.5565398,-0.29219037,0.48505843,0.9634459,0.0,0.36363636363636365,-0.5464896619319916,-0.4142697754316032,0.2542992889881134,-0.5363421638806661,0.1862275617777274,1.2000000000000002
2019-10-01,10,0.10474819,0.6165234,0.2787284,-0.51177526,0.5845024,0.96856356,0.1,0.6,-0.516004067659378,-0.4000202747993171,0.004228812456130937,-0.44835593303044635,0.17423014126977776,-0.09090909090909094
2019-10-02,6,0.040890988,0.9139917,0.045117315,-0.87310076,0.12744781,0.95933276,0.0,1.0,-0.5987805008888245,-0.4226756664924324,-0.27432025671005245,-0.5590221285820007,0.22992299508433758,-0.4
2019-10-03,7,0.11861021,0.6861577,0.19523208,-0.56754744,0.6311485,0.96762586,0.0,0.7142857142857143,-0.5571431994438172,-0.45257450714707376,-0.010404241085052446,-0.6508078177769979,0.20763729916498178,0.16666666666666674
2019-10-04,3,0.035500724,0.8081897,0.15630949,-0.77268904,0.13382351,0.95469064,0.0,1.0,-0.6034605741500855,-0.4734018437564373,-0.16922847032546995,-0.7377790808677673,0.2279962679161817,-0.5714285714285714
2019-10-07,8,0.061020624,0.696681,0.24229835,-0.6356604,0.36828884,0.9632043,0.0,0.75,-0.6721545815467834,-0.4984778366982937,0.03649417161941526,-0.6586322983105978,0.14873008332115625,1.6666666666666665
2019-10-08,8,0.23284127,0.63307977,0.13407895,-0.4002385,0.8137602,0.97099394,0.25,0.625,-0.6498472332954407,-0.48566798493266106,0.2496087193489075,-0.6028626561164856,0.18317428948246,0.0
2019-10-09,4,0.48433864,0.15331705,0.36234426,0.3310216,0.42138624,0.25244388,0.5,0.0,-0.40902276039123536,-0.46964588612318037,0.740044367313385,-0.2349591056505839,0.4348823671861078,-0.5
2019-10-10,7,0.26484913,0.35865512,0.37649578,-0.09380601,0.57279676,0.9604285,0.14285714285714285,0.42857142857142855,-0.31427447497844696,-0.46197175085544584,0.2204684615135193,-0.05434097349643707,0.44323696499285786,0.75
2019-10-11,7,0.34033746,0.4181362,0.24152637,-0.07779878,0.71140236,0.9455299,0.42857142857142855,0.42857142857142855,-0.1752964213490486,-0.4737384546548128,0.09749764502048491,0.0531389390428861,0.36573158535870653,0.0
2019-10-14,9,0.2160883,0.20780325,0.57610846,0.008285059,0.4287643,0.65763646,0.2222222222222222,0.2222222222222222,-0.04650732763111591,-0.4550656256265938,0.05479238629341125,-0.05443991037706534,0.26166408553523146,0.2857142857142858
2019-10-15,7,0.018649312,0.8944743,0.08687638,-0.875825,0.0896213,0.96953875,0.0,1.0,-0.14162462241947651,-0.463220998365432,-0.7342003654688597,-0.31511290185153484,0.4447690145567342,-0.2222222222222222
2019-10-16,6,0.03932892,0.76563805,0.19503306,-0.7263091,0.31452256,0.96819174,0.0,0.8333333333333334,-0.3530907679349184,-0.4663617071695626,-0.3732183527201414,-0.5312830166270336,0.41417078485493813,-0.1428571428571429
2019-10-17,9,0.1321845,0.77107424,0.096741244,-0.63888973,0.5794164,0.96880305,0.2222222222222222,0.7777777777777778,-0.4621075112372637,-0.4730538335628808,-0.17678221873939037,-0.74700794617335,0.40036825776769086,0.5
2019-10-18,5,0.015446869,0.92075026,0.063802876,-0.90530336,0.06358192,0.9648502,0.0,1.0,-0.6276084277778864,-0.4969742593355477,-0.27769493125379086,-0.756834069887797,0.3718049072456875,-0.4444444444444444
2019-10-21,12,0.2085386,0.46880707,0.32265434,-0.26026842,0.6785571,0.97046006,0.25,0.5,-0.681319123506546,-0.48661767365410924,0.4210507035255432,-0.6014871696631113,0.25937883359132186,1.4
2019-10-22,6,0.24653353,0.4751581,0.2783083,-0.22862457,0.7746543,0.9612005,0.16666666666666666,0.5,-0.5518790394067764,-0.4648387406952679,0.3232544720172882,-0.4647321154673894,0.29683146323339543,-0.5
2019-10-23,6,0.017308217,0.82122225,0.16146956,-0.803914,0.13700387,0.9725265,0.0,1.0,-0.5674000173807144,-0.48207351164892315,-0.23651399314403532,-0.43093566596508026,0.30997053888108944,0.0
2019-10-24,5,0.04468025,0.8323571,0.12296264,-0.7876769,0.17236792,0.9481704,0.0,1.0,-0.5971574455499649,-0.48267065780237317,-0.19051942527294163,-0.6067384829123815,0.3253115930903917,-0.16666666666666663
2019-10-25,7,0.14749868,0.7652774,0.08722389,-0.6177787,0.6857242,0.957655,0.14285714285714285,0.8571428571428571,-0.5396525174379349,-0.48650448517873884,-0.07812620103359225,-0.7364565332730612,0.27939567798715687,0.3999999999999999
2019-10-28,7,0.21655455,0.4254863,0.35795912,-0.20893171,0.74398243,0.9633849,0.14285714285714285,0.42857142857142855,-0.5293851763010025,-0.482341552246362,0.3204534620046615,-0.5381291011969248,0.29284870827796816,0.0
2019-10-29,6,0.20495021,0.4920903,0.3029595,-0.2871401,0.67703545,0.9662674,0.16666666666666666,0.5,-0.5410882830619812,-0.4711097945459187,0.2539481818675995,-0.37128351132074994,0.27864959302033404,-0.1428571428571429
2019-10-30,7,0.11101841,0.56246233,0.32651928,-0.4514439,0.47393048,0.969398,0.0,0.5714285714285714,-0.4705942630767822,-0.4500269521959126,0.01915035247802732,-0.3158385753631592,0.237009545689206,0.16666666666666674
2019-10-31,10,0.13571212,0.6552057,0.20908216,-0.5194936,0.56861985,0.9569413,0.1,0.7,-0.4169576048851013,-0.4476242591626942,-0.10253597497940065,-0.41935919721921283,0.16745104249345738,0.4285714285714286
2019-11-01,8,0.40213385,0.4632388,0.13462734,-0.061104983,0.7649656,0.93876636,0.5,0.375,-0.3056228578090668,-0.4120450560934842,0.2445178747177124,-0.34401415785153705,0.1847188713772576,-0.19999999999999996
2019-11-04,10,0.20774233,0.37667274,0.41558495,-0.16893044,0.64779854,0.9666222,0.2,0.4,-0.2976226031780243,-0.38870855765417217,0.12869216203689576,-0.24984300136566162,0.19072222270980016,0.25
2019-11-05,9,0.18295474,0.6529109,0.16413434,-0.46995613,0.66218615,0.95472735,0.1111111111111111,0.7777777777777778,-0.33418580889701843,-0.39219443844631313,-0.13577032089233398,-0.23333051800727844,0.20518557845623508,-0.09999999999999998
2019-11-06,5,0.032245796,0.74872243,0.21903177,-0.7164767,0.42455193,0.9726271,0.0,0.8,-0.3871923625469208,-0.44456935273483394,-0.3292843163013458,-0.4517877499262492,0.26774654974894946,-0.4444444444444444
2019-11-07,9,0.29501712,0.573529,0.13145386,-0.27851194,0.7874083,0.974434,0.3333333333333333,0.5555555555555556,-0.338996034860611,-0.4538046491332352,0.06048409342765809,-0.4883149166901906,0.25954106198607163,0.8
2019-11-08,4,0.42524093,0.33067772,0.24408136,0.0945632,0.7617299,0.97074115,0.5,0.25,-0.30786239802837373,-0.44518655026331544,0.4024255990982056,-0.3001418064037959,0.3063290343415839,-0.5555555555555556
2019-11-11,12,0.16427664,0.48334566,0.35237774,-0.31906903,0.62636316,0.9606174,0.16666666666666666,0.5,-0.3378901153802872,-0.461554254591465,0.01882108747959138,-0.16767258942127228,0.2965067832210306,2.0
2019-11-12,7,0.12489434,0.6384279,0.23667772,-0.5135336,0.5939932,0.97162175,0.14285714285714285,0.5714285714285714,-0.34660560786724093,-0.44343968480825424,-0.16692798435688017,-0.24601313968499502,0.3019497018270498,-0.41666666666666663
2019-11-13,7,0.027730238,0.5979892,0.37428054,-0.5702589,0.4135055,0.96484894,0.0,0.7142857142857143,-0.31736205518245697,-0.4356371745467186,-0.25289686024188995,-0.46762051184972125,0.26155054755162577,0.0
2019-11-14,7,0.026837427,0.84057814,0.13258441,-0.81374073,0.15037216,0.96149045,0.0,1.0,-0.4244078129529953,-0.4443797245621681,-0.38933291733264924,-0.6325110793113708,0.3395670928453328,0.0
2019-11-15,5,0.08777587,0.6306057,0.2816184,-0.5428299,0.45329428,0.91219616,0.0,0.8,-0.5518864274024964,-0.42625605016946794,0.009056556224823042,-0.6422765056292216,0.17653762130363895,-0.2857142857142857
2019-11-18,7,0.13388579,0.6234647,0.24264945,-0.48957893,0.5971437,0.9612427,0.14285714285714285,0.5714285714285714,-0.5859884083271026,-0.43772157579660415,0.09640947580337522,-0.6153831779956818,0.13088705420568134,0.3999999999999999
2019-11-19,4,0.8110902,0.05189849,0.13701135,0.75919163,0.13383634,0.1215051,1.0,0.0,-0.33144336342811587,-0.3883307658135891,1.0906349956989287,-0.0910723904768626,0.6222578697107658,-0.4285714285714286
2019-11-20,4,0.31754857,0.4729393,0.20951211,-0.15539074,0.84730005,0.94292015,0.25,0.5,-0.24846972823143004,-0.3559046022593975,0.09307898879051207,0.038073986768722534,0.6099913859057091,0.0
2019-11-21,7,0.22147568,0.57585627,0.20266803,-0.35438064,0.6941814,0.9678977,0.14285714285714285,0.5714285714285714,-0.15659770965576172,-0.3342397905886173,-0.19778292775154113,0.08314008514086406,0.5333482538290333,0.75
2019-11-22,8,0.03909363,0.7068732,0.25403324,-0.6677795,0.46375686,0.96207535,0.0,0.75,-0.18158763647079468,-0.33673982992768287,-0.48619186878204346,-0.39251696070035297,0.5583123012245869,0.1428571428571428
2019-11-25,6,0.43928695,0.08734808,0.47336498,0.35193884,0.4240806,0.20361508,0.5,0.0,-0.01328408122062683,-0.3086963020265102,0.36522292494773867,-0.22340709964434305,0.5689929559918879,-0.25
2019-11-26,7,0.15366669,0.64911115,0.19722219,-0.49544448,0.5119346,0.9726617,0.14285714285714285,0.7142857142857143,-0.26421130299568174,-0.3191115207970142,-0.23123317360877993,-0.2704283793767293,0.39241225187212064,0.16666666666666674
2019-11-27,5,0.18036932,0.43280545,0.38682523,-0.25243613,0.65265274,0.95920384,0.2,0.4,-0.28362038135528567,-0.3091611318290234,0.03118425011634829,-0.13198058803876242,0.38806013698944675,-0.2857142857142857
2019-11-28,8,0.071064204,0.6191886,0.30974722,-0.5481244,0.41860524,0.92615896,0.0,0.75,-0.32236912846565247,-0.31059267148375513,-0.2257552444934845,-0.432001660267512,0.40614366313097267,0.6000000000000001
2019-11-29,6,0.034718018,0.60530245,0.3599795,-0.5705844,0.47449538,0.9400552,0.0,0.6666666666666666,-0.3029301106929779,-0.33606664314866064,-0.2676543056964874,-0.45704830686251324,0.3873705668067671,-0.25
2019-12-02,8,0.2364146,0.5003727,0.2632127,-0.2639581,0.71919507,0.96608204,0.25,0.5,-0.42610949873924253,-0.3408180259168148,0.1621514022350311,-0.4608889619509379,0.1557429664079493,0.33333333333333326
2019-12-03,5,0.25311825,0.43834233,0.3085394,-0.18522409,0.7276396,0.94653696,0.2,0.4,-0.364065420627594,-0.32658142372965815,0.17884133458137513,-0.3399221996466319,0.18096587460850647,-0.375
2019-12-04,8,0.06610666,0.6452212,0.28867215,-0.5791145,0.40685564,0.957434,0.0,0.75,-0.4294010937213898,-0.31971331462264063,-0.14971340298652647,-0.34276555975278217,0.18936462649593092,0.6000000000000001
2019-12-05,9,0.4069685,0.52059335,0.07243816,-0.11362481,0.8063599,0.97370875,0.4444444444444444,0.5555555555555556,-0.34250118136405944,-0.3114689581096172,0.22887637019157409,-0.29265446464220685,0.2186877436098425,0.125
2019-12-06,4,0.358656,0.5916329,0.049711093,-0.23297694,0.81136894,0.9502767,0.25,0.75,-0.2749796867370605,-0.3278459653258324,0.0420027434825897,-0.30857208371162415,0.17921715338603128,-0.5555555555555556
2019-12-09,9,0.15384184,0.3728561,0.4733021,-0.21901426,0.5792607,0.957286,0.1111111111111111,0.3333333333333333,-0.2659909188747406,-0.32284322679042815,0.046976661682128884,-0.18853867053985596,0.18102611440451727,1.25
2019-12-10,10,0.08537233,0.8021971,0.112430595,-0.7168247,0.4564664,0.969827,0.1,0.9,-0.37231104373931884,-0.3330077826976776,-0.34451366662979127,-0.3896053036053975,0.26042743610146474,0.11111111111111116
2019-12-11,4,0.5836201,0.07846978,0.33791012,0.5051503,0.40662974,0.26487517,0.75,0.0,-0.1554580807685852,-0.27923732101917265,0.6606083989143372,-0.14356288313865662,0.43684509084830825,-0.6
2019-12-12,4,0.6332303,0.048278738,0.31849098,0.5849516,0.4401144,0.115166456,0.75,0.0,-0.015742802619934083,-0.20930270552635194,0.6006943821907044,0.12442572911580403,0.5504973164173991,0.0
2019-12-13,10,0.45334,0.3072064,0.23945358,0.14613363,0.7521561,0.9637707,0.6,0.3,0.060079312324523924,-0.1748545303940773,0.08605431914329528,0.41207850972811383,0.5390866173476949,1.5
2019-12-16,10,0.2854002,0.52331936,0.19128045,-0.23791914,0.7661336,0.9682832,0.3,0.6,0.0562983363866806,-0.16227154061198235,-0.2942174732685089,0.16438869138558707,0.5415939208258069,0.0
2019-12-17,8,0.069303185,0.6592561,0.27144068,-0.58995295,0.40680096,0.97014433,0.0,0.75,0.08167268931865693,-0.22972876951098442,-0.6716256350278854,-0.22724615037441254,0.49749323753040836,-0.19999999999999996
2019-12-18,4,0.33701944,0.49578384,0.16719668,-0.15876442,0.669842,0.92567587,0.25,0.5,-0.05111025869846344,-0.229897453635931,-0.10765416324138641,-0.32887883484363556,0.44167811568117094,-0.5
2019-12-19,7,0.18665454,0.41880265,0.39454284,-0.2321481,0.57589906,0.9642446,0.14285714285714285,0.42857142857142855,-0.21453019380569457,-0.22378582656383514,-0.017617902159690862,-0.3269551545381546,0.26219643969468215,0.75
2019-12-20,10,0.13047948,0.4537097,0.41581082,-0.3232302,0.60615575,0.95577675,0.1,0.4,-0.30840296149253843,-0.20655836164951324,-0.014827245473861717,-0.23804757495721182,0.16782781905016622,0.4285714285714286
2019-12-23,10,0.13168246,0.4793026,0.3890149,-0.34762016,0.5245632,0.96549356,0.0,0.5,-0.3303431659936905,-0.24153631180524826,-0.017276993393897988,-0.3009994874397914,0.16342266030126115,0.0
2019-12-24,3,0.37458524,0.046633717,0.57878107,0.32795152,0.48542166,0.10402432,0.3333333333333333,0.0,-0.14676227271556855,-0.20036651194095612,0.47471379339694975,-0.11429961522420247,0.2758046403237628,-0.7
2019-12-27,9,0.22036316,0.6109869,0.16864997,-0.39062372,0.7327524,0.9720178,0.2222222222222222,0.6666666666666666,-0.19313413202762603,-0.2072758913040161,-0.1974895864725113,-0.13676411906878153,0.29700395829446974,2.0
2019-12-30,5,0.041776836,0.48056078,0.4776624,-0.43878394,0.4762927,0.96848696,0.0,0.4,-0.23446130156517028,-0.2018088698387146,-0.2043226420879364,-0.1671520471572876,0.3174616003668417,-0.4444444444444444
2019-12-31,6,0.5165637,0.083310165,0.40012613,0.43325353,0.43781346,0.22166501,0.5,0.0,-0.08316455483436584,-0.15161697268486024,0.5164180815219879,-0.13205137848854065,0.4262150619921247,0.19999999999999996
2020-01-02,7,0.43634042,0.1795752,0.38408437,0.25676522,0.54780054,0.81618047,0.5714285714285714,0.14285714285714285,0.037712520360946654,-0.12558080703020097,0.21905269622802734,0.08374493320782979,0.41808978176261696,0.16666666666666674
2020-01-03,5,0.37988824,0.5502187,0.06989304,-0.1703305,0.8752008,0.9497432,0.4,0.6,-0.06194388270378113,-0.1248361274600029,-0.10838661193847657,0.17322941621144614,0.3900584853207501,-0.2857142857142857
2020-01-06,9,0.2822508,0.5826459,0.13510332,-0.3003951,0.7530459,0.9664609,0.2222222222222222,0.6666666666666666,-0.04389815926551819,-0.11090015769004821,-0.2564969420433044,-0.07132012645403545,0.3727542073558424,0.8
2020-01-07,8,0.22926399,0.42611897,0.34461707,-0.19685498,0.68506485,0.9656204,0.25,0.375,0.00448763370513916,-0.11506166607141495,-0.2013426125049591,-0.22252685825030008,0.3207560901719486,-0.11111111111111116
2020-01-08,6,0.059119176,0.5278538,0.41302705,-0.4687346,0.43989265,0.96348035,0.0,0.5,-0.17590999007225036,-0.12684954851865768,-0.2928246021270752,-0.3219948907693227,0.26875660378484095,-0.25
2020-01-09,10,0.1702956,0.6730669,0.15663746,-0.50277126,0.642395,0.9696637,0.1,0.7,-0.3278172850608826,-0.14103739857673644,-0.17495397329330442,-0.38945360978444415,0.15262025684814423,0.6666666666666667
2020-01-10,8,0.21439898,0.61006,0.17554106,-0.395661,0.6888346,0.9664851,0.125,0.625,-0.37288338541984556,-0.12497921288013458,-0.022777611017227195,-0.4557222823301951,0.12531728154038577,-0.19999999999999996
2020-01-13,10,0.13560957,0.55634266,0.3080478,-0.42073306,0.49312767,0.9716834,0.2,0.5,-0.3969509780406952,-0.1712733820080757,-0.0237820863723755,-0.43972177306811017,0.11932778342057189,0.25
2020-01-14,7,0.33037326,0.16319089,0.5064359,0.16718236,0.505231,0.85227937,0.2857142857142857,0.14285714285714285,-0.32414351105690004,-0.19216184318065643,0.4913258671760559,-0.21640390157699585,0.2777858226851181,-0.30000000000000004
2020-01-15,7,0.06917275,0.565322,0.36550522,-0.49614927,0.4953658,0.9711681,0.0,0.5714285714285714,-0.32962644696235655,-0.22427598834037782,-0.16652282476425173,-0.24989999334017435,0.281597647880049,0.0
2020-01-16,7,0.14501707,0.5059496,0.34903333,-0.36093253,0.55278873,0.9674858,0.14285714285714285,0.5714285714285714,-0.3012587010860443,-0.23042665794491768,-0.05967382788658143,-0.22996648152669272,0.2665362269911495,0.0
2020-01-17,7,0.41855612,0.4103168,0.17112708,0.008239312,0.89228565,0.964791,0.42857142857142855,0.42857142857142855,-0.22047863937914372,-0.20051704505458473,0.22871795147657395,-0.2829474962006013,0.2908678291530504,0.0
2020-01-20,13,0.21566595,0.47519904,0.30913502,-0.25953308,0.6006258,0.96607625,0.15384615384615385,0.5384615384615384,-0.18823864199221135,-0.20555547783151268,-0.07129443548619746,-0.20407543145120144,0.2714050033514794,0.8571428571428572
2020-01-21,8,0.28446257,0.46859238,0.24694504,-0.1841298,0.78404367,0.9639416,0.25,0.5,-0.2585010740906,-0.2031545632518828,0.07437126971781255,-0.14514118991792202,0.18950689512723862,-0.3846153846153846
2020-01-22,7,0.3644206,0.32425517,0.31132427,0.040165424,0.7575412,0.9568981,0.42857142857142855,0.2857142857142857,-0.1512381348758936,-0.1849847816862166,0.19140355922281743,-0.13449915250142416,0.17237297787607564,-0.125
2020-01-23,6,0.2116548,0.4636515,0.3246937,-0.2519967,0.5478555,0.9004606,0.3333333333333333,0.5,-0.12945096828043462,-0.18020360851660372,-0.12254572771489619,-0.13198702534039816,0.14375058225050483,-0.1428571428571429
2020-01-24,5,0.08234607,0.50575066,0.4119033,-0.4234046,0.35134187,0.9625892,0.0,0.6,-0.21577975153923035,-0.2177714147605002,-0.20762485265731812,-0.21174529194831848,0.16796112068904814,-0.16666666666666663
2020-01-27,10,0.15760222,0.4689204,0.37347737,-0.31131822,0.6182695,0.95576346,0.1,0.5,-0.22613677978515626,-0.21380613977089524,-0.08518143892288207,-0.32890650629997253,0.1728587987782766,1.0
2020-01-28,6,0.06384014,0.69530684,0.24085303,-0.6314667,0.3334584,0.95452183,0.0,0.8333333333333334,-0.315604156255722,-0.22344027692452073,-0.31586253046989443,-0.45539650321006775,0.2459808668752062,-0.4
2020-01-29,6,0.3156805,0.38149425,0.3028253,-0.06581374,0.7253554,0.96509373,0.3333333333333333,0.3333333333333333,-0.3367999896407127,-0.24839364038780332,0.2709862470626831,-0.3361995493372281,0.20952522938382645,0.0
2020-01-30,10,0.08167814,0.63647604,0.2818458,-0.55479795,0.4351553,0.9687046,0.0,0.8,-0.39736023992300035,-0.2889717985875905,-0.15743770748376845,-0.41735945890347165,0.22225946458991344,0.6666666666666667
2020-01-31,5,0.17440307,0.5792165,0.24638045,-0.40481344,0.7098877,0.9700247,0.0,0.6,-0.3936420068144798,-0.3006959457881749,-0.011171431839466117,-0.34180837621291477,0.2218700032523793,-0.5
2020-02-03,13,0.19998097,0.5552584,0.24476065,-0.35527742,0.64422727,0.967651,0.23076923076923078,0.6153846153846154,-0.40243384689092637,-0.3034400616772473,0.047156427800655376,-0.4382962683836619,0.21863974170781963,1.6
2020-02-04,7,0.1965892,0.45496765,0.34844318,-0.25837842,0.71341985,0.97100955,0.14285714285714285,0.42857142857142855,-0.32781619280576707,-0.3065162335522473,0.06943777650594712,-0.33948975801467896,0.1814320123837248,-0.46153846153846156
2020-02-05,7,0.30750087,0.62519133,0.06730779,-0.31769043,0.84412044,0.95470303,0.2857142857142857,0.7142857142857143,-0.3781915307044983,-0.2989640255458653,0.0605010986328125,-0.3104487558205922,0.11229333710586005,0.0
2020-02-06,6,0.34607247,0.58302736,0.07090017,-0.23695485,0.86477715,0.9448847,0.3333333333333333,0.6666666666666666,-0.31462291181087493,-0.28567320527508855,0.07766805887222289,-0.27100790043671924,0.06890627768785884,-0.1428571428571429
2020-02-07,4,0.62592846,0.107209206,0.26686233,0.51871926,0.33451715,0.18798824,0.75,0.0,-0.12991637289524077,-0.23995419265702367,0.6486356288194657,-0.011975343028704325,0.3656277513474007,-0.33333333333333337
2020-02-10,10,0.13787225,0.43821496,0.42391276,-0.3003427,0.5844411,0.96726626,0.1,0.5,-0.1189294308423996,-0.2339346748776734,-0.18141327798366547,-0.0061927686134974165,0.3579066151176002,1.5
2020-02-11,9,0.21447176,0.659527,0.12600128,-0.44505522,0.7794187,0.97268146,0.2222222222222222,0.6666666666666666,-0.156264790892601,-0.2645465535111725,-0.288790425658226,-0.07555955648422241,0.3848151970713333,-0.09999999999999998
2020-02-12,4,0.21039732,0.54024124,0.24936149,-0.3298439,0.6889388,0.9396335,0.25,0.5,-0.1586954861879349,-0.25623128535225986,-0.17114842236042022,-0.3584139446417491,0.3861259103732143,-0.5555555555555556
2020-02-13,5,0.26086694,0.5659456,0.17318743,-0.3050787,0.73503715,0.97312725,0.2,0.6,-0.17232025265693665,-0.25343859316781164,-0.13275843262672424,-0.3599926034609477,0.39075190845112184,0.25
2020-02-14,5,0.046319075,0.605479,0.34820193,-0.55915993,0.4719247,0.957225,0.0,0.6,-0.3878960907459259,-0.2818085554987192,-0.17126384377479553,-0.3980275094509125,0.11235306297371885,0.0
2020-02-17,12,0.17949568,0.49589002,0.32461435,-0.31639433,0.64962155,0.95648545,0.16666666666666666,0.5833333333333334,-0.39110641479492186,-0.28465161807835104,0.07471208572387694,-0.3935443162918091,0.10941688554882009,1.4
2020-02-18,6,0.067603715,0.8232463,0.10914997,-0.7556426,0.30909443,0.96824384,0.0,0.8333333333333334,-0.45322389006614683,-0.31322725750505925,-0.3024187028408051,-0.5437322854995728,0.19910516545539805,-0.5
2020-02-19,6,0.4427186,0.38396612,0.17331524,0.05875246,0.81479067,0.9552841,0.5,0.3333333333333333,-0.37550461664795876,-0.31229790579527617,0.43425707519054413,-0.3377614878118038,0.3062952831975339,0.0
2020-02-20,9,0.18559211,0.54889673,0.26551118,-0.36330467,0.5787092,0.9527374,0.2222222222222222,0.5555555555555556,-0.3871498145163059,-0.3178633047267795,0.023845139890909195,-0.35339826966325444,0.30404694359839,0.5
2020-02-21,6,0.27691403,0.35841963,0.36466634,-0.0815056,0.7058667,0.9730751,0.3333333333333333,0.3333333333333333,-0.2916189469397068,-0.3007683543488383,0.21011335030198097,-0.1286859375735124,0.31143954023416703,-0.33333333333333337
2020-02-24,10,0.15135722,0.40626556,0.44237718,-0.25490832,0.6243206,0.9597094,0.1,0.4,-0.2793217457830906,-0.2979478595778346,0.024413422495126735,-0.2332395315170288,0.311430607612993,0.6666666666666667
2020-02-25,7,0.11460949,0.6315836,0.25380695,-0.51697403,0.59934145,0.9526795,0.14285714285714285,0.5714285714285714,-0.2315880335867405,-0.2922232268378139,-0.2853859983384609,-0.2844626506169637,0.2270245673580015,-0.30000000000000004
2020-02-26,6,0.16591696,0.41355088,0.4205321,-0.24763395,0.5871692,0.90657574,0.16666666666666666,0.5,-0.29286531507968905,-0.30131423715502026,0.04523136615753176,-0.33983876804510754,0.16073733280539784,-0.1428571428571429
2020-02-27,6,0.027842715,0.8325286,0.1396287,-0.8046859,0.19354545,0.9473755,0.0,1.0,-0.3811415582895279,-0.31380863431841133,-0.42354433238506317,-0.5230979571739832,0.28345241367928364,0.0
2020-02-28,4,0.010961607,0.9564237,0.0326147,-0.9454621,0.008808202,0.96184963,0.0,1.0,-0.55393286049366,-0.3408410677686334,-0.39152924716472626,-0.6659273157517115,0.31653312844804177,-0.33333333333333337
2020-03-02,11,0.10643542,0.5358097,0.35775492,-0.42937425,0.52962554,0.9491137,0.09090909090909091,0.5454545454545454,-0.5888260453939438,-0.34454590920358896,0.15945179760456085,-0.7265074153741201,0.28318915410275,1.75
2020-03-03,7,0.22528915,0.57057226,0.20413862,-0.34528306,0.656106,0.9610799,0.2857142857142857,0.5714285714285714,-0.5544878512620925,-0.34889114145189526,0.2092047899961471,-0.5733731389045715,0.303743026011709,-0.36363636363636365
2020-03-04,7,0.063211545,0.63668096,0.3001075,-0.57346934,0.46134982,0.95714223,0.0,0.7142857142857143,-0.6196549296379089,-0.3616800868883729,0.0461855888366699,-0.44937554995218915,0.2519953087096454,0.0
2020-03-05,10,0.0808146,0.66970634,0.24947906,-0.58889174,0.52702236,0.973319,0.1,0.7,-0.5764961004257202,-0.37927693147212266,-0.012395644187927268,-0.5025480488936106,0.22989292984045992,0.4285714285714286
2020-03-06,9,0.16250473,0.60993755,0.22755772,-0.44743285,0.6202668,0.96778274,0.1111111111111111,0.6666666666666666,-0.47689024806022645,-0.42758453655987977,0.029457402229309093,-0.5365979770819346,0.10285647382229661,-0.09999999999999998
2020-03-09,13,0.11705296,0.5853445,0.29760253,-0.46829155,0.57914263,0.9595449,0.07692307692307693,0.6923076923076923,-0.48467370867729187,-0.43598197866231203,0.016382157802581787,-0.5015387137730917,0.09978861764285732,0.4444444444444444
2020-03-10,4,0.22845253,0.57999825,0.19154923,-0.35154575,0.6902648,0.933029,0.25,0.5,-0.4859262466430664,-0.4313065053895116,0.13438049554824827,-0.4224233826001485,0.09761727445979733,-0.6923076923076923
2020-03-11,10,0.10350455,0.7240178,0.17247763,-0.6205133,0.489918,0.96282834,0.1,0.8,-0.49533504247665405,-0.4458399759605527,-0.1251782774925232,-0.4801168739795685,0.10968567462110555,1.5
2020-03-12,10,0.13805313,0.5037137,0.35823318,-0.36566055,0.57118773,0.97067666,0.1,0.5,-0.4506888031959534,-0.44886906910687685,0.08502825498580935,-0.44590653975804645,0.10749415496589264,0.0
2020-03-13,5,0.38337764,0.41698074,0.19964162,-0.03360312,0.685061,0.9313325,0.4,0.4,-0.36792285814881326,-0.4225912284106016,0.3343197375535965,-0.339925662924846,0.2155915295656081,-0.5
2020-03-16,15,0.07792516,0.4720445,0.45003033,-0.39411935,0.45879403,0.9703186,0.0,0.5333333333333333,-0.35308841839432714,-0.42647747956216336,-0.04103093370795252,-0.2644610069692135,0.20942236585639262,2.0
2020-03-17,9,0.17413022,0.5261824,0.29968736,-0.3520522,0.5602697,0.944117,0.2222222222222222,0.5555555555555556,-0.35318971052765846,-0.4062979605048895,0.0011374987661838531,-0.259924894819657,0.20942155565083476,-0.4
2020-03-18,8,0.12111272,0.6116114,0.2672758,-0.49049872,0.5702686,0.9646793,0.125,0.625,-0.3271867908537388,-0.4337605195119977,-0.16331193074584005,-0.4122234284877777,0.1728009296008909,-0.11111111111111116
2020-03-19,7,0.14209448,0.7839614,0.07394411,-0.641867,0.62639976,0.9601517,0.14285714285714285,0.8571428571428571,-0.38242807760834696,-0.4476886348798871,-0.25943890437483785,-0.4948059717814128,0.22456961000787098,-0.125
2020-03-20,4,0.12046366,0.7173866,0.16214973,-0.59692293,0.67100006,0.9620331,0.0,0.75,-0.49509204030036924,-0.47345950175076723,-0.10183089375495913,-0.576429545879364,0.12508935737703758,-0.4285714285714286
2020-03-23,16,0.11809583,0.5529877,0.32891646,-0.43489188,0.55747706,0.96764463,0.0625,0.5625,-0.503246545791626,-0.4824586795642972,0.06835466623306274,-0.5578939318656921,0.11798886081782983,3.0
2020-03-24,5,0.4439954,0.42681846,0.12918617,0.017176915,0.8991663,0.95845294,0.6,0.4,-0.4294007204473019,-0.45575113222002983,0.4465776354074478,-0.33821263288458187,0.26286893471959794,-0.6875
2020-03-25,10,0.079765715,0.43486887,0.4853654,-0.35510314,0.4534894,0.9688778,0.0,0.4,-0.40232160314917564,-0.46112459152936935,0.04721846804022789,-0.25760603323578835,0.26197379632157064,1.0
2020-03-26,10,0.13641028,0.7489943,0.11459543,-0.612584,0.6425836,0.97301835,0.1,0.8,-0.39646500572562215,-0.4515194967389107,-0.21611898913979533,-0.3168367383380731,0.2555278194341766,0.0
2020-03-27,6,0.018447429,0.7754232,0.20612939,-0.7569757,0.38311693,0.9694984,0.0,0.8333333333333334,-0.42847556099295614,-0.4420951768755913,-0.32850014939904215,-0.5748876134554545,0.2940404202339088,-0.4
2020-03-30,10,0.09813725,0.35362968,0.5482331,-0.25549245,0.4519281,0.97085124,0.0,0.3,-0.39259567484259605,-0.4334010869264603,0.13710322603583336,-0.5416840513547262,0.3038438051582616,0.6666666666666667
2020-03-31,9,0.13164952,0.7038276,0.16452283,-0.5721781,0.5631915,0.97213924,0.1111111111111111,0.6666666666666666,-0.5104666829109192,-0.4447458401322365,-0.06171144247055049,-0.5282154281934103,0.2025787749277387,-0.09999999999999998
2020-04-01,7,0.18573068,0.6855256,0.12874366,-0.49979496,0.6621856,0.9565786,0.2857142857142857,0.7142857142857143,-0.5394050478935242,-0.44106212109327314,0.039610087871551514,-0.4424885114034017,0.1843512605390619,-0.2222222222222222
2020-04-02,9,0.19916639,0.6225676,0.17826603,-0.42340124,0.61043435,0.97079223,0.3333333333333333,0.5555555555555556,-0.5015684962272644,-0.4327875956892967,0.07816725969314575,-0.4984581073125203,0.1849900347379488,0.2857142857142858
2020-04-03,9,0.18555456,0.63677186,0.17767358,-0.4512173,0.64921635,0.9739499,0.1111111111111111,0.6666666666666666,-0.4404168128967285,-0.4329768180847168,-0.010800480842590332,-0.45813783009847003,0.11778158650993721,0.0
2020-04-06,11,0.14756191,0.697877,0.15456106,-0.55031514,0.5645566,0.96990955,0.09090909090909091,0.8181818181818182,-0.49938135147094725,-0.4370779976248741,-0.05093379020690919,-0.47497789065043133,0.06321895813686974,0.22222222222222232
2020-04-07,3,0.38180992,0.50639546,0.11179458,-0.12458554,0.7334665,0.8734307,0.3333333333333333,0.6666666666666666,-0.4098628342151642,-0.42572998702526094,0.28527729511260985,-0.3753726581732432,0.1666517721855813,-0.7272727272727273
2020-04-08,6,0.12023726,0.66083604,0.21892667,-0.5405988,0.64017147,0.9608024,0.16666666666666666,0.6666666666666666,-0.4180236041545868,-0.42173426151275634,-0.12257520556449891,-0.40516649683316547,0.17303350101872542,1.0
2020-04-09,8,0.26091838,0.50969946,0.22938213,-0.24878109,0.67477655,0.9156746,0.25,0.625,-0.3830995738506317,-0.4158902883529663,0.13431848883628844,-0.30465514461199444,0.18859880818204916,0.33333333333333326
2020-04-14,16,0.20589611,0.6021381,0.19196576,-0.39624202,0.7330033,0.9724921,0.1875,0.625,-0.3721045196056366,-0.43402223344892266,-0.024137502908706643,-0.3952073057492574,0.18520683430664095,1.0
2020-04-15,5,0.029035836,0.61577773,0.35518646,-0.5867419,0.51025,0.9719436,0.0,0.6,-0.37938987612724306,-0.4436533620581031,-0.2073520481586456,-0.4105883439381917,0.19445506773148286,-0.6875
2020-04-16,5,0.09709757,0.6227485,0.28015393,-0.5256509,0.49354598,0.9560234,0.0,0.8,-0.459602952003479,-0.45233329739421607,-0.06604796648025513,-0.5028782884279887,0.13742948019148252,0.0
2020-04-17,8,0.25172323,0.39302218,0.35525462,-0.14129896,0.6521373,0.969728,0.25,0.375,-0.37974298298358916,-0.43487330954521897,0.23844401836395263,-0.4178972691297531,0.1860218228198524,0.6000000000000001
2020-04-20,11,0.22549644,0.42637503,0.34812853,-0.20087858,0.6025576,0.9466535,0.2727272727272727,0.36363636363636365,-0.37016248106956484,-0.4128238892182708,0.16928390562534334,-0.2892761528491974,0.1954475644136817,0.375
2020-04-21,6,0.46466818,0.34841648,0.18691532,0.116251715,0.87240386,0.96264327,0.5,0.3333333333333333,-0.2676637336611748,-0.377165156789124,0.38391544818878176,-0.0753086085120837,0.28990846091309164,-0.4545454545454546
2020-04-22,6,0.15459064,0.65899116,0.18641819,-0.50440055,0.7220916,0.9676028,0.16666666666666666,0.6666666666666666,-0.2511954590678215,-0.380640590377152,-0.25320509225130083,-0.1963424707452456,0.2688238603612275,0.0
2020-04-23,7,0.15690115,0.6200406,0.2230582,-0.4631395,0.68208843,0.9667878,0.14285714285714285,0.7142857142857143,-0.2386931762099266,-0.40465641133487223,-0.22444632798433303,-0.28376278032859165,0.2539084555878924,0.16666666666666674
2020-04-24,6,0.03155196,0.72216123,0.24628687,-0.6906092,0.3710968,0.95918316,0.0,0.8333333333333334,-0.348555226624012,-0.42143171541392804,-0.34205399006605147,-0.5527164240678152,0.31315816285949255,-0.1428571428571429
2020-04-27,14,0.04945261,0.6462174,0.30432996,-0.59676474,0.3975692,0.9629973,0.0,0.6428571428571429,-0.4277324602007866,-0.42064075283706187,-0.1690322831273079,-0.5835044880708059,0.3165148255439904,1.3333333333333335
2020-04-28,10,0.12998636,0.58154774,0.2884659,-0.4515614,0.5097521,0.9717281,0.1,0.6,-0.5412950813770294,-0.40537003688514234,0.08973369002342224,-0.5796451171239217,0.10111037300820172,-0.2857142857142857
2020-04-29,6,0.14475171,0.51210433,0.34314397,-0.3673526,0.5640372,0.9726616,0.16666666666666666,0.5,-0.5138854920864105,-0.41096304468810557,0.1465328872203827,-0.4718929131825765,0.12848305431127413,-0.4
2020-04-30,8,0.14945751,0.59410006,0.25644243,-0.4446425,0.66575104,0.9715083,0.125,0.625,-0.5101860940456391,-0.4045862641185522,0.06554358005523686,-0.42118550340334576,0.13055897899009944,0.33333333333333326
2020-05-01,7,0.097820625,0.75169516,0.15048419,-0.6538745,0.4300303,0.96536624,0.0,0.8571428571428571,-0.5028391540050506,-0.41229024194180963,-0.15103536248207095,-0.4886232117811839,0.11832852561714127,-0.125
2020-05-04,9,0.074730635,0.52696335,0.398306,-0.45223272,0.50090706,0.967394,0.0,0.5555555555555556,-0.4739327490329742,-0.41373181603848935,0.02170003056526182,-0.5169165829817454,0.10673290688088087,0.2857142857142858
2020-05-05,7,0.28981596,0.6426711,0.06751292,-0.35285512,0.8351828,0.9706961,0.2857142857142857,0.7142857142857143,-0.4541914939880371,-0.4088137071579695,0.10133637785911559,-0.48632078369458515,0.12018567243691662,-0.2222222222222222
2020-05-06,4,0.21900544,0.6977053,0.08328929,-0.4786999,0.86231154,0.972629,0.25,0.75,-0.47646095156669616,-0.4052329447120428,-0.0022389411926269642,-0.42792924245198566,0.10995272697687461,-0.4285714285714286
2020-05-07,7,0.22698322,0.5223625,0.25065425,-0.29537925,0.6218683,0.9642095,0.14285714285714285,0.7142857142857143,-0.44660829901695254,-0.4137726303189993,0.15122904777526858,-0.3756447533766429,0.13755060303405345,0.75
2020-05-11,15,0.14938046,0.49227342,0.3583461,-0.34289297,0.5205902,0.95904046,0.06666666666666667,0.5333333333333333,-0.3844119906425476,-0.4038873385637999,0.04151901602745056,-0.37232403953870136,0.07767939449187516,1.1428571428571428
2020-05-12,7,0.51608026,0.28004748,0.2038723,0.2360328,0.8020219,0.90047413,0.5714285714285714,0.2857142857142857,-0.2467588871717453,-0.3796466443687677,0.48279168605804446,-0.13407980899016061,0.27827439451445246,-0.5333333333333333
2020-05-13,7,0.078062944,0.57997626,0.34196076,-0.50191337,0.5490276,0.9734143,0.0,0.5714285714285714,-0.276570537686348,-0.38493021167814734,-0.22534283101558683,-0.20292451481024423,0.29964574153636936,0.0
2020-05-14,10,0.25231627,0.6218547,0.12582903,-0.3695385,0.63686794,0.96739423,0.3,0.6,-0.2547382563352585,-0.3740700397640467,-0.11480022966861725,-0.21180635193983713,0.28484811846434527,0.4285714285714286
2020-05-15,5,0.015113823,0.9276844,0.057201765,-0.9125706,0.04287557,0.96817714,0.0,1.0,-0.3781765252351761,-0.39341602362692357,-0.5343940705060959,-0.5946741501490275,0.4121469602966498,-0.5
2020-05-18,6,0.45020306,0.26351276,0.28628412,0.18669029,0.6428458,0.95767593,0.5,0.3333333333333333,-0.2722598731517792,-0.37701656110584736,0.4589501589536667,-0.3651395986477534,0.4850768925776403,0.19999999999999996
2020-05-19,8,0.26127774,0.65290594,0.085816324,-0.39162824,0.8014125,0.97086906,0.25,0.75,-0.3977920800447464,-0.3865540441125631,0.006163844466209434,-0.3725028485059738,0.39315838332498426,0.33333333333333326
2020-05-20,8,0.043269776,0.5829368,0.37379336,-0.53966707,0.4155842,0.97082764,0.0,0.625,-0.4053428202867508,-0.4193499833345413,-0.134324249625206,-0.24820167322953543,0.39601018267275573,0.0
2020-05-21,7,0.17999567,0.7128057,0.10719864,-0.53281003,0.6012967,0.9717449,0.14285714285714285,0.8571428571428571,-0.4379971295595169,-0.4207704573869705,-0.09481290280818938,-0.4880351126194,0.3990396845408617,-0.125
2020-05-22,6,0.09839932,0.5280351,0.37356555,-0.4296358,0.6064527,0.97198516,0.0,0.5,-0.341410169005394,-0.4190952718257904,-0.08822562396526334,-0.5007042984167734,0.302132177926421,-0.1428571428571429
2020-05-26,15,0.26829433,0.4642146,0.26749107,-0.19592024,0.6752736,0.9614383,0.26666666666666666,0.5333333333333333,-0.4179322749376297,-0.3943608231842518,0.2220120310783386,-0.3861220230658849,0.1397627241292269,1.5
2020-05-27,6,0.21817863,0.60032326,0.18149815,-0.3821446,0.7484754,0.96082944,0.16666666666666666,0.6666666666666666,-0.4160355478525162,-0.3836298160254955,0.033890947699546814,-0.3359002123276393,0.14027236322223316,-0.6
2020-05-28,7,0.02644282,0.78578377,0.18777338,-0.75934094,0.23036844,0.97165203,0.0,0.7142857142857143,-0.4599703222513199,-0.3990187935531139,-0.29937061965465545,-0.4458019286394119,0.2071399658853274,0.16666666666666674
2020-05-29,6,0.29184967,0.3125561,0.39559427,-0.020706406,0.59955055,0.96064043,0.16666666666666666,0.16666666666666666,-0.3575495969504118,-0.38168648360297086,0.3368431910872459,-0.38739731597403687,0.27695893282348655,-0.1428571428571429
2020-06-01,12,0.2918291,0.41079792,0.29737297,-0.11896881,0.65017,0.90756273,0.25,0.5,-0.2954161997884512,-0.36540279826149347,0.17644739262759684,-0.2996720516433318,0.2912243895471361,1.0
2020-06-02,4,0.28465033,0.5056314,0.2097182,-0.22098106,0.8696026,0.96884054,0.25,0.5,-0.3004283633083105,-0.34375812551006674,0.07944730184972287,-0.12021875816086929,0.2892931540516418,-0.6666666666666667
2020-06-03,7,0.28838557,0.6151132,0.09650125,-0.32672763,0.7489968,0.96469903,0.2857142857142857,0.7142857142857143,-0.2893449690192938,-0.3374828710220754,-0.037382659688591946,-0.22222583244244257,0.2864271354883576,0.75
2020-06-04,7,0.4142027,0.43805927,0.14773802,-0.023856571,0.86482483,0.96730506,0.42857142857142855,0.42857142857142855,-0.14224809482693673,-0.32103294376283886,0.11839152388274671,-0.19052175370355448,0.13187346091352106,0.0
2020-06-05,8,0.07961956,0.49618894,0.4241915,-0.41656938,0.5239468,0.96348774,0.0,0.5,-0.2214206900447607,-0.31792641822248696,-0.19514869190752507,-0.2557178605347872,0.1570833584594139,0.1428571428571428
2020-06-08,12,0.23838295,0.60058147,0.16103555,-0.3621985,0.67959064,0.962832,0.25,0.5833333333333334,-0.2700666289776564,-0.3212673807516694,-0.09213187284767627,-0.2675414849072695,0.15507304176541145,0.5
2020-06-09,3,0.51635474,0.332679,0.15096633,0.18367572,0.97426593,0.94770867,0.6666666666666666,0.3333333333333333,-0.18913527242839337,-0.2949389459565282,0.3728109937161207,-0.19836405416329703,0.2583185524941413,-0.75
2020-06-10,7,0.09969099,0.56922805,0.3310809,-0.46953708,0.5990548,0.96488357,0.14285714285714285,0.5714285714285714,-0.21769716255366803,-0.3302174398675561,-0.25183991678059103,-0.21601995329062143,0.28395796661766864,1.3333333333333335
2020-06-11,5,0.0130134495,0.9507791,0.036207475,-0.9377657,0.017859802,0.9710697,0.0,1.0,-0.40047899186611174,-0.3520100573077798,-0.5372867256402969,-0.4078756918509801,0.39887562925828235,-0.2857142857142857
2020-06-12,5,0.12369069,0.6633253,0.21298401,-0.5396346,0.5347221,0.97374105,0.2,0.6,-0.4250920325517654,-0.3605148622766137,-0.11454255282878878,-0.648979127407074,0.4038822353604532,0.0
2020-06-15,5,0.07125376,0.38486797,0.54387826,-0.3136142,0.5431823,0.959619,0.0,0.4,-0.4153751701116562,-0.33056704197078945,0.10176098048686982,-0.5970048308372498,0.4063505464303701,0.0
2020-06-16,9,0.32693276,0.4897942,0.18327305,-0.16286144,0.80943805,0.9640314,0.3333333333333333,0.4444444444444444,-0.48468260169029237,-0.3480446280911565,0.3218211650848389,-0.3387034038702647,0.2921329667718753,0.8
2020-06-17,8,0.4003821,0.49534374,0.10427416,-0.09496162,0.82345515,0.9634782,0.375,0.5,-0.40976750999689104,-0.33321129735559224,0.3148058891296387,-0.19047908236583075,0.3409392843047102,-0.11111111111111116
2020-06-18,10,0.22245577,0.451861,0.3256832,-0.22940524,0.6985554,0.97117424,0.2,0.5,-0.26809541434049605,-0.3176982058212161,0.03869017511606215,-0.1624094322323799,0.17201156245685353,0.25
2020-06-19,5,0.64252937,0.2456115,0.11185913,0.39691788,0.7710432,0.903573,0.8,0.2,-0.08078492134809494,-0.27121181022375823,0.47770280092954637,0.024183673163255055,0.27903179309619325,-0.5
2020-06-22,10,0.1599339,0.36530122,0.47476488,-0.20536733,0.58430845,0.96826017,0.1,0.4,-0.059135548770427704,-0.25999838691204785,-0.1462317779660225,-0.012618228793144226,0.26000134477294673,1.0
2020-06-23,3,0.31475222,0.66453916,0.020708648,-0.3497869,1.0575082,0.9728407,0.3333333333333333,0.6666666666666666,-0.09652064293622971,-0.2676917200908065,-0.2532662644982338,-0.05274545152982076,0.29031608777852763,-0.7
2020-06-24,8,0.19131765,0.60625225,0.20243011,-0.4149346,0.5900623,0.96451914,0.125,0.625,-0.16051523983478547,-0.2693312203511596,-0.2544193655252457,-0.32336294651031494,0.32328091578675433,1.6666666666666665
2020-06-25,8,0.014063779,0.86490136,0.12103487,-0.8508376,0.22765839,0.95737076,0.0,0.875,-0.284801709651947,-0.2739060526713729,-0.5660358786582946,-0.5385197003682455,0.4507232193759249,0.0
2020-06-26,6,0.29650185,0.5572913,0.14620687,-0.26078948,0.8669732,0.9454436,0.3333333333333333,0.6666666666666666,-0.41634318232536316,-0.28591020656749605,0.1555536985397339,-0.5088538924853007,0.2558929832075503,-0.25
2020-06-29,10,0.15656215,0.59659207,0.24684575,-0.44002992,0.5641459,0.97083664,0.1,0.5,-0.4632757008075714,-0.3019632621668279,0.023245781660079956,-0.5172189970811208,0.22746528241900515,0.6666666666666667
2020-06-30,6,0.4055467,0.4764389,0.118014395,-0.070892185,0.8757669,0.96756035,0.5,0.5,-0.4074967563152313,-0.2944588183425367,0.33660457134246824,-0.25723719596862793,0.28830993863290366,-0.4
2020-07-01,6,0.18132956,0.75698733,0.061683048,-0.5756578,0.7330746,0.96442664,0.16666666666666666,0.8333333333333334,-0.4396413922309875,-0.306905326154083,-0.13601639270782473,-0.3621932963530223,0.2981387700034078,0.0
2020-07-02,7,0.25285015,0.42582098,0.3213289,-0.1729708,0.655263,0.9673236,0.2857142857142857,0.5714285714285714,-0.3040680348873138,-0.31436103768646717,0.13109723329544065,-0.2731735905011495,0.20351727251708168,0.16666666666666674
2020-07-03,4,0.25063035,0.503965,0.2454046,-0.2533347,0.83483547,0.9547924,0.25,0.5,-0.30257707834243774,-0.30619930364191533,0.049242377281188965,-0.3339877625306447,0.20394045961365823,-0.4285714285714286
2020-07-06,8,0.123894036,0.55570394,0.320402,-0.4318099,0.4574601,0.9608626,0.125,0.5,-0.3009330749511719,-0.3096798736602068,-0.13087682723999022,-0.28603846828142804,0.20258403802404087,1.0
2020-07-07,8,0.020214243,0.94374806,0.036037713,-0.9235338,0.037622638,0.968417,0.0,1.0,-0.4714613974094391,-0.36504034958779813,-0.45207239985466,-0.5362261335055033,0.2972685967306631,0.0
2020-07-08,7,0.20193967,0.47396448,0.32409588,-0.2720248,0.51087296,0.92324454,0.14285714285714285,0.5714285714285714,-0.41073480248451233,-0.3551647361367941,0.13870999217033386,-0.5424561699231466,0.3016429772309576,-0.125
2020-07-09,5,0.18309894,0.6487998,0.16810124,-0.46570086,0.72622925,0.9647611,0.2,0.6,-0.4692808151245117,-0.3315614935010672,0.0035799503326415794,-0.5537531574567159,0.2707883457406866,-0.2857142857142857
2020-07-10,5,0.072139844,0.27856514,0.64929503,-0.20642531,0.3161742,0.7000264,0.0,0.2,-0.4598989367485046,-0.3149010296911001,0.25347362756729125,-0.31471699476242065,0.28076925907775374,0.0
2020-07-13,9,0.17457788,0.43184307,0.39357904,-0.2572652,0.64848363,0.96813446,0.1111111111111111,0.4444444444444444,-0.4249899983406067,-0.3120835807174444,0.16772478818893433,-0.30979712804158527,0.29559421964942384,0.8
2020-07-14,10,0.15722018,0.5839168,0.25886303,-0.4266966,0.53690594,0.97095776,0.1,0.6,-0.32562255859375,-0.32527533881366255,-0.10107403993606567,-0.2967957059542338,0.11356861735369471,0.11111111111111116
2020-07-15,4,0.12853287,0.8206745,0.050792664,-0.6921416,0.42329332,0.9610767,0.0,1.0,-0.4096459150314331,-0.3551343373954296,-0.2824956774711609,-0.45870113372802734,0.1921946831028904,-0.6
2020-07-16,8,0.1985425,0.64980835,0.15164913,-0.45126587,0.6928626,0.9700817,0.25,0.625,-0.40675891637802125,-0.36622736901044844,-0.04450695514678954,-0.5233680208524069,0.19124825125463463,1.0
2020-07-17,5,0.08191443,0.5779077,0.34017786,-0.4959933,0.50466156,0.9400846,0.0,0.6,-0.46467251181602476,-0.41087292730808256,-0.03132077455520632,-0.5464669167995453,0.15601511975177257,-0.375
2020-07-20,7,0.34858996,0.49716315,0.15424682,-0.14857323,0.8118579,0.9573287,0.42857142857142855,0.42857142857142855,-0.44293411672115324,-0.4080332227051258,0.2943608820438385,-0.3652774641911189,0.1948724233197603,0.3999999999999999
2020-07-21,4,0.5578024,0.2533454,0.18885222,0.304457,0.7549015,0.8609161,0.75,0.25,-0.2967033952474594,-0.37532102689146996,0.6011604040861129,-0.11336983740329742,0.3883663745540477,-0.4285714285714286
2020-07-22,6,0.34015584,0.5028778,0.15696642,-0.16272195,0.869633,0.9646984,0.3333333333333333,0.5,-0.19081946611404418,-0.3627103939652443,0.0280975192785263,-0.002279390891393026,0.3197015764598058,0.5
2020-07-23,10,0.23178932,0.5991813,0.16902938,-0.367392,0.6678307,0.973394,0.2,0.7,-0.1740446925163269,-0.33853811472654344,-0.19334731101989747,-0.07521898051102956,0.3044564655651053,0.6666666666666667
2020-07-24,7,0.41108492,0.20644377,0.3824713,0.20464118,0.654504,0.9293799,0.42857142857142855,0.14285714285714285,-0.03391779959201813,-0.3152665816247463,0.23855897784233093,-0.10849092404047649,0.27944110234878633,-0.30000000000000004
2020-07-27,8,0.2619858,0.55379504,0.18421914,-0.29180923,0.6688464,0.9288453,0.25,0.625,-0.06256499886512756,-0.30785554721951486,-0.22924423217773438,-0.15152001877625784,0.3006693076362384,0.1428571428571428
2020-07-28,5,0.4808061,0.44383568,0.07535817,0.036970425,0.88647395,0.936576,0.6,0.4,-0.11606231555342675,-0.3024624167010188,0.15303274095058442,-0.01673254246513049,0.23584977331859874,-0.375
2020-07-29,3,0.62150145,0.34320927,0.03528929,0.27829215,1.0743186,0.9713946,0.6666666666666666,0.3333333333333333,-0.02785949632525444,-0.259764919988811,0.30615164563059805,0.007817781219879786,0.29023270769393655,-0.4
2020-07-30,9,0.14775518,0.7865928,0.06565203,-0.6388376,0.6230415,0.97548974,0.1111111111111111,0.8888888888888888,-0.08214861080050469,-0.28305825870484114,-0.5566889651119709,-0.1078583337366581,0.38085937332301645,2.0
2020-07-31,4,0.040110305,0.7339775,0.22591224,-0.6938672,0.4724234,0.9723594,0.0,0.75,-0.26185028776526453,-0.305084883980453,-0.4320169188082218,-0.35147087772687274,0.42151608592760864,-0.5555555555555556
2020-08-03,8,0.1193396,0.4490906,0.4315698,-0.329751,0.5928114,0.9575548,0.125,0.5,-0.2694386444985867,-0.29998193960636854,-0.06031237021088598,-0.5541519323984782,0.4225305602647592,1.0
2020-08-04,5,0.106755875,0.7093465,0.18389766,-0.6025906,0.44527015,0.9628387,0.0,0.8,-0.3973508536815643,-0.2839347807690501,-0.2052397668361664,-0.5420696139335632,0.4029343470564842,-0.375
2020-08-05,9,0.21938717,0.5420511,0.23856176,-0.3226639,0.76712525,0.96664006,0.2222222222222222,0.5555555555555556,-0.5175420641899109,-0.28646673541516066,0.19487816095352173,-0.4183351794878642,0.1776790574432348,0.8
2020-08-06,8,0.16389903,0.64837927,0.18772173,-0.4844802,0.6518447,0.96936834,0.125,0.75,-0.48667058944702146,-0.2874057022854686,0.0021903872489928977,-0.4699115753173828,0.16423659428245016,-0.11111111111111116
2020-08-07,3,0.56869096,0.40392563,0.027383441,0.16476534,0.9863881,0.9649044,0.6666666666666666,0.3333333333333333,-0.31494407951831815,-0.2688461696729064,0.47970942258834837,-0.2141262541214625,0.2923538098649638,-0.625
2020-08-10,9,0.3176262,0.189167,0.49320683,0.12845922,0.49826047,0.95958877,0.2222222222222222,0.2222222222222222,-0.22330203354358674,-0.24955994840711354,0.3517612487077713,-0.06375188132127126,0.3522353311436855,2.0
2020-08-11,6,0.23594064,0.64878505,0.11527437,-0.41284442,0.8303839,0.972112,0.3333333333333333,0.6666666666666666,-0.18535279333591462,-0.24886733945459127,-0.2274916261434555,-0.039873287081718445,0.3086845775704124,-0.33333333333333337
2020-08-12,7,0.29358885,0.57399994,0.13241117,-0.2804111,0.85966456,0.97074145,0.2857142857142857,0.5714285714285714,-0.17690223157405854,-0.228280814550817,-0.10350886285305022,-0.1882654329140981,0.30453626773057957,0.16666666666666674
2020-08-13,10,0.1336413,0.6759317,0.19042704,-0.54229033,0.64323634,0.96447265,0.1,0.7,-0.1884642571210861,-0.2328320374712348,-0.3538260728120804,-0.41184861461321515,0.319845746293686,0.4285714285714286
2020-08-14,6,0.015817411,0.81277156,0.17141104,-0.79695415,0.3791389,0.97203135,0.0,0.8333333333333334,-0.3808081567287445,-0.24788008090108632,-0.4161459982395172,-0.5398851931095123,0.3426781042166777,-0.4
2020-08-17,6,0.2902875,0.19856794,0.5111446,0.09171954,0.59409,0.92657244,0.16666666666666666,0.16666666666666666,-0.3881560921669006,-0.23586544226855038,0.47987563014030454,-0.4158416489760081,0.3291551069966575,0.0
2020-08-18,7,0.32034966,0.3106874,0.3689629,0.009662271,0.70266163,0.9686687,0.42857142857142855,0.2857142857142857,-0.30365475416183474,-0.2506051791831851,0.3133170247077942,-0.23185744881629944,0.37259894438616753,0.16666666666666674
2020-08-19,5,0.28304917,0.30289054,0.41406026,-0.019841384,0.6085739,0.9106047,0.2,0.4,-0.2515408121049404,-0.24346115104854107,0.23169942796230314,0.027180141458908718,0.3942557355102742,-0.2857142857142857
2020-08-20,7,0.31048515,0.63977677,0.049738068,-0.32929164,0.8226872,0.96465945,0.2857142857142857,0.7142857142857143,-0.20894107446074486,-0.2415561329573393,-0.12035056725144386,-0.11315691843628883,0.36544033749761645,0.3999999999999999
2020-08-21,3,0.918386,0.038847476,0.042766552,0.87953854,0.053508803,0.0724829,1.0,0.0,0.12635746374726295,-0.20781126506626607,0.7531810723245144,0.17680183673898378,0.4503025350129747,-0.5714285714285714
2020-08-24,12,0.21682449,0.3490815,0.43409404,-0.13225698,0.55578494,0.9621187,0.16666666666666666,0.3333333333333333,0.08156215921044349,-0.19983365274965764,-0.21381914392113685,0.1393299698829651,0.4654938352607397,3.0
2020-08-25,4,0.313079,0.49358714,0.19333383,-0.18050817,0.9305111,0.9670913,0.25,0.5,0.04352807179093361,-0.21070758234709502,-0.22403623834252356,0.18892446160316467,0.480368698316431,-0.6666666666666667
2020-08-26,3,0.22141995,0.33656964,0.4420104,-0.1151497,0.73912406,0.96757823,0.0,0.3333333333333333,0.024466408789157866,-0.23037967476993798,-0.13961610794067383,-0.14263828347126642,0.48537680140095035,-0.25
2020-08-27,5,0.27395517,0.532464,0.19358073,-0.25850886,0.5969905,0.9691516,0.4,0.6,0.03862296491861343,-0.21136323902755977,-0.29713182598352433,-0.18472224225600561,0.47336316977562487,0.6666666666666667
2020-08-28,9,0.16182013,0.32902157,0.5091583,-0.16720146,0.5281568,0.96278334,0.2222222222222222,0.3333333333333333,-0.1707250341773033,-0.18502995166927577,0.003523574769496912,-0.18028667320807776,0.055638417964205045,0.8
2020-09-01,12,0.39937434,0.3870112,0.21361448,0.0123631405,0.7914337,0.9412051,0.4166666666666667,0.4166666666666667,-0.1418010091409087,-0.16792424391023814,0.15416414961218833,-0.13778239333381256,0.10030083120180623,0.33333333333333326
2020-09-02,3,0.022344654,0.7452242,0.23243117,-0.7228796,0.3610319,0.95211315,0.0,0.6666666666666666,-0.2502752935513854,-0.17393869231455028,-0.472604295052588,-0.2925726358468334,0.2817630860063405,-0.75
2020-09-03,4,0.21625347,0.74298,0.04076651,-0.52672654,0.83214504,0.95920813,0.25,0.75,-0.3325906625017524,-0.18414182434789836,-0.19413588140159843,-0.41241433067868155,0.2923392781834736,0.33333333333333326
2020-09-04,8,0.35447872,0.5002612,0.14526011,-0.1457825,0.80897164,0.9739053,0.5,0.5,-0.3100453903898597,-0.1672069392632693,0.1642628898844123,-0.4651295443375905,0.303610253403377,1.0
2020-09-07,6,0.20383531,0.4974222,0.29874253,-0.29358688,0.75476,0.96801525,0.16666666666666666,0.5,-0.335322474502027,-0.190124550415203,0.041735594533383824,-0.32203197479248047,0.29384884844400144,-0.25
2020-09-08,6,0.17124029,0.76769763,0.061062083,-0.59645736,0.73735744,0.96847916,0.16666666666666666,0.8333333333333334,-0.45708657503128053,-0.22637037928216158,-0.13937078714370726,-0.3452755808830261,0.23375320572110628,0.0
2020-09-09,6,0.12650613,0.7865148,0.086979024,-0.66000867,0.530068,0.96506596,0.16666666666666666,0.8333333333333334,-0.4445123910903931,-0.2387285917531699,-0.21549627780914304,-0.5166843036810557,0.21696955105872714,0.0
2020-09-10,5,0.18477267,0.3625687,0.45265856,-0.17779604,0.6037008,0.96147746,0.2,0.4,-0.37472628951072695,-0.23359783883206547,0.1969302535057068,-0.47808735569318134,0.23892001361613657,-0.16666666666666663
2020-09-11,6,0.4208869,0.50626546,0.0728476,-0.08537855,0.9033521,0.9636093,0.5,0.5,-0.3626454994082451,-0.21075224983505905,0.2772669494152069,-0.30772775163253147,0.25441512337995,0.19999999999999996
2020-09-14,8,0.20047814,0.400021,0.3995009,-0.19954284,0.574164,0.96361494,0.125,0.5,-0.34383669048547744,-0.18088168385438622,0.14429385513067244,-0.15423914045095444,0.2640893549798536,0.33333333333333326
2020-09-15,4,0.34053254,0.48328617,0.17618129,-0.14275365,0.7528474,0.9606335,0.25,0.5,-0.25309594720602036,-0.19260534304194152,0.11034230142831802,-0.14255834370851517,0.23152781922711177,-0.5
2020-09-16,7,0.17331375,0.49855345,0.3281328,-0.3252397,0.5896689,0.9473024,0.14285714285714285,0.42857142857142855,-0.1861421510577202,-0.20935044097714126,-0.13909753710031508,-0.22251205643018088,0.08892866030340675,0.75
2020-09-17,5,0.34426904,0.6057213,0.05000969,-0.26145226,0.8903508,0.9700206,0.4,0.6,-0.202873395383358,-0.22143098465166985,-0.05857886224985123,-0.24314853052298227,0.09465134484775228,-0.2857142857142857
2020-09-18,7,0.20207961,0.4300289,0.36789155,-0.22794926,0.63585424,0.9657476,0.14285714285714285,0.42857142857142855,-0.23138753771781922,-0.21636386564932764,0.0034382760524749867,-0.27154706915219623,0.0681798854815329,0.3999999999999999
2020-09-21,10,0.26955718,0.6399617,0.09048115,-0.37040454,0.82343036,0.9688296,0.3,0.7,-0.26555987894535066,-0.2788610195275396,-0.1048446625471115,-0.2866020202636719,0.08812900328798631,0.4285714285714286
2020-09-22,8,0.18120722,0.4489986,0.3697942,-0.2677914,0.58974844,0.9701129,0.125,0.5,-0.29056742787361145,-0.28563773981295526,0.022776037454605103,-0.28871506452560425,0.0567089192803236,-0.19999999999999996
2020-09-23,6,0.013179471,0.93430907,0.052511435,-0.92112964,0.06044848,0.9735702,0.0,1.0,-0.40974541902542116,-0.32266881368122996,-0.5113842248916626,-0.5197751919428507,0.2907976877905361,-0.25
2020-09-24,7,0.20346366,0.53901637,0.25752,-0.3355527,0.74580413,0.9426193,0.14285714285714285,0.5714285714285714,-0.4245655059814453,-0.33368896334432063,0.08901281356811525,-0.5081579089164734,0.2831380868837711,0.16666666666666674
2020-09-25,9,0.2323819,0.3865925,0.38102564,-0.1542106,0.69460255,0.9687664,0.2222222222222222,0.3333333333333333,-0.409817773103714,-0.3284740501549095,0.25560717582702636,-0.4702976445357005,0.29749582181243833,0.2857142857142858
2020-09-28,7,0.48984337,0.27600998,0.23414668,0.2138334,0.7979885,0.9451485,0.42857142857142855,0.2857142857142857,-0.29297018349170684,-0.30942230685614047,0.5068035900592804,-0.09197662770748138,0.4102242225515513,-0.2222222222222222
2020-09-29,6,0.40798172,0.31709656,0.27492175,0.090885125,0.7289597,0.96635,0.3333333333333333,0.3333333333333333,-0.22123488038778305,-0.30549620762467383,0.3121200054883957,0.050169311463832855,0.44556615918091974,-0.1428571428571429
2020-09-30,7,0.23361444,0.4647078,0.30167776,-0.23109332,0.66802853,0.9695798,0.14285714285714285,0.5714285714285714,-0.08322761505842209,-0.28090689405798913,-0.14786570221185685,0.024541738132635754,0.22865437409578146,0.16666666666666674
2020-10-01,8,0.23666158,0.5106731,0.2526653,-0.27401152,0.564286,0.9616031,0.125,0.625,-0.07091938108205795,-0.268271142989397,-0.20309214144945145,-0.13807323823372522,0.21278180299486898,0.1428571428571428
2020-10-02,6,0.060918692,0.6822512,0.25683007,-0.6213325,0.4209263,0.9581422,0.0,0.8333333333333334,-0.16434376686811447,-0.2920486442744732,-0.45698875933885574,-0.3754791220029195,0.3291963726549081,-0.25
2020-10-05,9,0.1453963,0.72621363,0.12839009,-0.58081734,0.6426385,0.96957636,0.1111111111111111,0.7777777777777778,-0.32327391654253007,-0.30641016736626625,-0.2575434252619743,-0.4920537968476613,0.2905250887666269,0.5
2020-10-06,6,0.3670013,0.28669587,0.34630284,0.080305405,0.67029065,0.764074,0.3333333333333333,0.3333333333333333,-0.32538986057043073,-0.2725720290094614,0.4056952655315399,-0.3739481543501218,0.28676884405665093,-0.33333333333333337
2020-10-07,6,0.3436875,0.45107722,0.2052353,-0.10738971,0.71071655,0.95898104,0.3333333333333333,0.5,-0.3006491392850876,-0.24494108110666274,0.1932594284415245,-0.20263388256231943,0.30187629521061077,0.0
2020-10-08,8,0.23923856,0.38845316,0.37230825,-0.1492146,0.6218471,0.94008166,0.25,0.375,-0.2756897538900375,-0.2435120090842247,0.12647515833377837,-0.05876630047957102,0.3096874207373824,0.33333333333333326
2020-10-09,5,0.15628165,0.7987439,0.044974424,-0.64246225,0.678199,0.97062534,0.2,0.8,-0.27991569936275484,-0.2713661942631006,-0.3625465542078018,-0.2996888533234596,0.3156695430522082,-0.375
2020-10-12,9,0.30115142,0.3515444,0.34730417,-0.050392993,0.70282376,0.93566674,0.3333333333333333,0.3333333333333333,-0.17383082956075668,-0.26390870213508605,0.12343783676624298,-0.28068994730710983,0.27588852732801966,0.8
2020-10-13,7,0.19464989,0.40967533,0.3956748,-0.21502542,0.54723924,0.9407768,0.14285714285714285,0.42857142857142855,-0.2328969955444336,-0.2675222910940647,0.017871570587158214,-0.3026268904407819,0.23670954100847277,-0.2222222222222222
2020-10-14,9,0.3801418,0.4073051,0.21255313,-0.027163276,0.7420839,0.96731615,0.4444444444444444,0.4444444444444444,-0.21685170866549014,-0.25261847050860525,0.18968843221664428,-0.09752723140021165,0.24970615517170694,0.2857142857142858
2020-10-15,6,0.028261801,0.74372107,0.22801709,-0.7154593,0.3289625,0.9728011,0.0,0.6666666666666666,-0.3301006469875574,-0.2753188219852746,-0.38535864017903804,-0.31921599619090557,0.3276128751423523,-0.33333333333333337
2020-10-16,5,0.20490511,0.76010406,0.03499081,-0.55519897,0.82775503,0.96372515,0.2,0.8,-0.3126479897648096,-0.2916813072748482,-0.242550977692008,-0.4326071770240863,0.3085843840128863,-0.16666666666666663
2020-10-19,5,0.34254512,0.4407712,0.21668366,-0.09822605,0.7781864,0.9347062,0.4,0.4,-0.32221460081636905,-0.2780723826028407,0.2239885527640581,-0.4562947675585747,0.29901453712288767,0.0
2020-10-20,4,0.2721493,0.4606032,0.26724747,-0.18845393,0.79518926,0.9618538,0.25,0.5,-0.3169003013521433,-0.27410550946369766,0.12844637371599676,-0.2806263143817584,0.30162060731055673,-0.19999999999999996
2020-10-21,5,0.34324864,0.47568122,0.18107018,-0.13243255,0.70797175,0.9518994,0.4,0.4,-0.33795415610074997,-0.23467065477743745,0.2055216059088707,-0.1397041752934456,0.27917935392726945,0.25
2020-10-22,6,0.1545766,0.62295604,0.22246742,-0.4683794,0.69984406,0.9617998,0.16666666666666666,0.6666666666666666,-0.2885381802916527,-0.2413119905628264,-0.17984122782945633,-0.2630886286497116,0.2085997217727632,0.19999999999999996
2020-10-23,6,0.31476098,0.42288694,0.26235208,-0.10812596,0.7658033,0.9734677,0.3333333333333333,0.3333333333333333,-0.19912357926368712,-0.23900775881484151,0.09099761694669722,-0.23631264020999274,0.15453245152130474,0.0
2020-10-26,10,0.13684991,0.54973745,0.3134126,-0.41288757,0.5879953,0.967191,0.1,0.5,-0.26205588430166243,-0.2703438078053296,-0.15083168894052507,-0.3297976478934288,0.16675841247360157,0.6666666666666667
2020-10-27,6,0.045566037,0.64212054,0.31231338,-0.5965546,0.5197955,0.9705748,0.0,0.6666666666666666,-0.3436760142445564,-0.304715792927891,-0.25287856310606005,-0.3725227043032646,0.21470699341768923,-0.4
2020-10-28,5,0.07579263,0.73912966,0.1850777,-0.66333705,0.4261937,0.9687737,0.0,0.8,-0.4498569145798683,-0.326327979657799,-0.2134801372885704,-0.5575930674870809,0.21539720981222665,-0.16666666666666663
2020-10-29,8,0.5137504,0.23969981,0.24654984,0.27405053,0.544178,0.77729744,0.5,0.25,-0.30137092620134354,-0.2989248768426478,0.5754214599728584,-0.3286136984825134,0.38698911459738056,0.6000000000000001
2020-10-30,9,0.16075024,0.7509147,0.08833507,-0.5901644,0.54771066,0.95881104,0.2222222222222222,0.7777777777777778,-0.39777861833572387,-0.29736647168174385,-0.19238580465316774,-0.32648364702860516,0.3868553190387154,0.125
2020-11-02,9,0.3076699,0.5733854,0.1189447,-0.2657155,0.7986179,0.9729743,0.3333333333333333,0.5555555555555556,-0.36834420561790465,-0.2816113800741732,0.10262869596481322,-0.19394313295682272,0.390995080650168,0.0
2020-11-03,3,0.61474544,0.15683143,0.22842313,0.457914,0.35526347,0.26698098,1.0,0.0,-0.15745049118995666,-0.2627309505827725,0.6153644859790802,-0.13265531261761984,0.504913472393518,-0.6666666666666667
2020-11-04,5,0.11437102,0.7127753,0.17285372,-0.5984043,0.47839817,0.9707667,0.2,0.6,-0.14446393847465516,-0.2872816794551909,-0.453940349817276,-0.13540193438529968,0.4892408007730777,0.6666666666666667
2020-11-05,10,0.42188677,0.27031457,0.30779868,0.1515722,0.50211877,0.7607486,0.4,0.4,-0.16895960569381713,-0.2722423397935927,0.3205318033695221,0.0036939680576324463,0.46553976372301265,1.0
2020-11-06,4,0.2529964,0.47156778,0.2754358,-0.21857136,0.7747254,0.96364015,0.25,0.5,-0.09464099407196044,-0.25104779535904526,-0.12393037080764771,-0.2218011518319448,0.40753546925361106,-0.6
2020-11-09,12,0.4061713,0.3413061,0.25252262,0.06486519,0.6128255,0.9659182,0.5,0.3333333333333333,-0.02852485477924347,-0.24528488637879492,0.09339004158973693,-0.000711326797803243,0.39958092024099506,2.0
2020-11-10,5,0.3107792,0.455539,0.23368183,-0.14475977,0.554553,0.86509275,0.4,0.4,-0.14905960857868195,-0.2417716038413346,0.004299834370613098,-0.09948865075906117,0.2927901616517939,-0.5833333333333333
2020-11-11,4,0.34352624,0.43431395,0.22215986,-0.09078772,0.60381824,0.8975834,0.5,0.25,-0.047536295652389524,-0.24495282620191575,-0.04325142800807953,-0.05689410368601481,0.15236007604356533,-0.19999999999999996
2020-11-12,6,0.16274153,0.63852257,0.19873594,-0.475781,0.6905055,0.9637007,0.16666666666666666,0.6666666666666666,-0.17300693392753602,-0.23296891152858734,-0.30277405977249144,-0.2371094971895218,0.19867642980023403,0.5
2020-11-13,5,0.36588567,0.35234648,0.28176782,0.013539193,0.7064819,0.79876816,0.4,0.4,-0.1265848223119974,-0.20453200349584222,0.14012401551008224,-0.1843431747208039,0.21203630171271612,-0.16666666666666663
2020-11-16,12,0.49001035,0.18296765,0.32702202,0.3070427,0.648984,0.9659245,0.5,0.16666666666666666,-0.07814932204782962,-0.18426856668666006,0.38519201017916205,-0.05173303745687008,0.2826160365085027,1.4
2020-11-17,5,0.19995752,0.28827745,0.511765,-0.08831993,0.43292376,0.8236604,0.0,0.4,-0.0668613526970148,-0.17926186667755245,-0.021458574756979945,0.07742065129180749,0.2804089397576836,-0.5833333333333333
2020-11-18,10,0.42802405,0.39159092,0.18038502,0.036433112,0.7388615,0.9687244,0.5,0.4,-0.041417185589671134,-0.17081858357414603,0.07785029746592045,0.08505195751786232,0.28345058694999087,1.0
2020-11-19,5,0.054053135,0.5627944,0.38315246,-0.50874126,0.53715175,0.9612182,0.0,0.6,-0.04800923876464367,-0.1728366761468351,-0.46073202081024645,-0.18687602505087852,0.2961754283671592,-0.5
2020-11-20,6,0.43592027,0.4981538,0.06592592,-0.062233526,0.9576744,0.9740112,0.5,0.5,-0.06316378265619278,-0.17054205434396863,0.0009302563965320615,-0.17818055798610052,0.2941705956365909,0.19999999999999996
2020-11-23,13,0.2859889,0.25004143,0.46396968,0.035947457,0.63342917,0.9708193,0.23076923076923078,0.23076923076923078,-0.11738282889127731,-0.14810030283406378,0.15333028584718705,-0.17834244295954704,0.22595189713743744,1.1666666666666665
2020-11-24,7,0.25870818,0.4139798,0.32731196,-0.15527163,0.7070029,0.96728176,0.2857142857142857,0.42857142857142855,-0.13077317029237748,-0.1260361556895077,-0.024498464167118067,-0.06051923458774885,0.22578277304373298,-0.46153846153846156
2020-11-25,5,0.26542845,0.20157023,0.5330013,0.06385823,0.3729241,0.4994655,0.2,0.2,-0.12528814598917962,-0.08967639142647385,0.18914637938141823,-0.018488648037115734,0.23113008104681418,-0.2857142857142857
2020-11-26,5,0.20905554,0.7471727,0.04377172,-0.53811723,0.8122935,0.96402586,0.2,0.8,-0.131163340061903,-0.13028477961197496,-0.4069538898766041,-0.209843543668588,0.24336363233222202,0.0
2020-11-27,10,0.027093861,0.8287759,0.14413023,-0.801682,0.30293736,0.9666452,0.0,0.9,-0.27905303388834,-0.14086065823212265,-0.5226289615035057,-0.42531366397937137,0.37828249046909634,1.0
2020-11-30,15,0.12553969,0.31028426,0.564176,-0.18474457,0.4106662,0.95937026,0.06666666666666667,0.26666666666666666,-0.3231914386153221,-0.13681211108341812,0.13844687193632127,-0.5081812640031179,0.3436271068607838,0.5
2020-12-01,9,0.37157053,0.3675955,0.260834,0.0039750603,0.74354,0.94773656,0.3333333333333333,0.3333333333333333,-0.29134209966287017,-0.1595090578077361,0.29531715996563435,-0.32748383392269415,0.3694886025664717,-0.4
2020-12-02,9,0.35173,0.17994276,0.46832725,0.17178725,0.56967425,0.9609196,0.3333333333333333,0.1111111111111111,-0.269756296928972,-0.12099948104005306,0.44154354399070145,-0.002994086438169082,0.3975170092281765,0.0
2020-12-03,4,0.49286506,0.21410999,0.29302502,0.27875507,0.681145,0.7639087,0.5,0.25,-0.10638183718547226,-0.11464033748488874,0.3851369059644639,0.15150579204782844,0.42645930285477485,-0.5555555555555556
2020-12-04,5,0.023475695,0.8658422,0.11068207,-0.8423666,0.19770265,0.97384214,0.0,1.0,-0.11451875334605574,-0.14583009805064648,-0.7278478228487074,-0.1306080867846807,0.4431056101527227,0.25
2020-12-07,7,0.28530982,0.35770777,0.35698238,-0.07239795,0.6587001,0.9619587,0.2857142857142857,0.42857142857142855,-0.09204942947253585,-0.15269325475674123,0.01965148216113448,-0.21200315157572427,0.44149985047034174,0.3999999999999999
2020-12-08,4,0.44769186,0.23689951,0.3154086,0.21079235,0.5281845,0.6520467,0.5,0.25,-0.05068597197532654,-0.13491564865689726,0.26147831976413727,-0.2346573919057846,0.4619594769021747,-0.4285714285714286
2020-12-09,5,0.08530466,0.6112986,0.30339676,-0.52599394,0.53547144,0.95231426,0.0,0.6,-0.19024221003055572,-0.15667595963459463,-0.33575173318386076,-0.12919984757900238,0.4828741682967195,0.25
2020-12-10,9,0.30550635,0.36861742,0.32587627,-0.0631111,0.67977685,0.96831447,0.2222222222222222,0.3333333333333333,-0.258615443110466,-0.13604246478062124,0.19550434648990633,-0.12610423068205515,0.4199700069916006,0.8
2020-12-11,5,0.11086168,0.4945427,0.39459562,-0.38368103,0.3988232,0.8910238,0.0,0.6,-0.1668783336877823,-0.1559034758945927,-0.2168026953935623,-0.32426202297210693,0.2908164181579986,-0.4444444444444444
2020-12-14,11,0.31071442,0.39796865,0.29131696,-0.087254256,0.6591885,0.96699756,0.45454545454545453,0.36363636363636365,-0.16984959542751313,-0.1756183231016621,0.08259533941745759,-0.1780154605706533,0.28968347581263587,1.2000000000000002
2020-12-15,3,0.15881199,0.6300075,0.21118051,-0.47119555,0.4276365,0.9605666,0.0,0.6666666666666666,-0.30624717473983765,-0.19476210416760295,-0.16494837403297424,-0.3140436112880707,0.21712073892556782,-0.7272727272727273
2020-12-16,9,0.26846868,0.5569694,0.1745619,-0.2885008,0.7434197,0.95882857,0.3333333333333333,0.5555555555555556,-0.2587485432624817,-0.21100879905279726,-0.029752242565155018,-0.2823168635368347,0.17979943909091667,2.0
2020-12-17,10,0.38200432,0.3862944,0.23170128,-0.0042900564,0.59599733,0.97055817,0.3,0.4,-0.2469843352213502,-0.18578623889479787,0.24269427880644798,-0.25466213033845025,0.1969101833550304,0.11111111111111116
2020-12-18,6,0.052307546,0.7993552,0.14833724,-0.74704766,0.47208893,0.9707691,0.0,0.8333333333333334,-0.31965766195207834,-0.2200269457185641,-0.427390000782907,-0.3466128349925081,0.30002698401845745,-0.4
2020-12-21,8,0.13832046,0.72535104,0.13632849,-0.5870306,0.50987506,0.96955013,0.125,0.75,-0.4196129286661744,-0.2511758480453864,-0.1674176609143615,-0.4461227695768078,0.28617583195151897,0.33333333333333326
2020-12-22,7,0.12527265,0.5003632,0.3743642,-0.37509054,0.52116627,0.95257425,0.0,0.5714285714285714,-0.4003919268026948,-0.2621667932951823,0.02530138734728099,-0.5697229305903116,0.2850704601731673,-0.125
2020-12-23,4,0.08237183,0.7557242,0.16190395,-0.67335236,0.3138848,0.959935,0.0,0.75,-0.477362241782248,-0.2990273230010644,-0.19599011894315482,-0.5451578299204508,0.2989256986157596,-0.4285714285714286
2020-12-24,3,0.18470351,0.5238936,0.29140297,-0.3391901,0.5763508,0.9517915,0.0,0.6666666666666666,-0.5443422496318817,-0.2890809662872925,0.20515215396881104,-0.46254433194796246,0.1804777931692274,-0.25
2020-12-29,19,0.2968895,0.43500042,0.26811007,-0.13811092,0.68932027,0.9716566,0.2631578947368421,0.47368421052631576,-0.42255490124225614,-0.25590241255704316,0.28444398045539854,-0.38355112572511035,0.2121688903939218,5.333333333333333
2020-12-30,4,0.33977002,0.42864397,0.23158598,-0.08887398,0.7692122,0.9482844,0.25,0.5,-0.3229235798120499,-0.2511088833445683,0.2340495973825455,-0.18872499962647757,0.23169012423907828,-0.7894736842105263
2020-12-31,10,0.111853644,0.5497301,0.33841622,-0.43787646,0.57258373,0.97078425,0.1,0.5,-0.3354807645082474,-0.2732014595065266,-0.10239569842815399,-0.22162045538425446,0.2368679030083933,1.5
2021-01-04,13,0.39708805,0.42556858,0.17734338,-0.028480548,0.7773971,0.9537356,0.46153846153846156,0.46153846153846156,-0.20650640204548837,-0.28321484928019347,0.17802585363388063,-0.18507699792583784,0.17417347687869544,0.30000000000000004
2021-01-05,6,0.5470921,0.38114095,0.071767,0.16595115,0.8857798,0.96694803,0.6666666666666666,0.3333333333333333,-0.10547815337777137,-0.2888550453353673,0.2714293010532856,-0.10013528789083163,0.21876455885260093,-0.5384615384615384
2021-01-06,7,0.07017775,0.66557235,0.26424986,-0.5953946,0.39698076,0.9700677,0.0,0.7142857142857143,-0.19693489149212837,-0.2765064470935613,-0.3984597198665142,-0.15264133736491203,0.3116742259150767,0.16666666666666674
2021-01-07,8,0.24968706,0.6020901,0.14822283,-0.35240304,0.8369329,0.96084803,0.25,0.625,-0.24964070394635202,-0.29050670196302236,-0.10276234075427054,-0.2606155027945836,0.31111371139077476,0.1428571428571428
2021-01-08,9,0.3029852,0.59074676,0.10626804,-0.28776157,0.82315093,0.96928656,0.3333333333333333,0.5555555555555556,-0.2196177251636982,-0.3154343978036195,-0.06814384385943412,-0.4118530750274658,0.295245901232385,0.125
2021-01-11,15,0.12659428,0.46415704,0.4092487,-0.33756274,0.5538815,0.9448541,0.06666666666666667,0.5333333333333333,-0.28143416345119476,-0.3060128376353532,-0.05612857639789581,-0.32590911785761517,0.2770161614047595,0.6666666666666667
2021-01-12,8,0.43549868,0.44539505,0.11910627,-0.009896338,0.81463486,0.9701325,0.5,0.375,-0.3166036605834961,-0.30335209970362487,0.30670732259750366,-0.21174021561940512,0.20877411305131002,-0.4666666666666667
2021-01-13,8,0.3062117,0.42495555,0.2688328,-0.11874385,0.729901,0.93106544,0.25,0.5,-0.22127350866794587,-0.2901052408386022,0.10252965688705445,-0.15540097653865814,0.15027594743132427,0.0
2021-01-14,5,0.5421878,0.3731387,0.08467351,0.1690491,0.8087291,0.96877724,0.6,0.4,-0.11698307991027831,-0.2772900730837137,0.2860321789979935,0.0134696364402771,0.20682465807917624,-0.375
2021-01-15,9,0.047316033,0.67699915,0.27568483,-0.6296831,0.45257935,0.9738564,0.0,0.6666666666666666,-0.1853673815727234,-0.28521444951184094,-0.4443156957626343,-0.19312594334284464,0.3087959229835209,0.8
2021-01-18,6,0.384046,0.4845216,0.1314324,-0.1004756,0.79161465,0.92611533,0.3333333333333333,0.5,-0.1379499539732933,-0.2758131903130561,0.03747435212135314,-0.1870365266998609,0.297582263075075,-0.33333333333333337
2021-01-19,10,0.35242745,0.3117613,0.33581126,0.0406662,0.6482102,0.96573734,0.3,0.3,-0.12783744633197786,-0.27356537748128174,0.16850364655256272,-0.22983082632223764,0.303815528365957,0.6666666666666667
2021-01-20,6,0.5695744,0.37790903,0.052516524,0.19166541,0.8215863,0.966465,0.6666666666666666,0.3333333333333333,-0.06575559377670288,-0.22662972379475832,0.25742100477218627,0.04395200312137604,0.3361339395985701,-0.4
2021-01-21,4,0.06872207,0.6858303,0.24544764,-0.6171082,0.47523785,0.95516926,0.0,0.75,-0.22298705875873565,-0.22813360560685397,-0.3941211670637131,-0.12825887153546014,0.37986573765307435,-0.33333333333333337
2021-01-22,7,0.20814978,0.54624903,0.24560119,-0.33809924,0.7588651,0.9710778,0.14285714285714285,0.5714285714285714,-0.16467029154300689,-0.22628404069691896,-0.17342894971370698,-0.25451401869455975,0.3193888112128232,0.75
2021-01-25,9,0.33012366,0.21866946,0.4512069,0.11145422,0.59451103,0.9726408,0.3333333333333333,0.2222222222222222,-0.1222843274474144,-0.1870437117293477,0.23373854607343675,-0.28125108281771344,0.3432119564065883,0.2857142857142858
2021-01-26,7,0.2058008,0.6115837,0.18261544,-0.4057829,0.69936454,0.95068127,0.2857142857142857,0.5714285714285714,-0.2115741491317749,-0.19037335235625505,-0.19420875906944274,-0.21080931027730307,0.34825744702079525,-0.2222222222222222
2021-01-27,8,0.17119083,0.57685673,0.25195238,-0.40566593,0.6605006,0.95678174,0.125,0.625,-0.33104041814804075,-0.20375110302120447,-0.0746255159378052,-0.23333154122034708,0.26871989533409435,0.1428571428571428
2021-01-28,9,0.3251493,0.34663084,0.3282199,-0.021481527,0.8032601,0.97511953,0.3333333333333333,0.3333333333333333,-0.2119150783866644,-0.2003814802505076,0.19043355137109758,-0.2776434564342101,0.240769190418269,0.125
2021-01-29,7,0.43803236,0.17142963,0.39053798,0.26660272,0.61702293,0.9241974,0.42857142857142855,0.14285714285714285,-0.090974685177207,-0.16515752086415886,0.3575774099677801,-0.05351491210361322,0.30487832149430466,-0.2222222222222222
2021-02-01,14,0.3997578,0.23677531,0.36346683,0.1629825,0.6753596,0.9635088,0.35714285714285715,0.21428571428571427,-0.080669030174613,-0.15558436876162887,0.2436515238136053,0.1360345638046662,0.31416115236486586,1.0
2021-02-02,8,0.25917932,0.5138595,0.22696115,-0.2546802,0.7909057,0.9606302,0.25,0.5,-0.05044848583638668,-0.17661593547090887,-0.2042317006736994,0.058301677306493126,0.2805367003460059,-0.4285714285714286
2021-02-03,9,0.30122048,0.2527581,0.44602144,0.048462365,0.6673478,0.9652487,0.3333333333333333,0.2222222222222222,0.04037717394530773,-0.14442308666184545,0.008085190877318384,-0.014411776016155878,0.19821754427108035,0.125
2021-02-04,10,0.34291267,0.42105216,0.23603511,-0.0781395,0.6712478,0.97348785,0.4,0.4,0.029045579582452775,-0.1307099093683064,-0.10718507841229438,-0.09478577350576718,0.2041681029902408,0.11111111111111116
2021-02-05,8,0.36524495,0.19297646,0.44177857,0.17226848,0.6144111,0.9313292,0.375,0.125,0.010178730636835099,-0.10770840691402554,0.16208974942564963,0.047530448685089745,0.1796093463265008,-0.19999999999999996
2021-02-08,12,0.27624923,0.3911563,0.33259448,-0.11490705,0.67900443,0.92646766,0.3333333333333333,0.4166666666666667,-0.04539917781949043,-0.09657562235370279,-0.06950787082314491,-0.006926022469997406,0.16270449578896554,0.5
2021-02-09,5,0.13107176,0.42800808,0.44092017,-0.29693633,0.46416277,0.9616504,0.0,0.4,-0.053850407153367995,-0.11092762211337685,-0.24308592602610588,-0.07985830058654149,0.17678114671928136,-0.5833333333333333
2021-02-10,5,0.20270605,0.5153476,0.28194636,-0.31264153,0.74547744,0.9590204,0.2,0.6,-0.12607118636369705,-0.12062250608578325,-0.18657034486532212,-0.2414949710170428,0.19712434729361059,0.0
2021-02-11,7,0.4037721,0.29921722,0.2970107,0.10455484,0.73962456,0.9401363,0.42857142857142855,0.2857142857142857,-0.08953231871128083,-0.12384721906855703,0.19408715814352034,-0.16834100832541785,0.22340966073656537,0.3999999999999999
2021-02-12,5,0.2880496,0.5581001,0.15385029,-0.27005053,0.84149003,0.95882607,0.4,0.6,-0.17799611985683442,-0.1058655914850533,-0.09205440580844879,-0.15937907248735428,0.17646915472641028,-0.2857142857142857
2021-02-15,7,0.31487817,0.52249825,0.1626236,-0.20762007,0.7872712,0.96306133,0.42857142857142855,0.5714285714285714,-0.19653872400522232,-0.11122281486168503,-0.01108134537935257,-0.12437191853920619,0.17301998216632933,0.3999999999999999
2021-02-16,8,0.34243327,0.23861492,0.41895184,0.10381836,0.64560544,0.9394918,0.375,0.25,-0.1163877859711647,-0.10806520702317357,0.2202061429619789,-0.12461741268634796,0.20479104518582164,0.1428571428571428
2021-02-17,7,0.45621946,0.22689252,0.31688803,0.22932693,0.40204793,0.4765634,0.5714285714285714,0.14285714285714285,-0.007994093000888824,-0.10618213089182973,0.23732102662324905,0.04184174040953318,0.2179533552107123,-0.125
2021-02-18,6,0.29975274,0.59187204,0.10837525,-0.29211926,0.7907239,0.9691964,0.3333333333333333,0.6666666666666666,-0.08732891380786896,-0.08993268283084035,-0.2047903507947922,0.013675342003504435,0.23801493764780238,-0.1428571428571429
2021-02-19,5,0.2193183,0.6682068,0.11247494,-0.44888848,0.66729665,0.97021973,0.2,0.8,-0.12309650480747222,-0.09547214480116964,-0.3257919758558273,-0.17056027054786682,0.281756087906406,-0.16666666666666663
2021-02-22,14,0.16345592,0.47899985,0.3575442,-0.31554395,0.6608374,0.9630299,0.14285714285714285,0.5,-0.14468128085136414,-0.11682205321267247,-0.17086266875267028,-0.35218389828999835,0.29372957186197257,1.7999999999999998
2021-02-23,9,0.31957042,0.49389374,0.18653587,-0.1743233,0.67487395,0.972695,0.3333333333333333,0.4444444444444444,-0.20030961334705352,-0.10524907307699323,0.02598630785942077,-0.3129185785849889,0.2592114331392711,-0.3571428571428571
2021-02-24,4,0.28294486,0.4357189,0.28133625,-0.15277404,0.78432685,0.95664513,0.25,0.5,-0.2767298072576523,-0.0926044781692326,0.12395577132701874,-0.21421376367410025,0.119618253960571,-0.5555555555555556
2021-02-25,10,0.33731693,0.49837494,0.16430812,-0.16105802,0.8213701,0.9543321,0.4,0.5,-0.2505175590515137,-0.09958330299705268,0.0894595354795456,-0.16271845499674478,0.12936558959578034,1.5
2021-02-26,5,0.41406712,0.40921322,0.17671967,0.0048539164,0.85807216,0.9512476,0.6,0.4,-0.15976907964795828,-0.11267074341885745,0.16462299600243568,-0.10299271438270807,0.11361003303570008,-0.5
2021-03-01,13,0.20770667,0.3832038,0.40908954,-0.17549714,0.56195235,0.9666858,0.15384615384615385,0.38461538461538464,-0.131759718619287,-0.12959472532384098,-0.04373742584139109,-0.11056708389272292,0.07695436766720902,1.6
2021-03-02,7,0.28232005,0.5202266,0.1974534,-0.23790659,0.8224889,0.9737743,0.2857142857142857,0.5714285714285714,-0.14447637554258108,-0.12875604550354183,-0.09343021456152201,-0.13618327273676792,0.08990944248886062,-0.46153846153846156
2021-03-03,7,0.30300373,0.52966654,0.16732971,-0.22666283,0.8193327,0.971629,0.2857142857142857,0.5714285714285714,-0.159254134260118,-0.14251230522058905,-0.06740869525820017,-0.2133555213610331,0.09737643796146572,0.0
2021-03-04,5,0.15179987,0.6136008,0.23459932,-0.46180087,0.6251684,0.96770555,0.2,0.6,-0.2194027042016387,-0.16169537394307554,-0.24239816907793282,-0.3087900976339976,0.16686124896516455,-0.2857142857142857
2021-03-05,7,0.22527064,0.53575265,0.23897669,-0.31048203,0.7265266,0.9727454,0.2857142857142857,0.5714285714285714,-0.2824698925018311,-0.185832899203524,-0.028012132644653298,-0.3329819093147914,0.11122922869565711,0.3999999999999999
2021-03-08,11,0.21508199,0.3647398,0.42017815,-0.14965783,0.60530454,0.9540271,0.18181818181818182,0.36363636363636365,-0.27730202972888945,-0.18757043830119075,0.1276441991329193,-0.30731357634067535,0.117845350142606,0.5714285714285714
2021-03-09,9,0.3722696,0.42328298,0.20444743,-0.051013384,0.7534246,0.97126365,0.3333333333333333,0.4444444444444444,-0.23992338851094247,-0.17527429084293544,0.1889100044965744,-0.17038441325227419,0.15669942774346343,-0.18181818181818177
2021-03-10,6,0.34239998,0.34088346,0.31671655,0.0015165253,0.64855003,0.9471196,0.3333333333333333,0.3333333333333333,-0.19428751755040138,-0.15956638801726514,0.19580404283478856,-0.06638489644198368,0.19099939042938024,-0.33333333333333337
2021-03-11,6,0.17803101,0.6357202,0.18624882,-0.45768917,0.77899873,0.9741321,0.16666666666666666,0.6666666666666666,-0.19346517610829322,-0.18767858829232864,-0.26422398996073754,-0.16906200826633722,0.18956312952364465,0.0
2021-03-12,8,0.15879662,0.52232194,0.31888142,-0.36352533,0.66751695,0.97117966,0.125,0.5,-0.2040738372830674,-0.19235232856008225,-0.1594514937372878,-0.27323265726833296,0.19899843917068433,0.33333333333333326
2021-03-15,11,0.1957685,0.56577164,0.23845987,-0.3700031,0.70578694,0.97307914,0.18181818181818182,0.5454545454545454,-0.24814289200585335,-0.20047148030134848,-0.12186021220404655,-0.39707253376642865,0.20812407782845577,0.375
2021-03-16,4,0.055023186,0.9068378,0.038138997,-0.8518146,0.113655485,0.96222407,0.0,1.0,-0.4083031407324597,-0.2482531295332592,-0.4435114869149402,-0.528447687625885,0.30437046596970047,-0.6363636363636364
2021-03-17,5,0.18857041,0.41829172,0.39313787,-0.22972131,0.66763574,0.95253974,0.2,0.4,-0.4545507073402405,-0.27120554160210303,0.2248293995857239,-0.48384634653727215,0.23654315015888047,0.25
2021-03-18,5,0.28525507,0.43788475,0.2768602,-0.15262969,0.7987758,0.973397,0.4,0.4,-0.3935388118028641,-0.26423106279107744,0.24090912342071535,-0.4113885412613551,0.27218782225171656,0.0
2021-03-19,5,0.5047919,0.2216396,0.27356845,0.28315234,0.7841848,0.97233325,0.6,0.2,-0.26420327723026277,-0.22762902166577986,0.5473556190729141,-0.03306621809800466,0.40918105656482995,0.0
2021-03-22,12,0.27705595,0.5947882,0.12815583,-0.31773224,0.792144,0.9713401,0.3333333333333333,0.5833333333333334,-0.2537491053342819,-0.22773843642207794,-0.06398313939571382,-0.06240319708983103,0.4064608980666391,1.4
2021-03-23,6,0.22333287,0.63941437,0.1372528,-0.41608146,0.79659426,0.9577121,0.3333333333333333,0.6666666666666666,-0.16660247147083282,-0.23982634406420403,-0.2494789868593216,-0.15022045373916626,0.2699715686463201,-0.5
2021-03-24,7,0.18527748,0.6429139,0.17180865,-0.4576364,0.5346794,0.9689998,0.2857142857142857,0.5714285714285714,-0.21218548715114594,-0.25506946157547644,-0.24545089900493622,-0.3971500297387441,0.30077661433365915,0.16666666666666674
2021-03-25,5,0.060380083,0.62817794,0.31144202,-0.56779784,0.39595664,0.8860502,0.0,0.8,-0.2952191174030304,-0.2754064523789566,-0.2725787222385406,-0.48050522804260254,0.3355244477801888,-0.2857142857142857
2021-03-26,8,0.15018709,0.41666374,0.43314916,-0.26647663,0.47490525,0.9353945,0.125,0.375,-0.40514491200447084,-0.288972979754908,0.13866828083992006,-0.4306369523207347,0.11853354407529745,0.6000000000000001
2021-03-29,11,0.122347616,0.66728383,0.21036857,-0.54493624,0.5269919,0.97169614,0.09090909090909091,0.7272727272727273,-0.45058571100234984,-0.30744493451784366,-0.09435052871704103,-0.4597369035085042,0.12018435226833372,0.375
2021-03-30,8,0.22060762,0.6146777,0.16471463,-0.39407012,0.72692573,0.96598345,0.25,0.625,-0.446183443069458,-0.31525311094592323,0.05211332440376282,-0.4018276631832123,0.12215122086021811,-0.2727272727272727
2021-03-31,10,0.21342018,0.5867696,0.19981027,-0.37334937,0.71010345,0.9732686,0.2,0.6,-0.4293260395526886,-0.3225874378986191,0.0559766709804535,-0.43745190898577374,0.1259329735081849,0.25
2021-04-01,5,0.639016,0.084416755,0.2765673,0.55459917,0.30854958,0.16024953,0.8,0.0,-0.2048466384410858,-0.27176743593881836,0.7594458043575287,-0.07094010710716248,0.43600912209119863,-0.5
2021-04-06,12,0.24509491,0.32027158,0.43463352,-0.07517665,0.56385595,0.958735,0.16666666666666666,0.3333333333333333,-0.1665866419672966,-0.2600021671212744,0.0914099931716919,0.035357716182867684,0.43763932974186753,1.4
2021-04-07,8,0.3245269,0.27936533,0.39610776,0.04516155,0.6800502,0.9665544,0.25,0.25,-0.048567084223032,-0.25026119814137926,0.09372863322496414,0.17486135537425676,0.3867035460001804,-0.33333333333333337
2021-04-08,5,0.7792009,0.10631003,0.11448904,0.6728909,0.25667244,0.34826323,1.0,0.0,0.1648251198232174,-0.2140659838623833,0.5080657817423344,0.21429193392395973,0.4392057162272898,-0.375
2021-04-09,4,0.43229902,0.27315477,0.2945462,0.15914427,0.7450898,0.81679523,0.5,0.25,0.27132384702563284,-0.20618459675461054,-0.11217957958579061,0.29239890600244206,0.32607408755999334,-0.19999999999999996
2021-04-12,12,0.19462276,0.4880866,0.31729063,-0.29346386,0.6308669,0.9710051,0.16666666666666666,0.5,0.10171124264597893,-0.19797333125025035,-0.3951750986278057,0.17952377100785574,0.3606228319400464,2.0
2021-04-13,6,0.28391418,0.27165934,0.44442645,0.012254849,0.5471238,0.59726983,0.16666666666666666,0.3333333333333333,0.11919754222035409,-0.17918432224541903,-0.10694269314408303,-0.04068824648857117,0.3519160320707416,-0.5
2021-04-14,6,0.27693912,0.49352762,0.22953326,-0.2165885,0.72979647,0.9738177,0.3333333333333333,0.5,0.0668475329875946,-0.1715135918930173,-0.28343603014945984,-0.16593250135580698,0.3837147029801145,0.0
2021-04-15,8,0.4667202,0.21395762,0.3193222,0.25276256,0.6398304,0.9311391,0.375,0.25,-0.017178136110305785,-0.1162847327068448,0.2699406921863556,0.016142969330151875,0.23501178641101375,0.33333333333333326
2021-04-16,6,0.10276761,0.40012297,0.4971094,-0.29735538,0.396946,0.9275706,0.16666666666666666,0.3333333333333333,-0.10847806632518768,-0.11966643650084734,-0.18887731730937957,-0.08706044157346089,0.23804068599650255,-0.25
2021-04-19,6,0.038043913,0.57499826,0.3869578,-0.53695434,0.47235623,0.9603803,0.0,0.6666666666666666,-0.15717616379261018,-0.13888266924768686,-0.37977817952632903,-0.19384905695915222,0.30173172142051324,0.0
2021-04-20,6,0.2679814,0.67131585,0.06070276,-0.4033344,0.82040745,0.969158,0.3333333333333333,0.6666666666666666,-0.24029401540756226,-0.1732070067897439,-0.16304039359092712,-0.41254804531733197,0.3006294455476632,0.0
2021-04-21,5,0.54074895,0.38885623,0.07039483,0.15189275,0.7976406,0.8274618,0.6,0.4,-0.16659776568412782,-0.14972575698047877,0.3184905171394348,-0.2627986669540405,0.3491436224935739,-0.16666666666666663
2021-04-22,7,0.50851804,0.28839427,0.20308769,0.22012374,0.7424914,0.95465314,0.5714285714285714,0.2857142857142857,-0.1731255292892456,-0.117915497161448,0.39324926733970644,-0.010439306497573853,0.3395152647552321,0.3999999999999999
2021-04-23,5,0.40312353,0.37821978,0.2186567,0.024903763,0.8992114,0.9353427,0.4,0.4,-0.10867369994521141,-0.09378848969936371,0.13357746303081514,0.1323067508637905,0.3406225228923223,-0.2857142857142857
2021-04-26,8,0.34432638,0.373906,0.28176764,-0.029579587,0.5648523,0.95817584,0.25,0.5,-0.007198748737573623,-0.06687757708132266,-0.02238083854317665,0.07181597128510475,0.24261108433186057,0.6000000000000001
2021-04-27,7,0.7720579,0.18482566,0.04311643,0.58723223,0.6461808,0.8907903,0.8571428571428571,0.14285714285714285,0.19091457948088647,-0.02419213391840458,0.39631765261292456,0.19418546929955482,0.242703949553545,-0.125
2021-04-28,10,0.149303,0.61371094,0.23698607,-0.46440792,0.58656824,0.9638874,0.1,0.7,0.06765444502234459,-0.020165717974305154,-0.532062365859747,0.031081574658552807,0.38326896598303695,0.4285714285714286
2021-04-29,5,0.7070056,0.0339219,0.25907248,0.6730837,0.3648022,0.052281108,0.8,0.0,0.15824644193053244,0.03319197408854961,0.5148372806608676,0.2653026779492696,0.4716576026221391,-0.5
2021-04-30,7,0.48044202,0.4177305,0.10182748,0.062711515,0.8878091,0.9492218,0.42857142857142855,0.42857142857142855,0.16580799221992493,0.054995018243789676,-0.10309647768735886,0.09046243876218796,0.4692825224698211,0.3999999999999999
2021-05-04,16,0.29139322,0.4990332,0.20957357,-0.20764002,0.70979136,0.9688695,0.25,0.5625,0.1301959052681923,0.016883058845996855,-0.33783592730760575,0.17605173836151758,0.49392569102760137,1.2857142857142856
2021-05-05,7,0.44055822,0.20812933,0.35131243,0.2324289,0.5556612,0.74477607,0.42857142857142855,0.14285714285714285,0.059235237538814545,0.03226333595812321,0.17319365590810776,0.029166795313358307,0.4336596162427039,-0.5625
2021-05-06,8,0.5953677,0.2960729,0.10855937,0.29929486,0.7735075,0.94961303,0.75,0.25,0.21197579354047774,0.04497000146657228,0.08731906563043595,0.10802791019280751,0.3236590522542656,0.1428571428571428
2021-05-07,7,0.41325337,0.282442,0.30430463,0.13081138,0.6331264,0.9635774,0.42857142857142855,0.14285714285714285,0.10352132469415665,0.01786602530628443,0.02729005366563797,0.2208450436592102,0.1963262650658472,-0.125
2021-05-10,15,0.35830605,0.44899142,0.19270252,-0.09068536,0.76645267,0.9719282,0.4,0.5333333333333333,0.07284194976091385,0.00537454392760992,-0.16352730989456177,0.1131402924656868,0.21536056104457119,1.1428571428571428
2021-05-11,10,0.17375398,0.47171122,0.3545348,-0.29795724,0.5855027,0.9680082,0.1,0.5,0.05477850586175918,0.005149874649941921,-0.35273574739694596,-0.08594374110301335,0.24632861625635527,-0.33333333333333337
2021-05-12,8,0.21793006,0.6655507,0.116519235,-0.44762066,0.70313084,0.96678627,0.25,0.625,-0.0812314048409462,-0.017843900807201864,-0.3663892552256584,-0.27875442057847977,0.30457467533293464,-0.19999999999999996
2021-05-13,7,0.035186328,0.70824975,0.2565639,-0.6730634,0.38307038,0.9708711,0.0,0.7142857142857143,-0.27570305615663526,-0.04066764581948519,-0.3973603412508965,-0.4728804330031077,0.3112200529416068,-0.125
2021-05-14,4,0.10754921,0.7676347,0.12481608,-0.6600855,0.37339497,0.95717466,0.0,1.0,-0.43388243168592455,-0.08631004858762026,-0.22620306760072706,-0.593589852253596,0.24739845811671599,-0.4285714285714286
2021-05-17,8,0.16979364,0.5259675,0.30423886,-0.35617387,0.5926799,0.95755184,0.125,0.5,-0.48698013424873354,-0.08925097305327653,0.13080626130104067,-0.5631075898806254,0.17246851046349437,1.0
2021-05-18,6,0.11690884,0.70127934,0.18181181,-0.5843705,0.5669836,0.96963185,0.16666666666666666,0.6666666666666666,-0.5442627847194672,-0.09162178058177232,-0.04010770916938777,-0.5335432887077332,0.1381396633504112,-0.25
2021-05-19,7,0.3837741,0.25941068,0.3568152,0.12436346,0.64060175,0.88666075,0.42857142857142855,0.2857142857142857,-0.4298659607768059,-0.06523688714951277,0.5542294204235076,-0.27206030239661533,0.33489492908941126,0.16666666666666674
2021-05-20,6,0.21228214,0.5887256,0.19899225,-0.37644348,0.47021705,0.97204113,0.3333333333333333,0.5,-0.37054197639226916,-0.09165369849652052,-0.005901499092578866,-0.2788168365756671,0.3060762761363322,-0.1428571428571429
2021-05-21,6,0.42012468,0.24211335,0.33776203,0.17801131,0.6032334,0.9433002,0.5,0.16666666666666666,-0.20292261391878127,-0.09375931974500418,0.38093392699956896,-0.024689567585786183,0.33590354032648506,0.0
2021-05-24,7,0.06603251,0.52941835,0.40454912,-0.46338585,0.4562235,0.9390565,0.0,0.5714285714285714,-0.22436500936746598,-0.11817380040884018,-0.23902084082365035,-0.22060600419839224,0.351205431712726,0.16666666666666674
2021-05-25,5,0.07981757,0.6007678,0.3194146,-0.5209502,0.5754334,0.96088326,0.0,0.6,-0.21168095022439956,-0.14274233095347882,-0.30926924794912336,-0.2687749117612839,0.33575862595397654,-0.2857142857142857
2021-05-26,3,0.3097075,0.36230683,0.32798567,-0.05259933,0.7830129,0.9442713,0.3333333333333333,0.3333333333333333,-0.247073508054018,-0.17473390903323888,0.19447417855262755,-0.34564512595534325,0.2987697150430568,-0.4
2021-05-27,7,0.39716473,0.39676663,0.20606868,0.00039807387,0.77465326,0.9441047,0.5714285714285714,0.42857142857142855,-0.17170519818319008,-0.15149360929790417,0.17210327205248177,-0.1910504846018739,0.3054329121224018,1.3333333333333335
2021-05-28,2,0.043530684,0.8458334,0.110635936,-0.8023027,0.030845761,0.85431826,0.0,1.0,-0.3677680044318549,-0.22526293133560102,-0.4345347137306817,-0.2848346579315451,0.3377519538112363,-0.7142857142857143
2021-06-01,10,0.34978485,0.37547213,0.27474305,-0.025687259,0.7112545,0.9269893,0.3,0.4,-0.28022828613175077,-0.2296828699967591,0.25454102744115514,-0.2758639676612802,0.36258308771651787,4.0
2021-06-02,7,0.2361121,0.61517805,0.14870988,-0.37906593,0.77059877,0.94465613,0.2857142857142857,0.7142857142857143,-0.25185143266571686,-0.2382541654369561,-0.12721449817763641,-0.4023519692321618,0.34411538544654713,-0.30000000000000004
2021-06-03,8,0.608515,0.14815548,0.24332947,0.46035957,0.63437384,0.9640497,0.75,0.125,-0.1492596520925872,-0.22685763144108934,0.609619225456845,0.018535461276769638,0.47132243297266746,0.1428571428571428
2021-06-04,5,0.36268705,0.4083106,0.22900243,-0.04562354,0.8554575,0.95955366,0.4,0.4,-0.15846397504210472,-0.2441035514435498,0.11284043416380882,0.011890033880869547,0.46810756084895794,-0.375
2021-06-07,7,0.30077618,0.5552158,0.14400807,-0.2544396,0.80855423,0.9536808,0.2857142857142857,0.7142857142857143,-0.04889134988188744,-0.263366099979612,-0.20554824247956277,0.05343214670817057,0.3206052655331273,0.3999999999999999
2021-06-08,8,0.37484163,0.4469859,0.17817247,-0.07214427,0.7233159,0.96789116,0.5,0.375,-0.05818275213241577,-0.2624390454700915,-0.013961517810821535,-0.1240691343943278,0.3204378109769228,0.1428571428571428
2021-06-09,2,0.37216175,0.53633744,0.09150083,-0.16417566,1.0438828,0.92356604,0.5,0.5,-0.015204697847366333,-0.25574996636423747,-0.14897096157073975,-0.16358650724093118,0.2782779541570454,-0.75
2021-06-10,5,0.21933639,0.5231081,0.25755548,-0.30377173,0.73652077,0.962807,0.2,0.6,-0.1680309593677521,-0.2485575200727908,-0.1357407748699188,-0.18003055453300476,0.11189806350634035,1.5
2021-06-11,5,0.7115468,0.17412473,0.11432849,0.53742206,0.6412432,0.77510476,0.8,0.2,-0.05142183899879456,-0.18803324715408962,0.5888438999652863,0.023158222436904907,0.340872651989427,0.0
2021-06-14,8,0.22935665,0.6062923,0.16435105,-0.37693566,0.66074014,0.96555924,0.25,0.625,-0.07592105269432067,-0.1738757552317111,-0.3010146081447601,-0.047761778036753334,0.3628080216062533,0.6000000000000001
2021-06-15,7,0.30992863,0.43523344,0.25483793,-0.12530482,0.8256679,0.9662043,0.2857142857142857,0.42857142857142855,-0.08655316233634949,-0.1623323024919955,-0.038751655817031855,0.01172719399134318,0.36344804497793776,-0.125
2021-06-16,6,0.35317552,0.29936212,0.3474624,0.053813398,0.6076234,0.66713846,0.3333333333333333,0.3333333333333333,-0.04295535087585449,-0.1304231079033343,0.09676874876022339,-0.14947569370269775,0.3648806650630468,-0.1428571428571429
2021-06-17,5,0.20923015,0.51365596,0.27711385,-0.3044258,0.3327088,0.7883586,0.2,0.6,-0.04308616518974304,-0.15186257117602509,-0.2613396406173706,-0.12530574202537537,0.3649976460052528,-0.16666666666666663
2021-06-18,5,0.11694975,0.76745427,0.11559598,-0.65050447,0.61989635,0.97077537,0.2,0.8,-0.2806714713573456,-0.16556562089535873,-0.3698329985141754,-0.30037229259808856,0.26581310824109233,0.0
2021-06-21,9,0.28715014,0.45462978,0.25822008,-0.16747965,0.66280913,0.95490986,0.2222222222222222,0.4444444444444444,-0.23878026902675628,-0.18284016900870484,0.07130061984062194,-0.37413664162158966,0.2633427729773093,0.8
2021-06-22,6,0.39206052,0.35346985,0.25446966,0.0385907,0.7949003,0.9276774,0.3333333333333333,0.3333333333333333,-0.20600116550922393,-0.157741341527435,0.24459186494350432,-0.259797806541125,0.2898634559471696,-0.33333333333333337
2021-06-23,6,0.2653251,0.425781,0.30889395,-0.16045591,0.7184218,0.9081219,0.3333333333333333,0.5,-0.24885502755641936,-0.13971662723633926,0.08839911520481109,-0.09644828736782074,0.2556715606234562,0.0
2021-06-24,3,0.6781316,0.17165361,0.15021478,0.50647795,0.6899357,0.47801578,0.6666666666666666,0.3333333333333333,-0.08667427599430085,-0.11176276316109579,0.5931522279977799,0.12820424636205038,0.41755197442226066,-0.5
2021-06-25,4,0.48946366,0.36017883,0.15035756,0.12928483,0.62982297,0.8456668,0.75,0.25,0.06928358376026153,-0.10531842540949583,0.06000124514102936,0.15843562285105386,0.2759158307977616,0.33333333333333326
2021-06-28,10,0.16308618,0.46181807,0.37509573,-0.2987319,0.6193203,0.95847183,0.1,0.5,0.043033134937286374,-0.08013988416641951,-0.3417650282382965,0.11234362920125325,0.3084036783598908,1.5
2021-06-29,6,0.2676575,0.4975752,0.23476727,-0.22991772,0.7760993,0.95893115,0.3333333333333333,0.5,-0.010668548941612243,-0.09035140722990036,-0.21924917101860047,-0.13312159478664398,0.3318562923173882,-0.4
2021-06-30,8,0.27366772,0.6851718,0.041160524,-0.41150406,0.7366118,0.96457005,0.375,0.625,-0.06087817847728729,-0.09197331368923187,-0.35062588155269625,-0.31338455776373547,0.3762121121203383,0.33333333333333326
2021-07-01,10,0.32499442,0.46321732,0.21178825,-0.13822289,0.7692648,0.95514286,0.4,0.5,-0.18981834650039672,-0.12190243676304817,0.05159545838832855,-0.25988155603408813,0.2043915384069418,0.25
2021-07-02,5,0.3617688,0.27783763,0.36039355,0.08393121,0.6614457,0.95689976,0.4,0.2,-0.19888907074928283,-0.11542469933629036,0.2828202784061432,-0.15526524682839712,0.18695199620977945,-0.5
2021-07-05,10,0.3757648,0.22207773,0.40215746,0.15368709,0.6418638,0.972614,0.4,0.2,-0.10840527415275573,-0.09501836523413658,0.2620923638343811,0.03313180307547251,0.2308727831532894,1.0
2021-07-06,5,0.20674157,0.67733413,0.11592431,-0.47059256,0.7948545,0.96115655,0.2,0.8,-0.15654024183750154,-0.1149407796561718,-0.3140523165464401,-0.07765808701515198,0.28197448767857397,-0.5
2021-07-07,6,0.1453252,0.33777037,0.5169044,-0.1924452,0.49485385,0.9600997,0.16666666666666666,0.3333333333333333,-0.11272847056388854,-0.11635425686836243,-0.0797167330980301,-0.16978355745474497,0.24734778551264824,0.19999999999999996
2021-07-08,7,0.2390838,0.43408075,0.32683545,-0.19499697,0.60175186,0.9674799,0.14285714285714285,0.42857142857142855,-0.12408328652381898,-0.1109155185520649,-0.0709136813879013,-0.28601157665252686,0.25009857511308115,0.16666666666666674
2021-07-09,4,0.028024668,0.70168155,0.2702938,-0.6736569,0.44349527,0.9702665,0.0,0.75,-0.2756009042263031,-0.1714694656431675,-0.3980559766292572,-0.3536996841430664,0.3139149377302147,-0.4285714285714286
2021-07-12,10,0.30625904,0.3232268,0.37051415,-0.016967773,0.670418,0.9604807,0.3,0.3,-0.30973187685012815,-0.15347107127308846,0.29276410341262815,-0.2952072074015935,0.2602636407028176,1.5
2021-07-13,7,0.3445685,0.43386382,0.2215677,-0.08929533,0.61201394,0.92597425,0.42857142857142855,0.42857142857142855,-0.23347243070602416,-0.15167059674859046,0.14417710304260253,-0.25997332731882733,0.2571902255191352,-0.30000000000000004
2021-07-14,6,0.46877363,0.2483487,0.28287765,0.22042497,0.59782827,0.92147833,0.5,0.16666666666666666,-0.15089839696884155,-0.1433400183916092,0.371323361992836,0.03805395464102427,0.3297099125230209,-0.1428571428571429
2021-07-15,6,0.28138977,0.68334055,0.03526965,-0.4019508,0.8197415,0.9601957,0.3333333333333333,0.6666666666666666,-0.19228916466236115,-0.14821626842021943,-0.2096616417169571,-0.09027372300624847,0.3490527022256307,0.0
2021-07-16,3,0.5729243,0.10509514,0.32198057,0.4678292,0.36298904,0.22090429,0.6666666666666666,0.0,0.03600805103778839,-0.092299585044384,0.431821146607399,0.0954344520966212,0.32817466245293847,-0.5
2021-07-19,10,0.092352405,0.65651286,0.25113475,-0.56416047,0.47021535,0.96779275,0.1,0.6,-0.07343048751354217,-0.11213362589478493,-0.49072997868061063,-0.16609402497609457,0.42670431178999557,2.3333333333333335
2021-07-20,3,0.11297387,0.58290714,0.304119,-0.46993327,0.5742233,0.97207266,0.0,0.6666666666666666,-0.14955807626247405,-0.137559824436903,-0.320375195145607,-0.18875484665234885,0.4626802336496018,-0.7
2021-07-21,7,0.2859156,0.4612295,0.25285488,-0.1753139,0.76980346,0.9607863,0.2857142857142857,0.42857142857142855,-0.22870585024356843,-0.13830272406339644,0.053391945362091076,-0.40313588082790375,0.4149536286374826,1.3333333333333335
2021-07-22,8,0.30096605,0.41713268,0.28190124,-0.1161666,0.54839337,0.9312978,0.375,0.375,-0.1715490087866783,-0.1694349516183138,0.0553824096918106,-0.2538045917948087,0.4046797503192022,0.1428571428571428
2021-07-23,6,0.46575096,0.29758087,0.23666818,0.1681701,0.8384326,0.97089404,0.5,0.3333333333333333,-0.23148082941770554,-0.16749068833887576,0.3996509239077568,-0.041103469828764595,0.29313318812615496,-0.25
2021-07-26,10,0.3217184,0.29882318,0.37945837,0.022895206,0.6611983,0.9337078,0.4,0.3,-0.11406969502568245,-0.15140933338552715,0.13696490079164506,0.024966233720382053,0.23917191415274947,0.6666666666666667
2021-07-27,9,0.12986642,0.6237379,0.24639572,-0.49387142,0.52639914,0.9668465,0.1111111111111111,0.6666666666666666,-0.11885732486844063,-0.16460701841861008,-0.3750140957534313,-0.10093537345528603,0.24814747472550283,-0.09999999999999998
2021-07-28,7,0.27088928,0.38924217,0.33986855,-0.11835289,0.6531088,0.871352,0.2857142857142857,0.42857142857142855,-0.10746512189507484,-0.14994945991784334,-0.010887768119573593,-0.19644303495685259,0.24620757220046957,-0.2222222222222222
2021-07-29,9,0.39447176,0.4841793,0.12134891,-0.08970752,0.81226194,0.9682533,0.4444444444444444,0.4444444444444444,-0.10217330679297447,-0.14752369169145824,0.012465783208608625,-0.23397727807362875,0.24625813412572267,0.2857142857142858
2021-07-30,5,0.48563892,0.31351346,0.20084766,0.17212547,0.7533167,0.9660679,0.4,0.4,-0.10138223096728324,-0.14311397839337586,0.27350770458579066,-0.011978313326835632,0.2473476358313694,-0.4444444444444444
2021-08-02,8,0.29809195,0.43772194,0.26418608,-0.13962997,0.75149846,0.9642335,0.25,0.5,-0.13388726711273194,-0.15777983162552117,-0.005742707848548884,-0.019070674975713093,0.23741236992363662,0.6000000000000001
2021-08-03,3,0.80096704,0.065249026,0.13378397,0.735718,0.18499719,0.091485076,1.0,0.0,0.11203061938285827,-0.09746430311352014,0.6236873924732208,0.25607117017110187,0.37071055066974856,-0.625
2021-08-04,7,0.3472484,0.44542235,0.20732924,-0.09817392,0.80819964,0.9570764,0.2857142857142857,0.42857142857142855,0.11606641411781311,-0.09275073874741793,-0.21424033045768737,0.165971373518308,0.36767281540517033,1.3333333333333335
2021-08-05,6,0.345243,0.43021312,0.22454387,-0.08497012,0.723126,0.9672688,0.3333333333333333,0.5,0.11701389551162719,-0.08724939618259668,-0.2019840121269226,0.18419132630030313,0.3670154906126728,-0.1428571428571429
2021-08-06,5,0.5195245,0.21777244,0.262703,0.30175206,0.5940426,0.5152909,0.4,0.4,0.14293921291828154,-0.03847894910722971,0.15881284773349763,0.03953600923220316,0.3763415252810219,-0.16666666666666663
2021-08-09,7,0.22246997,0.5533968,0.22413318,-0.33092687,0.6066896,0.9595015,0.2857142857142857,0.5714285714285714,0.10467983484268188,-0.05417690370231867,-0.43560670018196107,-0.0380483071009318,0.4194986855563468,0.3999999999999999
2021-08-10,7,0.2595366,0.2824387,0.45802468,-0.022902092,0.3873534,0.74917704,0.14285714285714285,0.2857142857142857,-0.0470441859215498,-0.050857241917401555,0.02414209395647049,-0.017358965550859768,0.22742232935074488,0.0
2021-08-11,3,0.63671494,0.028022699,0.3352624,0.6086922,0.2943629,0.053767554,0.6666666666666666,0.0,0.09432904310524463,-0.03144387872889638,0.5143631856888533,0.08495442382991314,0.36548861486147693,-0.5714285714285714
2021-08-12,8,0.48583248,0.28406382,0.23010372,0.20176864,0.75442344,0.93567127,0.625,0.25,0.15167679376900195,-0.001257906574755907,0.05009184293448926,0.2625195911775033,0.3525900471647443,1.6666666666666665
2021-08-13,3,0.0861237,0.38271666,0.53115964,-0.29659295,0.5798119,0.9717172,0.0,0.3333333333333333,0.032007791474461554,-0.03947901399806142,-0.3286007422953844,0.17128930489222208,0.3886189628262085,-0.625
2021-08-16,8,0.034072097,0.4450939,0.520834,-0.4110218,0.45048434,0.93147606,0.0,0.5,0.015988804772496222,-0.03182208063080907,-0.42701060362160204,-0.16861537098884583,0.40846340294555267,1.6666666666666665
2021-08-17,5,0.20891741,0.7593292,0.031753432,-0.5504118,0.8234981,0.9737787,0.2,0.8,-0.08951314091682434,-0.035846008080989124,-0.4608986794948578,-0.41934219002723694,0.48244514450408166,-0.375
2021-08-18,9,0.32666004,0.4815323,0.19180763,-0.15487233,0.771189,0.9681138,0.3333333333333333,0.4444444444444444,-0.2422260522842407,-0.03482392923906445,0.0873537242412567,-0.37210198243459064,0.2877447603255885,0.8
2021-08-19,6,0.25931677,0.5080019,0.23268132,-0.24868512,0.7907992,0.9738507,0.3333333333333333,0.5,-0.33231680393218993,-0.04144985536113381,0.08363168239593505,-0.3179897566636403,0.15290267038474878,-0.33333333333333337
2021-08-20,5,0.36907166,0.59138674,0.039541632,-0.22231507,0.9425518,0.95800525,0.4,0.6,-0.3174612283706665,-0.06097411373630166,0.09514615535736082,-0.20862417419751486,0.16065308349115426,-0.16666666666666663
2021-08-23,6,0.392423,0.3403288,0.26724818,0.05209416,0.7500561,0.91072917,0.3333333333333333,0.3333333333333333,-0.22483803629875182,-0.059514165949076415,0.27693219780921935,-0.13963534434636435,0.21688705599623465,0.19999999999999996
2021-08-24,7,0.022345532,0.7882978,0.18935668,-0.7659522,0.33908528,0.9673977,0.0,0.8571428571428571,-0.2679461181163788,-0.07311820639297366,-0.4980061113834381,-0.3120577136675517,0.30235522478820576,0.16666666666666674
2021-08-25,4,0.14528508,0.5083084,0.34640646,-0.36302337,0.6635237,0.9578625,0.25,0.5,-0.30957632660865786,-0.0853517304174602,-0.05344704389572141,-0.35896047949790955,0.2971798102376076,-0.4285714285714286
2021-08-26,8,0.09959816,0.39137968,0.5090221,-0.29178154,0.5312868,0.97246,0.0,0.375,-0.3181956112384796,-0.0954554314725101,0.026414066553115845,-0.47358571489651996,0.29559296909869176,1.0
2021-08-27,5,0.39147335,0.26918778,0.33933887,0.12228557,0.6609024,0.8663802,0.4,0.2,-0.24927548319101334,-0.09794742679223419,0.37156105041503906,-0.17750644932190576,0.3572749236376986,-0.375
2021-08-31,11,0.30926293,0.3941314,0.29660568,-0.08486849,0.56307554,0.9128743,0.2727272727272727,0.36363636363636365,-0.27666801363229754,-0.09520935257896782,0.19179952293634417,-0.08478815605243047,0.3328046450454019,1.2000000000000002
2021-09-01,8,0.21408498,0.5919566,0.1939584,-0.37787163,0.6541242,0.9562877,0.25,0.625,-0.1990518942475319,-0.1508888348005712,-0.17881973832845688,-0.11348485201597214,0.21433475319208017,-0.2727272727272727
2021-09-02,5,0.4006856,0.5762054,0.02310904,-0.17551973,0.99946254,0.96692735,0.4,0.6,-0.16155116707086564,-0.15475612571462988,-0.013968567550182331,-0.21275328596433005,0.19390277236322745,-0.375
2021-09-03,6,0.36373082,0.4706017,0.16566743,-0.10687089,0.88208747,0.96666384,0.3333333333333333,0.5,-0.12456903606653214,-0.15585116436704993,0.017698146402835846,-0.22008741895357767,0.17998939686561002,0.19999999999999996
2021-09-06,13,0.16290896,0.5381516,0.2989394,-0.37524268,0.613665,0.97026855,0.15384615384615385,0.6153846153846154,-0.22407468557357788,-0.18970090141519905,-0.15116799473762513,-0.21921110153198242,0.14315895123101283,1.1666666666666665
2021-09-07,6,0.09341387,0.7294604,0.17712574,-0.6360466,0.30734354,0.9269821,0.0,0.8333333333333334,-0.3343103051185608,-0.2049568875692785,-0.3017362833023071,-0.37272005279858905,0.20709959333086134,-0.5384615384615384
2021-09-08,6,0.19989236,0.6496939,0.1504137,-0.4498016,0.7979486,0.96958923,0.16666666666666666,0.6666666666666666,-0.34869629740715025,-0.22630186267197133,-0.10110529661178591,-0.487030287583669,0.21328785181217685,0.0
2021-09-09,5,0.27122882,0.53868604,0.19008514,-0.2674572,0.7959121,0.95541936,0.2,0.6,-0.3670837879180908,-0.27010933347046373,0.09962660074234009,-0.4511017898718516,0.1980441888941351,-0.16666666666666663
2021-09-10,6,0.029014757,0.81968933,0.1512959,-0.7906746,0.31499162,0.97499824,0.0,0.8333333333333334,-0.5038445353507995,-0.3197314966470003,-0.28683009147644045,-0.5026444693406423,0.20921695630193451,0.19999999999999996
2021-09-13,9,0.16272146,0.55504256,0.28223598,-0.39232117,0.54068696,0.96385574,0.1111111111111111,0.5555555555555556,-0.5072602331638336,-0.32451790757477283,0.11493906378746033,-0.48348432779312134,0.20671697335842604,0.5
2021-09-14,8,0.4223056,0.47329867,0.104395725,-0.050993025,0.81892776,0.96025896,0.5,0.5,-0.3902495205402374,-0.30651646889746187,0.33925649523735046,-0.41132960716883343,0.271138310472394,-0.11111111111111116
2021-09-15,6,0.36267567,0.2787523,0.358572,0.08392339,0.49571446,0.7273224,0.3333333333333333,0.3333333333333333,-0.28350452333688736,-0.2747997082769871,0.36742791533470154,-0.1197969342271487,0.33852066517894736,-0.25
2021-09-16,5,0.048285894,0.91818076,0.033533387,-0.8698948,0.109558195,0.9630109,0.0,1.0,-0.4039920464158058,-0.31055083200335504,-0.4659027561545372,-0.27898814529180527,0.42702306422075864,-0.16666666666666663
2021-09-17,5,0.04878985,0.87616026,0.07504994,-0.82737035,0.246772,0.9698892,0.0,1.0,-0.41133119016885755,-0.3394850932061672,-0.4160391554236412,-0.5377805853883425,0.4355603404153405,0.0
2021-09-20,11,0.08487526,0.50542134,0.40970343,-0.42054605,0.47760323,0.9575406,0.0,0.45454545454545453,-0.41697616726160047,-0.34939664229750633,-0.0035698875784874184,-0.7059370676676432,0.4354352548253872,1.2000000000000002
2021-09-21,7,0.24066775,0.28335577,0.47597647,-0.04268801,0.49576223,0.946836,0.14285714285714285,0.2857142857142857,-0.41531516388058665,-0.3541357507929206,0.37262715548276903,-0.4302014696101348,0.43719263934389074,-0.36363636363636365
2021-09-22,10,0.03607022,0.6695076,0.29442212,-0.6334374,0.39686444,0.9629594,0.0,0.7,-0.5587873212993145,-0.347510009072721,-0.07465007379651067,-0.36555715277791023,0.33910414620318,0.4285714285714286
2021-09-23,7,0.18204378,0.5488606,0.26909566,-0.3668168,0.46536154,0.9715935,0.14285714285714285,0.5714285714285714,-0.4581717185676098,-0.34769967999309304,0.09135492965579034,-0.34764739746848744,0.2955561751705438,-0.30000000000000004
2021-09-24,5,0.26904568,0.34601477,0.38493958,-0.07696909,0.7142173,0.93327284,0.2,0.4,-0.3080914668738842,-0.3369590571150184,0.23112237975001337,-0.3590744237105052,0.24789172082084182,-0.2857142857142857
2021-09-27,10,0.32845792,0.41482273,0.25671938,-0.08636478,0.65672946,0.9219578,0.3,0.4,-0.24125521257519722,-0.3473915746435523,0.15489042922854424,-0.1767168864607811,0.25494238780360523,1.0
2021-09-28,7,0.3646369,0.49109155,0.14427154,-0.12645464,0.85418785,0.9563837,0.42857142857142855,0.5714285714285714,-0.2580085381865501,-0.34947088193148373,0.1315539017319679,-0.09659616897503535,0.24100277617883326,-0.30000000000000004
2021-09-29,4,0.022771664,0.71018654,0.2670418,-0.6874149,0.46248162,0.94330895,0.0,0.75,-0.26880403608083725,-0.36494804453104734,-0.4186108484864235,-0.3000781014561653,0.2622925953689492,-0.4285714285714286
2021-09-30,6,0.3304319,0.3469901,0.32257798,-0.01655821,0.7743647,0.94806004,0.3333333333333333,0.3333333333333333,-0.1987523201853037,-0.35699996827170255,0.18219411075115205,-0.27680924348533154,0.2759868045691393,0.5
2021-10-01,5,0.015844056,0.937904,0.046251908,-0.92206,0.04986931,0.9648312,0.0,1.0,-0.36777050532400607,-0.39775942442938683,-0.5542895074933767,-0.5420110356062651,0.4093232197826922,-0.16666666666666663
2021-10-04,14,0.09058626,0.5271355,0.3822782,-0.43654922,0.4673277,0.9519825,0.07142857142857142,0.5714285714285714,-0.4378073919564486,-0.40082475123926997,0.0012581754475832208,-0.4583891462534666,0.3778880443722411,1.7999999999999998
2021-10-05,9,0.2747982,0.6381662,0.08703559,-0.36336797,0.7901111,0.96548325,0.3333333333333333,0.6666666666666666,-0.4851900596171618,-0.38719082055613396,0.12182208485901358,-0.5739924013614655,0.34226181455827676,-0.3571428571428571
2021-10-06,2,0.023511201,0.9475125,0.028976286,-0.92400134,0.05225046,0.96882,0.0,1.0,-0.5325073499232531,-0.41090080766007303,-0.3914939861744642,-0.5746395091215769,0.39020456992125896,-0.7777777777777778
2021-10-07,8,0.28364766,0.48123306,0.23511931,-0.1975854,0.7702501,0.96546346,0.25,0.5,-0.5687127888202668,-0.4074072184972465,0.3711273849010468,-0.4949849049250285,0.3348333357301799,3.0
2021-10-08,9,0.036081955,0.68324065,0.28067744,-0.6471587,0.38108474,0.95590353,0.0,0.7777777777777778,-0.513732522726059,-0.4002314212732017,-0.13342615962028503,-0.5895818074544271,0.28046336662320304,0.125
2021-10-11,13,0.18294443,0.4378671,0.3791885,-0.25492266,0.59458417,0.9559494,0.15384615384615385,0.46153846153846156,-0.4774072110652924,-0.39336149571463463,0.22248455286026003,-0.3665555814901988,0.30375419418873906,0.4444444444444444
2021-10-12,10,0.17716993,0.57475567,0.24807441,-0.39758572,0.66581917,0.9676865,0.2,0.6,-0.48425076007843015,-0.4106911304406822,0.08666504025459287,-0.43322235345840454,0.3009147695693989,-0.23076923076923073
2021-10-13,7,0.38357076,0.42055824,0.19587097,-0.036987443,0.87054443,0.95734376,0.42857142857142855,0.42857142857142855,-0.3068479813635349,-0.41673667216673493,0.2698605388402939,-0.22983194018403688,0.22994780430695935,-0.30000000000000004
2021-10-14,5,0.28152257,0.45590082,0.26257664,-0.17437826,0.742034,0.9400696,0.4,0.4,-0.30220655277371405,-0.38196084508672357,0.1278282918035984,-0.202983807772398,0.23291960657967936,-0.2857142857142857
2021-10-15,4,0.06839278,0.42506126,0.50654596,-0.3566685,0.2802865,0.7843241,0.0,0.5,-0.24410851672291756,-0.3584257529117167,-0.1125599853694439,-0.1893447351952394,0.1450029273661628,-0.19999999999999996
2021-10-18,9,0.09988006,0.5679867,0.33213317,-0.4681067,0.44985825,0.9624317,0.1111111111111111,0.4444444444444444,-0.28674532249569895,-0.36080378452315925,-0.18136136457324026,-0.3330511500438054,0.17682770173877407,1.25
2021-10-19,5,0.3835794,0.27862495,0.33779564,0.10495446,0.59892046,0.8666128,0.2,0.4,-0.18623728677630424,-0.3534216611646116,0.2911917455494404,-0.2399402434627215,0.23222076950296974,-0.4444444444444444
2021-10-20,9,0.40578145,0.4178045,0.17641404,-0.012023038,0.7385131,0.89972186,0.4444444444444444,0.4444444444444444,-0.18124440591782331,-0.32235094332136216,0.16922136768698692,-0.1250584221755465,0.2364616180506728,0.8
2021-10-21,7,0.1911548,0.67484826,0.13399689,-0.48369354,0.7102122,0.9714792,0.14285714285714285,0.7142857142857143,-0.24310746174305678,-0.3281947808805853,-0.24058607835322618,-0.13025403985132775,0.27200621945244474,-0.2222222222222222
2021-10-22,7,0.23644185,0.52783424,0.2357239,-0.2913924,0.75358766,0.96342653,0.2857142857142857,0.5714285714285714,-0.23005223851650952,-0.33891594582237305,-0.06134014744311572,-0.2623696547622482,0.2667080161136681,0.0
2021-10-25,8,0.2696512,0.34119782,0.38915095,-0.07154661,0.66539437,0.8883801,0.25,0.375,-0.15074022244662047,-0.3381750369910151,0.0791936157271266,-0.2822108442584674,0.23533741670608438,0.1428571428571428
2021-10-26,7,0.14408456,0.46758285,0.3883326,-0.32349828,0.24258308,0.73416984,0.0,0.5714285714285714,-0.23643076997250317,-0.34802721911109985,-0.08706750888377429,-0.2288124238451322,0.19318774882320702,-0.125
2021-10-27,7,0.42294893,0.4454687,0.13158241,-0.022519767,0.91186786,0.9689132,0.42857142857142855,0.42857142857142855,-0.23853011578321456,-0.31478246324695647,0.21601034849882125,-0.13918821762005487,0.1901729975068372,0.0
2021-10-28,6,0.33509347,0.5648424,0.100064136,-0.22974896,0.865914,0.9454019,0.3333333333333333,0.6666666666666666,-0.18774120062589644,-0.3254420009907335,-0.04200776368379594,-0.19192233681678772,0.13391929510804926,-0.1428571428571429
2021-10-29,7,0.321805,0.3182175,0.3599775,0.0035875402,0.6895698,0.9026642,0.2857142857142857,0.2857142857142857,-0.12874521538615227,-0.27915962333790956,0.13233275562524796,-0.08289373045166333,0.14159625515599186,0.16666666666666674
2021-11-01,15,0.25861317,0.42325452,0.3181323,-0.16464135,0.7291852,0.96755475,0.26666666666666666,0.4,-0.14736416414380074,-0.2655642300378531,-0.017277186363935465,-0.13026759152611098,0.1382764652027495,1.1428571428571428
2021-11-02,7,0.26285034,0.5738662,0.16328354,-0.3110158,0.83606434,0.963278,0.2857142857142857,0.5714285714285714,-0.14486767128109931,-0.26294662202708424,-0.16614814326167107,-0.15735654160380363,0.13435865923486273,-0.5333333333333333
2021-11-03,10,0.25337225,0.546692,0.19993576,-0.29331976,0.7269528,0.9629175,0.2,0.5,-0.1990276701748371,-0.23141254330985248,-0.09429209157824517,-0.256325642267863,0.1270939449755829,0.4285714285714286
2021-11-04,9,0.14161795,0.3974017,0.46098036,-0.25578374,0.45726687,0.9600832,0.1111111111111111,0.3333333333333333,-0.20423462465405465,-0.2343224599491805,-0.05154911205172538,-0.2867064376672109,0.1291833722831883,-0.09999999999999998
2021-11-05,6,0.28633344,0.60966426,0.10400226,-0.32333085,0.799359,0.963558,0.3333333333333333,0.6666666666666666,-0.26961830258369446,-0.21813106830231846,-0.053712546825408936,-0.2908114492893219,0.06397676634885151,-0.33333333333333337
2021-11-08,7,0.10696732,0.78167856,0.111354165,-0.6747112,0.584046,0.9669543,0.14285714285714285,0.8571428571428571,-0.37163227796554565,-0.23912049676291644,-0.30307894945144653,-0.41794193784395856,0.17133152654037073,0.16666666666666674
2021-11-09,7,0.2972279,0.34266853,0.3601036,-0.04544064,0.682939,0.9607739,0.2857142857142857,0.2857142857142857,-0.31851724311709406,-0.2215132427867502,0.27307660281658175,-0.34782757237553596,0.2269573540098259,0.0
2021-11-10,8,0.49018618,0.2771244,0.23268941,0.21306178,0.58661914,0.9688787,0.625,0.125,-0.21724093481898307,-0.2090107816737145,0.43030271455645563,-0.16903002932667732,0.3304146839639629,0.1428571428571428
2021-11-11,6,0.056904424,0.89692825,0.046167314,-0.8400238,0.11749576,0.96688676,0.0,1.0,-0.33408895060420035,-0.24229305940680207,-0.505934865027666,-0.22413422539830208,0.4343964573427191,-0.25
2021-11-12,7,0.24879633,0.25089765,0.50030607,-0.0021013278,0.5950025,0.94260514,0.2857142857142857,0.14285714285714285,-0.26984304627403616,-0.2245647006900981,0.26774171851575373,-0.20968778788422546,0.4594190604647286,0.16666666666666674
2021-11-15,11,0.42303574,0.34173328,0.23523098,0.08130245,0.76833236,0.9656135,0.36363636363636365,0.36363636363636365,-0.11864031096920372,-0.19709424388129265,0.19994276007637382,-0.25360756476099294,0.41513162716160495,0.5714285714285714
2021-11-16,7,0.4861751,0.40161252,0.11221242,0.084562555,0.8043904,0.82889384,0.5714285714285714,0.42857142857142855,-0.09263967191800475,-0.19811383907217534,0.17720222687348725,0.054587892101456724,0.4248205851468401,-0.36363636363636365
2021-11-17,5,0.21612892,0.6416554,0.14221567,-0.42552644,0.36013335,0.9368596,0.0,1.0,-0.2203573158942163,-0.21878900916781277,-0.2051691242493689,-0.08655381202697754,0.40549086249237726,-0.2857142857142857
2021-11-18,7,0.27366278,0.42541185,0.30092543,-0.15174906,0.7104441,0.9582486,0.2857142857142857,0.42857142857142855,-0.08270236467942596,-0.20219178514089436,-0.06904669487848877,-0.16423764824867249,0.21428220424822564,0.3999999999999999
2021-11-19,7,0.21966687,0.73505294,0.045280214,-0.51538604,0.69351786,0.9664815,0.2857142857142857,0.7142857142857143,-0.18535930812358856,-0.21339146809186788,-0.3300267368555069,-0.3642205148935318,0.2791477440748564,0.0
2021-11-22,14,0.13482942,0.51542693,0.3497436,-0.38059753,0.6131352,0.96281296,0.14285714285714285,0.5714285714285714,-0.2777393043041229,-0.22884401434566826,-0.1028582274913788,-0.3492442121108373,0.24291614027783134,1.0
2021-11-23,7,0.26140997,0.3955161,0.34307393,-0.13410614,0.6717724,0.97097576,0.14285714285714285,0.2857142857142857,-0.3214730441570282,-0.21937440761830657,0.18736689984798433,-0.3433632403612137,0.17017465458280878,-0.5
2021-11-24,6,0.16543661,0.5311752,0.30338815,-0.36573863,0.64953065,0.96820414,0.0,0.5,-0.3095154821872711,-0.2365353507688269,-0.05622314810752871,-0.2934807687997818,0.16298394760527452,-0.1428571428571429
2021-11-25,4,0.2985992,0.48718405,0.21421677,-0.18858482,0.61009717,0.95901054,0.25,0.5,-0.31688263416290285,-0.23447714352514595,0.12829781472682955,-0.229476531346639,0.154691366235332,-0.33333333333333337
2021-11-26,8,0.15010929,0.590694,0.2591967,-0.44058472,0.46644112,0.9650405,0.125,0.5,-0.3019223690032959,-0.25668575649615377,-0.1386623501777649,-0.33163605630397797,0.13275657160284304,1.0
2021-11-29,12,0.29504833,0.4626859,0.24226578,-0.16763754,0.7370278,0.9515104,0.3333333333333333,0.5,-0.25933037102222445,-0.2568355660652742,0.0916928291320801,-0.26560236016909283,0.13534167069614425,0.5
2021-11-30,2,0.080620684,0.7940596,0.12531973,-0.71343887,0.23571317,0.9152221,0.0,1.0,-0.37519691586494447,-0.27695671876426786,-0.3382419526576996,-0.4405537098646164,0.22174174775204053,-0.8333333333333334
2021-12-01,5,0.4164453,0.3298089,0.25374573,0.08663645,0.74641466,0.97450453,0.6,0.2,-0.2847219005227089,-0.2579589083557948,0.3713583469390869,-0.2648133213321368,0.30370609317594144,1.5
2021-12-02,8,0.23509084,0.20283608,0.5620731,0.032254748,0.46796566,0.9575558,0.25,0.125,-0.2405539870262146,-0.24355698411818594,0.2728087350726128,-0.19818255801995596,0.3355694408739607,0.6000000000000001
2021-12-03,4,0.08290214,0.46654224,0.45055556,-0.3836401,0.5611454,0.9428078,0.0,0.5,-0.2291650652885437,-0.2465724471723661,-0.1544750452041626,-0.08824963867664337,0.3279634910414499,-0.5
2021-12-06,15,0.4592687,0.39712426,0.14360705,0.062144443,0.80259764,0.9460962,0.5333333333333333,0.4,-0.1832086682319641,-0.20972966363187878,0.2453531116247177,-0.09641363968451817,0.35382052208177134,2.75
2021-12-07,7,0.23972377,0.4956899,0.26458636,-0.25596613,0.6282162,0.90826356,0.14285714285714285,0.5714285714285714,-0.09171411991119385,-0.2202559379627928,-0.16425200700759887,-0.19248726467291513,0.21392122850305864,-0.5333333333333333
2021-12-08,5,0.03697977,0.69883,0.26419023,-0.6618502,0.39041832,0.9463238,0.0,0.8,-0.24141145199537278,-0.26400153764989226,-0.4204387620091438,-0.28522396584351856,0.301765203896196,-0.2857142857142857
2021-12-09,8,0.12687057,0.5953136,0.27781582,-0.46844304,0.51537925,0.97019607,0.125,0.625,-0.34155100882053374,-0.24542249867226928,-0.126892027258873,-0.46208645900090534,0.26961057566922136,0.6000000000000001
2021-12-10,8,0.25182417,0.44057083,0.307605,-0.18874665,0.6236221,0.9503086,0.25,0.5,-0.30257231593132017,-0.2547547645866871,0.11382566988468168,-0.43967996537685394,0.2760165023858009,0.0
2021-12-13,11,0.22058815,0.3791689,0.40024292,-0.15858077,0.5769693,0.95131165,0.2727272727272727,0.2727272727272727,-0.34671735763549805,-0.2667489252984524,0.18813659250736237,-0.2719234824180603,0.2137239849623206,0.375
2021-12-14,8,0.19467793,0.49712446,0.3081976,-0.30244654,0.66424394,0.9544292,0.125,0.5,-0.35601344108581545,-0.28609938025474546,0.05356689691543581,-0.2165913184483846,0.2097640342166569,-0.2727272727272727
2021-12-15,10,0.27334976,0.3976447,0.32900554,-0.12429495,0.5839417,0.9411503,0.3,0.4,-0.24850238859653473,-0.2710378058254719,0.12420743703842163,-0.19510742028554282,0.13997142108864383,0.25
2021-12-16,10,0.29492825,0.4965969,0.20847484,-0.2016687,0.7995157,0.97119856,0.3,0.5,-0.1951475203037262,-0.27353378757834435,-0.006521174311637873,-0.20947006344795227,0.0669958795567312,0.0
2021-12-17,7,0.11848421,0.6721931,0.20932266,-0.5537089,0.5964262,0.9685477,0.0,0.7142857142857143,-0.268139973282814,-0.27544993087649344,-0.2855689376592636,-0.29322418570518494,0.17308928347535824,-0.30000000000000004
2021-12-20,13,0.07984938,0.52980703,0.3903436,-0.44995764,0.49769896,0.94656074,0.0,0.5384615384615384,-0.3264153480529785,-0.2789179362356663,-0.12354229092597963,-0.4017784148454666,0.17600706460306545,0.8571428571428572
2021-12-21,5,0.23881118,0.5417646,0.21942416,-0.30295345,0.70936215,0.9620273,0.2,0.6,-0.326516729593277,-0.28736030161380766,0.02356327772140504,-0.4355400005976359,0.17598995197348455,-0.6153846153846154
2021-12-22,7,0.3233915,0.45176244,0.22484605,-0.12837093,0.5750914,0.95843923,0.5714285714285714,0.2857142857142857,-0.3273319244384766,-0.27549191638827325,0.19896099865436556,-0.29376067221164703,0.17482465653106313,0.3999999999999999
2021-12-23,9,0.27503878,0.503364,0.2215972,-0.22832523,0.673515,0.9669999,0.3333333333333333,0.5555555555555556,-0.332663232088089,-0.2774789370596409,0.1043379992246628,-0.21988320350646973,0.1703845691117622,0.2857142857142858
2021-12-24,5,0.31586108,0.30122668,0.38291228,0.014634395,0.6499375,0.91824764,0.2,0.4,-0.21899457089602947,-0.2547179813496768,0.23362896591424942,-0.1140205878764391,0.17555286421280608,-0.4444444444444444
2021-12-29,16,0.15189663,0.49085027,0.3572531,-0.3389536,0.5044737,0.9691705,0.0625,0.5625,-0.1967937659472227,-0.26328378496691585,-0.14215984828770162,-0.18421481736004353,0.14305338784166233,2.2
2021-12-30,5,0.30279,0.42042693,0.2767831,-0.11763696,0.71405184,0.91988724,0.4,0.4,-0.15973046831786633,-0.23349368972703816,0.042093504592776304,-0.1473187276472648,0.13227298227388568,-0.6875
2021-12-31,5,0.57207096,0.12206004,0.30586898,0.45001093,0.46833923,0.31247082,0.6,0.0,-0.044054098054766656,-0.21532496577128768,0.494065023586154,-0.002193217476209005,0.3057288834235271,0.0
2022-01-04,16,0.34098178,0.33027333,0.3287449,0.010708433,0.71573496,0.9650536,0.375,0.3125,0.0037526350468397142,-0.2164022815413773,0.006955797597765922,0.11436079815030098,0.28787856191164796,2.2
2022-01-05,4,0.27182603,0.49247724,0.2356967,-0.2206512,0.6505204,0.9555934,0.25,0.5,-0.04330448284745216,-0.20825283573940395,-0.17734671160578727,0.08002272124091785,0.3044105245819013,-0.75
2022-01-06,5,0.42408338,0.30976057,0.26615605,0.114322826,0.5453736,0.47608024,0.4,0.2,0.04735080525279045,-0.2056439165957272,0.0669720210134983,-0.03187331184744835,0.25836462765367846,0.25
2022-01-07,10,0.24768987,0.5048815,0.24742863,-0.25719166,0.62561756,0.96842724,0.2,0.6,0.01943986639380455,-0.20570519315078856,-0.2766315244138241,-0.12117334206899007,0.2866352947451333,1.0
2022-01-10,11,0.28448308,0.45627728,0.25923964,-0.17179416,0.68004745,0.9471877,0.18181818181818182,0.5454545454545454,-0.10492115095257759,-0.1812023905105889,-0.06687301024794579,-0.10488766431808472,0.16007019705465955,0.10000000000000009
2022-01-11,7,0.22228847,0.31649396,0.46121758,-0.094205484,0.49441162,0.95564634,0.2857142857142857,0.2857142857142857,-0.1259039342403412,-0.16249051289632915,0.031698450446128845,-0.17439710100491843,0.14750687347353914,-0.36363636363636365
2022-01-12,10,0.40759125,0.43453044,0.15787831,-0.026939183,0.7584727,0.96920353,0.4,0.5,-0.08716153204441071,-0.15440013976767658,0.060222348570823675,-0.09764627615610759,0.14172616274410463,0.4285714285714286
2022-01-13,6,0.16011222,0.66446847,0.17541932,-0.50435627,0.58358467,0.9720743,0.16666666666666666,0.6666666666666666,-0.2108973503112793,-0.17168891476467252,-0.2934589147567749,-0.20850031077861786,0.18523495609131843,-0.4
2022-01-14,8,0.2562558,0.6187414,0.12500279,-0.3624856,0.7611089,0.969738,0.25,0.625,-0.23195613622665406,-0.1746908669359982,-0.13052945137023925,-0.29792701204617816,0.19739961009877324,0.33333333333333326
2022-01-17,9,0.3464119,0.3041975,0.34939057,0.042214435,0.6396762,0.9614941,0.3333333333333333,0.3333333333333333,-0.1891544170677662,-0.16636539762839675,0.23136885166168214,-0.27487580602367717,0.23358966539577566,0.125
2022-01-18,9,0.14307183,0.7999451,0.0569831,-0.6568733,0.6032068,0.967393,0.1111111111111111,0.8888888888888888,-0.30168797746300696,-0.18912562718614936,-0.3551853083074093,-0.3257148129244645,0.30194500999908747,0.0
2022-01-19,9,0.393887,0.2920502,0.31406277,0.10183682,0.656285,0.90943485,0.4444444444444444,0.2222222222222222,-0.2759327761828899,-0.15634834049269558,0.37776959910988805,-0.1709406760831674,0.33492979451657184,0.0
2022-01-20,5,0.13271531,0.83830583,0.028978849,-0.70559055,0.5045343,0.9700038,0.2,0.8,-0.3161796323955059,-0.16912998585030437,-0.38941091373562814,-0.42020900299151737,0.37849746724617744,-0.4444444444444444
2022-01-21,5,0.032876,0.61227393,0.3548501,-0.579398,0.49052805,0.961833,0.0,0.6,-0.35956211015582085,-0.18295221207663417,-0.21983586624264717,-0.39438389986753464,0.3971053981931347,0.0
2022-01-24,18,0.17184603,0.5600348,0.26811916,-0.38818875,0.5863118,0.9726007,0.16666666666666666,0.6111111111111112,-0.44564274698495865,-0.19594310326501727,0.05745399743318558,-0.5577257573604584,0.3290579361921055,2.6
2022-01-25,10,0.25299075,0.47069556,0.27631372,-0.21770482,0.63544,0.96556413,0.2,0.6,-0.3578090533614159,-0.19541208250448108,0.14010423570871355,-0.39509718120098114,0.316970058490917,-0.4444444444444444
2022-01-26,6,0.42955765,0.17382838,0.396614,0.2557293,0.5982108,0.69078416,0.3333333333333333,0.16666666666666666,-0.3270305603742599,-0.1833573378622532,0.5827598482370376,-0.11672142644723256,0.37493281342439555,-0.4
2022-01-27,5,0.18983887,0.5732287,0.23693235,-0.3833899,0.7416292,0.95175266,0.2,0.6,-0.26259042918682096,-0.18557915166020394,-0.12079946100711825,-0.11512180666128795,0.31678246362193785,-0.16666666666666663
2022-01-28,6,0.19994217,0.45101717,0.34904066,-0.251075,0.6186028,0.9495627,0.16666666666666666,0.5,-0.1969258338212967,-0.19225105345249177,-0.054149165749549866,-0.12624520063400269,0.26439123697653444,0.19999999999999996
2022-01-31,10,0.10482089,0.55153024,0.34364885,-0.44670933,0.48682523,0.9536964,0.1,0.6,-0.20862995088100433,-0.23708706647157668,-0.23807938396930695,-0.36039140820503235,0.2760146134862155,0.6666666666666667
2022-02-01,6,0.28987795,0.5605731,0.14954893,-0.27069518,0.6382464,0.9442354,0.3333333333333333,0.5,-0.21922802329063415,-0.25115724708884957,-0.05146715641021729,-0.3228265047073364,0.2774636963457187,-0.4
2022-02-02,6,0.18447654,0.41631854,0.39920497,-0.23184198,0.51331735,0.8662542,0.0,0.5,-0.3167422771453857,-0.25171678643673656,0.0849002957344055,-0.31641549865404767,0.09350658687554429,0.0
2022-02-03,8,0.34733284,0.3414523,0.3112148,0.0058805197,0.6317159,0.9696255,0.5,0.25,-0.2388881951570511,-0.2571389017626643,0.24476871490478516,-0.16555221378803253,0.16148622347997127,0.33333333333333326
2022-02-04,7,0.1734048,0.43555346,0.39104176,-0.26214865,0.6632919,0.96364117,0.14285714285714285,0.42857142857142855,-0.24110292494297028,-0.2573867512866855,-0.021045723557472223,-0.1627033700545629,0.16177083084033544,-0.125
2022-02-07,12,0.2066493,0.3842112,0.40913948,-0.1775619,0.5269196,0.91261864,0.25,0.3333333333333333,-0.18727343678474426,-0.2576751379296184,0.009711542725563044,-0.14461000760396323,0.113967763728385,0.7142857142857142
2022-02-08,10,0.17164534,0.56310713,0.26524755,-0.39146173,0.622033,0.9645484,0.2,0.5,-0.21142674684524537,-0.2725379502400756,-0.18003498315811156,-0.2770574241876602,0.144716416345012,-0.16666666666666663
2022-02-09,7,0.27286592,0.40565008,0.32148403,-0.13278416,0.53983676,0.9565292,0.14285714285714285,0.5714285714285714,-0.19161518216133117,-0.2778301989659667,0.058831024169921864,-0.23393592735131583,0.14796684522394404,-0.30000000000000004
2022-02-10,8,0.39577055,0.4437157,0.16051374,-0.047945134,0.84190935,0.88372904,0.375,0.5,-0.20238031297922135,-0.25500964242964985,0.15443517863750458,-0.19073034077882767,0.1309903043190706,0.1428571428571428
2022-02-11,6,0.27550653,0.48803678,0.23645668,-0.21253026,0.62714493,0.9632459,0.16666666666666666,0.6666666666666666,-0.19245663434267044,-0.24751187581568956,-0.020073620975017553,-0.13108651588360468,0.1271536567626942,-0.25
2022-02-14,15,0.19879937,0.45584258,0.34535804,-0.2570432,0.59869987,0.96096516,0.2,0.5333333333333333,-0.2083528980612755,-0.2624747581779957,-0.04869031459093093,-0.17250620077053705,0.1297674135916488,1.5
2022-02-15,9,0.25891727,0.63769627,0.103386454,-0.37877896,0.6990065,0.9587501,0.3333333333333333,0.6666666666666666,-0.20581634491682052,-0.24857004210352898,-0.17296261936426163,-0.2827841440836589,0.1253418881736623,-0.4
2022-02-16,7,0.36369023,0.50067544,0.13563433,-0.13698523,0.7624446,0.87049776,0.42857142857142855,0.5714285714285714,-0.2066565588116646,-0.2605111446231604,0.06967133134603501,-0.2576024681329727,0.12474258327580184,-0.2222222222222222
2022-02-17,10,0.28039306,0.4481744,0.27143258,-0.16778131,0.6495532,0.9662406,0.3,0.5,-0.23062379360198976,-0.2336206827312708,0.06284248530864717,-0.22784850001335144,0.09446252624373178,0.4285714285714286
2022-02-18,5,0.36729655,0.41445535,0.2182481,-0.04715882,0.79292464,0.93369335,0.4,0.4,-0.19754950627684592,-0.20700872484594585,0.150390687584877,-0.11730845148364703,0.12605073773896483,-0.5
2022-02-21,9,0.26278841,0.3218335,0.41537812,-0.05904505,0.5792692,0.9641575,0.2222222222222222,0.3333333333333333,-0.15794987380504608,-0.19055153988301754,0.09890482351183891,-0.0913283924261729,0.13356504287021292,0.8
2022-02-22,10,0.43117842,0.45405522,0.11476636,-0.02287678,0.8316243,0.9602492,0.5,0.5,-0.08676943704485893,-0.18081013802438975,0.06389265656471252,-0.0430268831551075,0.06225845958726449,0.11111111111111116
2022-02-23,4,0.59573853,0.16643412,0.23782736,0.4293044,0.41025352,0.34833604,0.75,0.0,0.02648848667740822,-0.17213138286024332,0.40281590446829796,0.1157941867907842,0.23193654696220484,-0.6
2022-02-24,8,0.5295765,0.3741498,0.09627372,0.15542668,0.86398727,0.9438386,0.625,0.375,0.09113008454442025,-0.14519055429846048,0.06429659649729728,0.18728476390242577,0.20806842091061822,1.0
2022-02-25,6,0.22299518,0.5222135,0.2547913,-0.2992183,0.60724753,0.96831524,0.16666666666666666,0.5,0.04071818888187408,-0.14759771917015313,-0.33993648588657377,0.095170925060908,0.27097560463037507,-0.25
2022-02-28,14,0.19710787,0.44294792,0.3599442,-0.24584009,0.6046354,0.9391766,0.14285714285714285,0.42857142857142855,0.003359181433916092,-0.13755425680428743,-0.24919926896691322,-0.12987723449865976,0.29953947065573167,1.3333333333333335
2022-03-01,10,0.27956286,0.4396,0.28083715,-0.16003712,0.7007291,0.9691544,0.4,0.4,-0.024072885513305664,-0.13202135358005762,-0.13596422970294952,-0.23503183325131735,0.3086839040585506,-0.2857142857142857
2022-03-02,7,0.33544537,0.28820086,0.37635374,0.047244523,0.63523287,0.9478102,0.2857142857142857,0.2857142857142857,-0.10048485919833183,-0.11806702837347985,0.14772938191890717,-0.11954422667622566,0.19460490719247292,-0.30000000000000004
2022-03-03,3,0.035055187,0.58767015,0.37727466,-0.5526149,0.51212406,0.9480892,0.0,0.6666666666666666,-0.24209318086504936,-0.14599180072546006,-0.31052174642682073,-0.22180250659585,0.21803129238338362,-0.5714285714285714
2022-03-04,5,0.3871184,0.50885415,0.10402745,-0.12173575,0.8031945,0.89167273,0.4,0.6,-0.20659667178988456,-0.13897115588188172,0.08486092016100882,-0.20903538540005684,0.22083545850317485,0.6666666666666667
2022-03-07,14,0.29127654,0.359799,0.34892446,-0.06852244,0.62678707,0.9563599,0.2857142857142857,0.35714285714285715,-0.171133141964674,-0.13351918309926986,0.10261070355772972,-0.24762437244256338,0.22710643839178793,1.7999999999999998
2022-03-08,7,0.06729829,0.83669657,0.096005134,-0.7693983,0.121281266,0.92617583,0.0,1.0,-0.2930053733289242,-0.15241601020097734,-0.4763928987085819,-0.3198854873577754,0.3499439875176333,-0.5
2022-03-09,3,0.32413143,0.06637994,0.60948855,0.2577515,0.2771333,0.16476302,0.3333333333333333,0.0,-0.25090397894382477,-0.13288922756910324,0.5086554735898972,-0.19338973859945932,0.4088226010181709,-0.5714285714285714
2022-03-10,4,0.5324869,0.09324324,0.37426978,0.4392437,0.48342606,0.22701238,0.5,0.0,-0.05253225266933441,-0.10852978564798832,0.4917759567499161,-0.024134357770284016,0.4628880252065082,0.33333333333333326
2022-03-11,6,0.32732904,0.48336768,0.18930326,-0.15603863,0.87114304,0.93754745,0.3333333333333333,0.5,-0.05939282774925232,-0.10570520423352718,-0.09664579927921295,0.18031885723272958,0.46442179194427263,0.5
2022-03-14,12,0.122995704,0.6859301,0.19107424,-0.5629344,0.53079516,0.9669648,0.08333333333333333,0.8333333333333334,-0.15827521979808806,-0.12099976353347301,-0.404659178853035,-0.09324310719966888,0.5165589341691762,1.0
2022-03-15,8,0.028071698,0.8985178,0.07341055,-0.8704461,0.1606228,0.9684557,0.0,1.0,-0.17848478257656097,-0.14558311961591244,-0.6919613033533096,-0.5298063705364863,0.5474957432094717,-0.33333333333333337
2022-03-16,7,0.34928498,0.33844444,0.31227058,0.010840555,0.51392245,0.8188975,0.42857142857142855,0.2857142857142857,-0.22786697056144475,-0.1381918305065483,0.23870752528309822,-0.47417997661978006,0.5080244449475624,-0.125
2022-03-17,10,0.132321,0.56669635,0.30098268,-0.43437535,0.5611041,0.9728095,0.1,0.6,-0.40259078051894903,-0.15152153237722815,-0.031784565187990665,-0.43132695897171897,0.34544259820217504,0.4285714285714286
2022-03-18,8,0.15881115,0.60303384,0.238155,-0.4442227,0.6521751,0.9445068,0.125,0.625,-0.46022759284824133,-0.17137472587637603,0.01600490417331457,-0.289252493220071,0.3168823106924634,-0.19999999999999996
2022-03-21,13,0.16270754,0.41823605,0.41905642,-0.2555285,0.55571675,0.932928,0.07692307692307693,0.46153846153846156,-0.3987464150413871,-0.18119889884255827,0.14321790542453527,-0.37804218133290607,0.3217572632879211,0.625
2022-03-22,8,0.29468158,0.22990085,0.47541758,0.06478071,0.57521886,0.9129069,0.25,0.25,-0.21170105542987586,-0.17681602421216666,0.2764817675575614,-0.21165682872136435,0.24059194253883634,-0.3846153846153846
2022-03-23,7,0.12530263,0.70246404,0.17223334,-0.5771614,0.5846129,0.9690378,0.14285714285714285,0.7142857142857143,-0.3293014407157898,-0.2271393123548478,-0.24785993099212644,-0.25596972306569415,0.24820614047937836,-0.125
2022-03-24,9,0.1401555,0.6738721,0.18597242,-0.53371656,0.49784043,0.9632677,0.1111111111111111,0.6666666666666666,-0.3491696834564209,-0.26159647437743844,-0.1845468759536743,-0.3486990729967753,0.26229584088362423,0.2857142857142858
2022-03-25,5,0.050957758,0.7931455,0.1558968,-0.7421877,0.30993626,0.96855986,0.0,1.0,-0.4087626814842224,-0.28374494346790013,-0.3334249973297119,-0.6176885366439819,0.31735936900596273,-0.4444444444444444
2022-03-28,10,0.17518632,0.5459107,0.27890295,-0.37072438,0.6104767,0.96107405,0.2,0.6,-0.43180185556411743,-0.28998915809206666,0.06107747554779053,-0.5488762060801188,0.30748173101125714,1.0
2022-03-29,4,0.041252505,0.648206,0.31054148,-0.6069535,0.30796146,0.8376221,0.0,0.75,-0.5661486983299255,-0.31233497741632166,-0.04080480337142944,-0.5732885201772054,0.1341813524918908,-0.6
2022-03-30,10,0.20125821,0.48678145,0.3119603,-0.28552324,0.71229523,0.9663167,0.2,0.5,-0.5078210711479187,-0.32897336534224453,0.22229783535003667,-0.4210670391718547,0.182782214813962,1.5
2022-03-31,7,0.327096,0.5227516,0.15015243,-0.1956556,0.81357473,0.9519902,0.2857142857142857,0.5714285714285714,-0.44020887911319734,-0.31112539893947544,0.244553279876709,-0.36271077891190845,0.22779212848112138,-0.30000000000000004
2022-04-01,6,0.23567884,0.49403593,0.27028522,-0.25835708,0.69335926,0.94437116,0.16666666666666666,0.5,-0.3434427589178085,-0.31795646524988114,0.08508568108081815,-0.24651197095712027,0.16016982180033174,-0.1428571428571429
2022-04-04,8,0.42227173,0.46558708,0.11214121,-0.04331536,0.83761466,0.95300955,0.5,0.5,-0.27796095460653303,-0.3166961112525314,0.23464559614658353,-0.16577601184447607,0.2064644784452814,0.33333333333333326
2022-04-05,4,0.08873599,0.568124,0.34314,-0.47938803,0.44657645,0.9732387,0.0,0.5,-0.2524478599429131,-0.30219559906981885,-0.22694016844034193,-0.2603534882267316,0.1577913998357234,-0.5
2022-04-06,7,0.15493222,0.6578411,0.18722676,-0.5029088,0.62937474,0.95873594,0.14285714285714285,0.7142857142857143,-0.2959249779582024,-0.3402286150958389,-0.20698384791612623,-0.341870737572511,0.19479342870156177,0.75
2022-04-07,5,0.19795461,0.59282476,0.2092206,-0.39487016,0.79327106,0.9674231,0.2,0.6,-0.33576789051294326,-0.3819343084003776,-0.059102271497249614,-0.45905567208925885,0.1894576682235782,-0.2857142857142857
2022-04-08,4,0.090657726,0.4660185,0.44332376,-0.3753608,0.54988533,0.92292047,0.0,0.5,-0.35916863232851026,-0.39290041639469564,-0.016192154586315177,-0.42437992493311566,0.18467134464610793,-0.19999999999999996
2022-04-11,10,0.12719347,0.612394,0.26041263,-0.4852005,0.61675537,0.9707081,0.1,0.6,-0.44754565954208375,-0.38901372118853034,-0.03765483498573302,-0.4184771478176117,0.05805658255960197,1.5
2022-04-12,5,0.30366987,0.4856779,0.2106522,-0.18200803,0.736031,0.94453764,0.2,0.6,-0.38806965947151184,-0.35459181829355657,0.20606163144111633,-0.34752310315767926,0.12776109686387932,-0.5
2022-04-13,6,0.28631333,0.4417893,0.27189735,-0.15547602,0.41897038,0.8307631,0.3333333333333333,0.5,-0.3185830980539322,-0.3629076469689608,0.16310707926750184,-0.27422818044821423,0.1432318469704782,0.19999999999999996
2022-04-14,7,0.21373476,0.67874146,0.107523784,-0.46500674,0.79273057,0.9690111,0.2857142857142857,0.7142857142857143,-0.3326104134321213,-0.3644392166286707,-0.13239632546901703,-0.2674969285726547,0.15548133853825274,0.16666666666666674
2022-04-19,12,0.20290609,0.5875418,0.2095521,-0.38463578,0.66008794,0.9626417,0.16666666666666666,0.6666666666666666,-0.33446541130542756,-0.3614598710089922,-0.05017036497592925,-0.33503951132297516,0.15617268118634023,0.7142857142857142
2022-04-20,4,0.06095954,0.7094468,0.22959366,-0.6484872,0.53669566,0.9696577,0.0,0.75,-0.36712275445461273,-0.38110780604183675,-0.28136445581912994,-0.4993765751520793,0.20500959733701443,-0.6666666666666667
2022-04-21,3,0.7080733,0.18908499,0.10284165,0.5189883,0.5041335,0.47202232,0.6666666666666666,0.3333333333333333,-0.22692348659038544,-0.35839742608368397,0.7459117978811264,-0.1713782250881195,0.45297955951402114,-0.25
2022-04-22,5,0.018309597,0.9375264,0.044163972,-0.9192168,0.026880328,0.9634071,0.0,1.0,-0.37967164516448976,-0.37550019808113577,-0.5395451664924622,-0.3495719035466512,0.5427400926979904,0.6666666666666667
2022-04-25,12,0.13691556,0.59314257,0.26994184,-0.45622703,0.57294625,0.96643794,0.08333333333333333,0.6666666666666666,-0.3779157042503357,-0.37162572182714937,-0.07831133008003233,-0.285485178232193,0.5424090858457571,1.4
2022-04-26,7,0.061755747,0.53585184,0.40239242,-0.4740961,0.4659805,0.9721933,0.0,0.5714285714285714,-0.3958077669143677,-0.3582211423665285,-0.07828832268714903,-0.6165133118629456,0.5441588332597502,-0.41666666666666663
2022-04-27,10,0.2078009,0.58153534,0.21066377,-0.3737344,0.6689972,0.9738574,0.2,0.6,-0.34085720777511597,-0.3583716440945864,-0.032877206802368164,-0.4346858461697896,0.5258274087799278,0.4285714285714286
2022-04-28,7,0.078702174,0.7166849,0.2046129,-0.6379828,0.403651,0.9651388,0.0,0.8571428571428571,-0.5722514271736145,-0.3599231082946062,-0.06573135852813716,-0.49527109662691754,0.21633927281139617,-0.30000000000000004
2022-04-29,10,0.26329565,0.6800836,0.056620754,-0.41678792,0.82024646,0.97192645,0.3,0.7,-0.4717656493186951,-0.36648634262382984,0.05497772693634034,-0.4761683742205302,0.10063261074202762,0.4285714285714286
2022-05-03,16,0.22845201,0.37412676,0.3974212,-0.14567477,0.64103425,0.9513795,0.1875,0.375,-0.40965519547462464,-0.3639873009175062,0.2639804303646088,-0.40014849106470746,0.17840471070272126,0.6000000000000001
2022-05-04,7,0.28083256,0.46308565,0.25608173,-0.1822531,0.66833943,0.9435996,0.2857142857142857,0.5714285714285714,-0.35128659904003146,-0.36018210239708426,0.16903349161148074,-0.24823859830697378,0.19864388913757564,-0.5625
2022-05-05,10,0.16139618,0.5741166,0.26448727,-0.41272038,0.54963636,0.94687605,0.1,0.6,-0.3590837925672531,-0.3786523535847664,-0.05363658964633944,-0.24688275158405304,0.20050174745180754,0.4285714285714286
2022-05-06,6,0.59567213,0.20497142,0.19935648,0.3907007,0.6168117,0.7703856,0.6666666666666666,0.16666666666666666,-0.15334709584712983,-0.3351479172706604,0.5440477937459945,-0.06809093058109283,0.3292256045671695,-0.4
2022-05-09,8,0.15035029,0.56338954,0.28626016,-0.41303927,0.48260245,0.9675041,0.125,0.5,-0.15259736478328706,-0.330654439330101,-0.2604419022798538,-0.14501965045928955,0.3284791237782304,0.33333333333333326
2022-05-10,6,0.23002356,0.5420752,0.2279012,-0.31205168,0.5510431,0.96055275,0.3333333333333333,0.5,-0.18587274849414825,-0.3265135154128075,-0.12617893517017365,-0.11146341760953267,0.3359448022557088,-0.25
2022-05-11,6,0.09986982,0.78354883,0.11658138,-0.68367904,0.27106416,0.92702764,0.0,1.0,-0.2861579358577728,-0.34192942827939987,-0.39752110838890076,-0.4695899983247121,0.40278656038810723,0.0
2022-05-12,9,0.17541035,0.38793385,0.4366558,-0.21252352,0.5983566,0.9742776,0.1111111111111111,0.4444444444444444,-0.24611856341361998,-0.32829557955265043,0.033595043420791615,-0.4027514159679413,0.39696859780111177,0.5
2022-05-13,4,0.062209032,0.5131438,0.42464715,-0.45093477,0.5651976,0.95449835,0.0,0.5,-0.41444565653800963,-0.34174191653728486,-0.036489111185073864,-0.4490457773208618,0.1768312225904588,-0.5555555555555556
2022-05-16,14,0.19406018,0.5819038,0.22403601,-0.38784364,0.6152991,0.9482499,0.14285714285714285,0.7142857142857143,-0.40940653085708617,-0.3533602975308895,0.02156289219856261,-0.35043397545814514,0.17723984499620166,2.5
2022-05-17,7,0.09933849,0.57341677,0.32724473,-0.47407827,0.49688545,0.95291036,0.0,0.7142857142857143,-0.44181184768676757,-0.353813873976469,-0.032266420125961315,-0.437618891398112,0.16963917229805994,-0.5
2022-05-18,10,0.19822693,0.58618295,0.21559012,-0.38795596,0.63265663,0.97397625,0.2,0.5,-0.3826672315597534,-0.35397988334298136,-0.005288732051849376,-0.4166259566942851,0.1024940028801608,0.4285714285714286
2022-05-19,10,0.17740816,0.55408996,0.26850182,-0.3766818,0.64469546,0.9672184,0.2,0.6,-0.4154988884925842,-0.3403896130621433,0.038817083835601784,-0.41290534536043805,0.043924471454581934,0.0
2022-05-20,8,0.4409691,0.27131978,0.2877111,0.16964936,0.62965345,0.92332864,0.375,0.25,-0.29138206243515014,-0.35785656049847603,0.46103142499923705,-0.1983294685681661,0.2606891244352378,-0.19999999999999996
2022-05-23,15,0.13435335,0.5856222,0.2800244,-0.45126888,0.43833038,0.97011024,0.06666666666666667,0.6666666666666666,-0.3040671110153198,-0.33445916399359704,-0.14720177054405215,-0.21943377455075583,0.2679970547179582,0.875
2022-05-24,10,0.09542079,0.57241166,0.3321675,-0.47699088,0.44384885,0.95571893,0.1,0.5,-0.3046496331691742,-0.33549735620617865,-0.17234124541282653,-0.2528701325257619,0.26846174059051914,-0.33333333333333337
2022-05-25,9,0.3608054,0.3258326,0.313362,0.034972772,0.69819576,0.9567611,0.4444444444444444,0.3333333333333333,-0.2200638860464096,-0.31004391312599183,0.25503665804862974,-0.2977623293797175,0.30038163848869126,-0.09999999999999998
2022-05-26,5,0.18284038,0.15488169,0.66227794,0.02795871,0.31596708,0.5635784,0.0,0.2,-0.13913578316569328,-0.28995925690978763,0.16709449291229247,-0.13801979894439378,0.3021405969822818,-0.4444444444444444
2022-05-27,6,0.07267916,0.64756423,0.27975658,-0.5748851,0.34565055,0.9439845,0.0,0.6666666666666666,-0.2880426697432995,-0.2868043711408973,-0.2868424005806446,-0.17065119619170824,0.2953043481154739,0.19999999999999996
2022-05-30,11,0.29654944,0.39260015,0.3108504,-0.09605074,0.68193376,0.9585793,0.36363636363636365,0.36363636363636365,-0.21699904128909112,-0.27076751198619603,0.12094830200076104,-0.214325699955225,0.2888774616857131,0.8333333333333333
2022-05-31,4,0.22242221,0.6031369,0.17444094,-0.38071465,0.654013,0.9730215,0.25,0.5,-0.19774379655718805,-0.2825195064768195,-0.1829708583652973,-0.35055015484491986,0.26979342834838993,-0.6363636363636364
2022-06-01,8,0.24256596,0.578957,0.17847699,-0.3363911,0.7842133,0.97027934,0.25,0.625,-0.2720165692269802,-0.290226405672729,-0.06437452211976052,-0.27105216185251874,0.23908043792310432,1.0
2022-06-06,17,0.23188016,0.46641997,0.30169988,-0.23453982,0.7078235,0.97125566,0.23529411764705882,0.47058823529411764,-0.3245162755250931,-0.28131737764924764,0.08997645378112795,-0.3172151893377304,0.17767671906421897,1.125
2022-06-07,8,0.12587467,0.68537664,0.18874867,-0.559502,0.5946303,0.9685352,0.125,0.75,-0.32143966257572176,-0.32882751282304523,-0.23806234300136564,-0.3768109728892644,0.17230967628991412,-0.5294117647058824
2022-06-08,10,0.25675166,0.5586769,0.18457142,-0.30192524,0.71221405,0.9670278,0.2,0.6,-0.3626145631074905,-0.32327181156724694,0.060689321160316445,-0.3653223564227422,0.12233793552630433,0.25
2022-06-09,5,0.1949721,0.6400282,0.1649997,-0.44505605,0.5637721,0.9582024,0.0,0.8,-0.37548284232616425,-0.3299220299348235,-0.06957320868968964,-0.43549443284670514,0.127971973914152,-0.5
2022-06-10,7,0.15888736,0.49432257,0.34679008,-0.33543518,0.5757631,0.95483214,0.14285714285714285,0.42857142857142855,-0.3752916604280472,-0.3125098368152976,0.039856478571891785,-0.36080549160639447,0.12804566743141937,0.3999999999999999
2022-06-13,13,0.13063222,0.6705751,0.19879271,-0.53994286,0.6012093,0.96261793,0.07692307692307693,0.7692307692307693,-0.43637226819992064,-0.3288808038458228,-0.10357059240341188,-0.44014469782511395,0.11643400082142596,0.8571428571428572
2022-06-14,6,0.2999503,0.64759856,0.052451152,-0.34764823,0.87656426,0.96539026,0.3333333333333333,0.6666666666666666,-0.3940015137195587,-0.32371647711843254,0.046353280544281006,-0.40767542521158856,0.09741935662054516,-0.5384615384615384
2022-06-15,9,0.5015792,0.20297943,0.2954413,0.29859984,0.516308,0.54763955,0.5555555555555556,0.2222222222222222,-0.27389649748802186,-0.28939430322498083,0.5724963366985321,-0.19633041818936667,0.33055054220747215,0.5
2022-06-16,10,0.2852177,0.2781939,0.43658838,0.00702385,0.6073413,0.9499878,0.3,0.2,-0.1834805172868073,-0.26533919733483347,0.1905043672770262,-0.014008181324849526,0.3338412966138746,0.11111111111111116
2022-06-17,9,0.2591546,0.59894264,0.14190274,-0.33978805,0.69774437,0.9511703,0.3333333333333333,0.6666666666666666,-0.1843510908074677,-0.26293080162722615,-0.1554369586519897,-0.011388120086242756,0.3343419209198791,-0.09999999999999998
2022-06-20,17,0.11901663,0.39691874,0.48406467,-0.27790213,0.48423803,0.95886153,0.058823529411764705,0.4117647058823529,-0.13194294394925238,-0.25799181770998986,-0.14595918236300348,-0.2035554419271648,0.2809409637937658,0.8888888888888888
2022-06-21,3,0.32235628,0.6037388,0.07390491,-0.2813825,1.0159118,0.9259916,0.3333333333333333,0.6666666666666666,-0.11868979753926397,-0.280543410894461,-0.16269270358607174,-0.2996908922990163,0.2695535570853953,-0.8235294117647058
2022-06-22,9,0.34154284,0.39159375,0.26686338,-0.050050896,0.72387534,0.9562529,0.3333333333333333,0.4444444444444444,-0.18841994451358915,-0.26048251159954816,0.1383690488524735,-0.2031118410329024,0.15564837894797715,2.0
2022-06-23,10,0.13273449,0.5202636,0.34700188,-0.3875291,0.5546003,0.96002907,0.1,0.5,-0.2673305355012417,-0.25600942291785034,-0.12019856944680213,-0.2396541672448317,0.12963163732794547,0.11111111111111116
2022-06-24,5,0.20781498,0.6282721,0.16391292,-0.42045718,0.7084898,0.9591055,0.2,0.6,-0.2834643624722958,-0.2787809207336977,-0.136992821842432,-0.2860123949746291,0.14501174346365886,-0.5
2022-06-27,14,0.112714924,0.51207334,0.37521178,-0.39935836,0.42799866,0.94598126,0.07142857142857142,0.5714285714285714,-0.3077556096017361,-0.30014677431900055,-0.0916027523577213,-0.40244821707407635,0.15375612197567326,1.7999999999999998
2022-06-28,5,0.12972388,0.68398196,0.18629417,-0.55425805,0.5210634,0.96245736,0.2,0.6,-0.3623307190835476,-0.299115423229523,-0.19192732945084573,-0.4580245316028595,0.18690872027160357,-0.6428571428571428
2022-06-29,6,0.22034621,0.6092204,0.17043342,-0.38887417,0.7770727,0.9696723,0.16666666666666666,0.6666666666666666,-0.430095374584198,-0.31375659492332486,0.04122120141983032,-0.44749686121940613,0.07064896145107209,0.19999999999999996
2022-06-30,5,0.2589767,0.57448304,0.16654024,-0.31550637,0.8359945,0.9699174,0.2,0.6,-0.41569082736968993,-0.3104961806209758,0.10018445849418639,-0.4195461968580882,0.0869574623490629,-0.16666666666666663
2022-07-01,4,0.21782042,0.71524036,0.066939265,-0.4974199,0.8323882,0.9567825,0.25,0.75,-0.4310833692550659,-0.31854762074071913,-0.06633652448654176,-0.400600145260493,0.09449691983840969,-0.19999999999999996
2022-07-04,9,0.15181553,0.61240745,0.23577704,-0.46059185,0.6482653,0.9590606,0.1111111111111111,0.6666666666666666,-0.44333006739616393,-0.32985022228676825,-0.01726178526878358,-0.4245060384273529,0.09331805541297496,1.25
2022-07-05,10,0.097641885,0.76745343,0.1349047,-0.66981155,0.5338095,0.9657778,0.1,0.8,-0.46644076704978943,-0.33536569934803995,-0.20337077975273132,-0.5426077644030253,0.13337106056649287,0.11111111111111116
2022-07-06,3,0.254158,0.37359285,0.37224916,-0.119434886,0.6743401,0.8748849,0.3333333333333333,0.3333333333333333,-0.412552909553051,-0.326241181534715,0.2931180238723755,-0.41661276171604794,0.20677787507150652,-0.7
2022-07-07,7,0.5706031,0.22346644,0.20593046,0.34713668,0.5501033,0.86800915,0.5714285714285714,0.14285714285714285,-0.2800243005156517,-0.28663154516834766,0.6271609768271447,-0.14736991872390112,0.40339789080477806,1.3333333333333335
2022-07-08,6,0.24217443,0.55347896,0.20434661,-0.31130454,0.6874698,0.9541835,0.3333333333333333,0.5,-0.24280122965574263,-0.285425013047643,-0.06850330978631974,-0.027867582937081654,0.38655829366183364,-0.1428571428571429
2022-07-11,9,0.1007147,0.42787775,0.47140756,-0.32716304,0.5576174,0.9601465,0.1111111111111111,0.4444444444444444,-0.21611546725034714,-0.27478602204937486,-0.11104757338762283,-0.09711030125617981,0.3720997069673232,0.5
2022-07-12,5,0.25208548,0.50570077,0.24221377,-0.25361532,0.6479315,0.96544856,0.2,0.6,-0.13287622183561326,-0.27008437637705357,-0.12073909789323806,-0.29736096660296124,0.2805151574111001,-0.4444444444444444
2022-07-13,6,0.2881209,0.42401695,0.2878621,-0.13589607,0.6011706,0.832678,0.16666666666666666,0.5,-0.13616845905780792,-0.2918091719271615,0.00027238726615905207,-0.2388914773861567,0.2804145458049511,0.19999999999999996
2022-07-14,9,0.22301692,0.6244898,0.1524933,-0.40147287,0.6791421,0.97234726,0.2222222222222222,0.6666666666666666,-0.28589036762714387,-0.3122340077534318,-0.1155824989080429,-0.26366141935189563,0.09905629109293071,0.5
2022-07-15,10,0.04287403,0.7376484,0.2194775,-0.69477445,0.425799,0.97457695,0.0,0.8,-0.3625843495130539,-0.32998332772403954,-0.33219009935855864,-0.4107144623994827,0.20998754290365843,0.11111111111111116
2022-07-18,10,0.2685172,0.576477,0.15500584,-0.3079598,0.7831489,0.9633129,0.3,0.6,-0.3587437003850937,-0.3314862111583352,0.05078390538692473,-0.46806903680165607,0.2109706689351438,0.0
2022-07-19,9,0.203775,0.64706075,0.14916423,-0.4432858,0.7792256,0.9697809,0.2222222222222222,0.6666666666666666,-0.39667779505252837,-0.3395813757553697,-0.04660799801349641,-0.4820066789786021,0.20428834029873438,-0.09999999999999998
2022-07-20,8,0.35044974,0.25959188,0.38995835,0.09085786,0.6304461,0.95219874,0.375,0.25,-0.3513270080089569,-0.33253593780100343,0.4421848714351654,-0.22012924154599509,0.2856288437824824,-0.11111111111111116
2022-07-21,10,0.5310188,0.20274003,0.26624116,0.32827875,0.539185,0.96775204,0.6,0.1,-0.20537668466567993,-0.29674554504454137,0.533655434846878,-0.008049726486206055,0.41206105148992134,0.25
2022-07-22,4,0.014707309,0.9669461,0.018346539,-0.9522388,0.013257033,0.9730761,0.0,1.0,-0.2568695545196533,-0.32333462573587896,-0.6953692436218262,-0.1777007281780243,0.4960374248296946,-0.6
2022-07-25,11,0.16878948,0.7490858,0.08212476,-0.5802963,0.67464954,0.9656591,0.18181818181818182,0.8181818181818182,-0.3113368511199951,-0.33238152153789996,-0.26895942687988283,-0.4014187753200531,0.5175359185894619,1.75
2022-07-26,5,0.3989553,0.42840472,0.17264,-0.029449409,0.8383064,0.97351056,0.4,0.4,-0.2285695742815733,-0.30614108955487607,0.19912016540765762,-0.5206614950050911,0.5242069258317924,-0.5454545454545454
2022-07-27,5,0.6737217,0.06972491,0.25655338,0.6039968,0.45670637,0.18344069,0.8,0.0,-0.12594178430736064,-0.2564975402317941,0.7299385976046324,-0.0019162911921739578,0.6398519730669443,0.0
2022-07-28,10,0.21343437,0.6639034,0.1226622,-0.45046908,0.6668491,0.97232765,0.2,0.7,-0.28169134967029097,-0.2632456756196916,-0.1687777269631624,0.04135944259663423,0.5948433036755081,1.0
2022-07-29,7,0.52313966,0.39636254,0.08049776,0.1267771,0.6658101,0.9080458,0.7142857142857143,0.2857142857142857,-0.06588817052543164,-0.23203582605347037,0.19266526810824872,0.09343494474887848,0.4742656836667012,-0.30000000000000004
2022-08-01,14,0.21248572,0.49093166,0.29658264,-0.27844593,0.6840486,0.9708275,0.14285714285714285,0.5,-0.005518100783228874,-0.22292852988466622,-0.27292782850563524,-0.2007126361131668,0.40683354335252214,1.0
2022-08-02,10,0.29446936,0.490133,0.21539767,-0.19566362,0.8160146,0.9612397,0.3,0.5,-0.03876094222068786,-0.1992211333476007,-0.15690267384052276,-0.11577748258908589,0.41596613591922704,-0.2857142857142857
2022-08-03,6,0.5996682,0.110924125,0.28940764,0.48874405,0.28910846,0.24149407,0.6666666666666666,0.0,-0.06181149482727051,-0.168812186550349,0.5505555450916291,0.0048781683047612505,0.37235018795050684,-0.4
2022-08-04,10,0.17264096,0.6254977,0.20186134,-0.45285672,0.6024571,0.97531533,0.1,0.8,-0.06228902339935303,-0.20881185634061694,-0.3905676960945129,-0.05325876176357269,0.3729742489564607,0.6666666666666667
2022-08-05,8,0.062317457,0.69793797,0.23974457,-0.6356205,0.40079516,0.96772766,0.0,0.75,-0.21476853787899017,-0.22502765310928224,-0.42085193693637846,-0.1999110480149587,0.428121508726893,-0.19999999999999996
2022-08-08,9,0.24143378,0.39372662,0.36483958,-0.15229285,0.6464014,0.9723737,0.1111111111111111,0.4444444444444444,-0.1895379215478897,-0.21628414345905184,0.03724507391452789,-0.4135900139808655,0.4271468092562058,0.125
2022-08-09,5,0.23505151,0.46705937,0.2978891,-0.23200789,0.7508187,0.92111063,0.2,0.6,-0.19680677652359008,-0.2152037720195949,-0.03520111441612245,-0.33997373779614765,0.42758612569124976,-0.4444444444444444
2022-08-10,7,0.20947072,0.6268341,0.16369519,-0.41736338,0.6726972,0.90821576,0.2857142857142857,0.7142857142857143,-0.37802826166152953,-0.2292771372012794,-0.039335113763809215,-0.2672213713328044,0.1909048999934768,0.3999999999999999
2022-08-11,8,0.12978613,0.555745,0.31446883,-0.42595887,0.64020395,0.96842986,0.125,0.625,-0.37264869213104246,-0.2305014374665916,-0.053310179710388206,-0.35844337940216064,0.18863461361522618,0.1428571428571428
2022-08-12,8,0.25843585,0.5530998,0.18846433,-0.29466397,0.761092,0.9728689,0.375,0.5,-0.30445739030838015,-0.21049591330811382,0.009793424606323264,-0.37932873765627545,0.11833137861715601,0.0
2022-08-15,15,0.20275158,0.481567,0.3156814,-0.27881542,0.6515335,0.964018,0.2,0.4,-0.32976190447807313,-0.2090386944822967,0.05094648599624635,-0.3331460853417714,0.0870504611512515,0.875
2022-08-16,7,0.18500365,0.42411295,0.39088345,-0.23910928,0.72584426,0.9727486,0.14285714285714285,0.42857142857142855,-0.33118218183517456,-0.19882986871525646,0.09207290410995483,-0.2708628873030345,0.08509273879430146,-0.5333333333333333
2022-08-17,10,0.29575893,0.5378262,0.16641486,-0.24206726,0.64178246,0.9227833,0.3,0.6,-0.29612295925617216,-0.21547612501308322,0.054055696725845315,-0.25333065291245777,0.07637346079778784,0.4285714285714286
2022-08-18,7,0.26707134,0.55011433,0.18281433,-0.28304297,0.681931,0.908097,0.2857142857142857,0.7142857142857143,-0.2675397783517838,-0.24604221088811756,-0.01550318896770475,-0.25473983585834503,0.025299964901541096,-0.30000000000000004
2022-08-19,10,0.3805578,0.33312577,0.2863164,0.047432035,0.7438225,0.9554847,0.4,0.3,-0.1991205781698227,-0.19605866922065615,0.24655261337757112,-0.159226064880689,0.13930716055353062,0.4285714285714286
2022-08-22,13,0.27459243,0.45289916,0.27250844,-0.17830674,0.59867185,0.9619842,0.3076923076923077,0.46153846153846156,-0.1790188431739807,-0.17595919249579312,0.0007120996713638195,-0.137972558538119,0.13199194039593037,0.30000000000000004
2022-08-23,4,0.033726875,0.86456597,0.101707175,-0.8308391,0.22178395,0.96245724,0.0,1.0,-0.29736480712890623,-0.21602867692708969,-0.5334742903709412,-0.32057126859823865,0.3243907508779763,-0.6923076923076923
2022-08-24,5,0.15467905,0.11999587,0.7253251,0.03468319,0.30521584,0.36846387,0.2,0.0,-0.24201471656560897,-0.2444943580776453,0.2766979068517685,-0.3248208835721016,0.3580493431576879,0.25
2022-08-25,8,0.15879747,0.6691361,0.17206639,-0.51033866,0.6784638,0.9698583,0.125,0.75,-0.28747385591268537,-0.24748783744871616,-0.22286480814218523,-0.4354981904228528,0.3784108498801333,0.6000000000000001
2022-08-26,10,0.2070909,0.43930143,0.35360765,-0.23221055,0.65930647,0.94548035,0.2,0.4,-0.34340237230062487,-0.26543721966445444,0.11119182556867602,-0.23595534016688666,0.3346756519137868,0.25
2022-08-30,13,0.20793101,0.5805027,0.21156628,-0.37257168,0.5995022,0.96254593,0.15384615384615385,0.6153846153846154,-0.3822553589940071,-0.27014350704848766,0.00968368202447889,-0.3717069625854492,0.32174433823586923,0.30000000000000004
2022-08-31,4,0.24740085,0.7080584,0.04454074,-0.4606576,0.8715802,0.9638336,0.25,0.75,-0.30821905881166456,-0.28339320607483387,-0.1524385377764702,-0.3551466067632039,0.21885517382037722,-0.6923076923076923
2022-09-01,10,0.232433,0.40903464,0.35853237,-0.17660163,0.7264968,0.9712511,0.2,0.4,-0.35047602355480195,-0.31666049025952814,0.17387439012527467,-0.3366103023290634,0.14352986389002165,1.5
2022-09-02,8,0.18433169,0.58546156,0.23020677,-0.40112987,0.4307586,0.95671093,0.125,0.625,-0.32863426506519317,-0.3140741478651762,-0.07249560654163362,-0.3461297005414963,0.11940239082445547,-0.19999999999999996
2022-09-05,11,0.107426666,0.616472,0.27610132,-0.50904536,0.5015945,0.9644233,0.0,0.6363636363636364,-0.38400122821331023,-0.3077453922480345,-0.12504413425922395,-0.3622589558362961,0.12742728446811483,0.375
2022-09-06,8,0.08191033,0.5758062,0.3422835,-0.4938959,0.40578818,0.9717135,0.0,0.625,-0.40826607048511504,-0.324825544282794,-0.0856298178434372,-0.4680237074693044,0.1359716331955896,-0.2727272727272727
2022-09-07,7,0.24839039,0.3945571,0.35705253,-0.14616673,0.7099147,0.9309774,0.14285714285714285,0.42857142857142855,-0.34536789655685424,-0.3205334860831499,0.1992011696100235,-0.38303599258263904,0.17329413766321658,-0.125
2022-09-08,10,0.15337951,0.46761304,0.37900746,-0.31423354,0.64713687,0.9634083,0.1,0.5,-0.37289427816867826,-0.31537699438631533,0.0586607366800308,-0.3180987189213435,0.14901528500971264,0.4285714285714286
2022-09-09,7,0.33488783,0.524605,0.14050718,-0.18971716,0.8646075,0.97051024,0.2857142857142857,0.5714285714285714,-0.3306117355823517,-0.3035649087280035,0.1408945769071579,-0.21670580903689066,0.16780923842074885,-0.30000000000000004
2022-09-12,11,0.21472274,0.46600533,0.31927192,-0.25128257,0.5336108,0.9248958,0.18181818181818182,0.45454545454545453,-0.2790591776371002,-0.3013958390802145,0.027776604890823342,-0.2517444243033727,0.13583628723117588,0.5714285714285714
2022-09-13,10,0.18612888,0.68551534,0.12835571,-0.49938646,0.5700267,0.9681305,0.2,0.7,-0.2801572918891907,-0.3124243911355734,-0.21922916769981382,-0.3134620636701584,0.13801200794862029,-0.09090909090909094
2022-09-14,8,0.3804074,0.54704297,0.07254964,-0.16663556,0.82634574,0.97071975,0.375,0.625,-0.2842510581016541,-0.30880070514976976,0.11761550009250643,-0.3057681967814763,0.13326587645810453,-0.19999999999999996
2022-09-15,5,0.23184633,0.38628542,0.38186824,-0.15443906,0.71991986,0.950897,0.2,0.4,-0.2522921621799469,-0.304419295117259,0.09785310029983518,-0.27348702649275464,0.14307736126208526,-0.375
2022-09-16,6,0.030177983,0.9222453,0.04757664,-0.8920674,0.04127377,0.9658978,0.0,1.0,-0.39276220500469206,-0.3348705153912306,-0.4993051677942276,-0.404380664229393,0.3116977901854163,0.19999999999999996
2022-09-20,14,0.1199162,0.56108576,0.31899807,-0.44116953,0.5561402,0.97259897,0.07142857142857142,0.6428571428571429,-0.4307395964860916,-0.35930059365928174,-0.010429933667182922,-0.4958919882774353,0.3015532378748792,1.3333333333333335
2022-09-21,10,0.24023023,0.5168388,0.24293104,-0.27660856,0.71258533,0.9679574,0.3,0.5,-0.3861840158700943,-0.3642156843096018,0.10957545936107638,-0.5366151531537374,0.30530943645001174,-0.2857142857142857
2022-09-22,10,0.11364423,0.47968102,0.4066747,-0.3660368,0.4264892,0.91373944,0.1,0.5,-0.4260642647743225,-0.34097556956112385,0.060027462244033825,-0.3612716297308604,0.2815615481269676,0.0
2022-09-23,9,0.27870485,0.43322212,0.28807303,-0.15451725,0.694456,0.9330181,0.2222222222222222,0.4444444444444444,-0.4260799020528793,-0.3504355914890766,0.2715626537799835,-0.2657208691040675,0.2815426928706823,-0.09999999999999998
2022-09-26,15,0.106547065,0.5228175,0.3706354,-0.41627043,0.493327,0.9624189,0.06666666666666667,0.4666666666666667,-0.33092051446437837,-0.34573218002915385,-0.08534992039203643,-0.31227482855319977,0.11698344878528263,0.6666666666666667
2022-09-27,10,0.25529197,0.5617688,0.18293926,-0.30647683,0.6124608,0.9577944,0.2,0.6,-0.3039819747209549,-0.3494454942643642,-0.0024948567152023315,-0.29242150485515594,0.09944185829024552,-0.33333333333333337
2022-09-28,10,0.08153249,0.5523565,0.366111,-0.470824,0.42972627,0.9735965,0.0,0.6,-0.3428250640630722,-0.35435811057686806,-0.12799893915653227,-0.39785708983739215,0.1215501575704543,0.0
2022-09-29,9,0.29551363,0.5625798,0.14190662,-0.26706612,0.8377128,0.9563353,0.3333333333333333,0.5555555555555556,-0.32303092777729037,-0.3446785368025303,0.05596480667591097,-0.3481223185857137,0.1248392533431604,-0.09999999999999998
2022-09-30,7,0.2665948,0.47512093,0.2582843,-0.2085261,0.65014106,0.9434006,0.2857142857142857,0.5714285714285714,-0.33383269906044005,-0.34627476036548616,0.12530659437179564,-0.3154720763365428,0.10778504037817126,-0.2222222222222222
2022-10-03,14,0.19111978,0.46392223,0.344958,-0.27280244,0.60395485,0.96872866,0.21428571428571427,0.42857142857142855,-0.3051391005516052,-0.3398583889007568,0.0323366582393646,-0.24946488936742148,0.09909914063193138,1.0
2022-10-04,7,0.39152718,0.19628043,0.41219237,0.19524677,0.63753414,0.9699828,0.42857142857142855,0.14285714285714285,-0.20479438006877898,-0.3046437822282314,0.4000411510467529,-0.09536059200763702,0.24460247083511022,-0.5
2022-10-05,7,0.17586681,0.6608597,0.16327344,-0.48499292,0.6773097,0.9602535,0.14285714285714285,0.7142857142857143,-0.20762816369533538,-0.30419863387942314,-0.2773647576570511,-0.1875161975622177,0.24850592822407896,0.0
2022-10-06,6,0.331668,0.49716172,0.17117035,-0.1654937,0.8584854,0.955908,0.3333333333333333,0.5,-0.18731367886066436,-0.30516498237848283,0.021819981932640065,-0.15174661576747894,0.24657647722801793,-0.1428571428571429
2022-10-07,8,0.2353516,0.6064079,0.1582405,-0.3710563,0.66286063,0.9705805,0.25,0.625,-0.21981971561908722,-0.3080061197280884,-0.15123657286167144,-0.34051430225372314,0.2603977745395072,0.33333333333333326
2022-10-10,13,0.16209961,0.58891714,0.24898325,-0.42681757,0.6058279,0.96368223,0.07692307692307693,0.6153846153846154,-0.25062274038791654,-0.31986114010214806,-0.1761948257684708,-0.3211225171883901,0.27682341531434235,0.625
2022-10-11,10,0.21115215,0.5385257,0.25032216,-0.32737353,0.5949238,0.9556881,0.2,0.6,-0.3551468014717102,-0.3236656881868839,0.02777326703071592,-0.37508246302604675,0.12143874954072953,-0.23076923076923073
2022-10-12,6,0.1666497,0.6705665,0.16278379,-0.5039168,0.6765913,0.9734947,0.16666666666666666,0.6666666666666666,-0.35893157720565794,-0.32389220520853995,-0.1449852228164673,-0.41936930020650226,0.12667907734103753,-0.4
2022-10-13,7,0.22160125,0.5116656,0.2667332,-0.29006433,0.41806096,0.93937737,0.14285714285714285,0.5714285714285714,-0.38384570479393004,-0.3300636440515518,0.09378136992454528,-0.3737848897775014,0.08427821384732467,0.16666666666666674
2022-10-14,4,0.045424487,0.52442616,0.43014935,-0.47900167,0.24693778,0.8794259,0.0,0.25,-0.4054347813129425,-0.3462917745113373,-0.0735668897628784,-0.4243276019891103,0.09350389957358915,-0.4285714285714286
2022-10-17,18,0.1928888,0.48101154,0.32609963,-0.28812277,0.5316781,0.9556935,0.16666666666666666,0.5,-0.3776958227157593,-0.31609454452991487,0.08957304954528811,-0.35239625970522565,0.1053915931044175,3.5
2022-10-18,8,0.18901032,0.31015316,0.5008365,-0.12114283,0.54387724,0.9734519,0.125,0.25,-0.3364496812224388,-0.3000932093709707,0.21530685424804685,-0.2960890904068947,0.15748844209542404,-0.5555555555555556
2022-10-19,10,0.3729006,0.39881977,0.22827959,-0.025919193,0.7075129,0.9477973,0.3,0.4,-0.2408501598984003,-0.2875587412156165,0.2149309664964676,-0.14506159784893194,0.1745695013272807,0.25
2022-10-20,6,0.24693407,0.22549987,0.5275661,0.021434227,0.5893613,0.95957965,0.16666666666666666,0.16666666666666666,-0.1785504475235939,-0.2681851897388697,0.19998467452824115,-0.041875931123892464,0.20546461797578236,-0.4
2022-10-21,6,0.1510889,0.72327965,0.12563144,-0.57219076,0.54028416,0.96841496,0.16666666666666666,0.8333333333333334,-0.19718826562166214,-0.289068865403533,-0.37500249594449997,-0.19222524265448251,0.2407320890263462,0.0
2022-10-24,12,0.14194402,0.7030379,0.15501808,-0.56109387,0.6122761,0.97208655,0.16666666666666666,0.75,-0.25178248435258865,-0.29631003700196745,-0.3093113824725151,-0.3706168004622062,0.29200313058161176,1.0
2022-10-25,8,0.27690434,0.41917837,0.30391723,-0.14227402,0.69055486,0.90720844,0.25,0.5,-0.2560087233781815,-0.28809989653527734,0.11373470127582552,-0.4251862168312073,0.2897841398441511,-0.33333333333333337
2022-10-26,6,0.47057578,0.39353958,0.13588466,0.077036224,0.70031846,0.95110047,0.5,0.5,-0.23541763983666897,-0.26070688515901563,0.3124538641422987,-0.20877722154061,0.31295254136482575,-0.25
2022-10-27,9,0.39532268,0.35368615,0.2509912,0.04163651,0.7986972,0.9580478,0.3333333333333333,0.3333333333333333,-0.23137718290090561,-0.24527175351977348,0.27301369458436964,-0.007867095371087393,0.3171993330306018,0.5
2022-10-28,7,0.45255992,0.3391261,0.20831396,0.11343382,0.7854384,0.97075653,0.42857142857142855,0.42857142857142855,-0.09425226598978043,-0.22917375713586807,0.20768608897924423,0.07736885299285252,0.27892032361022445,-0.2222222222222222
2022-10-31,12,0.09762793,0.60995024,0.2924218,-0.51232237,0.5254409,0.95646924,0.08333333333333333,0.5833333333333334,-0.08449796587228775,-0.24114975333213806,-0.42782440036535263,-0.11908401052157085,0.2586271371531742,0.7142857142857142
2022-11-01,9,0.32895863,0.4127298,0.2583116,-0.08377114,0.6973471,0.9705959,0.2222222222222222,0.4444444444444444,-0.07279738932847976,-0.25510064885020256,-0.010973750054836279,-0.16088656087716421,0.25667582786179177,-0.25
2022-11-02,7,0.15766707,0.6819363,0.16039659,-0.5242692,0.6541023,0.97064596,0.14285714285714285,0.7142857142857143,-0.19305847883224486,-0.257064463943243,-0.33121074438095094,-0.3734542429447174,0.30520197378439184,-0.2222222222222222
2022-11-03,10,0.20265095,0.58938444,0.20796466,-0.38673344,0.5935837,0.96651214,0.2,0.7,-0.2787324696779251,-0.2681264512240887,-0.10800097286701205,-0.331591268380483,0.2820997468389371,0.4285714285714286
2022-11-04,6,0.1269082,0.43048477,0.44260705,-0.30357656,0.5163943,0.94789594,0.0,0.5,-0.36213454604148865,-0.2647524647414684,0.058557987213134766,-0.4048597415288289,0.18053002840167026,-0.4
2022-11-07,11,0.3416635,0.4019534,0.25638306,-0.060289875,0.73917335,0.9412327,0.2727272727272727,0.45454545454545453,-0.27172804772853854,-0.24642608016729356,0.21143817305564883,-0.25019995868206024,0.19877846603136506,0.8333333333333333
2022-11-08,8,0.09000173,0.68417317,0.22582509,-0.5941714,0.50447255,0.9724388,0.125,0.75,-0.3738081008195877,-0.2597659736871719,-0.2203633040189743,-0.31934594611326855,0.20892088645313847,-0.2727272727272727
2022-11-09,6,0.023150286,0.74099755,0.23585217,-0.7178473,0.38049862,0.97126555,0.0,0.8333333333333334,-0.4125237137079239,-0.2704624980688095,-0.3053235739469528,-0.4574361890554428,0.25633067827769157,-0.25
2022-11-10,6,0.2578787,0.45302022,0.2891011,-0.19514151,0.7549371,0.96068245,0.16666666666666666,0.5,-0.37420532703399656,-0.2657163567841053,0.17906381785869596,-0.5023867338895798,0.274804502091735,0.0
2022-11-11,3,0.057233978,0.84849334,0.0942727,-0.79125935,0.12351744,0.95605344,0.0,1.0,-0.4717418849468231,-0.2813292406499386,-0.31951746344566345,-0.5680827150742213,0.3253647148451934,-0.5
2022-11-14,13,0.13725883,0.3821099,0.4806313,-0.2448511,0.55354506,0.96698785,0.07692307692307693,0.38461538461538464,-0.5086541295051574,-0.2791656568646431,0.26380303204059596,-0.4104173183441162,0.2733234779338231,3.333333333333333
2022-11-15,10,0.10998006,0.5703058,0.31971413,-0.46032578,0.5335798,0.9652487,0.1,0.6,-0.4818850040435791,-0.29612480439245703,0.021559226512908924,-0.49881207446257275,0.2693800239408986,-0.23076923076923073
2022-11-16,10,0.27077198,0.5959705,0.1332575,-0.32519853,0.7291864,0.9702238,0.3,0.6,-0.40335525274276735,-0.31108877127990125,0.07815672159194947,-0.34345846871534985,0.23890386743273712,0.0
2022-11-17,10,0.04969699,0.81184006,0.13846296,-0.762143,0.33289975,0.9736258,0.0,0.9,-0.5167555540800095,-0.3502676334232092,-0.24538746178150173,-0.5158891081809998,0.24968869905031826,0.0
2022-11-18,6,0.4847088,0.46205497,0.053236257,0.022653827,0.89478743,0.9573809,0.5,0.5,-0.3539729189127684,-0.3205254039727151,0.3766267463564873,-0.35489590652287006,0.2883127650476435,-0.4
2022-11-21,9,0.11899551,0.34391743,0.5370871,-0.22492191,0.46637917,0.95858806,0.1111111111111111,0.3333333333333333,-0.34998708181083205,-0.30371680622920394,0.12506516985595229,-0.3214703667908907,0.29032919158746573,0.5
2022-11-22,6,0.09302425,0.5408018,0.36617395,-0.4477776,0.4578158,0.9595969,0.0,0.5,-0.34747744612395765,-0.31899198507890103,-0.10030015297234057,-0.21668189453581968,0.28918896248505294,-0.33333333333333337
2022-11-23,4,0.029718857,0.89856935,0.07171177,-0.86885047,0.10581197,0.95260334,0.0,1.0,-0.45620783381164076,-0.36628631977364423,-0.41264263577759264,-0.5138499935468038,0.36971036555799275,-0.33333333333333337
2022-11-24,8,0.30501878,0.34634176,0.34863943,-0.04132296,0.7019912,0.9434258,0.25,0.375,-0.31204382292926314,-0.37043429343029854,0.27072086147964003,-0.4526503433783849,0.36102625567075713,1.0
2022-11-25,3,0.020829614,0.9406169,0.038553435,-0.9197872,0.021814505,0.95341915,0.0,1.0,-0.5005320340394974,-0.42209534598514437,-0.419255194067955,-0.609986886382103,0.3876371789022861,-0.625
2022-11-28,11,0.3834758,0.38756743,0.22895671,-0.004091631,0.71064276,0.9658323,0.45454545454545453,0.2727272727272727,-0.45636597787961364,-0.3966838092310354,0.45227434672415257,-0.3217339402375122,0.4364026986356375,2.6666666666666665
2022-11-29,6,0.017907625,0.8758133,0.106279075,-0.8579057,0.12147153,0.9634655,0.0,1.0,-0.5383915952406824,-0.4353905365569517,-0.3195140906609595,-0.5939281817215184,0.4715158080215434,-0.4545454545454546
2022-11-30,10,0.14930487,0.59307,0.25762513,-0.4437651,0.4086266,0.9502071,0.0,0.7,-0.4533745220862329,-0.4313653305871412,0.009609418269246828,-0.435254140291363,0.4338548779435177,0.6666666666666667
2022-12-01,7,0.024862165,0.9116797,0.06345817,-0.8868175,0.088979594,0.969927,0.0,1.0,-0.6224734327755869,-0.456369534204714,-0.26434408212080596,-0.7294961015383402,0.3962430920133089,-0.30000000000000004
2022-12-02,4,0.035607573,0.7526307,0.21176176,-0.71702313,0.4033997,0.9625202,0.0,0.75,-0.5819206140004098,-0.47704186297487466,-0.13510252023115754,-0.6825352509816488,0.3675445039280227,-0.4285714285714286
2022-12-05,13,0.3318023,0.42637697,0.24182074,-0.09457469,0.6592916,0.94883794,0.38461538461538464,0.38461538461538464,-0.6000172257423401,-0.4787561037344858,0.5054425358772278,-0.5661384463310242,0.3325425269960796,2.25
2022-12-06,8,0.4429195,0.44249713,0.11458337,0.0004223287,0.67446935,0.87544996,0.375,0.5,-0.4283516228199005,-0.4490264170570299,0.42877395153045655,-0.27039183179537457,0.3837362159017529,-0.3846153846153846
2022-12-07,10,0.23464099,0.55138123,0.21397781,-0.3167402,0.72327715,0.97184587,0.2,0.6,-0.4029466450214386,-0.4289710634155199,0.08620643019676211,-0.1369641919930776,0.38665436765020317,0.25
2022-12-08,4,0.2920415,0.37473673,0.3332218,-0.08269523,0.76968414,0.9257447,0.25,0.5,-0.24212218821048737,-0.4233487494988367,0.1594269573688507,-0.13300437231858572,0.2903075180389946,-0.6
2022-12-09,4,0.029493699,0.66541845,0.3050879,-0.6359247,0.34302944,0.90083367,0.0,0.75,-0.22590250074863433,-0.4155820169253275,-0.4100221961736679,-0.34512004752953845,0.25755967082845393,0.0
2022-12-12,14,0.20261347,0.6117078,0.1856787,-0.4090943,0.6493147,0.97234666,0.14285714285714285,0.7142857142857143,-0.28880642354488373,-0.42379417724441737,-0.12028788030147552,-0.37590474387009937,0.25586894176707,2.5
2022-12-13,8,0.28161058,0.2650119,0.4533775,0.016598687,0.45176214,0.6986441,0.25,0.25,-0.28557115197181704,-0.3999479540390894,0.3021698385477066,-0.34280677139759064,0.2605006414051061,-0.4285714285714286
2022-12-14,10,0.30199912,0.39946404,0.29853684,-0.09746493,0.60910666,0.97279346,0.3,0.4,-0.24171609431505203,-0.38856127380859107,0.14425116777420044,-0.16332018127044043,0.27213895708178915,0.25
2022-12-15,8,0.39559156,0.3644853,0.23992315,0.031106278,0.7569288,0.96074617,0.375,0.375,-0.21895579248666763,-0.34889880910050125,0.250062070786953,-0.016586653888225555,0.29274250764506815,-0.19999999999999996
2022-12-16,6,0.23042703,0.5698843,0.19968867,-0.33945724,0.7245107,0.90013766,0.16666666666666666,0.6666666666666666,-0.15966230183839797,-0.36700436265673486,-0.179794941842556,-0.1352719639738401,0.20363671417298787,-0.25
2022-12-19,11,0.10568125,0.65875375,0.235565,-0.5530725,0.5575115,0.97385186,0.09090909090909091,0.7272727272727273,-0.1884579434990883,-0.38341189266648146,-0.3646145686507225,-0.2871411591768265,0.2521313995196754,0.8333333333333333
2022-12-20,6,0.11907551,0.52108043,0.3598441,-0.40200487,0.5334807,0.96466863,0.16666666666666666,0.5,-0.2721786543726921,-0.381123256101273,-0.1298262134194374,-0.4315115412076314,0.23600278106751424,-0.4545454545454546
2022-12-21,3,0.30419388,0.017178236,0.6786279,0.28701565,0.17285313,0.03276537,0.3333333333333333,0.0,-0.19528253972530366,-0.3233299502870068,0.4822981864213943,-0.2226872444152832,0.34474540174670526,-0.5
2022-12-22,6,0.21286738,0.54465115,0.24248149,-0.33178377,0.68536985,0.9742654,0.16666666666666666,0.5,-0.2678605496883392,-0.33785299079027026,-0.06392322182655336,-0.14892433087031046,0.32266097525269,1.0
2022-12-23,5,0.06304149,0.81951934,0.11743915,-0.75647783,0.1661547,0.95291555,0.0,1.0,-0.35126466751098634,-0.32968752102460713,-0.4052131652832031,-0.26708198587099713,0.3921989126114032,-0.16666666666666663
2022-12-28,16,0.26135644,0.3403726,0.39827096,-0.079016164,0.64552444,0.954841,0.1875,0.375,-0.25645339787006377,-0.33343374766409395,0.1774372339248657,-0.3890925894180934,0.38849932609198085,2.2
2022-12-29,5,0.038518354,0.74040186,0.22107983,-0.70188344,0.42588076,0.9382354,0.0,0.8,-0.3164291113615036,-0.32563263513147833,-0.385454323887825,-0.5124591439962387,0.4367390989638081,-0.6875
2022-12-30,8,0.2707464,0.5405402,0.18871337,-0.26979378,0.8163886,0.9720445,0.25,0.5,-0.4277909964323044,-0.31693406887352465,0.15799721777439119,-0.3502311259508133,0.29111256124197493,0.6000000000000001
2023-01-03,12,0.24709296,0.38548997,0.36741707,-0.13839704,0.66370565,0.933203,0.16666666666666666,0.4166666666666667,-0.389113649725914,-0.27951304502785207,0.2507166117429733,-0.37002475063006085,0.3186055097847762,0.5
2023-01-04,6,0.12704246,0.48407164,0.3888859,-0.3570292,0.49640447,0.96621233,0.0,0.5,-0.30922392308712005,-0.2615133482962847,-0.04780527651309968,-0.25507333874702454,0.2450505102459538,-0.5
2023-01-05,8,0.2595246,0.59930646,0.14116892,-0.33978182,0.78950095,0.94091237,0.25,0.625,-0.36137705445289614,-0.27377370484173297,0.02159523367881777,-0.2784026861190796,0.2088883897400901,0.33333333333333326
2023-01-06,5,0.23150659,0.57820445,0.19028902,-0.34669787,0.81203,0.9650041,0.2,0.6,-0.2903399407863617,-0.2911297146230936,-0.05635792613029478,-0.34783629576365155,0.09162008931739479,-0.375
2023-01-09,13,0.11094925,0.37551472,0.51353604,-0.26456547,0.5417304,0.96578604,0.07692307692307693,0.38461538461538464,-0.28929427862167356,-0.2885209772735834,0.024728810787200906,-0.31701505184173584,0.09194247481038818,1.6
2023-01-10,7,0.22948436,0.6046877,0.16582794,-0.3752033,0.71396047,0.9633464,0.14285714285714285,0.7142857142857143,-0.3366555333137512,-0.303146381303668,-0.03854777812957766,-0.32882221539815265,0.04245178781560537,-0.46153846153846156
2023-01-11,7,0.44807115,0.49859604,0.053332847,-0.050524924,0.8679874,0.95807755,0.42857142857142855,0.5714285714285714,-0.275354678183794,-0.2738763926550746,0.22482975423336027,-0.23009790107607841,0.13216966585918632,0.0
2023-01-12,10,0.2989873,0.5045351,0.1964777,-0.20554774,0.8302889,0.9663558,0.3,0.5,-0.24850786104798317,-0.26369906421750783,0.04296012595295906,-0.21042532349626222,0.1294156838860224,0.4285714285714286
2023-01-13,7,0.2629973,0.5107425,0.22626022,-0.24774517,0.59179246,0.96484715,0.2857142857142857,0.42857142857142855,-0.2287173219025135,-0.2769162571057677,-0.019027849286794657,-0.167939276744922,0.11768034477742675,-0.30000000000000004
2023-01-16,8,0.145089,0.56835103,0.28656,-0.42326203,0.5445009,0.9627357,0.125,0.625,-0.26045663431286814,-0.29320611227303744,-0.1628053955733776,-0.292184978723526,0.14741123453119356,0.1428571428571428
2023-01-17,8,0.25527686,0.49191147,0.25281167,-0.23663461,0.758904,0.9713075,0.25,0.5,-0.23274289444088936,-0.30659315679222343,-0.0038917176425457,-0.30254727105299634,0.13274102625620415,0.0
2023-01-18,10,0.27820125,0.35008708,0.37171167,-0.07188582,0.5161554,0.9700169,0.1,0.3,-0.23701507300138475,-0.2932145854458213,0.16512925624847413,-0.2439274862408638,0.12555981973803684,0.25
2023-01-19,9,0.17410351,0.4862408,0.33965573,-0.31213728,0.6201722,0.9691316,0.1111111111111111,0.4444444444444444,-0.25833298116922376,-0.2811678236350417,-0.0538042947649956,-0.20688590159018835,0.1279081304158379,-0.09999999999999998
2023-01-20,7,0.16914758,0.5349865,0.29586595,-0.36583892,0.5334353,0.9639727,0.14285714285714285,0.7142857142857143,-0.28195172995328904,-0.27935952600091696,-0.08388718515634536,-0.24995400259892145,0.13610488322200745,-0.2222222222222222
2023-01-23,11,0.15284012,0.51194006,0.33521983,-0.35909992,0.5424296,0.9700965,0.09090909090909091,0.5454545454545454,-0.2691193088889122,-0.3116653045639396,-0.08998061567544935,-0.3456920385360718,0.12171487672039477,0.5714285714285714
2023-01-24,6,0.19497037,0.56659776,0.23843187,-0.37162733,0.7141135,0.929064,0.16666666666666666,0.6666666666666666,-0.29611785262823104,-0.3136574825271964,-0.07550947815179826,-0.3655220568180084,0.12754026527484363,-0.4545454545454546
2023-01-25,8,0.28928012,0.5619495,0.14877039,-0.2726694,0.74101263,0.9539706,0.375,0.5,-0.3362745702266693,-0.289467061124742,0.06360516548156736,-0.33446555336316425,0.042641209584869603,0.33333333333333326
2023-01-26,9,0.18654056,0.66512454,0.14833492,-0.47858396,0.6914844,0.96947193,0.2222222222222222,0.6666666666666666,-0.36956390738487244,-0.3094454510137439,-0.10902005434036255,-0.37429356575012207,0.0731463346829698,0.125
2023-01-27,7,0.15946712,0.43731427,0.4032186,-0.27784714,0.5615781,0.93960905,0.14285714285714285,0.5714285714285714,-0.35196555256843565,-0.28824363630265,0.07411841154098509,-0.3430335024992625,0.08404035386734976,-0.2222222222222222
2023-01-30,9,0.27311003,0.433938,0.292952,-0.160828,0.6478612,0.9372138,0.3333333333333333,0.4444444444444444,-0.3123111665248871,-0.28279534708708526,0.15148317217826845,-0.30575303236643475,0.11923866775229196,0.2857142857142858
2023-01-31,10,0.14291063,0.5812307,0.27585864,-0.43832007,0.6719568,0.9738418,0.1,0.6,-0.32564971446990965,-0.2977914987131953,-0.11267035603523257,-0.2923317352930705,0.13071121966315638,0.11111111111111116
2023-02-01,6,0.25683525,0.37356472,0.36960006,-0.116729476,0.5011474,0.95907974,0.3333333333333333,0.16666666666666666,-0.2944617286324501,-0.28577651251107455,0.17773225307464602,-0.23862584680318832,0.1614922540626071,-0.4
2023-02-02,10,0.2689432,0.41427937,0.31677744,-0.14533615,0.5181174,0.95940596,0.3,0.4,-0.22781216651201247,-0.27605422902852295,0.0824760153889656,-0.23346189906199774,0.13270796225462086,0.6666666666666667
2023-02-03,7,0.32375523,0.40546128,0.2707835,-0.08170606,0.6332074,0.96599203,0.42857142857142855,0.2857142857142857,-0.1885839506983757,-0.26280463878065347,0.10687788873910903,-0.11459056288003922,0.14282405567367373,-0.30000000000000004
2023-02-06,11,0.25093386,0.38674,0.36232612,-0.13580613,0.6756474,0.96582085,0.2727272727272727,0.36363636363636365,-0.18357957750558854,-0.256366671808064,0.04777344912290574,-0.12094944715499878,0.14446862131309812,0.5714285714285714
2023-02-07,6,0.3660806,0.49747023,0.1364492,-0.1313896,0.7253059,0.95438653,0.5,0.5,-0.12219348400831223,-0.24417598638683558,-0.00919611901044845,-0.11630059778690338,0.024872386623662885,-0.4545454545454546
2023-02-08,5,0.4246605,0.4845522,0.09078732,-0.05989168,0.7306779,0.8907153,0.6,0.4,-0.11082592457532883,-0.24464432410895826,0.05093424618244172,-0.1090291365981102,0.03768320256663047,-0.16666666666666663
2023-02-09,7,0.056981776,0.787477,0.15554118,-0.7304953,0.3311465,0.9730165,0.0,0.8571428571428571,-0.22785774916410445,-0.2708917010575533,-0.5026375249028205,-0.30725885182619095,0.2828413875977065,0.3999999999999999
2023-02-10,4,0.22673824,0.69545364,0.07780811,-0.4687154,0.5046721,0.8752102,0.25,0.75,-0.30525961667299273,-0.2819402124732733,-0.16345578283071516,-0.41970078398784,0.28578569275672305,-0.4285714285714286
2023-02-13,16,0.3530412,0.29800364,0.34895515,0.055037566,0.5312902,0.86182404,0.3125,0.375,-0.26709087789058683,-0.25802523270249367,0.3221284434199333,-0.3813910360137622,0.32423338833537574,3.0
2023-02-14,6,0.20462115,0.61962485,0.175754,-0.4150037,0.6779144,0.9331053,0.16666666666666666,0.6666666666666666,-0.32381369471549987,-0.2669436864554882,-0.09118999242782594,-0.2762271737058957,0.31932942780230467,-0.625
2023-02-15,10,0.3725806,0.44758672,0.17983268,-0.07500613,0.72263765,0.9718736,0.5,0.4,-0.326836584508419,-0.2670997019857168,0.2518304571509361,-0.14499074965715408,0.3162632682606017,0.6666666666666667
2023-02-16,7,0.38297078,0.12721285,0.4898164,0.2557579,0.4857707,0.5050746,0.2857142857142857,0.14285714285714285,-0.12958595007658005,-0.23870494328439235,0.3853438481688499,-0.07808397213617961,0.3090415623283415,-0.30000000000000004
2023-02-17,5,0.46504068,0.47660217,0.05835718,-0.011561489,0.8527207,0.9473834,0.6,0.4,-0.03815516792237759,-0.2209910719655454,0.026593679189682008,0.0563967606673638,0.24451472315869346,-0.2857142857142857
2023-02-20,11,0.11636519,0.53202146,0.3516133,-0.4156563,0.5143873,0.9670364,0.09090909090909091,0.5454545454545454,-0.13229394070804118,-0.22381889065727592,-0.2833623576909304,-0.057153296346465744,0.2866450220222035,1.2000000000000002
2023-02-21,6,0.4283462,0.30141327,0.27024055,0.12693295,0.6728083,0.9350758,0.5,0.16666666666666666,-0.023906613513827325,-0.19889087667688726,0.15083956234157087,-0.10009494610130787,0.2535725688278434,-0.4545454545454546
2023-02-22,5,0.041995566,0.8292578,0.12874666,-0.78726226,0.20941985,0.9745248,0.0,1.0,-0.16635784022510053,-0.22462051948532463,-0.6209044206887484,-0.3586618701616923,0.4289041602714179,-0.16666666666666663
2023-02-23,9,0.2695879,0.48886904,0.24154305,-0.21928109,0.62864715,0.95929325,0.2222222222222222,0.5555555555555556,-0.26136563830077647,-0.21165537601336837,0.042084546014666546,-0.2932034681240718,0.3589296171918921,0.8
2023-02-24,4,0.22274482,0.71766484,0.05959035,-0.49492002,0.8612697,0.9664484,0.25,0.75,-0.35803734362125395,-0.22250901972874998,-0.13688267171382906,-0.5004877895116806,0.33938927547606645,-0.5555555555555556
2023-02-27,12,0.32355717,0.25915495,0.41728783,0.06440221,0.60280055,0.934698,0.3333333333333333,0.3333333333333333,-0.2620256423950195,-0.21124750962480904,0.32642785012722014,-0.21659963329633078,0.3839870824549083,2.0
2023-02-28,2,0.011679407,0.95034605,0.037974536,-0.9386667,0.020568969,0.9629079,0.0,1.0,-0.47514557242393496,-0.2362648411653936,-0.46352112889289854,-0.45639483630657196,0.40903487993816556,-0.8333333333333334
2023-03-01,10,0.34008735,0.4738021,0.18611054,-0.13371477,0.7129042,0.971808,0.4,0.6,-0.3444360733032227,-0.23711410565301777,0.2107213079929352,-0.33599308629830676,0.3882561767166582,4.0
2023-03-02,6,0.13448797,0.72355086,0.1419612,-0.58906287,0.36548224,0.96289873,0.0,0.8333333333333334,-0.4183924287557602,-0.2593004415743053,-0.1706704407930374,-0.5538147787253062,0.39363759431849793,-0.4
2023-03-03,3,0.030662788,0.877096,0.09224117,-0.8464332,0.070739545,0.94356275,0.0,1.0,-0.48869507014751434,-0.29753679959103463,-0.3577381521463394,-0.5230702857176462,0.43944634630839585,-0.5
2023-03-06,8,0.45425582,0.18771996,0.35802424,0.26653585,0.59890646,0.9576252,0.5,0.125,-0.44826834201812743,-0.27741970075294375,0.7148041903972626,-0.38965341448783875,0.5071335881450797,1.6666666666666665
2023-03-07,10,0.17115286,0.6051688,0.2236783,-0.43401593,0.6211179,0.96891844,0.1,0.7,-0.34733818769454955,-0.2925510170869529,-0.08667774200439454,-0.33797110120455426,0.42939376017088343,0.25
2023-03-08,3,0.45691255,0.03507169,0.50801575,0.42184088,0.39396572,0.047851548,0.3333333333333333,0.0,-0.23622705936431884,-0.2684643893502653,0.658067935705185,0.08478693167368571,0.5526728365090664,-0.7
2023-03-09,7,0.30241778,0.56150144,0.13608071,-0.2590837,0.85933363,0.97052675,0.2857142857142857,0.5714285714285714,-0.17023122310638428,-0.24489381005987526,-0.08885246515274048,-0.09041958053906758,0.5186620097372869,1.3333333333333335
2023-03-10,8,0.3473664,0.47693127,0.17570235,-0.1295649,0.72884077,0.9515082,0.375,0.375,-0.026857557892799377,-0.22793628489598633,-0.10270733833312988,0.011064097285270691,0.35974494035073595,0.1428571428571428
2023-03-13,17,0.18729283,0.36856025,0.4441469,-0.18126743,0.5759335,0.9567618,0.17647058823529413,0.4117647058823529,-0.11641821265220642,-0.23975153444334865,-0.06484921276569366,-0.1899720033009847,0.32222773405327026,1.125
2023-03-14,9,0.1952675,0.64269966,0.16203287,-0.44743216,0.6051255,0.95857626,0.1111111111111111,0.7777777777777778,-0.11910145878791809,-0.2413729581050575,-0.32833070158958433,-0.2527548273404439,0.3255721022441425,-0.47058823529411764
2023-03-15,8,0.10228541,0.6836958,0.21401879,-0.5814104,0.50352377,0.9497718,0.125,0.75,-0.3197517156600952,-0.26669317213818433,-0.26165869235992434,-0.403369997938474,0.18960294151847684,-0.11111111111111116
2023-03-16,10,0.3688058,0.38204974,0.24914446,-0.013243943,0.71964866,0.9293333,0.4,0.3,-0.27058376669883727,-0.28014326421543956,0.2573398232460022,-0.3473621706167857,0.23557168260387557,0.25
2023-03-17,10,0.14850053,0.56041723,0.29108226,-0.41191673,0.6466889,0.96888787,0.1,0.6,-0.3270541340112686,-0.3001610264182091,-0.08486259877681734,-0.33552369475364685,0.22700233706473683,0.0
2023-03-20,19,0.14318286,0.5796616,0.27715555,-0.43647876,0.52242553,0.9659999,0.10526315789473684,0.631578947368421,-0.37809640169143677,-0.30120214968919756,-0.05838236212730408,-0.28721314668655396,0.21436747881135934,0.8999999999999999
2023-03-21,5,0.14399372,0.49909335,0.35691294,-0.35509962,0.49648267,0.9475707,0.2,0.4,-0.3596298933029175,-0.32530377805233,0.004530274868011497,-0.40116503834724426,0.21084947761081463,-0.736842105263158
2023-03-22,10,0.15084204,0.5673491,0.28180885,-0.41650707,0.45735273,0.91477203,0.1,0.6,-0.32664922475814817,-0.30676601827144623,-0.08985784053802492,-0.4026951491832733,0.1777918743450342,1.0
2023-03-23,9,0.28026783,0.41365534,0.30607685,-0.1333875,0.74183434,0.9504316,0.2222222222222222,0.4444444444444444,-0.3506779372692108,-0.30247133895754813,0.21729043126106262,-0.30166472991307575,0.12517999919308878,-0.09999999999999998
2023-03-24,8,0.16645025,0.578603,0.2549467,-0.4121528,0.6171847,0.938067,0.125,0.75,-0.3507251501083374,-0.29833297803997993,-0.06142764687538149,-0.32068245609601337,0.12520891137113782,-0.11111111111111116
2023-03-27,11,0.120689675,0.51845384,0.3608565,-0.39776418,0.54085785,0.93916905,0.09090909090909091,0.45454545454545453,-0.3429822325706482,-0.3214412972331047,-0.054781943559646606,-0.31443482637405396,0.11965399052236601,0.375
2023-03-28,8,0.062387843,0.74189734,0.19571483,-0.6795095,0.22594614,0.9242927,0.0,0.75,-0.40786421298980713,-0.3084834381937981,-0.27164530754089355,-0.49647549788157147,0.19321214854254756,-0.2727272727272727
2023-03-29,7,0.31270483,0.4338617,0.25343344,-0.121156864,0.792212,0.9563954,0.2857142857142857,0.42857142857142855,-0.3487941727042198,-0.3078555431216955,0.22763730883598327,-0.399476853509744,0.2313027205986421,-0.125
2023-03-30,7,0.33660337,0.4957393,0.1676573,-0.15913595,0.84436643,0.97169286,0.2857142857142857,0.42857142857142855,-0.3539438620209694,-0.28635919727385045,0.19480790942907333,-0.31993411233027774,0.22552239696097862,0.0
2023-03-31,4,0.24532892,0.72445315,0.030217923,-0.47912422,0.8743593,0.9722368,0.25,0.75,-0.36733814626932143,-0.2679937470704317,-0.1117860719561577,-0.2531390115618706,0.23174674395849823,-0.4285714285714286
2023-04-03,12,0.100584686,0.4598917,0.43952358,-0.35930705,0.44051984,0.9504763,0.0,0.5,-0.35964672118425367,-0.2992858920246363,0.00033967047929761573,-0.3325224071741104,0.23112181768773477,2.0
2023-04-04,6,0.061961625,0.7382541,0.19978432,-0.6762924,0.26922035,0.9405725,0.0,0.8333333333333334,-0.3590033009648323,-0.3113997165113688,-0.31728911846876146,-0.504907896121343,0.23001054123197426,-0.5
2023-04-05,5,0.15989307,0.5927545,0.2473524,-0.43286148,0.7194005,0.9741392,0.2,0.6,-0.4213442236185074,-0.35413483418524266,-0.011517253518104564,-0.4894869824250539,0.1877974611600368,-0.16666666666666663
2023-04-06,6,0.34479293,0.4638596,0.19134746,-0.11906666,0.8768843,0.9661332,0.3333333333333333,0.5,-0.41333036571741105,-0.34713398292660713,0.2942637026309967,-0.4094068532188733,0.2020946450841756,0.19999999999999996
2023-04-11,17,0.10152772,0.4603293,0.43814301,-0.35880154,0.560976,0.9688259,0.058823529411764705,0.47058823529411764,-0.3892658308148384,-0.3585958153009415,0.03046428710222243,-0.30357656131188077,0.19944800982197536,1.8333333333333335
2023-04-12,7,0.21770443,0.44017577,0.34211978,-0.22247136,0.70595956,0.9675346,0.14285714285714285,0.42857142857142855,-0.36189869195222857,-0.3606560118496418,0.13942733556032183,-0.2334465210636457,0.21348073755757804,-0.5882352941176471
2023-04-13,10,0.51674587,0.41480613,0.06844802,0.10193974,0.80540323,0.9607534,0.5,0.5,-0.2062522605061531,-0.3331874169409275,0.30819199830293653,-0.15977772076924643,0.21063577340721545,0.4285714285714286
2023-04-14,6,0.21390621,0.55842155,0.2276722,-0.34451535,0.6367793,0.95643026,0.3333333333333333,0.5,-0.1885830357670784,-0.3213426642119884,-0.15593231767416,-0.1550156573454539,0.18952153864873078,-0.4
2023-04-17,11,0.25280344,0.46265447,0.2845421,-0.20985101,0.6592203,0.9496818,0.2727272727272727,0.5454545454545454,-0.20673990547657012,-0.33117301762104034,-0.0031111061573028675,-0.15080887575944266,0.18550275980809938,0.8333333333333333
2023-04-18,7,0.30622497,0.6299903,0.063784726,-0.32376534,0.63109094,0.96038646,0.2857142857142857,0.7142857142857143,-0.19973266422748565,-0.3267654478549957,-0.12403267323970796,-0.2927105675141017,0.17886573060932695,-0.36363636363636365
2023-04-19,7,0.21514738,0.3114095,0.4734431,-0.09626215,0.5502578,0.94244045,0.14285714285714285,0.2857142857142857,-0.17449082285165787,-0.3097546171396971,0.07822867333889008,-0.2099594995379448,0.1836948181491529,0.0
2023-04-20,5,0.5211774,0.14477842,0.33404416,0.37639898,0.20809758,0.37348077,0.8,0.0,-0.11959897428750992,-0.27317968718707564,0.4959979549050331,-0.014542835454146067,0.294523042549881,-0.2857142857142857
2023-04-21,7,0.19684695,0.584591,0.21856208,-0.38774404,0.71229804,0.9642648,0.14285714285714285,0.5714285714285714,-0.12824471145868302,-0.27174153588712213,-0.2594993278384209,-0.03586906939744949,0.30328037555724185,0.3999999999999999
2023-04-24,14,0.12823911,0.5597799,0.311981,-0.4315408,0.5218338,0.9440506,0.07142857142857142,0.6428571428571429,-0.17258266657590865,-0.2866491999477148,-0.25895812064409257,-0.14762861529986063,0.33294729118008043,1.0
2023-04-25,9,0.20322023,0.5670907,0.22968909,-0.36387044,0.55268466,0.970604,0.1111111111111111,0.7777777777777778,-0.1806036874651909,-0.2842350821942091,-0.18326675444841384,-0.39438508947690326,0.33794552961679486,-0.3571428571428571
2023-04-26,3,0.36512855,0.41322994,0.2216415,-0.048101407,0.61315984,0.8070214,0.3333333333333333,0.3333333333333333,-0.17097153887152672,-0.26675194371491673,0.12287013232707977,-0.28117087855935097,0.3416168145540671,-0.6666666666666667
2023-04-27,5,0.27131107,0.46954384,0.25914502,-0.1982328,0.56228334,0.9703771,0.4,0.4,-0.2858978949487209,-0.24268810767680407,0.08766509518027304,-0.20340154940883318,0.15960619198384715,0.6666666666666667
2023-04-28,6,0.54183835,0.2511567,0.20700498,0.29068163,0.67667073,0.67494386,0.5,0.3333333333333333,-0.15021276101469994,-0.22209618296474218,0.44089439138770103,0.014782474686702093,0.288060575281686,0.19999999999999996
2023-05-02,18,0.17704172,0.43052533,0.39243293,-0.2534836,0.56272703,0.95460796,0.1111111111111111,0.3888888888888889,-0.11460132226347923,-0.22681356500834227,-0.13888227120041846,-0.05367825428644816,0.2535222444791499,2.0
2023-05-03,8,0.27833676,0.6346463,0.087016955,-0.35630953,0.7565832,0.9713381,0.375,0.625,-0.11308914050459862,-0.2206728307530284,-0.24322039261460304,-0.10637049873669942,0.2516795807661747,-0.5555555555555556
2023-05-04,9,0.24219097,0.681093,0.07671602,-0.43890205,0.765977,0.9717979,0.2222222222222222,0.7777777777777778,-0.19124926924705504,-0.22465258073061706,-0.24765278100967408,-0.3495650589466095,0.28493686294916165,0.125
2023-05-05,6,0.4429551,0.4966444,0.060400486,-0.05368935,0.7434134,0.8529513,0.5,0.5,-0.16234057918190956,-0.19352242723107338,0.10865122973918914,-0.2829669776062171,0.2913123167241886,-0.33333333333333337
2023-05-09,18,0.15556312,0.59313893,0.2512979,-0.43757585,0.5939234,0.9418011,0.1111111111111111,0.7222222222222222,-0.3079920746386051,-0.19375814571976663,-0.12958377227187157,-0.3100557488699754,0.1611714949274525,2.0
2023-05-10,3,0.65974873,0.2918367,0.048414547,0.36791202,0.8793528,0.8069377,0.6666666666666666,0.3333333333333333,-0.1837129510939121,-0.16940921135246753,0.5516249753534794,-0.041117724031209946,0.34660989482081694,-0.8333333333333334
2023-05-11,6,0.3388522,0.2418493,0.4192985,0.09700289,0.6451392,0.96732324,0.3333333333333333,0.16666666666666666,-0.09305046573281288,-0.146618989482522,0.19005335941910745,0.00911302367846171,0.3494520893038794,1.0
2023-05-12,8,0.060100347,0.70461655,0.23528309,-0.64451617,0.32310608,0.9580026,0.0,0.875,-0.13417328968644143,-0.16772123016417026,-0.5103428803384304,-0.05986708402633667,0.40758824876289473,0.33333333333333326
2023-05-15,10,0.447047,0.3186541,0.2342989,0.1283929,0.75747055,0.9251592,0.5,0.3,-0.09775683879852295,-0.16639857180416584,0.2261497437953949,-0.1397067904472351,0.42436578402227876,0.25
2023-05-16,7,0.18425377,0.6752237,0.14052252,-0.49096993,0.6385522,0.9707736,0.14285714285714285,0.8571428571428571,-0.10843565464019775,-0.17372130043804646,-0.38253427147865293,-0.3356977303822835,0.4355785413740738,-0.30000000000000004
2023-05-17,8,0.35924464,0.3611852,0.27957013,-0.0019405317,0.6911926,0.8665656,0.375,0.375,-0.1824061658233404,-0.1633257764391601,0.18046563416719436,-0.1215058509260416,0.3591624215535989,0.1428571428571428
2023-05-18,9,0.2765905,0.5313228,0.19208667,-0.2547323,0.7884355,0.96084505,0.3333333333333333,0.5555555555555556,-0.25275320671498774,-0.15987412510439752,-0.001979104056954395,-0.24921425618231297,0.3234225943409768,0.125
2023-05-19,4,0.05119873,0.46040574,0.48839554,-0.409207,0.5577943,0.91003805,0.0,0.5,-0.20569136999547483,-0.1755213669501245,-0.2035156164318323,-0.22195994295179844,0.26378693177868534,-0.5555555555555556
2023-05-22,8,0.18930356,0.44972813,0.3609683,-0.26042455,0.57472926,0.94516397,0.25,0.5,-0.28345486186444757,-0.20736254369840026,0.023030307516455628,-0.3081212838490804,0.1867363092992206,1.0
2023-05-23,9,0.35161245,0.4199533,0.22843422,-0.06834082,0.68526244,0.9147158,0.4444444444444444,0.4444444444444444,-0.19892904125154018,-0.19139238288626076,0.13058821819722652,-0.24599078794320425,0.16353155115454676,0.125
2023-05-24,9,0.5017755,0.17087236,0.32735217,0.3309031,0.67078024,0.9580571,0.5555555555555556,0.1111111111111111,-0.13236031234264373,-0.15327018788084387,0.4632634252309799,0.0007125784953435262,0.28580191269356686,0.0
2023-05-25,10,0.40685835,0.41864038,0.1745013,-0.01178202,0.79510355,0.9601198,0.4,0.4,-0.08377025425434112,-0.1356657668016851,0.07198823392391204,0.08359342316786449,0.2803971214978341,0.11111111111111116
2023-05-26,5,0.625255,0.24599886,0.12874621,0.37925613,0.70662236,0.89695525,0.8,0.2,0.07392236888408661,-0.11429789001122118,0.30533376038074495,0.23279240727424622,0.2732396984348719,-0.5
2023-05-30,9,0.103576325,0.28643024,0.60999346,-0.18285389,0.40174606,0.90526944,0.0,0.3333333333333333,0.08943650126457214,-0.11352894464507698,-0.2722903937101364,0.06154007216294607,0.2507899883334652,0.8
2023-05-31,8,0.17353582,0.60536957,0.22109456,-0.43183374,0.65833193,0.9524889,0.125,0.75,0.016737917065620424,-0.14965471336618066,-0.4485716611146927,-0.07847716907660167,0.34350619967136625,-0.11111111111111116
2023-06-01,5,0.17489621,0.70398027,0.12112355,-0.5290841,0.70706886,0.95788795,0.2,0.8,-0.15525952279567717,-0.16343473801389335,-0.3738245636224747,-0.38125724097092945,0.36169473644123173,-0.375
2023-06-02,2,0.92139953,0.04804053,0.030559935,0.87335896,0.07336118,0.06931154,1.0,0.0,0.02176867425441742,-0.10195131311193109,0.8515902906656265,-0.029186288515726726,0.5924667957531554,-0.6
2023-06-05,10,0.27257386,0.45617828,0.27124786,-0.18360445,0.6857268,0.91403806,0.3,0.5,-0.09080344140529632,-0.08918643305078149,-0.09280100762844086,0.0535568098227183,0.5601531151031014,4.0
2023-06-06,4,0.23618402,0.6793916,0.08442434,-0.44320762,0.85890245,0.95985836,0.25,0.75,-0.14287418723106385,-0.10866234665736556,-0.30033343434333803,0.08218229810396831,0.5825042182783996,-0.6
2023-06-07,7,0.047729038,0.6138856,0.33838534,-0.56615657,0.42861173,0.96919906,0.0,0.5714285714285714,-0.16973875164985658,-0.11509138261899352,-0.3964178144931793,-0.39765621225039166,0.6019357274581686,0.75
2023-06-08,4,0.014876297,0.94703907,0.038084626,-0.93216276,0.019054752,0.9618772,0.0,1.0,-0.25035448670387267,-0.1800951219163835,-0.6818082749843597,-0.64717564980189,0.6835519910244833,-0.4285714285714286
2023-06-09,5,0.04362772,0.55914813,0.39722413,-0.5155204,0.51349354,0.9725313,0.0,0.6,-0.5281303584575653,-0.2107212862931192,0.012609964609146096,-0.6712799072265625,0.269609513946919,0.25
2023-06-12,12,0.23598872,0.36515334,0.39885795,-0.12916464,0.4945494,0.8533415,0.16666666666666666,0.5,-0.5172423958778382,-0.18495370959863067,0.38807775974273684,-0.525615930557251,0.28750650719638404,1.4
2023-06-13,5,0.36045444,0.38806254,0.25148308,-0.027608097,0.48134694,0.73825055,0.4,0.4,-0.4341224908828735,-0.1927537596784532,0.40651439428329467,-0.2240977088610331,0.3641277155452292,-0.5833333333333333
2023-06-14,10,0.29694924,0.50794685,0.19510385,-0.21099763,0.73156494,0.96902746,0.3,0.6,-0.3630907028913498,-0.17875514468178152,0.15209307670593264,-0.12259011964003245,0.3665651738104827,1.0
2023-06-15,5,0.2288514,0.5639431,0.20720556,-0.33509168,0.80039334,0.97322017,0.2,0.6,-0.24367648661136626,-0.19541270211338996,-0.09141519367694856,-0.1912324676911036,0.18915751935716632,-0.5
2023-06-16,4,0.293522,0.40399563,0.30248234,-0.11047364,0.715864,0.751236,0.25,0.5,-0.16266713589429854,-0.1881997685879469,0.052193495631217945,-0.21885431557893753,0.11635461139636916,-0.19999999999999996
2023-06-19,7,0.37477738,0.45500705,0.17021558,-0.080229685,0.78352356,0.9468704,0.42857142857142855,0.42857142857142855,-0.15288014560937882,-0.17175090350210667,0.0726504608988762,-0.175265001753966,0.1218074016082156,0.75
2023-06-20,6,0.47265026,0.36468956,0.16266017,0.1079607,0.88052315,0.9346556,0.5,0.3333333333333333,-0.12576638609170915,-0.1533316407352686,0.23372708708047868,-0.027580874661604565,0.1643298919560859,-0.1428571428571429
2023-06-21,8,0.3399462,0.3651649,0.29488885,-0.02521868,0.61021084,0.83679307,0.25,0.5,-0.08861059695482254,-0.1511755336076021,0.06339191645383835,0.0008374452590942383,0.16121411774478642,0.33333333333333326
2023-06-22,10,0.19471319,0.56076473,0.24452206,-0.36605155,0.5657865,0.96002936,0.1,0.7,-0.0948025718331337,-0.18602326698601246,-0.27124898284673693,-0.09443651139736176,0.1731970156054884,0.25
2023-06-23,8,0.27707252,0.2969382,0.42598927,-0.01986567,0.61362946,0.9430902,0.25,0.25,-0.07668097764253616,-0.18642744943499565,0.056815308332443235,-0.13704530149698257,0.17586701009040848,-0.19999999999999996
2023-06-26,13,0.16313577,0.5062142,0.33065003,-0.34307846,0.5460486,0.9179605,0.15384615384615385,0.5384615384615384,-0.12925073355436326,-0.22254417911171914,-0.2138277307152748,-0.24299856275320053,0.2126346351895644,0.625
2023-06-27,9,0.17839663,0.64194816,0.17965524,-0.46355152,0.6803776,0.9577649,0.2222222222222222,0.6666666666666666,-0.24355317801237106,-0.2365790605545044,-0.21999834328889847,-0.27549855162700015,0.20677068233529122,-0.3076923076923077
2023-06-28,8,0.14807309,0.52778864,0.32413828,-0.37971553,0.57851434,0.94849056,0.125,0.625,-0.3144525483250618,-0.23397314995527269,-0.06526298373937606,-0.3954485058784485,0.17084575689593368,-0.11111111111111116
2023-06-29,7,0.41485447,0.38776207,0.1973835,0.027092364,0.857947,0.9440283,0.42857142857142855,0.42857142857142855,-0.23582376465201377,-0.2061643274500966,0.26291612833738326,-0.27205822989344597,0.22351237770606394,-0.125
2023-06-30,5,0.08848496,0.8629907,0.048524387,-0.77450573,0.1045267,0.936953,0.0,1.0,-0.3867517776787281,-0.288557562418282,-0.38775395676493646,-0.3757096342742443,0.2869996393748671,-0.2857142857142857
2023-07-03,11,0.29291832,0.55130345,0.15577823,-0.2583851,0.7791278,0.97147626,0.2727272727272727,0.6363636363636364,-0.36981310322880745,-0.29229659456759693,0.11142801120877266,-0.3352661542594433,0.2926650074007321,1.2000000000000002
2023-07-04,2,0.3201986,0.6397569,0.04004451,-0.31955832,0.6599923,0.8831628,0.5,0.5,-0.34101446345448494,-0.28611412961035965,0.021456141024827957,-0.4508163829644521,0.28818530060261116,-0.8181818181818181
2023-07-05,4,0.3104395,0.46701905,0.22254144,-0.15657955,0.7998798,0.9549988,0.25,0.5,-0.29638726785779,-0.26563527900725603,0.13980771377682688,-0.2448409895102183,0.297810174475121,1.0
2023-07-06,6,0.17065184,0.70632315,0.12302509,-0.5356713,0.6115314,0.9641275,0.3333333333333333,0.6666666666666666,-0.40893999934196473,-0.24581070560961962,-0.12673129439353942,-0.33726972341537476,0.24700242219349414,0.5
2023-07-07,5,0.13570236,0.5773075,0.2869901,-0.44160518,0.66903675,0.97097105,0.2,0.6,-0.3423598885536194,-0.24211494494229555,-0.09924529194831849,-0.3779520094394684,0.14941965892632617,-0.16666666666666663
2023-07-10,7,0.38304457,0.053280145,0.5636753,0.32976443,0.38092533,0.14956832,0.2857142857142857,0.0,-0.224729984998703,-0.21916849184781312,0.5544944107532501,-0.2158373494942983,0.3408886527424719,0.3999999999999999
2023-07-11,6,0.29286078,0.44647416,0.26066506,-0.15361337,0.7473759,0.929256,0.3333333333333333,0.5,-0.19154099524021148,-0.22546875569969416,0.03792762160301208,-0.08848470946153005,0.3374084719964765,-0.1428571428571429
2023-07-12,8,0.07389306,0.7865905,0.13951643,-0.71269745,0.35136315,0.96202093,0.0,0.875,-0.3027645736932755,-0.25055374670773745,-0.4099328726530075,-0.17884879807631174,0.4074022060697534,0.33333333333333326
2023-07-13,8,0.10221223,0.83191216,0.0658756,-0.7296999,0.5419829,0.9720572,0.125,0.875,-0.3415702968835831,-0.2702841581776738,-0.38812961280345915,-0.5320035765568415,0.4428332220372797,0.0
2023-07-14,4,0.19702032,0.64086366,0.16211608,-0.4438433,0.6678883,0.9632906,0.25,0.75,-0.34201792180538176,-0.2869526414200664,-0.10182538330554963,-0.6287468870480856,0.4429607314962172,-0.5
2023-07-17,11,0.19033314,0.66977924,0.1398876,-0.4794461,0.628564,0.959894,0.18181818181818182,0.7272727272727273,-0.503860029578209,-0.30691346284002063,0.024413916468620345,-0.5509964426358541,0.23531228432708012,1.75
2023-07-18,8,0.1654186,0.685463,0.1491184,-0.5200444,0.6506465,0.96787035,0.125,0.75,-0.5771462321281433,-0.3383137172088027,0.05710184574127197,-0.4811112682024638,0.13437109120586024,-0.2727272727272727
2023-07-19,10,0.16187567,0.52258605,0.31553826,-0.3607104,0.5688005,0.97229135,0.1,0.5,-0.5067488253116608,-0.355088303796947,0.14603841304779053,-0.45340030392011005,0.13776222143542832,0.25
2023-07-20,5,0.12552431,0.60660607,0.26786962,-0.48108172,0.39910933,0.93423903,0.0,0.8,-0.45702518820762633,-0.36083981227129697,-0.024056535959243786,-0.45394550760587055,0.06021447550640534,-0.5
2023-07-21,5,0.25133678,0.6654649,0.0831983,-0.41412812,0.7752625,0.9206524,0.2,0.8,-0.4510821521282196,-0.38055293504148724,0.03695402741432191,-0.4186400870482127,0.06323157808257351,0.0
2023-07-24,10,0.13179618,0.55050486,0.317699,-0.41870865,0.48972926,0.94805676,0.1,0.7,-0.4389346599578857,-0.38433444444090126,0.02022600769996641,-0.4379728337128957,0.062246789572652846,1.0
2023-07-25,7,0.21878019,0.49235064,0.28886914,-0.27357045,0.5777541,0.95119846,0.2857142857142857,0.42857142857142855,-0.38963987231254577,-0.37483539078384637,0.11606942415237426,-0.3688024083773295,0.07764551761935001,-0.30000000000000004
2023-07-26,9,0.31667492,0.4362451,0.24707992,-0.11957017,0.7821733,0.9688986,0.3333333333333333,0.4444444444444444,-0.3414118245244026,-0.36182812284678223,0.22184165120124816,-0.27061642458041507,0.14541862957659749,0.2857142857142858
2023-07-27,8,0.24978873,0.6823456,0.06786562,-0.43255693,0.7754932,0.9513275,0.25,0.75,-0.331706865131855,-0.3848105873912573,-0.10085006207227709,-0.2752325162291527,0.13501400761036722,-0.11111111111111116
2023-07-28,6,0.35745582,0.34158763,0.30095658,0.015868207,0.7151198,0.9201103,0.3333333333333333,0.3333333333333333,-0.2457075987011194,-0.34529189029708507,0.26157580614089965,-0.1787529643625021,0.19361748817772967,-0.25
2023-07-31,13,0.33936116,0.39412722,0.2665116,-0.05476606,0.64853966,0.9662058,0.46153846153846156,0.3076923076923077,-0.17291908003389836,-0.335110938642174,0.1181530211120844,-0.1571515928953886,0.18027020812221073,1.1666666666666665
2023-08-01,6,0.25145438,0.38467035,0.3638753,-0.13321595,0.692613,0.9661912,0.3333333333333333,0.3333333333333333,-0.14484818018972873,-0.3257938199676573,0.0116322312504053,-0.05737126680711905,0.17138783166288102,-0.5384615384615384
2023-08-02,5,0.19817144,0.5601966,0.24163198,-0.36202514,0.55756885,0.9583305,0.2,0.6,-0.19333917386829852,-0.33606609934940934,-0.1686859678477049,-0.1833357165257136,0.19510582257801726,-0.16666666666666663
2023-08-03,10,0.32296744,0.40027252,0.2767601,-0.077305056,0.6214728,0.9669316,0.3,0.5,-0.1222887996584177,-0.31314778747037053,0.04498374350368976,-0.1908487156033516,0.14427675887082586,1.0
2023-08-04,7,0.19384122,0.65073764,0.15542115,-0.4568964,0.6840588,0.96407306,0.14285714285714285,0.7142857142857143,-0.21684172004461288,-0.31391234816983343,-0.2400546744465828,-0.2987421974539757,0.18127102825792082,-0.30000000000000004
2023-08-07,10,0.03450096,0.5922493,0.37324977,-0.5577483,0.44251737,0.9727314,0.0,0.6,-0.3174381718039513,-0.35828798534348605,-0.24031014591455457,-0.3639832561214765,0.20663210097845897,0.4285714285714286
2023-08-08,5,0.20473365,0.60974324,0.18552308,-0.4050096,0.81569433,0.97443557,0.2,0.6,-0.3717969015240669,-0.37085779653862117,-0.03321269601583482,-0.47321810324986774,0.1800998822483011,-0.5
2023-08-09,7,0.17536728,0.66312605,0.16150665,-0.48775882,0.70638996,0.96602416,0.14285714285714285,0.7142857142857143,-0.396943636238575,-0.35961086498573425,-0.09081517904996872,-0.48350557684898376,0.187038603745037,0.3999999999999999
2023-08-10,4,0.12231487,0.55557126,0.32211387,-0.43325642,0.39773878,0.9484586,0.0,0.75,-0.46813390851020814,-0.3447886903770268,0.034877490997314464,-0.44200827678044635,0.05861586610910918,-0.4285714285714286
2023-08-11,2,0.910362,0.056498248,0.03313968,0.85386384,0.080896534,0.08347274,1.0,0.0,-0.20598186254501344,-0.2799033333547413,1.0598456978797912,-0.02238379915555318,0.5953311171167904,-0.5
2023-08-14,12,0.06698575,0.5057299,0.42728436,-0.43874416,0.43921375,0.9343557,0.0,0.5,-0.18218103051185608,-0.2778682355768979,-0.25656312704086304,-0.00604557991027832,0.5799316349783565,5.0
2023-08-15,10,0.3036248,0.59566,0.10071524,-0.29203516,0.77783334,0.97417325,0.3,0.6,-0.15958614349365235,-0.26646777437999847,-0.1324490189552307,0.04102817177772522,0.5712148283303133,-0.16666666666666663
2023-08-16,8,0.06786957,0.6075737,0.32455677,-0.53970414,0.4662582,0.97026867,0.0,0.625,-0.169975209236145,-0.27541746096685527,-0.36972893476486207,-0.42349448800086975,0.579093742147897,-0.19999999999999996
2023-08-17,3,0.46590868,0.49624732,0.03784402,-0.030338645,0.60170156,0.7169884,0.3333333333333333,0.6666666666666666,-0.08939165472984315,-0.252880307007581,0.05905300974845887,-0.2873593171437581,0.5610505944075541,-0.625
2023-08-18,3,0.010947655,0.9360547,0.052997634,-0.925107,0.05229908,0.9680962,0.0,1.0,-0.4451858222484589,-0.27842925088480114,-0.4799211800098419,-0.4983832637468974,0.32971686804609984,0.0
2023-08-21,9,0.10091338,0.7269935,0.17209312,-0.62608016,0.54913515,0.9686573,0.1111111111111111,0.7777777777777778,-0.48265302181243896,-0.28879782604053617,-0.14342713356018066,-0.5271752675374349,0.33930633717669634,2.0
2023-08-22,7,0.21896754,0.47979063,0.30124184,-0.26082307,0.6531723,0.9691602,0.2857142857142857,0.42857142857142855,-0.4764106035232544,-0.2881604571826756,0.21558753252029417,-0.6040034095446268,0.34394537416222415,-0.2222222222222222
2023-08-23,5,0.34200764,0.46691376,0.19107863,-0.124906085,0.7764129,0.9195062,0.4,0.4,-0.39345099180936816,-0.28842725278809667,0.2685449063777924,-0.3372697706023852,0.3736079327732583,-0.2857142857142857
2023-08-24,9,0.29162508,0.33354294,0.37483197,-0.041917894,0.6609447,0.96812284,0.3333333333333333,0.3333333333333333,-0.3957668416202068,-0.268895301129669,0.35384894758462904,-0.14254901682337126,0.3708199281100631,0.8
2023-08-25,4,0.27825528,0.4548956,0.26684916,-0.1766403,0.7514177,0.9309929,0.25,0.5,-0.24607350155711175,-0.27852072659879923,0.06943319961428643,-0.1144880938033263,0.2268284763673879,-0.5555555555555556
2023-08-29,9,0.21264844,0.5417019,0.24564965,-0.32905352,0.74421823,0.9567615,0.2222222222222222,0.5555555555555556,-0.18666817471385003,-0.2922350997105241,-0.142385346442461,-0.1825372390449047,0.11251699114628554,1.25
2023-08-30,4,0.24417436,0.6203912,0.1354344,-0.37621686,0.7996638,0.97345936,0.25,0.75,-0.20974693223834037,-0.3043851451948285,-0.16646992638707162,-0.2939702272415161,0.14000616314205475,-0.5555555555555556
2023-08-31,6,0.27449152,0.2365966,0.48891184,0.037894923,0.515525,0.9542494,0.3333333333333333,0.16666666666666666,-0.17718673050403594,-0.284389141947031,0.2150816537439823,-0.22245848551392555,0.17834978867662374,0.5
2023-09-01,7,0.24067095,0.4636275,0.29570156,-0.22295651,0.7007124,0.97172314,0.2857142857142857,0.42857142857142855,-0.2133944533765316,-0.29167171455919744,-0.009562055021524435,-0.18709281459450722,0.16161436117720598,0.16666666666666674
2023-09-04,10,0.28957266,0.44180503,0.26862228,-0.15223236,0.7282167,0.9443838,0.3,0.4,-0.20851286575198175,-0.27643851302564143,0.05628050193190576,-0.11243131632606189,0.1633612492434213,0.4285714285714286
2023-09-05,4,0.44106302,0.25451624,0.30442077,0.18654679,0.8128168,0.9511493,0.5,0.25,-0.10539280399680137,-0.2392237577587366,0.29193959161639216,-0.06288069486618042,0.2208624772637295,-0.6
2023-09-06,5,0.022044081,0.9533499,0.024606079,-0.93130577,0.044483855,0.96948147,0.0,1.0,-0.21641058549284936,-0.2655385661870241,-0.7148951806128025,-0.2989971141020457,0.43077916292013796,0.25
2023-09-07,4,0.03452949,0.70425445,0.26121607,-0.66972494,0.2922232,0.96423185,0.0,0.75,-0.35793455839157107,-0.27463687248528,-0.31179038286209104,-0.4714946399132411,0.44242518793195507,-0.19999999999999996
2023-09-08,4,0.23556575,0.4222892,0.3421451,-0.18672341,0.65753573,0.88613075,0.25,0.5,-0.3506879389286041,-0.2623102221637964,0.16396452784538268,-0.5959180394808451,0.44547497213111964,0.0
2023-09-11,11,0.060895585,0.50799334,0.43111107,-0.44709778,0.4138936,0.9700084,0.0,0.5454545454545454,-0.40966102182865144,-0.32735830284655093,-0.03743675649166106,-0.434515376885732,0.4319470229342616,1.75
2023-09-12,7,0.33824497,0.42139444,0.24036054,-0.0831495,0.7392253,0.90982705,0.2857142857142857,0.42857142857142855,-0.46360027939081194,-0.30957856997847555,0.38045077919960024,-0.23899022986491522,0.3474592518088364,-0.36363636363636365
2023-09-13,8,0.2714414,0.59818053,0.13037801,-0.32673916,0.84692067,0.97420686,0.25,0.625,-0.3426869586110115,-0.3113137699663639,0.015947796404361725,-0.285662146906058,0.22901643721246454,0.1428571428571428
2023-09-14,10,0.3578089,0.28493825,0.3572529,0.07287066,0.6657833,0.96918976,0.4,0.3,-0.19416783899068832,-0.28068502992391586,0.26703849583864214,-0.11233933518330257,0.20324785316513827,0.25
2023-09-15,4,0.11607869,0.66531587,0.21860546,-0.5492372,0.48043475,0.900005,0.0,0.75,-0.2666705951094627,-0.30662995725870135,-0.2825665965676308,-0.2677018990119298,0.25737829004751506,-0.6
2023-09-18,14,0.19906472,0.4367547,0.36418056,-0.23769,0.53788656,0.962494,0.14285714285714285,0.5,-0.22478903979063034,-0.2722591072320938,-0.012900961935520178,-0.23801884551843008,0.23690183606451667,2.5
2023-09-19,4,0.39657792,0.5509713,0.05245076,-0.15439339,0.9311096,0.96075284,0.5,0.5,-0.23903781771659852,-0.24867476895451546,0.08464442789554597,-0.3137735277414322,0.22823703124040953,-0.7142857142857143
2023-09-20,8,0.1234183,0.5263304,0.3502513,-0.40291214,0.47745094,0.9418422,0.0,0.5,-0.2542724132537842,-0.25577922239899636,-0.14863972663879393,-0.26499851047992706,0.23789250348377344,1.0
2023-09-21,9,0.19542025,0.54477245,0.25980732,-0.3493522,0.45031866,0.9534594,0.2222222222222222,0.5555555555555556,-0.33871698677539824,-0.26700152866542337,-0.010635223984718334,-0.3022192468245824,0.15226171748598413,0.125
2023-09-22,4,0.18429025,0.61824614,0.19746363,-0.4339559,0.6511392,0.9662102,0.25,0.75,-0.3156607300043106,-0.28660342935472727,-0.11829517781734467,-0.3954067528247833,0.11707717857876744,-0.5555555555555556
2023-09-25,10,0.33038145,0.4105025,0.25911602,-0.080121025,0.7651505,0.96513677,0.3,0.4,-0.2841469347476959,-0.28177746552973987,0.20402590930461884,-0.28780971467494965,0.15752950872379895,1.5
2023-09-26,4,0.23317981,0.48181957,0.2850006,-0.24863978,0.8558103,0.95413315,0.25,0.5,-0.30299621224403384,-0.2777567783370614,0.05435643494129183,-0.25423890352249146,0.1431000384112163,-0.6
2023-09-27,1,0.8867725,0.090921916,0.022305546,0.7958506,0.0,0.090921916,1.0,0.0,-0.06324366927146911,-0.21915340665727853,0.8590942442417144,0.15569659074147543,0.49799225491903576,-0.75
2023-09-28,5,0.09952323,0.61069995,0.28977686,-0.5111767,0.4124476,0.9358539,0.0,0.8,-0.09560856819152833,-0.24660698808729647,-0.4155681371688843,0.012011364102363586,0.5257217937592926,4.0
2023-09-29,6,0.29964748,0.41810203,0.28225055,-0.11845452,0.7012109,0.9563341,0.3333333333333333,0.3333333333333333,-0.03250829130411148,-0.24138188883662223,-0.0859462320804596,0.0554064487417539,0.49286621116980306,0.19999999999999996
2023-10-02,7,0.109392084,0.36614576,0.5244622,-0.25675365,0.506549,0.96710354,0.14285714285714285,0.42857142857142855,-0.06783481687307358,-0.2466079533100128,-0.188918836414814,-0.29546162734429043,0.5033506733199733,0.16666666666666674
2023-10-03,4,0.289435,0.46638075,0.24418426,-0.17694575,0.7909605,0.9169282,0.5,0.5,-0.05349601060152054,-0.2647825799882412,-0.12344973534345627,-0.18405130753914514,0.4979041965145444,-0.4285714285714286
2023-10-04,6,0.18177474,0.5075453,0.31067994,-0.3257706,0.6358279,0.95437914,0.16666666666666666,0.5,-0.2778202429413795,-0.2345058210194111,-0.04795034378767016,-0.2531566619873047,0.15229196624892025,0.5
2023-10-05,7,0.038953338,0.76932126,0.19172542,-0.73036784,0.24314097,0.9639451,0.0,0.8571428571428571,-0.3216584697365761,-0.23753796592354776,-0.4087093695998192,-0.41102805733680725,0.24161255645314358,0.16666666666666674
2023-10-06,9,0.343562,0.4847322,0.17170578,-0.14117022,0.7459747,0.9670953,0.3333333333333333,0.4444444444444444,-0.3262016087770462,-0.23526030629873276,0.1850313901901245,-0.3991028815507889,0.23700605170101718,0.2857142857142858
2023-10-09,10,0.24362853,0.2828527,0.47351876,-0.039224207,0.64425176,0.95023733,0.2,0.3,-0.28269571959972384,-0.21486662775278093,0.2434715121984482,-0.3035874217748642,0.27053496658696435,0.11111111111111116
2023-10-10,9,0.15391245,0.47402218,0.3720654,-0.3201097,0.47469425,0.96924835,0.1111111111111111,0.4444444444444444,-0.3113285094499588,-0.22671463750302792,-0.00878118574619291,-0.16683470706144968,0.2640427228469625,-0.09999999999999998
2023-10-11,6,0.22312756,0.46171603,0.31515646,-0.23858845,0.72023875,0.97046936,0.16666666666666666,0.5,-0.29389208257198335,-0.22230710200965403,0.055303630232810985,-0.19930745164553323,0.2657238394248537,-0.33333333333333337
2023-10-12,7,0.28664336,0.35139912,0.36195752,-0.06475573,0.499191,0.9346051,0.42857142857142855,0.2857142857142857,-0.1607696607708931,-0.22918842136859893,0.09601393043994905,-0.20781795928875604,0.11813246918086137,0.16666666666666674
2023-10-13,4,0.039333932,0.67443776,0.28622836,-0.6351038,0.4640647,0.9696461,0.0,0.75,-0.25955638140439985,-0.23348175287246703,-0.3755474403500557,-0.31281600147485733,0.24064278421215607,-0.4285714285714286
2023-10-16,13,0.26954868,0.59125394,0.13919735,-0.32170528,0.7297685,0.9722555,0.3076923076923077,0.6923076923076923,-0.31605259627103804,-0.23768251687288283,-0.005652685463428508,-0.3405216112732887,0.20675644235036542,2.25
2023-10-17,2,0.4152401,0.49087384,0.093886055,-0.075633734,1.2141904,0.95964324,0.5,0.5,-0.26715740412473676,-0.2337445341050625,0.19152366966009138,-0.34414761265118915,0.23282180728992857,-0.8461538461538461
2023-10-18,10,0.26548332,0.5495704,0.18494631,-0.28408703,0.58614266,0.9291175,0.2,0.6,-0.27625712007284164,-0.2278032787144184,-0.007829912006855011,-0.2271420160929362,0.23231464597818677,4.0
2023-10-19,7,0.14875707,0.7903624,0.06088051,-0.6416054,0.6725322,0.97455513,0.14285714285714285,0.8571428571428571,-0.39162704944610593,-0.24241593703627587,-0.2499783277511597,-0.3337753812472026,0.24396505233691823,-0.30000000000000004
2023-10-20,5,0.061831176,0.5643562,0.37381262,-0.50252503,0.5164393,0.9696054,0.0,0.6,-0.3651112914085388,-0.24584439322352408,-0.13741374015808105,-0.47607248028119403,0.21655125473556883,-0.2857142857142857
2023-10-23,7,0.11622949,0.5232268,0.36054373,-0.4069973,0.60901034,0.9626132,0.14285714285714285,0.5714285714285714,-0.3821696937084198,-0.2621882066130638,-0.02482759952545166,-0.5170425673325857,0.2156346410819468,0.3999999999999999
2023-10-24,5,0.044716496,0.70101273,0.25427076,-0.65629625,0.30474335,0.96680564,0.0,0.8,-0.49830219745635984,-0.282571030408144,-0.15799405574798586,-0.5219395260016123,0.15790857949768417,-0.2857142857142857
2023-10-25,6,0.029463656,0.8934648,0.077071525,-0.8640012,0.106613815,0.96033293,0.0,1.0,-0.6142850339412689,-0.36556361988186836,-0.24971618056297307,-0.6424315869808197,0.17344164732909148,0.19999999999999996
2023-10-26,10,0.36241537,0.3986761,0.23890856,-0.036260717,0.7380096,0.96125877,0.4,0.4,-0.4932161018252373,-0.3418178204447031,0.4569553852081299,-0.518852728108565,0.30838502669421713,0.6666666666666667
2023-10-27,8,0.15095136,0.43774462,0.41130406,-0.28679326,0.60169935,0.9599298,0.125,0.375,-0.45006974786520004,-0.3502347573637962,0.16327648609876633,-0.3956850642959277,0.3215668640351336,-0.19999999999999996
2023-10-30,11,0.12388973,0.6079835,0.26812676,-0.4840938,0.64143413,0.97266364,0.09090909090909091,0.6363636363636364,-0.4654890462756157,-0.36160176396369936,-0.018604739010333993,-0.2690492545564969,0.3208327512656142,0.375
2023-10-31,5,0.038709115,0.58490103,0.3763899,-0.54619193,0.482026,0.9727797,0.0,0.6,-0.44346818178892133,-0.3800640732049942,-0.10272374898195269,-0.4390263259410858,0.3079835994516831,-0.5454545454545454
2023-11-01,6,0.21580864,0.5518949,0.23229645,-0.33608624,0.65432614,0.9727696,0.16666666666666666,0.5,-0.3378851875662804,-0.3805798560380936,0.0017989441752433999,-0.45545731981595355,0.19897210600302126,0.19999999999999996
2023-11-02,8,0.34827405,0.49148422,0.16024172,-0.1432102,0.8332313,0.96310556,0.375,0.5,-0.359275084733963,-0.3512219741940498,0.2160648822784424,-0.34182945887247723,0.1604626013417113,0.33333333333333326
2023-11-03,4,0.030685,0.88919586,0.08011915,-0.85851085,0.08034721,0.95163906,0.0,1.0,-0.4736186027526855,-0.38708900585770606,-0.38489224910736086,-0.44593576590220135,0.26533164232248047,-0.5
2023-11-06,9,0.26048583,0.5283285,0.2111857,-0.26784262,0.7587504,0.96106195,0.3333333333333333,0.5555555555555556,-0.43036836981773374,-0.39851992651820184,0.16252574920654295,-0.4231878916422526,0.28039464768551325,1.25
2023-11-07,6,0.07651931,0.8743759,0.04910473,-0.7978566,0.2770688,0.95204514,0.0,1.0,-0.48070130944252015,-0.42240727320313454,-0.31715531945228576,-0.6414033671220144,0.3253652305617496,-0.33333333333333337
2023-11-08,9,0.35010475,0.40140745,0.24848779,-0.051302686,0.7707666,0.9670543,0.4444444444444444,0.3333333333333333,-0.42374459803104403,-0.41304298490285873,0.3724419116973877,-0.37233397861321765,0.37772326455973837,0.5
2023-11-09,3,0.6876955,0.19805743,0.114247024,0.4896381,0.57594234,0.5705961,0.6666666666666666,0.3333333333333333,-0.2971749395132065,-0.38532329387962816,0.7868130296468735,-0.11984040836493175,0.558159577094697,-0.6666666666666667
2023-11-10,10,0.20814589,0.6051323,0.18672186,-0.3969864,0.7100914,0.9619555,0.2,0.6,-0.20487004816532134,-0.3734174225479364,-0.1921163469552994,0.013783002893129984,0.47392821433119264,2.3333333333333335
2023-11-13,9,0.27169254,0.34735665,0.38095084,-0.075664096,0.6369542,0.9301474,0.3333333333333333,0.3333333333333333,-0.16643434315919875,-0.361115363240242,0.0907702475786209,0.005662533144156138,0.47533512534918554,-0.09999999999999998
2023-11-14,7,0.21295474,0.6167094,0.1703358,-0.4037547,0.49390575,0.95525044,0.14285714285714285,0.7142857142857143,-0.08761395961046219,-0.3775214120745659,-0.31614075154066085,-0.2921350672841072,0.3641213792780156,-0.2222222222222222
2023-11-15,10,0.083436295,0.617098,0.29946575,-0.5336617,0.46228963,0.9643316,0.0,0.7,-0.1840857669711113,-0.39000014662742616,-0.34957595616579057,-0.3376935099562009,0.4127479757951886,0.4285714285714286
2023-11-16,5,0.29552346,0.562184,0.14229251,-0.2666605,0.7468487,0.94928217,0.2,0.6,-0.33534548729658126,-0.37125290334224703,0.0686849758028984,-0.4013589819272359,0.1731767911183782,-0.5
2023-11-17,5,0.0548115,0.8230484,0.12214009,-0.76823694,0.25353333,0.97003996,0.0,0.8,-0.4095955953001976,-0.38453849852085115,-0.35864133983850477,-0.5228530565897623,0.2626741400161834,0.0
2023-11-20,6,0.089385144,0.5043331,0.40628174,-0.414948,0.42394474,0.91330713,0.0,0.6666666666666666,-0.47745237350463865,-0.3849360331892967,0.06250438690185545,-0.48328181107838947,0.18807345983630575,0.19999999999999996
2023-11-21,7,0.063364886,0.69450295,0.24213216,-0.631138,0.42695582,0.96594286,0.0,0.7142857142857143,-0.5229290366172791,-0.38367812186479566,-0.10820899009704588,-0.6047743161519369,0.193218661951949,0.16666666666666674
2023-11-22,6,0.04782671,0.779643,0.17253028,-0.7318163,0.28826308,0.97087663,0.0,0.8333333333333334,-0.5625599503517151,-0.37706887573003767,-0.1692563414573669,-0.5926341017087301,0.2150578140352679,-0.1428571428571429
2023-11-23,5,0.18644178,0.6170405,0.19651774,-0.43059874,0.6740721,0.9534272,0.2,0.6,-0.5953475952148437,-0.39678577668964865,0.16474885940551753,-0.597851018110911,0.16544001137811423,-0.16666666666666663
2023-11-24,5,0.22419295,0.6043396,0.17146745,-0.38014668,0.7362969,0.9524113,0.2,0.6,-0.5177295446395874,-0.40145344771444796,0.13758286237716677,-0.514187236626943,0.1547413080433728,0.0
2023-11-27,6,0.18964076,0.4356511,0.3747081,-0.24601035,0.65695286,0.9137103,0.16666666666666666,0.5,-0.48394201695919037,-0.3895492758601904,0.23793166875839233,-0.35225192209084827,0.19579247787325518,0.19999999999999996
2023-11-28,10,0.1449162,0.40207475,0.45300904,-0.25715858,0.50065833,0.9246448,0.1,0.3,-0.4091461271047592,-0.37509760819375515,0.15198754966259004,-0.29443853596846264,0.19693318348030656,0.6666666666666667
2023-11-29,8,0.44449592,0.24688825,0.30861583,0.19760765,0.63520914,0.92874616,0.5,0.125,-0.22326133847236634,-0.34841291345655917,0.42086898982524873,-0.10185375809669495,0.2481929966178114,-0.19999999999999996
2023-11-30,8,0.061454777,0.6189791,0.31956613,-0.5575243,0.43972772,0.9661257,0.0,0.625,-0.24864645600318908,-0.36912861950695514,-0.30887786746025087,-0.2056917498509089,0.27924898393768854,0.0
2023-12-01,4,0.41713178,0.53288203,0.049986206,-0.11575024,0.84202564,0.9127306,0.5,0.5,-0.1957671672105789,-0.3319905888289213,0.0800169289112091,-0.1585556368033091,0.27308788849865545,-0.5
2023-12-04,4,0.18119043,0.09172927,0.7270803,0.08946115,0.234211,0.18852918,0.0,0.0,-0.12867286801338196,-0.3141254004091024,0.21813401579856873,-0.19460447132587433,0.2977543319979196,0.0
2023-12-05,3,0.071024895,0.75108624,0.17788889,-0.68006134,0.45219943,0.965028,0.0,0.6666666666666666,-0.21325342059135438,-0.3082356359809637,-0.46680791974067687,-0.23545014361540476,0.3893526323914507,-0.25
2023-12-06,7,0.029211583,0.63935745,0.33143094,-0.61014587,0.38447645,0.96135336,0.0,0.7142857142857143,-0.3748041242361069,-0.3361777950078249,-0.23534174263477325,-0.4002486864725749,0.3408098933550103,1.3333333333333335
2023-12-07,5,0.47474638,0.4288693,0.09638436,0.045877077,0.7554992,0.9092808,0.6,0.4,-0.25412384420633316,-0.3583658456802368,0.3000009208917618,-0.41477671017249423,0.3658458983292693,-0.2857142857142857
2023-12-08,5,0.09670027,0.5632824,0.34001732,-0.46658212,0.52269506,0.9496232,0.0,0.6,-0.32429022043943406,-0.3618456318974495,-0.1422918990254402,-0.3436169698834419,0.36631528341140546,0.0
2023-12-11,15,0.10946136,0.50857323,0.38196543,-0.39911187,0.51323825,0.96706545,0.06666666666666667,0.5333333333333333,-0.42200482338666917,-0.37801802046597005,0.0228929564356804,-0.2732723032434781,0.28434790019287476,2.0
2023-12-12,9,0.15231831,0.6753242,0.1723575,-0.52300584,0.61824083,0.97196823,0.1111111111111111,0.7777777777777778,-0.39059372395277026,-0.3839805770665407,-0.13241211920976637,-0.46289994319279987,0.2559734691310557,-0.4
2023-12-13,8,0.12307041,0.7456565,0.13127314,-0.6225861,0.4247402,0.9708645,0.0,0.875,-0.3930817648768425,-0.3884267944842577,-0.22950430661439897,-0.5149012605349222,0.25868708013458436,-0.11111111111111116
2023-12-14,7,0.33821818,0.3503864,0.3113954,-0.012168237,0.33902824,0.6926382,0.42857142857142855,0.2857142857142857,-0.4046908276155591,-0.3757021807599813,0.3925225906074047,-0.3859200505539775,0.23420739802232388,-0.125
2023-12-15,3,0.025799261,0.8456618,0.12853892,-0.81986254,0.20064643,0.9715547,0.0,1.0,-0.47534691262990236,-0.37828346122987566,-0.3445156319066882,-0.4848722843453288,0.30124244054007326,-0.5714285714285714
2023-12-18,8,0.25091344,0.4282899,0.32079667,-0.17737648,0.7405035,0.97066396,0.25,0.5,-0.43099983502179384,-0.3664048858452588,0.2536233561113477,-0.33646908681839705,0.33020043634494,1.6666666666666665
2023-12-19,3,0.027907908,0.9309303,0.041161794,-0.90302247,0.03632009,0.9524903,0.0,1.0,-0.507003160007298,-0.37999910791404545,-0.3960193080827594,-0.6334204971790314,0.3942039593281619,-0.625
2023-12-20,10,0.1756852,0.5308928,0.29342198,-0.35520762,0.6399,0.9721195,0.1,0.5,-0.4535274701192975,-0.3611686744261533,0.09831984806805849,-0.4785355230172475,0.39273759530737334,2.3333333333333335
2023-12-21,5,0.118827425,0.341219,0.53995353,-0.22239156,0.44200894,0.9401725,0.0,0.4,-0.49557213485240936,-0.35075831566937266,0.2731805741786957,-0.49354055027167004,0.3415985735814241,-0.5
2023-12-22,7,0.24829869,0.636673,0.115028314,-0.3883743,0.6956326,0.9498938,0.2857142857142857,0.7142857142857143,-0.40927448570728303,-0.3511696964967996,0.02090018689632417,-0.3219911605119705,0.2897624142683164,0.3999999999999999
2023-12-27,13,0.13067399,0.45997193,0.40935406,-0.32929796,0.48688653,0.9708143,0.07692307692307693,0.46153846153846156,-0.43965878188610075,-0.35533407707698644,0.11036082208156583,-0.31335460642973584,0.26638907576988313,0.8571428571428572
2023-12-28,4,0.15619688,0.6994643,0.1443388,-0.5432675,0.6690115,0.97033024,0.25,0.75,-0.36770778596401216,-0.3696395226288587,-0.1755597025156021,-0.4203132490317027,0.11618593726941549,-0.6923076923076923
2023-12-29,6,0.22003485,0.39865258,0.38131252,-0.17861772,0.68471974,0.9741116,0.16666666666666666,0.3333333333333333,-0.3323898047208786,-0.3884507909882814,0.1537720888853073,-0.3503943880399068,0.14435952480228928,0.5
2024-01-02,19,0.20313658,0.43470612,0.36215732,-0.23156954,0.6222825,0.97226727,0.15789473684210525,0.42105263157894735,-0.3342254012823105,-0.37215305198915305,0.10265585780143738,-0.3178182492653529,0.14265951941066946,2.1666666666666665
2024-01-03,5,0.16300608,0.6600062,0.17698766,-0.49700016,0.703105,0.96351385,0.2,0.6,-0.3559505730867386,-0.3912155479658395,-0.14104958474636076,-0.3023958057165146,0.16016441297216558,-0.736842105263158
2024-01-04,7,0.17231765,0.6211463,0.20653597,-0.4488287,0.66615355,0.9737509,0.14285714285714285,0.5714285714285714,-0.3798567205667496,-0.41813004021532835,-0.06897197663784027,-0.39246613283952075,0.16406479012807232,0.3999999999999999
2024-01-05,8,0.4498735,0.35066026,0.19946623,0.099213235,0.7935922,0.9649181,0.5,0.375,-0.2513605758547783,-0.3791663114447147,0.35057381093502044,-0.28220520665248233,0.23870361787351124,0.1428571428571428
2024-01-08,7,0.48032394,0.41518113,0.10449492,0.06514282,0.84350944,0.96466255,0.5714285714285714,0.42857142857142855,-0.2026084691286087,-0.3454018772114068,0.26775128692388533,-0.09482421477635701,0.2787995264077047,-0.125
2024-01-09,6,0.24901569,0.5705974,0.18038686,-0.32158172,0.73589855,0.96583205,0.16666666666666666,0.6666666666666666,-0.2206109046936035,-0.3637748171109706,-0.10097081661224366,-0.05240855614344279,0.28399478700113234,-0.1428571428571429
2024-01-10,8,0.19933875,0.71069205,0.08996917,-0.5113533,0.6143371,0.9699266,0.125,0.875,-0.22348153591156006,-0.36601337683387103,-0.287871778011322,-0.2559307391444842,0.2875374248818593,0.33333333333333326
2024-01-11,5,0.2647918,0.5451468,0.19006145,-0.28035504,0.7667324,0.9321257,0.2,0.6,-0.1897868037223816,-0.36007553529925646,-0.0905682325363159,-0.3710966904958089,0.26338548739593187,-0.375
2024-01-12,9,0.22045106,0.6949921,0.08455683,-0.47454107,0.61649626,0.9431399,0.2222222222222222,0.7777777777777778,-0.3045376643538475,-0.357652296544984,-0.1700034037232399,-0.42208313941955566,0.22869894427233986,0.8
2024-01-15,7,0.051582277,0.38058367,0.5678341,-0.3290014,0.4097137,0.9581468,0.0,0.2857142857142857,-0.38336650729179383,-0.34297306281514467,0.05436511039733888,-0.36129916707674664,0.102564262024186,-0.2222222222222222
2024-01-16,8,0.30848432,0.38400888,0.30750677,-0.07552456,0.7813989,0.96268326,0.25,0.375,-0.3341550752520561,-0.3461408790200949,0.25863051414489746,-0.2930223420262337,0.1738664647169413,0.1428571428571428
2024-01-17,7,0.15366063,0.5292757,0.31706366,-0.37561512,0.6016971,0.9212382,0.14285714285714285,0.5714285714285714,-0.3070074364542961,-0.32392850778996946,-0.06860768347978591,-0.2600470259785652,0.14794672881496398,-0.125
2024-01-18,7,0.06914536,0.7306121,0.20024256,-0.66146666,0.4676731,0.9717924,0.0,0.7142857142857143,-0.383229760825634,-0.34813301675021646,-0.278236897289753,-0.3708687797188759,0.21414639501387048,0.0
2024-01-19,6,0.16196816,0.5981373,0.2398945,-0.43616915,0.5652408,0.96629566,0.16666666666666666,0.6666666666666666,-0.3755553767085075,-0.3247903507202864,-0.06061377078294755,-0.4910836418469747,0.2107160749447254,-0.1428571428571429
2024-01-22,13,0.28298917,0.35168773,0.36532307,-0.06869858,0.619267,0.9459814,0.23076923076923078,0.38461538461538464,-0.32349481284618375,-0.3104648984968662,0.2547962352633476,-0.38877812772989273,0.25300561631377605,1.1666666666666665
2024-01-23,9,0.37863025,0.4255259,0.19584386,-0.046895668,0.7579695,0.9646511,0.4444444444444444,0.4444444444444444,-0.3177690342068672,-0.3016901038587093,0.27087336629629133,-0.1839211309949557,0.2602408913255737,-0.3076923076923077
2024-01-24,2,0.44122344,0.47603422,0.08274232,-0.03481081,0.94885135,0.793622,0.5,0.5,-0.24960817247629166,-0.2840119294822216,0.21479736119508744,-0.05013501892487208,0.284776648006702,-0.7777777777777778
2024-01-25,8,0.5201555,0.41561526,0.06422925,0.104540214,0.8849458,0.9729758,0.625,0.375,-0.09640679806470871,-0.2623200207948685,0.20094701200723647,0.0076112449169158936,0.20176181427729759,3.0
2024-01-26,5,0.032786354,0.52719295,0.4400207,-0.4944066,0.47200918,0.9315428,0.0,0.6,-0.10805429071187973,-0.25987697690725325,-0.38635232001543046,-0.1415590693553289,0.22644999181304948,-0.375
2024-01-29,9,0.12493345,0.61207634,0.26299015,-0.4871429,0.61518854,0.9692629,0.1111111111111111,0.6666666666666666,-0.19174315333366393,-0.27530323565006254,-0.2953997373580933,-0.29233642915884656,0.27940050152634355,0.8
2024-01-30,10,0.19657852,0.6041664,0.19925506,-0.40758792,0.6059736,0.96501774,0.2,0.6,-0.26388160288333895,-0.28410415425896646,-0.14370631277561186,-0.46304580569267273,0.27921629111022606,0.11111111111111116
2024-01-31,6,0.3200223,0.3214862,0.35849145,-0.0014638789,0.7050352,0.9338092,0.3333333333333333,0.3333333333333333,-0.2572122164070606,-0.2593273403123021,0.2557483375072479,-0.29873156175017357,0.2863626108629659,-0.4
2024-02-01,10,0.19875227,0.55641997,0.24482775,-0.35766768,0.68206865,0.96851593,0.2,0.5,-0.34965379610657693,-0.2547692896798253,-0.00801388844847678,-0.25557315970460576,0.20280127682740687,0.6666666666666667
2024-02-02,6,0.44102094,0.1693228,0.38965628,0.27169815,0.52108175,0.63064426,0.3333333333333333,0.16666666666666666,-0.1964328445494175,-0.24614504408091306,0.46813099160790445,-0.02914447213212649,0.32103543086600106,-0.4
2024-02-05,13,0.20804442,0.5496558,0.24229982,-0.34161136,0.6809735,0.96931547,0.23076923076923078,0.6153846153846154,-0.16732653751969337,-0.26648275274783373,-0.17428481802344323,-0.14252696434656778,0.2935062073734579,1.1666666666666665
2024-02-06,5,0.15379803,0.56786513,0.27833688,-0.4140671,0.6043275,0.9465343,0.2,0.6,-0.16862237229943275,-0.27110702116042373,-0.24544471725821496,-0.16132676601409912,0.2948434115436287,-0.6153846153846154
2024-02-07,7,0.37930584,0.45198599,0.16870822,-0.07268014,0.846521,0.9656275,0.42857142857142855,0.42857142857142855,-0.1828656241297722,-0.24917336236685514,0.11018548607826234,-0.27611952771743137,0.28634731909260236,0.3999999999999999
2024-02-08,7,0.14148203,0.5721663,0.28635165,-0.4306843,0.4771455,0.9687381,0.14285714285714285,0.5714285714285714,-0.19746894687414168,-0.2566898254677653,-0.23321535140275956,-0.30581050862868625,0.299069890810375,0.0
2024-02-09,6,0.16005512,0.4983356,0.34160933,-0.33828047,0.5809306,0.9565003,0.16666666666666666,0.5,-0.3194646701216698,-0.24987679552286862,-0.01881579905748365,-0.28054830183585483,0.14410633113134538,-0.1428571428571429
2024-02-12,12,0.22123508,0.31903395,0.45973098,-0.09779888,0.6127159,0.966857,0.25,0.3333333333333333,-0.2707021743059158,-0.23831666950136424,0.1729032978415489,-0.28892121464014053,0.17307720972170584,1.0
2024-02-13,5,0.12026336,0.7046629,0.1750737,-0.5843996,0.49968088,0.96184677,0.0,0.8,-0.30476867258548734,-0.26376042049378157,-0.279630908370018,-0.34015964219967526,0.21901644606546491,-0.5833333333333333
2024-02-14,9,0.32185963,0.44949082,0.22864959,-0.12763122,0.69966227,0.96758,0.3333333333333333,0.4444444444444444,-0.31575888842344285,-0.25136122535914185,0.18812767118215562,-0.2699432248870532,0.20541511664885556,0.8
2024-02-15,10,0.19400077,0.5503001,0.2556991,-0.35629934,0.5513099,0.9343964,0.1,0.6,-0.3008818969130516,-0.23610285948961973,-0.05541744381189345,-0.3561100463072459,0.19755412843843298,0.11111111111111116
2024-02-16,5,0.64898163,0.14687173,0.20414662,0.5021099,0.40425226,0.56977654,0.8,0.2,-0.13280382603406907,-0.18918890785425901,0.6349137112498283,0.006059775749842326,0.4056650385660364,-0.5
2024-02-19,10,0.21134028,0.6379159,0.1507438,-0.42657566,0.59444624,0.9690488,0.2,0.7,-0.19855918288230895,-0.20708276201039552,-0.22801647782325746,-0.09358837207158406,0.42476882054825377,1.0
2024-02-20,7,0.43089485,0.4214032,0.14770198,0.009491648,0.7781793,0.91508263,0.5714285714285714,0.42857142857142855,-0.07978093717247248,-0.2042633962351829,0.08927258476614952,0.02834195736795664,0.3693186905122567,-0.30000000000000004
2024-02-21,8,0.34592402,0.53026605,0.12380995,-0.18434201,0.7375978,0.96863896,0.375,0.5,-0.09112309608608485,-0.21173995626159012,-0.09321891572326421,-0.2004753416404128,0.3720165745061631,0.1428571428571428
2024-02-22,8,0.2869285,0.21026987,0.5028016,0.07665864,0.41097727,0.67179996,0.25,0.25,-0.004531500674784183,-0.2131340351421386,0.08119013700634241,-0.032730575961371265,0.34421180756262687,0.0
2024-02-23,2,0.77581096,0.15350996,0.07067914,0.622301,0.25619176,0.2577381,1.0,0.0,0.019506718777120114,-0.15729865548200905,0.6027942636981607,0.17153920233249664,0.3896380891048191,-0.75
2024-02-26,8,0.022585092,0.6957135,0.2817014,-0.6731284,0.34922904,0.9615071,0.0,0.625,-0.029803834296762942,-0.16659793225117028,-0.6433245917782188,0.008610397577285767,0.46793900865981325,3.0
2024-02-27,10,0.14750528,0.5654963,0.28699836,-0.41799107,0.64641637,0.9625244,0.2,0.6,-0.11530037820339203,-0.16711809006519615,-0.3026906937360764,-0.15627283851305643,0.4971077762351683,0.25
2024-02-28,10,0.37470648,0.36566558,0.25962794,0.009040901,0.74394834,0.956896,0.4,0.4,-0.07662379555404186,-0.16659285104833543,0.08566469699144363,-0.36069286552568275,0.49791544995070885,0.0
2024-02-29,8,0.30668312,0.32306883,0.37024802,-0.01638572,0.6590979,0.963839,0.375,0.375,-0.09523266665637493,-0.1495287527795881,0.07884694747626782,-0.1417786298940579,0.4924634130319783,-0.19999999999999996
2024-03-01,5,0.50566465,0.21055368,0.2837817,0.29511097,0.5231525,0.64759016,0.6,0.2,-0.1606706690043211,-0.14835811159573495,0.455781639739871,0.09592205099761486,0.3828132082230637,-0.375
2024-03-04,8,0.24295977,0.5245278,0.23251246,-0.28156802,0.71316504,0.95669544,0.125,0.625,-0.08235858790576459,-0.14535594484768807,-0.1992094326764345,-0.0009475896755854288,0.2772738340372462,0.6000000000000001
2024-03-05,7,0.3306281,0.508753,0.16061892,-0.17812495,0.753764,0.9459714,0.2857142857142857,0.5714285714285714,-0.03438536338508129,-0.1335588378366083,-0.14373958595097064,-0.054860666394233704,0.21939575910626674,-0.125
2024-03-06,8,0.11581137,0.60254294,0.28164566,-0.4867316,0.32241267,0.9187883,0.0,0.75,-0.13353986144065857,-0.15426141037605703,-0.35319172739982607,-0.31547485291957855,0.29415607729541754,0.1428571428571428
2024-03-07,7,0.27416682,0.61168855,0.114144675,-0.33752173,0.810988,0.97227955,0.2857142857142857,0.7142857142857143,-0.19776706397533417,-0.1496032820548862,-0.13975466787815094,-0.3341260900100072,0.29722425621089077,-0.125
2024-03-08,3,0.2650818,0.6862514,0.04866673,-0.4211696,0.38116324,0.9002181,0.0,1.0,-0.34102317988872527,-0.15374773903749883,-0.08014642894268037,-0.41514097650845844,0.12014303988914582,-0.5714285714285714
2024-03-11,14,0.25481826,0.20945497,0.5357268,0.04536331,0.4594334,0.7886885,0.2857142857142857,0.21428571428571427,-0.27563691362738607,-0.14658962967805564,0.3210002243518829,-0.23777600998679796,0.21337770807740386,3.666666666666667
2024-03-12,7,0.3811144,0.34914568,0.2697399,0.031968694,0.77662253,0.9678981,0.42857142857142855,0.2857142857142857,-0.23361818492412567,-0.11577121592126786,0.26558687910437584,-0.11461253464221954,0.25416773210963617,-0.5
2024-03-13,9,0.22295159,0.4014098,0.3756386,-0.1784582,0.66160107,0.9524318,0.2222222222222222,0.4444444444444444,-0.17196350693702697,-0.11831256500445306,-0.006494691967964178,-0.03370873133341471,0.21117213145326744,0.2857142857142858
2024-03-14,5,0.47469807,0.22125581,0.30404612,0.2534423,0.50973797,0.72058594,0.4,0.2,-0.05377070307731628,-0.0878254835959524,0.30721299052238465,0.03565092757344246,0.25597243310820467,-0.4444444444444444
2024-03-15,5,0.22814539,0.22951262,0.542342,-0.0013672352,0.54866856,0.88366735,0.2,0.2,0.030189771647565068,-0.1129993396170903,-0.03155700685456395,0.024538951111026108,0.1537895534169449,0.0
2024-03-18,12,0.2685299,0.431962,0.2995081,-0.16343214,0.69789386,0.929452,0.25,0.4166666666666667,-0.011569317732937633,-0.09984216339071281,-0.15186281844507904,0.02954763868668427,0.17546011379597654,1.4
2024-03-19,4,0.17581479,0.29007205,0.5341132,-0.11425725,0.53106564,0.8851351,0.0,0.25,-0.04081450731027871,-0.10602960845571943,-0.07344274639617651,-0.09301887503049026,0.1785482107718132,-0.6666666666666667
2024-03-20,10,0.04716443,0.68130547,0.27153012,-0.634141,0.3362008,0.9679594,0.0,0.6,-0.13195107311476023,-0.1285195592616219,-0.5021899548126385,-0.3039434726039569,0.32368157978864337,1.5
2024-03-21,9,0.079432994,0.7236087,0.19695835,-0.6441757,0.30116275,0.97325814,0.0,0.7777777777777778,-0.3114746722625569,-0.16456127649289556,-0.3327010360313579,-0.4641913299759229,0.3048694317424319,-0.09999999999999998
2024-03-22,5,0.596146,0.2944492,0.10940479,0.3016968,0.74977547,0.9186746,0.6,0.4,-0.2508618637919426,-0.18059148525935598,0.552558670938015,-0.3255399763584137,0.3978770411613797,-0.4444444444444444
2024-03-25,8,0.119856186,0.41574728,0.4643965,-0.2958911,0.38233164,0.9673962,0.125,0.5,-0.27735365778207777,-0.16172961926204152,-0.01853744834661486,-0.2127900024255117,0.39499973391890864,0.6000000000000001
2024-03-26,6,0.23669003,0.6517332,0.11157671,-0.41504323,0.7590855,0.9525372,0.3333333333333333,0.6666666666666666,-0.3375108540058136,-0.16158222740632483,-0.07753238081932068,-0.1364125112692515,0.3867695374833785,-0.25
2024-03-27,4,0.36175025,0.49088466,0.14736512,-0.1291344,0.89480054,0.9710061,0.5,0.5,-0.23650952875614167,-0.16849099256214686,0.10737512707710267,-0.2800229142109553,0.35453760301025156,-0.33333333333333337
2024-03-28,10,0.11076317,0.7117112,0.17752561,-0.60094804,0.38000417,0.96510136,0.1,0.7,-0.22786399424076081,-0.19771910838899204,-0.3730840414762497,-0.3817085574070613,0.3424316110096581,1.5
2024-04-02,16,0.111633085,0.5777623,0.31060463,-0.46612918,0.542455,0.9665628,0.0625,0.625,-0.3814291924238205,-0.23578111611423083,-0.08469999134540557,-0.39873720705509186,0.1785090618044623,0.6000000000000001
2024-04-03,3,0.058911797,0.7244305,0.21665774,-0.6655187,0.2934854,0.9318641,0.0,0.6666666666666666,-0.45535471141338346,-0.2549786501389463,-0.2101639896631241,-0.5775319735209147,0.20828292867836556,-0.8125
2024-04-04,8,0.21138383,0.6431933,0.14542285,-0.43180948,0.6116632,0.9407494,0.25,0.75,-0.45870796144008635,-0.26766287692007606,0.026898476481437672,-0.5211524566014608,0.2076055482343381,1.6666666666666665
2024-04-05,5,0.13672797,0.510116,0.35315603,-0.37338805,0.56919634,0.9692932,0.2,0.4,-0.5075586915016175,-0.2619957000773866,0.13417063951492314,-0.4902387460072835,0.12158231897418695,-0.375
2024-04-08,9,0.09509763,0.6722127,0.23268962,-0.5771151,0.46491444,0.9605183,0.0,0.6666666666666666,-0.5027921080589295,-0.27397536940989087,-0.07432301044464107,-0.4607708851496379,0.11740098645697157,0.8
2024-04-09,2,0.10643071,0.45834905,0.43522024,-0.35191834,0.727696,0.906643,0.0,0.5,-0.47994993925094603,-0.270512805954786,0.12803159952163695,-0.43414050340652466,0.13596126935411193,-0.7777777777777778
2024-04-10,5,0.22829315,0.566268,0.20543881,-0.33797488,0.7953782,0.9558427,0.2,0.6,-0.4144411742687225,-0.2896797152992804,0.0764662981033325,-0.4223361114660899,0.09773181260817827,1.5
2024-04-11,6,0.15857565,0.3371841,0.5042403,-0.17860846,0.30704767,0.68543303,0.0,0.3333333333333333,-0.3638009697198868,-0.3002085731190164,0.18519250750541688,-0.289500559369723,0.14203809969302514,0.19999999999999996
2024-04-12,6,0.28080028,0.3821796,0.33702016,-0.10137927,0.6011093,0.9623891,0.3333333333333333,0.3333333333333333,-0.30939921289682387,-0.2963546265673358,0.20801994502544402,-0.20598753541707993,0.1834903054558475,0.0
2024-04-15,11,0.07349826,0.5824481,0.3440536,-0.5089499,0.46475804,0.96273106,0.0,0.6363636363636364,-0.2957661643624306,-0.33447423473116944,-0.21318371146917342,-0.2629792019724846,0.15960429950841315,0.8333333333333333
2024-04-16,10,0.17942144,0.7117609,0.10881768,-0.53233945,0.6006624,0.9605603,0.1,0.8,-0.3318503871560097,-0.3610228456556797,-0.20048906654119492,-0.38088953246672946,0.19248222544006738,-0.09090909090909094
2024-04-17,9,0.27624083,0.51275176,0.21100743,-0.23651092,0.71432817,0.94619435,0.2222222222222222,0.5555555555555556,-0.31155759543180467,-0.3646767847239971,0.07504667788743974,-0.42593341569105786,0.19697128379654585,-0.09999999999999998
2024-04-18,6,0.22296439,0.45089555,0.32614008,-0.22793116,0.636453,0.91210246,0.16666666666666666,0.5,-0.32142213433980943,-0.37036047987639903,0.09349097758531572,-0.33226050933202106,0.1897512253880784,-0.33333333333333337
2024-04-19,5,0.07134544,0.82252026,0.106134236,-0.7511748,0.21090484,0.93671817,0.0,1.0,-0.451381242275238,-0.37621216885745523,-0.29979356527328493,-0.4052056272824605,0.22127119023646039,-0.16666666666666663
2024-04-22,15,0.37527207,0.31393513,0.3107928,0.061336935,0.6247795,0.89599174,0.4666666666666667,0.3333333333333333,-0.33732388019561765,-0.34093653671443463,0.39866081476211546,-0.30592300991217297,0.31239563480712956,2.0
2024-04-23,10,0.2850005,0.48728728,0.22771218,-0.20228676,0.60608625,0.9397256,0.2,0.6,-0.27131334245204924,-0.3661357153207064,0.06902657747268676,-0.2973748793204625,0.29528847069348896,-0.33333333333333337
2024-04-24,4,0.38497305,0.47105584,0.14397113,-0.08608274,0.8940871,0.9714155,0.5,0.5,-0.24122770726680756,-0.35564529709517956,0.15514496564865113,-0.07567752401034038,0.3071459600830404,-0.6
2024-04-25,9,0.2588186,0.5568989,0.18428248,-0.29808033,0.7436604,0.96291196,0.2222222222222222,0.5555555555555556,-0.2552575409412384,-0.34979715161025526,-0.042822784185409524,-0.19548327724138895,0.30798774485304614,1.25
2024-04-26,6,0.37830135,0.423098,0.1986007,-0.044796657,0.76129097,0.9378646,0.5,0.3333333333333333,-0.11398191079497337,-0.34558026436716316,0.06918525397777557,-0.1429865745206674,0.13963491144729115,-0.33333333333333337
2024-04-29,14,0.30607805,0.41338846,0.2805335,-0.1073104,0.7019113,0.9441568,0.35714285714285715,0.42857142857142855,-0.1477113775908947,-0.3208983825519681,0.04040097817778587,-0.1500624604523182,0.10199394694432166,1.3333333333333335
2024-04-30,3,0.14926465,0.812805,0.03793036,-0.6635403,0.22197641,0.93982184,0.0,1.0,-0.23996208533644675,-0.3307689385488629,-0.42357821837067605,-0.27188245331247646,0.25600835121386556,-0.7857142857142857
2024-05-01,5,0.1768034,0.6593181,0.1638785,-0.48251468,0.70316947,0.97367543,0.2,0.6,-0.31924847289919855,-0.32161873746663333,-0.16326620653271673,-0.41778846085071564,0.25781890726849466,0.6666666666666667
2024-05-02,8,0.21030347,0.5640148,0.22568174,-0.3537113,0.6843749,0.9724955,0.25,0.625,-0.33037466928362846,-0.3177138285711408,-0.023336637765169144,-0.49992209672927856,0.257877388989448,0.6000000000000001
2024-05-03,5,0.20004532,0.46133366,0.33862105,-0.26128832,0.5570185,0.95459235,0.2,0.4,-0.37367300093173983,-0.3121088417246938,0.11238468587398531,-0.36583810051282245,0.21204208693467977,-0.375
2024-05-07,12,0.16975136,0.67989,0.15035865,-0.5101387,0.60160375,0.95404667,0.16666666666666666,0.8333333333333334,-0.45423865914344785,-0.3087600203230977,-0.055900031328201316,-0.37504610419273376,0.1541647730878054,1.4
2024-05-08,5,0.21638799,0.4926377,0.29097432,-0.2762497,0.7423658,0.9573789,0.2,0.6,-0.37678053975105286,-0.30497658867388966,0.10053083300590515,-0.3492255707581838,0.11504477009474517,-0.5833333333333333
2024-05-09,5,0.19223523,0.4608658,0.346899,-0.26863053,0.417992,0.6579318,0.2,0.6,-0.33400371074676516,-0.301509371586144,0.06537317633628847,-0.3516729772090912,0.10524807167760289,0.0
2024-05-10,7,0.45287576,0.22546099,0.32166323,0.22741474,0.5898134,0.92474014,0.5714285714285714,0.14285714285714285,-0.21777850091457368,-0.2812082113698125,0.4451932430267334,-0.10582183301448822,0.26998584186177055,0.3999999999999999
2024-05-13,12,0.15446393,0.382673,0.46286306,-0.22820908,0.5700302,0.910077,0.16666666666666666,0.4166666666666667,-0.2111626535654068,-0.2875497018918395,-0.017046424746513356,-0.08980829020341237,0.26905680862067327,0.7142857142857142
2024-05-14,10,0.4520371,0.26786375,0.28009912,0.18417333,0.55454284,0.9142561,0.5,0.2,-0.07230024933815002,-0.2528935415670276,0.25647358000278475,0.06112633148829142,0.2549785767004108,-0.16666666666666663
2024-05-15,7,0.36378154,0.49895647,0.13726199,-0.13517492,0.8153894,0.9746294,0.42857142857142855,0.5714285714285714,-0.04408529102802276,-0.23303531464189292,-0.09108962416648865,-0.05973688761393229,0.23368446748361263,-0.30000000000000004
2024-05-16,7,0.31280524,0.4386613,0.24853346,-0.12585606,0.6718781,0.9590214,0.2857142857142857,0.42857142857142855,-0.0155303955078125,-0.22750257160514592,-0.11032566130161285,-0.025619213779767353,0.20653250524574782,0.0
2024-05-17,5,0.19013749,0.4068056,0.4030568,-0.21666813,0.6999826,0.96543556,0.2,0.4,-0.10434696972370147,-0.2269394202157855,-0.11232115924358368,-0.15923303365707397,0.16779066686137023,-0.2857142857142857
2024-05-20,9,0.3621297,0.44775173,0.19011857,-0.08562201,0.7128835,0.9228263,0.3333333333333333,0.5555555555555556,-0.07582955658435822,-0.19366178046911955,-0.009792456030845637,-0.14271539946397147,0.15293578665336052,0.8
2024-05-21,9,0.26026645,0.53030276,0.20943084,-0.27003625,0.7125125,0.9518411,0.2222222222222222,0.5555555555555556,-0.16667147278785704,-0.21023043971508742,-0.10336477756500245,-0.1907754639784495,0.07485133463437882,0.0
2024-05-22,10,0.25352842,0.5070494,0.23942217,-0.253521,0.68683547,0.94519514,0.2,0.6,-0.19034068882465363,-0.212792151235044,-0.06318030655384063,-0.20305975278218588,0.08087109601272711,0.11111111111111116
2024-05-23,5,0.28981018,0.57901084,0.131179,-0.28920063,0.85924155,0.9620528,0.4,0.6,-0.22300960421562194,-0.22294804584234953,-0.06619102954864503,-0.2709192931652069,0.08130078023059126,-0.5
2024-05-24,5,0.018705625,0.68431103,0.29698336,-0.66560537,0.37629792,0.9717972,0.0,0.6,-0.3127970516681671,-0.2413242978975177,-0.35280831456184386,-0.4027756651242574,0.2132962336217907,0.0
2024-05-28,11,0.36498764,0.2647275,0.37028486,0.100260116,0.59106433,0.88346046,0.36363636363636365,0.18181818181818182,-0.2756206259131432,-0.234071459248662,0.3758807420730591,-0.2848486279447873,0.271144991413641,1.2000000000000002
2024-05-29,6,0.25538996,0.2729444,0.47166565,-0.017554449,0.4820725,0.7635748,0.16666666666666666,0.16666666666666666,-0.22512426562607288,-0.22958366172388195,0.20756981670856475,-0.1942998996625344,0.2949135381439576,-0.4545454545454546
2024-05-30,7,0.20306376,0.5445724,0.25236386,-0.34150866,0.63149786,0.9679117,0.14285714285714285,0.5714285714285714,-0.24272179789841175,-0.21348207937553526,-0.09878685884177685,-0.08626766316592693,0.29961916095534574,0.16666666666666674
2024-05-31,8,0.26567298,0.3240734,0.4102536,-0.058400404,0.65556276,0.9602993,0.25,0.375,-0.19656175188720226,-0.19227636558935046,0.13816134817898273,-0.13915450312197208,0.30832081967502933,0.1428571428571428
2024-06-03,11,0.26958373,0.4364539,0.29396236,-0.16687015,0.6920637,0.96459496,0.2727272727272727,0.45454545454545453,-0.09681470803916455,-0.1829343075864017,-0.07005543895065784,-0.18892640247941017,0.166867632304645,0.375
2024-06-04,4,0.11637732,0.6863185,0.19730419,-0.56994116,0.4440105,0.9626375,0.0,0.75,-0.2308549638837576,-0.19836694998666643,-0.3390861991792917,-0.2650705712536971,0.22724184914963527,-0.6363636363636364
2024-06-05,3,0.3230046,0.6214202,0.05557518,-0.29841557,1.047439,0.96234167,0.3333333333333333,0.6666666666666666,-0.2870271883904934,-0.18778079403564335,-0.01138838306069373,-0.3450756271680196,0.1935498411260131,-0.25
2024-06-06,5,0.18392488,0.67086756,0.14520764,-0.48694262,0.6269369,0.8976086,0.2,0.8,-0.31611398085951803,-0.19831543965265155,-0.17082863822579386,-0.45176645119984943,0.21366674141949127,0.6666666666666667
2024-06-07,5,0.23055029,0.36218917,0.40726057,-0.1316389,0.43081373,0.7847115,0.2,0.4,-0.3307616800069809,-0.1914658579044044,0.19912278056144717,-0.3056656966606776,0.19310353305824046,0.0
2024-06-10,12,0.36366215,0.17769034,0.45864752,0.1859718,0.4568476,0.44180343,0.4166666666666667,0.0,-0.26019329130649566,-0.1935380051843822,0.4461650878190994,-0.14420324067274728,0.30183168391534376,1.4
2024-06-11,10,0.27461648,0.57201695,0.1533666,-0.29740047,0.69602996,0.9665532,0.2,0.7,-0.20568515360355377,-0.19699757499620318,-0.09171532094478607,-0.08102252582708995,0.2524848543519746,-0.16666666666666663
2024-06-12,10,0.19583815,0.534251,0.26991087,-0.33841282,0.5361532,0.96123123,0.1,0.7,-0.21368460357189178,-0.22312688259407878,-0.12472821772098541,-0.1499471664428711,0.2567548218075088,0.0
2024-06-13,7,0.14915845,0.45223254,0.398609,-0.30307412,0.6162886,0.9665462,0.14285714285714285,0.42857142857142855,-0.17691090404987336,-0.2315218429081142,-0.12616321742534636,-0.31296247243881226,0.21808895666195527,-0.30000000000000004
2024-06-14,4,0.029222414,0.90076125,0.07001634,-0.8715388,0.11611611,0.96142894,0.0,1.0,-0.32489088773727415,-0.26880598096176983,-0.5466479301452637,-0.5043419202168783,0.374572816180515,-0.4285714285714286
2024-06-17,9,0.16995019,0.5956575,0.23439233,-0.42570728,0.5561609,0.97321635,0.1111111111111111,0.6666666666666666,-0.44722670316696167,-0.27925793854519726,0.02151942253112793,-0.5334400733311971,0.2426788941788412,1.25
2024-06-18,8,0.26617527,0.56135195,0.1724728,-0.29517668,0.74683154,0.9590398,0.25,0.625,-0.44678194522857667,-0.2897356721572578,0.15160526037216188,-0.5308075944582621,0.24302392009712756,-0.11111111111111116
2024-06-19,5,0.18940048,0.63088626,0.17971326,-0.4414858,0.7373495,0.9571775,0.2,0.6,-0.4673965394496918,-0.29830814925953747,0.025910747051239025,-0.3874565859635671,0.23579751784910874,-0.375
2024-06-20,7,0.11854178,0.2694995,0.6119587,-0.15095775,0.41823778,0.92856437,0.0,0.2857142857142857,-0.43697326481342313,-0.29317998690530656,0.2860155165195465,-0.29587340851624805,0.26967835053838235,0.3999999999999999
2024-06-21,6,0.114184804,0.5650869,0.32072827,-0.45090213,0.43111408,0.9457974,0.0,0.6666666666666666,-0.35284592807292936,-0.3012650619260967,-0.09805620610713961,-0.3477818916241328,0.12929172493699667,-0.1428571428571429
2024-06-24,9,0.20368141,0.2886717,0.50764686,-0.08499029,0.48365414,0.79697216,0.2222222222222222,0.3333333333333333,-0.284702530503273,-0.2722343082539737,0.1997122377157211,-0.22895005842049918,0.16589578961195203,0.5
2024-06-25,3,0.5345227,0.42699513,0.038482174,0.107527636,0.9285343,0.96502155,0.6666666666666666,0.3333333333333333,-0.20416166633367538,-0.27187093226239084,0.3116893023252487,-0.1427882636586825,0.24051314602175383,-0.6666666666666667
2024-06-26,6,0.64715147,0.15161955,0.20122898,0.49553192,0.5875723,0.71191645,0.6666666666666666,0.16666666666666666,-0.0167581245303154,-0.24621661398559808,0.5122900411486626,0.17268975327412286,0.3496549103926385,1.0
2024-06-27,7,0.1437886,0.6111344,0.245077,-0.46734577,0.59413636,0.9484845,0.14285714285714285,0.7142857142857143,-0.08003572970628739,-0.2525084698572755,-0.3873100444674492,0.045237926145394645,0.40436173157694033,0.16666666666666674
2024-06-28,3,0.89005643,0.026182318,0.083761245,0.86387414,0.08104081,0.03803712,1.0,0.0,0.18291952461004257,-0.20639474280178546,0.6809546127915382,0.29735342661539715,0.5152014795808192,-0.5714285714285714
2024-07-01,10,0.07180282,0.68366885,0.24452837,-0.611866,0.31789127,0.95289814,0.0,0.8,0.07754438370466232,-0.228644535318017,-0.6894103810191154,-0.07177921136220296,0.6257233838222162,2.3333333333333335
2024-07-02,5,0.49167642,0.4567887,0.05153487,0.03488777,0.8393503,0.96208715,0.6,0.4,0.06301641017198563,-0.19840308874845505,-0.02812864184379578,0.09563196947177251,0.6256964706610032,-0.5
2024-07-03,5,0.024729097,0.8906907,0.08458017,-0.8659617,0.11321836,0.9712832,0.0,1.0,-0.20928230732679368,-0.22678039371967315,-0.6566793635487557,-0.4809799666206042,0.6839557638442982,0.0
2024-07-04,7,0.37859103,0.47294316,0.1484658,-0.09435215,0.78688145,0.89309365,0.42857142857142855,0.42857142857142855,-0.1346835821866989,-0.2071508701890707,0.040331433713436116,-0.3084753503402074,0.6689486690161188,0.3999999999999999
2024-07-05,8,0.28193974,0.58505034,0.13300985,-0.3031106,0.52569056,0.9270687,0.25,0.75,-0.3680805295705795,-0.21572445519268513,0.06496993005275725,-0.42114147295554477,0.370421635670384,0.1428571428571428
2024-07-08,5,0.13819411,0.32446724,0.5373386,-0.18627314,0.30341586,0.61944395,0.0,0.4,-0.2829619586467743,-0.23433670215308666,0.09668881595134737,-0.19457863022883734,0.34865651748877746,-0.375
2024-07-09,8,0.16390155,0.3857224,0.45037603,-0.22182085,0.62423617,0.9678412,0.125,0.375,-0.33430368155241014,-0.23055772073566913,0.11248283535242082,-0.23706819613774618,0.30650260720268935,0.6000000000000001
2024-07-10,5,0.241786,0.23173556,0.52647847,0.010050428,0.52839935,0.8163007,0.2,0.2,-0.1591012617573142,-0.21313455826602876,0.1691516898572445,-0.13268118693182865,0.12063943032983916,-0.375
2024-07-11,7,0.20306396,0.75314534,0.043790694,-0.5500814,0.69660807,0.96856534,0.14285714285714285,0.8571428571428571,-0.25024710651487114,-0.22548492080532015,-0.2998342657461762,-0.25395059678703547,0.20331666351828462,0.3999999999999999
2024-07-12,6,0.26954088,0.5890625,0.14139663,-0.31952158,0.78830266,0.95902675,0.3333333333333333,0.6666666666666666,-0.25352930184453726,-0.1978840587195009,-0.0659922743216157,-0.28651750677575666,0.2045123479639508,-0.1428571428571429
2024-07-15,9,0.24211341,0.4093828,0.34850374,-0.1672694,0.60042423,0.9704766,0.2222222222222222,0.4444444444444444,-0.2497285520657897,-0.18496216437779367,0.08245915826410055,-0.3456241140762965,0.20624400244405852,0.5
2024-07-16,5,0.29337126,0.36328918,0.34333953,-0.06991794,0.64503855,0.81103396,0.2,0.4,-0.21934797074645757,-0.17369922711513935,0.14943003114312886,-0.1855696365237236,0.22197098452135017,-0.4444444444444444
2024-07-17,7,0.13186954,0.5220683,0.34606215,-0.39019877,0.5095822,0.9578764,0.14285714285714285,0.42857142857142855,-0.29939780980348585,-0.1711348758544773,-0.09080095738172533,-0.209128700196743,0.18815615686358703,0.3999999999999999
2024-07-18,7,0.30219507,0.5316042,0.16620074,-0.22940908,0.8215026,0.9508636,0.2857142857142857,0.5714285714285714,-0.2352633520960808,-0.17505744262598455,0.0058542683720588795,-0.22984193017085394,0.12559954958856004,0.0
2024-07-19,5,0.18536574,0.72593915,0.088695064,-0.5405734,0.72737944,0.9748828,0.2,0.8,-0.27947372049093244,-0.17954100682400168,-0.26109969764947893,-0.38672708968321484,0.18671033190741282,-0.2857142857142857
2024-07-22,8,0.05522288,0.5005584,0.44421875,-0.44533548,0.52788687,0.972934,0.0,0.5,-0.3350869372487068,-0.1975582660641521,-0.1102485403418541,-0.40510599315166473,0.18634588425395843,0.6000000000000001
2024-07-23,5,0.35650983,0.5823335,0.061156683,-0.22582373,0.86243993,0.9231136,0.4,0.6,-0.36626809537410737,-0.21422583437524736,0.14044436514377595,-0.40391087532043457,0.13753334350171076,-0.375
2024-07-24,6,0.4913524,0.3383797,0.17026788,0.15297267,0.90844923,0.9598626,0.5,0.3333333333333333,-0.2576338082551956,-0.23135379678569734,0.41060647666454314,-0.17272884647051492,0.2672512555307096,0.19999999999999996
2024-07-25,9,0.37630218,0.47615612,0.1475417,-0.09985394,0.8315465,0.9671893,0.4444444444444444,0.4444444444444444,-0.23172277957201004,-0.21297920509241522,0.13186883926391602,-0.05756833404302597,0.27678235084105457,0.5
2024-07-26,3,0.29503345,0.5383696,0.16659696,-0.24333613,0.8762044,0.9566664,0.3333333333333333,0.6666666666666666,-0.17227532118558883,-0.26833971827290953,-0.07106080502271653,-0.06340579936901729,0.21994887490128337,-0.6666666666666667
2024-07-29,7,0.13615015,0.58915627,0.27469358,-0.4530061,0.5238665,0.9706443,0.0,0.7142857142857143,-0.17380944341421128,-0.2603967228438705,-0.2791966453194618,-0.2653987184166908,0.22234330294531504,1.3333333333333335
2024-07-30,9,0.35272244,0.49096859,0.15630901,-0.13824616,0.7843582,0.9672336,0.4444444444444444,0.4444444444444444,-0.15629393011331558,-0.2690534194465727,0.01804776638746261,-0.2781961262226105,0.22066460537247592,0.2857142857142858
2024-07-31,7,0.50430155,0.33918995,0.15650849,0.16511163,0.75587577,0.9545254,0.5714285714285714,0.2857142857142857,-0.15386613756418227,-0.21749975434504448,0.3189777687191963,-0.14204687376817068,0.22494316350240892,-0.2222222222222222
2024-08-01,10,0.38481438,0.4199564,0.19522922,-0.035142012,0.7032853,0.9367509,0.4,0.4,-0.14092375189065934,-0.2145392475184053,0.10578173995018006,-0.002758848170439402,0.23061780126648782,0.4285714285714286
2024-08-02,6,0.23771463,0.5421293,0.22015612,-0.30441466,0.6474044,0.9076591,0.16666666666666666,0.6666666666666666,-0.15313945859670638,-0.21460445052944124,-0.15127520114183426,-0.0581483468413353,0.23886876424506773,-0.4
2024-08-05,17,0.14377195,0.70374143,0.15248667,-0.5599694,0.5080247,0.9689947,0.11764705882352941,0.8235294117647058,-0.17453212589025496,-0.2332892646547407,-0.38543729931116105,-0.29984203229347867,0.2745612595196605,1.8333333333333335
2024-08-06,8,0.4701526,0.42126486,0.108582556,0.04888773,0.77888846,0.939782,0.5,0.5,-0.1371053472161293,-0.21975383586250247,0.1859930768609047,-0.2718321184317271,0.2928871296692537,-0.5294117647058824
2024-08-07,6,0.44288707,0.34065863,0.21645433,0.10222846,0.768692,0.96749306,0.5,0.3333333333333333,-0.149681980907917,-0.2151449341326952,0.25191044360399245,-0.13628441095352173,0.27761763041988036,-0.25
2024-08-08,7,0.2817892,0.63011354,0.08809727,-0.3483243,0.8274994,0.97093874,0.2857142857142857,0.7142857142857143,-0.21231843829154967,-0.20505708046257495,-0.1360058605670929,-0.06573603550593059,0.28062828256508393,0.16666666666666674
2024-08-09,6,0.3538525,0.46697053,0.17917697,-0.113118015,0.8899513,0.9475278,0.3333333333333333,0.5,-0.17405910938978195,-0.19473690241575242,0.06094109416007995,-0.1197379504640897,0.2779609057909415,-0.1428571428571429
2024-08-12,8,0.30308533,0.2838912,0.41302344,0.019194134,0.6150717,0.883623,0.25,0.25,-0.05822639763355255,-0.1854137260466814,0.07742053121328354,-0.14741606016953787,0.1805429444044219,0.33333333333333326
2024-08-13,9,0.12888846,0.5445659,0.32654563,-0.41567743,0.57256085,0.9642455,0.1111111111111111,0.5555555555555556,-0.15113942921161652,-0.20270170047879219,-0.26453799903392794,-0.16986710329850516,0.22556410670512178,0.125
2024-08-14,7,0.25353014,0.6635738,0.082896076,-0.41004366,0.6662036,0.96813804,0.14285714285714285,0.8571428571428571,-0.25359385311603544,-0.2036939449608326,-0.15644980370998385,-0.26884231716394424,0.19613020577772358,-0.2222222222222222
2024-08-15,8,0.3720818,0.38837594,0.23954228,-0.016294133,0.7594463,0.96866703,0.375,0.375,-0.18718781992793082,-0.19303819742053746,0.1708936870098114,-0.28067173932989437,0.211634545921836,0.1428571428571428
2024-08-16,7,0.4119909,0.1359444,0.4520647,0.27604648,0.55101377,0.7132166,0.42857142857142855,0.14285714285714285,-0.10935491994023323,-0.1522072022780776,0.38540140464901923,-0.050097101678450905,0.29915155336882393,-0.125
2024-08-19,13,0.29517657,0.35928154,0.3455419,-0.06410498,0.6028905,0.84838116,0.23076923076923078,0.38461538461538464,-0.12601474300026894,-0.13314567748457193,0.061909761279821396,0.06521579002340634,0.2924472417197581,0.8571428571428572
2024-08-20,6,0.4621865,0.49765918,0.04015436,-0.03547266,0.9382675,0.9560672,0.5,0.5,-0.04997378960251808,-0.12362812403589488,0.01450112834572792,0.058822947243849434,0.2436615588950806,-0.5384615384615384
2024-08-21,5,0.2876619,0.4327422,0.27959585,-0.14508033,0.6047397,0.96037096,0.2,0.6,0.003018876165151596,-0.1385307738557458,-0.1480992041528225,-0.08155265698830287,0.16034155135846762,-0.16666666666666663
2024-08-22,7,0.4344895,0.41580534,0.14970516,0.018684192,0.9170938,0.96158546,0.42857142857142855,0.42857142857142855,0.010014541074633598,-0.13260386725887657,0.008669650554656983,-0.053956265871723495,0.16005105866509614,0.3999999999999999
2024-08-23,5,0.2680502,0.5533829,0.17856695,-0.28533268,0.7593323,0.9553308,0.4,0.6,-0.10226129181683064,-0.13470369493588805,-0.18307138793170452,-0.13724293870230517,0.11820854249600224,-0.2857142857142857
2024-08-27,14,0.3168604,0.38217953,0.30096006,-0.065319136,0.619887,0.94760054,0.2857142857142857,0.42857142857142855,-0.10250412262976169,-0.11531934728845954,0.037184986844658846,-0.11065587463478248,0.118111771358954,1.7999999999999998
2024-08-28,6,0.31234595,0.40446696,0.28318706,-0.092120975,0.70830935,0.97098875,0.3333333333333333,0.3333333333333333,-0.1138337854295969,-0.1130130878649652,0.02171281017363072,-0.1475909302632014,0.11266582087527612,-0.5714285714285714
2024-08-29,7,0.35328478,0.47742826,0.16928697,-0.12414348,0.8047389,0.9707695,0.42857142857142855,0.42857142857142855,-0.10964641608297825,-0.12747584348544477,-0.014497065171599391,-0.09386119743188222,0.11159818756362525,0.16666666666666674
2024-08-30,4,0.38721877,0.30107963,0.31170163,0.08613914,0.7664201,0.9425162,0.5,0.25,-0.09615542590618134,-0.12141178576275706,0.1822945684194565,-0.043375104665756226,0.13301299548280887,-0.4285714285714286
2024-09-02,9,0.061599758,0.46327665,0.47512355,-0.40167692,0.48898473,0.9624505,0.0,0.4444444444444444,-0.11942427456378937,-0.1262748989276588,-0.28225264847278597,-0.14656042059262595,0.17721313658801408,1.25
2024-09-03,6,0.16791861,0.6212586,0.21082276,-0.45334005,0.63691354,0.96047914,0.16666666666666666,0.6666666666666666,-0.19702845811843872,-0.12094343034550548,-0.2563115954399109,-0.2562926113605499,0.2258751414005163,-0.33333333333333337
2024-09-04,7,0.09137011,0.71905315,0.18957677,-0.627683,0.48626673,0.96791536,0.14285714285714285,0.7142857142857143,-0.30414085984230044,-0.15477196602150797,-0.3235421240329742,-0.4942333201567332,0.28335963261809555,0.16666666666666674
2024-09-05,6,0.13052683,0.5887049,0.2807683,-0.45817807,0.6344412,0.94498485,0.16666666666666666,0.6666666666666666,-0.37094777822494507,-0.1827922928147018,-0.08723029494285583,-0.5130670368671417,0.26934332675117234,-0.1428571428571429
2024-09-06,9,0.3555246,0.3927213,0.25175413,-0.037196677,0.7132064,0.96687305,0.3333333333333333,0.4444444444444444,-0.395614942163229,-0.1672359117306769,0.35841826498508456,-0.37435257807374,0.2177167369070232,0.5
2024-09-09,9,0.36792588,0.36481494,0.26725918,0.0031109254,0.6967863,0.9473151,0.4444444444444444,0.3333333333333333,-0.3146573724690825,-0.16142446469748392,0.31776829790323974,-0.1640879416372627,0.2809703007183476,0.0
2024-09-10,8,0.13267025,0.61444587,0.25288388,-0.48177564,0.6311116,0.96458644,0.125,0.625,-0.3203444900456816,-0.18647295344853773,-0.1614311513956636,-0.17195379772844413,0.28474161655857516,-0.11111111111111116
2024-09-11,10,0.027083308,0.82657325,0.14634337,-0.79949003,0.30167013,0.9728127,0.0,0.9,-0.3547059001866728,-0.20566358376527205,-0.4447841343935579,-0.4260515835291396,0.33672359708113797,0.25
2024-09-12,9,0.14455551,0.6741037,0.1813408,-0.52954817,0.58802676,0.96686757,0.1111111111111111,0.6666666666666666,-0.3689799191895872,-0.21163880933308973,-0.16056824899278582,-0.6036046147346497,0.34364797152355203,-0.09999999999999998
2024-09-13,5,0.016997617,0.9349224,0.048079997,-0.91792476,0.021526566,0.9641952,0.0,1.0,-0.5451255361083895,-0.25672034077579153,-0.3727992256637662,-0.7489876548449198,0.3565458042274715,-0.4444444444444444
2024-09-16,12,0.15079705,0.4522619,0.39694107,-0.30146486,0.5456266,0.9442793,0.08333333333333333,0.5,-0.6060406923294067,-0.2855959077947773,0.30457583665847776,-0.5829792618751526,0.2493760564831039,1.4
2024-09-17,5,0.38889754,0.38026,0.23084244,0.0086375475,0.86167973,0.960294,0.4,0.4,-0.5079580545425415,-0.2819587813341059,0.5165956020355225,-0.40358402331670123,0.3751800190078912,-0.5833333333333333
2024-09-18,10,0.15845302,0.5297631,0.3117839,-0.37131006,0.5650372,0.961374,0.2,0.5,-0.42232205867767336,-0.29875065103406084,0.05101200342178347,-0.22137912114461264,0.3391365315166435,1.0
2024-09-19,10,0.33045238,0.4200851,0.24946252,-0.08963267,0.61707455,0.8878463,0.4,0.5,-0.33433895856142043,-0.29597826801473276,0.24470629096031188,-0.15076839178800583,0.3607402150029874,0.0
2024-09-20,6,0.22809434,0.60377425,0.16813143,-0.37567988,0.7815594,0.9690018,0.16666666666666666,0.6666666666666666,-0.22588998228311538,-0.3156964716152288,-0.1497898980975151,-0.2788742010792096,0.17526037109846582,-0.4
2024-09-23,10,0.26540813,0.37856787,0.356024,-0.11315973,0.6661013,0.96130216,0.3,0.4,-0.18822895735502243,-0.30708782417932523,0.07506922632455826,-0.19282409300406775,0.1751924475947933,0.6666666666666667
2024-09-24,8,0.26350334,0.655223,0.081273615,-0.39171967,0.7929493,0.954121,0.25,0.75,-0.26830040067434313,-0.32340785084525125,-0.1234192684292793,-0.2935197601715724,0.1527779791377869,-0.19999999999999996
2024-09-25,6,0.42708898,0.45082477,0.12208626,-0.02373583,0.8219842,0.9696408,0.5,0.5,-0.19878555573523043,-0.3199885936104693,0.17504972517490386,-0.17620507689813772,0.1720492046779091,-0.25
2024-09-26,4,0.47881398,0.4855493,0.035636753,-0.00673531,1.0601724,0.9609003,0.5,0.5,-0.18220608420670031,-0.31411818504566325,0.17547077424824237,-0.14073026987413564,0.18841328566165136,-0.33333333333333337
2024-09-27,5,0.36901516,0.5750487,0.05593612,-0.20603354,0.7958098,0.9071327,0.4,0.6,-0.1482768166810274,-0.3287268193089403,-0.05775672607123852,-0.07883489442368348,0.15762132379212057,0.25
2024-09-30,8,0.3050083,0.40762436,0.2873673,-0.10261608,0.68497694,0.96945804,0.375,0.375,-0.14616808630526065,-0.31377377711469306,0.04355200715363025,-0.10512831062078476,0.158277751424571,0.6000000000000001
2024-10-01,7,0.13885494,0.5591561,0.301989,-0.42030117,0.570849,0.96444404,0.14285714285714285,0.5714285714285714,-0.1518843863159418,-0.312121832894627,-0.2684167828410864,-0.24298359702030817,0.16948257525041172,-0.125
2024-10-02,4,0.0278293,0.88836145,0.08380927,-0.8605321,0.10269096,0.957585,0.0,1.0,-0.31924364119768145,-0.3237642889493145,-0.5412884637713432,-0.46114978442589444,0.33934175586389254,-0.4285714285714286
2024-10-03,6,0.13802524,0.60584927,0.25612548,-0.46782407,0.3460561,0.88595724,0.0,0.8333333333333334,-0.41146139353513717,-0.3242465888732113,-0.05636267811059953,-0.5828857819239298,0.2926198160918454,0.5
2024-10-04,7,0.32423306,0.4414683,0.23429863,-0.11723525,0.70527923,0.9476533,0.2857142857142857,0.5714285714285714,-0.3937017351388931,-0.32824851755285633,0.27646648436784743,-0.4818638091286023,0.31036141067927214,0.16666666666666674
2024-10-07,12,0.27384362,0.42653406,0.2996223,-0.15269043,0.6783847,0.9667771,0.3333333333333333,0.3333333333333333,-0.403716604411602,-0.336038585100323,0.25102617889642714,-0.24591658264398575,0.29922856028777095,0.7142857142857142
2024-10-08,7,0.30311492,0.5475691,0.14931597,-0.24445422,0.87117076,0.96496636,0.2857142857142857,0.5714285714285714,-0.36854721456766126,-0.3241725140251219,0.12409299463033674,-0.17145996540784836,0.3070244105027444,-0.41666666666666663
2024-10-09,4,0.024443273,0.673194,0.3023627,-0.6487507,0.4189682,0.9670081,0.0,0.75,-0.3261909380555153,-0.31663554841652514,-0.3225597843527794,-0.34863178928693134,0.2261363290148879,-0.4285714285714286
2024-10-10,6,0.23549479,0.69339675,0.07110846,-0.45790195,0.687015,0.955471,0.16666666666666666,0.8333333333333334,-0.3242065146565437,-0.3130532377399504,-0.1336954399943352,-0.4503689656654994,0.22462118938458656,0.5
2024-10-11,7,0.3804591,0.4647902,0.15475069,-0.08433114,0.855015,0.9681042,0.42857142857142855,0.42857142857142855,-0.317625692486763,-0.2713735566474497,0.23329455256462095,-0.39699460566043854,0.23254315196842662,0.16666666666666674
2024-10-14,6,0.19304061,0.31473622,0.49222317,-0.1216956,0.3687593,0.6165807,0.16666666666666666,0.5,-0.3114267274737358,-0.26238509388640524,0.18973112702369688,-0.22130956500768661,0.23837894881260463,-0.1428571428571429
2024-10-15,8,0.05834006,0.8842316,0.05742832,-0.82589155,0.19675191,0.9639583,0.0,1.0,-0.42771419435739516,-0.30411154897883536,-0.3981773599982262,-0.3439727649092674,0.32398802428091844,0.33333333333333326
2024-10-16,10,0.33632562,0.431261,0.23241337,-0.09493538,0.7774871,0.97388804,0.4,0.4,-0.31695112586021423,-0.2902928152121603,0.22201574593782425,-0.3475075115760167,0.32419718744894593,0.25
2024-10-17,8,0.32817847,0.3140602,0.35776132,0.014118254,0.5808687,0.7939433,0.375,0.25,-0.22254708409309387,-0.28510526912286877,0.23666533827781677,-0.3022362266977628,0.34117240808568877,-0.19999999999999996
2024-10-18,6,0.20776142,0.22340877,0.56882983,-0.015647357,0.5845893,0.9671176,0.16666666666666666,0.16666666666666666,-0.2088103275746107,-0.2671036429703236,0.1931629702448845,-0.0321548276891311,0.34941193649809643,-0.25
2024-10-21,10,0.18501684,0.6021833,0.21279988,-0.4171664,0.67422515,0.97129583,0.1,0.6,-0.26790448985993864,-0.28230397701263427,-0.14926192201673982,-0.13956517167389393,0.35592045725557747,0.6666666666666667
2024-10-22,6,0.04339848,0.6333074,0.32329413,-0.5899089,0.478674,0.941477,0.0,0.6666666666666666,-0.22070795856416225,-0.2922134384512901,-0.36920093931257725,-0.3409075556943814,0.2682895820648151,-0.4
2024-10-23,7,0.21474196,0.6220192,0.16323887,-0.40727717,0.69948494,0.9588214,0.2857142857142857,0.7142857142857143,-0.2831763159483671,-0.31139050526544454,-0.12410085089504719,-0.4714508255322774,0.2680461942214415,0.16666666666666674
2024-10-24,2,0.3900907,0.53766716,0.07224216,-0.14757645,1.0992981,0.9445813,0.5,0.5,-0.31551525704562666,-0.31843256233260037,0.16793880574405196,-0.38158750534057617,0.23030918091315009,-0.7142857142857143
2024-10-25,6,0.1874706,0.35084307,0.46168637,-0.16337247,0.5835026,0.9290458,0.16666666666666666,0.3333333333333333,-0.3450602799654007,-0.3162995087914169,0.18168780803680418,-0.23940869669119516,0.18777073995835714,2.0
2024-10-28,13,0.17016329,0.519,0.31083676,-0.34883672,0.6293473,0.96558607,0.07692307692307693,0.46153846153846156,-0.33139434158802034,-0.3286105408333242,-0.017442378401756276,-0.2199285477399826,0.18365223999410904,1.1666666666666665
2024-10-29,10,0.19381762,0.5301109,0.2760715,-0.33629325,0.64822465,0.97351235,0.1,0.6,-0.2806712120771408,-0.32441014489158987,-0.05562203824520112,-0.28283414741357166,0.11751874869160457,-0.23076923076923073
2024-10-30,6,0.18688314,0.74765205,0.065464824,-0.5607689,0.7430047,0.97052985,0.16666666666666666,0.8333333333333334,-0.3113695591688156,-0.3094219847582281,-0.24939934313297274,-0.4152996242046356,0.16804488306123766,-0.4
2024-10-31,7,0.37328672,0.47216803,0.1545452,-0.09888131,0.7201791,0.9724835,0.2857142857142857,0.5714285714285714,-0.3016305312514305,-0.2909748467616737,0.20274921953678132,-0.33198115477959317,0.1808349804999821,0.16666666666666674
2024-11-01,6,0.123126894,0.61731356,0.2595595,-0.49418664,0.50158846,0.9707364,0.0,0.8333333333333334,-0.3677933648228645,-0.30982241621240975,-0.1263932749629021,-0.3846122846007347,0.17810118045992826,-0.1428571428571429
2024-11-04,10,0.1265276,0.6414311,0.23204131,-0.5149034,0.48578134,0.97024405,0.1,0.8,-0.40100670605897903,-0.32793306624516844,-0.11389672011137009,-0.36932379255692166,0.18884286292502525,0.6666666666666667
2024-11-05,9,0.3017154,0.42843154,0.26985303,-0.12671614,0.79789805,0.96665555,0.3333333333333333,0.4444444444444444,-0.3590912833809853,-0.3220461620949209,0.23237514644861224,-0.3786020676294963,0.22633464117205138,-0.09999999999999998
2024-11-06,7,0.30264035,0.4902404,0.2071193,-0.18760006,0.73164755,0.9529605,0.2857142857142857,0.5714285714285714,-0.2844575151801109,-0.29898862903937695,0.09685745388269423,-0.27640654146671295,0.20358896070070157,-0.2222222222222222
2024-11-07,8,0.09382988,0.52970225,0.37646788,-0.43587235,0.35086086,0.9614274,0.0,0.75,-0.3518557220697403,-0.29788714861497284,-0.08401662409305571,-0.25006284813086194,0.1813623389557085,0.1428571428571428
2024-11-08,8,0.26159444,0.58427763,0.15412794,-0.32268316,0.8325287,0.9683861,0.25,0.625,-0.3175550252199173,-0.3098047493956983,-0.005128130316734314,-0.31538518766562146,0.1630026467915976,0.0
2024-11-11,10,0.18497579,0.40097934,0.41404492,-0.2160035,0.5001841,0.9672605,0.1,0.5,-0.2577750414609909,-0.3145201447419822,0.04177153408527373,-0.32485300302505493,0.12224722754723977,0.25
2024-11-12,9,0.32371432,0.4730488,0.20323688,-0.14933449,0.7832976,0.95244294,0.3333333333333333,0.4444444444444444,-0.2622987121343613,-0.2806922915391624,0.11296422183513644,-0.22934038440386453,0.11646688077535941,-0.09999999999999998
2024-11-13,7,0.36811584,0.3220137,0.30987045,0.046102095,0.7517888,0.9690211,0.42857142857142855,0.2857142857142857,-0.2155582807958126,-0.2736404177732766,0.26166037619113924,-0.10641196742653847,0.18225392129505966,-0.2222222222222222
2024-11-14,7,0.17775902,0.58927053,0.2329705,-0.41151148,0.5807601,0.9494331,0.14285714285714285,0.7142857142857143,-0.210686107724905,-0.2949219045229256,-0.20082537308335305,-0.1715812919040521,0.17507615925228717,0.0
2024-11-15,8,0.258829,0.6070493,0.13412169,-0.3482203,0.64740545,0.9706052,0.125,0.75,-0.21579353436827658,-0.3115505510941148,-0.13242675438523294,-0.23787655805548033,0.17947738670387145,0.1428571428571428
2024-11-18,9,0.10966743,0.7005487,0.18978387,-0.5908813,0.58616143,0.9713118,0.1111111111111111,0.6666666666666666,-0.29076909050345423,-0.3202362949028611,-0.300112197548151,-0.45020435253779095,0.24567897658216986,0.125
2024-11-19,7,0.09339323,0.67178005,0.23482673,-0.5783868,0.5405001,0.96089625,0.0,0.7142857142857143,-0.37657954916357994,-0.31966018918901684,-0.20180723443627357,-0.5058294534683228,0.2585225596092669,-0.2222222222222222
2024-11-20,10,0.22036383,0.5190996,0.2605366,-0.29873577,0.686832,0.96970123,0.2,0.6,-0.44554712176322936,-0.31423311922699215,0.14681135416030883,-0.4893346130847931,0.13318493405497284,0.4285714285714286
2024-11-21,9,0.21393451,0.51135015,0.2747153,-0.29741564,0.5725898,0.967334,0.2222222222222222,0.5555555555555556,-0.4227279543876648,-0.32172507885843515,0.12531231045722963,-0.39151273171106976,0.1492764587167478,-0.09999999999999998
2024-11-22,5,0.06162688,0.73038906,0.20798405,-0.6687622,0.44299152,0.9649273,0.0,0.8,-0.4868363380432129,-0.34699456561356784,-0.1819258689880371,-0.4216378728548686,0.17575969494529534,-0.4444444444444444
2024-11-25,14,0.22215186,0.41848388,0.35936427,-0.19633201,0.59541816,0.95727855,0.14285714285714285,0.5,-0.407926481962204,-0.339369329996407,0.21159447431564332,-0.3875032862027486,0.20371516198627934,1.7999999999999998
2024-11-26,10,0.12318021,0.76014036,0.11667941,-0.63696015,0.6091678,0.9715811,0.1,0.8,-0.41964115500450133,-0.354402674920857,-0.217318993806839,-0.500684787829717,0.21720555194671426,-0.2857142857142857
2024-11-27,10,0.45399207,0.30696428,0.23904362,0.1470278,0.7080387,0.9413796,0.5,0.3,-0.33048844039440156,-0.3190128395333886,0.47751624584198,-0.22875478367010751,0.33744168852235507,0.0
2024-11-28,2,0.6216737,0.31704473,0.06128151,0.304629,0.810767,0.61515135,0.5,0.5,-0.21007951200008393,-0.2988373240455985,0.5147085100412369,-0.06176778177420298,0.4430734626348453,-0.8
2024-11-29,9,0.2965527,0.4999472,0.2035001,-0.20339452,0.73786575,0.9662298,0.3333333333333333,0.5555555555555556,-0.11700597405433655,-0.2842977179214358,-0.08638854324817657,0.08275409539540608,0.36455377870394085,3.5
2024-12-02,16,0.121815264,0.6069664,0.2712184,-0.48515108,0.5607952,0.96261287,0.125,0.625,-0.174769788980484,-0.28281010072678325,-0.31038129329681396,-0.12797220051288605,0.4012956328563138,0.7777777777777777
2024-12-03,8,0.2928739,0.4577691,0.249357,-0.1648952,0.7821833,0.97168726,0.25,0.5,-0.08035680055618286,-0.2847190542146564,-0.08453840613365174,-0.2844802687565486,0.31066913933355217,-0.5
2024-12-04,7,0.10435791,0.7215538,0.17408822,-0.61719596,0.55610853,0.9703078,0.14285714285714285,0.7142857142857143,-0.23320155441761017,-0.3061988493427634,-0.38399440944194796,-0.42241408427556354,0.35557917220746366,-0.125
2024-12-05,1,0.078794576,0.6321277,0.28907776,-0.5533331,0.0,0.6321277,0.0,1.0,-0.40479397475719453,-0.31207188721746204,-0.14853912889957427,-0.44514142473538715,0.20721299603376853,-0.8571428571428572
2024-12-06,7,0.5010468,0.31368604,0.18526722,0.18736075,0.68705815,0.8606068,0.7142857142857143,0.2857142857142857,-0.3266429215669632,-0.2865696920081973,0.5140036702156067,-0.32772277295589447,0.3358930046593168,6.0
2024-12-09,9,0.11866372,0.80660427,0.074731976,-0.6879406,0.47412148,0.9590184,0.1111111111111111,0.8888888888888888,-0.3672008246183395,-0.3101665465161204,-0.32073977291584016,-0.3513043175141017,0.3702981563767802,0.2857142857142858
2024-12-10,7,0.2952389,0.44272086,0.26204026,-0.14748195,0.7855828,0.95345676,0.2857142857142857,0.5714285714285714,-0.36371817290782926,-0.31007391940802337,0.21623622477054594,-0.2160205990076065,0.37275027692348844,-0.2222222222222222
2024-12-11,5,0.39348048,0.42993346,0.17658606,-0.036452986,0.8211453,0.96831346,0.4,0.4,-0.24756957739591598,-0.31420167349278927,0.21111659109592437,-0.2906251773238182,0.36440708913552095,-0.2857142857142857
2024-12-12,4,0.05688932,0.9110413,0.032069366,-0.85415196,0.14808275,0.9563428,0.0,1.0,-0.30773334950208664,-0.33633369766175747,-0.5464186146855354,-0.346028966208299,0.4437123412339151,-0.19999999999999996
2024-12-13,5,0.20786636,0.58664626,0.2054874,-0.37877995,0.82651854,0.97218084,0.2,0.6,-0.42096148878335954,-0.33786168061196803,0.04218154102563859,-0.42312829941511154,0.3476165137502982,0.25
2024-12-16,7,0.05556226,0.46313238,0.48130536,-0.40757012,0.46028242,0.9628536,0.0,0.42857142857142855,-0.36488739401102066,-0.32869612239301205,-0.04268272966146469,-0.5468340118726095,0.3148527140406723,0.3999999999999999
2024-12-17,6,0.4903809,0.3649955,0.14462356,0.1253854,0.7769833,0.8873952,0.5,0.3333333333333333,-0.31031392365694044,-0.29350751303136347,0.4356993272900581,-0.22032155593236288,0.37905800876545365,-0.1428571428571429
2024-12-18,6,0.09931616,0.69507694,0.20560695,-0.59576076,0.36349657,0.9613741,0.0,0.8333333333333334,-0.4221754789352417,-0.30835876278579233,-0.1735852837562561,-0.2926484942436218,0.36008851106197287,0.0
2024-12-19,8,0.19156376,0.5601034,0.2483328,-0.36853966,0.6536849,0.9599999,0.125,0.625,-0.3250530183315277,-0.3119149636477232,-0.0434866428375244,-0.27963834007581073,0.26821828729747466,0.33333333333333326
2024-12-20,7,0.08776959,0.6825863,0.22964409,-0.59481674,0.47149608,0.9715507,0.14285714285714285,0.7142857142857143,-0.3682603776454926,-0.30821769051253795,-0.2265563666820526,-0.519705722729365,0.29509138583937833,-0.125
2024-12-23,11,0.07863396,0.61853254,0.30283353,-0.5398986,0.4258257,0.96840346,0.0,0.6363636363636364,-0.39472606778144836,-0.32539601884782315,-0.14517250657081604,-0.5010849932829539,0.30525724997557513,0.5714285714285714
2024-12-24,4,0.500111,0.34030277,0.15958622,0.1598082,0.7946179,0.96251434,0.5,0.25,-0.38784150779247284,-0.2855576012283564,0.5476497113704681,-0.3249690383672714,0.3199544046557721,-0.6363636363636364
2024-12-27,8,0.40346295,0.47439098,0.1221461,-0.07092802,0.82685286,0.97020006,0.5,0.5,-0.2828749597072601,-0.296455392614007,0.21194693744182586,-0.15033946434656778,0.32077918569516906,1.0
2024-12-30,6,0.3294737,0.4880508,0.18247552,-0.15857705,0.9098722,0.96298,0.3333333333333333,0.5,-0.2408824384212494,-0.3196156952530146,0.08230538368225099,-0.023232291142145794,0.3205042171267813,-0.25
2024-12-31,5,0.393586,0.39195815,0.21445584,0.0016278923,0.7534885,0.9642476,0.4,0.4,-0.12159351110458375,-0.30936457477509977,0.12322140336036683,-0.0759590615828832,0.26138302329632696,-0.16666666666666663
2025-01-02,8,0.4131001,0.37138793,0.21551196,0.041712172,0.80112565,0.9703316,0.375,0.375,-0.005271361768245697,-0.28302141204476355,0.04698353409767151,-0.038412330051263176,0.11970771449888831,0.6000000000000001
2025-01-03,4,0.04567754,0.74712193,0.20720051,-0.7014444,0.23702525,0.92987293,0.0,1.0,-0.17752187997102736,-0.3098488710820675,-0.5239225074648857,-0.2193681076169014,0.3026442471404857,-0.5
2025-01-06,12,0.30746505,0.27000427,0.42253068,0.0374608,0.6622382,0.96382594,0.25,0.25,-0.15584411546587945,-0.27711603287607434,0.19330491572618486,-0.20742380494872728,0.31578467198318444,2.0
2025-01-07,7,0.28910473,0.61963254,0.091262765,-0.3305278,0.7264514,0.9677634,0.2857142857142857,0.7142857142857143,-0.19023426696658136,-0.2659757683053613,-0.14029354527592658,-0.33150379980603856,0.3253741494800186,-0.41666666666666663
2025-01-08,8,0.5083301,0.31449077,0.1771791,0.19383936,0.78120023,0.9328031,0.5,0.25,-0.15179197415709494,-0.2656518379226327,0.34563133046030997,-0.03307588522632917,0.36290004104686047,0.1428571428571428
2025-01-09,9,0.20983917,0.5209267,0.26923418,-0.3110875,0.4775128,0.9519232,0.2222222222222222,0.5555555555555556,-0.22235190644860267,-0.24680918250232936,-0.08873558267951012,-0.1492586483558019,0.34993693907786655,0.125
2025-01-10,9,0.2286708,0.56067336,0.21065587,-0.33200252,0.6979389,0.96787184,0.2222222222222222,0.5555555555555556,-0.14846353307366372,-0.2560352111235261,-0.18353898748755454,-0.149750217795372,0.24749729218795086,0.0
2025-01-13,9,0.10181233,0.5252633,0.37292436,-0.42345098,0.49367815,0.97046196,0.0,0.5555555555555556,-0.24064588844776152,-0.2753851106390357,-0.1828050881624222,-0.35551366209983826,0.2467701064386441,0.0
2025-01-14,5,0.15725201,0.56560034,0.27714762,-0.40834832,0.6767477,0.9496286,0.0,0.6,-0.2562099903821945,-0.25309492852538823,-0.15213833153247835,-0.3879339396953583,0.25613281776624747,-0.4444444444444444
2025-01-15,9,0.43114144,0.39656729,0.17229125,0.034574136,0.67527914,0.8771349,0.5555555555555556,0.3333333333333333,-0.28806303441524506,-0.2324272243306041,0.3226371705532074,-0.2657417207956314,0.186650738721268,0.8
2025-01-16,5,0.59199655,0.18055913,0.22744426,0.41143745,0.44232458,0.44270954,0.8,0.0,-0.1435580462217331,-0.19147684555500746,0.5549954980611801,0.01255442202091217,0.3618412427268592,-0.4444444444444444
2025-01-17,7,0.26679143,0.5494116,0.18379697,-0.2826202,0.5674008,0.95751566,0.2857142857142857,0.5714285714285714,-0.13368158042430878,-0.21187712531536818,-0.1489386111497879,0.054463798801104225,0.35603917524274975,0.3999999999999999
2025-01-20,11,0.25836888,0.2824673,0.45916378,-0.02409844,0.6208479,0.93615764,0.2727272727272727,0.2727272727272727,-0.05381107293069363,-0.18329400913789867,0.029712633788585664,0.03490627370774746,0.31749064918555486,0.5714285714285714
2025-01-21,10,0.22413597,0.4509336,0.32493046,-0.22679761,0.6031689,0.92492926,0.2,0.5,-0.01750093065202236,-0.17620690660551191,-0.20929667986929418,-0.17783874707917371,0.2742429572432251,-0.09090909090909094
2025-01-22,5,0.42052102,0.3002438,0.27923515,0.120277226,0.6629589,0.65330434,0.4,0.4,-0.00036031268537044524,-0.14045220809057354,0.12063753865659237,-0.043539607897400856,0.2809087050671276,-0.5
2025-01-23,4,0.36681277,0.3410925,0.2920947,0.025720239,0.7474831,0.9697828,0.5,0.25,-0.07750375531613826,-0.11217126743867993,0.10322399400174617,-0.0269333819548289,0.1710161139465417,-0.19999999999999996
2025-01-24,4,0.24657483,0.3717893,0.38163584,-0.12521446,0.13128652,0.5289234,0.0,0.5,-0.046022608503699304,-0.1264224004931748,-0.07919184900820256,0.006927669048309326,0.1343821887148947,0.0
2025-01-27,12,0.15294077,0.5927449,0.25431436,-0.4398041,0.532914,0.94416153,0.16666666666666666,0.6666666666666666,-0.1291637420654297,-0.14486620472744108,-0.3106403648853302,-0.1797661085923513,0.2192346057552224,2.0
2025-01-28,6,0.05176517,0.5839425,0.36429235,-0.5321773,0.51004046,0.9750074,0.0,0.6666666666666666,-0.19023968577384948,-0.16354621844366193,-0.34193764328956605,-0.36573196450869244,0.28569716220962993,-0.5
2025-01-29,8,0.25374797,0.478632,0.26762003,-0.22488402,0.71756315,0.9689288,0.25,0.5,-0.25927193462848663,-0.17487181397154927,0.03438791632652283,-0.3989551514387131,0.22772993565049887,0.33333333333333326
2025-01-30,5,0.39062944,0.56240034,0.046970226,-0.17177093,0.9989756,0.92873085,0.4,0.6,-0.29877016842365267,-0.18554596910253168,0.1269992381334305,-0.3096107592185338,0.17753804445156776,-0.375
2025-01-31,4,0.21010685,0.6705435,0.11934973,-0.46043664,0.7193877,0.96046036,0.25,0.75,-0.3658146053552628,-0.17349558183923364,-0.09462203681468961,-0.28569719692071277,0.1578121590981219,-0.19999999999999996
2025-02-03,14,0.1877865,0.55605143,0.25616205,-0.36826494,0.61938787,0.93952394,0.21428571428571427,0.5714285714285714,-0.35150677263736724,-0.19378186902031302,-0.01675817072391511,-0.3334908386071523,0.15258333596875928,2.5
2025-02-04,8,0.29360044,0.49906203,0.20733754,-0.20546159,0.735016,0.95456606,0.25,0.625,-0.28616362512111665,-0.18752855798229576,0.08070203363895417,-0.34472105900446576,0.12294857461976487,-0.4285714285714286
2025-02-05,5,0.20331892,0.7411717,0.05550928,-0.5378529,0.8180278,0.9721629,0.2,0.8,-0.34875739812850953,-0.22411316996440292,-0.1890954852104187,-0.3705264727274577,0.1584832786116129,-0.375
2025-02-06,9,0.27225333,0.631696,0.09605077,-0.3594426,0.7408367,0.9465452,0.2222222222222222,0.7777777777777778,-0.38629173040390014,-0.22653092509135603,0.026849138736724842,-0.367585688829422,0.12471330268282611,0.8
2025-02-07,6,0.43369162,0.30221313,0.26409528,0.1314785,0.6119706,0.9469668,0.5,0.16666666666666666,-0.26790870130062105,-0.20335687389597296,0.39938720464706423,-0.25527232388655346,0.2523536558993071,-0.33333333333333337
2025-02-10,13,0.051565703,0.365506,0.5829283,-0.31394026,0.3583252,0.9396875,0.0,0.3076923076923077,-0.2570437639951706,-0.19788133790716528,-0.05689649283885956,-0.1806347817182541,0.24808605616499996,1.1666666666666665
2025-02-11,6,0.37534824,0.46212503,0.16252673,-0.08677679,0.7200972,0.9532248,0.3333333333333333,0.6666666666666666,-0.23330680429935455,-0.18180276146158575,0.14653001129627227,-0.08974618216355641,0.25966308443137864,-0.5384615384615384
2025-02-12,8,0.32941878,0.6005081,0.070073165,-0.2710893,0.83419997,0.9464623,0.375,0.625,-0.17995408475399016,-0.19708593254908918,-0.09113520085811616,-0.2239354451497396,0.20257486757184853,0.33333333333333326
2025-02-13,6,0.28396416,0.36104694,0.3549889,-0.07708278,0.70891577,0.9233038,0.3333333333333333,0.3333333333333333,-0.1234821230173111,-0.22151194429025053,0.04639934003353119,-0.14498295386632284,0.1778814747163378,-0.25
2025-02-14,4,0.2320687,0.36291116,0.40502012,-0.13084243,0.5448356,0.9533721,0.25,0.25,-0.17594631016254425,-0.21392305633053182,0.045103877782821655,-0.15967150032520294,0.10937787102871699,-0.33333333333333337
2025-02-17,11,0.22779937,0.4949194,0.27728125,-0.26712003,0.67919356,0.9589692,0.2727272727272727,0.5454545454545454,-0.16658226549625396,-0.22607413604855536,-0.10053776800632477,-0.15834841628869376,0.09576790502335512,1.75
2025-02-18,8,0.22909461,0.50435144,0.26655394,-0.2752568,0.6576175,0.9693802,0.25,0.5,-0.20427826941013336,-0.22849709615111352,-0.07097854316234589,-0.22440642615159354,0.09357118509086759,-0.2727272727272727
2025-02-19,7,0.3674759,0.3994268,0.23309731,-0.031950917,0.81505495,0.96054155,0.2857142857142857,0.42857142857142855,-0.15645059570670128,-0.2361085033044219,0.12449967861175537,-0.19144258772333464,0.11047379703786141,-0.125
2025-02-20,7,0.3777711,0.4121248,0.2101041,-0.034353707,0.84678006,0.9678458,0.42857142857142855,0.42857142857142855,-0.14790478050708772,-0.2391122005879879,0.11355107352137567,-0.1138538122177124,0.11943731104605208,0.0
2025-02-21,6,0.37447548,0.521531,0.1039935,-0.1470555,0.84384423,0.9658753,0.3333333333333333,0.6666666666666666,-0.15114739537239075,-0.2402042530477047,0.004091888666152954,-0.07112004359563191,0.1190778210522341,-0.1428571428571429
2025-02-24,7,0.2634817,0.65298367,0.0835346,-0.38950196,0.8097733,0.9687941,0.2857142857142857,0.7142857142857143,-0.1756237804889679,-0.23768914565443994,-0.21387817859649658,-0.1903037242591381,0.1557930421844078,0.16666666666666674
2025-02-25,5,0.04386493,0.38230854,0.5738265,-0.3384436,0.4630425,0.9658274,0.0,0.4,-0.18826113939285277,-0.22800245955586435,-0.15018246769905091,-0.29166702429453534,0.167981344667212,-0.2857142857142857
2025-02-26,4,0.026694415,0.75148064,0.22182493,-0.7247862,0.4004163,0.96272844,0.0,0.75,-0.3268282003700733,-0.2529975697398186,-0.39795802161097527,-0.4842439293861389,0.26471355053007,-0.19999999999999996
2025-02-27,6,0.41491166,0.49513283,0.08995551,-0.0802212,0.89519155,0.9433531,0.5,0.5,-0.33600169867277146,-0.2484200831502676,0.25578050017356874,-0.38115034252405167,0.25255988105432364,0.5
2025-02-28,8,0.35459852,0.312492,0.3329095,0.0421065,0.6967858,0.9562889,0.375,0.25,-0.2981692969799042,-0.22329292595386505,0.3402757987380028,-0.2543003062407176,0.29801621967514663,0.33333333333333326
2025-03-03,9,0.4187338,0.35301852,0.22824767,0.06571528,0.6439456,0.97018504,0.5555555555555556,0.3333333333333333,-0.20712584853172303,-0.20159391462802886,0.2728411316871643,0.009200195471445719,0.3308626806260289,0.125
2025-03-04,3,0.03362932,0.8748128,0.09155789,-0.8411834,0.12809573,0.969533,0.0,1.0,-0.3076738119125366,-0.23338000625371932,-0.5335096120834351,-0.24445387969414392,0.4393505560239882,-0.6666666666666667
2025-03-05,3,0.07200462,0.75635403,0.17164133,-0.6843495,0.20903143,0.8933881,0.0,1.0,-0.29958646297454833,-0.24070483595132827,-0.38476301431655885,-0.48660587271054584,0.4300262819018603,0.0
2025-03-06,8,0.22605596,0.679456,0.094488055,-0.4534,0.7816426,0.97243506,0.25,0.75,-0.37422222048044207,-0.2454027056694031,-0.0791777655482292,-0.6596442957719167,0.4145405322851261,1.6666666666666665
2025-03-07,9,0.21919766,0.63295454,0.14784777,-0.4137569,0.67863655,0.9691236,0.2222222222222222,0.6666666666666666,-0.46539490222930907,-0.27266447618603706,0.0516379952430725,-0.517168790102005,0.34425517738259104,0.125
2025-03-10,9,0.19426312,0.54366034,0.26207653,-0.34939718,0.62867004,0.96991134,0.2222222222222222,0.5555555555555556,-0.5484173953533172,-0.2744373224675655,0.19902021288871763,-0.4055180251598358,0.20673671587760778,0.0
2025-03-11,8,0.14321655,0.6508801,0.20590335,-0.50766355,0.4442087,0.96432257,0.0,0.75,-0.48171342015266416,-0.29548166021704675,-0.025950127840042136,-0.4236058791478475,0.12714372357404125,-0.11111111111111116
2025-03-12,6,0.16734336,0.65658,0.17607665,-0.48923662,0.6420712,0.96903396,0.16666666666666666,0.6666666666666666,-0.4426908493041992,-0.30638902708888055,-0.04654577374458313,-0.4487657845020294,0.0633315236043107,-0.25
2025-03-13,9,0.18018867,0.6471045,0.17270681,-0.46691588,0.565918,0.97374356,0.1111111111111111,0.7777777777777778,-0.44539402723312377,-0.32588068172335627,-0.0215218484401703,-0.4879386822382609,0.0641855863235591,0.5
2025-03-14,7,0.20894615,0.6319376,0.15911622,-0.42299148,0.66961586,0.9593201,0.14285714285714285,0.7142857142857143,-0.44724094271659853,-0.3404881343245506,0.024249458312988303,-0.45971466104189557,0.06317251979795668,-0.2222222222222222
2025-03-17,18,0.23824729,0.5119332,0.24981946,-0.27368596,0.6401644,0.9471351,0.2222222222222222,0.6111111111111112,-0.43209869861602784,-0.340816430747509,0.15841273665428163,-0.38786444067955017,0.09402733801008771,1.5714285714285716
2025-03-18,4,0.6274361,0.2528512,0.119712755,0.3745849,0.7619414,0.84450454,0.75,0.25,-0.2556490063667297,-0.30832434445619583,0.6302339196205139,-0.10736417770385742,0.36218796739286463,-0.7777777777777778
2025-03-19,4,0.4471353,0.26698932,0.28587538,0.18014596,0.8140792,0.90707237,0.5,0.25,-0.12177248895168305,-0.29771950040012596,0.30191845297813413,0.09368163843949635,0.37764400130069087,0.0
2025-03-20,9,0.21073714,0.50209916,0.28716367,-0.29136202,0.6189295,0.95972335,0.2222222222222222,0.5555555555555556,-0.08666171729564667,-0.310569915920496,-0.2047003000974655,0.08778961996237437,0.34421388198382413,1.25
2025-03-21,7,0.06845401,0.78084236,0.15070365,-0.71238834,0.46640775,0.9716911,0.0,0.8571428571428571,-0.14454108774662017,-0.338836557418108,-0.5678472489118576,-0.27453479667504627,0.42883527388696435,-0.2222222222222222
2025-03-24,8,0.34843507,0.22932202,0.42224294,0.11911305,0.60373724,0.95033693,0.375,0.125,-0.06598128527402877,-0.31340580694377423,0.18509433567523956,-0.29487910121679306,0.4351941123575212,0.1428571428571428
2025-03-25,6,0.3129933,0.58259445,0.1044122,-0.2696012,0.79437643,0.9606273,0.3333333333333333,0.6666666666666666,-0.1948185071349144,-0.30996368639171124,-0.07478268891572953,-0.287625494102637,0.3612281155370785,-0.25
2025-03-26,8,0.41499418,0.4266063,0.15839952,-0.011612132,0.7814383,0.9686442,0.5,0.375,-0.23317012637853624,-0.27430498190224173,0.22155799418687822,-0.05403342594703039,0.3192001697647432,0.33333333333333326
2025-03-27,2,0.41368577,0.4840635,0.1022507,-0.07037774,1.2412125,0.95651186,0.5,0.5,-0.18897327035665512,-0.2738128088414669,0.11859553307294846,-0.11719702184200287,0.32438528360100555,-0.75
2025-03-28,5,0.24489295,0.49549326,0.2596138,-0.2506003,0.7759114,0.94480544,0.2,0.6,-0.09661566466093063,-0.2884481493383646,-0.1539846435189247,-0.11086339255174,0.16438382856709607,1.5
2025-03-31,10,0.27197713,0.55327046,0.17475243,-0.2812933,0.668546,0.9638512,0.3,0.6,-0.17669693529605865,-0.30579857863485815,-0.10459636747837067,-0.20075711607933044,0.12608536231621034,1.0
2025-04-01,4,0.33319908,0.62993693,0.03686402,-0.29673785,0.8604077,0.95372885,0.25,0.75,-0.18212426602840423,-0.2785762999206781,-0.1146135836839676,-0.2762104868888855,0.13154981398200213,-0.6
2025-04-02,3,0.045618698,0.3995727,0.5548086,-0.353954,0.34073803,0.83555174,0.0,0.3333333333333333,-0.25059263706207274,-0.26205652542412283,-0.10336135029792787,-0.31066171328226727,0.10750917451793397,-0.25
2025-04-03,7,0.2884039,0.2201844,0.49141172,0.06821949,0.61008996,0.846415,0.2857142857142857,0.2857142857142857,-0.22287319153547286,-0.2359755516052246,0.2910926818847656,-0.19415744890769324,0.16699911272446477,1.3333333333333335
2025-04-04,6,0.11388234,0.56781423,0.31830344,-0.4539319,0.4657032,0.95024544,0.0,0.6666666666666666,-0.2635395094752312,-0.23798430114984512,-0.19039238840341566,-0.24655546496311823,0.1974242894812567,-0.1428571428571429
2025-04-07,11,0.18358436,0.43738115,0.3790345,-0.2537968,0.53721964,0.9431716,0.18181818181818182,0.5454545454545454,-0.2580402061343193,-0.23320428133010865,0.0042434200644493325,-0.21316973119974136,0.19718893991891515,0.8333333333333333
2025-04-08,10,0.23156002,0.4782649,0.29017508,-0.24670489,0.55270296,0.96619284,0.3,0.5,-0.2480336144566536,-0.22015634849667548,0.0013287231326103155,-0.3181445250908534,0.1960001495303757,-0.09090909090909094
2025-04-09,6,0.05409802,0.8866396,0.059262346,-0.83254164,0.14134456,0.9552754,0.0,1.0,-0.3437511458992958,-0.23732159957289695,-0.4887904986739159,-0.44434777398904163,0.3310156783337865,-0.4
2025-04-10,7,0.3690415,0.5590254,0.07193303,-0.18998392,0.82189584,0.94580823,0.42857142857142855,0.5714285714285714,-0.39539182782173155,-0.22347500175237656,0.2054079085588455,-0.4230768183867137,0.2640436857417832,0.16666666666666674
2025-04-11,8,0.32202727,0.41972253,0.25825024,-0.09769526,0.7413936,0.9631498,0.375,0.375,-0.3241445004940033,-0.20721019059419632,0.2264492392539978,-0.3734069416920344,0.2909861120465974,0.1428571428571428
2025-04-14,11,0.13644038,0.57352823,0.29003137,-0.4370879,0.4286984,0.95631915,0.09090909090909091,0.6363636363636364,-0.3608027219772339,-0.21538028717041016,-0.07628517150878905,-0.2415890246629715,0.2914532349710079,0.375
2025-04-15,10,0.20379004,0.41214746,0.38406247,-0.20835745,0.68154705,0.9757297,0.1,0.4,-0.3531332343816757,-0.244527405500412,0.14477578103542327,-0.24771353602409363,0.29568018722454925,-0.09090909090909094
2025-04-16,6,0.12343518,0.6888566,0.1877082,-0.5654214,0.52785003,0.96081996,0.16666666666666666,0.6666666666666666,-0.29970918595790863,-0.2818057738244534,-0.2657122164964676,-0.4036222497622172,0.19408135553160452,-0.4
2025-04-17,7,0.121519074,0.65292007,0.22556083,-0.531401,0.45786867,0.95158553,0.0,0.7142857142857143,-0.3679925978183746,-0.29380772188305854,-0.16340838074684144,-0.4350599447886149,0.2055472094153212,0.16666666666666674
2025-04-22,22,0.2813755,0.40105012,0.31757435,-0.11967465,0.65731716,0.9698099,0.2727272727272727,0.4090909090909091,-0.3723884761333466,-0.26417203769087794,0.25271382331848147,-0.40549901127815247,0.1984333352238915,2.142857142857143
2025-04-23,7,0.31390747,0.39464542,0.2914471,-0.08073791,0.7825579,0.97158796,0.2857142857142857,0.42857142857142855,-0.3011184796690941,-0.27416458576917646,0.22038056850433352,-0.24393784751494726,0.2307488513367706,-0.6818181818181819
2025-04-24,9,0.26237565,0.5078857,0.22973868,-0.24551003,0.5806775,0.9664708,0.2222222222222222,0.5555555555555556,-0.3085489943623543,-0.272960027307272,0.06303896754980087,-0.14864086359739304,0.22759160730052944,0.2857142857142858
2025-04-25,4,0.40109444,0.44227818,0.1566274,-0.041183755,0.658628,0.6834252,0.25,0.75,-0.20370146483182908,-0.27443860843777657,0.1625177100300789,-0.12247723092635472,0.19857459171403774,-0.5555555555555556
2025-04-28,9,0.19043395,0.45448276,0.35508326,-0.26404884,0.5720296,0.96018255,0.2222222222222222,0.4444444444444444,-0.15023103803396226,-0.2841221638023853,-0.1138178065419197,-0.18358087539672852,0.0996078261593081,1.25
2025-04-29,6,0.13760759,0.5058337,0.3565588,-0.36822605,0.5088015,0.9655437,0.16666666666666666,0.5,-0.1999413177371025,-0.29000345095992086,-0.1682847335934639,-0.22448621690273285,0.13594065776326647,-0.33333333333333337
2025-04-30,6,0.11187451,0.73990345,0.14822207,-0.6280289,0.35460532,0.9711571,0.0,1.0,-0.3093995213508606,-0.307340232282877,-0.31862940788269045,-0.42010127504666644,0.21392960817694587,0.0
2025-05-01,7,0.22123994,0.7038422,0.07491784,-0.4826023,0.7509668,0.971271,0.2857142857142857,0.7142857142857143,-0.35681797564029694,-0.3166334547102451,-0.12578432261943817,-0.4929524262746175,0.2223388710952014,0.16666666666666674
2025-05-02,5,0.69465727,0.08595992,0.21938281,0.60869735,0.37191758,0.21031527,0.8,0.0,-0.2268417537212372,-0.2685008876025677,0.8355391085147857,-0.1673112908999125,0.48627772286426324,-0.2857142857142857
2025-05-06,16,0.07987632,0.50432986,0.41579387,-0.42445353,0.47540915,0.9715953,0.0625,0.5625,-0.25892269015312197,-0.2931345384567976,-0.16553083658218382,-0.09945282340049744,0.4945665293538316,2.2
2025-05-07,8,0.1294444,0.6472473,0.2233083,-0.5178029,0.58111113,0.96937764,0.125,0.625,-0.28883805871009827,-0.29632808826863766,-0.22896483540534973,-0.11118635535240173,0.5071935766272497,-0.5
2025-05-08,8,0.33474362,0.4061716,0.2590848,-0.07142798,0.69696707,0.9571834,0.25,0.5,-0.177517868578434,-0.28720964789390563,0.10608989000320435,-0.33789479980866116,0.4741405565153678,0.0
2025-05-09,6,0.12309297,0.6850447,0.19186233,-0.5619517,0.5026649,0.94646966,0.0,0.8333333333333334,-0.1933877483010292,-0.302971988171339,-0.36856394857168195,-0.3837275231877963,0.48802936976727934,-0.25
2025-05-12,7,0.20054297,0.5322179,0.26723915,-0.3316749,0.54049444,0.956574,0.14285714285714285,0.7142857142857143,-0.38146219998598097,-0.277928651124239,0.04978729635477064,-0.3216848596930504,0.19468788538445886,0.16666666666666674
2025-05-13,7,0.10888899,0.6424633,0.24864762,-0.5335744,0.4453023,0.96263397,0.14285714285714285,0.5714285714285714,-0.403286375105381,-0.29510817527770994,-0.1302880272269249,-0.4757336676120758,0.20647147847260863,0.0
2025-05-14,6,0.20852005,0.56473976,0.22674017,-0.35621974,0.5213689,0.9385745,0.16666666666666666,0.6666666666666666,-0.37096974402666094,-0.3080343991518021,0.014750005304813407,-0.4071563482284546,0.19646965262066934,-0.1428571428571429
2025-05-15,8,0.24107866,0.61143595,0.14748535,-0.3703573,0.70405775,0.91693527,0.25,0.75,-0.43075560927391054,-0.3046978697180748,0.060398304462432884,-0.4200504819552104,0.10817191758812256,0.33333333333333326
2025-05-16,2,0.07176449,0.8052095,0.12302601,-0.73344505,0.31743485,0.9682433,0.0,1.0,-0.46505427956581114,-0.3309522494673729,-0.2683907687664032,-0.4866740306218465,0.16980219684680325,-0.75
2025-05-19,12,0.31304914,0.5052431,0.18170772,-0.19219403,0.8053393,0.96747655,0.3333333333333333,0.5,-0.43715810477733613,-0.31229088082909584,0.244964075088501,-0.43199879427750904,0.2050017191483273,5.0
2025-05-20,7,0.19513595,0.58293074,0.22193332,-0.3877948,0.6769871,0.9148922,0.14285714285714285,0.7142857142857143,-0.40800218284130096,-0.30511057153344157,0.020207390189170837,-0.4378112902243932,0.19811178324694617,-0.41666666666666663
2025-05-21,7,0.29548043,0.5418019,0.16271767,-0.24632151,0.76992506,0.9619929,0.2857142857142857,0.7142857142857143,-0.38602253794670105,-0.3114429146051407,0.1397010236978531,-0.27543677886327106,0.2109720406678304,0.0
2025-05-22,4,0.10825403,0.6358859,0.25586003,-0.5276319,0.5199826,0.9696548,0.0,0.75,-0.4174774527549744,-0.33378761298954485,-0.11015442609786985,-0.3872493952512741,0.21960052103131913,-0.4285714285714286
2025-05-23,3,0.35499787,0.29215363,0.35284853,0.06284428,0.8411844,0.8335212,0.3333333333333333,0.3333333333333333,-0.25821958780288695,-0.3183698978275061,0.3210638642311096,-0.23703637222448984,0.2218984337901552,-0.25
2025-05-27,12,0.30209258,0.48414055,0.21376683,-0.18204796,0.7486561,0.9399445,0.3333333333333333,0.5,-0.25619037449359894,-0.3254131082445383,0.07414241135120392,-0.21561185518900552,0.22269812146713847,3.0
2025-05-28,3,0.31656066,0.55566293,0.1277764,-0.23910232,0.9589387,0.9691497,0.3333333333333333,0.6666666666666666,-0.22645187973976136,-0.3241657819598913,-0.012650439143180842,-0.11943533519903819,0.21031417072712716,-0.75
2025-05-29,6,0.547922,0.23836671,0.21371126,0.30955532,0.60415435,0.7108397,0.5,0.3333333333333333,-0.11527651250362396,-0.29027671329677107,0.42483183443546296,-0.03719832003116608,0.31703205993337724,1.0
2025-05-30,6,0.14856888,0.5163035,0.33512768,-0.36773458,0.5491729,0.96161497,0.16666666666666666,0.5,-0.0832970529794693,-0.27726199589669703,-0.2844375282526016,-0.09909385939439137,0.26954684530439904,0.0
2025-06-02,8,0.30270454,0.4832985,0.21399696,-0.18059398,0.76738405,0.92999333,0.375,0.5,-0.1319847047328949,-0.26216158010065554,-0.04860927760601044,-0.07959108054637909,0.25830165233193325,0.33333333333333326
2025-06-03,4,0.07842781,0.6437783,0.27779388,-0.5653505,0.5019643,0.9705316,0.0,0.75,-0.2086452066898346,-0.32086397148668766,-0.3567052662372589,-0.37122634549935657,0.3251131998197509,-0.5
2025-06-04,4,0.36231261,0.49456373,0.1431237,-0.13225113,0.96924734,0.9711661,0.25,0.5,-0.187274968624115,-0.30625385157763957,0.05502384006977082,-0.2927318612734477,0.32612089587461635,0.0
2025-06-05,6,0.29042214,0.45970774,0.24987012,-0.16928561,0.71888,0.9687091,0.3333333333333333,0.5,-0.2830431550741196,-0.2888279873877764,0.11375754475593569,-0.2889624039332072,0.182376606657063,0.5
2025-06-06,5,0.051207703,0.76318985,0.18560246,-0.71198213,0.34993613,0.9749606,0.0,0.8,-0.3518926650285721,-0.32085569500923156,-0.3600894659757614,-0.3378396232922872,0.2674694556979973,-0.16666666666666663
2025-06-09,12,0.1619511,0.37080085,0.46724808,-0.20884974,0.5274835,0.9388685,0.08333333333333333,0.4166666666666667,-0.3575438171625137,-0.30320059731602667,0.14869407415390012,-0.36337249477704364,0.26320999229328274,1.4
2025-06-10,7,0.2745085,0.57301426,0.15247726,-0.29850575,0.75241995,0.96871346,0.2857142857142857,0.5714285714285714,-0.3041748732328415,-0.3015421397984028,0.005669119954109181,-0.4064458757638931,0.23620894674967563,-0.41666666666666663
2025-06-11,9,0.4325497,0.22327757,0.34417275,0.20927209,0.65961826,0.84750444,0.4444444444444444,0.2222222222222222,-0.23587023019790648,-0.26439981535077095,0.4451423168182373,-0.09936113655567169,0.3293634206298201,0.2857142857142858
2025-06-12,5,0.36404195,0.6009097,0.035048366,-0.23686776,0.96310604,0.9714925,0.4,0.6,-0.24938665926456452,-0.25843221619725226,0.01251890361309052,-0.10870047410329182,0.32732822425466024,-0.4444444444444444
2025-06-13,3,0.23799224,0.42510495,0.33690277,-0.18711269,0.6749186,0.945468,0.3333333333333333,0.3333333333333333,-0.14441277086734772,-0.24926998540759088,-0.042699918150901794,-0.0715694526831309,0.20208968073900993,-0.4
2025-06-16,11,0.1694615,0.4350666,0.39547187,-0.2656051,0.564663,0.9672394,0.18181818181818182,0.36363636363636365,-0.155763840675354,-0.2258779875934124,-0.10984125137329101,-0.22986184557278952,0.2081178618297965,2.6666666666666665
2025-06-17,7,0.15473066,0.4063866,0.43888274,-0.25165597,0.62953836,0.9678295,0.14285714285714285,0.42857142857142855,-0.146393883228302,-0.22885108441114427,-0.1052620828151703,-0.23479124903678894,0.2010181852666393,-0.36363636363636365
2025-06-18,3,0.35800394,0.5243179,0.11767813,-0.16631402,0.9004949,0.78959566,0.3333333333333333,0.6666666666666666,-0.22151110470294952,-0.2177770458161831,0.05519708395004272,-0.22785835961500803,0.04277495818772298,-0.5714285714285714
2025-06-19,6,0.14798386,0.5213603,0.3306559,-0.3733764,0.45559084,0.9598197,0.0,0.6666666666666666,-0.24881283342838287,-0.22412979006767272,-0.12456356585025788,-0.2637821286916733,0.0812697779052376,1.0
2025-06-20,4,0.21306063,0.649908,0.13703136,-0.4368474,0.8149774,0.9699018,0.25,0.75,-0.2987597733736038,-0.21959056556224824,-0.13808761537075043,-0.3255126029253006,0.10664861617275284,-0.33333333333333337
2025-06-23,11,0.16139346,0.48668468,0.35192183,-0.3252912,0.5169428,0.95526206,0.09090909090909091,0.5454545454545454,-0.31069699227809905,-0.23899733871221543,-0.014594194293022167,-0.37850499153137207,0.1053421880621449,1.75
2025-06-24,4,0.09675177,0.5857006,0.31754762,-0.48894882,0.4959915,0.94739985,0.0,0.75,-0.3581555634737015,-0.2543423816561699,-0.1307932585477829,-0.41702913244565326,0.12390944119725873,-0.6363636363636364
2025-06-25,6,0.29094163,0.5120718,0.19698657,-0.22113013,0.64710546,0.97346705,0.16666666666666666,0.6666666666666666,-0.3691187858581543,-0.2534437723457813,0.14798865318298338,-0.34512338042259216,0.10342391940218812,0.5
2025-06-26,8,0.036307506,0.53126734,0.43242508,-0.49495986,0.47522718,0.96497893,0.0,0.5,-0.3934354782104492,-0.293669531494379,-0.10152438282966614,-0.4016796052455902,0.11794847361684467,0.33333333333333326
2025-06-27,5,0.374618,0.3438243,0.28155774,0.030793697,0.7937816,0.91745406,0.4,0.4,-0.299907261133194,-0.2737431176006794,0.330700957775116,-0.22843209902445474,0.21794238435056834,-0.375
2025-06-30,10,0.22832052,0.55036473,0.22131471,-0.3220442,0.65041757,0.95366436,0.2,0.6,-0.2992578625679016,-0.2808156281709671,-0.022786331176757824,-0.2620701193809509,0.21785265841157797,1.0
2025-07-01,5,0.17493613,0.60283005,0.22223382,-0.42789388,0.64753604,0.96529573,0.2,0.6,-0.28704687356948855,-0.2739427983760834,-0.1408470034599304,-0.23971479137738547,0.20594789751566586,-0.5
2025-07-02,6,0.17873035,0.497996,0.32327366,-0.3192657,0.6330701,0.905518,0.16666666666666666,0.5,-0.3066739857196808,-0.2832935266196728,-0.012591707706451405,-0.3564012547334035,0.20274680264466435,0.19999999999999996
2025-07-03,8,0.271631,0.36246115,0.36590782,-0.09083016,0.44777006,0.71556264,0.125,0.5,-0.22584804594516755,-0.279370754212141,0.13501788377761842,-0.27932991087436676,0.18900918400225522,0.33333333333333326
2025-07-04,7,0.32227063,0.25470182,0.42302758,0.0675688,0.68779814,0.9363588,0.2857142857142857,0.2857142857142857,-0.21849302500486373,-0.2403932075947523,0.28606182634830474,-0.11417568475008011,0.20177702242715886,-0.125
2025-07-07,9,0.3455245,0.44518054,0.20929497,-0.09965604,0.7716314,0.9351705,0.3333333333333333,0.4444444444444444,-0.17401539385318757,-0.23493352234363557,0.07435935586690903,-0.040972466270128884,0.19771441126675354,0.2857142857142858
2025-07-08,6,0.09399777,0.17735213,0.7286501,-0.08335436,0.40570337,0.9174689,0.0,0.16666666666666666,-0.10510749071836471,-0.22417595274746419,0.021753129363059995,-0.038480532666047416,0.1381915307750113,-0.33333333333333337
2025-07-09,8,0.41872033,0.38081336,0.2004663,0.037906975,0.811712,0.95682204,0.5,0.375,-0.033672957122325896,-0.23274420835077764,0.07157993167638779,-0.04836780826250712,0.07978492221510709,0.33333333333333326
2025-07-10,4,0.40092865,0.302469,0.2966024,0.098459646,0.63000804,0.86511344,0.5,0.25,0.004185004532337189,-0.2159778382629156,0.0942746415734291,0.017670753101507824,0.09012281577866942,-0.5
2025-07-11,5,0.3307873,0.4698402,0.1993725,-0.13905287,0.74504584,0.9596915,0.4,0.4,-0.037139329314231875,-0.21357484720647335,-0.10191353857517242,-0.000895415743192037,0.10056038888884893,0.25
2025-07-14,7,0.071138345,0.5046078,0.42425388,-0.43346947,0.4536208,0.95287997,0.0,0.5714285714285714,-0.10390201658010483,-0.22196806631982327,-0.32956745773553847,-0.15802089869976044,0.20696166926073312,0.3999999999999999
2025-07-15,9,0.57398075,0.10923714,0.31678212,0.4647436,0.5179389,0.37417606,0.6666666666666666,0.0,0.005717578530311585,-0.1861480873078108,0.45902603566646577,-0.035926242669423424,0.32946392036090216,0.2857142857142858
2025-07-16,6,0.2414604,0.56240517,0.19613439,-0.32094482,0.64248717,0.8820866,0.16666666666666666,0.6666666666666666,-0.06605277955532074,-0.19387962706387044,-0.254892036318779,-0.09655689199765523,0.3585049303988891,-0.33333333333333337
2025-07-17,8,0.13212754,0.8000494,0.06782308,-0.66792184,0.6204525,0.9718891,0.125,0.875,-0.21932907700538634,-0.2086068991571665,-0.4485927641391754,-0.17470768094062805,0.4277315316827433,0.33333333333333326
2025-07-18,4,0.34704864,0.38741907,0.26553226,-0.04037042,0.7420529,0.76561195,0.25,0.5,-0.19959258735179902,-0.18878305070102214,0.15922216773033143,-0.3430790255467097,0.4345835187182246,-0.5
2025-07-21,7,0.2949169,0.31324014,0.39184293,-0.018323269,0.7095163,0.93724793,0.2857142857142857,0.2857142857142857,-0.1165633462369442,-0.17343465480953454,0.09824007749557495,-0.2422051765024662,0.4180736275403836,0.75
2025-07-22,7,0.27916777,0.5441107,0.17672153,-0.26494294,0.679343,0.9590359,0.2857142857142857,0.5714285714285714,-0.2625006578862667,-0.16223436091095209,-0.002442286163568508,-0.10787887747089069,0.2630363379460937,0.0
2025-07-23,4,0.4362772,0.27157626,0.29214656,0.16470096,0.39431858,0.47606674,0.75,0.25,-0.16537150368094444,-0.14294280651956798,0.33007245883345604,-0.03952175254623095,0.3196355721431783,-0.4285714285714286
2025-07-24,10,0.111679755,0.6081494,0.28017086,-0.49646965,0.4365743,0.96893084,0.0,0.6,-0.13108106479048728,-0.143018295802176,-0.3653885819017887,-0.19890387852986655,0.25488113089313,1.5
2025-07-25,6,0.29788822,0.43055463,0.27155712,-0.13266642,0.70438075,0.9106134,0.16666666666666666,0.5,-0.1495402656495571,-0.15119130183011292,0.016873841732740397,-0.1548117051521937,0.24996397004180704,-0.4
2025-07-28,11,0.3904484,0.3038447,0.30570695,0.08660371,0.6952592,0.9353105,0.36363636363636365,0.36363636363636365,-0.12855487018823625,-0.1307589067146182,0.21515857875347139,-0.18084412068128586,0.26752200257327374,0.8333333333333333
2025-07-29,10,0.22866324,0.5686871,0.20264968,-0.34002385,0.6599672,0.9677866,0.2,0.6,-0.14357105046510696,-0.1263654051348567,-0.19645279496908188,-0.12869552026192346,0.27895433313206375,-0.09090909090909094
2025-07-30,6,0.29599676,0.46096,0.24304324,-0.16496323,0.7015257,0.9314469,0.3333333333333333,0.3333333333333333,-0.2095038875937462,-0.11865028198808432,0.04454065710306168,-0.13946112245321274,0.22076706092179865,-0.4
2025-07-31,6,0.29337165,0.6153309,0.091297455,-0.32195923,0.8736917,0.96986794,0.3333333333333333,0.6666666666666666,-0.1746018037199974,-0.13020673524588347,-0.1473574236035347,-0.2756487677494685,0.17259668304843803,0.0
2025-08-01,5,0.21297717,0.5004213,0.2866016,-0.2874441,0.598,0.9641387,0.2,0.6,-0.20555734187364577,-0.14795738104730843,-0.08188677281141282,-0.25812219083309174,0.17701839194705193,-0.16666666666666663
2025-08-04,14,0.26601607,0.37555975,0.3584242,-0.10954366,0.6095118,0.9468863,0.2857142857142857,0.35714285714285715,-0.24478681534528732,-0.14845176208764316,0.13524315655231475,-0.23964900026718775,0.10186735781266584,1.7999999999999998
2025-08-05,10,0.21705346,0.5230812,0.25986534,-0.30602774,0.6971238,0.9642794,0.2,0.5,-0.23798759430646896,-0.15958543103188277,-0.06804014593362809,-0.2343385045727094,0.09481171644248226,-0.2857142857142857
2025-08-06,7,0.12712851,0.73082674,0.14204475,-0.6036982,0.6077968,0.97111243,0.14285714285714285,0.7142857142857143,-0.3257345870137215,-0.1916656894609332,-0.27796360701322553,-0.3397565310200055,0.17739155679629798,-0.30000000000000004
2025-08-07,8,0.063986704,0.6814948,0.25451854,-0.61750805,0.39628366,0.9698074,0.0,0.75,-0.38484435230493547,-0.22746407445520161,-0.23266370147466658,-0.5090779960155487,0.21995382384396883,0.1428571428571428
2025-08-08,4,0.35626876,0.44341508,0.20031613,-0.08714628,0.64210343,0.970273,0.25,0.5,-0.34478478580713273,-0.22486874517053365,0.2576385036110878,-0.4361175100008647,0.2572120860362732,-0.5
2025-08-11,8,0.07462123,0.48423606,0.44114274,-0.40961483,0.4434962,0.9624652,0.0,0.5,-0.40479902029037473,-0.22367601301521062,-0.004815810918808006,-0.37142305572827655,0.2210702569645092,1.0
2025-08-12,8,0.2862734,0.5236243,0.19010231,-0.23735088,0.69635993,0.96647435,0.375,0.5,-0.3910636484622955,-0.2587807377800345,0.1537127673625946,-0.24470399816830954,0.23066645043047954,0.0
2025-08-13,2,0.16406862,0.6228384,0.21309304,-0.45876977,0.6731388,0.9501956,0.0,0.5,-0.3620779633522034,-0.26567198541015385,-0.09669180512428283,-0.3685784935951233,0.20493771275083233,-0.75
2025-08-14,6,0.60720885,0.26777798,0.12501316,0.33943084,0.72162205,0.85074294,0.6666666666666666,0.3333333333333333,-0.17069018483161927,-0.21530435141175985,0.5101210236549377,-0.11889660358428955,0.32082765000422625,2.0
2025-08-15,6,0.41197976,0.34557092,0.24244934,0.06640881,0.82055324,0.94639033,0.5,0.3333333333333333,-0.13997916579246522,-0.2099653897807002,0.20638797879219056,-0.01764337221781413,0.3377284566341229,0.0
2025-08-18,6,0.1316428,0.43995225,0.42840493,-0.30830944,0.49135226,0.950844,0.0,0.5,-0.11971808671951294,-0.22446469813585282,-0.18859134912490844,0.032510071992874146,0.3200863839680286,0.0
2025-08-19,4,0.39875284,0.2603281,0.34091905,0.1384247,0.8062165,0.9672871,0.5,0.25,-0.04456297159194946,-0.20429631620645522,0.18298766613006592,-0.0344919761021932,0.3295375310034729,-0.33333333333333337
2025-08-20,8,0.21319687,0.576227,0.21057615,-0.3630301,0.73261195,0.9622242,0.25,0.625,-0.0254150390625,-0.23068286925554277,-0.3376150667667389,-0.17763828237851462,0.30099865687518507,1.0
2025-08-21,4,0.08070154,0.6915097,0.2277887,-0.6108082,0.5389368,0.95940363,0.0,0.75,-0.21546284556388856,-0.23639979660511018,-0.3953453481197357,-0.2784712016582489,0.3128028743672732,-0.5
2025-08-22,5,0.21498445,0.48856384,0.29645175,-0.2735794,0.40968028,0.9510641,0.2,0.6,-0.28346048593521117,-0.24344544485211372,0.009881097078323353,-0.4158058961232503,0.2702730369794118,0.25
2025-08-26,18,0.06274282,0.65115416,0.28610304,-0.58841133,0.3774946,0.9671834,0.0,0.7777777777777778,-0.33948086500167846,-0.27719619683921337,-0.24893046617507936,-0.49093297123908997,0.3036758927789987,2.6
2025-08-27,5,0.18353982,0.6709358,0.14552438,-0.487396,0.7214068,0.972568,0.2,0.8,-0.4646450042724609,-0.2845648046582937,-0.022750997543334983,-0.44979557394981384,0.1449405451238563,-0.7222222222222222
2025-08-28,5,0.15875058,0.6485579,0.19269149,-0.4898073,0.6182935,0.9628731,0.2,0.6,-0.49000044465065,-0.3008070085197687,0.00019313693046568714,-0.521871546904246,0.1333455179491533,0.0
2025-08-29,6,0.19958751,0.5852446,0.21516787,-0.38565716,0.73205173,0.9606061,0.16666666666666666,0.6666666666666666,-0.44497023820877074,-0.3039919052273035,0.059313076734542836,-0.4542868236700694,0.11966465610732943,0.19999999999999996
2025-09-01,10,0.27268875,0.36051485,0.3667964,-0.08782612,0.6604262,0.9628695,0.2,0.3,-0.40781958401203156,-0.29401100538671016,0.3199934661388397,-0.32109686235586804,0.1927140132408824,0.6666666666666667
2025-09-02,6,0.17973505,0.65096515,0.16929984,-0.47123006,0.5991273,0.9414583,0.16666666666666666,0.6666666666666666,-0.3843833297491074,-0.3120953254401684,-0.08684673011302946,-0.31490444640318555,0.1711840988758698,-0.4
2025-09-03,4,0.36465585,0.4485864,0.18675776,-0.083930545,0.843662,0.93403465,0.25,0.5,-0.3036902382969856,-0.3009904656559229,0.21975969374179838,-0.21432890743017197,0.20268163046742607,-0.33333333333333337
2025-09-04,6,0.035277795,0.7923293,0.17239292,-0.75705147,0.3893695,0.97081125,0.0,0.8333333333333334,-0.35713907033205033,-0.30865812934935094,-0.3999123975634575,-0.4374040241042773,0.2832544465928903,0.5
2025-09-05,5,0.20178291,0.6240723,0.17414474,-0.42228943,0.79170835,0.96383655,0.2,0.6,-0.3644655242562294,-0.298897198215127,-0.05782390683889388,-0.4210904811819394,0.2846468115965062,-0.16666666666666663
2025-09-08,8,0.04175731,0.8013778,0.15686491,-0.7596205,0.28262895,0.9559813,0.0,0.875,-0.4988243982195854,-0.33252090848982335,-0.2607960894703865,-0.6463204622268677,0.2799338217807403,0.6000000000000001
2025-09-09,4,0.05106347,0.6790427,0.26989383,-0.6279792,0.49908453,0.9456652,0.0,0.75,-0.5301742300391197,-0.34343912787735464,-0.09780498892068867,-0.6032963792483012,0.2848057402610476,-0.5
2025-09-10,5,0.15123147,0.7838213,0.06494729,-0.6325898,0.5052653,0.9534211,0.2,0.8,-0.6399060845375061,-0.3632010746747255,0.007316267490386941,-0.6733965078989664,0.13748396716727357,0.25
2025-09-11,4,0.3667633,0.29066834,0.34256837,0.076095,0.7352368,0.96751827,0.5,0.25,-0.47327679097652436,-0.3364578362554312,0.5493717908859252,-0.39482467869917554,0.33004365985279244,-0.19999999999999996
2025-09-12,6,0.066425025,0.8704846,0.06309036,-0.80405957,0.21335469,0.9622396,0.0,1.0,-0.5496308177709579,-0.39363235644996164,-0.25442874729633336,-0.4535181274016698,0.35825379110519723,0.5
2025-09-15,11,0.22812082,0.39086267,0.38101646,-0.16274185,0.6593444,0.9691463,0.18181818181818182,0.45454545454545453,-0.4302550911903381,-0.40508988983929156,0.26751323640346525,-0.2969021399815877,0.37003976242018083,0.8333333333333333
2025-09-16,5,0.15452535,0.6610654,0.18440926,-0.50654006,0.556552,0.9619359,0.2,0.6,-0.4059672594070435,-0.41500142104923726,-0.10057280063629148,-0.4911138266324997,0.35759361536350603,-0.5454545454545454
2025-09-17,10,0.33025965,0.39417997,0.27556038,-0.063920304,0.7525846,0.96396595,0.3,0.4,-0.29223335683345797,-0.42511867098510264,0.22831305265426638,-0.2444007396697998,0.35792950003150004,1.0
2025-09-18,9,0.23889014,0.31066415,0.4504457,-0.071774006,0.5487271,0.91324973,0.2222222222222222,0.2222222222222222,-0.32180715799331666,-0.4105558659881353,0.2500331521034241,-0.21407812337080637,0.3244293476373351,-0.09999999999999998
2025-09-19,4,0.4947526,0.24907535,0.25617206,0.24567725,0.7636047,0.8470965,0.5,0.25,-0.11185979545116424,-0.36773159392178056,0.357537043094635,0.0366609791914622,0.2693043342362938,-0.5555555555555556
2025-09-22,5,0.027671564,0.92516327,0.04716512,-0.89749175,0.058423366,0.9605271,0.0,1.0,-0.25880977511405945,-0.3989272121340036,-0.6386819779872894,-0.2411961704492569,0.44630606204100726,0.25
2025-09-23,5,0.21239157,0.7154952,0.07211323,-0.5031036,0.7315106,0.968133,0.2,0.8,-0.2581224858760834,-0.39466182626783847,-0.2449811279773712,-0.3849727064371109,0.4458315903456741,0.0
2025-09-24,3,0.024643585,0.9531707,0.022185674,-0.9285271,0.051523168,0.9730761,0.0,1.0,-0.4310438483953476,-0.41671838201582434,-0.4974832683801651,-0.7763741612434387,0.5141211242203982,-0.4
2025-09-25,6,0.028182358,0.8931799,0.07863777,-0.86499745,0.08874128,0.9687867,0.0,1.0,-0.5896885365247726,-0.435477888956666,-0.2753089100122452,-0.765542725721995,0.4976651338315703,1.0
2025-09-26,7,0.072398834,0.76910144,0.15849973,-0.69670254,0.29075888,0.9522882,0.0,0.8571428571428571,-0.7781644940376282,-0.4510301578789949,0.08146195411682133,-0.8300757010777792,0.17796236434163676,0.16666666666666674
2025-09-29,7,0.2550791,0.6326379,0.11228303,-0.37755877,0.59949106,0.96185845,0.2857142857142857,0.7142857142857143,-0.6741778969764709,-0.4655167903751135,0.29661912918090816,-0.6464195847511292,0.2339136078709067,0.0
2025-09-30,5,0.3628145,0.40251532,0.23467025,-0.039700817,0.84506565,0.95723003,0.4,0.4,-0.5814973376691341,-0.4439403282478452,0.5417965203523636,-0.3713207083443801,0.37054305677228033,-0.2857142857142857
2025-10-01,6,0.46231088,0.19080795,0.34688115,0.27150294,0.643903,0.9264114,0.5,0.16666666666666666,-0.3414913259446621,-0.42616865392774345,0.6129942677915097,-0.04858554775516192,0.4659329374053916,0.19999999999999996
2025-10-02,4,0.032381225,0.7193667,0.24825203,-0.6869855,0.48443243,0.96957964,0.0,0.75,-0.3058889351785183,-0.42266535516828296,-0.38109655752778054,-0.15172778939207396,0.4205187030514219,-0.33333333333333337
2025-10-03,6,0.12028799,0.57709867,0.30261335,-0.45681062,0.55310607,0.9698779,0.16666666666666666,0.5,-0.2579105518758297,-0.424391414783895,-0.19890007153153422,-0.29076439142227173,0.37612377433123145,0.5
2025-10-06,10,0.26584375,0.5375174,0.19663884,-0.27167368,0.74103254,0.9601772,0.3,0.5,-0.2367335341870785,-0.39999407436698675,-0.034940145164728154,-0.47182326515515643,0.37064395724970384,0.6666666666666667
2025-10-07,6,0.23132205,0.68421775,0.08446017,-0.45289573,0.7487046,0.9735338,0.3333333333333333,0.6666666666666666,-0.31937251687049867,-0.3912398999556899,-0.1335232138633728,-0.39379334449768066,0.3616856261267398,-0.4
2025-10-08,9,0.21475089,0.45853615,0.32671297,-0.24378525,0.53003484,0.93898046,0.2222222222222222,0.4444444444444444,-0.42243015468120576,-0.3717996714636683,0.17864490747451783,-0.322784885764122,0.17800366053254899,0.5
2025-10-09,6,0.07034881,0.7390161,0.19063503,-0.6686673,0.37054402,0.93246716,0.0,0.8333333333333334,-0.4187665194272995,-0.4090377872809768,-0.2499007970094681,-0.45511609812577564,0.1712580760777743,-0.33333333333333337
2025-10-10,4,0.03699982,0.69253564,0.27046457,-0.6555358,0.46129042,0.9481074,0.0,0.75,-0.458511558175087,-0.4016115998849273,-0.19702425897121428,-0.5226627935965856,0.20250390147897798,-0.33333333333333337
2025-10-13,10,0.17990237,0.5690629,0.2510347,-0.38916054,0.60541236,0.96415484,0.1,0.7,-0.48200893104076387,-0.4129325343295932,0.09284838736057283,-0.5711212257544199,0.1810882782285864,1.5
2025-10-14,10,0.29618996,0.587056,0.116754055,-0.290866,0.6198776,0.9464555,0.3,0.7,-0.4496029824018478,-0.402148830704391,0.15873699486255644,-0.44518744945526123,0.2010032194577573,0.0
2025-10-15,5,0.24068265,0.34241363,0.41690373,-0.10173102,0.6657738,0.9154003,0.2,0.4,-0.4211921364068985,-0.4040393663570285,0.3194611191749573,-0.26058584948380786,0.24301607977101924,-0.5
2025-10-16,9,0.18210988,0.72583914,0.092051,-0.54372925,0.6161277,0.9548068,0.1111111111111111,0.8888888888888888,-0.3962045222520828,-0.4276371283456683,-0.1475247234106064,-0.3121087501446406,0.21614620874381382,0.8
2025-10-17,8,0.16674113,0.6765147,0.15674418,-0.50977355,0.6183168,0.9599061,0.125,0.75,-0.3670520693063736,-0.4654096683487296,-0.14272148311138155,-0.38507793843746185,0.17907582943741865,-0.11111111111111116
2025-10-20,7,0.2891379,0.43652153,0.27434063,-0.1473836,0.6672763,0.96661836,0.2857142857142857,0.42857142857142855,-0.31869668066501616,-0.42790426071733234,0.17131308019161223,-0.4002954661846161,0.20269857193737084,-0.125
2025-10-21,4,0.28202,0.4653565,0.2526235,-0.1833365,0.78509414,0.9132405,0.25,0.5,-0.2971907824277878,-0.4119159048423171,0.11385428607463838,-0.28016454974810284,0.2118856755327813,-0.4285714285714286
2025-10-22,7,0.2453786,0.69910705,0.055514388,-0.45372844,0.7543455,0.9602859,0.2857142857142857,0.7142857142857143,-0.36759026646614074,-0.3881759708747268,-0.08613817095756532,-0.2614828447500865,0.18781722421067118,0.75
2025-10-23,6,0.074910365,0.8663888,0.05870079,-0.79147846,0.30875614,0.96929765,0.0,1.0,-0.4171401083469391,-0.3845000213012099,-0.3743383467197418,-0.47618112961451214,0.26338259297616384,-0.1428571428571429
2025-10-27,13,0.33443782,0.37396064,0.29160154,-0.03952283,0.71146476,0.9638524,0.38461538461538464,0.38461538461538464,-0.3230899639427662,-0.3516410358250141,0.28356713354587554,-0.4282432409624259,0.3030133109556183,1.1666666666666665
2025-10-28,5,0.284648,0.36398393,0.3513681,-0.07933593,0.62104326,0.89312387,0.2,0.4,-0.3094804294407368,-0.3367298938333988,0.23014450147747995,-0.3034457378089428,0.31419956763616325,-0.6153846153846154
2025-10-29,7,0.30411234,0.6157407,0.08014697,-0.3116284,0.8120976,0.9637017,0.2857142857142857,0.7142857142857143,-0.3351388104259968,-0.35032627303153274,0.02351040914654734,-0.14349571987986565,0.30646616149474726,0.3999999999999999
2025-10-30,4,0.27158883,0.60068005,0.1277311,-0.32909125,0.85987747,0.9361199,0.25,0.75,-0.31021137312054636,-0.38035598266869786,-0.018879877775907494,-0.24001852671305338,0.29939615071716424,-0.4285714285714286
2025-10-31,7,0.13083832,0.6879419,0.18121979,-0.5571036,0.66302526,0.95572364,0.14285714285714285,0.7142857142857143,-0.26333639696240424,-0.3738618867471814,-0.2937671773135662,-0.39927440881729126,0.21029958281836353,0.75
2025-11-03,11,0.15839384,0.56824917,0.273357,-0.40985534,0.62130636,0.9713874,0.09090909090909091,0.6363636363636364,-0.3374028980731964,-0.37151412237435577,-0.07245243787765504,-0.43201672037442523,0.17381722591839144,0.5714285714285714
2025-11-04,5,0.124377705,0.6206109,0.25501144,-0.49623317,0.41383332,0.88572204,0.2,0.6,-0.42078234553337096,-0.38274209666997194,-0.07545081973075868,-0.4877306918303172,0.10573261502991753,-0.5454545454545454
2025-11-05,7,0.13924357,0.8033888,0.05736763,-0.6641452,0.67161435,0.9686179,0.14285714285714285,0.8571428571428571,-0.49128569960594176,-0.39330456871539354,-0.1728594720363617,-0.5234112242857615,0.12959051897456234,0.3999999999999999
2025-11-06,8,0.22401294,0.5706819,0.2053051,-0.346669,0.6213491,0.9562101,0.25,0.625,-0.4948012471199036,-0.3984487557783723,0.14813225865364077,-0.5023491084575653,0.12421751990908288,0.1428571428571428
2025-11-07,6,0.15830432,0.6549284,0.18676727,-0.49662408,0.5996053,0.968561,0.16666666666666666,0.6666666666666666,-0.4827053487300873,-0.38984659407287836,-0.013918733596801736,-0.5024794141451517,0.11948865843595793,-0.25
2025-11-10,11,0.1784388,0.30397418,0.517587,-0.12553535,0.5310047,0.9632624,0.18181818181818182,0.2727272727272727,-0.42584135234355924,-0.3633465709164739,0.3003059983253479,-0.3229428082704544,0.2019937302954052,0.8333333333333333
2025-11-11,7,0.15449002,0.7892768,0.05623309,-0.6347868,0.619654,0.9597052,0.14285714285714285,0.8571428571428571,-0.4535520762205124,-0.37562788296490907,-0.18123470842838285,-0.4189820736646652,0.2225250736325611,-0.36363636363636365
2025-11-12,4,0.36764902,0.4429927,0.1893583,-0.07534365,0.9033433,0.9571384,0.5,0.5,-0.3357917726039886,-0.36485176626592875,0.26044811904430387,-0.2785552640755971,0.23844514420180996,-0.4285714285714286
2025-11-13,7,0.06822532,0.6402863,0.29148838,-0.572061,0.42760056,0.9702885,0.0,0.7142857142857143,-0.3808701753616333,-0.388368265517056,-0.19119082689285277,-0.42739714682102203,0.26123211434111165,0.75
2025-11-14,6,0.041302253,0.8369186,0.12177915,-0.7956164,0.14207387,0.96251446,0.0,1.0,-0.4406686365604401,-0.4009626226499677,-0.35494775176048277,-0.4810070147116979,0.3215995353814024,-0.1428571428571429
2025-11-17,12,0.08705608,0.6169189,0.29602495,-0.5298628,0.4701834,0.96286666,0.08333333333333333,0.6666666666666666,-0.5215341299772263,-0.401967086084187,-0.008328691124916077,-0.6325134038925171,0.269098272612745,1.0
2025-11-18,4,0.2515187,0.70839745,0.040083833,-0.45687875,0.9276934,0.96585864,0.25,0.75,-0.48595252335071565,-0.41744184363633396,0.029073771834373485,-0.5941193203131357,0.2620493378238983,-0.6666666666666667
2025-11-19,5,0.25475702,0.5601595,0.18508348,-0.30540246,0.69653964,0.930266,0.2,0.6,-0.5319642841815948,-0.4235451417043805,0.226561826467514,-0.4307146767775218,0.17895019795484252,0.25
2025-11-20,6,0.32425475,0.61294043,0.062804796,-0.28868568,0.8953704,0.97111106,0.3333333333333333,0.6666666666666666,-0.47528921961784365,-0.4152930038049817,0.18660354018211367,-0.35032229622205097,0.20591813385582416,0.19999999999999996
2025-11-21,7,0.2539275,0.53933936,0.20673318,-0.28541186,0.6213352,0.96774286,0.2857142857142857,0.5714285714285714,-0.3732483148574829,-0.3899896742776036,0.08783645033836363,-0.2931666672229767,0.11290626106537663,0.16666666666666674
2025-11-24,7,0.16158505,0.50370866,0.3347063,-0.3421236,0.6275788,0.96485513,0.14285714285714285,0.42857142857142855,-0.3357004702091217,-0.4051197126507759,-0.006423127651214611,-0.3054070472717285,0.07138406055321231,0.0
2025-11-25,6,0.43421766,0.12282472,0.44295764,0.31139293,0.40500396,0.45421287,0.5,0.0,-0.1820461332798004,-0.38558326959609984,0.4934390664100647,-0.10538084308306377,0.2767580879139261,-0.1428571428571429
2025-11-26,5,0.34390873,0.42918286,0.22690842,-0.085274145,0.7324575,0.96103114,0.4,0.4,-0.13802047073841095,-0.3742655567824841,0.052746325731277466,-0.03866826991240183,0.26964648014963877,-0.16666666666666663
2025-11-27,7,0.23513095,0.47434047,0.29052857,-0.23920952,0.6348191,0.9122545,0.14285714285714285,0.5714285714285714,-0.1281252384185791,-0.3697714701294899,-0.11108427941799165,-0.004363576571146647,0.26357472235395973,0.3999999999999999
2025-11-28,6,0.1283123,0.7849384,0.08674932,-0.6566261,0.6116348,0.9693691,0.16666666666666666,0.8333333333333334,-0.2023680865764618,-0.374747596681118,-0.45425801873207095,-0.327036589384079,0.35528179593677356,-0.1428571428571429
2025-12-01,14,0.22550152,0.47808796,0.2964105,-0.25258645,0.68114287,0.9668569,0.21428571428571427,0.5714285714285714,-0.1844606578350067,-0.3668841525912285,-0.06812579631805421,-0.3828073590993881,0.34867159318742424,1.3333333333333335
2025-12-02,8,0.21705435,0.5648223,0.21812332,-0.34776798,0.67926925,0.94136983,0.25,0.625,-0.31629284024238585,-0.35946089327335357,-0.03147513866424562,-0.4189935127894084,0.21224242944943889,-0.4285714285714286
2025-12-03,8,0.27027225,0.593776,0.13595174,-0.32350373,0.8463226,0.97309995,0.25,0.625,-0.3639387577772141,-0.3424288213253021,0.04043502509593966,-0.3079527219136556,0.1699404951499852,0.0
2025-12-04,6,0.12518121,0.3588766,0.51594216,-0.23369534,0.5353472,0.965929,0.0,0.3333333333333333,-0.3628359228372574,-0.33678013905882836,0.12914057970047,-0.3016556849082311,0.17096708024046045,-0.25
2025-12-05,2,0.45501623,0.37462372,0.17036003,0.08039251,1.0982623,0.72151744,0.5,0.5,-0.21543219983577727,-0.3079293094575405,0.29582470953464507,-0.15893552203973135,0.17205991283723857,-0.6666666666666667
2025-12-08,6,0.11407584,0.5485521,0.33737206,-0.43447626,0.4260983,0.93628436,0.0,0.5,-0.251810160279274,-0.3233763545751572,-0.18266609609127044,-0.195926363269488,0.19899845130139973,2.0
2025-12-09,8,0.38565314,0.53866994,0.075676925,-0.15301684,0.8559377,0.9657249,0.5,0.5,-0.2128599315881729,-0.29928785711526873,0.0598430961370468,-0.16903352737426758,0.1945303003267461,0.33333333333333326
2025-12-10,5,0.046252787,0.34855178,0.6051954,-0.30229896,0.46591535,0.9401108,0.0,0.4,-0.20861897766590118,-0.31063562259078026,-0.09367998540401459,-0.29659735163052875,0.191726049457334,-0.375
2025-12-11,4,0.35034752,0.48717132,0.16248114,-0.13682379,0.9536937,0.9671487,0.25,0.5,-0.18924466669559478,-0.2888737618923187,0.05242087841033935,-0.19737986226876578,0.19344535252052908,-0.19999999999999996
2025-12-12,5,0.116650306,0.6562346,0.22711506,-0.5395843,0.5635377,0.9698315,0.0,0.6,-0.3132400244474411,-0.2760721564292908,-0.22634425461292268,-0.32623567680517834,0.17524540723300208,0.25
2025-12-15,8,0.33601806,0.36041397,0.303568,-0.024395924,0.67484844,0.8663948,0.25,0.375,-0.23122395798563958,-0.25079881157726047,0.2068280339241028,-0.233601330469052,0.19871042098524921,0.6000000000000001
2025-12-16,5,0.2527242,0.5686914,0.17858443,-0.3159672,0.76049334,0.97237474,0.2,0.6,-0.26381403133273124,-0.2437532341107726,-0.05215317085385324,-0.293315801769495,0.19602157065694853,-0.375
2025-12-17,7,0.13206907,0.5031765,0.36475447,-0.37110743,0.4704756,0.97128063,0.14285714285714285,0.42857142857142855,-0.2775757245719433,-0.24703848268836737,-0.09353170469403266,-0.2371568518380324,0.20173106287608705,0.3999999999999999
2025-12-18,10,0.19905186,0.36820886,0.43273926,-0.16915701,0.58346003,0.94304436,0.2,0.4,-0.2840423695743084,-0.2410620493814349,0.1148853562772274,-0.2854105482498805,0.19654268544935738,0.4285714285714286
2025-12-19,7,0.22583517,0.5997965,0.1743683,-0.37396136,0.62158656,0.97365946,0.2857142857142857,0.5714285714285714,-0.25091778561472894,-0.24548952411860228,-0.12304357364773749,-0.3047419339418411,0.15150385779317957,-0.30000000000000004
2025-12-22,12,0.27601272,0.47301233,0.25097495,-0.1969996,0.70784724,0.93495524,0.25,0.5,-0.28543851971626283,-0.23823332395404578,0.08843892514705659,-0.24670598904291788,0.09676038426755251,0.7142857142857142
2025-12-23,4,0.26338744,0.5267303,0.2098822,-0.26334292,0.8855838,0.96743304,0.25,0.5,-0.27491366267204287,-0.26697011645883323,0.01157074570655825,-0.2781012902657191,0.09546287234176158,-0.6666666666666667
2025-12-24,3,0.3160796,0.036461484,0.64745885,0.2796181,0.31774572,0.048657496,0.3333333333333333,0.0,-0.14476855397224425,-0.2487255034968257,0.4243866682052612,-0.06024146576722463,0.25000807199793634,-0.25
2025-12-29,15,0.36318666,0.3064876,0.33032572,0.056699075,0.53392994,0.889083,0.3333333333333333,0.3333333333333333,-0.09959733635187148,-0.233930073864758,0.15629641115665435,0.024324757357438404,0.2644845733907579,4.0
2025-12-30,5,0.032293886,0.67401695,0.2936892,-0.64172304,0.3812888,0.9544657,0.0,0.8,-0.15314967185258865,-0.233184920437634,-0.4885733649134636,-0.10180194924275081,0.34788423111745753,-0.6666666666666667
2025-12-31,5,0.54459023,0.13794473,0.31746498,0.40664548,0.38271874,0.5507928,0.4,0.2,-0.03242065757513046,-0.2002233238890767,0.4390661343932152,-0.05945949504772822,0.4250482535406048,0.0
