date,news_volume,sent_pos_mean,sent_neg_mean,sent_neu_mean,sent_score_mean,sent_score_std,sent_max_neg,sent_pos_ratio,sent_neg_ratio,sent_score_ma5,sent_score_ma20,sent_surprise,sent_momentum_3d,sent_vol_5d,news_volume_chg
2014-01-02,6,0.27765104,0.6684715,0.05387743,-0.39082047,0.8439124,0.96775657,0.3333333333333333,0.6666666666666666,-0.3908204734325409,-0.3908204734325409,0.0,-0.3908204734325409,0.0,0.0
2014-01-03,2,0.42233387,0.11110928,0.46655682,0.3112246,0.30465257,0.19533141,0.5,0.0,-0.03979793190956116,-0.03979793190956116,0.35102254152297974,-0.03979793190956116,0.49642083892047084,-0.6666666666666667
2014-01-06,5,0.4531209,0.091722205,0.4551569,0.36139867,0.50715256,0.2758316,0.4,0.0,0.09393426775932312,0.09393426775932312,0.26746439933776855,0.09393426775932312,0.4205588286341009,1.5
2014-01-07,5,0.07909913,0.79818296,0.12271787,-0.71908385,0.32280242,0.9742004,0.0,0.8,-0.1093202605843544,-0.1093202605843544,-0.6097635850310326,-0.01548685630162557,0.5321304026241136,0.0
2014-01-08,3,0.41459373,0.34254763,0.24285866,0.0720461,0.83897346,0.92567056,0.3333333333333333,0.3333333333333333,-0.07304698824882508,-0.07304698824882508,0.14509308934211732,-0.09521302580833435,0.46792181556037044,-0.4
2014-01-09,5,0.34526956,0.25498307,0.3997474,0.09028648,0.5606169,0.522512,0.2,0.4,0.023174402117729188,-0.045824743807315826,0.06711207628250122,-0.18558375537395477,0.4345136233568178,0.6666666666666667
2014-01-10,7,0.37932894,0.37547988,0.24519117,0.0038490805,0.7692707,0.97082865,0.42857142857142855,0.42857142857142855,-0.038300703698769215,-0.03872848318756691,0.0421497842296958,0.05539388667481641,0.4042625874264948,0.3999999999999999
2014-01-13,6,0.3194628,0.06828851,0.6122487,0.25117427,0.38500533,0.12908086,0.3333333333333333,0.0,-0.06034558289684355,-0.0024906389007810503,0.3115198540035635,0.11510327667929232,0.3792490108427445,-0.1428571428571429
2014-01-14,4,0.58080775,0.05425356,0.3649387,0.52655417,0.45613194,0.14415759,0.5,0.0,0.18878201968036593,0.05629211734049022,0.3377721475902945,0.2605258396361023,0.20947055583583468,-0.33333333333333337
2014-01-15,3,0.5335627,0.1709109,0.29552636,0.36265185,0.5576436,0.26159382,0.6666666666666666,0.0,0.24690317041240634,0.08692809108179063,0.11574868434108793,0.3801267643769582,0.20929928278460508,-0.25
2014-01-16,2,0.05641366,0.50154924,0.4420371,-0.4451356,0.7245426,0.9678974,0.0,0.5,0.13981875604949892,0.03855866521850906,-0.5849543494638055,0.14802347620328268,0.3782453775399424,-0.33333333333333337
2014-01-17,3,0.30920434,0.66541266,0.02538295,-0.35620832,1.046869,0.9706599,0.3333333333333333,0.6666666666666666,0.06780727505683899,0.005661416080935548,-0.424015599489212,-0.14623068769772848,0.43985938305846584,0.5
2014-01-21,11,0.06098946,0.5708718,0.36813882,-0.5098823,0.3920644,0.94393915,0.0,0.6363636363636364,-0.08440403342247009,-0.03399579063989222,-0.42547823786735534,-0.437075396378835,0.4894296302920466,2.6666666666666665
2014-01-22,5,0.05430587,0.6888989,0.25679526,-0.634593,0.41833246,0.9302252,0.0,0.8,-0.31663346886634824,-0.07689559201909495,-0.3179595410823822,-0.5002278685569763,0.3930492607470316,-0.5454545454545454
2014-01-23,6,0.42657185,0.1904578,0.38297033,0.23611404,0.6816531,0.9297745,0.3333333333333333,0.16666666666666666,-0.3419410318136215,-0.05602828321668009,0.5780550718307496,-0.30278708040714264,0.3386922568774919,0.19999999999999996
2014-01-24,3,0.31723675,0.6424404,0.04032279,-0.3252036,1.0636517,0.95314205,0.3333333333333333,0.6666666666666666,-0.31795463263988494,-0.07285174036223907,-0.007248964905738842,-0.24122752249240875,0.3337679084747306,-0.5
2014-01-27,7,0.076809935,0.37214813,0.55104196,-0.2953382,0.44640416,0.9558478,0.0,0.42857142857142855,-0.30578061044216154,-0.08593917995526948,0.010442396998405434,-0.12814259032408395,0.33313330301454835,1.3333333333333335
2014-01-28,5,0.43573365,0.3210536,0.24321273,0.11468005,0.6887294,0.9014944,0.4,0.4,-0.1808681458234787,-0.07479366707977736,0.2955481976270676,-0.16862058639526367,0.3539156862019976,-0.2857142857142857
2014-01-29,6,0.34776255,0.48845002,0.16378747,-0.14068747,0.8797512,0.95618916,0.3333333333333333,0.5,-0.08208703696727752,-0.07826176174230089,-0.058600428700447085,-0.10711520910263062,0.24899043614028674,0.19999999999999996
2014-01-30,6,0.19961207,0.7336711,0.06671677,-0.5340591,0.7560299,0.97548103,0.16666666666666666,0.8333333333333334,-0.236121666431427,-0.10105162902036682,-0.29793744087219237,-0.1866888403892517,0.241028235252955,0.0
2014-01-31,5,0.21581626,0.73091364,0.05327005,-0.51509744,0.8007386,0.97225493,0.2,0.8,-0.27410043478012086,-0.10726547731319443,-0.24099700450897216,-0.396614670753479,0.27159639077162556,-0.16666666666666663
2014-02-03,5,0.050073557,0.36078033,0.5891461,-0.31070676,0.433564,0.94478565,0.0,0.4,-0.2771741449832916,-0.13836204601684585,-0.03353261947631836,-0.4532877703507741,0.27198351952768507,0.0
2014-02-04,5,0.5721805,0.2873998,0.14041972,0.28478068,0.8274193,0.91159457,0.6,0.2,-0.24315401911735535,-0.14219294531503693,0.5279347002506256,-0.18034117420514426,0.33628738075312903,0.0
2014-02-05,9,0.39275885,0.45206404,0.15517712,-0.05930519,0.84242874,0.9574397,0.4444444444444444,0.4444444444444444,-0.22687756419181823,-0.10920401258626952,0.16757237315177917,-0.028410424788792927,0.34435925713564075,0.8
2014-02-06,8,0.32449636,0.62017226,0.05533138,-0.29567593,0.7755504,0.96888745,0.375,0.625,-0.17920092940330506,-0.1275901143089868,-0.1164750039577484,-0.023400147755940754,0.3055080193497603,-0.11111111111111116
2014-02-07,7,0.123520695,0.6143871,0.2620922,-0.4908664,0.5463195,0.9707491,0.14285714285714285,0.5714285714285714,-0.1743547201156616,-0.15664775787154211,-0.31651167273521424,-0.2819491724173228,0.29896992598683386,-0.125
2014-02-10,7,0.3166773,0.044508047,0.6388146,0.27216926,0.4052436,0.07601821,0.2857142857142857,0.0,-0.0577795147895813,-0.14323174878954886,0.32994877696037295,-0.17145768801371256,0.34291943691426324,0.0
2014-02-11,6,0.47042823,0.26327458,0.2662972,0.20715363,0.6320215,0.9620331,0.5,0.16666666666666666,-0.07330492436885834,-0.1454327806830406,0.2804585576057434,-0.0038478324810663858,0.3248121973671367,-0.1428571428571429
2014-02-12,4,0.06500417,0.57290477,0.36209106,-0.5079006,0.39151233,0.85118604,0.0,0.5,-0.16302400529384614,-0.19715551882982255,-0.3448765903711319,-0.00952590008576711,0.3776379522107767,-0.33333333333333337
2014-02-13,7,0.36591443,0.5211907,0.112894855,-0.15527627,0.88044804,0.9708518,0.42857142857142855,0.5714285714285714,-0.1349440723657608,-0.2230519250035286,-0.020332196354866022,-0.15200774371623993,0.37046010987541794,0.75
2014-02-14,3,0.666979,0.2895023,0.04351869,0.37747666,0.6444961,0.65334487,0.6666666666666666,0.3333333333333333,0.038724538683891294,-0.18192131221294403,0.33875212371349334,-0.09523340066274007,0.36539470128606927,-0.5714285714285714
2014-02-18,15,0.22002234,0.39579874,0.38417897,-0.17577644,0.64270425,0.9553181,0.2,0.4,-0.05086460113525391,-0.1728997178375721,-0.12491183578968049,0.015474652250607809,0.34836629811784825,4.0
2014-02-19,4,0.3955784,0.5507549,0.053666763,-0.15517648,0.91460687,0.96868,0.5,0.5,-0.12333062291145325,-0.1551644280552864,-0.031845852732658386,0.015507916609446207,0.3176032300654492,-0.7333333333333334
2014-02-20,8,0.19631974,0.69470125,0.10897899,-0.4983815,0.546312,0.97410643,0.125,0.875,-0.12142680287361145,-0.14835385233163834,-0.3769546926021576,-0.27644480268160504,0.3147372782996765,1.0
2014-02-21,5,0.26606876,0.5809721,0.15295915,-0.31490332,0.8564043,0.97236294,0.2,0.6,-0.1533522129058838,-0.17590472027659415,-0.16155110597610473,-0.32282043000062305,0.32689043817689134,-0.375
2014-02-24,5,0.55402124,0.038930506,0.40704823,0.51509076,0.39902377,0.06594375,0.6,0.0,-0.12582939267158508,-0.13389000222086905,0.6409201562404633,-0.09939801692962646,0.38362697508790317,0.0
2014-02-25,3,0.24396563,0.64501566,0.11101877,-0.40105,0.6551302,0.8978521,0.3333333333333333,0.6666666666666666,-0.17088410556316375,-0.13917559161782264,-0.230165895819664,-0.0669541855653127,0.40366467040150006,-0.4
2014-02-26,3,0.04733165,0.6242535,0.3284148,-0.5769219,0.47807544,0.94852024,0.0,0.6666666666666666,-0.25523318648338317,-0.17375568822026252,-0.3216886937618256,-0.15429370601971945,0.44182201509545993,0.0
2014-02-27,6,0.3104352,0.62201685,0.06754796,-0.31158164,0.9119692,0.9737544,0.3333333333333333,0.6666666666666666,-0.217873215675354,-0.18230039700865747,-0.09370842576026917,-0.4298511743545532,0.4236454836321919,1.0
2014-02-28,5,0.39120114,0.27716628,0.33163255,0.11403487,0.6683073,0.9591555,0.4,0.2,-0.13208557814359664,-0.14989569820463658,0.2461204469203949,-0.2581562176346779,0.442112125211982,-0.16666666666666663
2014-03-03,6,0.23033613,0.214881,0.55478287,0.015455127,0.57453376,0.93044174,0.16666666666666666,0.16666666666666666,-0.23201270550489425,-0.12336806990206242,0.2474678322672844,-0.06069721529881159,0.289333895981887,0.19999999999999996
2014-03-04,4,0.30221757,0.45861983,0.23916262,-0.15640226,0.8025654,0.9371162,0.25,0.5,-0.18308315724134444,-0.11565284468233586,0.026680897176265705,-0.00897075484196345,0.2738746255368219,-0.33333333333333337
2014-03-05,4,0.21606931,0.04868479,0.73524594,0.16738452,0.18842049,0.07907143,0.0,0.0,-0.03422187715768814,-0.12152265273034572,0.20160639733076097,0.008812462290128073,0.1980842571268318,0.0
2014-03-06,9,0.0700674,0.5734771,0.3564555,-0.5034097,0.50529045,0.9692161,0.0,0.5555555555555556,-0.07258748561143875,-0.14372787736356257,-0.4308221980929375,-0.16414247453212738,0.2705543619578159,1.25
2014-03-07,1,0.032998696,0.021507641,0.9454937,0.011491055,0.0,0.021507641,0.0,0.0,-0.09309624843299388,-0.12836952796205878,0.10458730310201644,-0.10817803628742695,0.2563868669186928,-0.8888888888888888
2014-03-10,5,0.026745569,0.5769981,0.39625627,-0.55025256,0.49348876,0.9579118,0.0,0.6,-0.20623778514564037,-0.1313388361595571,-0.3440147716552019,-0.347390395278732,0.31469840907158575,4.0
2014-03-11,7,0.14408915,0.48879412,0.36711672,-0.34470496,0.57007486,0.9317689,0.0,0.5714285714285714,-0.2438983242958784,-0.16218254705891014,-0.10080663152039052,-0.29448881931602955,0.31848797129436035,0.3999999999999999
2014-03-12,2,0.40146273,0.07556133,0.5229759,0.3259014,0.36482498,0.13306789,0.5,0.0,-0.2121949505060911,-0.15624515926465393,0.5380963396281004,-0.1896853744983673,0.3729044673723921,-0.7142857142857143
2014-03-13,1,0.008162873,0.97232336,0.019513763,-0.9641605,0.0,0.97232336,0.0,1.0,-0.3043451141566038,-0.179058154579252,-0.6598153878003359,-0.3276546895503998,0.4986027661320429,-0.5
2014-03-14,6,0.3135197,0.3333381,0.35314214,-0.019818375,0.79814965,0.9544126,0.3333333333333333,0.3333333333333333,-0.3106070000678301,-0.1722852598875761,0.2907886251807213,-0.21935916257401308,0.49381823511367884,5.0
2014-03-17,9,0.14823239,0.35740194,0.4943657,-0.20916955,0.50384736,0.9348157,0.1111111111111111,0.3333333333333333,-0.2423903990536928,-0.20161757059395313,0.03322084732353686,-0.39771614285806817,0.47566212722817425,0.5
2014-03-18,6,0.22726582,0.22375418,0.54898,0.0035116225,0.59050643,0.9748548,0.16666666666666666,0.16666666666666666,-0.17274708338081837,-0.19265316762030124,0.1762587059289217,-0.07515876802305381,0.4823811811549288,-0.33333333333333337
2014-03-19,4,0.25875095,0.6786086,0.06264042,-0.41985762,0.8820992,0.95928776,0.25,0.75,-0.3218988854438066,-0.20588722489774228,-0.0979587357491255,-0.20850518345832825,0.39747592197669707,-0.33333333333333337
2014-03-20,5,0.71332395,0.2530011,0.03367498,0.46032286,0.80818516,0.97176343,0.8,0.2,-0.03700221367180347,-0.15795200727880002,0.4973250705748796,0.014658952752749125,0.3261474882722575,0.25
2014-03-21,3,0.35233214,0.5741759,0.07349192,-0.22184373,0.9293604,0.9581454,0.3333333333333333,0.6666666666666666,-0.07740728557109833,-0.15329902805387974,-0.14443644881248474,-0.06045949955781301,0.33585599247033626,-0.4
2014-03-24,6,0.2734028,0.39771557,0.32888162,-0.124312736,0.7522182,0.95707345,0.3333333333333333,0.5,-0.06043592244386673,-0.18526920303702354,-0.06387681365013123,0.03805546214183172,0.32961935675349163,1.0
2014-03-25,2,0.5103704,0.02864175,0.46098784,0.48172864,0.6149548,0.033696447,0.5,0.0,0.03520748168230057,-0.14113027080893517,0.44652116149663923,0.04519072423378626,0.4119194415564171,-0.6666666666666667
2014-03-26,2,0.33148348,0.19221531,0.4763012,0.13926816,0.17533316,0.35587978,0.5,0.0,0.1470326378941536,-0.10532076880335808,-0.007764478027820598,0.16556135565042496,0.32401024459453825,0.0
2014-03-27,3,0.35287967,0.327449,0.3196713,0.02543068,0.92652446,0.9460936,0.3333333333333333,0.3333333333333333,0.06005420237779617,-0.08847015276551247,-0.03462352305650711,0.21547582745552063,0.27328583396628076,0.5
2014-03-28,9,0.31139347,0.38428777,0.30431876,-0.072894305,0.5392802,0.96923584,0.3333333333333333,0.3333333333333333,0.0898440882563591,-0.0978166114538908,-0.16273839324712752,0.030601511398951214,0.2410976257372208,2.0
2014-03-31,7,0.16999228,0.23831324,0.5916944,-0.06832097,0.5444109,0.91403824,0.14285714285714285,0.2857142857142857,0.10104244202375412,-0.10200541615486144,-0.16936340928077698,-0.038594864308834076,0.22969451684722625,-0.2222222222222222
2014-04-01,4,0.3540691,0.57831925,0.06761161,-0.22425017,0.8207938,0.9578287,0.5,0.5,-0.04015332013368607,-0.10539781153202057,-0.18409684747457505,-0.1218218132853508,0.13439714110971718,-0.4285714285714286
2014-04-02,3,0.06606556,0.6074076,0.3265268,-0.541342,0.58662987,0.9441742,0.0,0.6666666666666666,-0.17627535611391068,-0.14083413854241372,-0.3650666639208794,-0.277971051633358,0.22282412805843915,-0.25
2014-04-03,4,0.5345801,0.25284278,0.21257709,0.28173733,0.8283881,0.92611283,0.5,0.25,-0.12501402646303178,-0.10157678797841072,0.4067513540387154,-0.16128495335578918,0.29772220369066055,0.33333333333333326
2014-04-04,4,0.4678571,0.43674982,0.09539309,0.031107277,0.72160035,0.9471667,0.5,0.5,-0.10421371012926102,-0.10059597687795759,0.13532098680734633,-0.07616580526034038,0.3057973889734436,0.0
2014-04-07,8,0.18551657,0.1700388,0.64444464,0.01547776,0.5118209,0.9552485,0.125,0.125,-0.08745396472513675,-0.07230946104973554,0.1029317244887352,0.10944078800578912,0.31051629830657346,1.0
2014-04-08,5,0.057367645,0.8500763,0.09255602,-0.79270864,0.18670686,0.9734624,0.0,1.0,-0.20114565826952457,-0.09470964502543211,-0.5915629770606756,-0.24870786629617214,0.4471362849954498,-0.375
2014-04-09,8,0.21372607,0.436395,0.34987894,-0.22266892,0.5656534,0.90996176,0.125,0.5,-0.13741103745996952,-0.12213816028088331,-0.08525787852704525,-0.33329993051787216,0.40747472499956655,0.6000000000000001
2014-04-10,5,0.22276811,0.5491193,0.22811261,-0.32635117,0.8017622,0.9705705,0.2,0.6,-0.25902873612940314,-0.09024769347161055,-0.06732242964208124,-0.4472429056962331,0.33548520946531846,-0.375
2014-04-11,3,0.048218396,0.58440346,0.36737815,-0.536185,0.39268503,0.9526174,0.0,0.6666666666666666,-0.37248719669878483,-0.11606602603569627,-0.16369782947003841,-0.3617350359757741,0.30760116014356675,-0.4
2014-04-14,6,0.46893337,0.04388653,0.48718008,0.42504683,0.4758142,0.084284544,0.5,0.0,-0.29057338237762453,-0.08435520688071847,0.7156202137470246,-0.1458297868569692,0.4556501532116692,1.0
2014-04-15,2,0.38429666,0.54744333,0.06826,-0.16314667,1.0296049,0.9179457,0.5,0.5,-0.1646609902381897,-0.09268812173977495,0.0015143156051635742,-0.09142828981081645,0.3589207257894062,-0.6666666666666667
2014-04-16,1,0.09679922,0.874261,0.028939752,-0.7774618,0.0,0.874261,0.0,1.0,-0.27561957240104673,-0.11056833202019334,-0.5018422544002533,-0.17185389002164206,0.45439444887387925,-0.5
2014-04-17,4,0.49862286,0.32471904,0.17665808,0.17390381,0.8398989,0.95066524,0.5,0.25,-0.17556857764720918,-0.12488928446546196,0.34947238564491273,-0.2555682311455409,0.49379748578557986,3.0
2014-04-21,8,0.17379984,0.42746183,0.39873832,-0.253662,0.57666975,0.94975096,0.125,0.5,-0.1190639704465866,-0.12648019725456833,-0.13459801971912383,-0.285740002989769,0.457010484790174,1.0
2014-04-22,8,0.3766137,0.5383905,0.08499573,-0.16177681,0.8914484,0.97413605,0.375,0.625,-0.23642869889736176,-0.12835340099409223,0.07465188801288605,-0.08051166435082753,0.343631254943586,0.0
2014-04-23,8,0.31842703,0.55624104,0.12533192,-0.23781404,0.82322323,0.973347,0.375,0.5,-0.25136217176914216,-0.16433053510263562,0.013548132777214061,-0.21775094668070474,0.341264698776204,0.0
2014-04-24,6,0.47375107,0.31560126,0.21064766,0.15814981,0.8161875,0.9737925,0.5,0.3333333333333333,-0.06423984467983246,-0.16338645266368984,0.22238965332508087,-0.0804803470770518,0.21312658628419665,-0.25
2014-04-25,5,0.28005773,0.6823762,0.03756605,-0.40231848,0.77585876,0.9647932,0.2,0.8,-0.1794843018054962,-0.18477391051128506,-0.22283417582511902,-0.1606609026590983,0.20788825446676096,-0.16666666666666663
2014-04-28,6,0.18017806,0.34629342,0.4735285,-0.16611534,0.21968123,0.69409585,0.0,0.5,-0.16197497248649598,-0.1894349624402821,-0.004140371084213251,-0.13676133751869202,0.2037238461181947,0.19999999999999996
2014-04-29,7,0.5299551,0.42203146,0.048013438,0.107923634,0.9194894,0.9749185,0.5714285714285714,0.42857142857142855,-0.10803488343954086,-0.18062273235991597,0.2159585177898407,-0.1535033956170082,0.23680750335515918,0.16666666666666674
2014-04-30,9,0.26075208,0.47530615,0.26394176,-0.21455403,0.7503726,0.9740338,0.2222222222222222,0.4444444444444444,-0.10338288098573685,-0.18013792531564832,-0.11117114573717117,-0.09091524531443913,0.2338304233932123,0.2857142857142858
2014-05-01,6,0.20572932,0.37082884,0.4234418,-0.16509949,0.7051952,0.9722951,0.16666666666666666,0.3333333333333333,-0.16803274005651475,-0.16132579864934088,0.002933253347873699,-0.09057662636041641,0.18249536836860936,-0.33333333333333337
2014-05-02,8,0.2791503,0.34852046,0.37232926,-0.06937012,0.6522885,0.95007455,0.25,0.375,-0.10144306868314742,-0.178881171066314,0.03207294791936874,-0.1496745447317759,0.12834701189643594,0.33333333333333326
2014-05-05,8,0.26716363,0.34338868,0.38944766,-0.07622504,0.66705847,0.9650638,0.25,0.375,-0.08346500843763352,-0.18424778701737524,0.0072399660944938715,-0.10356488327185313,0.12321649069155859,0.0
2014-05-06,7,0.2893371,0.3836833,0.32697958,-0.0943462,0.68428034,0.97521496,0.2857142857142857,0.2857142857142857,-0.12391897588968277,-0.18973898515105247,0.02957277297973633,-0.07998045533895493,0.06331544974422051,-0.125
2014-05-07,10,0.048204917,0.62141323,0.3303819,-0.5732083,0.50583273,0.97323996,0.0,0.6,-0.19564982503652573,-0.1787639670073986,-0.3775584474205971,-0.24792650590340296,0.2144498605030671,0.4285714285714286
2014-05-08,9,0.1652283,0.63913226,0.19563948,-0.47390392,0.6916866,0.97174567,0.1111111111111111,0.6666666666666666,-0.2574107125401497,-0.19132571741938592,-0.21649321168661118,-0.3804861331979434,0.24564962604143345,-0.09999999999999998
2014-05-09,5,0.21729295,0.5530739,0.22963314,-0.33578095,0.7578798,0.91222614,0.2,0.6,-0.31069287806749346,-0.19179720655083657,-0.025088070333003976,-0.4609643816947937,0.2224649629683104,-0.4444444444444444
2014-05-12,8,0.22572029,0.49682072,0.277459,-0.27110046,0.71703994,0.94453055,0.25,0.5,-0.34966796189546584,-0.17854297831654548,0.07856750041246413,-0.36026177803675336,0.18504036496040321,0.6000000000000001
2014-05-13,4,0.32020062,0.3265237,0.3532756,-0.0063230377,0.65732896,0.94135517,0.5,0.25,-0.33206332884728906,-0.2001114717684686,0.32574029117822645,-0.20440148251752058,0.21685632773537356,-0.5
2014-05-14,4,0.48623994,0.4477219,0.06603815,0.038518026,0.9493502,0.8715488,0.5,0.5,-0.20971806906163692,-0.1900282367132604,0.24823609553277493,-0.07963515756030877,0.21934248997654657,0.0
2014-05-15,7,0.28432295,0.41785607,0.29782096,-0.13353312,0.6440308,0.9228546,0.2857142857142857,0.42857142857142855,-0.14164390824735165,-0.15783180138096214,0.00811078809201718,-0.03377937711775303,0.16223750734195827,0.75
2014-05-16,4,0.5025274,0.43033874,0.06713383,0.072188646,0.99173516,0.9612126,0.5,0.5,-0.060049989446997645,-0.16291755950078368,0.13223863504827021,-0.007608816027641296,0.1414490791363933,-0.4285714285714286
2014-05-19,5,0.23294136,0.41188708,0.35517156,-0.17894569,0.7974859,0.9710697,0.2,0.4,-0.04161903522908687,-0.15918174451217054,-0.137326655164361,-0.08009672164916992,0.10946089889105216,0.25
2014-05-20,4,0.08840524,0.33138555,0.5802092,-0.24298033,0.47786662,0.9684069,0.0,0.25,-0.08895049393177032,-0.16324192052707076,-0.15402983725070954,-0.11657912532488506,0.13786404779147657,-0.19999999999999996
2014-05-21,7,0.42511612,0.26039094,0.31449294,0.1647252,0.69769657,0.9561768,0.42857142857142855,0.2857142857142857,-0.06370905935764312,-0.14311495861038565,0.2284342586994171,-0.08573360741138458,0.17388463579418761,0.75
2014-05-22,6,0.21145906,0.59820855,0.19033237,-0.38674948,0.55864704,0.92683935,0.16666666666666666,0.6666666666666666,-0.11435233056545258,-0.17035992285236717,-0.27239714562892914,-0.15500153601169586,0.22781542589986337,-0.1428571428571429
2014-05-23,4,0.35297093,0.15883599,0.48819304,0.19413494,0.4957214,0.5542855,0.25,0.25,-0.08996307253837585,-0.1405372521840036,0.28409800827503207,-0.009296447038650513,0.25738694181013794,-0.33333333333333337
2014-05-27,8,0.22004387,0.057376683,0.7225795,0.16266719,0.33202377,0.21940084,0.125,0.0,-0.02164049744606018,-0.12409812575206161,0.18430768251419066,-0.009982451796531677,0.2727436620250156,1.0
2014-05-28,5,0.33321306,0.4796753,0.18711162,-0.14646226,0.6608693,0.91727614,0.4,0.4,-0.002336883544921875,-0.136817420553416,-0.14412537813186646,0.07011328637599945,0.256067580912856,-0.375
2014-05-29,6,0.14920413,0.7751637,0.075632125,-0.62595963,0.67604494,0.9733128,0.16666666666666666,0.8333333333333334,-0.16047385036945344,-0.1573877009563148,-0.46548578441143035,-0.20325157046318054,0.3529311260418251,0.19999999999999996
2014-05-30,5,0.602512,0.34649482,0.050993152,0.25601724,0.85347825,0.96465844,0.6,0.4,-0.03192050755023956,-0.13633186472579836,0.2879377454519272,-0.17213488618532816,0.36670010803565606,-0.16666666666666663
2014-06-02,7,0.30588013,0.21076141,0.4833584,0.095118724,0.61233896,0.9566194,0.2857142857142857,0.14285714285714285,-0.051723749935626985,-0.12810742249712348,0.14684247374534606,-0.09160789102315903,0.35389014459061635,0.3999999999999999
2014-06-03,8,0.2018082,0.5635956,0.23459621,-0.36178738,0.5337131,0.88589483,0.125,0.75,-0.15661466270685195,-0.1423855393193662,-0.20517271608114243,-0.003550472358862559,0.35217836417392223,0.1428571428571428
2014-06-04,6,0.32503152,0.21439387,0.46057463,0.11063766,0.62922645,0.8500506,0.3333333333333333,0.16666666666666666,-0.10519467890262604,-0.13213634630665183,0.21583233624696732,-0.052010332544644676,0.37222945155603115,-0.25
2014-06-05,9,0.43296394,0.20159452,0.36544156,0.23136942,0.54275894,0.75353277,0.4444444444444444,0.2222222222222222,0.06627113223075867,-0.0919074616394937,0.16509828865528106,-0.006593433519204457,0.249647596864229,0.5
2014-06-06,5,0.3780597,0.29557654,0.3263638,0.082483135,0.60045373,0.7245424,0.4,0.2,0.03156431168317795,-0.06408810866996646,0.05091882348060608,0.14149673779805502,0.2277784658058931,-0.4444444444444444
2014-06-09,6,0.32346123,0.2695283,0.40701047,0.053932935,0.6668782,0.93859863,0.3333333333333333,0.3333333333333333,0.02332715392112732,-0.04460241449996829,0.030605781078338622,0.12259516368309657,0.22564023140160358,0.19999999999999996
2014-06-10,2,0.50063497,0.022542715,0.47682235,0.47809225,0.6162048,0.02619225,0.5,0.0,0.19130308032035828,-0.007142778765410185,0.28678917288780215,0.20483610779047012,0.17397743322429587,-0.6666666666666667
2014-06-11,7,0.13144352,0.46221653,0.40633997,-0.33077303,0.44417435,0.9240618,0.0,0.5714285714285714,0.10302094370126724,-0.023365278169512747,-0.43379396945238113,0.06708405415217082,0.29502561792238885,2.5
2014-06-12,6,0.23261869,0.19141077,0.5759706,0.041207936,0.43520123,0.48158336,0.16666666666666666,0.16666666666666666,0.0649886466562748,-0.023230782710015774,-0.023780710995197296,0.06284238770604134,0.2864767439063262,-0.1428571428571429
2014-06-13,4,0.26561818,0.68850064,0.045881193,-0.42288244,0.77746916,0.9594585,0.25,0.75,-0.03608446791768074,-0.037698248587548736,-0.38679796978831293,-0.23748250926534334,0.3587857872662181,-0.33333333333333337
2014-06-16,9,0.33167085,0.2653905,0.4029387,0.066280365,0.66462207,0.9394405,0.3333333333333333,0.2222222222222222,-0.033614981919527054,-0.037993662618100645,0.09989534690976143,-0.10513137901822726,0.35960182805423896,1.25
2014-06-17,3,0.4124991,0.2818036,0.3056973,0.13069552,0.63005394,0.7082664,0.3333333333333333,0.3333333333333333,-0.10309432819485664,-0.022511602006852628,0.2337898500263691,-0.07530218362808228,0.2541016766603794,-0.6666666666666667
2014-06-18,9,0.29422608,0.5272477,0.1785262,-0.23302163,0.7133802,0.9670688,0.3333333333333333,0.5555555555555556,-0.0835440494120121,-0.022013667039573193,-0.14947758242487907,-0.012015248338381449,0.23526745218729528,2.0
2014-06-19,3,0.5483631,0.029115846,0.42252108,0.51924723,0.32553756,0.039867003,0.3333333333333333,0.0,0.012063810229301452,-0.004287565313279629,0.5071834236383438,0.13897370795408884,0.3617640997691379,-0.6666666666666667
2014-06-20,7,0.23984893,0.3244978,0.43565327,-0.08464887,0.6858694,0.9656025,0.14285714285714285,0.2857142857142857,0.07971052378416062,0.010817464999854564,-0.16435939371585845,0.06719224403301875,0.28319064698722207,1.3333333333333335
2014-06-23,4,0.25051287,0.46824464,0.28124252,-0.21773177,0.8599502,0.9192628,0.25,0.5,0.02290809601545334,-0.009775870479643345,-0.24063986986875535,0.0722888633608818,0.313427321089233,-0.4285714285714286
2014-06-24,6,0.2108112,0.20487432,0.5843144,0.0059368736,0.5110675,0.92548335,0.16666666666666666,0.16666666666666666,-0.0020436336286365985,-0.01761238605249673,0.007980507239699364,-0.09881459005797903,0.3076132684009992,0.5
2014-06-25,2,0.079218954,0.60701525,0.3137658,-0.52779627,0.20713781,0.80702704,0.0,0.5,-0.06099856095388532,-0.03667908639181405,-0.4667977075092494,-0.246530389568458,0.3821617038914544,-0.6666666666666667
2014-06-26,5,0.16161065,0.676905,0.16148444,-0.5152943,0.57347035,0.97491235,0.0,0.8,-0.2679068704135716,-0.03114582032430917,-0.24738744301721455,-0.3457179027609527,0.24486449180007502,1.5
2014-06-27,5,0.2502803,0.2327902,0.5169295,0.017490078,0.66202855,0.94621325,0.2,0.2,-0.24747908087447285,-0.04307217833120376,0.2649691586382687,-0.3418668347100417,0.26721523522205276,0.0
2014-06-30,6,0.10702404,0.38747606,0.50549996,-0.28045198,0.4174557,0.94762075,0.0,0.5,-0.2600231227464974,-0.06185071368236095,-0.020428860466927268,-0.259418739626805,0.26694169439238724,0.19999999999999996
2014-07-01,5,0.41231507,0.16631174,0.42137313,0.24600336,0.39212778,0.4815184,0.6,0.0,-0.21200982555747033,-0.031461176765151325,0.45801318511366845,-0.00565284863114357,0.3386861269725379,-0.16666666666666663
2014-07-02,7,0.27107117,0.3100342,0.41889462,-0.03896302,0.5495517,0.9624642,0.2857142857142857,0.42857142857142855,-0.11424317583441734,-0.03894121062476188,0.07528015598654747,-0.024470547835032146,0.29208975541242677,0.3999999999999999
2014-07-03,8,0.18575417,0.48721296,0.32703286,-0.3014588,0.6014364,0.9580446,0.125,0.5,-0.07147607430815697,-0.06558262195903808,-0.22998273149132728,-0.03147282203038534,0.22711684940722318,0.1428571428571428
2014-07-07,7,0.15222916,0.19357848,0.6541923,-0.041349333,0.45066106,0.95122504,0.14285714285714285,0.14285714285714285,-0.08324395641684532,-0.07177424535620958,0.041894623637199396,-0.12725705280900002,0.22283877705230587,-0.125
2014-07-08,3,0.17520767,0.6280888,0.19670355,-0.4528811,0.8142049,0.97158754,0.3333333333333333,0.6666666666666666,-0.1177297793328762,-0.09711494699586183,-0.3351513184607029,-0.2652297454575698,0.2694544176543841,-0.5714285714285714
2014-07-09,8,0.5659116,0.19773217,0.23635624,0.36817944,0.6042288,0.9410219,0.625,0.125,-0.09329456314444542,-0.10261058763135225,0.46147400364279745,-0.04201699669162432,0.3127472251730903,1.6666666666666665
2014-07-10,8,0.24772371,0.3802986,0.37197772,-0.1325749,0.7162564,0.9669871,0.25,0.375,-0.11201693937182426,-0.09270068139303475,-0.020557961612939837,-0.07242551942666371,0.3114810182417762,0.0
2014-07-11,3,0.29953098,0.55711305,0.14335598,-0.25758207,0.9324294,0.929047,0.3333333333333333,0.6666666666666666,-0.10324159190058708,-0.10764018159825355,-0.15434047654271127,-0.007325842976570129,0.3053676682826498,-0.625
2014-07-14,11,0.2519971,0.13093588,0.61706704,0.121061236,0.512574,0.9543887,0.18181818181818182,0.09090909090909091,-0.0707594782114029,-0.08044299792964012,0.1918207138776779,-0.08969857792059581,0.3217931476493634,2.6666666666666665
2014-07-15,7,0.16040765,0.30918702,0.53040534,-0.1487794,0.6123839,0.9376172,0.14285714285714285,0.2857142857142857,-0.00993914008140564,-0.09119598653633147,-0.1388402670621872,-0.09510007997353871,0.25287246242107037,-0.36363636363636365
2014-07-16,8,0.5479438,0.13366833,0.31838787,0.41427547,0.60220075,0.8064865,0.5,0.125,-0.0007199347019195557,-0.07701698925811798,0.414995402097702,0.12885243197282156,0.27034114211575844,0.1428571428571428
2014-07-17,4,0.13379058,0.63903797,0.22717145,-0.5052474,0.4542627,0.9263534,0.0,0.75,-0.07525443732738495,-0.09062827837187797,-0.4299929767847061,-0.07991711795330048,0.35416190415550564,-0.5
2014-07-18,3,0.3445371,0.42985487,0.22560799,-0.08531777,0.9456851,0.9715415,0.3333333333333333,0.3333333333333333,-0.040801577270030975,-0.12085652847308666,-0.0445161908864975,-0.05876323829094569,0.3400902546194879,-0.25
2014-07-21,4,0.03586171,0.27622074,0.68791753,-0.24035902,0.46848702,0.9558125,0.0,0.25,-0.11308562904596328,-0.1286420361371711,-0.12727339416742325,-0.2769747351606687,0.3354639356408695,0.33333333333333326
2014-07-22,7,0.46910903,0.30645517,0.22443578,0.16265385,0.84345627,0.9712412,0.42857142857142855,0.2857142857142857,-0.05079897791147232,-0.10962275501806289,0.2134528264403343,-0.05434098094701767,0.3554941235847829,0.75
2014-07-23,2,0.32356635,0.44343877,0.23299488,-0.119872436,0.41696528,0.4913964,0.5,0.5,-0.15762855857610703,-0.11591322049498558,0.03775612264871597,-0.06585920353730519,0.2433713181605267,-0.7142857142857143
2014-07-24,10,0.3017692,0.42914099,0.2690898,-0.12737179,0.7958167,0.9593945,0.3,0.4,-0.08205343335866928,-0.09589199647307396,-0.04531835466623306,-0.028196791807810467,0.1486917950784887,4.0
2014-07-25,4,0.046030007,0.52521724,0.4287528,-0.4791872,0.42946807,0.89077425,0.0,0.5,-0.16082731783390045,-0.09408664032816887,-0.31835987269878385,-0.2421438048283259,0.23190242588400453,-0.6
2014-07-28,7,0.04343685,0.59372604,0.3628371,-0.55028915,0.4057449,0.9723779,0.0,0.7142857142857143,-0.22281334400177003,-0.12247560191899538,-0.3274758100509644,-0.38561604420344037,0.2920868163036045,0.75
2014-07-29,8,0.22958986,0.52342176,0.24698837,-0.29383188,0.6345163,0.96620697,0.125,0.625,-0.3141104906797409,-0.12314459700137377,0.020278605818748463,-0.4411027431488037,0.1975105469994789,0.1428571428571428
2014-07-30,5,0.2532706,0.5400158,0.20671365,-0.2867452,0.81977326,0.97123396,0.2,0.6,-0.34748504161834715,-0.14978202451020478,0.06073985099792478,-0.37695540984471637,0.1684434617206357,-0.375
2014-07-31,8,0.39590624,0.4868976,0.11719617,-0.090991355,0.75603604,0.97290534,0.5,0.375,-0.3402089551091194,-0.15238344129174947,0.24921759963035583,-0.2238561436533928,0.18067045873167484,0.6000000000000001
2014-08-01,5,0.38059643,0.32233214,0.29707146,0.058264278,0.7876804,0.9015003,0.4,0.4,-0.23271866142749786,-0.13439728710800408,0.2909829393029213,-0.10649075607458751,0.23035972409372849,-0.375
2014-08-04,5,0.5149826,0.09080992,0.39420754,0.42417264,0.43626094,0.18467198,0.6,0.0,-0.03782630264759064,-0.1111211884766817,0.4619989424943924,0.13048185408115387,0.29707003226839523,0.0
2014-08-05,5,0.43246517,0.04960714,0.51792765,0.38285804,0.3928657,0.09867734,0.4,0.0,0.09751168191432953,-0.06933423168957234,0.2853463560342789,0.28843165189027786,0.30531009738452997,0.0
2014-08-06,6,0.32919776,0.59518105,0.07562119,-0.26598325,0.9083209,0.97350097,0.3333333333333333,0.6666666666666666,0.10166406929492951,-0.10104236640036106,-0.367647323012352,0.18034914135932922,0.2988503115251659,0.19999999999999996
2014-08-07,4,0.33095005,0.4899308,0.17911914,-0.15898076,0.9249891,0.9611944,0.25,0.5,0.0880661889910698,-0.10236265920102597,-0.24704694598913193,-0.014035324255625406,0.3111033332469841,-0.33333333333333337
2014-08-08,3,0.37915695,0.065031394,0.5558117,0.31412554,0.5509668,0.16420072,0.3333333333333333,0.0,0.139238440990448,-0.07377727888524532,0.17488709688186646,-0.03694615761439005,0.3256772997410796,-0.25
2014-08-11,4,0.08381633,0.4932391,0.4229446,-0.40942276,0.5843256,0.94216514,0.0,0.5,-0.02748063802719116,-0.10030147843062878,-0.3819421172142029,-0.08475932478904724,0.3553618466777064,0.33333333333333326
2014-08-12,4,0.30403444,0.49303746,0.20292811,-0.18900305,0.8782768,0.93531966,0.25,0.5,-0.14185285568237305,-0.10231266058981418,-0.04715019464492798,-0.09476675589879353,0.2726879205766236,0.0
2014-08-13,3,0.69052863,0.11972678,0.18974458,0.57080185,0.20380794,0.20743333,0.6666666666666666,0.0,0.025504165887832643,-0.09448634125292302,0.5452976882457733,-0.009207983811696371,0.4030698836665665,-0.25
2014-08-14,3,0.5351381,0.43474412,0.03011778,0.10039396,0.9576029,0.9646971,0.6666666666666666,0.3333333333333333,0.07737910896539688,-0.0642042726278305,0.023014849424362188,0.16073092073202133,0.389865383859667,0.0
2014-08-15,6,0.2147095,0.51077694,0.27451363,-0.29606742,0.6664499,0.9453591,0.16666666666666666,0.5,-0.04465948194265366,-0.074741755053401,-0.25140793472528455,0.1250427986184756,0.3927233178974418,1.0
2014-08-18,4,0.18685143,0.3782435,0.4349051,-0.19139206,0.3724453,0.84972197,0.25,0.25,-0.0010533437132835388,-0.07229340709745884,-0.19033872038125993,-0.12902184079090753,0.35209982474521884,-0.33333333333333337
2014-08-19,4,0.7376475,0.13137262,0.13097991,0.60627484,0.04111678,0.17029595,1.0,0.0,0.15800223499536514,-0.05011235736310482,0.44827260822057724,0.03960512081782023,0.41920346944329584,0.0
2014-08-20,6,0.31505197,0.5517316,0.13321646,-0.2366796,0.8188464,0.9656732,0.3333333333333333,0.6666666666666666,-0.0034940555691719056,-0.05595271550118923,-0.23318554311990738,0.059401060144106545,0.3734605602076667,0.5
2014-08-21,5,0.15805554,0.45548385,0.38646063,-0.29742834,0.5737605,0.97474945,0.2,0.4,-0.08305851519107818,-0.06445554308593274,-0.21436982452869416,0.02405563493569692,0.3878927970144142,-0.16666666666666663
2014-08-22,4,0.112980545,0.28402624,0.60299325,-0.17104568,0.39398506,0.8012632,0.0,0.25,-0.058054167032241824,-0.04904846735298633,-0.11299150884151458,-0.23505120476086935,0.37452841985123153,-0.19999999999999996
2014-08-25,6,0.13242427,0.3315322,0.5360435,-0.19910794,0.4585637,0.9287911,0.16666666666666666,0.3333333333333333,-0.05959734320640564,-0.03148940689861775,-0.1395106017589569,-0.2225273201862971,0.37523040109302447,0.5
2014-08-26,2,0.1432513,0.21456337,0.64218533,-0.07131206,0.10378599,0.22907753,0.0,0.0,-0.19511472433805466,-0.020363415777683257,0.12380266189575195,-0.14715522776047388,0.08384223081139167,-0.6666666666666667
2014-08-27,4,0.027744256,0.6711593,0.30109644,-0.6434151,0.41796693,0.97060376,0.0,0.75,-0.276461823284626,-0.03819691091775894,-0.36695327013731005,-0.3046117002765338,0.2203842713736249,1.0
2014-08-28,1,0.92363924,0.039364222,0.036996536,0.884275,0.0,0.039364222,1.0,0.0,-0.040121151506900786,0.010566407814621925,0.9243961706757545,0.056515954434871674,0.5616633255810929,-0.75
2014-08-29,8,0.31060937,0.64772373,0.041666918,-0.33711433,0.8176172,0.97445405,0.25,0.75,-0.07333488315343857,-0.009202522784471511,-0.26377945095300676,-0.032084802786509194,0.5760665596942182,7.0
2014-09-02,8,0.23663194,0.15417437,0.6091937,0.08245757,0.4254474,0.5667682,0.25,0.125,-0.017021779716014863,-0.026288276165723802,0.09947935193777084,0.2098727524280548,0.5744578580653774,0.0
2014-09-03,4,0.37479812,0.4178716,0.20733032,-0.043073505,0.75924087,0.9667177,0.5,0.5,-0.011374068260192872,-0.04758485332131386,-0.03169943690299988,-0.09924342234929402,0.5739292415335445,-0.5
2014-09-04,6,0.5049872,0.18835938,0.30665347,0.3166278,0.7238898,0.947886,0.5,0.16666666666666666,0.18063451051712037,-0.018454300612211226,0.13599328994750975,0.11867062250773112,0.45862620780111585,0.5
2014-09-05,4,0.23881795,0.48421544,0.27696663,-0.24539752,0.65930533,0.90525997,0.25,0.5,-0.04529999792575836,-0.022775138914585113,-0.2000975251197815,0.009385590751965841,0.26101403774862786,-0.33333333333333337
2014-09-08,3,0.019098738,0.3641517,0.6167496,-0.34505296,0.53515446,0.9723049,0.0,0.3333333333333333,-0.046887722611427304,-0.05573406368494034,-0.2981652349233627,-0.09127422670523326,0.2632474773159184,-0.25
2014-09-09,2,0.03472059,0.9329048,0.032374673,-0.8981842,0.059498705,0.9533016,0.0,1.0,-0.24301607310771942,-0.08017213493585587,-0.6551681071519851,-0.49621155361334485,0.4452080248097006,-0.33333333333333337
2014-09-10,5,0.09265564,0.3277859,0.5795585,-0.23513027,0.40509012,0.9659732,0.0,0.2,-0.2814274251461029,-0.08247849568724633,0.04629715979099275,-0.4927891343832016,0.43172582071275173,1.5
2014-09-11,3,0.5291588,0.41938975,0.05145143,0.109769024,0.9205581,0.9000726,0.6666666666666666,0.3333333333333333,-0.3227991804480553,-0.1055301371961832,0.4325682044029236,-0.34118180721998215,0.36481338904482286,-0.4
2014-09-12,4,0.26336047,0.499444,0.23719555,-0.23608354,0.89525443,0.9666572,0.25,0.5,-0.32093638330698016,-0.12235401198267937,0.08485284596681597,-0.12048159291346867,0.36533083343405737,0.33333333333333326
2014-09-15,6,0.12750669,0.26111835,0.611375,-0.13361166,0.46308327,0.9757071,0.0,0.16666666666666666,-0.2786481246352196,-0.11423122435808182,0.14503646045923235,-0.08664205918709438,0.37397657967045983,0.5
2014-09-16,6,0.115750425,0.23184212,0.65240747,-0.116091706,0.28829864,0.5710768,0.0,0.3333333333333333,-0.12222962975502014,-0.11046620644629002,0.006137923896312708,-0.16192896912495294,0.1411558234114237,0.0
2014-09-17,9,0.43293977,0.30581748,0.26124272,0.12712227,0.65704125,0.97040415,0.5555555555555556,0.2222222222222222,-0.049779123067855834,-0.13442383520305157,0.1769013911485672,-0.04086036731799444,0.16037791444824212,0.5
2014-09-18,1,0.012602282,0.96973217,0.017665567,-0.9571299,0.0,0.96973217,0.0,1.0,-0.26315890699625016,-0.17044635005295278,-0.6939709886908532,-0.3153664444883664,0.41020100383189884,-0.8888888888888888
2014-09-19,1,0.32526842,0.011916219,0.66281545,0.3133522,0.0,0.011916219,0.0,0.0,-0.15327176004648208,-0.13990732319653035,0.4666239574551582,-0.17221847673257193,0.48587948781440765,0.0
2014-09-22,6,0.023946688,0.79466915,0.1813842,-0.77072245,0.35906866,0.96506506,0.0,0.8333333333333334,-0.28069391697645185,-0.16989116184413433,-0.49002853184938433,-0.47150004903475445,0.5576720160713188,5.0
2014-09-23,1,0.44022572,0.011027998,0.5487463,0.42919773,0.0,0.011027998,0.0,0.0,-0.17163603007793427,-0.13847587816417217,0.6008337587118149,-0.009390840927759806,0.6444719654812076,-0.8333333333333334
2014-09-24,4,0.24974334,0.7057057,0.044550933,-0.45596236,0.9098566,0.9627268,0.25,0.75,-0.2882529556751251,-0.15770839303731918,-0.16770940423011782,-0.26582902669906616,0.6294767393638458,3.0
2014-09-25,1,0.013217599,0.93837816,0.048404325,-0.9251605,0.0,0.93837816,0.0,1.0,-0.2818590819835663,-0.17179566472768784,-0.6433014452457428,-0.31730838616689044,0.6210906430062965,-0.75
2014-09-26,2,0.41495943,0.4790932,0.10594739,-0.06413379,0.8183106,0.7704852,0.5,0.5,-0.3573562800884247,-0.21921610534191133,0.29322248697280884,-0.48175222675005597,0.5494640677533792,1.0
2014-09-29,5,0.49496514,0.0635201,0.44151482,0.43144503,0.47041887,0.15645278,0.6,0.0,-0.11692278385162354,-0.18078813701868057,0.5483678162097931,-0.1859497626622518,0.5852216754158044,1.5
2014-09-30,6,0.1188851,0.4940679,0.38704696,-0.37518278,0.620952,0.9653057,0.0,0.5,-0.2777988851070404,-0.20367015451192855,-0.09738389253616331,-0.0026238461335500083,0.5022406415170935,0.19999999999999996
2014-10-01,4,0.106221676,0.35992706,0.5338513,-0.25370535,0.4690782,0.9215822,0.0,0.25,-0.23734748363494873,-0.21420174688100815,-0.016357868909835815,-0.0658143659432729,0.49235133368355044,-0.33333333333333337
2014-10-02,5,0.024657125,0.76619613,0.20914677,-0.741539,0.40760192,0.97269756,0.0,0.8,-0.20062317848205566,-0.26711008697748184,-0.5409158229827881,-0.45680904388427734,0.4312824694698781,0.25
2014-10-03,5,0.51016676,0.41431174,0.07552148,0.09585506,0.80857706,0.8934209,0.6,0.4,-0.168625408411026,-0.25004745796322825,0.2644804656505585,-0.2997964322566986,0.44949109540107407,0.0
2014-10-06,6,0.1760754,0.39890385,0.42502078,-0.22282845,0.64847726,0.8468712,0.16666666666666666,0.5,-0.29948010444641116,-0.24393623247742652,0.07665165662765505,-0.2895041306813558,0.30224479218133926,0.19999999999999996
2014-10-07,8,0.20210348,0.39267915,0.40521735,-0.19057569,0.64202726,0.9556997,0.125,0.375,-0.26255868673324584,-0.20855580791831016,0.07198299765586852,-0.10584969321886699,0.3019606676087733,0.33333333333333326
2014-10-08,3,0.07387877,0.31814608,0.6079751,-0.2442673,0.36677903,0.6995922,0.0,0.3333333333333333,-0.26067107617855073,-0.2090126596391201,0.016403776407241832,-0.21922381222248077,0.3020593307090728,-0.625
2014-10-09,4,0.42711118,0.36069196,0.21219684,0.06641923,0.8035744,0.96059597,0.5,0.25,-0.099079430103302,-0.21118014939129354,0.16549865901470184,-0.12280791997909546,0.1659474034007485,0.33333333333333326
2014-10-10,3,0.344388,0.29905042,0.35656157,0.04533757,0.294866,0.52654815,0.0,0.6666666666666666,-0.1091829277575016,-0.19710909407585858,0.15452049672603607,-0.04417016729712486,0.15206953567600423,-0.25
2014-10-13,8,0.09930047,0.36302316,0.5376764,-0.2637227,0.476737,0.9493162,0.0,0.375,-0.11736177578568459,-0.20361464526504278,-0.14636091217398645,-0.05065529669324557,0.16057189993961624,1.6666666666666665
2014-10-14,3,0.35089174,0.39628243,0.25282577,-0.04539068,0.6986253,0.8653894,0.3333333333333333,0.3333333333333333,-0.08832477405667305,-0.20007959399372338,0.04293409362435341,-0.0879252664744854,0.15711235177469268,-0.625
2014-10-15,5,0.06336388,0.5643296,0.3723065,-0.5009657,0.4652413,0.90924007,0.0,0.6,-0.13966445699334146,-0.2314839931204915,-0.3613012574613094,-0.2700263609488805,0.240578897384402,0.6666666666666667
2014-10-16,6,0.037066802,0.5003495,0.46258366,-0.46328273,0.46697024,0.9702049,0.0,0.5,-0.24560484960675238,-0.2067916350439191,-0.21767788454890252,-0.3365463763475418,0.24374899653577037,0.19999999999999996
2014-10-17,8,0.33269176,0.25690734,0.4104009,0.07578441,0.5558419,0.7692068,0.375,0.25,-0.2395154818892479,-0.21867002453655005,0.31529988944530485,-0.2961546803514163,0.25303777136329375,0.33333333333333326
2014-10-20,7,0.17457676,0.38115114,0.4442721,-0.20657437,0.62742025,0.94521785,0.14285714285714285,0.2857142857142857,-0.22808581739664077,-0.19046262037009,0.021511451900005335,-0.19802423069874445,0.2529616557491461,-0.125
2014-10-21,3,0.32971254,0.08464938,0.5856381,0.24506317,0.45313048,0.11007115,0.3333333333333333,0.0,-0.1699950471520424,-0.1996693482622504,0.4150582179427147,0.03809107095003128,0.3277110621918378,-0.5714285714285714
2014-10-22,4,0.16401505,0.80068934,0.035295628,-0.6366742,0.5709444,0.9658352,0.25,0.75,-0.19713674932718278,-0.2087049415335059,-0.43953747600317,-0.19939514001210532,0.36542532543504685,0.33333333333333326
2014-10-23,8,0.4785308,0.36493817,0.15653107,0.11359262,0.9025514,0.9442002,0.5,0.375,-0.08176167905330659,-0.15676728431135417,0.19535429626703263,-0.09267281244198482,0.35117826444141137,1.0
2014-10-24,3,0.085758865,0.82767814,0.08656297,-0.7419193,0.37400413,0.9703081,0.0,1.0,-0.24530241638422012,-0.1906565586104989,-0.4966168627142906,-0.4216669624050458,0.43890890778217057,-0.625
2014-10-27,4,0.021202648,0.4910923,0.48770502,-0.46988964,0.49432093,0.9741785,0.0,0.5,-0.29796547144651414,-0.23572329226881267,-0.17192416936159133,-0.36607210089763004,0.44878633277110663,0.33333333333333326
2014-10-28,5,0.2847448,0.59074724,0.12450798,-0.30600244,0.87497216,0.97262627,0.2,0.6,-0.40817859321832656,-0.23226427529007196,0.10217615514993666,-0.5059371193250021,0.3354424374679026,0.25
2014-10-29,8,0.24238886,0.2291723,0.52843887,0.013216548,0.5365142,0.9719581,0.25,0.25,-0.27820043861865995,-0.21891818027943372,0.29141698628664015,-0.25422517706950504,0.3503492981726497,0.6000000000000001
2014-10-30,4,0.48713332,0.30900753,0.20385915,0.17812577,0.9156117,0.9641666,0.5,0.25,-0.2652938082814217,-0.17293494176119567,0.4434195771813393,-0.03822004050016403,0.3690790655322959,-0.5
2014-10-31,4,0.4405353,0.100493774,0.45897093,0.34004152,0.35875878,0.3263157,0.5,0.0,-0.048901648819446565,-0.16072561871260405,0.38894316703081133,0.17712794492642084,0.3354134057928378,0.0
2014-11-03,6,0.18941505,0.28394365,0.5266413,-0.094528586,0.55046076,0.9019659,0.16666666666666666,0.3333333333333333,0.02617056220769882,-0.15431062560528516,-0.12069914788007736,0.1412129004796346,0.24833463047248394,0.5
2014-11-04,5,0.33003056,0.5132203,0.15674913,-0.18318976,0.75902027,0.91531354,0.2,0.6,0.05073309689760208,-0.15394132938236,-0.23392286151647568,0.020774389306704204,0.21044988034694143,-0.16666666666666663
2014-11-05,7,0.44481823,0.40049484,0.15468693,0.04432336,0.74609524,0.95883524,0.42857142857142855,0.42857142857142855,0.05695445910096168,-0.13951179645955564,-0.012631100416183469,-0.0777983305354913,0.209521284772991,0.3999999999999999
2014-11-06,9,0.29757935,0.4514211,0.25099957,-0.15384178,0.76294065,0.97447205,0.3333333333333333,0.4444444444444444,-0.009439050406217574,-0.15052484683692455,-0.14440272822976113,-0.09756939485669136,0.2140728568116202,0.2857142857142858
2014-11-07,10,0.32981175,0.3888442,0.28134403,-0.059032418,0.7542938,0.9654186,0.3,0.4,-0.08925383761525155,-0.15574334617704153,0.030221419781446462,-0.056183612595001854,0.08913414758017245,0.11111111111111116
2014-11-10,5,0.06343033,0.46818024,0.46838945,-0.40474987,0.5137566,0.97122365,0.0,0.4,-0.15129809454083443,-0.16279470529407264,-0.25345177575945854,-0.20587468892335892,0.16736342166455584,-0.5
2014-11-11,1,0.09615889,0.016961625,0.88687944,0.079197265,0.0,0.016961625,0.0,0.0,-0.09882068857550622,-0.15656530801206828,0.1780179537832737,-0.1281950076421102,0.19389668718553013,-0.8
2014-11-12,1,0.038082153,0.89924,0.06267785,-0.8611579,0.0,0.89924,0.0,1.0,-0.27991693913936616,-0.1745749169960618,-0.5812409549951554,-0.39557016640901566,0.3698216590730339,0.0
2014-11-13,7,0.6106116,0.27559438,0.11379402,0.33501723,0.66691434,0.9156433,0.7142857142857143,0.2857142857142857,-0.18214513659477233,-0.13465991858392953,0.5171623706817627,-0.14898113161325455,0.46409177500782584,6.0
2014-11-14,1,0.21688026,0.21181905,0.5713006,0.005061209,0.0,0.21181905,0.0,0.0,-0.16932641118764877,-0.13819607850164176,0.1743876203894615,-0.17369315028190613,0.4691994720532343,-0.8571428571428572
2014-11-17,11,0.104632735,0.4249048,0.4704625,-0.32027206,0.45852003,0.96791893,0.09090909090909091,0.36363636363636365,-0.15243084877729415,-0.14388096313923598,-0.16784120947122574,0.006602128346761067,0.46003414585777935,10.0
2014-11-18,5,0.80139655,0.089240976,0.10936253,0.7121555,0.16664328,0.16797282,1.0,0.0,-0.025839197635650634,-0.12052634563297034,0.7379947185516358,0.13231489062309265,0.6042053537907612,-0.5454545454545454
2014-11-19,3,0.37874404,0.54362327,0.077632695,-0.1648792,0.9695705,0.96555024,0.3333333333333333,0.6666666666666666,0.11341654062271118,-0.09693659450858831,-0.2782957434654236,0.07566808660825093,0.4137844950380801,-0.4
2014-11-20,4,0.7900296,0.02536944,0.18460098,0.7646601,0.29276586,0.033724554,0.75,0.0,0.1993451178073883,-0.06438321936875582,0.5653150022029877,0.4373121460278829,0.5057082073193417,0.33333333333333326
2014-11-21,6,0.37872288,0.34761795,0.27365914,0.031104932,0.70075697,0.90664405,0.5,0.3333333333333333,0.20455386228859423,-0.02573200883343816,-0.1734489306807518,0.21029528292516866,0.5033353831727447,0.5
2014-11-24,8,0.31945267,0.09770512,0.58284223,0.22174758,0.47411326,0.5153346,0.25,0.125,0.3129577893763781,0.008849852066487075,-0.09121021218597891,0.3391708762695392,0.41215359750305547,0.33333333333333326
2014-11-25,1,0.92053026,0.059797622,0.019672101,0.8607326,0.0,0.059797622,1.0,0.0,0.3426732081919909,0.06718660471960902,0.5180594068020582,0.3711950412640969,0.4515987577141925,-0.875
2014-11-26,6,0.31352526,0.26693735,0.4195374,0.046587914,0.64842427,0.9671725,0.3333333333333333,0.16666666666666666,0.3849666316062212,0.06885517304763197,-0.33837871737778186,0.3763560354709625,0.3990235378113281,5.0
2014-11-28,7,0.06968279,0.58291537,0.3474018,-0.5132326,0.44660696,0.9678834,0.0,0.5714285714285714,0.12938808985054492,0.03428725516423583,-0.6426206786185503,0.131362646818161,0.49317133793044887,0.16666666666666674
2014-12-01,3,0.039611503,0.6235599,0.33682862,-0.58394843,0.48011294,0.96986705,0.0,0.6666666666666666,0.006377416849136353,-0.01191224241629243,-0.5903258502483368,-0.3501977026462555,0.5908475188386199,-0.5714285714285714
2014-12-02,7,0.39973918,0.35238928,0.24787156,0.0473499,0.5880704,0.6305715,0.42857142857142855,0.42857142857142855,-0.028502118587493897,-0.004818318132311106,0.07585201859474182,-0.34994370738665265,0.5800031660517806,1.3333333333333335
2014-12-03,3,0.037329286,0.37096393,0.5917068,-0.33363461,0.29931137,0.6350084,0.0,0.3333333333333333,-0.2673755645751953,-0.012340560648590326,-0.06625905036926272,-0.29007771611213684,0.3011143899979525,-0.5714285714285714
2014-12-04,4,0.24021167,0.7078749,0.051913485,-0.46766323,0.89857197,0.955738,0.25,0.75,-0.3702257931232452,-0.037939890008419755,-0.09743743538856509,-0.25131598114967346,0.25066448601473823,0.33333333333333326
2014-12-05,5,0.29461953,0.29295498,0.41242546,0.0016645252,0.54120076,0.8751441,0.4,0.2,-0.26724637032020837,-0.03016457481426187,0.26891089556738734,-0.2665444394030298,0.28113982103615803,0.25
2014-12-08,8,0.29127598,0.284393,0.424331,0.0068829507,0.59742194,0.92877173,0.375,0.25,-0.14908009350765497,-0.026868806389393284,0.15596304417122156,-0.1530385842003549,0.23515353435298533,0.6000000000000001
2014-12-09,1,0.3034201,0.6606321,0.035947807,-0.35721198,0.0,0.6606321,0.0,1.0,-0.22999246895778924,-0.02449191173654981,-0.12721950828563422,-0.11622150044422597,0.21976624800286082,-0.875
2014-12-10,5,0.35398123,0.31754988,0.32846886,0.036431313,0.7228931,0.9207506,0.4,0.2,-0.1559792834566906,-0.026630209368886427,0.19241059601772575,-0.10463257133960724,0.23771779163484374,4.0
2014-12-11,8,0.41761154,0.24371296,0.3386755,0.17389858,0.54645395,0.5319457,0.5,0.25,-0.027666922216303645,0.025122614222345872,0.20156549990642816,-0.04896069566408793,0.19709845590037284,0.6000000000000001
2014-12-12,2,0.21653576,0.33559945,0.44786477,-0.119063705,0.66575825,0.6075261,0.0,0.5,-0.051812568306922914,0.002418567257700488,-0.06725113689899445,0.030422061681747437,0.19998073799626626,-0.75
2014-12-15,8,0.20876956,0.2785034,0.5127271,-0.06973384,0.59987134,0.9542238,0.25,0.25,-0.06713592708110809,-0.0013211853627581149,-0.0025979161262512235,-0.004966323574384053,0.19727592592885926,3.0
2014-12-16,3,0.46304843,0.034635607,0.502316,0.42841282,0.43993232,0.044428818,0.3333333333333333,0.0,0.08998903334140777,0.03611305879312567,0.3384237915277481,0.0798717588186264,0.22003087768945262,-0.625
2014-12-17,5,0.07121655,0.675889,0.2528944,-0.60467243,0.4511246,0.95155144,0.0,0.8,-0.03823171555995941,-0.02972833884996362,-0.5664407163858414,-0.08199781676133473,0.384427388528318,0.6666666666666667
2014-12-18,6,0.3296903,0.5229136,0.14739613,-0.19322328,0.7616249,0.97144634,0.3333333333333333,0.6666666666666666,-0.11165608763694763,-0.03114554284256883,-0.08156719505786895,-0.12316096325715382,0.36851224562314805,0.19999999999999996
2014-12-19,5,0.3317381,0.42483473,0.24342719,-0.09309661,0.73648244,0.94017446,0.4,0.4,-0.10646266788244248,-0.0740333791647572,0.013366061449050906,-0.29699744035800296,0.36856472436928434,-0.16666666666666663
2014-12-22,5,0.19930741,0.44863233,0.35206023,-0.24932496,0.4838839,0.84942305,0.2,0.6,-0.14238089174032212,-0.0880548738699872,-0.10694407075643539,-0.17854828387498856,0.3728169318957217,0.0
2014-12-23,4,0.43753025,0.47847062,0.08399912,-0.040940404,0.9960118,0.97424877,0.5,0.5,-0.236251537501812,-0.10118927292642184,0.19531113356351854,-0.12778732428948084,0.22158298321329503,-0.19999999999999996
2014-12-24,2,0.47715762,0.4872168,0.035625607,-0.010059178,1.2039275,0.9084818,0.5,0.5,-0.11732888668775558,-0.14472886256990022,0.10726970881223678,-0.10010818143685658,0.1013806163746371,-0.5
2014-12-26,2,0.030818284,0.06623913,0.90294254,-0.035420854,0.08693634,0.11621314,0.0,0.0,-0.08576840087771416,-0.14882930096355268,0.05034754723310471,-0.028806811819473904,0.09628182943174787,0.0
2014-12-29,8,0.30351582,0.23389591,0.46258825,0.06961991,0.5522825,0.95433384,0.375,0.125,-0.05322509780526161,-0.11968667607870884,0.12284500673413276,0.008046625802914301,0.11819185046826448,3.0
2014-12-30,1,0.029649002,0.9544028,0.015948195,-0.9247538,0.0,0.9544028,0.0,1.0,-0.18831086233258248,-0.1367269436654169,-0.7364429228007794,-0.2968515766163667,0.41404816479565965,-0.875
2014-12-31,2,0.7904514,0.11332868,0.09621987,0.6771228,0.0669576,0.16050227,1.0,0.0,-0.04469822719693184,-0.10523830007878132,0.7218209989368916,-0.059337034821510315,0.5722494886861523,1.0
2015-01-02,7,0.54672426,0.3037343,0.14954141,0.24298999,0.6045881,0.7818658,0.5714285714285714,0.2857142857142857,0.0059116058051586155,-0.07640706997481175,0.23707838132977485,-0.001547008752822876,0.587076608746959,2.5
2015-01-05,7,0.09232619,0.46484628,0.44282752,-0.37252003,0.45103666,0.938327,0.14285714285714285,0.42857142857142855,-0.06150822937488556,-0.07164991002646275,-0.3110118001699448,0.18253090977668762,0.611843676461214,0.0
2015-01-06,2,0.3027258,0.4893666,0.20790766,-0.1866408,1.0608187,0.96184766,0.5,0.5,-0.11276037096977234,-0.08106517624109984,-0.0738804280757904,-0.1053902804851532,0.608839141101606,-0.7142857142857143
2015-01-07,3,0.06776767,0.8788759,0.053356495,-0.8111082,0.104296885,0.955668,0.0,1.0,-0.09003124833106994,-0.12196473237127066,-0.72107692360878,-0.456756333510081,0.571951414095734,0.5
2015-01-08,4,0.48717678,0.36023036,0.15259287,0.12694642,0.73480475,0.97293156,0.75,0.25,-0.20006651878356935,-0.09775681253522635,0.3270129382610321,-0.2902675171693166,0.4202763657532844,0.33333333333333326
2015-01-09,5,0.3873828,0.39983636,0.2127808,-0.012453554,0.8957415,0.954371,0.4,0.4,-0.2511552270501852,-0.1002010558731854,0.23870167285203936,-0.23220510222017765,0.3648212476423269,0.25
2015-01-12,8,0.16245332,0.48104936,0.35649732,-0.31859604,0.5935908,0.96197826,0.125,0.5,-0.24037042818963528,-0.12482578651979566,-0.07822560705244541,-0.06803438998758793,0.3611147528203172,0.6000000000000001
2015-01-13,3,0.34688637,0.6199772,0.033136487,-0.2730908,1.0420938,0.9622537,0.3333333333333333,0.6666666666666666,-0.2576604302972555,-0.132527141738683,-0.015430379286408447,-0.2013801330079635,0.35996683467512625,-0.625
2015-01-14,9,0.263988,0.325402,0.41061005,-0.061413996,0.5820142,0.9219959,0.2222222222222222,0.3333333333333333,-0.1077215950936079,-0.1321111493743956,0.04630759917199612,-0.2177002802491188,0.18581205358429512,2.0
2015-01-15,8,0.18253759,0.5588938,0.2585686,-0.37635624,0.683005,0.9686751,0.125,0.625,-0.2083821278065443,-0.17234960282221437,-0.16797411628067493,-0.23695368319749832,0.16166111187897322,-0.11111111111111116
2015-01-16,3,0.02591657,0.9183429,0.055740427,-0.8924263,0.03979034,0.9400157,0.0,1.0,-0.38437667936086656,-0.18673729682341217,-0.5080496326088906,-0.4433988506595294,0.30789417395553387,-0.625
2015-01-20,10,0.37716287,0.32535014,0.29748696,0.051812768,0.6412817,0.96903795,0.3,0.4,-0.3102949187159538,-0.1744854942895472,0.36210768669843674,-0.4056565960248311,0.3666363641112287,2.3333333333333335
2015-01-21,8,0.24089932,0.35394427,0.4051564,-0.113044955,0.680939,0.9268529,0.25,0.375,-0.27828574776649473,-0.17548291170969604,0.16524079293012617,-0.3178861662745476,0.37752131110197534,-0.19999999999999996
2015-01-22,8,0.29637077,0.4914481,0.21218112,-0.19507733,0.76844585,0.96615046,0.25,0.5,-0.30501841455698014,-0.1727705300785601,0.10994108468294145,-0.08543650557597478,0.3627693716522452,0.0
2015-01-23,5,0.41710877,0.47188768,0.111003555,-0.054778885,0.8489927,0.91782916,0.4,0.6,-0.2407029427587986,-0.17346245413646103,0.18592405766248704,-0.12096705660223961,0.3752515172039139,-0.375
2015-01-26,8,0.110605374,0.55730546,0.33208916,-0.4467001,0.51063704,0.9698379,0.0,0.625,-0.1515576995909214,-0.19529450004920362,-0.2951423965394497,-0.23218543703357378,0.1878908659166042,0.6000000000000001
2015-01-27,4,0.32015312,0.6189487,0.060898174,-0.2987956,0.8998424,0.9736626,0.25,0.75,-0.221679375320673,-0.20846323790028692,-0.07711623534560202,-0.26675819729765254,0.1556808581045144,-0.5
2015-01-28,4,0.36606553,0.2216209,0.41231355,0.14444464,0.5220289,0.38434073,0.25,0.25,-0.170181455463171,-0.2047220011241734,0.31462609991431234,-0.20035035411516824,0.22689827021833736,0.0
2015-01-29,10,0.28300792,0.48128596,0.23570614,-0.19827802,0.7702847,0.9679583,0.3,0.5,-0.1708215944468975,-0.16839821310713887,-0.02745643034577369,-0.11754299700260162,0.2269905636078887,1.5
2015-01-30,8,0.22483794,0.47364214,0.3015199,-0.2488042,0.7341694,0.9717934,0.25,0.5,-0.2096266567707062,-0.2146945615299046,-0.03917753994464873,-0.10087919235229492,0.21862357799507257,-0.19999999999999996
2015-02-02,9,0.31421292,0.45288026,0.23290682,-0.13866735,0.64690894,0.97096014,0.3333333333333333,0.4444444444444444,-0.14802010655403136,-0.23377742813900113,0.00935276150703429,-0.19524985551834106,0.1739537643627997,0.125
2015-02-03,8,0.43499967,0.44358397,0.121416315,-0.008584283,0.8571544,0.9753608,0.5,0.375,-0.08997784107923508,-0.2155806408263743,0.08139355778694153,-0.13201860835154852,0.1588271244192074,-0.11111111111111116
2015-02-04,5,0.6821901,0.16396278,0.15384707,0.5182274,0.6133019,0.60617673,0.8,0.2,-0.015221290290355682,-0.18033723095431925,0.533448688685894,0.12365859001874924,0.3114166116226674,-0.375
2015-02-05,10,0.43099174,0.4035545,0.16545373,0.027437288,0.82622606,0.97213024,0.5,0.4,0.029921772330999373,-0.13840995794162153,-0.002484484016895293,0.1790268011391163,0.2941265585364134,1.0
2015-02-06,6,0.36420107,0.41246143,0.22333746,-0.048260327,0.63303846,0.9289792,0.3333333333333333,0.5,0.0700305461883545,-0.14717029528692366,-0.11829087361693383,0.16580145309368768,0.2580806249731768,-0.4
2015-02-09,6,0.18472286,0.40682825,0.40844893,-0.22210537,0.644689,0.8848947,0.16666666666666666,0.3333333333333333,0.05334294140338898,-0.1576528860256076,-0.2754483103752136,-0.08097613602876663,0.27695606072953105,0.0
2015-02-10,6,0.3165359,0.20037235,0.48309174,0.11616353,0.635814,0.94543177,0.3333333333333333,0.16666666666666666,0.07829250395298004,-0.13591490779072046,0.03787102550268173,-0.05140072231491407,0.27559829465497554,0.0
2015-02-11,8,0.56727344,0.30945462,0.123271964,0.25781882,0.8148381,0.97156715,0.625,0.25,0.026210787892341613,-0.10936942640691996,0.2316080302000046,0.05062565952539444,0.17954257186535136,0.33333333333333326
2015-02-12,5,0.14852494,0.63767314,0.2138019,-0.4891482,0.6074199,0.9602207,0.2,0.6,-0.07710630968213081,-0.13075613658875226,-0.4120418898761272,-0.03838861733675003,0.2920459761899044,-0.375
2015-02-13,2,0.44057792,0.5348349,0.024587233,-0.094257,1.2185373,0.96889144,0.5,0.5,-0.08630564361810684,-0.11665117423981428,-0.007951353490352628,-0.10852879285812378,0.2916343281823799,-0.6
2015-02-17,16,0.16551448,0.35515028,0.47933525,-0.18963581,0.4868015,0.96966815,0.1875,0.3125,-0.07981173247098923,-0.08151164930313826,-0.10982408076524734,-0.25768033663431805,0.28819569290448516,7.0
2015-02-18,8,0.14692666,0.53698546,0.31608784,-0.39005882,0.60616416,0.9668472,0.125,0.5,-0.1810562014579773,-0.10360522847622633,-0.20900261402130127,-0.22465054194132486,0.29104199282939913,-0.5
2015-02-19,7,0.07516848,0.45493153,0.46989995,-0.37976307,0.43287235,0.9494225,0.0,0.42857142857142855,-0.30857257843017577,-0.11694113407284021,-0.07119048833847047,-0.3198192318280538,0.16154934998023693,-0.125
2015-02-20,9,0.26240408,0.32408366,0.4135123,-0.061679576,0.6159056,0.96927637,0.2222222222222222,0.3333333333333333,-0.22307885363698005,-0.11027124635875225,0.1613992780447006,-0.2771671526134014,0.1550769848539716,0.2857142857142858
2015-02-23,12,0.10490778,0.31849396,0.5765982,-0.2135862,0.47827145,0.97049767,0.08333333333333333,0.3333333333333333,-0.24694469347596168,-0.11821161191910505,0.033358497172594065,-0.2183429462214311,0.13860251909082924,0.33333333333333326
2015-02-24,10,0.37778965,0.24073227,0.38147813,0.13705738,0.64953583,0.9648461,0.4,0.2,-0.18160605505108834,-0.08902373816817999,0.31866343393921853,-0.04606946433583895,0.22342237391474426,-0.16666666666666663
2015-02-25,10,0.21575698,0.5530149,0.23122814,-0.33725792,0.7428839,0.97174466,0.2,0.6,-0.17104587629437445,-0.0909468537196517,-0.16621204540133477,-0.1379289130369822,0.21206578698941092,0.0
2015-02-26,9,0.107426606,0.5767742,0.31579915,-0.4693476,0.5235784,0.97304213,0.1111111111111111,0.6666666666666666,-0.18896278217434884,-0.12163646575063466,-0.28038481399416926,-0.22318271299203238,0.2364865561425174,-0.09999999999999998
2015-02-27,10,0.30942196,0.2065643,0.4840137,0.10285765,0.5577937,0.9388475,0.3,0.2,-0.15605533719062806,-0.10657968204468489,0.2589129865169525,-0.23458262284596762,0.2679772447574768,0.11111111111111116
2015-03-02,16,0.17816842,0.28077075,0.5410608,-0.10260233,0.47375247,0.9250999,0.125,0.3125,-0.13385856449604033,-0.0992695888504386,0.031256231665611256,-0.15636409322420755,0.26661355702863276,0.6000000000000001
2015-03-03,10,0.15367192,0.39616027,0.4501678,-0.24248834,0.60477006,0.97382396,0.1,0.4,-0.2097677081823349,-0.10446063857525587,-0.032720631361007696,-0.08074434101581573,0.22018466359910255,-0.375
2015-03-04,10,0.17856058,0.37559634,0.44584313,-0.19703576,0.57688314,0.9738995,0.2,0.4,-0.1817232757806778,-0.11388321239501238,-0.015312483906745916,-0.18070881068706512,0.20850721891827603,0.0
2015-03-05,10,0.2495923,0.36933842,0.38106927,-0.11974611,0.56174153,0.96044564,0.3,0.3,-0.11180297881364823,-0.1457818878814578,-0.00794313251972198,-0.18642340352137884,0.1328252808755822,0.0
2015-03-06,8,0.2744706,0.4412884,0.28424102,-0.16681784,0.6959351,0.973241,0.375,0.5,-0.1657380774617195,-0.1554946444928646,-0.001079766452312475,-0.1611999049782753,0.05694887342254684,-0.19999999999999996
2015-03-09,12,0.18260163,0.3889266,0.4284718,-0.20632493,0.60676473,0.9668,0.16666666666666666,0.4166666666666667,-0.18648259788751603,-0.1633978748694062,-0.019842337071895588,-0.1642962967356046,0.04604940783902123,0.5
2015-03-10,10,0.41272336,0.16885458,0.41842204,0.24386878,0.5004529,0.5721128,0.4,0.2,-0.08921117335557938,-0.14009916726499796,0.33307995647192,-0.043091331919034324,0.1892347812443872,-0.16666666666666663
2015-03-11,7,0.17270134,0.052738804,0.77455986,0.119962536,0.26457143,0.13326944,0.14285714285714285,0.0,-0.025811514258384703,-0.13990921694785358,0.14577405005693436,0.052502127985159554,0.1970210173090073,-0.30000000000000004
2015-03-12,9,0.1516884,0.31532133,0.5329903,-0.16363294,0.5090448,0.9671167,0.0,0.3333333333333333,-0.034588880836963654,-0.16098180506378412,-0.1290440633893013,0.06673279156287511,0.20313477807627028,0.2857142857142858
2015-03-13,6,0.24364728,0.32756275,0.42878994,-0.083915465,0.6282246,0.9457266,0.16666666666666666,0.3333333333333333,-0.01800840497016907,-0.14072016831487416,-0.06590705960988999,-0.04252862433592478,0.19276216209610708,-0.33333333333333337
2015-03-16,12,0.05176114,0.4400933,0.5081455,-0.38833216,0.43754366,0.97199553,0.0,0.5,-0.05440984964370728,-0.15542392637580632,-0.3339223086833954,-0.21196018904447556,0.24681989663793205,1.0
2015-03-17,10,0.20690355,0.3699761,0.42312032,-0.16307256,0.6067945,0.9541538,0.2,0.4,-0.135798117518425,-0.1540957635268569,-0.02727443873882293,-0.21177339305480322,0.18261806853004758,-0.16666666666666663
2015-03-18,10,0.16150485,0.46926004,0.36923513,-0.30775517,0.5796377,0.9713836,0.1,0.5,-0.22134165912866594,-0.14998058136552572,-0.0864135131239891,-0.2863866289456685,0.12345511851094994,0.0
2015-03-19,10,0.12962052,0.33997774,0.5304017,-0.21035723,0.50836015,0.96751374,0.0,0.4,-0.230686517059803,-0.14151028972119092,0.020329283177852625,-0.22706165413061777,0.11970630217302596,0.0
2015-03-20,9,0.40498194,0.23065554,0.3643625,0.17432639,0.6227618,0.95031947,0.4444444444444444,0.2222222222222222,-0.17903814613819122,-0.12970999144017697,0.3533645361661911,-0.11459533870220184,0.2159133721467818,-0.09999999999999998
2015-03-23,10,0.16680697,0.13655056,0.6966425,0.03025641,0.25950712,0.6115375,0.2,0.1,-0.09532043263316155,-0.11751786116510629,0.12557684183120726,-0.0019248115519682567,0.19457086541276458,0.11111111111111116
2015-03-24,5,0.24489316,0.02507475,0.7300321,0.21981843,0.38917026,0.04802076,0.2,0.0,-0.018742235749959944,-0.1133798087015748,0.23856066390872002,0.14146707579493523,0.23282629619854656,-0.5
2015-03-25,8,0.28658864,0.10016338,0.613248,0.18642527,0.4803047,0.6492688,0.25,0.125,0.08009385243058205,-0.0871956491842866,0.10633141621947288,0.14550003533562025,0.17787263882325555,0.6000000000000001
2015-03-26,9,0.20789593,0.51575446,0.27634966,-0.30785847,0.6463072,0.9430129,0.2222222222222222,0.5555555555555556,0.06059360578656196,-0.07912119273096323,-0.36845207288861276,0.03279507656892141,0.2184024800468879,0.125
2015-03-27,8,0.3110319,0.21451037,0.47445774,0.09652152,0.61015356,0.94875747,0.375,0.25,0.04503263160586357,-0.07943799924105406,0.05148888751864433,-0.008303893109162649,0.2109167622077325,-0.11111111111111116
2015-03-30,14,0.19458795,0.29262367,0.51278836,-0.098035716,0.5487642,0.90545017,0.21428571428571427,0.2857142857142857,0.01937420666217804,-0.0792096683755517,-0.11740992218255997,-0.10312422116597493,0.22073851253723806,0.75
2015-03-31,10,0.2988262,0.36909205,0.33208174,-0.07026586,0.7158287,0.9510844,0.3,0.4,-0.038642650842666625,-0.07059854436665773,-0.03162320852279663,-0.023926685253779095,0.19100369132623546,-0.2857142857142857
2015-04-01,10,0.23386867,0.43286046,0.33327085,-0.1989918,0.6160064,0.9701554,0.2,0.4,-0.11572606563568115,-0.07069634664803744,-0.08326573967933655,-0.12243112673362096,0.15106013634927595,0.0
2015-04-02,6,0.18533128,0.49616888,0.3184998,-0.3108376,0.7341301,0.97340447,0.16666666666666666,0.5,-0.11632189154624939,-0.08025092091411352,-0.19451570510864258,-0.19336508711179098,0.15201030719682718,-0.4
2015-04-06,18,0.22113109,0.45905167,0.31981725,-0.23792058,0.63407665,0.9556819,0.2777777777777778,0.5,-0.1832103118300438,-0.08380605783313513,-0.05471027046442031,-0.24924999475479126,0.09942604570949552,2.0
2015-04-07,10,0.15095535,0.22514622,0.6238984,-0.07419088,0.39506412,0.9245545,0.1,0.2,-0.1784413442015648,-0.0771993549540639,0.10425046682357789,-0.20764968544244766,0.10495113652580404,-0.4444444444444444
2015-04-08,7,0.31807774,0.15392669,0.52799565,0.16415107,0.3630104,0.5277322,0.14285714285714285,0.14285714285714285,-0.13155795782804489,-0.08118524048477412,0.29570903033018114,-0.0493201290567716,0.1862366324775719,-0.30000000000000004
2015-04-09,9,0.29966247,0.3865731,0.31376442,-0.08691063,0.6544722,0.9427135,0.2222222222222222,0.4444444444444444,-0.10914172232151031,-0.09152889866381883,0.022231094539165497,0.0010165224472681682,0.18280450987888405,0.2857142857142858
2015-04-10,6,0.22801147,0.2771478,0.49484074,-0.04913634,0.61920536,0.9361467,0.16666666666666666,0.3333333333333333,-0.05680147111415863,-0.08580406848341227,0.007665130496025088,0.009368034700552622,0.1439547376402157,-0.33333333333333337
2015-04-13,14,0.25842205,0.19237994,0.54919803,0.06604211,0.46870813,0.938461,0.14285714285714285,0.07142857142857142,0.003991067409515381,-0.07830618973821402,0.062051042914390564,-0.023334952692190807,0.10805046890374652,1.3333333333333335
2015-04-14,9,0.38687578,0.3517183,0.2614059,0.03515745,0.75930005,0.972706,0.4444444444444444,0.3333333333333333,0.025860732793807982,-0.057131709344685075,0.009296716749668123,0.017354406416416168,0.09895343713805166,-0.3571428571428571
2015-04-15,10,0.3646408,0.30383846,0.3315207,0.06080234,0.64664745,0.9389998,0.3,0.4,0.005190986394882202,-0.04593796450644731,0.05561135411262512,0.054000633458296456,0.06915134976580546,0.11111111111111116
2015-04-16,10,0.2712586,0.35498133,0.37376007,-0.083722755,0.5663607,0.95303506,0.3,0.3,0.005828560888767242,-0.034736343659460545,-0.08955131620168685,0.004079011579354604,0.06809653133968296,0.0
2015-04-17,6,0.26868698,0.51021546,0.22109759,-0.24152847,0.7838604,0.9704344,0.3333333333333333,0.5,-0.032649864256381986,-0.03629490528255701,-0.2088786020874977,-0.08814962704976399,0.13163392689333603,-0.4
2015-04-20,6,0.24306566,0.23059027,0.52634406,0.012475405,0.3190492,0.53996927,0.3333333333333333,0.16666666666666666,-0.04336320534348488,-0.04438745453953743,0.055838610231876376,-0.10425860558946927,0.12352354888849086,0.0
2015-04-21,8,0.32482624,0.47158092,0.20359282,-0.14675468,0.81851614,0.96497357,0.375,0.5,-0.07974563166499138,-0.053238009102642536,-0.06700905039906502,-0.1252692478398482,0.12138592176341285,0.33333333333333326
2015-04-22,6,0.34076723,0.34189156,0.31734118,-0.0011243423,0.80075634,0.9708854,0.3333333333333333,0.3333333333333333,-0.09213096823077649,-0.06428514762665145,0.09100662590935826,-0.04513453983236104,0.10559209233699635,-0.25
2015-04-23,10,0.45639688,0.44805783,0.09554534,0.008339012,0.8826881,0.97005904,0.5,0.4,-0.07371861475985497,-0.0731894604570698,0.08205762680154294,-0.04651333744792888,0.11502956679285294,0.6666666666666667
2015-04-24,4,0.23354805,0.49452788,0.27192408,-0.26097983,0.72673064,0.96981746,0.25,0.25,-0.07760888773482293,-0.07084552866290324,-0.18337094348389654,-0.08458838716614991,0.12222740151875534,-0.6
2015-04-27,14,0.124365464,0.44165352,0.433981,-0.31728807,0.56054455,0.96305823,0.14285714285714285,0.42857142857142855,-0.14356158289592713,-0.09153600816498511,-0.17372648802120239,-0.1899762966980537,0.1477669548702899,2.5
2015-04-28,9,0.3308601,0.43303838,0.2361015,-0.10217829,0.7926568,0.97504336,0.3333333333333333,0.3333333333333333,-0.134646304580383,-0.0917431369132828,0.03246801409404726,-0.22681539754072824,0.14886677087054667,-0.3571428571428571
2015-04-29,9,0.29007104,0.4706949,0.23923405,-0.18062386,0.70956844,0.9764483,0.2222222222222222,0.4444444444444444,-0.17054620794951916,-0.09726103690336459,-0.010077651217579836,-0.20003007352352142,0.12892543163435485,0.0
2015-04-30,10,0.17828636,0.55457604,0.2671376,-0.37628973,0.6739543,0.97512305,0.1,0.6,-0.24747195541858674,-0.10612593290279619,-0.12881776988506316,-0.21969729165236154,0.10866196157348708,0.11111111111111116
2015-05-01,5,0.16143575,0.39856943,0.4399948,-0.2371337,0.5643317,0.9674046,0.2,0.4,-0.24270272850990296,-0.10244073790381662,0.0055690318346023615,-0.26468242704868317,0.10844396805570918,-0.5
2015-05-04,10,0.24207246,0.36092263,0.39700493,-0.118850134,0.5795369,0.95302165,0.2,0.4,-0.20301514118909836,-0.09648721550474874,0.08416500687599182,-0.24409118543068567,0.11061345496955984,1.0
2015-05-05,10,0.46450716,0.27305356,0.26243928,0.1914536,0.70299804,0.9314855,0.5,0.2,-0.1442887619137764,-0.0832049913413357,0.3357423678040504,-0.054843408366044365,0.2104370033584785,0.0
2015-05-06,10,0.34035522,0.4077378,0.25190702,-0.06738253,0.81329674,0.97165334,0.4,0.4,-0.12164049595594406,-0.09478167143533937,0.054257966578006744,0.0017403140664100647,0.21163916171514063,0.0
2015-05-07,10,0.31867558,0.3136107,0.36771372,0.005064891,0.7120559,0.96179503,0.3,0.3,-0.045369572658091786,-0.09018289548694156,0.05043446384370327,0.04304532256598274,0.15912753965430254,0.0
2015-05-08,9,0.34066787,0.33875814,0.32057396,0.0019097243,0.666377,0.8920177,0.3333333333333333,0.3333333333333333,0.0024391115410253407,-0.08763059224002064,-0.0005293872207403185,-0.02013597129068027,0.11760080435965783,-0.09999999999999998
2015-05-11,9,0.08899718,0.24600413,0.6649987,-0.15700696,0.37175074,0.89863694,0.0,0.2222222222222222,-0.005192254413850605,-0.09878304596059025,-0.15181470967363567,-0.05001078286052992,0.128199627423344,0.0
2015-05-12,7,0.34134743,0.15784621,0.5008064,0.1835012,0.4447829,0.6457989,0.42857142857142855,0.14285714285714285,-0.006782735814340413,-0.0913658584933728,0.19028393470216542,0.009467986373541256,0.12516344781392116,-0.2222222222222222
2015-05-13,10,0.27860984,0.41550034,0.30588982,-0.1368905,0.6770575,0.97222805,0.2,0.5,-0.020684330095537006,-0.10125050055794418,-0.11620617068838328,-0.03679875532786051,0.1368877081610202,0.4285714285714286
2015-05-14,7,0.28513402,0.41891223,0.29595378,-0.13377823,0.66037464,0.9712086,0.2857142857142857,0.42857142857142855,-0.048452954203821716,-0.1037532742600888,-0.08532527515199036,-0.029055843750635784,0.14424346069343852,-0.30000000000000004
2015-05-15,8,0.19880629,0.18679342,0.6144003,0.012012869,0.44711068,0.6959953,0.125,0.25,-0.04643232524394989,-0.09107620748691261,0.05844519436359406,-0.0862186203400294,0.14519297977723725,0.1428571428571428
2015-05-18,10,0.2672973,0.23737462,0.4953281,0.029922688,0.62605894,0.9696951,0.2,0.2,-0.009046394750475884,-0.090203843312338,0.03896908313035965,-0.030614223952094715,0.13317169731419648,0.25
2015-05-19,8,0.17387009,0.48513165,0.34099823,-0.31126156,0.6537377,0.9692243,0.125,0.5,-0.10799894742667675,-0.09842918743379414,-0.20326261706650256,-0.08977533566455047,0.13805813853518842,-0.19999999999999996
2015-05-20,10,0.33707422,0.2526132,0.4103126,0.08446103,0.63330585,0.9667727,0.4,0.2,-0.06372864060103893,-0.09414991865050978,0.14818967394530774,-0.06562594758967559,0.16019286850074102,0.25
2015-05-21,8,0.17389515,0.5508636,0.27524123,-0.37696847,0.6636872,0.97497934,0.125,0.625,-0.11236668936908245,-0.11341529291239567,-0.2646017838269472,-0.20125633478164673,0.21449415456696883,-0.19999999999999996
2015-05-22,10,0.37412882,0.20234685,0.42352432,0.17178196,0.64291984,0.9114753,0.4,0.2,-0.08041287176311016,-0.09177720349398441,0.2521948289126158,-0.04024182756741842,0.24708091580700395,0.25
2015-05-26,13,0.18740305,0.33170238,0.48089457,-0.14429933,0.51649725,0.9653815,0.15384615384615385,0.3076923076923077,-0.1152572751045227,-0.08312776636448689,-0.029042053222656253,-0.116495281457901,0.23980867222812247,0.30000000000000004
2015-05-27,8,0.19083245,0.37158662,0.43758094,-0.18075414,0.6397475,0.9704362,0.125,0.375,-0.0891557902097702,-0.08705655884114094,-0.09159834980964661,-0.05109050373236338,0.21937326488751596,-0.3846153846153846
2015-05-28,9,0.2119761,0.281741,0.5062829,-0.069764905,0.56966543,0.923871,0.1111111111111111,0.3333333333333333,-0.12000097781419754,-0.08151361111667939,0.05023607313632965,-0.13160612434148788,0.19873008983203097,0.125
2015-05-29,8,0.11722162,0.26656058,0.6162178,-0.14933896,0.48237914,0.974595,0.0,0.25,-0.07447507530450821,-0.07016607288387604,-0.0748638853430748,-0.13328600178162256,0.1435618150622754,-0.11111111111111116
2015-06-01,6,0.26373944,0.16473937,0.5715212,0.09900006,0.52301323,0.7587253,0.16666666666666666,0.16666666666666666,-0.08903145492076874,-0.053359385096700865,0.18803151398897172,-0.040034602085749306,0.11272935980791493,-0.25
2015-06-02,10,0.11118177,0.48410183,0.4047164,-0.37292004,0.5143286,0.9746907,0.1,0.5,-0.13475559651851654,-0.06606288019684144,-0.23816443979740143,-0.141086312631766,0.1716947417964789,0.6666666666666667
2015-06-03,10,0.25958985,0.27542478,0.46498537,-0.01583494,0.5904144,0.9742387,0.3,0.3,-0.10177175663411617,-0.07642730752122588,0.0859368160367012,-0.09658497261504333,0.1764248603337553,0.0
2015-06-04,7,0.16426282,0.5556566,0.28008053,-0.39139384,0.67479193,0.97291833,0.14285714285714285,0.5714285714285714,-0.16609754376113414,-0.0926278730679769,-0.22529629655182362,-0.2600496057420969,0.21602685232970045,-0.30000000000000004
2015-06-05,9,0.17078713,0.41291788,0.416295,-0.24213073,0.5406625,0.96078193,0.1111111111111111,0.4444444444444444,-0.18465589694678783,-0.10498765395605006,-0.05747482962906361,-0.21645316916207472,0.21820204864188256,0.2857142857142858
2015-06-08,11,0.19301042,0.36205232,0.44493726,-0.16904189,0.5541574,0.9574669,0.18181818181818182,0.36363636363636365,-0.23826428614556788,-0.11353523451834917,0.06922239921987056,-0.2675221512715022,0.15480821610122864,0.22222222222222232
2015-06-09,8,0.35042757,0.3467359,0.30283654,0.0036916658,0.7324158,0.8609556,0.375,0.375,-0.1629419457167387,-0.10550030302256345,0.1666336115449667,-0.1358269825577736,0.16424491764815946,-0.2727272727272727
2015-06-10,4,0.07156535,0.5112885,0.41714615,-0.43972316,0.48385066,0.9667199,0.0,0.5,-0.2477195903658867,-0.13666152115911245,-0.1920035734772682,-0.2016911283135414,0.17814088419287888,-0.5
2015-06-11,8,0.23222347,0.24570478,0.5220717,-0.0134813115,0.5062644,0.7289459,0.25,0.25,-0.17213708460330962,-0.13049106169492006,0.15865577310323714,-0.14983760317166647,0.1820703186858708,1.0
2015-06-12,3,0.2841244,0.51709586,0.1987797,-0.23297143,0.75523716,0.8558843,0.3333333333333333,0.6666666666666666,-0.17030522525310515,-0.13545072171837091,-0.06266620457172395,-0.2287253017226855,0.18123419440330116,-0.625
2015-06-15,12,0.11140857,0.3683895,0.5202019,-0.2569809,0.4475365,0.96994364,0.0,0.4166666666666667,-0.18789302706718444,-0.14890040997415782,-0.06908786892890931,-0.1678112124403318,0.1853022901206398,3.0
2015-06-16,7,0.31905514,0.20872594,0.47221893,0.1103292,0.6290055,0.85090125,0.2857142857142857,0.14285714285714285,-0.16656551957130433,-0.14488008422777057,0.27689472287893296,-0.12654104083776474,0.21639388054759054,-0.41666666666666663
2015-06-17,10,0.36929846,0.28758126,0.34312028,0.08171718,0.67437667,0.95771736,0.4,0.3,-0.062277451157569885,-0.12523114709183575,0.14399462938308716,-0.02164483815431595,0.17317219716770482,0.4285714285714286
2015-06-18,6,0.4851406,0.3322171,0.1826423,0.1529235,0.8906201,0.94644,0.5,0.3333333333333333,-0.028996489942073822,-0.12180802403017879,0.18191998451948166,0.11498995870351791,0.19896401143811146,-0.4
2015-06-19,4,0.11194667,0.22600362,0.66204965,-0.11405696,0.41271067,0.84721833,0.0,0.25,-0.005213595926761627,-0.10866244835779071,-0.1088433638215065,0.040194571018218994,0.17403166994468192,-0.33333333333333337
2015-06-22,9,0.22996919,0.046483863,0.723547,0.1834853,0.3297582,0.19628318,0.1111111111111111,0.0,0.08287964314222336,-0.10807728124782442,0.10060565620660782,0.07411727805932362,0.11679736129365265,1.25
2015-06-23,7,0.35300255,0.11044802,0.53654945,0.24255452,0.37132102,0.32936215,0.42857142857142855,0.0,0.10932470560073852,-0.08873458905145526,0.13322980999946593,0.1039942850669225,0.1376702349090614,-0.2222222222222222
2015-06-24,8,0.23464924,0.5028579,0.26249284,-0.26820868,0.6642214,0.9459182,0.25,0.5,0.0393395334482193,-0.09310731617733836,-0.30754821598529813,0.05261037747065226,0.2197111946992131,0.1428571428571428
2015-06-25,5,0.39458722,0.24108219,0.3643306,0.15350504,0.6255411,0.87859905,0.4,0.2,0.039455842971801755,-0.08194381883367896,0.11404919922351837,0.04261695841948191,0.21978649630196978,-0.375
2015-06-26,4,0.18287419,0.502515,0.31461078,-0.31964087,0.7537499,0.9641378,0.25,0.5,-0.0016609400510787964,-0.09045891454443336,-0.3179799348115921,-0.14478150506814322,0.26933053055518497,-0.19999999999999996
2015-06-29,13,0.16148752,0.5176633,0.32084915,-0.35617575,0.68914044,0.9672335,0.15384615384615385,0.5384615384615384,-0.10959315001964569,-0.11321770502254366,-0.2465826004743576,-0.1741038610537847,0.28430201805145067,2.25
2015-06-30,5,0.28247473,0.2035546,0.5139707,0.078920126,0.6452813,0.9488359,0.2,0.2,-0.14232002794742585,-0.09062569690868258,0.22124015390872956,-0.19896549979845682,0.2395227463089728,-0.6153846153846154
2015-07-01,10,0.34445614,0.30634427,0.34919962,0.038111873,0.6750635,0.8840404,0.3,0.3,-0.08105591684579849,-0.08792835623025894,0.11916778981685638,-0.07971458385388057,0.23844592938802292,1.0
2015-07-02,10,0.14838982,0.36802268,0.4835875,-0.21963286,0.46625164,0.970605,0.1,0.3,-0.15568349808454512,-0.07934030741453171,-0.06394936591386796,-0.034200288355350494,0.20233894356684815,0.0
2015-07-06,14,0.16725883,0.2994621,0.53327906,-0.1322033,0.40598297,0.9571526,0.21428571428571427,0.21428571428571427,-0.11819598227739334,-0.07384393587708474,-0.01400731354951859,-0.1045747622847557,0.18055949270678795,0.3999999999999999
2015-07-07,10,0.29552355,0.37621838,0.3282581,-0.08069481,0.6603565,0.9733549,0.3,0.4,-0.06309979408979416,-0.06942658200860023,-0.017595015466213226,-0.14417698979377747,0.12247544625062766,-0.2857142857142857
2015-07-08,10,0.16487257,0.41031432,0.4248131,-0.24544175,0.58781385,0.96799445,0.1,0.5,-0.12797216922044755,-0.0818832527846098,-0.11746958047151565,-0.1527799516916275,0.11405891629241836,0.0
2015-07-09,8,0.1434083,0.45775434,0.39883736,-0.31434605,0.5294636,0.9692174,0.125,0.375,-0.19846375286579132,-0.0756143968552351,-0.11588229238986969,-0.21349420150121054,0.09266032230245645,-0.19999999999999996
2015-07-10,9,0.35954514,0.35409105,0.2863638,0.0054541165,0.7410215,0.95058227,0.3333333333333333,0.3333333333333333,-0.15344635676592588,-0.07466762545518577,0.15890047326683998,-0.18477789281557003,0.12781361208771055,0.125
2015-07-13,14,0.16970527,0.19419481,0.63609993,-0.024489548,0.32512683,0.68715006,0.14285714285714285,0.14285714285714285,-0.13190360721200706,-0.0642435313668102,0.10741405915468932,-0.11112715893735488,0.14071550938166566,0.5555555555555556
2015-07-14,8,0.24668553,0.4141397,0.3391748,-0.16745412,0.6930187,0.97445935,0.25,0.5,-0.14925547000020742,-0.059767192741855976,-0.01819865349680186,-0.0621631850178043,0.1381480011272521,-0.4285714285714286
2015-07-15,10,0.27929598,0.3709026,0.3498014,-0.091606595,0.668131,0.9677635,0.3,0.4,-0.11848843898624181,-0.06986398263834417,0.02688184436410665,-0.09451675539215405,0.1281386185993173,0.25
2015-07-16,10,0.33655483,0.29937533,0.36406988,0.03717948,0.67831117,0.97297186,0.3,0.3,-0.048183333687484266,-0.07209086748771369,0.08536281492561101,-0.07396041229367256,0.08190891679819094,0.0
2015-07-17,10,0.24125712,0.4526052,0.3061377,-0.21134806,0.69559705,0.9633959,0.2,0.5,-0.09154376834630966,-0.09030444505624473,-0.11980428844690323,-0.0885917233924071,0.10146600038763809,0.0
2015-07-20,14,0.3021366,0.18128368,0.51657975,0.12085293,0.48271275,0.9383728,0.21428571428571427,0.14285714285714285,-0.06247527226805687,-0.07855895045213401,0.1833282046020031,-0.017771881073713303,0.13925929019161815,0.3999999999999999
2015-07-21,8,0.2477625,0.39480525,0.35743225,-0.14704275,0.74635136,0.9639016,0.25,0.375,-0.058392997831106186,-0.09508535298518836,-0.08864975348114967,-0.07917929192384084,0.13566537334775305,-0.4285714285714286
2015-07-22,8,0.25095794,0.29568204,0.45336005,-0.044724114,0.6377541,0.960968,0.25,0.25,-0.049016501754522324,-0.10944928447715938,0.004292387515306473,-0.02363797773917516,0.13441026381551144,0.0
2015-07-23,10,0.3183946,0.4825143,0.19909112,-0.16411969,0.7089892,0.9738696,0.3,0.5,-0.08927633613348007,-0.10424483488313854,-0.07484335452318192,-0.1186288520693779,0.13226791123141748,0.25
2015-07-24,9,0.26166603,0.28005144,0.45828253,-0.018385405,0.45507368,0.9700117,0.2222222222222222,0.2222222222222222,-0.05068380571901798,-0.11283935722894967,0.03229840099811554,-0.0757430698722601,0.11473480674891949,-0.09999999999999998
2015-07-27,14,0.32524177,0.2604924,0.4142658,0.06474937,0.6053494,0.93931544,0.35714285714285715,0.21428571428571427,-0.06190451867878437,-0.0936198451090604,0.12665388621389867,-0.03925190928081671,0.09477176070418802,0.5555555555555556
2015-07-28,8,0.20151563,0.3419683,0.4565161,-0.14045267,0.5838542,0.96838456,0.125,0.25,-0.06058650203049183,-0.0828336909878999,-0.07986616604030132,-0.03136290175219377,0.09332651523739093,-0.4285714285714286
2015-07-29,7,0.18820317,0.53160006,0.28019682,-0.34339687,0.7130154,0.97378224,0.14285714285714285,0.5714285714285714,-0.12032105363905429,-0.1039495409000665,-0.2230758186429739,-0.13970005760590234,0.1555059168339022,-0.125
2015-07-30,10,0.38301855,0.39393923,0.22304225,-0.010920694,0.85453624,0.97556317,0.4,0.4,-0.0896812543272972,-0.10640116925351321,0.07876056022942066,-0.16492341148356596,0.15975331939839707,0.4285714285714286
2015-07-31,10,0.30178514,0.55662733,0.14158757,-0.2548422,0.8367631,0.9707305,0.3,0.6,-0.13697261177003384,-0.10816163565032184,-0.11786958016455173,-0.20305325277149677,0.16814961115890412,0.0
2015-08-03,15,0.18541059,0.5563189,0.25827053,-0.3709083,0.70476717,0.97204036,0.2,0.6,-0.22410414330661296,-0.12009688536636531,-0.1468041468411684,-0.2122237253934145,0.14930823208658278,0.5
2015-08-04,5,0.23416197,0.5474265,0.21841154,-0.31326455,0.62814707,0.9574022,0.2,0.6,-0.2586665194481611,-0.13172537232749165,-0.05459802933037283,-0.313005010286967,0.1450439692363341,-0.6666666666666667
2015-08-05,10,0.40540797,0.39277822,0.20181382,0.0126297055,0.84741336,0.97518116,0.4,0.4,-0.18746120389550924,-0.11882179956883192,0.20009090937674046,-0.22384771114836136,0.1769339115334782,1.0
2015-08-06,10,0.21749704,0.22102913,0.56147385,-0.0035321042,0.5008438,0.9668852,0.1,0.2,-0.1859834859147668,-0.10328110251575709,0.18245138172060252,-0.10138898249715567,0.1787979866129181,0.0
2015-08-07,6,0.20413493,0.3595885,0.43627656,-0.1554536,0.6926684,0.974329,0.16666666666666666,0.3333333333333333,-0.16610576901584864,-0.11132648871280253,0.01065216157585383,-0.04878533538430929,0.17470676432720472,-0.4
2015-08-10,7,0.20323877,0.115723476,0.6810378,0.0875153,0.42882612,0.5933222,0.14285714285714285,0.14285714285714285,-0.07442105058580636,-0.10572624620981515,0.16193635258823633,-0.023823469877243042,0.16003042760769604,0.16666666666666674
2015-08-11,9,0.11732915,0.6112334,0.2714375,-0.49390423,0.5476675,0.9619543,0.1111111111111111,0.6666666666666666,-0.11054898742586375,-0.12204875168390572,-0.3833552455529571,-0.18728084613879523,0.23175026193148293,0.2857142857142858
2015-08-12,10,0.27533537,0.5589124,0.16575225,-0.28357702,0.7307601,0.9558433,0.2,0.6,-0.1697903335094452,-0.13164727319963276,-0.11378669142723083,-0.22998865197102228,0.23024484878646745,0.11111111111111116
2015-08-13,7,0.43429548,0.18531725,0.38038728,0.24897824,0.5570367,0.76104337,0.42857142857142855,0.14285714285714285,-0.11928826421499253,-0.12105733514763414,0.36826650649309156,-0.1761676718791326,0.2945436248706549,-0.30000000000000004
2015-08-14,10,0.2282062,0.52230966,0.2494841,-0.29410347,0.6372848,0.9707046,0.3,0.5,-0.14701823741197587,-0.12519510597921907,-0.14708523601293563,-0.10956741869449615,0.30513581241013754,0.4285714285714286
2015-08-17,6,0.0297594,0.47473326,0.49550727,-0.44497392,0.4834406,0.96490866,0.0,0.5,-0.2535160809755325,-0.15348644838668407,-0.19145783483982087,-0.16336638232072195,0.29559013338781626,-0.4
2015-08-18,9,0.25789833,0.4083594,0.33374226,-0.15046106,0.6966083,0.9662361,0.2222222222222222,0.4444444444444444,-0.18482744693756104,-0.15365736396051943,0.03436638414859772,-0.29651281734307605,0.2639779056780956,0.5
2015-08-19,7,0.31878662,0.37938103,0.3018323,-0.060594432,0.7376831,0.9174178,0.2857142857142857,0.42857142857142855,-0.14023092836141587,-0.15445087985135614,0.07963649630546571,-0.21867647022008896,0.2619520252979461,-0.2222222222222222
2015-08-20,4,0.26316503,0.31219676,0.4246382,-0.049031734,0.7693094,0.9620212,0.25,0.25,-0.19983292371034622,-0.14869648204185068,0.1508011892437935,-0.08669574310382207,0.16848366348112753,-0.4285714285714286
2015-08-21,5,0.08310844,0.54623604,0.3706556,-0.4631276,0.4834636,0.9640609,0.0,0.6,-0.2336377516388893,-0.1709335924591869,-0.22948986142873765,-0.19091792653004327,0.20510381784839835,0.25
2015-08-24,9,0.10465417,0.18653189,0.7088139,-0.081877716,0.34308535,0.9333646,0.0,0.1111111111111111,-0.16101851165294648,-0.17826494663022457,0.07914079576730729,-0.19801235447327295,0.17340030887103583,0.8
2015-08-25,10,0.15272324,0.6103592,0.23691757,-0.45763597,0.5282326,0.9276387,0.1,0.8,-0.22245349287986754,-0.19412411167286336,-0.23518247604370118,-0.334213765958945,0.2175257686491968,0.11111111111111116
2015-08-26,10,0.14788108,0.39970243,0.4524165,-0.25182134,0.5122075,0.9382769,0.2,0.3,-0.26069887429475785,-0.18954533501528203,0.008877535164356243,-0.26377834131320316,0.19787648226257065,0.0
2015-08-27,3,0.38103798,0.44532213,0.1736399,-0.06428412,0.8629927,0.7456865,0.3333333333333333,0.6666666666666666,-0.26374935209751127,-0.19221350648440422,0.1994652286171913,-0.2579138105114301,0.19387473927175058,-0.7
2015-08-28,4,0.5352217,0.31371105,0.15106727,0.22151062,0.8740254,0.96574825,0.5,0.25,-0.12682170569896697,-0.1683958659414202,0.3483323246240616,-0.031531614561875664,0.25116195218370857,0.33333333333333326
2015-08-31,9,0.16501144,0.35964414,0.47534445,-0.19463271,0.5691323,0.970009,0.1111111111111111,0.3333333333333333,-0.14937270432710648,-0.15958208688534797,-0.045260004699230194,-0.012468737860520681,0.2511796852629698,1.25
2015-09-01,4,0.08446978,0.6196962,0.295834,-0.53522646,0.46904725,0.9615207,0.0,0.75,-0.1648908033967018,-0.17068018265999854,-0.3703356608748436,-0.16944951812426248,0.27614206666367475,-0.5555555555555556
2015-09-02,5,0.5106128,0.3422184,0.14716883,0.1683944,0.7245865,0.9037559,0.4,0.4,-0.08084765523672104,-0.16289194785058497,0.2492420569062233,-0.18715492387612662,0.30546015289846434,0.25
2015-09-03,9,0.40846807,0.24378835,0.34774357,0.16467972,0.66409284,0.95603615,0.4444444444444444,0.2222222222222222,-0.03505488634109497,-0.15448135659098625,0.19973460733890533,-0.06738411386807759,0.3250953988892105,0.8
2015-09-04,5,0.115014695,0.37691283,0.5080725,-0.26189813,0.4553764,0.96044683,0.0,0.4,-0.1317366361618042,-0.1598035827279091,-0.13016149401664734,0.02372533082962036,0.300683915663911,-0.4444444444444444
2015-09-08,14,0.19274433,0.28263018,0.5246255,-0.08988585,0.51708317,0.9215656,0.07142857142857142,0.2857142857142857,-0.11078726500272751,-0.16867364048957825,0.020901411771774292,-0.062368087470531464,0.2988496527713679,1.7999999999999998
2015-09-09,8,0.18377417,0.3354122,0.4808136,-0.15163805,0.5456094,0.92100626,0.125,0.25,-0.03406958132982254,-0.15156033113598824,-0.11756846457719802,-0.1678073431054751,0.19322046820285654,-0.4285714285714286
2015-09-10,5,0.26963043,0.5604141,0.1699555,-0.2907836,0.6850466,0.913725,0.2,0.8,-0.12590518444776536,-0.151920660585165,-0.16487842947244644,-0.17743583768606186,0.18171277985244413,-0.375
2015-09-11,6,0.24733059,0.5375909,0.21507847,-0.29026034,0.6625766,0.9740966,0.3333333333333333,0.6666666666666666,-0.21689319759607315,-0.17888258993625641,-0.07336714714765549,-0.244227334856987,0.09118261375740125,0.19999999999999996
2015-09-14,13,0.14557107,0.470389,0.38403994,-0.32481793,0.55338347,0.95172566,0.15384615384615385,0.5384615384615384,-0.22947715669870378,-0.18041831254959106,-0.09534076899290084,-0.30195396145184833,0.10257631189849858,1.1666666666666665
2015-09-15,10,0.1663903,0.44591516,0.38769454,-0.27952486,0.6173304,0.97297657,0.1,0.5,-0.2674049586057663,-0.17214585989713668,-0.012119904160499573,-0.298201044400533,0.06692168770676066,-0.23076923076923073
2015-09-16,7,0.22277404,0.24752557,0.5297004,-0.024751542,0.30462813,0.5513612,0.2857142857142857,0.14285714285714285,-0.24202765785157682,-0.16586038386449217,0.2172761157155037,-0.2096981101979812,0.12265063658911156,-0.30000000000000004
2015-09-17,8,0.20096833,0.33634165,0.46269006,-0.13537332,0.62236,0.9687279,0.125,0.25,-0.21094559989869593,-0.16959932846948506,0.07557227574288844,-0.14654990968604883,0.12682689643156128,0.1428571428571428
2015-09-18,9,0.2753654,0.38287273,0.34176192,-0.107507326,0.6361291,0.9634425,0.3333333333333333,0.3333333333333333,-0.17439499609172343,-0.1725231080316007,0.06688767038285731,-0.08921073066691558,0.12456841619980799,0.125
2015-09-21,8,0.35680804,0.1510472,0.49214476,0.20576084,0.5821098,0.9751118,0.25,0.125,-0.06827924363315105,-0.1390786855481565,0.2740400802344084,-0.01237327108780543,0.17864615587800384,-0.11111111111111116
2015-09-22,6,0.18789995,0.4845223,0.32757777,-0.29662237,0.6212162,0.9668433,0.16666666666666666,0.5,-0.07169874422252179,-0.1498159180395305,-0.22492362149059772,-0.06612295160690944,0.18379009828935494,-0.25
2015-09-23,4,0.10467407,0.2647445,0.6305815,-0.16007043,0.54357755,0.9678629,0.0,0.25,-0.09876252263784409,-0.1349376413039863,-0.06130791157484054,-0.08364398777484894,0.18510704755238672,-0.33333333333333337
2015-09-24,8,0.28849554,0.42983586,0.28166863,-0.1413403,0.715769,0.9703379,0.25,0.5,-0.09995591789484023,-0.12941358936950564,-0.041384382545948034,-0.19934436678886414,0.18542105572716,1.0
2015-09-25,5,0.1443177,0.3011868,0.5544955,-0.1568691,0.42864928,0.9472655,0.0,0.4,-0.10982827246189117,-0.13404283812269568,-0.04704082608222962,-0.1527599443991979,0.1872288980606722,-0.375
2015-09-28,12,0.25332606,0.266915,0.47975895,-0.01358892,0.588776,0.9157997,0.25,0.25,-0.1536982238292694,-0.1457978150807321,0.14010930359363555,-0.1039327730735143,0.10032609963119193,1.4
2015-09-29,10,0.22782472,0.35807848,0.41409677,-0.13025376,0.59649986,0.9315497,0.2,0.4,-0.12042450308799743,-0.14257886772975326,-0.009829258918762213,-0.10023726026217143,0.06092605162388022,-0.16666666666666663
2015-09-30,5,0.3171409,0.43475193,0.24810715,-0.11761101,0.7351912,0.9426963,0.4,0.4,-0.1119326189160347,-0.12169809518381954,-0.005678394436836237,-0.08715123186508815,0.05684076541466288,-0.5
2015-10-01,9,0.20059691,0.35370964,0.4456935,-0.15311274,0.6350524,0.96640456,0.2222222222222222,0.3333333333333333,-0.11428710669279099,-0.13777345223352314,-0.03882563263177871,-0.1336591715614001,0.058580634540017947,0.8
2015-10-02,7,0.07987627,0.5355434,0.3845803,-0.4556671,0.42486727,0.93034106,0.0,0.5714285714285714,-0.17404670864343644,-0.16879079369828104,-0.2816203996539116,-0.24213028699159622,0.16628123188701066,-0.2222222222222222
2015-10-05,13,0.10566208,0.2421467,0.6521912,-0.13648461,0.3832277,0.92385584,0.07692307692307693,0.23076923076923078,-0.19862584620714188,-0.16252011759206653,0.06214123815298081,-0.2484214852253596,0.14425786965927123,0.8571428571428572
2015-10-06,7,0.03603324,0.5890289,0.3749378,-0.5529957,0.42526993,0.97160375,0.0,0.7142857142857143,-0.283174230158329,-0.18567560901865363,-0.2698214516043663,-0.3817157993714015,0.20518432210119278,-0.46153846153846156
2015-10-07,7,0.3974693,0.07612671,0.52640396,0.32134265,0.4478077,0.17941032,0.42857142857142855,0.0,-0.1953834980726242,-0.16202657436951995,0.5167261451482773,-0.12271254758040111,0.342014560013729,0.0
2015-10-08,10,0.13820986,0.19682959,0.66496056,-0.058619715,0.3451671,0.8028732,0.0,0.2,-0.1764848932623863,-0.15041837943717837,0.11786517798900603,-0.09675758332014084,0.34750092300852,0.4285714285714286
2015-10-09,4,0.33286637,0.251189,0.41594464,0.08167737,0.77848744,0.9690568,0.25,0.25,-0.06901599764823914,-0.13182149371132254,0.15069336742162703,0.11480010052522023,0.32170825028603,-0.6
2015-10-12,11,0.16076311,0.1480745,0.69116235,0.01268861,0.40637732,0.7483123,0.09090909090909091,0.09090909090909091,-0.039181354083120824,-0.1149461669381708,0.05186996385455132,0.011915421423812708,0.3208028572615134,1.75
2015-10-13,10,0.19965616,0.31488854,0.48545533,-0.11523235,0.62632537,0.96766436,0.2,0.3,0.04837131258100271,-0.10673154122196138,-0.16360366102308035,-0.0069554562990864115,0.16963868671590004,-0.09090909090909094
2015-10-14,10,0.27922064,0.5662483,0.15453109,-0.28702766,0.7810439,0.9736578,0.2,0.6,-0.07330274824053049,-0.11984534696675837,-0.21372490879148245,-0.12985713190088669,0.14059282529742803,0.0
2015-10-15,10,0.3327768,0.41718587,0.2500373,-0.08440904,0.6741146,0.95549405,0.4,0.4,-0.07846061382442712,-0.11729713291861117,-0.005948429368436342,-0.16222301622231802,0.14039240590573138,0.0
2015-10-16,8,0.3594998,0.22429472,0.41620547,0.1352051,0.6499286,0.810246,0.375,0.25,-0.06775506678968668,-0.10516151138581335,0.20296017173677683,-0.07874386509259541,0.15674496199623802,-0.19999999999999996
2015-10-19,10,0.39258775,0.094529465,0.5128828,0.2980583,0.43610743,0.42026243,0.4,0.0,-0.01068112850189209,-0.10054663815535606,0.3087394297122955,0.11628478765487671,0.22876680014553755,0.25
2015-10-20,8,0.17443503,0.34325105,0.48231393,-0.168816,0.6121201,0.9703902,0.125,0.375,-0.02139785885810852,-0.09415631988085807,-0.14741814136505127,0.0881491353114446,0.23602882975973227,-0.19999999999999996
2015-10-21,6,0.2615297,0.42668152,0.31178877,-0.16515183,0.558022,0.9754768,0.16666666666666666,0.5,0.0029773056507110597,-0.09441038989461958,-0.1681291401386261,-0.011969844500223795,0.20613933789933236,-0.25
2015-10-22,10,0.39338464,0.3296647,0.27695066,0.06371994,0.66040486,0.93745154,0.4,0.3,0.03260310292243958,-0.08415737771429121,0.031116840243339536,-0.09008263051509857,0.20102149216343063,0.6666666666666667
2015-10-23,3,0.50786614,0.41210663,0.08002726,0.09575948,0.91015035,0.94034016,0.6666666666666666,0.3333333333333333,0.024713978171348572,-0.07152594872750342,0.07104550302028656,-0.0018908033768335979,0.19671611976168396,-0.7
2015-10-26,14,0.06688491,0.33642125,0.5966939,-0.26953632,0.45228422,0.97276974,0.0,0.2857142857142857,-0.0888049453496933,-0.08432331853546202,-0.1807313710451126,-0.036685630679130554,0.15986112255961527,3.666666666666667
2015-10-27,10,0.3298689,0.29645553,0.37367553,0.033413384,0.7132727,0.9608093,0.3,0.3,-0.04835906848311424,-0.07613996122963726,0.08177245259284974,-0.046787817031145096,0.16013940832945964,-0.2857142857142857
2015-10-28,10,0.25510103,0.43825394,0.306645,-0.18315294,0.6975919,0.9756183,0.2,0.5,-0.05195929035544396,-0.0794170577544719,-0.13119365349411966,-0.13975862537821135,0.16358678970048388,0.0
2015-10-29,9,0.17319185,0.42021427,0.40659392,-0.24702239,0.53336394,0.9493775,0.1111111111111111,0.3333333333333333,-0.1141077570617199,-0.08411254030652345,-0.1329146333038807,-0.13225398336847624,0.16762929293969667,-0.09999999999999998
2015-10-30,9,0.47964036,0.2878423,0.23251732,0.19179805,0.71525574,0.9702692,0.5555555555555556,0.2222222222222222,-0.09490004405379296,-0.05173928258009255,0.28669809028506277,-0.07945909599463145,0.20005483061345644,0.0
2015-11-02,7,0.252965,0.3981339,0.3489011,-0.14516889,0.6976433,0.8775377,0.2857142857142857,0.42857142857142855,-0.07002655789256096,-0.05217349645681679,-0.07514232769608498,-0.06679774324099223,0.17959914967096985,-0.2222222222222222
2015-11-03,9,0.31886622,0.4203285,0.26080525,-0.10146228,0.7708315,0.96438164,0.3333333333333333,0.4444444444444444,-0.09700169116258621,-0.029596826480701565,-0.004460591077804568,-0.018277707199255627,0.1700540446000167,0.2857142857142858
2015-11-04,10,0.26743066,0.2903828,0.44218653,-0.022952154,0.67764294,0.9646011,0.3,0.3,-0.06496153324842453,-0.04681156654842198,0.042009378969669345,-0.08986110736926396,0.16477404931955322,0.11111111111111116
2015-11-05,10,0.35303158,0.28305617,0.36391222,0.069975436,0.60545284,0.8143311,0.4,0.3,-0.0015619680285453796,-0.04038180899806321,0.07153740376234055,-0.018146333595116932,0.13561549954758995,0.0
2015-11-06,10,0.32227594,0.33256248,0.34516162,-0.01028655,0.6344831,0.9750416,0.4,0.3,-0.041978887282311916,-0.044980004988610746,0.03169233724474907,0.012245577139159044,0.08379534783777998,0.0
2015-11-09,11,0.20485927,0.42190802,0.37323266,-0.21704878,0.65911084,0.9741771,0.18181818181818182,0.45454545454545453,-0.05635486599057913,-0.05646687443368137,-0.16069391313940287,-0.05245329781124989,0.10846034844473008,0.10000000000000009
2015-11-10,10,0.10860212,0.5807664,0.31063145,-0.47216424,0.55673254,0.96556306,0.1,0.7,-0.13049525823444127,-0.07431346918456257,-0.34166898522526024,-0.23316652420908213,0.2181933542292052,-0.09090909090909094
2015-11-11,4,0.51349235,0.30425802,0.18224956,0.20923434,0.8919389,0.9636425,0.5,0.25,-0.08405795898288489,-0.04950036923401058,0.29329230096191167,-0.1599928935368856,0.26622449528689696,-0.6
2015-11-12,10,0.23886201,0.37579557,0.38534242,-0.13693358,0.61815244,0.9752533,0.2,0.3,-0.12543976213783026,-0.05212659607641399,-0.011493817903101444,-0.1332878271738688,0.2519966289534487,1.5
2015-11-13,7,0.033235367,0.5363193,0.43044534,-0.50308394,0.49315327,0.95423204,0.0,0.5714285714285714,-0.22399924099445342,-0.08404104853980243,-0.27908470332622526,-0.14359439412752786,0.2893070236499219,-0.30000000000000004
2015-11-16,8,0.1159374,0.31733593,0.5667267,-0.20139854,0.4382537,0.9692619,0.125,0.25,-0.22086919248104095,-0.10901389042846858,0.019470655918121332,-0.2804720203081767,0.28948562686034013,0.1428571428571428
2015-11-17,6,0.22280073,0.05768317,0.7195161,0.16511755,0.32264656,0.14962475,0.16666666666666666,0.0,-0.09341283440589905,-0.0923172130715102,0.25853038132190703,-0.17978831132253012,0.29146983416384636,-0.25
2015-11-18,10,0.12004212,0.31146917,0.5684887,-0.19142707,0.48822486,0.9614746,0.0,0.3,-0.17354511618614196,-0.09363097469322383,-0.017881950736045843,-0.07590268552303314,0.23755221552084485,0.6666666666666667
2015-11-19,9,0.288323,0.2566609,0.45501608,0.031662066,0.6155205,0.969245,0.2222222222222222,0.2222222222222222,-0.13982598707079888,-0.0952338685747236,0.17148805260658265,0.0017841818432013194,0.2553472659464485,-0.09999999999999998
2015-11-20,5,0.16140345,0.57240283,0.2661937,-0.41099945,0.5867849,0.9680002,0.2,0.6,-0.12140908762812615,-0.12057181498967111,-0.28959035947918893,-0.19025481616457304,0.22399313376905003,-0.4444444444444444
2015-11-23,10,0.18672661,0.18087241,0.63240093,0.0058541894,0.3413101,0.75353825,0.1,0.2,-0.07995854243636132,-0.10680228970013558,0.08581273183226586,-0.12449439739187558,0.22466563330717093,1.0
2015-11-24,6,0.3387228,0.28165254,0.3796247,0.057070237,0.7372334,0.92564625,0.3333333333333333,0.3333333333333333,-0.10156800448894501,-0.10561944707296789,0.15863824114203454,-0.11602500701944034,0.1989210519482123,-0.4
2015-11-25,7,0.24032728,0.4524326,0.3072401,-0.21210532,0.7267102,0.9741863,0.2857142857142857,0.42857142857142855,-0.10570365488529206,-0.10706706582568586,-0.10640166401863098,-0.049726964284976326,0.20145512427611748,0.16666666666666674
2015-11-27,4,0.11116122,0.6412354,0.2476034,-0.5300741,0.5090732,0.96612895,0.0,0.75,-0.21805089190602303,-0.12121965228579938,-0.3120232276618481,-0.2283697339395682,0.2551705852001602,-0.4285714285714286
2015-11-30,11,0.3424121,0.14104897,0.51653886,0.20136318,0.48159245,0.9461536,0.36363636363636365,0.09090909090909091,-0.0955783672630787,-0.12074139579199254,0.2969415433704853,-0.18027208745479584,0.2846618736487176,1.75
2015-12-01,8,0.30970538,0.047148753,0.64314586,0.2625566,0.3827143,0.12285733,0.375,0.0,-0.04423788264393806,-0.10035512088797986,0.30679449513554574,-0.022051443656285603,0.32746083834775747,-0.2727272727272727
2015-12-02,6,0.36805546,0.32462654,0.30731803,0.043428946,0.75224996,0.942175,0.3333333333333333,0.3333333333333333,-0.04696614071726799,-0.09311055946163833,0.09039508700370788,0.16911624496181807,0.3264610709963358,-0.25
2015-12-03,10,0.22455664,0.33718222,0.43826112,-0.11262558,0.51666635,0.9639325,0.3,0.3,-0.027070192247629167,-0.09759423057548702,-0.08555538430809975,0.06445332740743955,0.3167681695732808,0.6666666666666667
2015-12-04,5,0.41011256,0.19201522,0.3978722,0.21809737,0.646504,0.7839948,0.4,0.2,0.12256410643458367,-0.09018813367001713,0.09553326740860939,0.049633581191301346,0.15533058365301838,-0.5
2015-12-07,11,0.19053511,0.3444912,0.46497366,-0.15395609,0.5741854,0.96961164,0.09090909090909091,0.36363636363636365,0.051500254124403,-0.09737161044031381,-0.20545633956789972,-0.01616142938534419,0.18809181832360583,1.2000000000000002
2015-12-08,7,0.29783508,0.4284585,0.27370638,-0.13062343,0.75428486,0.93792397,0.2857142857142857,0.42857142857142855,-0.027135754376649855,-0.09305034298449755,-0.10348767563700675,-0.022160713871320088,0.15749624537828416,-0.36363636363636365
2015-12-09,7,0.18608001,0.46762797,0.34629202,-0.28154796,0.5622436,0.9636793,0.14285714285714285,0.42857142857142855,-0.09213113635778428,-0.08351952899247408,-0.1894168272614479,-0.1887091596921285,0.18563705588505144,0.0
2015-12-10,8,0.29830027,0.06286041,0.63883936,0.23543984,0.30073598,0.27765664,0.375,0.0,-0.022518053650856018,-0.0822092542424798,0.25795789062976837,-0.058910518884658813,0.2347856895897802,0.1428571428571428
2015-12-11,7,0.18563633,0.34362242,0.47074127,-0.15798606,0.47084153,0.9567115,0.14285714285714285,0.42857142857142855,-0.09773474037647248,-0.08326187822967768,-0.06025131940841674,-0.06803139547506969,0.19536205304029952,-0.125
2015-12-14,11,0.121040724,0.39101735,0.48794192,-0.26997665,0.53151435,0.93976414,0.09090909090909091,0.36363636363636365,-0.12093885242938995,-0.07160651329904795,-0.14903779327869415,-0.064174289504687,0.21004737995436878,0.5714285714285714
2015-12-15,8,0.3996255,0.17850696,0.42186752,0.22111857,0.5743799,0.9730281,0.5,0.125,-0.05059045255184173,-0.05048065800219774,0.2717090219259262,-0.06894804537296295,0.2591546879973316,-0.2727272727272727
2015-12-16,10,0.16627285,0.1406559,0.69307125,0.025616955,0.3718136,0.9563759,0.1,0.1,0.01084253117442131,-0.05745568759739399,0.014774423837661744,-0.00774704044063886,0.2248559254531616,0.25
2015-12-17,10,0.12798914,0.45025545,0.4217554,-0.32226628,0.6019086,0.9672976,0.1,0.4,-0.10069869235157966,-0.06399764828383922,-0.22156758829951287,-0.025176918754975002,0.2239146359990643,0.0
2015-12-18,7,0.31219354,0.32760206,0.36020446,-0.015408516,0.6878485,0.96517265,0.42857142857142855,0.2857142857142857,-0.07218318358063698,-0.0663511773571372,0.0567746676504612,-0.10401928052306175,0.22387382461031513,-0.30000000000000004
2015-12-21,12,0.1013326,0.4944395,0.40422794,-0.3931069,0.49415916,0.96934444,0.08333333333333333,0.5,-0.09680923596024513,-0.06545655038207769,-0.2962976716458797,-0.24359390139579773,0.2555951525780615,0.7142857142857142
2015-12-22,8,0.3094949,0.3150201,0.37548497,-0.0055252183,0.65143806,0.88742316,0.375,0.25,-0.14213799349963666,-0.06602552076801657,0.13661277517676354,-0.13801354728639126,0.19893260746833463,-0.33333333333333337
2015-12-23,3,0.29688808,0.6347454,0.06836647,-0.33785734,0.95854235,0.96441966,0.3333333333333333,0.6666666666666666,-0.21483285166323185,-0.0857718993909657,-0.1230244841426611,-0.24549648724496365,0.18843988128982916,-0.625
2015-12-24,3,0.5829505,0.16116321,0.25588632,0.42178726,0.6628504,0.41670036,0.6666666666666666,0.0,-0.06602214314043522,-0.054077270347625016,0.4878094051033258,0.026134902611374855,0.3259825332728977,0.0
2015-12-28,9,0.15668559,0.32130277,0.52201164,-0.16461717,0.59521896,0.9719743,0.1111111111111111,0.3333333333333333,-0.09586387313902378,-0.03580442266538739,-0.06875329278409481,-0.02689574658870697,0.3270187467897135,2.0
2015-12-29,8,0.27826965,0.31865928,0.40307108,-0.040389627,0.6775264,0.9673423,0.25,0.25,-0.025320417061448098,-0.047892062831670044,-0.015069210156798362,0.07226015627384186,0.2817832134159536,-0.11111111111111116
2015-12-30,5,0.19984318,0.6681659,0.13199085,-0.46832275,0.7396949,0.89871246,0.2,0.8,-0.11787992417812347,-0.08443603115156292,-0.3504428297281265,-0.22444318234920502,0.3430124000020005,-0.375
2015-12-31,5,0.06504195,0.5951437,0.33981436,-0.5301017,0.4249051,0.97326714,0.0,0.6,-0.1563288003206253,-0.11311256429180502,-0.3737729161977768,-0.3462713658809662,0.382352975106511,0.0
2016-01-04,10,0.048186604,0.3960385,0.55577487,-0.3478519,0.32876366,0.9183608,0.0,0.4,-0.31025663316249846,-0.12487388057634234,-0.03759526908397676,-0.4487587908903758,0.20540765490563145,1.0
2016-01-05,6,0.26962808,0.039846208,0.6905257,0.22978188,0.3331439,0.081860304,0.16666666666666666,0.0,-0.23137682378292085,-0.12428965521976351,0.46115870475769044,-0.21605724593003592,0.3194095488046457,-0.4
2016-01-06,6,0.421885,0.3446091,0.23350589,0.07727588,0.7932359,0.95821816,0.5,0.3333333333333333,-0.20784372240304946,-0.11272805696353316,0.2851196020841599,-0.013598047196865082,0.34062853200796117,0.0
2016-01-07,10,0.18874662,0.32630897,0.4849444,-0.13756236,0.58292925,0.9688663,0.1,0.4,-0.14169164448976518,-0.11307500367984176,0.004129280149936687,0.05649846543868383,0.30794514269944806,0.6666666666666667
2016-01-08,7,0.36628178,0.431976,0.20174228,-0.065694205,0.7978692,0.96128714,0.42857142857142855,0.42857142857142855,-0.04881014227867127,-0.10228231577202677,-0.01688406318426132,-0.04199356337388357,0.21857447418965278,-0.30000000000000004
2016-01-11,12,0.09917408,0.27784953,0.62297636,-0.17867543,0.46522957,0.9678537,0.08333333333333333,0.25,-0.014974847435951233,-0.12298807902261615,-0.16370058059692383,-0.12731066594521204,0.16793904059437995,0.7142857142857142
2016-01-12,7,0.31637508,0.40968323,0.27394167,-0.093308166,0.7834265,0.9712951,0.2857142857142857,0.2857142857142857,-0.0795928567647934,-0.11975418431684375,-0.013715308904647824,-0.11255926638841629,0.09768175676409759,-0.41666666666666663
2016-01-13,9,0.06850075,0.48787034,0.44362897,-0.41936958,0.43664798,0.9464702,0.0,0.5555555555555556,-0.1789219483733177,-0.12722383094951512,-0.24044762998819352,-0.23045105735460916,0.14113466998233212,0.2857142857142858
2016-01-14,7,0.29472187,0.36021873,0.3450594,-0.06549685,0.65220535,0.94729906,0.2857142857142857,0.2857142857142857,-0.16450884491205214,-0.14155460176989437,0.09901199787855147,-0.19272486368815103,0.14982650879407658,-0.2222222222222222
2016-01-15,9,0.24992034,0.45696673,0.29311293,-0.20704634,0.73745537,0.9721139,0.2222222222222222,0.4444444444444444,-0.1927792727947235,-0.15318776676431298,-0.014267072081565857,-0.23063759009043375,0.13949995646960556,0.2857142857142858
2016-01-19,20,0.22371063,0.28414398,0.4921454,-0.060433347,0.561896,0.94915175,0.2,0.25,-0.16913085654377938,-0.14009612007066607,0.108697509765625,-0.11099217956264813,0.15195495974162432,1.2222222222222223
2016-01-20,10,0.23764046,0.526072,0.23628752,-0.28843158,0.58967865,0.97582316,0.2,0.6,-0.20815554037690162,-0.15374727351590992,-0.08027604445815087,-0.18530375882983208,0.15266809812329948,-0.5
2016-01-21,4,0.27142957,0.3620591,0.3665113,-0.09062952,0.74659777,0.9684852,0.25,0.25,-0.14240752831101416,-0.13862340403720735,0.05177801027894019,-0.14649814988176027,0.10101631473640045,-0.6
2016-01-22,10,0.3157727,0.4280954,0.2561319,-0.11232265,0.764442,0.9727581,0.3,0.4,-0.15177268907427788,-0.14396327566355466,0.039450038224458694,-0.16379458457231522,0.09403257301112343,1.5
2016-01-25,11,0.18764275,0.3284675,0.48388976,-0.14082478,0.5585056,0.9391949,0.09090909090909091,0.36363636363636365,-0.13852837607264518,-0.13411164786666632,-0.0022964037954807393,-0.11459231625000636,0.08882021124751094,0.10000000000000009
2016-01-26,10,0.31979388,0.24492438,0.43528175,0.07486953,0.6185697,0.93396425,0.3,0.2,-0.11146780103445053,-0.1514575345441699,0.18633732944726944,-0.05942596743504206,0.1297445356609489,-0.09090909090909094
2016-01-27,7,0.26966915,0.20059456,0.5297363,0.06907457,0.55886203,0.9550203,0.14285714285714285,0.14285714285714285,-0.03996656984090805,-0.139772947691381,0.10904114097356796,0.0010397732257843018,0.1037446567241419,-0.30000000000000004
2016-01-28,9,0.2760738,0.5272126,0.19671357,-0.2511388,0.80549306,0.97432005,0.2222222222222222,0.5555555555555556,-0.07206842750310898,-0.15031040664762257,-0.17907037883996962,-0.035731568932533264,0.14135606461903835,0.2857142857142858
2016-01-29,8,0.27048045,0.3631091,0.36641043,-0.09262864,0.6548907,0.97341835,0.25,0.375,-0.06812962591648102,-0.13152570109814404,-0.024499017000198367,-0.0915642927090327,0.14022383640918407,-0.11111111111111116
2016-02-01,10,0.13319477,0.33021578,0.53658944,-0.19702102,0.47774857,0.9456241,0.1,0.4,-0.07936887443065643,-0.1148716663941741,-0.11765214800834656,-0.180262823899587,0.14945542842507772,0.25
2016-02-02,10,0.12802698,0.63861054,0.23336244,-0.5105836,0.6366528,0.971339,0.1,0.7,-0.19645949602127075,-0.12300825025886297,-0.3141240835189819,-0.2667444149653117,0.2138651847610789,0.0
2016-02-03,10,0.30581722,0.37596974,0.31821305,-0.0701525,0.65097284,0.96671146,0.4,0.3,-0.22430491000413894,-0.1380049692466855,0.15415241122245787,-0.2592523669203122,0.17643805594637785,0.0
2016-02-04,7,0.21506715,0.49360514,0.29132771,-0.278538,0.67844373,0.9724453,0.2857142857142857,0.42857142857142855,-0.22978474646806718,-0.155795662663877,-0.048753242194652546,-0.2864246889948845,0.1778992524817421,-0.30000000000000004
2016-02-05,7,0.18539992,0.53046125,0.28413883,-0.34506136,0.7111794,0.9542212,0.14285714285714285,0.5714285714285714,-0.28027129024267194,-0.16617061253637075,-0.06479007154703142,-0.23125061641136804,0.16456383405941483,0.0
2016-02-08,12,0.08396334,0.46661043,0.4494262,-0.38264707,0.51271653,0.9755578,0.0,0.5,-0.31739649921655655,-0.18201825562864543,-0.06525056809186935,-0.33541547258694965,0.16200602523903224,0.7142857142857142
2016-02-09,10,0.37276584,0.5355966,0.09163754,-0.16283076,0.8714672,0.9580572,0.4,0.6,-0.24784593433141708,-0.18122602198272944,0.08501517921686172,-0.2968463947375615,0.12977550300576857,-0.16666666666666663
2016-02-10,10,0.1714662,0.41224074,0.41629305,-0.24077454,0.6069349,0.9653516,0.1,0.4,-0.28197034299373624,-0.1885993408039212,0.04119580090045927,-0.26208412150541943,0.08663053148219971,0.0
2016-02-11,5,0.24021594,0.42068547,0.33909854,-0.18046954,0.7316681,0.93616116,0.2,0.4,-0.2623566538095474,-0.17665433902293443,0.08188711106777191,-0.19469161331653595,0.09796242049635481,-0.5
2016-02-12,10,0.13156745,0.5255438,0.3428887,-0.39397642,0.6216398,0.9668841,0.1,0.5,-0.2721396654844284,-0.19307831767946482,-0.12183675467967986,-0.2717401683330536,0.10999056880479637,1.0
2016-02-16,20,0.21801789,0.3297917,0.4521904,-0.11177381,0.5448561,0.95664364,0.25,0.3,-0.2179650142788887,-0.18831469099968673,0.10619120299816132,-0.2287399247288704,0.10865375979964231,1.0
2016-02-17,6,0.5554534,0.19366466,0.25088197,0.36178875,0.57453716,0.48642,0.5,0.3333333333333333,-0.11304111331701279,-0.16720358617603778,0.474829863011837,-0.04798716058333715,0.2851543763548061,-0.7
2016-02-18,9,0.15271944,0.6094572,0.23782338,-0.45673773,0.61040694,0.97582924,0.1111111111111111,0.6666666666666666,-0.1562337502837181,-0.17561889328062535,-0.3005039766430855,-0.06890759617090225,0.3231623382127017,0.5
2016-02-19,7,0.11312826,0.29761347,0.58925825,-0.18448521,0.3419222,0.78886,0.0,0.42857142857142855,-0.1570368841290474,-0.18031167797744274,-0.027448327839374537,-0.0931447297334671,0.32324260768337265,-0.2222222222222222
2016-02-22,8,0.16960827,0.2575274,0.57286435,-0.087919146,0.563088,0.9185135,0.125,0.25,-0.09582542926073075,-0.17909150272607804,0.007906283438205722,-0.24304736157258353,0.29489228570123976,0.1428571428571428
2016-02-23,10,0.07251814,0.5114749,0.41600695,-0.43895674,0.4833555,0.9553986,0.0,0.5,-0.16126201450824737,-0.19399810060858727,-0.27769472301006315,-0.23712036510308585,0.33313692794316246,0.25
2016-02-24,6,0.20529144,0.62007815,0.17463046,-0.4147867,0.6970728,0.97164875,0.16666666666666666,0.6666666666666666,-0.31657710373401643,-0.21848091185092927,-0.09820959270000457,-0.31388752659161884,0.16881915526957803,-0.4
2016-02-25,10,0.18944894,0.58030975,0.23024134,-0.3908608,0.59558296,0.97017807,0.1,0.7,-0.303401717543602,-0.24147768020629884,-0.08745907843112943,-0.4148680766423543,0.1573250944513665,0.6666666666666667
2016-02-26,10,0.24218579,0.32198888,0.4358254,-0.079803094,0.66436315,0.9714106,0.2,0.3,-0.28246529400348663,-0.23291089460253717,0.20266219973564148,-0.29515019555886585,0.18211828659958348,0.0
2016-02-29,9,0.09531937,0.5809061,0.32377458,-0.4855867,0.49944687,0.97470415,0.1111111111111111,0.5555555555555556,-0.36199880540370943,-0.25255879759788513,-0.12358789741992948,-0.3187501976887385,0.1615940028486979,-0.09999999999999998
2016-03-01,6,0.36260548,0.2314481,0.4059464,0.13115741,0.64862776,0.9471562,0.3333333333333333,0.16666666666666666,-0.24797597527503967,-0.23614987581968308,0.3791333884000778,-0.1447441279888153,0.2630232834903219,-0.33333333333333337
2016-03-02,3,0.025675258,0.49837568,0.47594908,-0.47270045,0.45367444,0.9069901,0.0,0.6666666666666666,-0.25955872535705565,-0.23425571918487548,-0.2131417214870453,-0.2757099121809006,0.2732807446396577,-0.5
2016-03-03,5,0.400168,0.27577388,0.32405815,0.1243941,0.7321517,0.9367866,0.4,0.2,-0.1565077468752861,-0.22452838942408562,0.2809018433094025,-0.07238297909498215,0.3065173226531769,0.6666666666666667
2016-03-04,8,0.25301194,0.4037469,0.3432411,-0.15073496,0.657704,0.9668104,0.25,0.375,-0.17069412022829056,-0.218138238042593,0.019959159195423126,-0.166347103814284,0.3037083023750285,0.6000000000000001
2016-03-07,12,0.19833161,0.36146572,0.44020262,-0.16313413,0.56107396,0.9737283,0.16666666666666666,0.3333333333333333,-0.10620360523462295,-0.20904187634587287,-0.05693052262067795,-0.06315833081801732,0.24952936401176118,0.5
2016-03-08,5,0.2310561,0.3926013,0.3763426,-0.1615452,0.7596195,0.9620663,0.2,0.4,-0.16474412828683854,-0.19798678308725357,0.0031989261507988087,-0.15847143034140268,0.21133332033258775,-0.5833333333333333
2016-03-09,7,0.34308153,0.45485863,0.20205975,-0.11177711,0.7613039,0.9706087,0.2857142857142857,0.5714285714285714,-0.0925594612956047,-0.1954341009259224,-0.01921765059232712,-0.14548548062642416,0.12304711402026869,0.3999999999999999
2016-03-10,9,0.2416466,0.46982706,0.2885263,-0.22818047,0.70167226,0.95233226,0.2222222222222222,0.5555555555555556,-0.16307437419891357,-0.19480439722537995,-0.0651060938835144,-0.16716759403546652,0.0419070866213279,0.2857142857142858
2016-03-11,2,0.30368623,0.28943956,0.4068742,0.014246665,0.25972766,0.55679286,0.0,0.5,-0.1300780490040779,-0.18506858684122562,0.1443247139453888,-0.10857030500968297,0.09065252073028614,-0.7777777777777778
2016-03-14,6,0.111193635,0.042694684,0.8461117,0.06849896,0.0921376,0.110241406,0.0,0.0,-0.08375143110752106,-0.16194481775164604,0.15225039273500443,-0.04847828050454458,0.12296428875155267,2.0
2016-03-15,10,0.08836571,0.47802344,0.43361083,-0.3896577,0.44615605,0.9707555,0.0,0.5,-0.12937393188476562,-0.1758390124887228,-0.2602837741374969,-0.10230402648448944,0.1854727611862644,0.6666666666666667
2016-03-16,10,0.11155181,0.43086424,0.45758396,-0.31931245,0.46393734,0.94064385,0.1,0.4,-0.17088100016117097,-0.20989407263696194,-0.14843145310878753,-0.21349039922157922,0.20294912590087064,0.0
2016-03-17,6,0.2113684,0.4852291,0.3034025,-0.27386066,0.51328945,0.9261751,0.16666666666666666,0.5,-0.18001703917980194,-0.2007502194494009,-0.09384362399578094,-0.32761027415593463,0.20715793295301455,-0.4
2016-03-18,4,0.3840961,0.054458648,0.5614453,0.32963744,0.48433235,0.15865396,0.5,0.0,-0.11693888455629349,-0.17504408694803714,0.4465763226151466,-0.08784522612889607,0.3056847510992649,-0.33333333333333337
2016-03-21,7,0.048574183,0.43688664,0.5145391,-0.38831243,0.48318407,0.9751374,0.0,0.42857142857142855,-0.20830116271972657,-0.190063751116395,-0.18001126646995544,-0.11084521810213725,0.3046693883507281,0.75
2016-03-22,4,0.052397978,0.8164631,0.13113889,-0.7640651,0.2904096,0.9653872,0.0,1.0,-0.2831826388835907,-0.20631916858255864,-0.48088244795799256,-0.2742466926574707,0.3934593088828597,-0.4285714285714286
2016-03-23,5,0.06921233,0.6049333,0.32585436,-0.53572094,0.5828994,0.9738883,0.0,0.6,-0.3264643371105194,-0.2123658809810877,-0.20925660729408263,-0.5626994868119558,0.4099831143617704,0.25
2016-03-24,5,0.13655993,0.533422,0.33001807,-0.39686203,0.5445377,0.97535276,0.0,0.6,-0.3510646104812622,-0.21266594268381595,-0.04579741954803468,-0.565549353758494,0.40972778696787304,0.0
2016-03-28,11,0.060569808,0.3059528,0.6334774,-0.24538298,0.4078613,0.9661424,0.0,0.2727272727272727,-0.4660686939954758,-0.22094493694603443,0.22068571448326113,-0.39265531798203784,0.19569815390494244,1.2000000000000002
2016-03-29,10,0.36048898,0.20443368,0.43507734,0.15605532,0.52728456,0.7413896,0.3,0.2,-0.35719514489173887,-0.18886283598840237,0.5132504612207412,-0.1620632310708364,0.34457077241136325,-0.09090909090909094
2016-03-30,7,0.22861622,0.38297853,0.38840526,-0.15436232,0.6066754,0.84808815,0.2857142857142857,0.42857142857142855,-0.23525459170341492,-0.20313882268965244,0.08089227080345154,-0.08122999469439189,0.26275776918460975,-0.30000000000000004
2016-03-31,6,0.23600821,0.24795814,0.51603365,-0.011949935,0.4497477,0.5833618,0.16666666666666666,0.3333333333333333,-0.1305003898218274,-0.18010129709728062,0.11855045482516288,-0.003418979855875174,0.2126524791823588,-0.1428571428571429
2016-04-01,7,0.41474864,0.26996928,0.31528208,0.14477937,0.6929565,0.9694109,0.42857142857142855,0.2857142857142857,-0.022172109968960286,-0.1790820334572345,0.16695147920399905,-0.007177628887196382,0.17821310901740764,0.16666666666666674
2016-04-04,5,0.2018693,0.19867997,0.5994507,0.0031893253,0.5739451,0.85582566,0.2,0.2,0.027542351000010967,-0.17138581913895906,-0.024353025667369365,0.04533958652367195,0.12796691063877264,-0.2857142857142857
2016-04-05,8,0.044235963,0.6223504,0.3334136,-0.57811445,0.40143245,0.91748244,0.0,0.625,-0.11929160226136445,-0.19213483524508773,-0.4588228477165103,-0.1433819184700648,0.27749128366266895,0.6000000000000001
2016-04-06,10,0.31922907,0.22031555,0.46045542,0.098913506,0.4709465,0.8145395,0.3,0.2,-0.06863643694669008,-0.17911189985461534,0.1675499426200986,-0.15867053965727487,0.2922154320842486,0.25
2016-04-07,7,0.30911902,0.33980492,0.3510761,-0.030685892,0.7026369,0.78282905,0.2857142857142857,0.2857142857142857,-0.07238362841308117,-0.17505733887664973,0.041697736084461215,-0.1699622788776954,0.2914258533944721,-0.30000000000000004
2016-04-08,8,0.30281106,0.072424255,0.6247647,0.23038681,0.3663031,0.31378826,0.375,0.0,-0.055262140557169916,-0.1521289750467986,0.28564894907176497,0.09953814061979453,0.3093382272305847,0.1428571428571428
2016-04-11,11,0.1110223,0.21877514,0.6702026,-0.10775283,0.23290691,0.71408516,0.09090909090909091,0.18181818181818182,-0.0774505715817213,-0.1582289497833699,-0.03030225820839405,0.03064936213195324,0.30807370122239774,0.375
2016-04-12,7,0.15166514,0.5199473,0.32838753,-0.36828214,0.55467355,0.9643947,0.14285714285714285,0.42857142857142855,-0.03548410944640636,-0.18006800482980906,-0.3327980298548937,-0.08188272019227345,0.2262467588001231,-0.36363636363636365
2016-04-13,10,0.31869087,0.41859746,0.2627117,-0.099906586,0.75390625,0.97549736,0.3,0.5,-0.07524812780320644,-0.16558044883422554,-0.024658458307385445,-0.1919805184006691,0.2138527730943056,0.4285714285714286
2016-04-14,8,0.2194312,0.42414725,0.3564215,-0.20471606,0.54849905,0.9750098,0.125,0.5,-0.11005416065454483,-0.1598506289999932,-0.09466189593076706,-0.22430159399906793,0.2188897475779141,-0.19999999999999996
2016-04-15,4,0.286585,0.49430212,0.21911289,-0.20771712,0.7367032,0.9356152,0.25,0.5,-0.19767494648694992,-0.1565434518735856,-0.010042174160480505,-0.17077992111444473,0.10828420486756071,-0.5
2016-04-18,10,0.23855093,0.33065957,0.43078953,-0.09210863,0.51716405,0.9663499,0.1,0.4,-0.19454610645771026,-0.1776307552587241,0.10243747681379317,-0.1681806022922198,0.1117040599934947,1.5
2016-04-19,4,0.27938047,0.2401848,0.48043478,0.03919567,0.73116106,0.9036242,0.25,0.25,-0.11305054426193237,-0.15625535021536052,0.15224621593952178,-0.0868766928712527,0.10143293908503583,-0.6
2016-04-20,5,0.2213602,0.34569818,0.43294162,-0.12433797,0.5530863,0.8137572,0.2,0.2,-0.11793682128190994,-0.12426899443380535,-0.006401149928569799,-0.0590836430589358,0.10122972436662211,0.25
2016-04-21,7,0.05389781,0.73749197,0.20861027,-0.6835941,0.44701928,0.97325903,0.0,0.8571428571428571,-0.2137124314904213,-0.13166265259496868,-0.46988167613744736,-0.2562454690535863,0.2772915977557453,0.3999999999999999
2016-04-22,3,0.3403735,0.31596282,0.3436637,0.024410645,0.8907871,0.9079024,0.3333333333333333,0.3333333333333333,-0.16728687845170498,-0.11059901886619627,0.19169752299785614,-0.2611738114307324,0.29725936337565473,-0.5714285714285714
2016-04-25,7,0.14183708,0.20793962,0.6502233,-0.06610256,0.4577237,0.96312404,0.14285714285714285,0.14285714285714285,-0.16208566389977933,-0.10163499773479998,0.09598310701549054,-0.24176200665533543,0.299125287768844,1.3333333333333335
2016-04-26,5,0.16144918,0.7256254,0.112925425,-0.5641762,0.708578,0.9745229,0.2,0.8,-0.28276003859937193,-0.1376465736422688,-0.2814161632210016,-0.20195603805283704,0.31869062279072086,-0.2857142857142857
2016-04-27,5,0.36998805,0.4101246,0.21988735,-0.040136516,0.877834,0.96862674,0.4,0.4,-0.2659197475761175,-0.131935283401981,0.22578323148190976,-0.22347175826629004,0.33113648902199444,0.0
2016-04-28,10,0.026632559,0.66426146,0.30910596,-0.6376289,0.40205297,0.9737873,0.0,0.7,-0.2567267086356878,-0.16321923229843377,-0.3809022042900324,-0.41398054361343384,0.31697743223402786,1.0
2016-04-29,7,0.2062597,0.3719066,0.4218337,-0.16564691,0.5582294,0.94486684,0.14285714285714285,0.42857142857142855,-0.29473821967840197,-0.17874054629355668,0.12909130901098254,-0.28113744656244916,0.28457499607652176,-0.30000000000000004
2016-05-02,7,0.027762217,0.43283555,0.5394022,-0.40507334,0.40273556,0.9482574,0.0,0.42857142857142855,-0.362532377243042,-0.19915367979556323,-0.04254096746444702,-0.40278305610020954,0.25536789543822563,0.0
2016-05-03,10,0.15561534,0.5766459,0.26773876,-0.42103058,0.6130883,0.9736317,0.2,0.6,-0.3339032530784607,-0.19129948634654284,-0.08712732791900635,-0.3305836121241252,0.23426199125250752,0.4285714285714286
2016-05-04,7,0.29523715,0.5913092,0.11345358,-0.29607207,0.8371713,0.97638786,0.2857142857142857,0.7142857142857143,-0.3850903630256653,-0.2110487649217248,0.08901829719543458,-0.37405866384506226,0.17431754360136772,-0.30000000000000004
2016-05-05,6,0.081590764,0.15367731,0.7647319,-0.07208654,0.23711188,0.6107196,0.0,0.16666666666666666,-0.27198188900947573,-0.21311879744753243,0.1998953461647034,-0.2630630632241567,0.15147150047097482,-0.1428571428571429
2016-05-06,4,0.27796626,0.46596295,0.25607073,-0.18799669,0.5244341,0.9689557,0.25,0.5,-0.2764518439769745,-0.23403797214850783,0.08845515847206115,-0.18538509805997214,0.14783516675790806,-0.33333333333333337
2016-05-09,8,0.13899653,0.35884193,0.50216156,-0.21984538,0.5767888,0.96461374,0.125,0.375,-0.23940625190734863,-0.23964259987697006,0.019560867547988886,-0.15997620423634848,0.12963397267178772,1.0
2016-05-10,10,0.098141864,0.66942656,0.23243158,-0.5712847,0.517146,0.9706296,0.1,0.8,-0.2694570779800415,-0.24979272847995163,-0.3018276333808899,-0.3263755937417348,0.18698965324067449,0.25
2016-05-11,1,0.011951442,0.8829131,0.10513544,-0.87096167,0.0,0.8829131,0.0,1.0,-0.3844349980354309,-0.2883454824797809,-0.4865266680717468,-0.554030587275823,0.3297197003269152,-0.9
2016-05-12,5,0.07454462,0.28613693,0.63931847,-0.21159229,0.37430757,0.8320295,0.0,0.2,-0.41233614683151243,-0.28868929399177434,0.20074386000633238,-0.5512795547644297,0.30136398174487317,4.0
2016-05-13,1,0.215197,0.016341332,0.76846164,0.19885567,0.0,0.016341332,0.0,0.0,-0.33496567606925964,-0.26836065454408525,0.5338213443756104,-0.2945660948753357,0.40514728501677055,-0.8
2016-05-16,8,0.17956632,0.21289605,0.6075376,-0.03332974,0.5060126,0.9447014,0.125,0.125,-0.2976625472307205,-0.26542171007022264,0.2643328070640564,-0.01535545289516449,0.42642444506166044,7.0
2016-05-17,6,0.36361638,0.29690012,0.33948347,0.06671627,0.7564308,0.863891,0.3333333333333333,0.3333333333333333,-0.17006235122680663,-0.2640456802211702,0.23677861988544463,0.07741406559944153,0.4194773569720496,-0.25
2016-05-18,5,0.23499891,0.35576543,0.40923563,-0.12076654,0.71452975,0.89806455,0.2,0.4,-0.020023326575756072,-0.26386710880324243,-0.10074321627616882,-0.029126671453317005,0.16004428651266497,-0.16666666666666663
2016-05-19,6,0.16903453,0.041883696,0.78908175,0.12715083,0.20989707,0.124455504,0.16666666666666666,0.0,0.04772529751062393,-0.223329861741513,0.07942553609609604,0.024366853137811024,0.12695361470609615,0.19999999999999996
2016-05-20,4,0.2629066,0.25879163,0.47830173,0.0041149855,0.6877872,0.93809956,0.25,0.25,0.008777160942554475,-0.2243446446955204,-0.004662175476551057,0.0034997587402661643,0.09479657796688386,-0.33333333333333337
2016-05-23,6,0.17621697,0.32814315,0.4956399,-0.15192614,0.66059643,0.93631417,0.16666666666666666,0.3333333333333333,-0.014942120015621185,-0.2286358240991831,-0.13698402494192125,-0.006886775294939677,0.1195670363616789,0.5
2016-05-24,7,0.22932513,0.33806774,0.43260714,-0.10874263,0.5650003,0.9486008,0.14285714285714285,0.42857142857142855,-0.050033900141716006,-0.2058641456067562,-0.058708731830120084,-0.0855179304877917,0.1152805091695262,0.16666666666666674
2016-05-25,4,0.48897862,0.36458054,0.14644086,0.1243981,0.86245805,0.71224016,0.5,0.5,-0.001000972092151642,-0.19763741493225098,0.12539906948804855,-0.045423559844493866,0.12899676161842577,-0.4285714285714286
2016-05-26,1,0.04659163,0.9271505,0.026257953,-0.88055885,0.0,0.9271505,0.0,1.0,-0.20254290848970413,-0.2097839117050171,-0.6780159398913383,-0.28830112765232724,0.3939111796572073,-0.75
2016-05-27,9,0.2653029,0.20857891,0.5261182,0.05672398,0.4842633,0.65417045,0.2222222222222222,0.2222222222222222,-0.1920211099088192,-0.19866536725312472,0.2487450882792473,-0.2331455908715725,0.40144188934912584,8.0
2016-05-31,15,0.05930194,0.5474481,0.39325,-0.48814616,0.40369347,0.97397023,0.0,0.6666666666666666,-0.259265112131834,-0.2028190078213811,-0.22888104394078257,-0.4373270086944103,0.4207422071984834,0.6666666666666667
2016-06-01,2,0.049271107,0.23575509,0.7149738,-0.18648398,0.30765513,0.4567178,0.0,0.0,-0.2748133815824986,-0.19109167773276567,0.08832940235733988,-0.2059687189757824,0.41518891860577034,-0.8666666666666667
2016-06-02,6,0.4473429,0.19045942,0.36219764,0.25688353,0.6043331,0.77541065,0.5,0.16666666666666666,-0.2483162946999073,-0.16344389785081148,0.5051998265087605,-0.13924886782964072,0.44981904062288497,2.0
2016-06-03,3,0.019421631,0.919477,0.061101336,-0.90005535,0.085954875,0.9664109,0.0,1.0,-0.2522155947983265,-0.2048423381522298,-0.647839754074812,-0.2765519320964813,0.45670170860493225,-0.5
2016-06-06,7,0.04608861,0.30917546,0.64473593,-0.26308683,0.37014976,0.9337226,0.0,0.2857142857142857,-0.31617775559425354,-0.20859684515744448,0.05309092998504639,-0.3020862142244975,0.4238291331102337,1.3333333333333335
2016-06-07,6,0.12212706,0.4626092,0.41526374,-0.34048215,0.3357651,0.94092625,0.0,0.5,-0.2866449534893036,-0.21462868321686984,-0.053837192058563244,-0.5012081066767374,0.4138783567967068,-0.1428571428571429
2016-06-08,4,0.43940306,0.26656637,0.29403055,0.1728367,0.71718496,0.78282696,0.5,0.25,-0.2147808164358139,-0.17742261234670878,0.38761752247810366,-0.14357742170492807,0.4638022425040438,-0.33333333333333337
2016-06-09,2,0.030171022,0.52787805,0.44195092,-0.49770704,0.62613624,0.95561683,0.0,0.5,-0.36569893062114717,-0.15875988099724053,-0.13200810849666594,-0.22178415954113007,0.38863501023996483,-0.5
2016-06-10,3,0.033380408,0.39990184,0.56671774,-0.36652145,0.4911928,0.9507985,0.0,0.3333333333333333,-0.25899215042591095,-0.1665063390508294,-0.10752929747104645,-0.23046392699082693,0.25577377447965133,0.5
2016-06-13,7,0.1111353,0.33378032,0.5550844,-0.22264503,0.41975302,0.90257597,0.14285714285714285,0.2857142857142857,-0.2509037911891937,-0.187581373937428,0.02825876176357267,-0.3622911721467972,0.2562509189791874,1.3333333333333335
2016-06-14,6,0.29268017,0.43718407,0.2701358,-0.14450386,0.804877,0.96100557,0.3333333333333333,0.5,-0.2117081344127655,-0.1931400800123811,0.0672042727470398,-0.24455677966276804,0.25410298099049594,-0.1428571428571429
2016-06-15,8,0.21158488,0.34057087,0.44784427,-0.128986,0.42451242,0.7761598,0.125,0.25,-0.27207267582416533,-0.20292519349604846,0.14308667480945586,-0.1653782973686854,0.15733890771778625,0.33333333333333326
2016-06-16,4,0.17428815,0.13198566,0.6937262,0.042302493,0.078665406,0.41480574,0.25,0.0,-0.16407076939940451,-0.19477174170315265,0.2063732624053955,-0.07706245655814807,0.1488463548835256,-0.5
2016-06-17,8,0.09507125,0.29272354,0.6122052,-0.19765228,0.4511335,0.94967085,0.0,0.25,-0.13029693588614463,-0.21101189740002155,-0.06735534444451333,-0.09477859611312549,0.10375335048788688,1.0
2016-06-20,10,0.17182282,0.29865116,0.529526,-0.12682836,0.55747974,0.949891,0.1,0.2,-0.11113360151648521,-0.21755906455218793,-0.0156947560608387,-0.09405938163399696,0.0904250030192713,0.25
2016-06-21,8,0.21198386,0.18774259,0.60027355,0.024241261,0.37948474,0.49379942,0.125,0.25,-0.07738457694649696,-0.2087506942451,0.1016258381307125,-0.10007979224125545,0.10514813428660794,-0.19999999999999996
2016-06-22,7,0.3154234,0.14768712,0.5368895,0.16773626,0.5826161,0.8268638,0.2857142857142857,0.14285714285714285,-0.01804012432694435,-0.19492674954235553,0.18577638640999794,0.021716388563315075,0.14494586838965942,-0.125
2016-06-23,9,0.22481626,0.13745604,0.6377277,0.08736021,0.24954063,0.5727823,0.2222222222222222,0.1111111111111111,-0.00902858078479767,-0.19677864387631416,0.09638879150152206,0.0931125779946645,0.15091320239511719,0.2857142857142858
2016-06-24,9,0.09904091,0.45008272,0.45087636,-0.35104182,0.38514897,0.9300406,0.0,0.5555555555555556,-0.03970648944377899,-0.17030279263854026,-0.3113353341817856,-0.03198178360859553,0.20480946418454693,0.0
2016-06-27,15,0.11711908,0.43784657,0.44503433,-0.3207275,0.4929322,0.93856996,0.06666666666666667,0.4666666666666667,-0.07848631739616393,-0.1891753664240241,-0.24224117994308472,-0.19480303674936295,0.24065061716608416,0.6666666666666667
2016-06-28,10,0.28962094,0.21302438,0.4973547,0.07659655,0.45590094,0.9355836,0.4,0.1,-0.06801525950431823,-0.16093823108822108,0.1446118101477623,-0.1983909234404564,0.24728546432271312,-0.33333333333333337
2016-06-29,5,0.26016107,0.11958381,0.6202551,0.14057724,0.39137465,0.42425874,0.4,0.0,-0.07344706356525421,-0.14458517003804444,0.21402430534362793,-0.034517901639143624,0.2410316019970338,-0.5
2016-06-30,7,0.095913336,0.3280051,0.5760816,-0.23209177,0.44358772,0.93611217,0.0,0.2857142857142857,-0.13733745962381363,-0.16903393510729076,-0.09475430995225906,-0.0049726590514183044,0.22982829590026965,0.3999999999999999
2016-07-01,3,0.12000222,0.65474683,0.22525088,-0.5347446,0.62360954,0.9648537,0.0,0.6666666666666666,-0.17407801896333694,-0.1507683986797929,-0.3606666013598442,-0.2087530493736267,0.2814239395753862,-0.5714285714285714
2016-07-05,10,0.1170277,0.32672164,0.5562507,-0.20969394,0.46368247,0.95695925,0.1,0.4,-0.15187130719423295,-0.14809875432401895,-0.05782263129949569,-0.3255101094643275,0.2711523875252671,2.3333333333333335
2016-07-06,5,0.25892487,0.5694937,0.17158139,-0.31056887,0.78053474,0.88395786,0.2,0.6,-0.22930439114570617,-0.14660309050232173,-0.08126447796821595,-0.35166914264361065,0.2434658141740579,-0.5
2016-07-07,8,0.13761324,0.6734989,0.18888779,-0.5358857,0.6300672,0.9507136,0.125,0.75,-0.36459697782993317,-0.18203921038657428,-0.17128871381282806,-0.35204949975013733,0.16028229944934963,0.6000000000000001
2016-07-08,6,0.27060303,0.46319255,0.26620445,-0.19258952,0.5075332,0.81391764,0.3333333333333333,0.3333333333333333,-0.35669652819633485,-0.16678333450108768,0.1641070067882538,-0.3463480273882548,0.16917336625141033,-0.25
2016-07-11,7,0.2053444,0.13897261,0.655683,0.066371776,0.2713587,0.37948436,0.2857142857142857,0.0,-0.236473248898983,-0.1451386732980609,0.30284502506256106,-0.22070114562908807,0.21765568796510462,0.16666666666666674
2016-07-12,5,0.43048668,0.3140775,0.25543582,0.1164092,0.8197682,0.9529174,0.4,0.4,-0.17125262171030045,-0.12818596195429563,0.28766181915998457,-0.0032695159316062927,0.27020188398448736,-0.2857142857142857
2016-07-13,3,0.37791872,0.29877666,0.32330465,0.079142086,0.83356637,0.8692723,0.3333333333333333,0.3333333333333333,-0.09331043064594269,-0.11700366456061602,0.17245251685380936,0.08730768660704295,0.27611129986759797,-0.4
2016-07-14,9,0.34217814,0.31605256,0.34176928,0.026125543,0.6212152,0.967478,0.4444444444444444,0.2222222222222222,0.019091816246509553,-0.10924808736890554,0.007033726572990416,0.07389227549235027,0.12264844499337876,2.0
2016-07-15,6,0.26748714,0.34222415,0.3902887,-0.07473705,0.7307779,0.954984,0.16666666666666666,0.3333333333333333,0.042662310600280764,-0.11510006450116635,-0.11739936023950577,0.01017685979604721,0.07312248385232821,-0.33333333333333337
2016-07-18,7,0.19730522,0.28199393,0.5207009,-0.084688716,0.5703525,0.9692672,0.14285714285714285,0.2857142857142857,0.012450212240219116,-0.10945188626646996,-0.0971389278769493,-0.04443340748548508,0.09011087790698252,0.16666666666666674
2016-07-19,6,0.054930195,0.4388319,0.5062379,-0.3839017,0.44236553,0.95205605,0.0,0.5,-0.08761196434497834,-0.12230555266141892,-0.2962897211313248,-0.18110915025075278,0.1793774244237126,-0.1428571428571429
2016-07-20,8,0.23609023,0.42044115,0.34346864,-0.18435094,0.63484406,0.9195726,0.25,0.5,-0.1403105691075325,-0.1327351626008749,-0.04404036849737167,-0.21764711290597916,0.15521826762944432,0.33333333333333326
2016-07-21,9,0.03887896,0.36640084,0.5947202,-0.32752192,0.37864718,0.9496153,0.0,0.3333333333333333,-0.21104006171226503,-0.15749807171523572,-0.11648185849189757,-0.2985915144284566,0.1402717429036998,0.125
2016-07-22,5,0.2185955,0.23079038,0.5506142,-0.012194848,0.5787599,0.9363102,0.2,0.2,-0.19853162132203578,-0.16247582463547589,0.1863367736339569,-0.17468923516571522,0.157228535946984,-0.4444444444444444
2016-07-25,7,0.09645646,0.13416357,0.76938,-0.03770711,0.20879044,0.55901754,0.0,0.14285714285714285,-0.18913529999554157,-0.1468090889044106,0.15142819099128246,-0.1258079589655002,0.16684282452292623,0.3999999999999999
2016-07-26,7,0.1816195,0.23853792,0.57984257,-0.056918424,0.5109827,0.8463155,0.14285714285714285,0.2857142857142857,-0.12373864762485028,-0.1336186352185905,0.06682022400200367,-0.03560679343839487,0.13182361241181204,0.0
2016-07-27,7,0.20721626,0.40732083,0.3854629,-0.20010456,0.6354394,0.97405404,0.14285714285714285,0.42857142857142855,-0.12688937298953534,-0.14745369097217917,-0.07321519143879412,-0.09824336568514506,0.1338078168103325,0.0
2016-07-28,9,0.34494323,0.43337882,0.22167799,-0.08843559,0.70011604,0.97468,0.4444444444444444,0.4444444444444444,-0.0790721070021391,-0.15890433257445694,-0.0093634832650423,-0.11515285943945248,0.07316240005882697,0.2857142857142858
2016-07-29,8,0.139786,0.43756405,0.42264992,-0.29777804,0.5398024,0.9761252,0.125,0.375,-0.13618874549865723,-0.16218864610418676,-0.16158929467201233,-0.1954393982887268,0.11006715285851554,-0.11111111111111116
2016-08-01,8,0.10649164,0.2006889,0.6928195,-0.09419725,0.39635032,0.96569574,0.0,0.125,-0.14748677387833595,-0.14016127763316036,0.05328952297568321,-0.16013696044683456,0.09985682027154014,0.0
2016-08-02,5,0.24141738,0.24686317,0.5117194,-0.0054457956,0.57674205,0.9587959,0.2,0.2,-0.13719224827364088,-0.12994887048844248,0.13174645267426968,-0.1324736955575645,0.11327915229013502,-0.375
2016-08-03,9,0.1329642,0.4614866,0.4055492,-0.3285224,0.6349199,0.97421706,0.1111111111111111,0.4444444444444444,-0.16287581818178296,-0.13084654773119836,-0.16564659578725696,-0.14272182015702128,0.14202086936365693,0.8
2016-08-04,3,0.20150132,0.648235,0.1502637,-0.44673362,0.87024987,0.9701643,0.3333333333333333,0.6666666666666666,-0.23453542487695814,-0.12638894433621317,-0.2121981988660991,-0.26023394443715614,0.18030399290280844,-0.6666666666666667
2016-08-05,5,0.38868302,0.2765519,0.33476508,0.11213112,0.7119344,0.93322796,0.4,0.2,-0.15255359308794142,-0.11115291232708842,0.2646847118623555,-0.22104163964589438,0.23054884504556256,0.6666666666666667
2016-08-08,5,0.07515563,0.053201098,0.87164325,0.02195454,0.091339126,0.07465244,0.0,0.0,-0.12932323487475514,-0.1133737741271034,0.15127777503803372,-0.10421598826845486,0.2433929220372819,0.0
2016-08-09,3,0.283994,0.329865,0.38614094,-0.04587102,0.8369204,0.9702138,0.3333333333333333,0.3333333333333333,-0.13740827962756158,-0.12148778496775776,0.09153726026415826,0.02940487985809644,0.23887877184904785,-0.4
2016-08-10,3,0.31547692,0.6148246,0.069698505,-0.29934767,0.91436595,0.9642076,0.3333333333333333,0.6666666666666666,-0.13157333061099052,-0.14041227272246032,-0.16777433827519417,-0.1077547160287698,0.2333354831881936,0.0
2016-08-11,6,0.33812216,0.26715448,0.39472333,0.0709677,0.7239479,0.9308875,0.3333333333333333,0.3333333333333333,-0.028033066540956497,-0.1381701650330797,0.09900076314806938,-0.09141699721415837,0.16269274475194306,1.0
2016-08-12,3,0.10562539,0.3390187,0.55535585,-0.23339331,0.4944777,0.825481,0.0,0.3333333333333333,-0.09713795259594918,-0.1461029781261459,-0.13625535890460014,-0.15392442792654037,0.16165172575714926,-0.5
2016-08-15,6,0.3132874,0.12165558,0.565057,0.19163184,0.49135393,0.28854665,0.3333333333333333,0.0,-0.06320249289274216,-0.13228695041034372,0.2548343315720558,0.009735407928625742,0.204921945601411,1.0
2016-08-16,4,0.26426715,0.03431836,0.70141447,0.22994879,0.23313695,0.08852278,0.25,0.0,-0.008038531243801116,-0.10159442669246346,0.23798732012510299,0.06272910535335541,0.2441280380575469,-0.33333333333333337
2016-08-17,2,0.11901192,0.5308423,0.3501458,-0.41183037,0.114116766,0.70272166,0.0,0.5,-0.030535070598125456,-0.11296839809510857,-0.38129529505968096,0.003250087300936381,0.28020097979583475,-0.5
2016-08-18,5,0.25285774,0.31300265,0.43413964,-0.060144864,0.55073434,0.9579055,0.2,0.4,-0.05675758272409439,-0.09959954528603703,-0.0033872812986373915,-0.0806754802664121,0.27440216094244196,1.5
2016-08-19,3,0.03248463,0.7027971,0.2647183,-0.67031246,0.31397662,0.8817987,0.0,0.6666666666666666,-0.14414141327142715,-0.13250542611349375,-0.526171050965786,-0.38076256463925046,0.3899538198498927,-0.4
2016-08-22,8,0.079218075,0.26194808,0.65883386,-0.18273,0.40140626,0.8323079,0.0,0.25,-0.2190137818455696,-0.1397565708728507,0.036283777654170984,-0.30439577748378116,0.3424076412721364,1.6666666666666665
2016-08-23,3,0.26033375,0.33647454,0.4031917,-0.07614077,0.79863346,0.9653454,0.3333333333333333,0.3333333333333333,-0.2802316933870316,-0.14071768813300878,0.20409092456102373,-0.3097277457515399,0.2593641820270812,-0.625
2016-08-24,1,0.27315032,0.013184592,0.7136651,0.25996572,0.0,0.013184592,0.0,0.0,-0.14587247669696807,-0.11771417402196675,0.40583819448947905,0.00036498159170150757,0.3366423000114957,-0.6666666666666667
2016-08-25,2,0.04011658,0.29261348,0.66726995,-0.2524969,0.28036892,0.48535568,0.0,0.5,-0.1843428835272789,-0.12591723941732197,-0.06815401464700699,-0.022890649735927582,0.33538479217915507,1.0
2016-08-26,4,0.22964281,0.5019002,0.26845703,-0.27225733,0.83777434,0.9667144,0.25,0.5,-0.10473185628652573,-0.12464120381046087,-0.16752547174692153,-0.0882628361384074,0.2178329481426188,1.0
2016-08-29,8,0.11983991,0.31068915,0.56947094,-0.19084923,0.5210532,0.9658852,0.125,0.25,-0.10635570138692856,-0.12947380274999887,-0.08449352830648423,-0.238534485300382,0.21858870038692516,1.0
2016-08-30,4,0.042308323,0.22507614,0.73261553,-0.18276784,0.37968406,0.767612,0.0,0.25,-0.12768111526966094,-0.1383399048820138,-0.055086722970008856,-0.2152914653221766,0.22010002605052753,-0.5
2016-08-31,4,0.099856935,0.28986788,0.6102752,-0.19001094,0.44122598,0.8742253,0.0,0.25,-0.21767644584178925,-0.13141433093696833,0.027665510773658752,-0.18787600100040436,0.041518753289376736,0.0
2016-09-01,6,0.17980324,0.3991017,0.4210951,-0.21929844,0.39027533,0.8349827,0.16666666666666666,0.3333333333333333,-0.21103675365448,-0.12004257161170244,-0.008261683583259571,-0.19735907018184662,0.036962707194395,0.5
2016-09-02,3,0.34244296,0.3748406,0.28271645,-0.03239764,0.47322527,0.6408685,0.3333333333333333,0.3333333333333333,-0.1630648158490658,-0.12726900950074196,0.13066717684268953,-0.14723567043741545,0.07436801624940893,-0.5
2016-09-06,14,0.26028788,0.1300033,0.60970885,0.13028458,0.38319445,0.766373,0.35714285714285715,0.07142857142857142,-0.09883805438876152,-0.12185250762850046,0.22912263199687005,-0.04047049954533577,0.14729130652733163,3.666666666666667
2016-09-07,2,0.36861354,0.52376455,0.10762191,-0.15515104,0.9362896,0.8383384,0.5,0.5,-0.09331469461321831,-0.12731650862842797,-0.06183634474873542,-0.019088033586740494,0.1438343857161717,-0.8571428571428572
2016-09-08,4,0.12495285,0.37856275,0.49648443,-0.2536099,0.529543,0.9566238,0.0,0.5,-0.10603448674082756,-0.12502961996942757,-0.1475754089653492,-0.092825452486674,0.1567551793991698,1.0
2016-09-09,3,0.23263602,0.39841583,0.3689481,-0.16577981,0.6110168,0.7197966,0.3333333333333333,0.3333333333333333,-0.09533076211810113,-0.1368669955059886,-0.07044905200600624,-0.19151358306407928,0.14870833713332635,-0.25
2016-09-12,11,0.21542293,0.09205303,0.692524,0.12336989,0.34823576,0.4500331,0.18181818181818182,0.0,-0.06417725682258606,-0.11902883555740118,0.1875471442937851,-0.09867327411969502,0.17851706488248828,2.6666666666666665
2016-09-13,8,0.18960029,0.462199,0.34820068,-0.2725987,0.5695054,0.8930312,0.125,0.5,-0.14475391507148744,-0.14224036317318678,-0.12784479856491088,-0.10500288009643555,0.1586146896999721,-0.2727272727272727
2016-09-14,2,0.389824,0.2508152,0.3593608,0.13900879,0.43220475,0.4870931,0.0,0.5,-0.0859219491481781,-0.14678736310452223,0.224930739402771,-0.003406678636868795,0.20232501749841214,-0.75
2016-09-15,9,0.30663365,0.36744663,0.32591975,-0.060812958,0.6699404,0.97172606,0.3333333333333333,0.3333333333333333,-0.04736256152391434,-0.1292364927008748,-0.0134503960609436,-0.06480096032222112,0.17945663333353598,3.5
2016-09-16,4,0.035971537,0.62434465,0.3396838,-0.5883731,0.4135072,0.9654417,0.0,0.75,-0.13188122361898422,-0.15564790572971104,-0.45649190098047254,-0.1700590973099073,0.30486533724903164,-0.5555555555555556
2016-09-19,11,0.18216051,0.1709077,0.64693177,0.011252802,0.45449626,0.9379856,0.18181818181818182,0.09090909090909091,-0.15430464074015618,-0.12156964242458343,0.16555744260549546,-0.2126444267729918,0.28486473403419327,1.75
2016-09-20,2,0.09857922,0.46648282,0.43493786,-0.3679036,0.7368459,0.9157058,0.0,0.5,-0.17336561605334283,-0.1308283217251301,-0.1945379741489887,-0.31500797097881633,0.29766007727565713,-0.8181818181818181
2016-09-21,7,0.21652293,0.39990455,0.38357252,-0.18338163,0.6954624,0.96617836,0.14285714285714285,0.42857142857142855,-0.23784370049834253,-0.13619036488234998,0.054462068527936947,-0.18001080676913261,0.24297197390086658,2.5
2016-09-22,5,0.04386885,0.6031197,0.35301152,-0.5592508,0.36917618,0.872885,0.0,0.6,-0.33753126338124273,-0.17715118937194346,-0.2217195086181164,-0.3701786647240321,0.25417321412367194,-0.2857142857142857
2016-09-23,3,0.049200643,0.11541749,0.8353818,-0.066216834,0.16940807,0.29676628,0.0,0.0,-0.2331000052392483,-0.1678371861577034,0.16688317134976388,-0.2696164126197497,0.2316120317671629,-0.4
2016-09-26,10,0.06681436,0.23476624,0.6984194,-0.16795187,0.3505606,0.89930934,0.0,0.2,-0.2689409390091896,-0.1626219131052494,0.10098907202482221,-0.26447315762440365,0.1953776189510532,2.3333333333333335
2016-09-27,6,0.3277767,0.07326981,0.5989535,0.25450692,0.41696826,0.11864121,0.3333333333333333,0.0,-0.1444588378071785,-0.14035410583019256,0.3989657536149025,0.006779404977957408,0.29129655796578097,-0.4
2016-09-28,10,0.035008468,0.35790032,0.6070912,-0.32289183,0.41941726,0.95748407,0.0,0.3,-0.17236087769269942,-0.14736030548810958,-0.15053095370531083,-0.07877892752488454,0.30242580448694073,0.6666666666666667
2016-09-29,9,0.056855813,0.28824696,0.6548972,-0.23139116,0.3981916,0.9045233,0.0,0.3333333333333333,-0.10678895562887192,-0.14942931681871413,-0.12460220605134964,-0.09992535909016927,0.2225690163598693,-0.09999999999999998
2016-09-30,7,0.03280568,0.29482874,0.6723656,-0.26202306,0.42030826,0.9213207,0.0,0.2857142857142857,-0.14595020115375518,-0.1515655480325222,-0.11607286036014558,-0.2721020181973775,0.23072244309222867,-0.2222222222222222
2016-10-03,8,0.05856708,0.4519794,0.48945352,-0.39341232,0.4848196,0.95099705,0.0,0.5,-0.1910422921180725,-0.16961628217250108,-0.20237002968788148,-0.29560884833335876,0.25667018112086804,0.1428571428571428
2016-10-04,6,0.03629969,0.3879552,0.5757451,-0.3516555,0.45014358,0.9495051,0.0,0.3333333333333333,-0.31227477788925173,-0.19371328670531512,-0.039380735158920266,-0.3356969654560089,0.06579182990580443,-0.25
2016-10-05,2,0.3281067,0.038505327,0.633388,0.28960136,0.28437784,0.05648137,0.5,0.0,-0.18977614045143126,-0.17147566694766284,0.4793774962425232,-0.151822159687678,0.27587444477859646,-0.6666666666666667
2016-10-06,3,0.08832004,0.8227647,0.08891524,-0.7344447,0.22939768,0.96763706,0.0,1.0,-0.29038684368133544,-0.1955174060538411,-0.444057834148407,-0.2654996116956075,0.3703870525286596,0.5
2016-10-07,7,0.21169268,0.3673108,0.42099652,-0.1556181,0.6394922,0.9518667,0.14285714285714285,0.42857142857142855,-0.26910585165023804,-0.19500932041555644,0.11348775029182434,-0.2001538077990214,0.37544639476987735,1.3333333333333335
2016-10-10,7,0.1630206,0.24702989,0.58994955,-0.08400929,0.4789501,0.88261503,0.14285714285714285,0.2857142857142857,-0.20722524523735047,-0.20537827927619218,0.12321595549583436,-0.32469068964322406,0.37533404216794547,0.0
2016-10-11,4,0.06705068,0.02639927,0.90655005,0.040651407,0.03219623,0.044996455,0.0,0.0,-0.12876386120915412,-0.1897157732397318,0.1694152683019638,-0.06632532800237338,0.37858432397317954,-0.4285714285714286
2016-10-12,6,0.20941074,0.21850283,0.5720864,-0.0090920925,0.43048352,0.8256968,0.16666666666666666,0.16666666666666666,-0.18850255087018014,-0.19712081737816334,0.17941045835614206,-0.017483325054248173,0.31414673468293036,0.5
2016-10-13,8,0.09361319,0.40576723,0.50061953,-0.31215405,0.36321402,0.9135747,0.0,0.5,-0.10404442623257637,-0.20968787223100663,-0.20810962840914726,-0.09353158002098401,0.13813371959546852,0.33333333333333326
2016-10-14,6,0.22978263,0.35654584,0.4136715,-0.12676324,0.56368774,0.918595,0.3333333333333333,0.3333333333333333,-0.09827345386147499,-0.18660737797617913,-0.028489785641431814,-0.14933646221955618,0.13602709092034274,-0.25
2016-10-17,8,0.14802596,0.26187986,0.59009415,-0.113853894,0.55397576,0.9105004,0.125,0.25,-0.10424237474799156,-0.19286271277815104,-0.009611519426107412,-0.1842570627729098,0.13589943112146516,0.33333333333333326
2016-10-18,6,0.27024552,0.20166051,0.52809393,0.068585016,0.4823835,0.5934352,0.16666666666666666,0.16666666666666666,-0.09865565299987793,-0.17103828247636557,0.16724066883325578,-0.05734403928120931,0.14369556633394492,-0.25
2016-10-19,3,0.33816037,0.024303494,0.6375362,0.31385687,0.50419295,0.03183373,0.3333333333333333,0.0,-0.03406586050987244,-0.1461763573810458,0.3479227304458618,0.08952933053175609,0.23657948287976954,-0.5
2016-10-20,5,0.0390582,0.5510476,0.40989417,-0.5119894,0.49067393,0.93290144,0.0,0.6,-0.07403293251991272,-0.14381328951567413,-0.43795648217201233,-0.04318250964085261,0.3028904309233989,0.6666666666666667
2016-10-21,5,0.10905043,0.23877406,0.65217555,-0.12972362,0.4518121,0.92381227,0.0,0.2,-0.07462500929832458,-0.1469886289909482,-0.055098614096641546,-0.10928538938363393,0.30302213928231025,0.0
2016-10-24,8,0.2562605,0.3592396,0.38449988,-0.1029791,0.65971696,0.8746571,0.25,0.5,-0.07245005071163177,-0.1437399907037616,-0.03052905052900315,-0.24823071310917535,0.30270904532154236,0.6000000000000001
2016-10-25,4,0.034678526,0.48097172,0.48434976,-0.4462932,0.4974991,0.958485,0.0,0.5,-0.17542569488286971,-0.17877999674528838,-0.27086751013994215,-0.22633197655280432,0.32915762259345016,-0.5
2016-10-26,5,0.09142553,0.39500114,0.5135733,-0.30357563,0.47731885,0.9729039,0.0,0.4,-0.29891219586133955,-0.17781418692320586,-0.004663439095020316,-0.2842826470732689,0.18313885533324056,0.25
2016-10-27,9,0.39483857,0.33726385,0.26789755,0.057574715,0.6783567,0.9563766,0.5555555555555556,0.3333333333333333,-0.18499936982989312,-0.1633658930659294,0.24257408529520036,-0.23076470817128816,0.1942676751426759,0.8
2016-10-28,4,0.38975868,0.21266252,0.39757884,0.17709616,0.60762566,0.74593264,0.25,0.25,-0.12363541349768639,-0.141409932076931,0.30073157176375387,-0.02296825374166171,0.25504401877950916,-0.5555555555555556
2016-10-31,9,0.17334297,0.17145184,0.6552052,0.0018911407,0.42349833,0.68079823,0.1111111111111111,0.2222222222222222,-0.10266136510763317,-0.12164475895115175,0.10455250581726432,0.07885400481366862,0.26140030848612766,1.25
2016-11-01,6,0.10587394,0.32742804,0.566698,-0.22155412,0.37430644,0.9231859,0.0,0.16666666666666666,-0.05771354718599468,-0.11513968906947411,-0.16384056822862475,-0.014188938812973598,0.19954422949502665,-0.33333333333333337
2016-11-02,4,0.644189,0.17502719,0.18078381,0.4691618,0.71509874,0.62112,0.75,0.25,0.09683394150342792,-0.10616166643449106,0.37232786698732523,0.08316627792858829,0.2534740820156552,-0.33333333333333337
2016-11-03,4,0.0629686,0.0658628,0.8711686,-0.0028941985,0.09424682,0.163717,0.0,0.0,0.08474015870597214,-0.06958414246910252,-0.08763435722794384,0.08157116485138734,0.25723022673607476,0.0
2016-11-04,5,0.35048813,0.07977431,0.56973755,0.2707138,0.38329756,0.21487086,0.4,0.0,0.10346368828322738,-0.04826754709356464,0.16725011786911637,0.24566047204037508,0.2687811713445442,0.25
2016-11-07,7,0.11668832,0.18435179,0.6989599,-0.067663476,0.42917264,0.96764284,0.0,0.14285714285714285,0.08955276496708393,-0.04745025640004315,-0.15721624083817004,0.06671871058642864,0.2770258233589198,0.3999999999999999
2016-11-08,2,0.044618107,0.52544373,0.42993814,-0.48082566,0.62330747,0.9348338,0.0,0.5,0.03769845552742481,-0.07352410988532938,-0.5185241181403398,-0.0925917774438858,0.3612730753257246,-0.7142857142857143
2016-11-09,9,0.36030462,0.35710153,0.28259388,0.0032031138,0.69148475,0.948053,0.4444444444444444,0.3333333333333333,-0.05549328341148794,-0.07290934956981801,0.058696397207677366,-0.18176200822927058,0.2709606717033541,3.5
2016-11-10,4,0.0658192,0.19742021,0.7367606,-0.131601,0.3304024,0.6727057,0.0,0.25,-0.08123464486561716,-0.06388169712736272,-0.05036636092700064,-0.20307451820311448,0.27082807076953785,-0.5555555555555556
2016-11-11,2,0.49155313,0.02856365,0.47988328,0.46298948,0.6367244,0.035733517,0.5,0.0,-0.04277951023541391,-0.03439406118704937,0.5057689895387739,0.11153052910231054,0.33849282633588124,-0.5
2016-11-14,14,0.21461323,0.0503507,0.735036,0.16426253,0.24840859,0.15900323,0.07142857142857142,0.0,0.0036056915763765574,-0.020488239818951114,0.16065684161148966,0.16521700223286948,0.34992814804861716,6.0
2016-11-15,8,0.16080378,0.09406958,0.7451266,0.0667342,0.19509922,0.53772485,0.125,0.125,0.11311766454018653,-0.020580780500313266,-0.04638346233405173,0.23132873823245367,0.22312885627338144,-0.4285714285714286
2016-11-16,1,0.024374684,0.92746794,0.048157383,-0.9030933,0.0,0.92746794,0.0,1.0,-0.06814161390066147,-0.08142828791751526,-0.8349516645073891,-0.22403218100468317,0.5136815131979822,-0.875
2016-11-17,6,0.08471022,0.24676569,0.6685241,-0.16205545,0.28749076,0.76251906,0.0,0.16666666666666666,-0.07423250228166581,-0.06393158956780098,-0.08782294541597366,-0.3328048412998517,0.5148014197625808,5.0
2016-11-18,3,0.3123853,0.36955965,0.318055,-0.05717436,0.90543044,0.95824903,0.3333333333333333,0.3333333333333333,-0.1782652698457241,-0.060304126323899254,0.12109091132879257,-0.3741076948742072,0.4235715542543092,-0.5
2016-11-21,9,0.05596068,0.32543156,0.61860776,-0.26947087,0.40879717,0.9590386,0.0,0.3333333333333333,-0.26501195058226584,-0.06862871478660963,-0.0044589199125766865,-0.16290022556980452,0.37782922032922345,2.0
2016-11-22,7,0.20739135,0.08308958,0.709519,0.12430177,0.19154114,0.22459613,0.14285714285714285,0.0,-0.25349843725562093,-0.040098966093501075,0.3778002060949802,-0.06744782005747159,0.39110949113794735,-0.2222222222222222
2016-11-23,5,0.09797082,0.34208775,0.5599414,-0.24411693,0.30631375,0.85592663,0.0,0.2,-0.1217031680047512,-0.03712603095336817,-0.12241376414895058,-0.12976201126972833,0.16057017642943347,-0.2857142857142857
2016-11-25,2,0.42684743,0.014141082,0.55901146,0.41270638,0.5166967,0.015219252,0.5,0.0,-0.00675080344080925,-0.01936944797053002,0.41945717856287956,0.09763040393590927,0.2832958475466574,-0.6
2016-11-28,4,0.038087234,0.26977757,0.6921352,-0.23169032,0.29570094,0.71668226,0.0,0.25,-0.04165399521589279,-0.03980877175345086,-0.19003632217645644,-0.021033624807993572,0.3012433546978732,1.0
2016-11-29,7,0.45094153,0.24201074,0.3070477,0.20893076,0.5730978,0.90540683,0.5714285714285714,0.14285714285714285,0.054026331007480624,-0.029456790757831187,0.15490442961454393,0.1299822727839152,0.2864039114886279,0.75
2016-11-30,4,0.05384468,0.48181638,0.46433893,-0.42797172,0.47810772,0.9469555,0.0,0.5,-0.05642836689949036,-0.039777671021874995,-0.3715433537960052,-0.15024375915527344,0.3516003005183388,-0.4285714285714286
2016-12-01,6,0.17479648,0.2092437,0.6159598,-0.03444722,0.35418946,0.7204851,0.0,0.16666666666666666,-0.014494424313306808,-0.06495812240755186,-0.019952794909477232,-0.08449605976541837,0.33576590837972176,0.5
2016-12-02,10,0.22794433,0.22929509,0.5427606,-0.0013507486,0.50010043,0.78152275,0.2,0.2,-0.09730584905482828,-0.06488094991073012,0.0959551004692912,-0.15458989616793892,0.24204263764626616,0.6666666666666667
2016-12-05,7,0.24693754,0.28397325,0.46908924,-0.037035696,0.5540975,0.9461039,0.14285714285714285,0.2857142857142857,-0.05837492481805384,-0.08026842502877116,0.02133922860957682,-0.02427788800559938,0.23039844587104089,-0.30000000000000004
2016-12-06,6,0.13148628,0.18101634,0.68749744,-0.04953006,0.4022163,0.81842524,0.0,0.16666666666666666,-0.11006708876229823,-0.07936175419017673,0.060537029663100844,-0.029305501297737162,0.17860520607891378,-0.1428571428571429
2016-12-07,4,0.21070829,0.107425384,0.6818663,0.103282906,0.1345358,0.33458123,0.25,0.0,-0.0038161634001880884,-0.05015632575377822,0.10709906951524317,0.005572383602460225,0.06246568690494546,-0.33333333333333337
2016-12-08,9,0.23971759,0.41488653,0.34539586,-0.17516893,0.64188004,0.95399284,0.2222222222222222,0.4444444444444444,-0.031960505852475764,-0.05907492801779881,-0.14320842563174666,-0.040472028156121574,0.10008850789541511,1.25
2016-12-09,4,0.053713858,0.24798024,0.6983059,-0.19426638,0.46937856,0.92197835,0.0,0.25,-0.07054363191127777,-0.06220819667214528,-0.12372274696826935,-0.08871746808290482,0.12045101571563656,-0.5555555555555556
2016-12-12,11,0.15558855,0.28929326,0.5551182,-0.1337047,0.4696617,0.92334056,0.09090909090909091,0.2727272727272727,-0.08987743407487869,-0.09204290598863736,-0.043827272951602936,-0.1677133391300837,0.1214818390458561,1.75
2016-12-13,4,0.08194836,0.23308498,0.6849666,-0.1511366,0.21411347,0.49052933,0.0,0.25,-0.1101987436413765,-0.10781286299461498,-0.040937863290309906,-0.15970256427923837,0.12154355839681298,-0.6363636363636364
2016-12-14,6,0.25266272,0.10859584,0.63874143,0.14406689,0.29227954,0.25124446,0.3333333333333333,0.0,-0.10204194784164429,-0.10394622884923592,0.2461088329553604,-0.0469248096148173,0.1394948699289155,0.5
2016-12-15,4,0.15712225,0.4607482,0.38212955,-0.30362594,0.40421465,0.8795735,0.0,0.5,-0.12773334980010986,-0.07397286199266091,-0.17589259147644043,-0.10356522103150685,0.16569820830766793,-0.33333333333333337
2016-12-16,4,0.070090815,0.59273136,0.33717784,-0.5226405,0.46222922,0.96709967,0.0,0.75,-0.19340817928314208,-0.09200211592251435,-0.3292323470115662,-0.22739986081918082,0.2448380602029681,0.0
2016-12-19,8,0.050851464,0.34277642,0.6063721,-0.29192495,0.40851963,0.8898809,0.0,0.375,-0.22505222856998444,-0.10373964566970244,-0.06687272489070892,-0.3727304736773173,0.24541649486857908,1.0
2016-12-20,6,0.20285083,0.097535886,0.6996133,0.10531495,0.3509109,0.35962808,0.16666666666666666,0.0,-0.17376191765069962,-0.08500035476172343,0.2790768653154373,-0.2364168440302213,0.2878552135425293,-0.25
2016-12-21,9,0.18872717,0.2873844,0.5238884,-0.098657206,0.56665164,0.96164465,0.1111111111111111,0.2222222222222222,-0.2223067358136177,-0.09614830348873511,0.12364953011274338,-0.09508907049894333,0.23679372293861117,0.5
2016-12-22,4,0.0806991,0.1264791,0.7928218,-0.04578001,0.1458932,0.34419486,0.0,0.0,-0.17073754966259003,-0.08623145740712061,0.12495753914117813,-0.013040756185849508,0.24266078981593914,-0.5555555555555556
2016-12-23,8,0.22477692,0.23835899,0.5368641,-0.013582058,0.5654401,0.94462657,0.25,0.25,-0.0689258560538292,-0.10754587907576933,0.055343797802925115,-0.05267309149106344,0.1454055315292923,1.0
2016-12-27,8,0.12524708,0.2146298,0.66012317,-0.08938272,0.35588104,0.82108784,0.125,0.125,-0.028417409956455232,-0.10043049935484305,-0.060965313017368315,-0.04958159724871317,0.08224398052601045,0.0
2016-12-28,2,0.034333955,0.14442451,0.8212415,-0.11009056,0.11229723,0.22380817,0.0,0.0,-0.07149851173162461,-0.11638156544649973,-0.03859204947948455,-0.07101844747861226,0.04050476157558985,-0.75
2016-12-29,1,0.032963015,0.15285891,0.814178,-0.1198959,0.0,0.15285891,0.0,0.0,-0.07574625015258789,-0.1009777743020095,-0.04414964765310288,-0.1064563939968745,0.04493617349475733,-0.5
2016-12-30,2,0.017943218,0.93173516,0.0503216,-0.913792,0.061687518,0.9702553,0.0,1.0,-0.24934865087270736,-0.14494501404697074,-0.6644433632493019,-0.3812594910462697,0.37376824305440826,1.0
2017-01-03,6,0.21004938,0.08575708,0.7041936,0.12429229,0.41674307,0.3608039,0.16666666666666666,0.0,-0.22177378088235855,-0.1386628620326519,0.34606607258319855,-0.30313187340895337,0.39969694724870847,2.0
2017-01-04,7,0.26147833,0.27332276,0.46519896,-0.011844431,0.5528636,0.7806177,0.2857142857142857,0.2857142857142857,-0.2062661224976182,-0.13740329877473414,0.1944216914474964,-0.26711471782376367,0.4075448137701248,0.16666666666666674
2017-01-05,2,0.058565963,0.026211003,0.91522306,0.03235496,0.015850836,0.03185133,0.0,0.0,-0.177777018584311,-0.13330904790200293,0.21013197693973779,0.048267606335381665,0.42071464122178087,-0.7142857142857143
2017-01-06,5,0.22435161,0.18391764,0.5917307,0.040433966,0.5374533,0.4521883,0.2,0.0,-0.1457110458984971,-0.13645149492658676,0.18614501152187585,0.02031483097622792,0.4321828067549512,1.5
2017-01-09,4,0.05955819,0.1322541,0.8081877,-0.07269591,0.183347,0.31608164,0.0,0.0,0.022508174739778043,-0.1313278438989073,-0.09520408567041158,3.100434939066569e-05,0.07249520509112,-0.19999999999999996
2017-01-10,5,0.089558385,0.21692562,0.693516,-0.12736723,0.3313253,0.5599474,0.0,0.2,-0.027823729254305363,-0.1279828863684088,-0.09954349901527167,-0.053209724525610604,0.07151633765815237,0.25
2017-01-11,6,0.107843466,0.4702305,0.42192605,-0.36238703,0.49824578,0.93450725,0.16666666666666666,0.3333333333333333,-0.09793224930763245,-0.13941700258292258,-0.26445478200912476,-0.1874833901723226,0.16398139254472877,0.19999999999999996
2017-01-12,2,0.3977336,0.33070892,0.27155754,0.06702471,0.7096324,0.47335947,0.5,0.0,-0.09099829941987991,-0.12850893684662879,0.15802300721406937,-0.1409098505973816,0.1714316418532906,-0.6666666666666667
2017-01-13,9,0.2734964,0.24132922,0.4851744,0.032167163,0.523332,0.9596746,0.2222222222222222,0.2222222222222222,-0.09265165999531746,-0.13410392296500503,0.12481882274150849,-0.08773172025879224,0.1698799974130842,3.5
2017-01-17,12,0.2697895,0.13795994,0.5922506,0.13182953,0.5018977,0.9658246,0.25,0.08333333333333333,-0.05174657180905342,-0.1123311494011432,0.18357610180974007,0.07700713351368904,0.19815669029075028,0.33333333333333326
2017-01-18,7,0.09011878,0.28688613,0.6229951,-0.19676732,0.36123785,0.80520827,0.0,0.2857142857142857,-0.06562658920884132,-0.09603748884983361,-0.13114072605967522,-0.01092354084054629,0.20701059970618663,-0.41666666666666663
2017-01-19,6,0.2553164,0.34750068,0.3971829,-0.0921843,0.67430204,0.9605887,0.3333333333333333,0.3333333333333333,-0.011586042493581772,-0.08605045606382192,-0.08059825524687766,-0.05237402766942978,0.1317670311561319,-0.1428571428571429
2017-01-20,2,0.6165403,0.12704241,0.2564173,0.48949787,0.4097792,0.18658781,0.5,0.0,0.07290858998894692,-0.06684130993671715,0.416589280217886,0.06684875239928563,0.26394077219774453,-0.6666666666666667
2017-01-23,7,0.064751215,0.21298681,0.72226197,-0.14823559,0.35290504,0.9101426,0.0,0.14285714285714285,0.036828039586544035,-0.0693202291149646,-0.1850636288523674,0.08302599440018336,0.2825751132226413,2.5
2017-01-24,5,0.100979224,0.14214167,0.7568791,-0.041162465,0.20877902,0.43098673,0.0,0.0,0.002229640632867813,-0.06908935182727874,-0.043392105400562285,0.10003327205777168,0.2785977243216846,-0.2857142857142857
2017-01-25,3,0.12250593,0.3777806,0.4997135,-0.25527468,0.5949536,0.90188825,0.0,0.3333333333333333,-0.00947183296084404,-0.08117398307658732,-0.24580285027623178,-0.14822424575686455,0.2900391499096558,-0.4
2017-01-26,5,0.23675561,0.20517167,0.5580727,0.031583916,0.51788116,0.84791166,0.4,0.2,0.015281809866428376,-0.07512565110810102,0.01630210652947426,-0.08828441053628922,0.2864748429096729,0.6666666666666667
2017-01-27,7,0.36398295,0.14277665,0.4932404,0.22120629,0.5077616,0.4642505,0.42857142857142855,0.0,-0.038376505672931674,-0.05856080842204392,0.2595827981829643,-0.0008281581103801727,0.1812451992572088,0.3999999999999999
2017-01-30,9,0.08761608,0.17226973,0.7401142,-0.084653646,0.32538232,0.825292,0.0,0.2222222222222222,-0.025660116970539094,-0.056798695819452405,-0.05899352878332138,0.056045521050691605,0.17368312508213743,0.2857142857142858
2017-01-31,2,0.034183532,0.24599198,0.7198245,-0.21180846,0.24385554,0.41256967,0.0,0.0,-0.059789315611124036,-0.021699518011882902,-0.15201914235949515,-0.025085270404815674,0.19316455602918275,-0.7777777777777778
2017-02-01,3,0.279649,0.06332476,0.65702623,0.21632425,0.16159707,0.16679949,0.3333333333333333,0.0,0.03453047201037407,-0.017097919853404163,0.18179378286004066,-0.026712616284688313,0.18893996797077697,0.5
2017-02-02,6,0.043880418,0.40241456,0.55370504,-0.35853413,0.3580053,0.91735876,0.0,0.3333333333333333,-0.04349313676357269,-0.034432404674589634,-0.3150409907102585,-0.11800611019134521,0.2582856584938142,1.0
2017-02-03,5,0.21332867,0.09191647,0.6947549,0.1214122,0.27022722,0.2050319,0.2,0.0,-0.06345195472240447,-0.02997954245656729,0.1848641574382782,-0.006932556629180908,0.23557490135508014,-0.16666666666666663
2017-02-06,5,0.08379272,0.20289993,0.7133074,-0.1191072,0.2744714,0.7354895,0.0,0.2,-0.07034266591072083,-0.03795660082250833,-0.04876453578472137,-0.11874304215113322,0.23685054459693328,0.0
2017-02-07,2,0.107859105,0.027216429,0.8649245,0.08064268,0.14580417,0.042028695,0.0,0.0,-0.011852438747882842,-0.030289671383798122,0.09249511659145356,0.027649226288000744,0.22916762000832533,-0.6
2017-02-08,2,0.01740481,0.94657695,0.03601821,-0.92917216,0.033268824,0.9645362,0.0,1.0,-0.2409517213702202,-0.07037991788238288,-0.6882204368710518,-0.3225455606977145,0.4292579789624254,0.0
2017-02-09,4,0.047867935,0.7152655,0.23686658,-0.6673975,0.31504372,0.960101,0.0,1.0,-0.3027243956923485,-0.08563044127076865,-0.36467310339212416,-0.5053089931607246,0.47063805430826683,1.0
2017-02-10,5,0.15979333,0.2186871,0.62151957,-0.05889377,0.40596458,0.761978,0.2,0.2,-0.33878559023141863,-0.09192636515945196,0.2798918202519417,-0.5518211424350739,0.43562030021011244,0.25
2017-02-13,9,0.14202946,0.2990356,0.5589349,-0.15700611,0.4819301,0.7917159,0.1111111111111111,0.4444444444444444,-0.3463653728365898,-0.10138502903282642,0.18935925811529158,-0.29443246126174927,0.43114907561824156,0.8
2017-02-14,4,0.043513715,0.39234352,0.5641428,-0.3488298,0.3759323,0.814564,0.0,0.5,-0.4322598695755005,-0.12541799582540988,0.08343006372451783,-0.18824323018391928,0.3620562721663978,-0.5555555555555556
2017-02-15,3,0.15112545,0.6230497,0.22582489,-0.47192422,0.76372,0.9406012,0.0,0.6666666666666666,-0.3408102810382843,-0.1391758408397436,-0.13111393451690673,-0.325920045375824,0.24350322295450522,-0.25
2017-02-16,5,0.059864152,0.15622929,0.7839066,-0.09636514,0.14699784,0.35757002,0.0,0.0,-0.22660380899906157,-0.1393848828971386,0.1302386701107025,-0.30570638676484424,0.17681480679530626,0.6666666666666667
2017-02-17,2,0.11650941,0.30204928,0.58144134,-0.18553986,0.3075157,0.5862556,0.0,0.5,-0.2519330263137817,-0.17313676923513413,0.06639316976070403,-0.2512764036655426,0.15443902385885158,-0.6
2017-02-21,7,0.15864392,0.09687235,0.74448365,0.061771553,0.3461447,0.34721187,0.14285714285714285,0.0,-0.20817749276757241,-0.16263641212135554,0.2699490457773209,-0.0733778141438961,0.20930382182750412,2.5
2017-02-22,7,0.12417411,0.096267514,0.77955836,0.027906597,0.25597662,0.3405163,0.14285714285714285,0.0,-0.13283021226525307,-0.15918295904994012,0.1607368089258671,-0.03195390229423841,0.21377495178127442,0.0
2017-02-23,2,0.09775439,0.027288686,0.8749569,0.07046571,0.111924656,0.04443254,0.0,0.0,-0.02435222789645195,-0.1428959395736456,0.09481793418526649,0.05338128531972567,0.11214504225143143,-0.7142857142857143
2017-02-24,2,0.057911813,0.31390834,0.62817985,-0.25599653,0.47556227,0.6127465,0.0,0.5,-0.05627850517630577,-0.15727496165782212,-0.1997180201113224,-0.052541407446066536,0.1530382527882115,0.0
2017-02-27,7,0.10276027,0.31491107,0.5823287,-0.21215078,0.382837,0.80732787,0.0,0.42857142857142855,-0.061600690335035325,-0.17894281540066004,-0.15055009201169015,-0.13256053378184637,0.15900382764425666,2.5
2017-02-28,3,0.05113573,0.5737369,0.3751274,-0.5226012,0.40306804,0.84629935,0.0,0.6666666666666666,-0.17847523838281631,-0.20084019247442483,-0.3441259488463402,-0.33024949828783673,0.23986001991991832,-0.5714285714285714
2017-03-01,5,0.0489457,0.5540319,0.39702237,-0.5050862,0.38417837,0.94937325,0.0,0.6,-0.28507379442453384,-0.21550407875329256,-0.2200123891234398,-0.41327938437461853,0.24361665765030416,0.6666666666666667
2017-03-02,2,0.23125932,0.49485573,0.27388486,-0.26359642,0.72779524,0.8807065,0.0,0.5,-0.3518862187862396,-0.23950011227279902,0.08828980326652525,-0.4304279287656148,0.14927302546885585,-0.6
2017-03-03,6,0.17469145,0.18467379,0.6406347,-0.009982337,0.44634694,0.8650933,0.16666666666666666,0.16666666666666666,-0.302683381177485,-0.2220725227613002,0.29270104393363,-0.2595549787705143,0.21490031368126639,2.0
2017-03-06,6,0.25868824,0.21989088,0.52142096,0.03879739,0.5184457,0.90993965,0.3333333333333333,0.16666666666666666,-0.2524937467649579,-0.2262032634112984,0.29129113648086785,-0.0782604543492198,0.26483322474144333,0.0
2017-03-07,7,0.21684091,0.38216633,0.40099278,-0.16532539,0.6433198,0.924096,0.14285714285714285,0.42857142857142855,-0.18103858698159456,-0.22851417274214328,0.015713198669254774,-0.045503445280094944,0.2177485027105129,0.16666666666666674
2017-03-08,4,0.08005048,0.27957028,0.64037925,-0.19951978,0.43462333,0.8903958,0.0,0.25,-0.11992530692368746,-0.24252229579724371,-0.07959447633475066,-0.10868259395162265,0.12876158832205806,-0.4285714285714286
2017-03-09,4,0.092092566,0.120026484,0.78788096,-0.027933918,0.044466205,0.32401726,0.0,0.0,-0.07279280740767717,-0.19746038378216327,0.04485888946801424,-0.13092636317014694,0.10372060084397638,0.0
2017-03-10,6,0.27642646,0.25020203,0.4733715,0.026224421,0.47985587,0.65341103,0.3333333333333333,0.3333333333333333,-0.06555145569145679,-0.16277928776107728,0.09177587702870368,-0.06707642662028472,0.11025983256661975,0.5
2017-03-13,8,0.238204,0.05341063,0.70838535,0.18479338,0.26627442,0.1993148,0.25,0.0,-0.036352257058024404,-0.15059493011794983,0.22114563994109632,0.061027962093551956,0.15504016686762115,0.33333333333333326
2017-03-14,8,0.10090032,0.2486374,0.65046227,-0.14773706,0.28703496,0.8258993,0.125,0.125,-0.03283459059894085,-0.15013147718273104,-0.11490246541798114,0.0210935827344656,0.15154244317710436,0.0
2017-03-15,4,0.10451258,0.09983711,0.7956503,0.004675471,0.07300801,0.2610928,0.0,0.0,0.00800446029752493,-0.13245621332898735,-0.0033289890736341483,0.013910599363346895,0.1195244318452738,-0.5
2017-03-16,4,0.12348831,0.54271674,0.33379498,-0.4192284,0.55701864,0.9380817,0.0,0.5,-0.07025443706661463,-0.12982142278924585,-0.3489739676937461,-0.18742999651779732,0.2279026316783867,0.0
2017-03-17,5,0.10495613,0.4006144,0.49442944,-0.2956583,0.55131555,0.9632228,0.0,0.4,-0.134630979411304,-0.1397860803641379,-0.16102731097489595,-0.23673707464088997,0.23902691744595123,0.25
2017-03-20,8,0.0975616,0.4050819,0.4973565,-0.3075203,0.49053273,0.9453087,0.125,0.375,-0.2330937160179019,-0.14588510254397988,-0.0744265841320157,-0.34080233176549274,0.1642556776437601,0.6000000000000001
2017-03-21,2,0.045582756,0.6572412,0.297176,-0.61165845,0.22362214,0.7950106,0.0,1.0,-0.3258779956027865,-0.17955660289153458,-0.2857804583385587,-0.4049456814924876,0.22410968255239186,-0.75
2017-03-22,3,0.21187866,0.38776398,0.40035734,-0.1758853,0.6126392,0.88154364,0.0,0.3333333333333333,-0.36199015080928804,-0.1897461979649961,0.1861048460006714,-0.36502135296662647,0.16402162460113553,0.5
2017-03-23,3,0.03492469,0.32068256,0.6443927,-0.2857579,0.52228194,0.9005009,0.0,0.3333333333333333,-0.33529604971408844,-0.20755737824365497,0.04953815042972565,-0.3577672193447749,0.16323651294821545,0.0
2017-03-24,2,0.032639917,0.43145972,0.53590035,-0.3988198,0.11536004,0.5129767,0.0,0.5,-0.3559283524751663,-0.21469854218885304,-0.04289145171642306,-0.28682100276152295,0.16349334273161545,-0.33333333333333337
2017-03-27,4,0.07200427,0.41779774,0.510198,-0.3457935,0.4797022,0.9581804,0.0,0.5,-0.3635829895734787,-0.22138067735359074,0.017789503931999184,-0.34345706303914386,0.16154465413664124,1.0
2017-03-28,7,0.21353984,0.143803,0.64265716,0.069736846,0.4028485,0.44679043,0.14285714285714285,0.0,-0.22730392962694168,-0.19176377570256592,0.29704077541828156,-0.22495881468057632,0.18557440146758522,0.75
2017-03-29,7,0.10140506,0.39198408,0.50661093,-0.29057902,0.38528144,0.9039286,0.0,0.5714285714285714,-0.2502426728606224,-0.18103841757401823,-0.04033634811639786,-0.18887855360905328,0.18471624618699584,0.0
2017-03-30,6,0.27117836,0.34145153,0.3873701,-0.07027317,0.62128943,0.92547,0.16666666666666666,0.3333333333333333,-0.20714572668075562,-0.17137225521728397,0.13687255829572678,-0.09703844785690308,0.19894806093850784,-0.1428571428571429
2017-03-31,1,0.08273373,0.033091463,0.88417476,0.049642265,0.0,0.033091463,0.0,0.0,-0.11745331287384034,-0.16839102511294185,0.1670955777168274,-0.10373664150635402,0.1918976282639933,-0.8333333333333334
2017-04-03,6,0.087224446,0.25539398,0.65738153,-0.16816954,0.29357696,0.85137945,0.0,0.16666666666666666,-0.08192852437496186,-0.17873937175609173,-0.08624101877212524,-0.06293348222970963,0.1511800643748263,5.0
2017-04-04,2,0.034385543,0.42141935,0.54419506,-0.38703382,0.56196225,0.81090766,0.0,0.5,-0.17328265756368638,-0.18982479334808885,-0.21375116258859633,-0.1685203661521276,0.1730466817132558,-0.6666666666666667
2017-04-05,10,0.13663104,0.22789793,0.635471,-0.091266915,0.45272335,0.8955351,0.1,0.2,-0.13342023640871048,-0.184412149945274,0.04215332120656967,-0.21549009283383688,0.16186699650586178,4.0
2017-04-06,2,0.035935648,0.062426616,0.9016378,-0.02649097,0.025081666,0.07274058,0.0,0.0,-0.12466379664838315,-0.18434000252746047,0.098172827064991,-0.16826390164593855,0.16723235179589663,-0.8
2017-04-07,6,0.19360061,0.39010498,0.41629443,-0.19650435,0.6720167,0.96704584,0.16666666666666666,0.3333333333333333,-0.1738931205123663,-0.19547644131816924,-0.02261123396456241,-0.10475407975415389,0.13649859796414082,2.0
2017-04-10,10,0.11300101,0.20662156,0.6803774,-0.09362054,0.44336402,0.9161898,0.1,0.2,-0.15898331962525844,-0.20939713739790022,0.06536278091371059,-0.10553862092395623,0.1412682609641594,0.6666666666666667
2017-04-11,3,0.13473074,0.29975864,0.5655107,-0.16502787,0.57770437,0.8612701,0.0,0.3333333333333333,-0.11458212994039059,-0.2102616781834513,-0.05044574178755283,-0.15171758830547333,0.06708029482584496,-0.7
2017-04-12,1,0.5388074,0.42195812,0.03923445,0.11684927,0.0,0.42195812,1.0,0.0,-0.07295889221131802,-0.20465298807248472,0.18980816565454006,-0.04726637899875641,0.12485340349210797,-0.6666666666666667
2017-04-13,3,0.0276095,0.5686601,0.4037304,-0.5410506,0.46659756,0.87361056,0.0,0.6666666666666666,-0.17587082087993622,-0.21074409848079084,-0.36517979204654694,-0.19640973707040152,0.23788114433026622,2.0
2017-04-17,15,0.21502362,0.28938594,0.4955904,-0.07436233,0.576846,0.9583927,0.13333333333333333,0.26666666666666666,-0.15144241601228714,-0.19967930046841503,0.07708008587360382,-0.16618788987398148,0.24147683712599005,4.0
2017-04-18,6,0.32427248,0.39606044,0.2796671,-0.071787976,0.72985864,0.9474696,0.3333333333333333,0.3333333333333333,-0.14707590341567994,-0.18789268424734473,0.07528792768716813,-0.2290669729312261,0.2429765316211351,-0.6
2017-04-19,4,0.49319154,0.4203194,0.08648904,0.07287212,0.80996096,0.7912011,0.5,0.5,-0.09949590563774109,-0.15366615569218994,0.17236802279949187,-0.024426062901814777,0.2611924373529257,-0.33333333333333337
2017-04-20,4,0.13575022,0.29812855,0.5661212,-0.16237831,0.47162107,0.74954987,0.0,0.25,-0.15534142255783082,-0.15299080600962042,-0.007036888599395746,-0.05376472324132919,0.23153904040864837,0.0
2017-04-21,3,0.06870678,0.40840843,0.5228848,-0.33970165,0.33897743,0.708932,0.0,0.3333333333333333,-0.11507163047790528,-0.15568799367174507,-0.2246300220489502,-0.1430692821741104,0.15128627087579613,-0.25
2017-04-24,8,0.23578645,0.1028215,0.66139203,0.13296495,0.3112888,0.3740012,0.125,0.0,-0.07360617369413376,-0.12909875577315688,0.206571127474308,-0.12303833663463593,0.18895642519301337,1.6666666666666665
2017-04-25,9,0.28361896,0.4135191,0.30286193,-0.12990016,0.63231725,0.9463233,0.3333333333333333,0.3333333333333333,-0.08522861003875733,-0.11830408936366439,-0.04467154741287231,-0.11221228539943695,0.19059671043686344,0.125
2017-04-26,6,0.092850834,0.3155386,0.5916106,-0.22268774,0.50151795,0.944653,0.0,0.3333333333333333,-0.144340580701828,-0.13292531846091152,-0.07834715545177459,-0.07320764660835266,0.17445376905500137,-0.33333333333333337
2017-04-27,8,0.11987174,0.20269307,0.6774352,-0.08282134,0.40799272,0.84134775,0.125,0.25,-0.12842918634414674,-0.1225374343805015,0.04560784697532655,-0.1451364109913508,0.17601836916367708,0.33333333333333326
2017-04-28,2,0.3343944,0.50422287,0.16138275,-0.16982847,1.039709,0.92402506,0.5,0.5,-0.09445455074310302,-0.1275151996873319,-0.07537392377853394,-0.15844585001468658,0.13714621021534157,-0.75
2017-05-01,6,0.08904225,0.3145177,0.5964401,-0.22547543,0.469662,0.9625615,0.0,0.3333333333333333,-0.16614262759685516,-0.1412710844539106,-0.05933280289173126,-0.15937508145968118,0.061211253014545136,2.0
2017-05-02,4,0.25048253,0.29532623,0.45419124,-0.04484369,0.66987926,0.8966126,0.25,0.25,-0.14913133382797242,-0.13510479172691703,0.10428764522075654,-0.14671586453914642,0.08206744994480332,-0.33333333333333337
2017-05-03,6,0.29845473,0.28500995,0.41653535,0.013444792,0.5853475,0.83406883,0.3333333333333333,0.3333333333333333,-0.10190482828766108,-0.11508086114190519,0.11534961983561516,-0.08562477584928274,0.0959283631847028,0.5
2017-05-04,3,0.035252172,0.3468077,0.6179401,-0.31155547,0.447921,0.84047997,0.0,0.3333333333333333,-0.1476516554132104,-0.1260952891316265,-0.16390381958335637,-0.11431812401860952,0.13222552383055372,-0.5
2017-05-05,5,0.04116911,0.38878617,0.5700447,-0.34761706,0.45380816,0.9453736,0.0,0.4,-0.18320937249809505,-0.14215159364975988,-0.16440768744796513,-0.21524258113155761,0.1605513563410725,0.6666666666666667
2017-05-08,9,0.15409307,0.35310537,0.49280155,-0.1990123,0.5363323,0.95516604,0.1111111111111111,0.3333333333333333,-0.1779167452827096,-0.1422769906464964,-0.021095549128949648,-0.2860616097847621,0.159240545449783,0.8
2017-05-09,6,0.173667,0.20455296,0.62178004,-0.030885974,0.43246618,0.85437304,0.16666666666666666,0.16666666666666666,-0.17512520235031842,-0.13914026240818203,0.14423922840505837,-0.1925051094343265,0.16225046302552337,-0.33333333333333337
2017-05-10,2,0.060296997,0.48807323,0.45162976,-0.42777622,0.7408429,0.9631968,0.0,0.5,-0.2633694041520357,-0.15227767969481648,-0.16440681330859663,-0.21922482860585055,0.15381770711409765,-0.6666666666666667
2017-05-11,5,0.20366788,0.49324077,0.30309132,-0.2895729,0.65210634,0.94028324,0.2,0.6,-0.2589728880673647,-0.17259878809563817,-0.03060000650584699,-0.249411695326368,0.15240376209739537,1.5
2017-05-12,7,0.20727427,0.28081957,0.51190615,-0.0735453,0.45916167,0.8849242,0.2857142857142857,0.2857142857142857,-0.2041585359722376,-0.14922352242283524,0.13061323650181295,-0.2636314705014229,0.16156280685273108,0.3999999999999999
2017-05-15,6,0.11645103,0.20941414,0.6741349,-0.0929631,0.42158854,0.85512316,0.0,0.16666666666666666,-0.1829486969858408,-0.15015356088988482,0.0899855975061655,-0.15202709784110388,0.16918836926482184,-0.1428571428571429
2017-05-16,6,0.23102838,0.10345938,0.66551226,0.12756899,0.37389868,0.47057873,0.16666666666666666,0.16666666666666666,-0.15125770419836043,-0.14018571260385215,0.27882669419050216,-0.012979802985986074,0.21376118932486213,0.0
2017-05-17,3,0.02869456,0.36479867,0.60650676,-0.33610412,0.47130024,0.8953324,0.0,0.3333333333333333,-0.1329232856631279,-0.16063452470116318,-0.20318083912134172,-0.10049941142400105,0.1862795887623711,-0.5
2017-05-18,4,0.022796689,0.74359363,0.23360972,-0.72079694,0.45408866,0.9679032,0.0,0.75,-0.21916809529066086,-0.18855545627884568,-0.5016288474202156,-0.3097773591677348,0.32506377893364136,0.33333333333333326
2017-05-19,5,0.050506186,0.41381073,0.53568304,-0.36330453,0.40063772,0.8254111,0.0,0.6,-0.27711994051933286,-0.18973559993319214,-0.08618458509445193,-0.47340186436971027,0.31837205890091375,0.25
2017-05-22,6,0.059653375,0.18930145,0.75104517,-0.12964807,0.35097837,0.8567914,0.0,0.16666666666666666,-0.2844569355249405,-0.2028662513475865,0.15480886101722718,-0.4045831809441249,0.31345179981933,0.19999999999999996
2017-05-23,5,0.19529924,0.034415063,0.7702857,0.16088419,0.28189155,0.07172876,0.2,0.0,-0.2777938961982727,-0.188327034143731,0.43867808282375337,-0.11068947116533916,0.32455719625150586,-0.16666666666666663
2017-05-24,8,0.14329809,0.2821469,0.574555,-0.13884883,0.52934104,0.9705027,0.125,0.25,-0.23834283649921417,-0.1841350886505097,0.09949401021003723,-0.0358709047238032,0.32767102927018493,0.6000000000000001
2017-05-25,5,0.5101708,0.09181265,0.3980166,0.41835815,0.41641298,0.33448416,0.6,0.0,-0.010511818528175353,-0.15907611432485283,0.42886996567249297,0.14679783582687378,0.3034932319102105,-0.375
2017-05-26,6,0.2451665,0.18568717,0.56914634,0.059479326,0.26643658,0.5184254,0.16666666666666666,0.16666666666666666,0.07404495179653167,-0.14761072429828345,-0.014565625786781305,0.11299621562163036,0.23082428184846002,0.19999999999999996
2017-05-30,10,0.3634489,0.075392306,0.56115884,0.28805658,0.41738352,0.3852657,0.4,0.0,0.15758588314056396,-0.12193412366323172,0.13047069907188416,0.25529801845550537,0.21362004195684958,0.6666666666666667
2017-05-31,3,0.082661055,0.16389036,0.75344867,-0.08122931,0.22390467,0.3041679,0.0,0.0,0.10916318446397781,-0.12375340457074344,-0.19039249122142793,0.08876886715491612,0.2386588133125997,-0.7
2017-06-01,4,0.25941852,0.28394002,0.45664147,-0.024521487,0.7059957,0.89403063,0.25,0.25,0.13202865235507488,-0.12565171848982573,-0.15655013918876648,0.06076859620710214,0.2130607908789545,0.33333333333333326
2017-06-02,6,0.16695963,0.3726211,0.4604193,-0.20566149,0.53746146,0.9599939,0.16666666666666666,0.3333333333333333,0.007224724814295769,-0.12035701926797629,-0.2128862153738737,-0.10380409471690655,0.184221031526871,0.5
2017-06-05,5,0.21824387,0.17689884,0.6048573,0.041345023,0.41611642,0.67660755,0.2,0.2,0.0035978641360998155,-0.10090891513973474,0.03774715848267078,-0.06294598492483298,0.1831102363410989,-0.16666666666666663
2017-06-06,2,0.038921528,0.06549072,0.8955877,-0.026569195,0.06203937,0.110639535,0.0,0.0,-0.05932729132473469,-0.092286760173738,0.03275809623301029,-0.06362855434417725,0.0926186372113316,-0.6
2017-06-07,4,0.21013612,0.3761861,0.41367775,-0.16605,0.47954866,0.76267874,0.25,0.5,-0.0762914303690195,-0.09904496157541871,-0.0897585716098547,-0.050424724817276,0.10462310506924384,1.0
2017-06-08,7,0.1469175,0.20664854,0.64643395,-0.059731025,0.47168592,0.934853,0.14285714285714285,0.14285714285714285,-0.08333333805203438,-0.0806427019648254,0.023602312803268438,-0.08411674077312152,0.1014028526501295,0.75
2017-06-09,2,0.02520633,0.9285152,0.04627853,-0.90330887,0.07520435,0.9686529,0.0,1.0,-0.22286281362175941,-0.11132950065657496,-0.6804460547864437,-0.3763632985452811,0.3876801113113407,-0.7142857142857143
2017-06-12,9,0.26568902,0.34204248,0.39226854,-0.07635348,0.6778284,0.9554656,0.3333333333333333,0.3333333333333333,-0.24640251472592353,-0.11146990982815623,0.17004903182387351,-0.34646445885300636,0.37083422524160364,3.5
2017-06-13,7,0.13596734,0.34608048,0.51795214,-0.21011314,0.4269624,0.9492195,0.14285714285714285,0.42857142857142855,-0.28311130329966544,-0.11732741175219416,0.07299816533923148,-0.3965918297568957,0.35225155964666743,-0.2222222222222222
2017-06-14,4,0.19215986,0.26430148,0.5435387,-0.07214163,0.5167163,0.82719636,0.0,0.25,-0.2643296293914318,-0.12731294287368655,0.1921879969537258,-0.11953608443339665,0.3624105898275977,-0.4285714285714286
2017-06-15,3,0.08405041,0.7151058,0.20084381,-0.63105536,0.46652877,0.9606926,0.0,0.6666666666666666,-0.3785944953560829,-0.14206050438806414,-0.25246085971593857,-0.30443670849005383,0.37172254894140416,-0.25
2017-06-16,1,0.022252297,0.18461746,0.79313016,-0.16236517,0.0,0.18461746,0.0,0.0,-0.230405755341053,-0.114138915669173,0.06804058700799942,-0.2885207186142604,0.23148490707123898,-0.6666666666666667
2017-06-19,6,0.04753901,0.22195382,0.7305072,-0.17441481,0.3438404,0.8376721,0.0,0.16666666666666666,-0.2500180214643478,-0.10469443006440997,0.07560320794582365,-0.3226117789745331,0.21898671581697535,5.0
2017-06-20,2,0.4173163,0.11709568,0.4655881,0.3002206,0.54978204,0.13685109,0.5,0.0,-0.14795127213001252,-0.08320099590346217,0.4481718808412552,-0.012186457713445028,0.33200254917277294,-0.6666666666666667
2017-06-21,3,0.18072273,0.2168519,0.6024254,-0.036129165,0.27200612,0.35785878,0.3333333333333333,0.0,-0.14074877873063088,-0.0930516635067761,0.10461961328983307,0.0298922099173069,0.3344400070069272,0.5
2017-06-22,4,0.23305553,0.43688366,0.33006084,-0.20382814,0.7106265,0.92015934,0.25,0.5,-0.05530333593487739,-0.09630062924697995,-0.14852480515837668,0.020087767392396927,0.20885061756361986,0.33333333333333326
2017-06-23,7,0.21756586,0.107376166,0.67505795,0.11018971,0.33960173,0.3750617,0.2857142857142857,0.0,-0.0007923595607280731,-0.11170905092731118,0.11098207309842109,-0.04325586433211962,0.20948914206217334,0.75
2017-06-26,9,0.054089457,0.5132048,0.43270573,-0.45911536,0.4479506,0.9363495,0.0,0.5555555555555556,-0.057732468098402025,-0.1376387850381434,-0.4013828881084919,-0.18425126125415167,0.2912246278660021,0.2857142857142858
2017-06-27,3,0.05267201,0.24053878,0.70678926,-0.18786676,0.21746074,0.46072942,0.0,0.0,-0.1553499422967434,-0.161434952262789,-0.032516819983720774,-0.17893080164988837,0.2123710246733405,-0.6666666666666667
2017-06-28,4,0.19447964,0.38234323,0.4231771,-0.18786359,0.64691806,0.96721584,0.25,0.5,-0.1856968268752098,-0.166766666341573,-0.00216676145792008,-0.278281902273496,0.201646153576983,0.33333333333333326
2017-06-29,4,0.16502759,0.5053769,0.32959557,-0.34034926,0.69042933,0.9537936,0.0,0.5,-0.213001050055027,-0.18255805484950544,-0.12734820693731308,-0.23869320253531137,0.21360343605508955,0.0
2017-06-30,8,0.03349145,0.7217602,0.24474832,-0.6882688,0.35087043,0.9663544,0.0,0.75,-0.3726927489042282,-0.20668841935694218,-0.3155760318040848,-0.4054938753445943,0.21001527581352378,1.0
2017-07-03,4,0.025726097,0.52278906,0.45148486,-0.49706295,0.35307214,0.8251109,0.0,0.5,-0.3802822679281235,-0.23360881805419922,-0.11678068339824677,-0.5085603296756744,0.21455578557952318,-0.5
2017-07-05,7,0.17290013,0.31933162,0.5077683,-0.14643146,0.4999386,0.6854643,0.14285714285714285,0.2857142857142857,-0.3719952076673508,-0.23960193134844304,0.22556374669075013,-0.4439210643370946,0.2244191595886985,0.75
2017-07-06,4,0.024418036,0.68931437,0.28626758,-0.66489637,0.437572,0.93586236,0.0,0.75,-0.4674017637968063,-0.2645442496985197,-0.1974946051836014,-0.43613026042779285,0.22794210836277654,-0.4285714285714286
2017-07-07,2,0.636443,0.33096364,0.03259338,0.30547938,0.8473748,0.62994075,0.5,0.5,-0.3382360368967056,-0.24628372956067324,0.6437154144048691,-0.16861615081628165,0.4200042896003825,-0.5
2017-07-10,6,0.06389313,0.31917977,0.6169271,-0.25528663,0.46277347,0.94849926,0.0,0.3333333333333333,-0.2516396075487137,-0.21388261783868073,-0.0036470264196395985,-0.2049012084801992,0.37164411301595607,2.0
2017-07-11,4,0.28784108,0.2210503,0.49110866,0.06679077,0.5714765,0.5718084,0.25,0.25,-0.1388688638806343,-0.20672540534287692,0.20565963089466094,0.03899450351794561,0.3640248856855703,-0.33333333333333337
2017-07-12,3,0.5413473,0.07742464,0.38122806,0.46392274,0.5106641,0.15618853,0.6666666666666666,0.0,-0.016798023879528046,-0.17302361149340867,0.4807207629084587,0.09180895735820134,0.45245180499257004,-0.25
2017-07-13,4,0.13090809,0.22954756,0.6395443,-0.09863947,0.41503906,0.57568777,0.0,0.25,0.09645335525274276,-0.17434850353747605,-0.1950928285717964,0.14402467757463455,0.2921419718694985,0.33333333333333326
2017-07-14,7,0.16356967,0.3523116,0.4841187,-0.18874194,0.5340672,0.95841044,0.14285714285714285,0.42857142857142855,-0.0023909077048301698,-0.15223283264786006,-0.18635102957487107,0.05884710947672526,0.28730700575160395,0.75
2017-07-17,5,0.213172,0.34991175,0.43691626,-0.13673972,0.71963257,0.93011206,0.2,0.4,0.021318475902080535,-0.15095156002789736,-0.15805819183588027,-0.14137370884418488,0.26526587689095077,-0.2857142857142857
2017-07-18,4,0.24938616,0.25191036,0.49870348,-0.002524197,0.5615714,0.79273164,0.25,0.25,0.007455483078956604,-0.1423570292070508,-0.009979680180549622,-0.10933528343836467,0.26410403855196,-0.19999999999999996
2017-07-19,5,0.24817638,0.20747428,0.5443494,0.040702097,0.50158054,0.59383196,0.2,0.2,-0.07718864530324936,-0.15533295478671788,0.1178907424211502,-0.03285393863916397,0.09476762627667118,0.25
2017-07-20,5,0.050676934,0.37760097,0.57172215,-0.326924,0.3635475,0.93926746,0.0,0.2,-0.12284554988145828,-0.16987269632518293,-0.20407844632863997,-0.09624869873126347,0.14782460447447865,0.0
2017-07-21,3,0.068136424,0.5187793,0.41308427,-0.4506429,0.5323653,0.8773602,0.0,0.6666666666666666,-0.17522574514150618,-0.18221343494951725,-0.2754171684384346,-0.24562160422404608,0.2102372518431714,-0.4
2017-07-24,8,0.45936525,0.042119525,0.49851525,0.41724575,0.447092,0.09939657,0.5,0.0,-0.06442865282297135,-0.1668606333434582,0.48167439848184584,-0.12010705471038818,0.3409399224519314,1.6666666666666665
2017-07-25,7,0.25467896,0.43870285,0.30661815,-0.18402389,0.67799205,0.8334706,0.2857142857142857,0.42857142857142855,-0.10072859078645706,-0.15310605987906456,-0.08329529613256455,-0.07247368494669597,0.34236039263679446,-0.125
2017-07-26,3,0.22006023,0.41155955,0.36838022,-0.19149931,0.43158254,0.68778425,0.0,0.6666666666666666,-0.14716887176036836,-0.15328768715262414,-0.04433043599128722,0.013907516996065775,0.3340268473035803,-0.5714285714285714
2017-07-27,6,0.20015384,0.394285,0.4055611,-0.19413115,0.7040425,0.9505535,0.16666666666666666,0.3333333333333333,-0.12061030268669129,-0.15360106527805328,-0.07352084815502166,-0.18988478183746338,0.32119406198303513,1.0
2017-07-28,4,0.13766453,0.3142867,0.5480488,-0.17662218,0.29236287,0.63561964,0.0,0.5,-0.06580615639686585,-0.14541471153497695,-0.11081602573394775,-0.1874175469080607,0.2701207303900018,-0.33333333333333337
2017-07-31,5,0.12181266,0.099914595,0.77827275,0.021898057,0.19954376,0.32777256,0.0,0.0,-0.1448756940662861,-0.10990636963397264,0.1667737513780594,-0.11628509188691775,0.09347963151405599,0.25
2017-08-01,7,0.27660453,0.534699,0.18869647,-0.2580945,0.8494005,0.95691764,0.2857142857142857,0.5714285714285714,-0.15968981459736825,-0.09795794654637575,-0.09840467497706412,-0.13760620479782423,0.10623369268874644,0.3999999999999999
2017-08-02,4,0.41367546,0.15061091,0.4357136,0.26306453,0.46738502,0.23748475,0.5,0.0,-0.0687770463526249,-0.07748314682394267,0.33184157982468604,0.008956033736467361,0.2130294156075703,-0.4285714285714286
2017-08-03,6,0.14619781,0.20933758,0.6444646,-0.06313976,0.45620555,0.83636206,0.16666666666666666,0.16666666666666666,-0.042578767985105515,-0.04739531632512808,-0.020560991019010544,-0.019389905035495758,0.2015021750538254,0.5
2017-08-04,4,0.20606963,0.35810715,0.4358232,-0.15203753,0.6146397,0.8175274,0.25,0.25,-0.03766183778643608,-0.07027116175740958,-0.11437569335103034,0.01596241444349289,0.19767726800760618,-0.33333333333333337
2017-08-07,8,0.24538462,0.41278955,0.3418258,-0.16740493,0.6795873,0.8796803,0.25,0.5,-0.07552243620157242,-0.06587707679718732,-0.09188249856233596,-0.1275274083018303,0.20150928929905362,1.0
2017-08-08,4,0.24637368,0.18475045,0.5688759,0.06162323,0.5763532,0.5899582,0.25,0.25,-0.011578892171382905,-0.0661354536190629,0.0732021227478981,-0.08593974510828654,0.17850523089167353,-0.5
2017-08-09,5,0.22738346,0.4377532,0.33486333,-0.21036974,0.6952305,0.9671514,0.4,0.4,-0.10626574605703354,-0.09985007736831904,-0.10410398989915848,-0.10538381338119507,0.10807087564702188,0.25
2017-08-10,5,0.04697274,0.55323076,0.3997965,-0.506258,0.51231074,0.970771,0.0,0.6,-0.1948893964290619,-0.12023100424557924,-0.3113686144351959,-0.2183348387479782,0.2034578953816138,0.0
2017-08-11,5,0.07043238,0.5853792,0.34418845,-0.5149468,0.41610813,0.9386277,0.0,0.6,-0.2674712538719177,-0.13654124829918146,-0.24747556447982788,-0.4105248550573985,0.2448674649642196,0.0
2017-08-14,6,0.2580901,0.11381624,0.62809366,0.14427386,0.38197812,0.48879957,0.16666666666666666,0.16666666666666666,-0.2051354944705963,-0.12249056939035655,0.349409356713295,-0.29231032232443493,0.3081932589771105,0.19999999999999996
2017-08-15,5,0.023582198,0.5771119,0.39930588,-0.55352974,0.4498533,0.9376622,0.0,0.6,-0.3281660884618759,-0.15004084650427102,-0.22536365091800692,-0.30806756516297656,0.29768609168201204,-0.16666666666666663
2017-08-16,3,0.28652826,0.4291339,0.28433782,-0.14260562,0.7944716,0.89549726,0.3333333333333333,0.3333333333333333,-0.31461326479911805,-0.1592062322422862,0.1720076471567154,-0.1839538315931956,0.30582116884078564,-0.4
2017-08-17,3,0.025566472,0.3687421,0.60569143,-0.34317562,0.5333526,0.96733767,0.0,0.3333333333333333,-0.28199678659439087,-0.16001881342381238,-0.06117883324623108,-0.3464369922876358,0.28847672151463327,0.0
2017-08-18,3,0.043009505,0.6132527,0.34373775,-0.5702432,0.4808823,0.89170456,0.0,0.6666666666666666,-0.293056058883667,-0.16599882673472166,-0.27718712091445924,-0.3520081390937169,0.30045132875587904,0.0
2017-08-21,5,0.17843747,0.41554427,0.40601826,-0.23710683,0.6475636,0.8329085,0.2,0.4,-0.36933219730854033,-0.1987164555117488,0.13222536742687224,-0.3835085431734721,0.18964876327909833,0.6666666666666667
2017-08-22,3,0.09050464,0.2930877,0.6164077,-0.20258306,0.27166328,0.57153475,0.0,0.3333333333333333,-0.299142861366272,-0.19964441414922476,0.09655980169773104,-0.33664435644944507,0.16815947761845182,-0.4
2017-08-23,4,0.23273675,0.6819445,0.08531877,-0.44920772,0.86537516,0.93196553,0.25,0.75,-0.36046328246593473,-0.2125298349186778,-0.08874444067478182,-0.29629920423030853,0.15192516537687198,0.33333333333333326
2017-08-24,3,0.123419516,0.03595035,0.8406301,0.08746916,0.08933578,0.053246014,0.0,0.0,-0.2743343263864517,-0.1984498193487525,0.36180348694324493,-0.1881072074174881,0.2527739347498644,-0.25
2017-08-25,3,0.31993064,0.12367776,0.55639166,0.1962529,0.45690602,0.23166555,0.3333333333333333,0.0,-0.12103511095046997,-0.1798060653731227,0.3172880083322525,-0.0551618884007136,0.26075164751912866,0.0
2017-08-28,7,0.23245808,0.24826302,0.5192789,-0.015804926,0.56403434,0.9616684,0.2857142857142857,0.14285714285714285,-0.0767747301608324,-0.18169121453538536,0.06096980422735214,0.08930571066836517,0.25483893349555514,1.3333333333333335
2017-08-29,3,0.07692263,0.03630613,0.8867712,0.040616505,0.017731566,0.063251495,0.0,0.0,-0.028134817257523537,-0.16675566481426357,0.06875132210552692,0.07368815876543522,0.24793915016984516,-0.5714285714285714
2017-08-30,2,0.5002821,0.023822762,0.4758951,0.47645932,0.6306448,0.025839563,0.5,0.0,0.15699859224259854,-0.15608592526987194,0.31946073211729525,0.1670903010914723,0.19483085476111242,-0.33333333333333337
2017-08-31,1,0.027533,0.044592775,0.9278742,-0.017059775,0.0,0.044592775,0.0,0.0,0.1360928051173687,-0.15378192607313396,-0.15315258018672467,0.1666720180461804,0.20923250318240938,-0.5
2017-09-01,5,0.28319895,0.25669295,0.46010813,0.026506037,0.5951603,0.9578904,0.4,0.2,0.10214343294501305,-0.1448547476902604,-0.07563739642500877,0.16196852860351404,0.21079621993039374,4.0
2017-09-05,9,0.0604258,0.4321558,0.5074184,-0.37172997,0.40841407,0.97312295,0.0,0.4444444444444444,0.030958424136042596,-0.15507099945098163,-0.4026883941143751,-0.12076123617589474,0.3012672586708217,0.8
2017-09-06,3,0.08302188,0.16042782,0.7565503,-0.07740593,0.2578378,0.36202204,0.0,0.0,0.00735393725335598,-0.16202245745807886,-0.08475986681878567,-0.1408766210079193,0.3049227526002494,-0.6666666666666667
2017-09-07,3,0.32012793,0.37671423,0.30315784,-0.056586307,0.77793556,0.7114087,0.3333333333333333,0.3333333333333333,-0.0992551889270544,-0.15433328598737717,0.04266888238489627,-0.16857406869530678,0.1574106904348886,0.0
2017-09-08,1,0.515758,0.009533159,0.47470886,0.5062248,0.0,0.009533159,1.0,0.0,0.005401728302240371,-0.10370914489030839,0.5008230827748775,0.12407752498984337,0.31788248401684166,-0.6666666666666667
2017-09-11,3,0.08212491,0.30984068,0.60803443,-0.22771575,0.46730337,0.86353064,0.0,0.3333333333333333,-0.04544262811541557,-0.08934759125113487,-0.18227311745285987,0.07397425298889478,0.3336051994797377,2.0
2017-09-12,4,0.37215686,0.2436009,0.3842422,0.12855597,0.60129035,0.6015364,0.5,0.25,0.05461455956101417,-0.09013348594307899,0.07394140884280205,0.1356883446375529,0.2823670459622437,0.33333333333333326
2017-09-13,3,0.050129425,0.3642625,0.5856081,-0.31413308,0.4319296,0.8266502,0.0,0.3333333333333333,0.007269129902124405,-0.07816365286707878,-0.32140220776200296,-0.13776428500811258,0.32644373810358024,-0.25
2017-09-14,1,0.015113607,0.9482443,0.036642104,-0.9331307,0.0,0.9482443,0.0,1.0,-0.16803974509239197,-0.11768990606069565,-0.765090936422348,-0.37290259699026745,0.5368589984526488,-0.6666666666666667
2017-09-15,1,0.35899687,0.06772554,0.5732776,0.29127133,0.0,0.06772554,0.0,0.0,-0.21103044152259826,-0.08596755862236023,0.5023017704486847,-0.31866414348284405,0.4743319797331021,0.0
2017-09-18,6,0.07156705,0.37883937,0.54959357,-0.30727232,0.30718094,0.77710736,0.0,0.5,-0.2269417554140091,-0.0728190153837204,-0.08033055961132049,-0.3163772225379944,0.476361616129375,5.0
2017-09-19,4,0.20351958,0.68819493,0.10828547,-0.48467535,0.78756624,0.9650231,0.25,0.75,-0.349588018655777,-0.08519744127988815,-0.1350873291492462,-0.16689211130142212,0.4394653003528371,-0.33333333333333337
2017-09-20,2,0.05845353,0.5172906,0.42425585,-0.45883706,0.68746394,0.95400816,0.0,0.5,-0.3785288155078888,-0.09801014140248299,-0.08030824661254882,-0.4169282416502635,0.4413075608109847,-0.5
2017-09-21,1,0.8507333,0.009246048,0.14002064,0.8414872,0.0,0.009246048,1.0,0.0,-0.023605233430862425,-0.033475393801927565,0.8650924623012543,-0.03400839368502299,0.5766306500061307,-0.5
2017-09-22,2,0.0988273,0.014098041,0.8870746,0.08472926,0.015174625,0.016970053,0.0,0.0,-0.06491364687681198,-0.033612388744950296,0.14964290857315063,0.15579314281543097,0.5554432496465321,1.0
2017-09-25,3,0.18331653,0.027976403,0.7887071,0.15534012,0.27535644,0.05411972,0.0,0.0,0.02760884016752243,-0.0356580276042223,0.12773128002882003,0.36051887025435764,0.5433784958825769,0.5
2017-09-26,3,0.20508166,0.10930254,0.68561584,0.09577912,0.3709012,0.28390142,0.3333333333333333,0.0,0.1436997339129448,-0.030078825261443853,-0.047920612990856176,0.11194950093825658,0.46256550320707496,0.0
2017-09-27,3,0.063756816,0.028090782,0.9081524,0.035666037,0.011374518,0.034732904,0.0,0.0,0.24260035380721093,-0.03032634863629937,-0.2069343164563179,0.09559509282310803,0.3374838533064193,0.0
2017-09-28,1,0.06409704,0.013422591,0.92248034,0.05067445,0.0,0.013422591,0.0,0.0,0.08443779796361923,-0.05161559237167239,-0.03376334831118584,0.060706535975138344,0.04656849304517793,-0.6666666666666667
2017-09-29,7,0.087407075,0.24784912,0.6647438,-0.16044204,0.4169615,0.9562493,0.0,0.2857142857142857,0.03540353775024414,-0.058784705586731434,-0.19584557712078093,-0.024700517455736797,0.1189734787529614,6.0
2017-10-02,6,0.06018238,0.4235697,0.5162478,-0.36338735,0.46633545,0.9242198,0.0,0.5,-0.06834195554256439,-0.07827937472611665,-0.2950453907251358,-0.15771831199526787,0.19199772333314802,-0.1428571428571429
2017-10-03,2,0.41088575,0.53223664,0.056877617,-0.121350884,1.1431216,0.9578781,0.5,0.5,-0.11176795661449432,-0.06576042044907808,-0.009582927823066717,-0.21506009002526602,0.16874361767014345,-0.6666666666666667
2017-10-04,1,0.10228957,0.46510884,0.43260166,-0.36281925,0.0,0.46510884,0.0,1.0,-0.19146501496434212,-0.0800310866907239,-0.17135423943400382,-0.2825191617012024,0.17566267390363924,-0.5
2017-10-05,2,0.07189256,0.10430749,0.82379997,-0.03241493,0.10913561,0.17553172,0.0,0.0,-0.20808289125561713,-0.07882251795381308,0.1756679594516754,-0.17219502354661623,0.14892459465966004,1.0
2017-10-06,4,0.09974867,0.50921,0.39104134,-0.4094613,0.50729024,0.9698629,0.0,0.5,-0.25788674131035805,-0.12460682298988104,-0.15157454833388329,-0.2682318252821763,0.169259882094098,1.0
2017-10-09,9,0.05899865,0.34535792,0.5956434,-0.28635928,0.41773123,0.9194884,0.0,0.3333333333333333,-0.24248112812638284,-0.12753899972885846,-0.04387815222144126,-0.2427451672653357,0.1605375921638257,1.25
2017-10-10,3,0.19758528,0.18124019,0.6211745,0.016345104,0.4773784,0.458267,0.3333333333333333,0.0,-0.214941930398345,-0.13314954293891787,0.23128703460097313,-0.22649182192981243,0.19468931630872388,-0.6666666666666667
2017-10-11,4,0.34316528,0.24843493,0.4083998,0.09473035,0.33311334,0.43588406,0.5,0.25,-0.12343201003968715,-0.11270637167617678,0.2181623574346304,-0.05842794291675091,0.21434470403947248,0.33333333333333326
2017-10-12,3,0.09946027,0.11424718,0.78629255,-0.014786919,0.08764181,0.18264626,0.0,0.0,-0.11990640740841627,-0.06678918353281915,0.10511948876082897,0.032096177649994694,0.216351627323747,-0.25
2017-10-13,4,0.20773745,0.30601802,0.48624456,-0.09828058,0.59249705,0.9252805,0.25,0.25,-0.05767026524990797,-0.08626677892170846,-0.04061031360179186,-0.006112383368114631,0.14533673508685424,0.33333333333333326
2017-10-16,6,0.2758017,0.26058874,0.46360958,0.015212986,0.56388414,0.86184675,0.3333333333333333,0.16666666666666666,0.0026441879570484163,-0.07014251388609409,0.01256879772990942,-0.032618170604109764,0.06948957219473015,0.5
2017-10-17,3,0.2086478,0.1664905,0.62486166,0.04215731,0.33735105,0.42390022,0.0,0.3333333333333333,0.007806629315018654,-0.043800880946218965,0.03435068167746067,-0.013636760724087557,0.07168598251645637,-0.5
2017-10-18,3,0.44045952,0.073539205,0.48600125,0.36692032,0.17617299,0.18478404,0.3333333333333333,0.0,0.06224462427198887,-0.0025130117312073706,0.30467569790780547,0.14143020628641048,0.17828695656221002,0.0
2017-10-19,5,0.36803532,0.377163,0.2548017,-0.009127701,0.8594923,0.963623,0.4,0.4,0.06337646786123514,-0.04504375820979476,-0.07250416856259108,0.13331664415697256,0.17769264217943798,0.6666666666666667
2017-10-20,2,0.41735983,0.01673522,0.565905,0.40062457,0.03538816,0.01912187,0.0,0.0,0.1631574982777238,-0.02924899263307452,0.2374670749530196,0.25280573156972724,0.20255907410390986,-0.6
2017-10-23,6,0.14942694,0.14490537,0.70566773,0.0045215655,0.3509929,0.54830205,0.16666666666666666,0.16666666666666666,0.16101921424269677,-0.03678992036730051,-0.15649764873087407,0.13200614601373672,0.20455783599818955,2.0
2017-10-24,5,0.21611264,0.57724017,0.20664719,-0.36112756,0.6824536,0.9521273,0.2,0.6,0.08036224097013474,-0.059635254181921483,-0.44148979634046553,0.014672861124078432,0.3135908932664702,-0.16666666666666663
2017-10-25,4,0.20017056,0.19009033,0.6097391,0.010080233,0.12675892,0.48426127,0.0,0.25,0.008994223177433014,-0.06091454438865185,0.001086010038852692,-0.11550858554740746,0.26958952606124376,-0.19999999999999996
2017-10-26,6,0.21797085,0.5196886,0.26234055,-0.30171773,0.68717194,0.9533219,0.16666666666666666,0.6666666666666666,-0.04952378235757351,-0.07853415329009295,-0.25219394601881506,-0.21758835017681122,0.30405829132834233,0.5
2017-10-27,6,0.21514708,0.2306426,0.5542103,-0.015495527,0.3359053,0.4784207,0.3333333333333333,0.0,-0.13274780232459307,-0.07128682765178382,0.11725227572023869,-0.10237767392148574,0.1828243492778182,0.0
2017-10-30,4,0.03515561,0.07977841,0.885066,-0.0446228,0.087771855,0.19691272,0.0,0.0,-0.1425766756758094,-0.05534860040061176,0.09795387443155051,-0.12061201874166727,0.1747420051589336,-0.33333333333333337
2017-10-31,3,0.076454505,0.20786066,0.71568483,-0.13140616,0.07359229,0.37243807,0.0,0.0,-0.09663239624351264,-0.055851364089176056,-0.03477376196533441,-0.06384149535248677,0.12643672612252033,-0.25
2017-11-01,3,0.35876068,0.035883676,0.6053557,0.322877,0.52939296,0.06946613,0.3333333333333333,0.0,-0.034073044918477534,-0.021566551877185702,0.3569500347599387,0.04894934346278509,0.22857009886818444,0.0
2017-11-02,10,0.15167983,0.47219706,0.37612313,-0.32051724,0.6266653,0.94140154,0.1,0.5,-0.03783294763416052,-0.03597166738472879,-0.28268429432064296,-0.043015470107396446,0.23415970910726164,2.3333333333333335
2017-11-03,7,0.09741509,0.13269052,0.7698944,-0.035275433,0.23618187,0.70802253,0.0,0.14285714285714285,-0.04178892895579338,-0.017262374563142658,0.006513495743274686,-0.010971895108620325,0.23385487435451185,-0.30000000000000004
2017-11-06,5,0.042595576,0.12999141,0.82741296,-0.08739584,0.22720416,0.5068367,0.0,0.2,-0.05034353658556938,-0.007314202515408397,-0.03705230280756951,-0.14772950485348701,0.23476502184442516,-0.2857142857142857
2017-11-07,1,0.054377332,0.0869216,0.8587011,-0.03254427,0.0,0.0869216,0.0,0.0,-0.030571158975362778,-0.009758671233430504,-0.001973111182451248,-0.05173851425449053,0.23035266039573882,-0.8
2017-11-08,1,0.5497358,0.019022074,0.43124217,0.53071374,0.0,0.019022074,1.0,0.0,0.010996190458536148,0.012040498247370125,0.5197175465524196,0.13692454248666763,0.3137376732523175,0.0
2017-11-09,1,0.06822446,0.013631192,0.9181443,0.05459327,0.0,0.013631192,0.0,0.0,0.08601829260587693,0.015509507618844509,-0.03142502382397652,0.18425424521168074,0.2537633153087446,0.0
2017-11-10,4,0.03918782,0.72966796,0.23114425,-0.6904801,0.35178393,0.92133796,0.0,0.75,-0.04502264335751534,-0.014100469090044499,-0.6454574696719646,-0.035057702412207924,0.4358790693318718,3.0
2017-11-13,5,0.16557473,0.35681662,0.47760862,-0.1912419,0.62880856,0.9102003,0.2,0.4,-0.06579185649752617,-0.024423213629052042,-0.12545004859566689,-0.2757095831135909,0.4408486236834737,0.25
2017-11-14,8,0.17101575,0.15211985,0.6768644,0.018895917,0.4097966,0.8716154,0.125,0.125,-0.05550381913781166,-0.025586283346638084,0.07439973577857018,-0.2876087004939715,0.4424159339277301,0.6000000000000001
2017-11-15,4,0.4218874,0.02749084,0.55062175,0.39439654,0.3214715,0.045042545,0.25,0.0,-0.0827672578394413,-0.024212472280487417,0.4771638013422489,0.07401685168345769,0.3993652063245252,-0.5
2017-11-16,2,0.052240826,0.033876818,0.9138823,0.01836401,0.030876346,0.04038151,0.0,0.0,-0.09001310952007771,-0.0228378867264837,0.10837711989879609,0.14388549017409483,0.39656883998725695,-0.5
2017-11-17,2,0.0594212,0.021158375,0.9194204,0.038262825,0.004709073,0.023486843,0.0,0.0,0.055735478177666664,-0.04095597411505878,-0.017472652718424797,0.15034112644692263,0.21139312814468292,0.0
2017-11-20,4,0.13548236,0.3776349,0.48688278,-0.24215256,0.49032447,0.891763,0.25,0.25,0.04555334784090519,-0.05328968022949994,-0.28770590461790563,-0.06184190697968006,0.2269191999027601,1.0
2017-11-21,4,0.24846753,0.26096958,0.49056292,-0.01250203,0.6179213,0.8737622,0.25,0.25,0.03927375860512257,-0.03585840393789112,-0.05177578814327717,-0.07213058695197105,0.22827173233759085,0.0
2017-11-22,2,0.38305563,0.045276128,0.5716682,0.33777952,0.18811531,0.056238867,0.5,0.0,0.027950354292988776,-0.019473439501598477,0.3098291676491499,0.027708311875661213,0.20663030761692838,-0.5
2017-11-24,3,0.2317021,0.20390396,0.564394,0.027798166,0.35234326,0.43867075,0.0,0.3333333333333333,0.02983718551695347,-0.002997644757851958,-0.0020390190184116364,0.11769188630084197,0.20656394930784105,0.5
2017-11-27,6,0.048680004,0.29949307,0.6518269,-0.25081307,0.24813901,0.6801531,0.0,0.3333333333333333,-0.027977992966771125,-0.014763521775603295,-0.22283507399261,0.0382548738270998,0.24117175368690974,1.0
2017-11-28,4,0.3591587,0.06861593,0.57222545,0.29054278,0.25467932,0.12952699,0.25,0.0,0.07856107465922832,0.001994757354259491,0.2119817066937685,0.022509293630719185,0.2405655494571875,-0.33333333333333337
2017-11-29,2,0.5013906,0.026764221,0.47184524,0.47462636,0.65320647,0.03833379,0.5,0.0,0.17598675303161143,0.032296383380889894,0.29863960929214955,0.1714520255724589,0.2883589531546075,-0.5
2017-11-30,2,0.5255554,0.015122558,0.45932207,0.51043284,0.5053275,0.01817731,0.5,0.0,0.21051741652190686,0.04167417585849762,0.29991542287170886,0.4252006610234578,0.3210603504262908,0.0
2017-12-01,5,0.18174782,0.12998,0.6882722,0.051767815,0.11846942,0.28036416,0.0,0.0,0.21531134620308875,0.06028842870146036,-0.16354353129863738,0.34560900554060936,0.317812522306418,1.5
2017-12-04,7,0.23821041,0.1580367,0.603753,0.080173716,0.4944105,0.83147866,0.14285714285714285,0.14285714285714285,0.2815087027847767,0.06606088615953923,-0.20133498683571815,0.2141247900823752,0.21395032005799397,0.3999999999999999
2017-12-05,5,0.14942572,0.111803316,0.73877096,0.037622392,0.2478514,0.36616644,0.0,0.0,0.23092462494969368,0.07231179773807525,-0.1933022327721119,0.05652130767703056,0.23963729419977386,-0.2857142857142857
2017-12-06,1,0.30380437,0.016498566,0.6796971,0.2873058,0.0,0.016498566,0.0,0.0,0.19346051290631294,0.08830430135130882,0.09384528920054436,0.13503397007783255,0.20400651519501128,-0.8
2017-12-07,1,0.9153558,0.033351626,0.051292576,0.8820042,0.0,0.033351626,1.0,0.0,0.26777478531002996,0.10586882457137108,0.614229416102171,0.4023107985655467,0.35793942671075657,0.0
2017-12-08,4,0.3304842,0.29968262,0.3698332,0.03080161,0.62048906,0.84347373,0.25,0.25,0.2635815441608429,0.10467924159020185,-0.23277993500232697,0.40003720422585803,0.36121042737266185,3.0
2017-12-11,6,0.25804928,0.19516556,0.5467852,0.06288373,0.55889034,0.9446156,0.16666666666666666,0.16666666666666666,0.26012354642152785,0.14234743360430002,-0.19723981916904448,0.32522984594106674,0.3634808402418058,0.5
2017-12-12,3,0.11560621,0.087806165,0.79658765,0.027800038,0.1188799,0.20819815,0.0,0.0,0.2581590756773949,0.15329953078180553,-0.23035903722047807,0.04049512495597204,0.36500734166524934,-0.5
2017-12-13,3,0.58611774,0.07393225,0.33994997,0.5121855,0.48567376,0.14129594,0.6666666666666666,0.0,0.3031350180506706,0.1779640106484294,0.20905049592256547,0.20095642656087875,0.38291224863146656,0.0
2017-12-14,2,0.19653049,0.72225946,0.08120997,-0.52572894,0.46887192,0.9206065,0.0,1.0,0.021588389575481415,0.13195773642510175,-0.5473173305392265,0.004752203822135925,0.36812721024351724,-0.33333333333333337
2017-12-15,2,0.07418042,0.6096355,0.3161841,-0.53545505,0.3433037,0.8428674,0.0,0.5,-0.09166294187307358,0.10426678350195288,-0.4437921062111855,-0.18299949169158936,0.44389012135241374,0.0
2017-12-18,4,0.20253184,0.20915423,0.58831394,-0.006622389,0.4167217,0.6276184,0.25,0.25,-0.10556416511535645,0.10202252278104425,0.09894177615642548,-0.355935459335645,0.4389005473911551,1.0
2017-12-19,3,0.14748462,0.12996203,0.7225533,0.017522603,0.28456777,0.33401877,0.0,0.0,-0.10761965215206146,0.11500628078356386,0.12514225542545318,-0.17485161125659943,0.43814323531927046,-0.25
2017-12-20,1,0.07987129,0.04808593,0.87204283,0.031785358,0.0,0.04808593,0.0,0.0,-0.20369968339800834,0.11722065014764667,0.23548504114151,0.014228524019320806,0.29874589094722886,-0.6666666666666667
2017-12-21,3,0.19616814,0.051182557,0.7526493,0.14498559,0.15259366,0.103254765,0.0,0.0,-0.06955677792429923,0.10758095337077975,0.21454236432909965,0.06476451580723126,0.26688171941699657,2.0
2017-12-22,3,0.3028571,0.62308264,0.07406029,-0.3202255,0.97641766,0.9556677,0.3333333333333333,0.6666666666666666,-0.0265108697116375,0.09017976969480515,-0.2937146373093128,-0.04781818762421608,0.17422131842538158,0.0
2017-12-26,4,0.17842783,0.21840245,0.60316974,-0.039974608,0.44136095,0.68466896,0.0,0.25,-0.033181313425302505,0.1007216926664114,-0.0067932941019535065,-0.07173817604780197,0.17390767496587367,0.33333333333333326
2017-12-27,1,0.029729268,0.10222278,0.86804795,-0.07249351,0.0,0.10222278,0.0,0.0,-0.05118453577160835,0.08256987817585468,-0.021308972686529162,-0.14423120766878128,0.17199527543191612,-0.75
2017-12-28,3,0.2879059,0.5280565,0.18403764,-0.24015057,0.9037346,0.9469975,0.3333333333333333,0.6666666666666666,-0.10557172149419784,0.046831031516194346,-0.13457884937524794,-0.11753956228494644,0.18190920016602646,2.0
2017-12-29,4,0.23235479,0.36369118,0.40395406,-0.13133638,0.5526283,0.8332612,0.25,0.25,-0.16083611398935319,0.014742570742964745,0.029499737918376928,-0.14799348513285318,0.11723684991796339,0.33333333333333326
2018-01-02,5,0.04023572,0.37070367,0.5890606,-0.33046794,0.39199588,0.94339055,0.0,0.4,-0.16288460046052933,-0.004369216971099377,-0.16758333891630173,-0.23398496210575104,0.12075482599459758,0.25
2018-01-03,4,0.051020876,0.32479173,0.62418735,-0.27377087,0.3732578,0.85206753,0.0,0.25,-0.2096438527107239,-0.02206644620746374,-0.06412701606750487,-0.24519172807534537,0.10557422955854694,-0.19999999999999996
2018-01-04,3,0.20073412,0.3099827,0.48928317,-0.10924858,0.23118818,0.4499947,0.3333333333333333,0.3333333333333333,-0.21699486672878265,-0.0294099947437644,0.10774628818035126,-0.23782912890116373,0.09431659304912034,-0.25
2018-01-05,2,0.4766058,0.08596564,0.43742853,0.39064014,0.71155375,0.14931598,0.5,0.0,-0.09083672463893891,-0.024243277870118617,0.48147686421871183,0.0025402307510375977,0.28490665536150434,-0.33333333333333337
2018-01-08,5,0.21037647,0.37465405,0.4149695,-0.16427757,0.7553276,0.96471554,0.2,0.4,-0.09742496311664581,-0.07655736636370421,-0.066852605342865,0.03903799752394358,0.28645397554445,1.5
2018-01-09,2,0.26396286,0.1574851,0.578552,0.10647777,0.03215725,0.30642468,0.5,0.0,-0.010035821795463562,-0.072773558460176,0.11651358902454376,0.11094677944978078,0.2632994991330454,-0.6
2018-01-10,3,0.18697311,0.03319807,0.77982885,0.15377504,0.2042572,0.04766721,0.0,0.0,0.07547335922718049,-0.06822899300605059,0.07830167710781097,0.031991745034853615,0.22250012753561987,0.5
2018-01-11,4,0.05431395,0.70910203,0.23658398,-0.65478814,0.51846117,0.96992356,0.0,0.75,-0.033634552359580995,-0.10235840175300837,-0.6211535841226578,-0.13151177763938904,0.39926877005956984,0.33333333333333326
2018-01-12,8,0.44977593,0.13345322,0.41677082,0.3163227,0.6080797,0.821912,0.375,0.125,-0.04849803745746613,-0.1121515417471528,0.3648207515478134,-0.061563462018966675,0.38046637865720934,1.0
2018-01-16,9,0.27251598,0.39139202,0.336092,-0.11887603,0.69185317,0.92029494,0.2222222222222222,0.4444444444444444,-0.039417730271816255,-0.09180889632552862,-0.0794583022594452,-0.15244715164105097,0.3775428994342063,0.125
2018-01-17,1,0.039031535,0.9481652,0.012803245,-0.9091337,0.0,0.9481652,0.0,1.0,-0.24254001826047897,-0.11049282755702734,-0.6665936544537544,-0.23722899705171585,0.5241616088124612,-0.8888888888888888
2018-01-18,4,0.24802692,0.28856528,0.46340778,-0.04053834,0.72292864,0.9659222,0.25,0.25,-0.2814026936888695,-0.11218862514942884,0.24086435288190844,-0.3561826820174853,0.4937532496346816,3.0
2018-01-19,2,0.030170068,0.48893428,0.48089564,-0.4587642,0.6328724,0.9238303,0.0,0.5,-0.24219790548086167,-0.13600296508520843,-0.21656628996133803,-0.4694787363211314,0.4635526999223646,-0.5
2018-01-22,6,0.22976713,0.27063107,0.4996018,-0.040863946,0.43058354,0.7621743,0.16666666666666666,0.3333333333333333,-0.3136352375149727,-0.13963543027639388,0.27277129143476486,-0.18005549410978952,0.37503267894352654,2.0
2018-01-23,7,0.23873998,0.048939414,0.7123206,0.18980058,0.28365803,0.13594805,0.2857142857142857,0.0,-0.251899915933609,-0.13739468082785605,0.44170049130916594,-0.10327585538228352,0.4356197485259714,0.16666666666666674
2018-01-24,1,0.041004643,0.4808566,0.47813874,-0.43985194,0.0,0.4808566,0.0,1.0,-0.15804356932640076,-0.14337600246071816,-0.2818083703517914,-0.09697177012761433,0.2821271629995824,-0.8571428571428572
2018-01-25,5,0.05487033,0.54067004,0.4044597,-0.4857997,0.4814102,0.95280635,0.0,0.6,-0.2470958411693573,-0.16566725708544255,-0.23870385885238649,-0.2452836881081263,0.3051016270383483,4.0
2018-01-26,4,0.324175,0.24825116,0.4275738,0.07592383,0.7180187,0.89215946,0.25,0.25,-0.14015823602676392,-0.1582463901489973,0.21608206629753113,-0.2832426031430562,0.3060669739837737,-0.19999999999999996
2018-01-29,6,0.04871094,0.35611543,0.59517366,-0.3074045,0.40669835,0.8745726,0.0,0.3333333333333333,-0.19346634447574615,-0.16160908602178098,-0.11393814384937287,-0.23909345269203186,0.307656931912052,0.5
2018-01-30,3,0.10170596,0.25107598,0.64721805,-0.14937003,0.4158405,0.6257921,0.0,0.3333333333333333,-0.26130046546459196,-0.16251076869666575,0.11193043589591978,-0.12695022920767465,0.22948570995738482,-0.5
2018-01-31,1,0.31250507,0.07842204,0.6090729,0.23408303,0.0,0.07842204,0.0,0.0,-0.12651347219944,-0.13428322039544582,0.36059649884700773,-0.07423049708207448,0.28867857205058856,-0.6666666666666667
2018-02-01,3,0.4928144,0.024796182,0.48238948,0.46801817,0.4172845,0.035255592,0.6666666666666666,0.0,0.06425010263919831,-0.097193768247962,0.4037680715322495,0.18424372375011444,0.3064999386020663,2.0
2018-02-02,5,0.2060798,0.4858551,0.30806515,-0.2797753,0.7335193,0.9303998,0.2,0.6,-0.006889721751213074,-0.10572010390460491,-0.2728855699300766,0.1407753030459086,0.34230164782006967,0.6666666666666667
2018-02-05,9,0.106609546,0.38809597,0.5052945,-0.28148645,0.50483686,0.9741408,0.1111111111111111,0.3333333333333333,-0.0017061144113540649,-0.13932643346488477,-0.27978033721446993,-0.03108118971188863,0.3367645923360009,0.8
2018-02-06,6,0.07760575,0.5472539,0.3751404,-0.46964812,0.40240154,0.9206523,0.0,0.5,-0.06576173305511475,-0.154594961181283,-0.40388638973236085,-0.3436366220315297,0.3969543558676638,-0.33333333333333337
2018-02-07,6,0.16943425,0.49539426,0.3351715,-0.32596,0.54596174,0.97179484,0.16666666666666666,0.5,-0.17777034044265747,-0.1762168500572443,-0.1481896698474884,-0.3590315282344818,0.3692416774551875,0.0
2018-02-08,7,0.14472523,0.3265266,0.52874815,-0.18180135,0.51750976,0.88742477,0.14285714285714285,0.42857142857142855,-0.3077342450618744,-0.19299566932022572,0.12593289613723757,-0.32580316066741943,0.10473541232817073,0.16666666666666674
2018-02-09,4,0.032806944,0.7057027,0.26149032,-0.6728958,0.422154,0.95228356,0.0,0.75,-0.38635834455490115,-0.19390105195343493,-0.2865374445915222,-0.39355238278706867,0.19074232060612242,-0.4285714285714286
2018-02-12,6,0.113371365,0.3579967,0.5286319,-0.24462534,0.39938435,0.82112545,0.0,0.3333333333333333,-0.37898612320423125,-0.22194845490157605,0.13436077833175658,-0.36644082764784497,0.19643632079828674,0.5
2018-02-13,4,0.12043145,0.07579092,0.80377764,0.04464053,0.11206157,0.15438238,0.0,0.0,-0.2761283926665783,-0.2137726267799735,0.32076892256736755,-0.2909602013727029,0.2610987801153123,-0.33333333333333337
2018-02-14,4,0.1347989,0.08746046,0.77774066,0.04733845,0.073480204,0.25344253,0.25,0.0,-0.20146870091557503,-0.1659490207210183,0.24880714938044549,-0.05088212216893832,0.29451975793043966,0.0
2018-02-15,1,0.7972573,0.090882204,0.11186059,0.7063751,0.0,0.090882204,1.0,0.0,-0.02383340671658516,-0.12860334757715464,0.7302085287868977,0.2661180334786574,0.5032369384095097,-0.75
2018-02-16,4,0.1847359,0.16078995,0.6544742,0.023945943,0.37626138,0.5125516,0.0,0.25,0.11553493961691856,-0.10446784067898988,-0.09158899709582329,0.25921983768542606,0.352446050782424,3.0
2018-02-20,7,0.3023658,0.153151,0.5444832,0.14921479,0.50181675,0.7040357,0.2857142857142857,0.14285714285714285,0.19430296644568443,-0.09496390391141177,-0.04508817717432975,0.29317861795425415,0.2903746572728442,0.75
2018-02-21,2,0.8126335,0.07490842,0.112458035,0.73772514,0.06694559,0.09050973,1.0,0.0,0.3329198881983757,-0.06756767574697733,0.4048052504658699,0.3036286234855652,0.35850569162515156,-0.7142857142857143
2018-02-22,2,0.035065062,0.49778172,0.46715313,-0.46271667,0.6904721,0.9619713,0.0,0.5,0.230908864736557,-0.06871091220527888,-0.69362553358078,0.14140775303045908,0.5033773066384234,0.0
2018-02-23,4,0.173418,0.23901112,0.5875709,-0.06559312,0.5579781,0.88949364,0.0,0.25,0.07651521563529969,-0.04770058337599039,-0.1421083390712738,0.06980511546134949,0.43480257705868575,1.0
2018-02-26,8,0.22900082,0.33486047,0.43613872,-0.10585964,0.6251776,0.9307545,0.25,0.25,0.05055409967899323,-0.0567897567525506,-0.15641373693943023,-0.21138980984687805,0.44253256514408046,1.0
2018-02-27,3,0.34234214,0.15636098,0.5012969,0.18598115,0.57367927,0.3541039,0.3333333333333333,0.0,0.05790737271308899,-0.032120474614202976,0.1280737817287445,0.004842797915140788,0.44488101983039424,-0.625
2018-02-28,2,0.12465158,0.35459113,0.5207572,-0.22993955,0.6143001,0.69578487,0.0,0.5,-0.13562556505203247,-0.036148950643837455,-0.09431398510932923,-0.04993934432665507,0.23722623870832826,-0.33333333333333337
2018-03-01,6,0.05102202,0.4404978,0.5084802,-0.3894758,0.46756047,0.94953185,0.0,0.5,-0.12097738981246949,-0.06732689160853625,-0.2684984028339386,-0.14447806278864542,0.21300449291463372,2.0
2018-03-02,3,0.039066684,0.6323985,0.32853484,-0.5933318,0.458625,0.93517464,0.0,0.6666666666666666,-0.22652512788772583,-0.12039439100772142,-0.36680668592453003,-0.40424905220667523,0.2940379719752934,-0.5
2018-03-05,9,0.16265906,0.32310808,0.5142329,-0.16044901,0.4394294,0.92336446,0.1111111111111111,0.3333333333333333,-0.23744300305843352,-0.11442807707935572,0.076993989944458,-0.3810855398575465,0.2894145850581081,2.0
2018-03-06,4,0.1323865,0.018070512,0.849543,0.114315994,0.027248604,0.029030077,0.0,0.0,-0.25177603513002395,-0.09463795479387045,0.3660920292139053,-0.21315494428078333,0.2638476852520017,-0.5555555555555556
2018-03-07,1,0.06176888,0.81460685,0.12362425,-0.75283796,0.0,0.81460685,0.0,1.0,-0.35635571628808976,-0.1087974464520812,-0.3964822396636009,-0.2663236583272616,0.34437046618338785,-0.75
2018-03-08,7,0.12557337,0.16775714,0.70666945,-0.042183783,0.3038333,0.7297024,0.0,0.14285714285714285,-0.2868973143398762,-0.09460863508284093,0.244713531434536,-0.22690191492438316,0.37008404051611427,6.0
2018-03-09,5,0.14694571,0.2764185,0.57663584,-0.12947278,0.38073912,0.8447014,0.2,0.2,-0.19412550702691078,-0.09199220649898052,0.06465272977948189,-0.3081648387014866,0.33003641065428113,-0.2857142857142857
2018-03-12,5,0.061585415,0.20861144,0.7298032,-0.14702602,0.4209362,0.9165797,0.0,0.2,-0.1914409078657627,-0.06569871790707112,0.04441489055752754,-0.10622752582033475,0.3304331815043915,0.0
2018-03-13,1,0.027643427,0.22320165,0.749155,-0.19555822,0.0,0.22320165,0.0,0.0,-0.2534157507121563,-0.06324536167085171,0.057857530564069726,-0.15735233823458353,0.28463556225367664,-0.8
2018-03-14,2,0.038079478,0.8161802,0.14574033,-0.7781007,0.21018536,0.9405704,0.0,1.0,-0.2584683053195477,-0.10438242461532354,-0.5196324236690998,-0.3735616554816564,0.2957252774959581,1.0
2018-03-15,2,0.03668842,0.43630493,0.5270066,-0.3996165,0.62306607,0.85111696,0.0,0.5,-0.3299548506736755,-0.12673017252236604,-0.06966165900230409,-0.45775848627090454,0.27267469130999766,0.0
2018-03-16,1,0.029948516,0.15320595,0.81684554,-0.12325743,0.0,0.15320595,0.0,0.0,-0.32871178090572356,-0.16821180004626513,0.2054543524980545,-0.43365822235743207,0.2738288633516813,-0.5
2018-03-19,7,0.0998466,0.38427576,0.5158776,-0.28442913,0.53498936,0.9626439,0.14285714285714285,0.42857142857142855,-0.35619240403175356,-0.18363055381923915,0.07176327109336855,-0.26910102367401123,0.2574414004185794,6.0
2018-03-20,4,0.028533462,0.49417284,0.47729367,-0.46563938,0.47031742,0.91491413,0.0,0.5,-0.4102086365222931,-0.2143732624128461,-0.05543074607849119,-0.2911086479822795,0.2432544099402287,-0.4285714285714286
2018-03-21,4,0.1693829,0.117955215,0.71266186,0.05142768,0.13299172,0.28445598,0.0,0.0,-0.24430295452475548,-0.24868813529610634,0.2957306355237961,-0.2328802781800429,0.210256303818411,0.0
2018-03-22,4,0.06795049,0.2726694,0.65938014,-0.2047189,0.49849784,0.96259063,0.0,0.25,-0.20532343313097953,-0.2357882469892502,0.0006045304238796179,-0.2063102014362812,0.19149310332598865,0.0
2018-03-23,9,0.12460598,0.24248089,0.6329131,-0.11787489,0.4478249,0.8919463,0.0,0.2222222222222222,-0.20424692556262017,-0.2384023353457451,0.08637203499674798,-0.0903887040913105,0.19208400415473328,1.25
2018-03-26,10,0.1396311,0.3228957,0.5374732,-0.18326458,0.48548406,0.9654188,0.1,0.3,-0.18401401564478875,-0.24227258265018464,0.0007494322955608479,-0.16861945887406668,0.18678147505498016,0.11111111111111116
2018-03-27,5,0.06300334,0.37152952,0.5654672,-0.3085262,0.42768165,0.9465501,0.0,0.4,-0.1525913767516613,-0.2669979497790337,-0.1559348113834858,-0.2032218873500824,0.13304397797813589,-0.5
2018-03-28,3,0.14108205,0.06403042,0.79488754,0.07705164,0.18057299,0.09214586,0.0,0.0,-0.14746658504009247,-0.25164839029312136,0.22451822459697723,-0.13824637730916342,0.14298917954547727,-0.4
2018-03-29,1,0.035374768,0.06591102,0.8987142,-0.03053625,0.0,0.06591102,0.0,0.0,-0.11263005435466766,-0.23370141312479972,0.08209380507469177,-0.08733693261941274,0.14672301971751217,-0.6666666666666667
2018-04-02,5,0.09221256,0.2735937,0.6341938,-0.18138114,0.2921029,0.5964369,0.0,0.2,-0.1253313034772873,-0.21310387924313545,-0.05604983270168304,-0.044955248634020485,0.15000264360908547,4.0
2018-04-03,8,0.3417413,0.114738286,0.5435204,0.22700301,0.3905352,0.49016184,0.375,0.125,-0.04327778518199921,-0.19373127818107605,0.27028079330921173,0.005028540889422099,0.21042960536292027,0.6000000000000001
2018-04-04,5,0.18471919,0.38122433,0.43405646,-0.19650514,0.35356167,0.82327247,0.2,0.4,-0.020873576402664185,-0.20927233509719373,-0.1756315678358078,-0.050294424096743263,0.17869991654437267,-0.375
2018-04-05,4,0.16777122,0.35053453,0.48169425,-0.18276331,0.36928272,0.77326405,0.0,0.5,-0.07283656597137451,-0.18076860271394252,-0.10992674231529236,-0.05075514813264211,0.18086791909845673,-0.19999999999999996
2018-04-06,6,0.35865664,0.44502625,0.19631718,-0.086369604,0.73762363,0.96674347,0.3333333333333333,0.5,-0.08400323688983917,-0.18297789376229048,-0.0023663669824600247,-0.15521268546581268,0.17932036294133774,0.5
2018-04-09,5,0.13876158,0.422882,0.43835646,-0.28412044,0.56283784,0.9126216,0.0,0.4,-0.10455109775066376,-0.1907102769240737,-0.1795693427324295,-0.18441778421401978,0.19816441231707896,-0.16666666666666663
2018-04-10,2,0.40230715,0.09993842,0.49775445,0.3023687,0.18221606,0.1613066,0.5,0.0,-0.08947795927524567,-0.1682405410334468,0.39184665977954863,-0.022707114617029827,0.22999790042834212,-0.6
2018-04-11,1,0.013434087,0.9365304,0.050035436,-0.9230963,0.0,0.9365304,0.0,1.0,-0.23479619026184081,-0.20461744498461484,-0.6883001089096069,-0.30161601305007935,0.4442617229208934,-0.5
2018-04-12,2,0.0704166,0.09953579,0.8300476,-0.029119194,0.07124654,0.1281454,0.0,0.0,-0.20406736731529235,-0.1671683682128787,0.1749481737613678,-0.2166155974070231,0.45396812035106243,1.0
2018-04-13,10,0.147203,0.3368472,0.51594985,-0.18964417,0.5035944,0.9422879,0.1,0.4,-0.22472228109836578,-0.15666975136846303,0.03507810831069946,-0.3806198885043462,0.44960270097172317,4.0
2018-04-16,8,0.08441699,0.24042502,0.67515796,-0.15600803,0.3660484,0.9593561,0.0,0.25,-0.199099799990654,-0.1583072816953063,0.043091765046119695,-0.12492380042870839,0.4490215204975969,-0.19999999999999996
2018-04-17,4,0.09570382,0.25273895,0.6515572,-0.15703516,0.31566975,0.6597003,0.0,0.25,-0.2909805715084076,-0.1519375829026103,0.1339454144239426,-0.16756245493888855,0.3586675688574909,-0.5
2018-04-18,4,0.18435967,0.22588116,0.5897592,-0.041521475,0.54367006,0.80713606,0.25,0.25,-0.11466560661792755,-0.13073168750852346,0.07314413189888,-0.11818822224934895,0.07381465537226371,0.0
2018-04-19,1,0.01514841,0.9078274,0.07702428,-0.892679,0.0,0.9078274,0.0,1.0,-0.28737756311893464,-0.1779370203614235,-0.6053014129400254,-0.36374520262082416,0.34301382189342855,-0.75
2018-04-20,4,0.039867822,0.656872,0.3032602,-0.61700416,0.4008896,0.89813024,0.0,0.75,-0.3728495597839355,-0.19855128303170205,-0.24415459632873537,-0.5170682022968928,0.36510563272608226,3.0
2018-04-23,5,0.05875475,0.5045389,0.43670636,-0.44578418,0.4387723,0.94555867,0.0,0.6,-0.4308047890663147,-0.21494674757122995,-0.014979392290115356,-0.651822437842687,0.3444973371873258,0.25
2018-04-24,6,0.08426344,0.38193503,0.53380156,-0.2976716,0.35269654,0.88047266,0.0,0.3333333333333333,-0.4589320749044418,-0.22066709771752357,0.16126048862934111,-0.4534866412480672,0.32153249391138633,0.19999999999999996
2018-04-25,2,0.09354182,0.021556312,0.8849019,0.07198551,0.00440865,0.028511055,0.0,0.0,-0.4362306773662567,-0.2016415126621723,0.5082161903381348,-0.22382341821988425,0.36006863487460555,-0.6666666666666667
2018-04-26,3,0.06795689,0.19633557,0.7357075,-0.12837869,0.13347179,0.3618739,0.0,0.0,-0.2833706200122833,-0.2119130291044712,0.15499193072319029,-0.1180215875307719,0.26841874878356886,0.5
2018-04-27,3,0.5451686,0.028198382,0.42663297,0.5169702,0.46770045,0.03764854,0.6666666666666666,0.0,-0.05657574534416199,-0.18453770577907563,0.5735459625720978,0.1535256803035736,0.3742489286086963,0.0
2018-04-30,6,0.2844651,0.11458779,0.60094714,0.16987729,0.45711154,0.32032785,0.16666666666666666,0.0,0.06655654907226563,-0.1669747844338417,0.10332074165344238,0.1861562728881836,0.30993507525766795,1.0
2018-05-01,5,0.09397597,0.40383118,0.50219285,-0.30985522,0.49403915,0.90813535,0.0,0.4,0.0641198217868805,-0.19381769597530366,-0.37397504448890684,0.12566409508387247,0.3135414656198725,-0.16666666666666663
2018-05-02,2,0.17814046,0.5077287,0.3141309,-0.32958817,0.33614242,0.62781614,0.0,1.0,-0.016194915771484374,-0.20047184750437735,-0.31339325904846194,-0.15652203559875488,0.35913953931627646,-0.6
2018-05-03,5,0.22366591,0.35468814,0.42164594,-0.13102224,0.7179864,0.92581767,0.2,0.4,-0.016723626852035524,-0.19788479432463646,-0.11429861783981324,-0.2568218807379405,0.3593478654279621,1.5
2018-05-04,7,0.29456785,0.35217866,0.35325345,-0.057610802,0.6794284,0.9549699,0.2857142857142857,0.2857142857142857,-0.13163983076810837,-0.19644685424864292,0.07402902841567993,-0.1727404072880745,0.20453454833454918,0.3999999999999999
2018-05-07,4,0.25962982,0.059344824,0.6810254,0.20028499,0.22965935,0.17867543,0.25,0.0,-0.12555829137563707,-0.17222658284008502,0.32584327906370164,0.0038839802145957947,0.21587850216962767,-0.4285714285714286
2018-05-08,1,0.116295315,0.015696857,0.8680078,0.100598454,0.0,0.015696857,0.0,0.0,-0.04346755594015121,-0.18231509514153005,0.14406601041555406,0.08109087993701299,0.20609535497672007,-0.75
2018-05-09,1,0.034384053,0.047476146,0.91813976,-0.013092093,0.0,0.047476146,0.0,0.0,0.019831660389900207,-0.1368148848414421,-0.03292375355958939,0.09593044966459274,0.13126774891637558,0.0
2018-05-10,1,0.016417861,0.9171547,0.066427484,-0.90073687,0.0,0.9171547,0.0,1.0,-0.13411126434803008,-0.1803957685828209,-0.7666256040334701,-0.27107683569192886,0.4402051461318568,0.0
2018-05-11,3,0.14569212,0.28288972,0.5714181,-0.13719761,0.5032035,0.7952922,0.0,0.3333333333333333,-0.1500286266207695,-0.17777344062924386,0.012831012904644001,-0.35034219175577164,0.43818166195145336,2.0
2018-05-14,7,0.1395296,0.49628976,0.3641807,-0.35676017,0.631005,0.953613,0.14285714285714285,0.5714285714285714,-0.2614376589655876,-0.18781104758381845,-0.09532251507043837,-0.4648982187112172,0.39559168259984157,1.3333333333333335
2018-05-15,4,0.043775775,0.36457723,0.59164697,-0.32080147,0.42550328,0.95254636,0.0,0.25,-0.3457176432013512,-0.19599936306476592,0.02491617649793626,-0.27158641815185547,0.3401872472949524,-0.4285714285714286
2018-05-16,1,0.011877293,0.9709416,0.017181136,-0.9590643,0.0,0.9709416,0.0,1.0,-0.5349120855331421,-0.24187650457024573,-0.42415221929550173,-0.5455419818560282,0.3706383475295564,-0.75
2018-05-17,2,0.072185025,0.5355014,0.39231357,-0.46331638,0.59181625,0.8979579,0.0,0.5,-0.44742798805236816,-0.22040837481617928,-0.01588839292526245,-0.5810607175032297,0.30924180475898816,1.0
2018-05-18,3,0.10449452,0.14150591,0.75399953,-0.037011396,0.006974437,0.22124486,0.0,0.0,-0.4273907445371151,-0.19140873681753873,0.39037934839725497,-0.4864640273153782,0.3364199062779318,0.5
2018-05-21,6,0.08224634,0.30475476,0.6129989,-0.22250843,0.4709008,0.8504804,0.0,0.3333333333333333,-0.4005403958261013,-0.18024494927376508,0.17803196534514426,-0.24094540253281593,0.34860321009508477,1.0
2018-05-22,3,0.1669768,0.6301466,0.20287652,-0.4631698,0.37974223,0.9037326,0.0,1.0,-0.4290140651166439,-0.18851986061781645,-0.03415574803948401,-0.24089654659231505,0.3462683894891076,-0.5
2018-05-23,2,0.037276912,0.3622685,0.6004545,-0.3249916,0.49829608,0.7069767,0.0,0.5,-0.30219952687621116,-0.20836871694773434,-0.022792086750268947,-0.33688995242118835,0.1796280660748239,-0.33333333333333337
2018-05-24,2,0.019552674,0.90391517,0.0765322,-0.88436246,0.073327385,0.95016366,0.0,1.0,-0.3864087425172329,-0.24616790544241668,-0.49795371666550636,-0.5575079619884491,0.31881187539399386,0.0
2018-05-25,6,0.15561672,0.1888244,0.6555589,-0.033207692,0.1677885,0.58437544,0.16666666666666666,0.16666666666666666,-0.38564800173044206,-0.27367680091410873,0.35244030952453614,-0.4141872550050418,0.3198568547888622,2.0
2018-05-29,6,0.08409884,0.4159329,0.4999683,-0.33183405,0.39940572,0.95355505,0.0,0.3333333333333333,-0.40751312524080274,-0.2987623678520322,0.07567907720804212,-0.4164680664738019,0.30948531225091563,0.0
2018-05-30,1,0.7255177,0.012794923,0.26168746,0.7127228,0.0,0.012794923,1.0,0.0,-0.17233460694551467,-0.24763346780091525,0.8850573852658272,0.11589367936054866,0.5827544013939396,-0.8333333333333334
2018-05-31,5,0.048513267,0.36861855,0.5828682,-0.32010528,0.35151407,0.88807714,0.0,0.2,-0.17135734111070633,-0.24715932328253984,-0.14874794334173203,0.02026114861170451,0.5824384099575548,4.0
2018-06-01,4,0.24706122,0.2327381,0.5202006,0.0143231,0.4401191,0.58542687,0.25,0.25,0.008379770815372467,-0.23989205602556468,0.005943329632282257,0.13564686477184296,0.4247092495279253,-0.19999999999999996
2018-06-04,3,0.13878353,0.31954116,0.54167527,-0.18075763,0.63903487,0.9220934,0.0,0.3333333333333333,-0.021130216121673585,-0.24604939725250005,-0.15962741076946257,-0.1621799369653066,0.4333592701280933,-0.25
2018-06-05,2,0.2924022,0.41190606,0.29569173,-0.119503826,0.5333382,0.5209847,0.5,0.5,0.02133582830429077,-0.26203883793205024,-0.1408396542072296,-0.09531278411547343,0.4047606389321467,-0.33333333333333337
2018-06-06,1,0.09532389,0.041030467,0.86364573,0.054293424,0.0,0.041030467,0.0,0.0,-0.11035004258155823,-0.264354089461267,0.16464346647262573,-0.08198934296766917,0.15140107728697055,-0.5
2018-06-07,3,0.13609155,0.16238354,0.7015249,-0.02629199,0.18101883,0.16982241,0.0,0.0,-0.05158738382160664,-0.26501408433541657,0.02529539316892624,-0.03050079755485058,0.0968147575187982,2.0
2018-06-08,1,0.14421815,0.0150803095,0.8407015,0.12913784,0.0,0.0150803095,0.0,0.0,-0.028624435141682624,-0.2135203487239778,0.1577622789889574,0.05237975902855396,0.1256715162762341,-0.6666666666666667
2018-06-11,7,0.22796798,0.3295633,0.44246873,-0.10159529,0.56187004,0.95300585,0.14285714285714285,0.2857142857142857,-0.012791967764496804,-0.21174023253843188,-0.08880332224071026,0.0004168543964624405,0.10500026490926147,6.0
2018-06-12,6,0.07055557,0.40417826,0.5252662,-0.3336227,0.4979129,0.95823896,0.0,0.5,-0.05561574138700962,-0.21058335853740573,-0.2780069526284933,-0.10202671339114507,0.17781716651316903,-0.1428571428571429
2018-06-13,3,0.04231156,0.35165182,0.6060366,-0.30934027,0.5510801,0.95534766,0.0,0.3333333333333333,-0.128342479839921,-0.21001029862090945,-0.18099778853356838,-0.24818608413139978,0.19514481634127945,-0.5
2018-06-14,6,0.051006835,0.4862207,0.46277252,-0.4352138,0.39399007,0.9706882,0.0,0.6666666666666666,-0.21012684255838393,-0.18381777359172702,-0.2250869616866112,-0.3593922555446625,0.22507681736016844,1.0
2018-06-15,4,0.13119453,0.258858,0.6099475,-0.12766348,0.39542067,0.76876044,0.0,0.25,-0.26148710697889327,-0.16703512845560908,0.13382362872362136,-0.29073918362458545,0.14243295796221567,-0.33333333333333337
2018-06-18,4,0.035354502,0.40202993,0.5626155,-0.36667544,0.44459623,0.94017667,0.0,0.5,-0.3145031362771988,-0.1835183304734528,-0.05217230021953584,-0.30985090633233386,0.11466721935047358,0.0
2018-06-19,4,0.081598215,0.6513294,0.2670724,-0.5697311,0.5203995,0.9703372,0.0,0.75,-0.3617248207330704,-0.200879464764148,-0.20800629556179046,-0.3546900103489558,0.1629575187401741,0.0
2018-06-20,4,0.18096627,0.62238204,0.19665171,-0.44141576,0.6847647,0.87839746,0.25,0.75,-0.38813991844654083,-0.1997917619533837,-0.05327583849430084,-0.4592741032441457,0.163047791082487,0.0
2018-06-21,3,0.04408622,0.596541,0.35937276,-0.55245477,0.45651495,0.9569374,0.0,0.6666666666666666,-0.41158811151981356,-0.2111649197526276,-0.14086665809154508,-0.521200547615687,0.1791456526856403,-0.25
2018-06-22,6,0.20087515,0.11574522,0.68337965,0.08512994,0.26105666,0.5533729,0.16666666666666666,0.16666666666666666,-0.36902942806482314,-0.16269029984250666,0.45415936708450316,-0.30291352917750675,0.2671292178772739,1.0
2018-06-25,8,0.17172973,0.32847354,0.49979675,-0.15674378,0.48053795,0.9452956,0.125,0.25,-0.3270430967211723,-0.16886710422113538,0.1702993169426918,-0.20802287012338638,0.2835830880308504,0.33333333333333326
2018-06-26,4,0.19447856,0.2680329,0.5374886,-0.073554344,0.49929366,0.8515146,0.25,0.25,-0.22780774235725404,-0.1559531190432608,0.15425339788198472,-0.04838939507802328,0.2635328566613543,-0.5
2018-06-27,4,0.12656876,0.12905279,0.7443785,-0.002484031,0.22499156,0.40403867,0.0,0.0,-0.1400213971734047,-0.19171345951035618,0.1375373661518097,-0.07759405175844829,0.24718841252798385,0.0
2018-06-28,10,0.22311361,0.32060444,0.45628196,-0.09749084,0.6425417,0.95254946,0.2,0.3,-0.0490286111831665,-0.18058273727074264,-0.04846222847700119,-0.05784307171901067,0.0931632589368457,1.5
2018-06-29,2,0.026758907,0.49476847,0.47847262,-0.46800956,0.685938,0.9659461,0.0,0.5,-0.15965651124715804,-0.2046993703581393,-0.30835305005311964,-0.18932814399401346,0.18101894228823145,-0.8
2018-07-02,6,0.1303006,0.45287526,0.4168241,-0.3225747,0.48036957,0.95999014,0.0,0.5,-0.1928226962685585,-0.2117902242578566,-0.1297520086169243,-0.29602503528197605,0.1950034003152237,2.0
2018-07-03,3,0.05828816,0.605882,0.33582985,-0.54759383,0.57236624,0.95184433,0.0,0.6666666666666666,-0.28763059377670286,-0.23319472456350923,-0.25996323823928835,-0.44605936606725055,0.2338804376216934,-0.5
2018-07-05,9,0.07060465,0.18391353,0.7454818,-0.11330888,0.32775325,0.9455899,0.0,0.1111111111111111,-0.30979556292295457,-0.24157483959570528,0.19648668617010118,-0.32782580455144245,0.20336132000535292,2.0
2018-07-06,7,0.19012348,0.31965774,0.4902188,-0.12953426,0.56032217,0.91869193,0.14285714285714285,0.2857142857142857,-0.316204246878624,-0.246736953034997,0.18666998744010926,-0.2634789894024531,0.19534507401089024,-0.2222222222222222
2018-07-09,5,0.053534,0.39821336,0.54825264,-0.34467936,0.41242945,0.9483452,0.0,0.4,-0.291538205742836,-0.2704278130084276,-0.05314114987850188,-0.19584083060423532,0.17843955710966322,-0.2857142857142857
2018-07-10,1,0.016863264,0.931246,0.051890746,-0.9143827,0.0,0.931246,0.0,1.0,-0.4098998039960861,-0.31106718331575395,-0.5044828921556472,-0.4628654370705287,0.3332744204909596,-0.8
2018-07-11,5,0.063455,0.45029336,0.48625168,-0.38683832,0.4811339,0.9101847,0.0,0.4,-0.37774870097637175,-0.3137279644608498,-0.00908961594104768,-0.5486334562301636,0.32430351413504277,4.0
2018-07-12,2,0.16787267,0.3072361,0.52489126,-0.13936344,0.56284636,0.60678476,0.0,0.5,-0.3829596132040024,-0.3052291229367256,0.24359617531299593,-0.4801948169867198,0.31916078319204755,-0.6
2018-07-13,10,0.18658742,0.3544393,0.45897326,-0.16785185,0.56023633,0.96194506,0.1,0.4,-0.3906231313943863,-0.2918610252439976,0.22277128100395205,-0.2313512017329534,0.3119325705369947,4.0
2018-07-16,5,0.34137914,0.46162623,0.19699462,-0.12024711,0.8392392,0.9612704,0.4,0.4,-0.34573668241500854,-0.2914902068674564,0.2254895716905594,-0.14248746633529663,0.33545719166475,-0.5
2018-07-17,5,0.17153147,0.27617425,0.5522944,-0.104642764,0.45380768,0.7447482,0.2,0.2,-0.18378869593143463,-0.2783885732293129,0.0791459321975708,-0.13091390828291574,0.11592923144568283,0.0
2018-07-18,3,0.027883166,0.36913192,0.60298485,-0.34124875,0.46816322,0.9031106,0.0,0.3333333333333333,-0.17467078268527986,-0.26696445494890214,-0.16657796800136565,-0.1887128750483195,0.09605621448595436,-0.4
2018-07-19,3,0.09802922,0.23009498,0.6718758,-0.13206579,0.29499948,0.5055829,0.0,0.3333333333333333,-0.17321125268936158,-0.2514969564974308,0.04114546477794648,-0.19265243411064148,0.09677953193948229,0.0
2018-07-20,5,0.25213122,0.046650536,0.70121825,0.2054807,0.25859612,0.12601617,0.2,0.0,-0.09854474365711212,-0.21360018327832223,0.3040254384279251,-0.08927794794241588,0.19555596464475578,0.6666666666666667
2018-07-23,6,0.37606183,0.14239186,0.4815463,0.23366998,0.44070238,0.5106846,0.3333333333333333,0.16666666666666666,-0.027761325240135193,-0.20617318116128444,0.2614313066005707,0.10236162940661113,0.24383022290148884,0.19999999999999996
2018-07-24,6,0.2392844,0.07067815,0.6900374,0.16860624,0.26290122,0.17174122,0.16666666666666666,0.0,0.026888474822044373,-0.18990568034350871,0.14171776175498962,0.2025856375694275,0.2527494663276921,0.0
2018-07-25,2,0.21030302,0.5483535,0.24134345,-0.33805048,0.828356,0.9466841,0.0,0.5,0.027528128027915953,-0.20313048735260963,-0.36557861268520353,0.021408577760060627,0.25158624389820844,-0.6666666666666667
2018-07-26,4,0.04155128,0.2949516,0.6634971,-0.25340033,0.34948987,0.81721807,0.0,0.25,0.0032612204551696776,-0.2156763020902872,-0.2566615462303162,-0.14094819128513336,0.2755397959509857,1.0
2018-07-27,5,0.24397822,0.046075035,0.70994675,0.19790319,0.20532827,0.10782005,0.0,0.0,0.0017457187175750732,-0.20090660080313683,0.1961574673652649,-0.13118254144986471,0.27416692537310555,0.25
2018-07-30,4,0.053576972,0.16695693,0.7794661,-0.11337997,0.19121376,0.5160931,0.0,0.25,-0.06766427159309388,-0.1831751212477684,-0.04571569859981536,-0.056292369961738586,0.24292300155821578,-0.19999999999999996
2018-07-31,2,0.12148248,0.015204372,0.86331314,0.10627811,0.024714643,0.016858649,0.0,0.0,-0.08012989759445191,-0.16173248067498208,0.18640800416469575,0.06360044082005818,0.22896592403474042,-0.5
2018-08-01,4,0.48391208,0.33356085,0.18252705,0.15035124,0.82792324,0.93020046,0.5,0.25,0.01755044758319855,-0.12683522701263428,0.13280079364776612,0.047749792536099754,0.19273871849580995,1.0
2018-08-02,6,0.057853322,0.54466057,0.39748612,-0.48680723,0.3956363,0.9387789,0.0,0.5,-0.029130932688713074,-0.14551014453172684,-0.4576762944459915,-0.07672595977783203,0.2822496415287977,0.5
2018-08-03,6,0.31684375,0.36449775,0.31865853,-0.047654014,0.7229783,0.9406784,0.3333333333333333,0.3333333333333333,-0.07824237272143364,-0.14141613226383926,0.030588358640670776,-0.12803666666150093,0.2526847771037972,0.0
2018-08-06,5,0.07938527,0.41962862,0.5009861,-0.3402433,0.5048101,0.96100867,0.0,0.4,-0.12361504063010216,-0.14119432996958495,-0.21662826910614968,-0.2915681836505731,0.27951512999961486,-0.16666666666666663
2018-08-07,2,0.10079415,0.17760918,0.7215967,-0.076815024,0.015272717,0.19037275,0.0,0.0,-0.16023366674780845,-0.09931594636291266,0.08341864272952079,-0.15490411594510078,0.2525616732237152,-0.6
2018-08-08,4,0.26112947,0.24835046,0.49052003,0.012779035,0.522617,0.5204165,0.25,0.25,-0.18774810805916786,-0.0793350787833333,0.2005271427333355,-0.13475976636012396,0.21496207951172258,1.0
2018-08-09,1,0.03299817,0.72189337,0.24510847,-0.6888952,0.0,0.72189337,0.0,1.0,-0.2281657077372074,-0.1068116681650281,-0.46072951778769494,-0.2509770716230075,0.29085174373524214,-0.75
2018-08-10,5,0.20228274,0.37836194,0.41935533,-0.17607918,0.4771598,0.7812654,0.2,0.4,-0.2538507416844368,-0.10722303483635187,0.07777155786752699,-0.2840651248892148,0.276228563384724,4.0
2018-08-13,5,0.039860476,0.42558616,0.53455335,-0.3857257,0.4489979,0.96279055,0.0,0.4,-0.26294722110033036,-0.12049696464091539,-0.12277848571538924,-0.41690003871917725,0.2805006585746835,0.0
2018-08-14,1,0.07383864,0.0353381,0.89082325,0.038500536,0.0,0.0353381,0.0,0.0,-0.2398841090500355,-0.11333979964256287,0.2783846452832222,-0.17443478479981422,0.30343388809052,-0.8
2018-08-15,1,0.01399813,0.7019926,0.28400928,-0.6879944,0.0,0.7019926,0.0,1.0,-0.38003880009055135,-0.13067708313465118,-0.3079556204378605,-0.3450731970369816,0.31899686429503465,0.0
2018-08-16,1,0.016437275,0.91867197,0.06489072,-0.9022347,0.0,0.91867197,0.0,1.0,-0.4227066896855831,-0.1691855274140835,-0.4795279838144779,-0.5172428525984287,0.3792194260522613,0.0
2018-08-17,4,0.1010385,0.5824172,0.3165443,-0.4813787,0.41335523,0.86124384,0.0,0.75,-0.48376659378409387,-0.2035284973680973,0.002387889474630367,-0.6905359327793121,0.353272278698758,3.0
2018-08-20,4,0.091031745,0.36008155,0.54888666,-0.26904982,0.47777975,0.9628668,0.0,0.5,-0.4604314170777798,-0.22866448760032654,0.19138159379363062,-0.5508877336978912,0.36502528516695165,0.0
2018-08-21,1,0.046073865,0.88619506,0.067731135,-0.8401212,0.0,0.88619506,0.0,1.0,-0.636155766248703,-0.2791008599102497,-0.20396544337272648,-0.5301832457383474,0.26163421284031185,-0.75
2018-08-22,4,0.45805654,0.03512064,0.5068229,0.4229359,0.48541012,0.053786673,0.5,0.0,-0.41396970152854917,-0.24105154052376748,0.8369056046009063,-0.22874504327774048,0.5352486633525755,3.0
2018-08-23,5,0.2547993,0.20726998,0.53793067,0.04752932,0.62657446,0.88249815,0.2,0.2,-0.22401690259575843,-0.22600505817681552,0.2715462237596512,-0.12321866179505984,0.4848022438228309,0.25
2018-08-24,2,0.4567241,0.43505877,0.1082171,0.021665335,1.0832367,0.78829867,0.5,0.5,-0.12340809479355812,-0.2348169507458806,0.14507342949509622,0.16404351964592934,0.47001246424105236,-0.6
2018-08-27,3,0.0592836,0.43195638,0.50876,-0.37267277,0.44079122,0.8924879,0.0,0.3333333333333333,-0.14413268342614174,-0.2477815905585885,-0.22854008302092552,-0.10115937019387881,0.4802136729505528,0.5
2018-08-28,1,0.19231883,0.049036227,0.75864494,0.14328259,0.0,0.049036227,0.0,0.0,0.05254807695746422,-0.2459313662722707,0.09073451533913612,-0.06924161314964294,0.2860120589033641,-0.6666666666666667
2018-08-29,2,0.0522376,0.06757515,0.8801872,-0.015337547,0.021637298,0.095960304,0.0,0.0,-0.0351066131144762,-0.25421580569818614,0.01976906582713127,-0.08157590714593728,0.19762096557521258,1.0
2018-08-30,3,0.1536357,0.75438815,0.09197614,-0.6007524,0.51912874,0.9654665,0.0,1.0,-0.16476296000182628,-0.2599130650050938,-0.4359894532710314,-0.1576024560878674,0.3103581867380858,0.5
2018-08-31,1,0.6914095,0.08246947,0.22612093,0.60894006,0.0,0.08246947,1.0,0.0,-0.04730801396071911,-0.22708336105570198,0.6562480788677931,-0.002383298551042875,0.46908724035113947,-0.6666666666666667
2018-09-04,5,0.032954954,0.6683952,0.29864985,-0.63544023,0.28286344,0.9547541,0.0,0.8,-0.09986150674521924,-0.24184320708736778,-0.5355787236243487,-0.20908419291178384,0.5259275829520688,4.0
2018-09-05,1,0.44005448,0.012081621,0.5478639,0.42797285,0.0,0.012081621,0.0,0.0,-0.04292345456779003,-0.21660381322726607,0.47089630775153635,0.13382422924041748,0.572206177818185,-0.8
2018-09-06,1,0.033203166,0.028439187,0.93835765,0.0047639795,0.0,0.028439187,0.0,0.0,-0.03890314921736717,-0.217004565987736,0.043667128682136534,-0.06756779924035072,0.5725189810263404,0.0
2018-09-07,4,0.2799274,0.4266956,0.29337704,-0.14676817,0.7988159,0.94053817,0.25,0.5,0.051893699914216995,-0.1898982130922377,-0.19866186752915382,0.09532288834452629,0.4913888129971137,3.0
2018-09-10,7,0.172527,0.30310467,0.52436835,-0.13057767,0.48384103,0.79240984,0.14285714285714285,0.2857142857142857,-0.09600984677672386,-0.18762313732877373,-0.03456782177090645,-0.09086061889926593,0.38061454060920913,0.75
2018-09-11,3,0.045296494,0.05146697,0.90323657,-0.006170478,0.03934933,0.09470512,0.0,0.0,0.029844103660434485,-0.16864537589717657,-0.03601458184421062,-0.09450543811544776,0.23310920364471893,-0.5714285714285714
2018-09-12,4,0.069614895,0.40794,0.5224451,-0.33832508,0.4649981,0.95855486,0.0,0.5,-0.12341548362746835,-0.1874866568716243,-0.21490959962829947,-0.15835774332905808,0.13870755820678124,0.33333333333333326
2018-09-13,4,0.22295466,0.122301474,0.6547439,0.10065318,0.31909454,0.2810738,0.25,0.0,-0.10423764372244478,-0.14805427689570932,0.204890822712332,-0.08128079414988558,0.16499771961011522,0.0
2018-09-14,3,0.061984167,0.09691965,0.8410962,-0.034935478,0.13944279,0.23014624,0.0,0.0,-0.08187110582366586,-0.1046893171267584,0.046935627702623606,-0.09086912746230762,0.16537051166451924,-0.25
2018-09-17,5,0.05175156,0.23074365,0.7175048,-0.1789921,0.4077153,0.9248384,0.0,0.2,-0.0915539906360209,-0.08956998654175549,-0.08743810197338461,-0.037758130580186844,0.17027990929873763,0.6666666666666667
2018-09-18,8,0.066260114,0.30842376,0.62531614,-0.24216364,0.34344938,0.8150727,0.0,0.25,-0.1387526236474514,-0.08822567753959447,-0.10341101959347726,-0.15203040465712547,0.1733748529281966,0.6000000000000001
2018-09-19,3,0.10875065,0.3432832,0.5479662,-0.23453255,0.5322002,0.8825949,0.0,0.3333333333333333,-0.11799411699175835,-0.05794624455738813,-0.1165384329855442,-0.21856276194254556,0.14783893953578464,-0.625
2018-09-20,4,0.05863645,0.033694707,0.9076688,0.02494174,0.04816707,0.092538625,0.0,0.0,-0.13313640467822552,-0.07784595268312841,0.1580781452357769,-0.15058481755355993,0.12134968389290732,0.33333333333333326
2018-09-21,5,0.16083935,0.27050406,0.5686566,-0.1096647,0.57024586,0.94661814,0.2,0.2,-0.1480822492390871,-0.08570565378759057,0.03841754831373692,-0.10641850344836712,0.11033312135961305,0.25
2018-09-24,6,0.15346834,0.49446657,0.35206506,-0.34099826,0.6343812,0.895218,0.16666666666666666,0.5,-0.1804834831506014,-0.10383883363101631,-0.16051477901637554,-0.14190707417825857,0.14116086613124518,0.19999999999999996
2018-09-25,2,0.061679255,0.13257134,0.8057494,-0.070892096,0.12013947,0.18363726,0.0,0.0,-0.14622917361557483,-0.08874980008695274,0.07533707804977893,-0.17385168621937433,0.14321714455947726,-0.6666666666666667
2018-09-26,4,0.2028956,0.58698124,0.21012321,-0.38408563,0.744502,0.8985234,0.25,0.75,-0.17613978870213032,-0.11511821097228676,-0.20794583670794964,-0.26532532771428424,0.17772843251164913,1.0
2018-09-27,1,0.07025365,0.026110394,0.903636,0.044143252,0.0,0.026110394,0.0,0.0,-0.1722994863986969,-0.11214417100418358,0.21644273847341539,-0.13694482296705246,0.18328030440268608,-0.75
2018-09-28,3,0.11201974,0.26909718,0.6188831,-0.15707745,0.5178153,0.7702493,0.0,0.3333333333333333,-0.1817820355296135,-0.08996042266953737,0.024704588949680334,-0.1656732733050982,0.18043397710978365,2.0
2018-10-01,4,0.053530596,0.53694993,0.4095195,-0.48341936,0.41768533,0.93303084,0.0,0.5,-0.21026625484228134,-0.14457839385140686,-0.2731531038880348,-0.19878451774517694,0.21897727881928747,0.33333333333333326
2018-10-02,2,0.23823085,0.08408034,0.6776888,0.15415053,0.33906913,0.14481653,0.0,0.0,-0.16525772958993912,-0.10509885579813272,0.31940826028585434,-0.1621154248714447,0.27159243138267447,-0.5
2018-10-03,1,0.030145587,0.88874555,0.08110887,-0.85859996,0.0,0.88874555,0.0,1.0,-0.26016059666872027,-0.16942749649751931,-0.5984393641352653,-0.39595626294612885,0.4131751522763527,-0.5
2018-10-04,3,0.23689131,0.38609245,0.3770162,-0.14920117,0.64528227,0.85900205,0.3333333333333333,0.3333333333333333,-0.29882948100566864,-0.17712575395125896,0.14962831139564514,-0.2845501999060313,0.3857102457960354,2.0
2018-10-05,4,0.069447584,0.26337713,0.6671753,-0.19392955,0.51055396,0.96812683,0.0,0.25,-0.3061999022960663,-0.17948382322210818,0.11227034926414492,-0.4005768944819768,0.3826644466511178,0.33333333333333326
2018-10-08,7,0.22137526,0.3996551,0.37896964,-0.17827988,0.68916154,0.96272093,0.2857142857142857,0.42857142857142855,-0.24517200589179994,-0.1818689336301759,0.06689212918281556,-0.1738035331169764,0.3715047413670935,0.75
2018-10-09,3,0.07991371,0.30080476,0.6192815,-0.22089107,0.4097258,0.7117533,0.0,0.3333333333333333,-0.32018032670021057,-0.19260496338829397,0.09928925335407257,-0.19770016769568124,0.30210218715646403,-0.5714285714285714
2018-10-10,3,0.014006104,0.9290142,0.056979742,-0.91500807,0.029955937,0.94852704,0.0,1.0,-0.3314619481563568,-0.22143911262974142,-0.58354611992836,-0.4380596727132797,0.32724260517146453,0.0
2018-10-11,5,0.1280326,0.39174092,0.48022646,-0.2637083,0.54012895,0.96771604,0.2,0.4,-0.35436337292194364,-0.2396571862511337,0.09065507948398588,-0.4665358116229375,0.31507938706282557,0.6666666666666667
2018-10-12,10,0.1376784,0.343378,0.51894367,-0.2056996,0.5268026,0.9456237,0.1,0.3,-0.3567173808813095,-0.2481953919865191,0.1510177880525589,-0.4614719847838084,0.3136216999775656,1.0
2018-10-15,7,0.14841686,0.30004933,0.5515338,-0.15163244,0.58389664,0.95255595,0.14285714285714285,0.2857142857142857,-0.35138789415359495,-0.2468274095095694,0.19975545108318327,-0.20701344311237335,0.3176130328186406,-0.30000000000000004
2018-10-16,2,0.10495736,0.024419256,0.8706234,0.0805381,0.094722584,0.03581951,0.0,0.0,-0.2911020591855049,-0.23069232227280737,0.3716401606798172,-0.09226464480161667,0.3724482817961451,-0.7142857142857143
2018-10-17,4,0.2368318,0.41044635,0.35272184,-0.17361456,0.6330487,0.89951384,0.25,0.5,-0.14282335788011552,-0.22764642285183073,-0.030791203677654255,-0.08156963437795639,0.13179778858712096,1.0
2018-10-18,2,0.21150252,0.5164599,0.27203763,-0.30495733,0.91886806,0.967562,0.0,0.5,-0.1510731652379036,-0.2441413763910532,-0.1538841649889946,-0.13267793009678522,0.14214129329890585,-0.5
2018-10-19,3,0.3183633,0.04863855,0.63299817,0.26972476,0.39953628,0.06919712,0.3333333333333333,0.0,-0.05598829537630081,-0.22517190352082253,0.3257130518555641,-0.06961571176846822,0.228963845939649,0.5
2018-10-22,8,0.1462689,0.43415713,0.41957393,-0.28788823,0.49423727,0.97125566,0.125,0.375,-0.08323945254087448,-0.22251640185713767,-0.20464877635240555,-0.1077069342136383,0.2503070211424893,1.6666666666666665
2018-10-23,3,0.104239404,0.28033012,0.6154305,-0.17609072,0.30894727,0.72213036,0.0,0.3333333333333333,-0.13456521630287172,-0.22777633294463157,-0.04152550101280211,-0.06475139657656352,0.23411590044712688,-0.625
2018-10-24,4,0.28485778,0.5286075,0.18653472,-0.24374971,0.79334086,0.97008485,0.25,0.5,-0.14859224557876588,-0.2207595370709896,-0.09515746235847472,-0.23590955138206482,0.2390887039708074,0.33333333333333326
2018-10-25,4,0.26721823,0.44246924,0.29031256,-0.17525102,0.44838056,0.75983113,0.25,0.5,-0.1226509839296341,-0.2317292507737875,-0.05260003805160522,-0.19836381574471793,0.2244713449687272,0.0
2018-10-26,3,0.38601136,0.46232608,0.15166257,-0.07631471,0.88270676,0.90921,0.3333333333333333,0.6666666666666666,-0.1918588772416115,-0.22769111394882202,0.11554416716098787,-0.16510514666636786,0.08029508854476607,-0.25
2018-10-29,4,0.0660303,0.07394204,0.8600277,-0.007911742,0.09364351,0.146334,0.0,0.0,-0.13586357980966568,-0.20391573309898375,0.12795183807611465,-0.08649249126513799,0.09317557430486778,0.33333333333333326
2018-10-30,3,0.055999417,0.78050834,0.16349222,-0.72450894,0.19745962,0.92986345,0.0,1.0,-0.24554722458124162,-0.2478487066924572,-0.47896171659231185,-0.2695784643292427,0.28260368884693293,-0.25
2018-10-31,4,0.06680733,0.3487912,0.5844015,-0.28198388,0.331948,0.69591373,0.0,0.5,-0.2531940594315529,-0.21901790276169777,-0.02878982275724412,-0.33813485503196716,0.2830598030165011,0.33333333333333326
2018-11-01,1,0.030986084,0.29588753,0.6731264,-0.26490146,0.0,0.29588753,0.0,0.0,-0.27112414687871933,-0.22480291724205018,0.006222687661647797,-0.4237980941931407,0.27970784502691526,-0.75
2018-11-02,2,0.08162502,0.5563918,0.3619832,-0.4747668,0.6191389,0.9459307,0.0,0.5,-0.350814563035965,-0.2388447791337967,-0.12395222783088683,-0.3405507107575734,0.26679238741328176,1.0
2018-11-05,7,0.12889065,0.13098553,0.7401238,-0.0020948814,0.11181722,0.35014227,0.14285714285714285,0.0,-0.3496511909645051,-0.23003552936716004,0.3475563095882535,-0.24725437715339163,0.2686675530621105,2.5
2018-11-06,1,0.102264315,0.014862037,0.88287365,0.08740228,0.0,0.014862037,0.0,0.0,-0.18726894739083946,-0.21462086186511442,0.27467122408561406,-0.12981979851610959,0.22769851329919405,-0.8571428571428572
2018-11-07,3,0.11342754,0.13575526,0.75081724,-0.022327721,0.05846805,0.33456948,0.0,0.0,-0.13533771517686546,-0.16998684451682494,0.11300999405793846,0.020993224733198684,0.2302915959651184,2.0
2018-11-08,1,0.096740045,0.012643623,0.8906163,0.084096424,0.0,0.012643623,0.0,0.0,-0.06553813847713172,-0.15259660863084717,0.14963456275872886,0.04972365995248159,0.23406278534908914,-0.6666666666666667
2018-11-09,3,0.25092095,0.14408512,0.60499394,0.10683584,0.17945454,0.1880186,0.0,0.0,0.050782388122752306,-0.13696983688278125,0.05605345400981605,0.056201515098412834,0.058595914221151436,2.0
2018-11-12,4,0.16954732,0.33145317,0.49899954,-0.16190585,0.5208897,0.9440187,0.25,0.25,0.01882019340991974,-0.13748350747628138,-0.18072604835033418,0.009675470491250357,0.11298926752901303,0.33333333333333326
2018-11-13,2,0.46168262,0.037567336,0.50075006,0.4241153,0.6289837,0.058226533,0.5,0.0,0.08616279810667038,-0.1203046475420706,0.33795250207185745,0.12301509579022725,0.216767033755795,-0.5
2018-11-14,3,0.04001896,0.534483,0.425498,-0.49446404,0.4652205,0.9188851,0.0,0.6666666666666666,-0.008264465630054474,-0.13634712145430966,-0.4861995741724968,-0.07741819818814595,0.3423180462478355,0.5
2018-11-15,5,0.36213568,0.37358084,0.26428348,-0.011445157,0.8646952,0.94477,0.4,0.4,-0.027372781932353974,-0.12167151280445979,0.015927624702453614,-0.027264632284641266,0.3385190257585157,0.6666666666666667
2018-11-16,4,0.042523894,0.3146499,0.6428262,-0.27212605,0.42962715,0.9165023,0.0,0.25,-0.10316516011953354,-0.14876405306858942,-0.16896088868379594,-0.25934508194526035,0.34334760342699777,-0.19999999999999996
2018-11-19,5,0.38113168,0.12478175,0.49408656,0.25634995,0.44781628,0.27348793,0.4,0.0,-0.019513998925685883,-0.12155214407248423,0.27586394995450975,-0.009073751668135325,0.3749544536296482,0.25
2018-11-20,3,0.051567588,0.8367875,0.11164496,-0.7852199,0.26158273,0.95789343,0.0,1.0,-0.26138104051351546,-0.15200860359473153,-0.5238388672471046,-0.26699866851170856,0.40600604181330374,-0.4
2018-11-21,3,0.10451261,0.35925236,0.53623503,-0.25473976,0.35579726,0.7404489,0.0,0.3333333333333333,-0.21343618482351304,-0.15255810626549646,-0.041303576529026026,-0.2612032393614451,0.3852228251451587,0.0
2018-11-23,2,0.11370525,0.045163054,0.8411317,0.0685422,0.0757817,0.066475146,0.0,0.0,-0.1974387139081955,-0.14036844529910014,0.2659809112548828,-0.3238058239221573,0.39718331329999185,-0.33333333333333337
2018-11-26,5,0.09680804,0.47925037,0.4239416,-0.38244233,0.4598451,0.96925116,0.0,0.4,-0.2195019692182541,-0.15567482606275007,-0.16294035613536834,-0.1895466297864914,0.4053493985241518,1.5
2018-11-27,3,0.067793325,0.72954637,0.20266034,-0.661753,0.5045825,0.9693728,0.0,0.6666666666666666,-0.40312255918979645,-0.1883668889175169,-0.2586304396390915,-0.32521770894527435,0.33830491328715384,-0.4
2018-11-28,4,0.10503563,0.5037496,0.3912148,-0.39871398,0.39218923,0.9035438,0.0,0.5,-0.32582137286663054,-0.17207714066607877,-0.0728926032781601,-0.480969766775767,0.26549225139431176,0.33333333333333326
2018-11-29,7,0.3542518,0.28435498,0.3613932,0.06989681,0.58163804,0.66028386,0.2857142857142857,0.42857142857142855,-0.26089405864477155,-0.15448310606880114,0.3307908684015274,-0.3301900550723076,0.3210946301733638,0.75
2018-11-30,2,0.048901156,0.04651245,0.90458643,0.0023887064,0.006384792,0.061294064,0.0,0.0,-0.27412475682795046,-0.14111859778640792,0.27651346325874326,-0.10880948665241401,0.30509070653527376,-0.7142857142857143
2018-12-03,5,0.08021609,0.54555273,0.3742312,-0.46533665,0.27235514,0.7655302,0.0,0.8,-0.29070362187922,-0.14064709077356383,-0.1746330287307501,-0.1310170448074738,0.3145537933713492,1.5
2018-12-04,4,0.06356458,0.40873757,0.52769786,-0.34517297,0.3986606,0.9049962,0.0,0.25,-0.22738761641085148,-0.15780099527910352,-0.11778535507619381,-0.2693736385554075,0.24546947002979416,-0.19999999999999996
2018-12-06,9,0.078226484,0.45024866,0.47152486,-0.37202215,0.4657389,0.95752126,0.0,0.4444444444444444,-0.22204925157129765,-0.1807722167111933,-0.14997290037572383,-0.39417725801467896,0.24106274053714297,1.25
2018-12-07,5,0.03306182,0.86686003,0.10007813,-0.8337982,0.191696,0.9649415,0.0,1.0,-0.4027882594615221,-0.2213457421399653,-0.4310099702328444,-0.5169977843761444,0.29921411403251613,-0.4444444444444444
2018-12-10,3,0.055909734,0.30840927,0.635681,-0.25249955,0.17421696,0.44269523,0.0,0.0,-0.45376591086387635,-0.23817554088309406,0.20126636028289796,-0.48610664407412213,0.22557762619541494,-0.4
2018-12-11,2,0.3252988,0.4633021,0.21139914,-0.13800332,0.80973375,0.7359771,0.5,0.5,-0.3882992446422577,-0.25041749896481635,0.25029592514038085,-0.4081003665924072,0.2653694462039396,-0.33333333333333337
2018-12-12,1,0.90271986,0.049178086,0.0481021,0.8535418,0.0,0.049178086,1.0,0.0,-0.14855629205703735,-0.19964511664584278,1.0020980834960938,0.15434630711873373,0.6193968111804821,-0.5
2018-12-13,4,0.05218681,0.46559313,0.48222005,-0.4134063,0.38281503,0.8261783,0.0,0.5,-0.1568331241607666,-0.24152119727805257,-0.2565731883049011,0.10071071982383728,0.6233930645724082,3.0
2018-12-14,4,0.043248564,0.53423077,0.42252064,-0.49098223,0.4419956,0.9693261,0.0,0.5,-0.08826992511749268,-0.24134710701182485,-0.4027123093605042,-0.016948918501536053,0.5441380717079891,0.0
2018-12-17,7,0.19968931,0.47706103,0.32324967,-0.2773717,0.6570725,0.8770327,0.14285714285714285,0.5714285714285714,-0.09324435591697693,-0.2546434343792498,-0.18412734866142272,-0.39392008384068805,0.5461248375222613,0.75
2018-12-18,6,0.239079,0.30910644,0.45181456,-0.07002743,0.55694926,0.9693378,0.16666666666666666,0.3333333333333333,-0.07964917868375779,-0.2445385036058724,0.00962174534797669,-0.2794604574640592,0.5455778746173178,-0.1428571428571429
2018-12-19,8,0.14774048,0.3758387,0.47642082,-0.22809823,0.52711105,0.9140333,0.125,0.375,-0.2959771826863289,-0.26876091258600354,0.06787895411252975,-0.1918324554959933,0.1641825022677616,0.33333333333333326
2018-12-20,3,0.06107286,0.5221351,0.41679204,-0.46106228,0.49464187,0.9457979,0.0,0.6666666666666666,-0.3055083766579628,-0.2525530313141644,-0.15555390566587446,-0.2530626480778058,0.17380509738826916,-0.625
2018-12-21,3,0.053526904,0.37947142,0.56700164,-0.32594454,0.44756088,0.8746696,0.0,0.3333333333333333,-0.27250083833932875,-0.2561132703907788,-0.053443704545497905,-0.33836835126082104,0.14265556818672392,0.0
2018-12-24,3,0.03730382,0.32070127,0.6419949,-0.28339747,0.4890389,0.86056733,0.0,0.3333333333333333,-0.2737059906125069,-0.27371025355532763,-0.009691475331783272,-0.35680143038431805,0.14273243651492004,0.0
2018-12-26,4,0.18440549,0.6128097,0.20278479,-0.4284042,0.5861495,0.9231556,0.25,0.5,-0.3453813463449478,-0.2760083478875458,-0.08302286565303801,-0.34591540694236755,0.09778803050806543,0.33333333333333326
2018-12-27,1,0.21349111,0.37952054,0.40698835,-0.16602942,0.0,0.37952054,0.0,0.0,-0.33296758532524107,-0.2512221691198647,0.16693816184997556,-0.2926103671391805,0.11820667372471477,-0.75
2018-12-28,1,0.027919153,0.90277636,0.069304526,-0.8748572,0.0,0.90277636,0.0,1.0,-0.4157265663146973,-0.2750293296761811,-0.4591306209564209,-0.4897636075814565,0.2733505603973028,0.0
2018-12-31,4,0.10203348,0.7850005,0.112965964,-0.682967,0.33923367,0.9620833,0.0,1.0,-0.4871310591697693,-0.3126725205220282,-0.19583594799041748,-0.5746178726355234,0.2901489914555786,3.0
2019-01-02,4,0.21709497,0.41857052,0.3643345,-0.20147553,0.631888,0.9257832,0.25,0.5,-0.4707466721534729,-0.32286573238670824,0.26927114129066465,-0.5864332417647043,0.3063883206508624,0.0
2019-01-03,5,0.035843667,0.6853999,0.2787564,-0.6495563,0.4537616,0.96280676,0.0,0.8,-0.5149770855903626,-0.33207671381533144,-0.1345791935920715,-0.5113329390684763,0.31460036411090836,0.25
2019-01-04,6,0.261125,0.4555583,0.2833167,-0.19443329,0.608551,0.92892736,0.16666666666666666,0.6666666666666666,-0.5206578582525253,-0.32453972958028315,0.3262245714664459,-0.34848836561044055,0.30688599534719624,0.19999999999999996
2019-01-07,6,0.15580419,0.5083439,0.33585194,-0.35253966,0.6169223,0.94694215,0.16666666666666666,0.5,-0.41619435250759124,-0.3235656049102545,0.06365469396114348,-0.39884307483832043,0.23714947859606345,0.0
2019-01-08,2,0.44298932,0.050550286,0.5064604,0.392439,0.5630299,0.066905715,0.5,0.0,-0.20111314952373505,-0.2622537430375814,0.5935521572828293,-0.05151131252447764,0.37959851931824723,-0.6666666666666667
2019-01-09,2,0.06255289,0.11729722,0.8201499,-0.054744333,0.029908733,0.14165159,0.0,0.0,-0.17176690995693206,-0.2523659821599722,0.11702257692813872,-0.004948327938715617,0.38519405295018405,0.0
2019-01-10,4,0.25485623,0.27710432,0.46803948,-0.022248104,0.6490037,0.808882,0.25,0.25,-0.046305274963378905,-0.24657822139561175,0.02405717074871063,0.1051488568385442,0.27787943265118076,1.0
2019-01-11,5,0.12657069,0.2951432,0.5782862,-0.1685725,0.3766726,0.7862784,0.0,0.2,-0.04113311767578125,-0.2976839359849691,-0.12743938267230986,-0.08185497919718425,0.2746550230852606,0.25
2019-01-14,5,0.038360797,0.4247025,0.53693676,-0.3863417,0.5187472,0.9709226,0.0,0.4,-0.047893524169921875,-0.2963307049125433,-0.338448166847229,-0.1923874318599701,0.2844766847895358,0.0
2019-01-15,1,0.061327618,0.48167208,0.45700037,-0.42034447,0.0,0.48167208,0.0,1.0,-0.21045022010803222,-0.29279881678521635,-0.2098942518234253,-0.32508622109889984,0.18466964395729196,-0.8
2019-01-16,1,0.033205688,0.15861338,0.8081809,-0.1254077,0.0,0.15861338,0.0,0.0,-0.2245828926563263,-0.28520061634480953,0.09917519688606263,-0.3106979529062907,0.17204705395986344,0.0
2019-01-17,3,0.077789225,0.58497524,0.33723548,-0.507186,0.52277136,0.95901823,0.0,0.6666666666666666,-0.3215704709291458,-0.3070585444569588,-0.18561552464962006,-0.35097938776016235,0.16605191249772008,2.0
2019-01-18,2,0.044249494,0.4801052,0.47564527,-0.4358557,0.69544095,0.9416689,0.0,0.5,-0.37502710819244384,-0.31744641736149787,-0.06082857847213746,-0.3561497926712036,0.1463366168913959,-0.33333333333333337
2019-01-22,5,0.04202889,0.5082468,0.44972438,-0.46621785,0.47106847,0.9673749,0.0,0.6,-0.3910023391246796,-0.31770419552922247,-0.07521550655364989,-0.4697531759738922,0.15212602717394222,1.5
2019-01-23,3,0.0185072,0.9278833,0.053609524,-0.90937614,0.028864626,0.9460248,0.0,1.0,-0.488808673620224,-0.34687577560544014,-0.4205674707889557,-0.6038165589173635,0.27954845666052197,-0.4
2019-01-24,1,0.017886559,0.2227618,0.7593517,-0.20487523,0.0,0.2227618,0.0,0.0,-0.5047021806240082,-0.3429496638476849,0.2998269498348236,-0.5268230736255646,0.25489422802228284,-0.6666666666666667
2019-01-25,3,0.082538426,0.41608635,0.50137526,-0.33354792,0.28274834,0.74671185,0.0,0.3333333333333333,-0.46997456550598143,-0.33820684924721717,0.13642664551734923,-0.48259976506233215,0.26605537264556683,2.0
2019-01-28,5,0.03580663,0.48020568,0.48398772,-0.44439903,0.34311023,0.9586226,0.0,0.4,-0.47168323397636414,-0.35212532952427866,0.027284204959869385,-0.3276073932647705,0.2658087929734023,0.6666666666666667
2019-01-29,2,0.017820043,0.5104788,0.4717012,-0.49265873,0.637005,0.95346457,0.0,0.5,-0.4769714117050171,-0.3330154068768024,-0.015687322616577126,-0.42353522777557373,0.26593586384452905,-0.6
2019-01-30,4,0.40253672,0.43559816,0.16186512,-0.033061445,0.5921799,0.7637441,0.5,0.5,-0.30170847177505494,-0.30052012875676154,0.26864702701568605,-0.3233730693658193,0.18667100071998585,1.0
2019-01-31,10,0.097941495,0.6588873,0.24317119,-0.56094587,0.4019873,0.9745033,0.0,0.8,-0.3729225993156433,-0.31849364563822746,-0.18802326917648315,-0.36222201585769653,0.20727659149623281,1.5
2019-02-01,3,0.06884351,0.37363514,0.55752134,-0.3047916,0.29986638,0.6471797,0.0,0.3333333333333333,-0.3671713352203369,-0.30125541165471076,0.06237973570823668,-0.2995996375878652,0.20903374374598013,-0.7
2019-02-04,6,0.096449584,0.1819071,0.72164327,-0.0854575,0.25762874,0.5023898,0.0,0.16666666666666666,-0.2953830286860466,-0.29580662213265896,0.20992553234100342,-0.3170649881164233,0.2358024542107842,1.0
2019-02-05,5,0.16511321,0.17662437,0.6582624,-0.011511156,0.41225123,0.5971978,0.2,0.2,-0.19915351308882237,-0.2787551970221102,0.1876423567533493,-0.1339200840642055,0.233332449074679,-0.16666666666666663
2019-02-06,4,0.038711518,0.47990912,0.4813794,-0.44119757,0.4163515,0.9136351,0.0,0.5,-0.28078073896467687,-0.320437026116997,-0.1604168351739645,-0.17938874227305254,0.23208826956103612,-0.19999999999999996
2019-02-07,4,0.030428292,0.28997785,0.67959386,-0.25954956,0.40560982,0.8733293,0.0,0.25,-0.2205014768987894,-0.3306772873736918,-0.0390480812638998,-0.23741942954560122,0.17266309357417622,0.0
2019-02-08,1,0.11118992,0.020839687,0.86797035,0.090350226,0.0,0.020839687,0.0,0.0,-0.1414731118828058,-0.3250473708845675,0.2318233374506235,-0.20346563557783762,0.21068146531027723,-0.75
2019-02-11,4,0.2622647,0.3449898,0.39274547,-0.08272509,0.7060525,0.86353344,0.25,0.25,-0.140926631167531,-0.3207550005055964,0.058201538398861885,-0.08397480845451355,0.21086654942228383,3.0
2019-02-12,4,0.19518234,0.5373988,0.26741883,-0.34221646,0.6325149,0.9338564,0.25,0.5,-0.20706769227981567,-0.3185487390495837,-0.1351487696170807,-0.1115304430325826,0.2119875218407894,0.0
2019-02-13,2,0.22905228,0.2614189,0.5095288,-0.032366633,0.37865984,0.50010014,0.0,0.5,-0.12530150413513183,-0.2991498471237719,0.09293487071990966,-0.1524360626935959,0.1746639261806941,-0.5
2019-02-14,3,0.13628301,0.32855478,0.5351622,-0.19227177,0.6711298,0.9571512,0.0,0.3333333333333333,-0.11184594631195069,-0.3024930507875979,-0.08042582273483276,-0.18895162145296732,0.16400241204469052,0.5
2019-02-15,4,0.21577288,0.3717614,0.41246572,-0.15598854,0.6723556,0.970258,0.25,0.5,-0.16111370027065278,-0.28493317821994424,0.0051251560449600275,-0.12687564889589945,0.11886534792883428,0.33333333333333326
2019-02-19,5,0.055212237,0.45722476,0.48756298,-0.40201253,0.48122972,0.93131983,0.0,0.4,-0.2249711871147156,-0.2832410202361643,-0.17704133987426757,-0.25009094675381977,0.14833615671081452,0.25
2019-02-20,4,0.110113926,0.14698023,0.74290586,-0.036866307,0.15139486,0.27031565,0.0,0.0,-0.1639011561870575,-0.26177344331517816,0.12703484892845154,-0.19828912615776062,0.1508341055019951,-0.19999999999999996
2019-02-21,2,0.400801,0.38260788,0.21659115,0.018193126,0.7869802,0.57764834,0.5,0.5,-0.15378920435905458,-0.21539497980847955,0.17198233008384706,-0.14022856950759888,0.16305631581271737,-0.5
2019-02-22,6,0.13329825,0.22866607,0.6380357,-0.09536782,0.4299477,0.94002867,0.16666666666666666,0.16666666666666666,-0.13440841436386108,-0.20991960922256112,0.039040595293045044,-0.03801366686820984,0.16309776506403229,2.0
2019-02-25,6,0.08950332,0.093900286,0.8165963,-0.0043969625,0.17273924,0.37329292,0.0,0.0,-0.10409009801223874,-0.19346206134650856,0.09969313554465771,-0.027190551937868197,0.17193370667416338,0.0
2019-02-26,1,0.028877772,0.86918503,0.10193717,-0.84030724,0.0,0.86918503,0.0,1.0,-0.1917490397579968,-0.2132574716815725,-0.6485581959597766,-0.31335733908539015,0.3650624082903035,-0.8333333333333334
2019-02-27,1,0.070256576,0.015473808,0.91426957,0.054782767,0.0,0.015473808,0.0,0.0,-0.1734192249365151,-0.18588539662305265,0.22820199178531766,-0.2633071437788506,0.37689242764754854,0.0
2019-02-28,2,0.08797683,0.47103444,0.4409888,-0.3830576,0.65151626,0.9121843,0.0,0.5,-0.25366936894133685,-0.20338520410005004,-0.12938822535797956,-0.3895273543894291,0.3685187013542935,1.0
2019-03-01,4,0.18521737,0.06477853,0.7500041,0.12043884,0.23710465,0.16331734,0.25,0.0,-0.2105080378241837,-0.1693159688496962,0.3309468743391335,-0.06927866364518802,0.40274284573742314,1.0
2019-03-04,4,0.24336421,0.19426285,0.5623729,0.049101382,0.40474543,0.5875091,0.25,0.25,-0.19980836883187295,-0.15162131974939258,0.24890975132584572,-0.07117245843013127,0.41022861319063914,0.0
2019-03-05,1,0.8322702,0.13049343,0.037236303,0.70177674,0.0,0.13049343,1.0,0.0,0.10860842689871789,-0.11225960778538138,0.5931683160364628,0.2904389873147011,0.38735073775440354,-0.75
2019-03-06,3,0.29144868,0.40081036,0.307741,-0.10936168,0.75015914,0.961103,0.3333333333333333,0.3333333333333333,0.07577953785657883,-0.11715213388670236,-0.18514121621847152,0.21383881568908691,0.39980853589072174,2.0
2019-03-07,4,0.071279354,0.5369965,0.39172414,-0.46571714,0.53821695,0.93905705,0.0,0.5,0.05924762934446335,-0.11837811202276498,-0.5249647662043572,0.042232642571131386,0.42447263644816263,0.33333333333333326
2019-03-08,4,0.15700948,0.48000303,0.3629875,-0.32299358,0.7167693,0.96037173,0.0,0.5,-0.02943885326385498,-0.12155031294096261,-0.29355472326278687,-0.29935746391614276,0.45380215706204335,0.0
2019-03-11,5,0.34390804,0.41216263,0.24392931,-0.06825457,0.8218537,0.9551909,0.4,0.4,-0.05291004329919815,-0.12948055260349065,-0.015344524383544923,-0.28565509368975955,0.45175468958861714,0.25
2019-03-12,1,0.011963412,0.89634,0.09169654,-0.8843766,0.0,0.89634,0.0,1.0,-0.3701407089829445,-0.16956312723923475,-0.5142358765006065,-0.42520824323097867,0.3297488390675914,-0.8
2019-03-13,1,0.033068288,0.23636395,0.73056775,-0.20329566,0.0,0.23636395,0.0,0.0,-0.3889275059103966,-0.1626170872943476,0.18563184291124346,-0.38530893872181576,0.3134501696160845,0.0
2019-03-14,1,0.02235973,0.07754327,0.900097,-0.055183545,0.0,0.07754327,0.0,0.0,-0.3068207874894142,-0.16375793286133558,0.2516372427344322,-0.3809519310792287,0.3408756567527384,0.0
2019-03-15,3,0.15293117,0.44249186,0.404577,-0.28956068,0.38462833,0.68369436,0.0,0.6666666666666666,-0.3001342073082924,-0.16862237819004805,0.010573531687259663,-0.18267996112505594,0.3408070033209105,2.0
2019-03-18,6,0.15298057,0.4687599,0.37825954,-0.31577933,0.63749343,0.9336389,0.16666666666666666,0.5,-0.3496391594409943,-0.176611917396076,0.03385983109474183,-0.2201745162407557,0.3157612053282626,1.0
2019-03-19,3,0.0471192,0.2737585,0.67912227,-0.22663932,0.42658478,0.77972794,0.0,0.3333333333333333,-0.2180917054414749,-0.16784325682092457,-0.008547610044479376,-0.27732643981774646,0.10183533116629463,-0.5
2019-03-20,2,0.046341155,0.5273744,0.42628446,-0.48103327,0.6504041,0.9516706,0.0,0.5,-0.27363922595977785,-0.19005160473752766,-0.20739403963088987,-0.3411506364742915,0.15408880937472053,-0.33333333333333337
2019-03-21,2,0.21574537,0.174451,0.6098037,0.04129437,0.03384519,0.33623782,0.5,0.0,-0.25434364303946494,-0.18889654253143817,0.29563801288604735,-0.2221260704100132,0.19011321114915647,0.0
2019-03-22,1,0.021200985,0.91898376,0.059815325,-0.8977828,0.0,0.91898376,0.0,1.0,-0.3759880684316158,-0.22901729170698673,-0.5217947341501713,-0.44584056610862416,0.3476201280555835,-0.5
2019-03-25,3,0.5669143,0.32601568,0.10706997,0.24089868,1.0204915,0.94941217,0.6666666666666666,0.3333333333333333,-0.2646524660289288,-0.21675250940024854,0.5055511496961117,-0.20519658302267393,0.44673960660490264,2.0
2019-03-26,2,0.08873451,0.015918989,0.8953465,0.07281552,0.051884808,0.022541998,0.0,0.0,-0.2047614984214306,-0.17109637148678303,0.27757702097296716,-0.19468953212102255,0.47244314688000894,-0.33333333333333337
2019-03-27,1,0.09344321,0.02483761,0.8817191,0.0686056,0.0,0.02483761,0.0,0.0,-0.09483372494578361,-0.1704052297398448,0.16343932673335076,0.12743993600209555,0.455739238318043,-0.5
2019-03-28,2,0.12827983,0.813874,0.057846136,-0.68559414,0.34830973,0.9398205,0.0,1.0,-0.24021142721176147,-0.18553205709904433,-0.4453827142715454,-0.1813910057147344,0.5137087315166913,1.0
2019-03-29,1,0.80712885,0.011939756,0.18093139,0.7951891,0.0,0.011939756,1.0,0.0,0.09838294982910156,-0.15179454479366541,0.6968061327934265,0.05940018097559611,0.5296248636031405,-0.5
2019-04-01,4,0.2626798,0.4044839,0.33283627,-0.1418041,0.72009057,0.84711474,0.25,0.5,0.021842393279075622,-0.1613398188725114,-0.1636464923620224,-0.010736385981241861,0.5315300519903166,3.0
2019-04-02,1,0.015038616,0.75209796,0.2328634,-0.73705935,0.0,0.75209796,0.0,1.0,-0.1401325821876526,-0.23328162375837563,-0.5969267725944519,-0.027891457080841064,0.6269471517980136,-0.75
2019-04-03,2,0.06474716,0.55989665,0.3753562,-0.4951495,0.63553417,0.9585942,0.0,0.5,-0.25288360118865966,-0.25257101450115443,-0.2422658920288086,-0.45800431569417316,0.6307044356966302,1.0
2019-04-04,3,0.10847923,0.34913337,0.5423874,-0.24065416,0.43182218,0.76036143,0.0,0.3333333333333333,-0.16389560401439668,-0.24131786543875933,-0.0767585515975952,-0.49095433453718823,0.58405247415819,0.5
2019-04-05,2,0.24786915,0.2518606,0.50027025,-0.0039914288,0.17346981,0.487999,0.0,0.5,-0.32373170629143716,-0.22536775805056095,0.31974027752876283,-0.24659835919737816,0.2925992060169999,-0.33333333333333337
2019-04-08,4,0.18982616,0.2928391,0.5173347,-0.103012964,0.40076193,0.4838532,0.25,0.25,-0.3159734793007374,-0.2271056778728962,0.21296051517128944,-0.11588618283470471,0.2990716218123523,1.0
2019-04-09,2,0.33453935,0.5330779,0.13238274,-0.19853851,1.0199826,0.94284916,0.5,0.5,-0.20826931074261665,-0.19281377419829368,0.009730798751115793,-0.1018476349612077,0.18456168161817496,-0.5
2019-04-10,1,0.063329965,0.7054262,0.23124382,-0.6420963,0.0,0.7054262,0.0,1.0,-0.23765866830945015,-0.21475380510091782,-0.4044376127421856,-0.3145492523908615,0.24384369310413626,-0.5
2019-04-11,5,0.0769501,0.20987973,0.7131702,-0.13292964,0.40834072,0.8816773,0.0,0.2,-0.21611376479268074,-0.21864110976457596,0.0831841267645359,-0.3245214770237605,0.24823238566331604,4.0
2019-04-12,10,0.251108,0.2773966,0.47149545,-0.02628861,0.6153955,0.9615107,0.2,0.3,-0.22057320103049277,-0.20547750648111104,0.19428459107875823,-0.267104843010505,0.24362652784445077,1.0
2019-04-15,3,0.3023694,0.34899464,0.34863594,-0.046625275,0.7576537,0.90906537,0.3333333333333333,0.3333333333333333,-0.2092956632375717,-0.19201980382204056,0.1626703880727291,-0.06861450771490733,0.251603406970946,-0.7
2019-04-16,1,0.11491728,0.017597651,0.86748505,0.097319625,0.0,0.017597651,0.0,0.0,-0.15012403577566147,-0.1758218567818403,0.24744366109371185,0.008135246733824411,0.28705744590073384,-0.6666666666666667
2019-04-17,4,0.2883638,0.24738447,0.4642517,0.040979326,0.7233986,0.9072724,0.25,0.25,-0.013508914411067963,-0.14972122721374034,0.05448824018239975,0.030557891974846523,0.0877115396250334,3.0
2019-04-18,2,0.528344,0.04847846,0.42317754,0.47986555,0.43990993,0.05919435,0.5,0.0,0.10905012339353562,-0.1277926681563258,0.37081542760133746,0.20605483402808508,0.2149573922205257,-0.5
2019-04-22,6,0.048678786,0.550786,0.4005352,-0.5021072,0.38541824,0.89767736,0.0,0.5,0.013886404782533645,-0.10800888817757368,-0.515993607789278,0.006245891253153483,0.35168976387252954,2.0
2019-04-23,3,0.21064754,0.18957657,0.59977585,0.021070996,0.45950815,0.37147588,0.3333333333333333,0.0,0.02742565907537937,-0.11900027254596353,-0.0063546627759933465,-0.0003902185708284378,0.35007719076013827,-0.5
2019-04-24,5,0.21278985,0.7455746,0.041635573,-0.53278476,0.7896995,0.9700674,0.2,0.8,-0.09859521798789501,-0.14928028667345644,-0.43418954201042653,-0.33794032223522663,0.4241934693641147,0.6666666666666667
2019-04-25,4,0.2078853,0.24392956,0.54818517,-0.036044266,0.28173605,0.44217342,0.0,0.25,-0.11399993635714054,-0.1545127800665796,0.07795567028224468,-0.18258600992461047,0.4192270981771406,-0.19999999999999996
2019-04-26,2,0.4170538,0.037126742,0.5458195,0.37992707,0.5049966,0.059943873,0.5,0.0,-0.133987632766366,-0.10123671954497696,0.5139147017151118,-0.06296731904149055,0.3848037060788147,-0.5
2019-04-29,4,0.0569788,0.21521917,0.727802,-0.15824038,0.34088475,0.6872353,0.0,0.25,-0.06521426774561405,-0.1489081925712526,-0.09302611015737057,0.06188080832362175,0.32928819741196164,1.0
2019-04-30,4,0.32828903,0.18411236,0.4875986,0.14417668,0.37050065,0.49514273,0.25,0.25,-0.04059313163161278,-0.13460915377363564,0.18476980850100516,0.12195445597171783,0.3417203853287818,0.0
2019-05-01,2,0.05686311,0.1613754,0.78176147,-0.1045123,0.19114147,0.29841048,0.0,0.0,0.04506136104464531,-0.10298180086538196,-0.1495736576616764,-0.03952533255020777,0.2192264166546937,-0.5
2019-05-02,3,0.46950868,0.057734773,0.47275653,0.41177392,0.4230402,0.08367604,0.6666666666666666,0.0,0.1346249982714653,-0.05763563020154834,0.2771489217877388,0.15047943343718848,0.26459055144652016,0.5
2019-05-03,5,0.27965978,0.1814957,0.5388445,0.09816407,0.26248458,0.30463088,0.2,0.0,0.07827239781618119,-0.040694719087332486,0.01989166885614395,0.1351418967048327,0.22655620462881051,0.6666666666666667
2019-05-06,4,0.020381337,0.70795906,0.2716596,-0.6875777,0.46307656,0.9448674,0.0,0.75,-0.027595071494579314,-0.07487403387203813,-0.6599826529622078,-0.05921324590841929,0.41226792466764195,-0.19999999999999996
2019-05-07,4,0.29619658,0.20226678,0.5015366,0.09392982,0.6322412,0.7192248,0.25,0.25,-0.03764444291591644,-0.06502689467743039,0.1315742626786232,-0.16516127934058508,0.40762028383298027,0.0
2019-05-08,2,0.03716899,0.5188589,0.4439721,-0.48168993,0.6518962,0.9576432,0.0,0.5,-0.11307996958494186,-0.07918446557596326,-0.36860996037721633,-0.35844594488541287,0.45521139991675624,-0.5
2019-05-09,4,0.11471197,0.32452825,0.5607598,-0.20981628,0.48716545,0.86004806,0.0,0.25,-0.2373980090022087,-0.05757046537473798,0.02758173197507857,-0.1991921290755272,0.3483823716611127,1.0
2019-05-10,5,0.16122483,0.502252,0.33652323,-0.3410271,0.6198001,0.93610394,0.2,0.4,-0.32523624449968336,-0.06797533901408315,-0.01579086631536486,-0.3441777726014455,0.29370070376655205,0.25
2019-05-13,5,0.28858337,0.4586038,0.2528128,-0.17002042,0.73970306,0.9637469,0.4,0.4,-0.22172478288412095,-0.07516192933544516,0.05170436650514604,-0.24028793474038443,0.21463218849034188,0.0
2019-05-14,5,0.113386095,0.42707372,0.45954022,-0.31368762,0.3837614,0.97107625,0.0,0.4,-0.3032482713460922,-0.08851504670456052,-0.010439351201057434,-0.27491171658039093,0.12232829312584445,0.0
2019-05-15,3,0.047813464,0.116890974,0.8352956,-0.069077514,0.057818037,0.19180684,0.0,0.0,-0.22072578817605973,-0.09683490367606282,0.15164827406406403,-0.18426185101270676,0.11045537794458683,-0.4
2019-05-16,4,0.02581986,0.45712125,0.51705885,-0.4313014,0.49588874,0.95462394,0.0,0.5,-0.26502280980348586,-0.12044893922284246,-0.166278575360775,-0.2713555072744687,0.1442337478328594,0.33333333333333326
2019-05-17,4,0.31270546,0.29369283,0.39360175,0.019012645,0.7126532,0.91481596,0.25,0.25,-0.19301485866308213,-0.14349158452823757,0.21202750355005265,-0.16045541812976202,0.18178782733410379,0.0
2019-05-20,4,0.23600858,0.63904846,0.12494294,-0.40303987,0.85644084,0.955832,0.25,0.75,-0.2396187499165535,-0.13853821801021696,-0.1634211227297783,-0.271776204307874,0.20304519533240373,0.0
2019-05-21,3,0.050852347,0.3157538,0.6333939,-0.26490143,0.3441633,0.6740198,0.0,0.3333333333333333,-0.2298615112900734,-0.1528368392959237,-0.035039918124675745,-0.21630955239137015,0.19974133451295611,-0.25
2019-05-22,1,0.05171763,0.2249434,0.72333896,-0.17322576,0.0,0.2249434,0.0,0.0,-0.25069116055965424,-0.13485888931900264,0.07746540009975433,-0.28038902084032696,0.18355731116747648,-0.6666666666666667
2019-05-23,5,0.037707888,0.5646624,0.3976297,-0.52695453,0.4230349,0.9454295,0.0,0.6,-0.2698217898607254,-0.15940440259873867,-0.2571327418088913,-0.32169390718142193,0.2101455674230214,4.0
2019-05-24,2,0.12081599,0.046159167,0.8330248,0.07465683,0.052396096,0.059315924,0.0,0.0,-0.2586929529905319,-0.17466791458427905,0.33334978222846984,-0.20850782096385956,0.22981817340011354,-0.6
2019-05-28,6,0.08841651,0.24134797,0.6702356,-0.15293145,0.42891103,0.951826,0.0,0.16666666666666666,-0.20867126882076265,-0.1744024682790041,0.055739817023277294,-0.20174305140972137,0.21743055718116458,2.0
2019-05-29,5,0.044721726,0.3538086,0.60146964,-0.3090869,0.45430765,0.8939098,0.0,0.4,-0.21750836074352264,-0.1970656465739012,-0.09157852828502655,-0.12912050386269888,0.22115333121924655,-0.16666666666666663
2019-05-30,4,0.074311875,0.40203527,0.52365285,-0.32772338,0.3041816,0.7253775,0.0,0.5,-0.24840788543224335,-0.2082262009382248,-0.07931549847126007,-0.26324724157651264,0.22419170543856587,-0.19999999999999996
2019-05-31,8,0.07223636,0.4784434,0.44932023,-0.40620705,0.4879088,0.9493332,0.0,0.5,-0.22425839006900788,-0.24912524968385696,-0.18194866478443145,-0.347672442595164,0.1906856288883925,1.0
2019-06-03,8,0.09498611,0.43334717,0.4716667,-0.33836108,0.4978053,0.95861554,0.0,0.5,-0.30686197280883787,-0.27095150724053385,-0.03149911165237429,-0.35743050773938495,0.09353661500344206,0.0
2019-06-04,3,0.08464962,0.65927565,0.2560747,-0.574626,0.31298414,0.9348557,0.0,1.0,-0.39120088815689086,-0.265303922444582,-0.18342514038085939,-0.4397313892841339,0.10889687141551402,-0.625
2019-06-05,4,0.05283358,0.46321458,0.4839518,-0.41038102,0.48080647,0.9233688,0.0,0.5,-0.41145971417427063,-0.29051946438848975,0.0010786950588226318,-0.44112271070480347,0.09875118078923635,0.33333333333333326
2019-06-06,3,0.051608235,0.17283781,0.77555394,-0.12122958,0.18416698,0.36490637,0.0,0.0,-0.37016095370054247,-0.27249644696712494,0.24893137216567995,-0.3687455430626869,0.1640891538390147,-0.25
2019-06-07,6,0.17005748,0.47418234,0.3557602,-0.30412483,0.6329456,0.90084475,0.16666666666666666,0.5,-0.34974450916051864,-0.27721187472343445,0.04561967700719832,-0.2785784776012103,0.16483195498204423,1.0
2019-06-10,6,0.20219369,0.34384093,0.45396543,-0.14164722,0.5476592,0.8613921,0.16666666666666666,0.16666666666666666,-0.3104017361998558,-0.26724288016557696,0.16875451654195783,-0.1890005444486936,0.18981169889662497,0.0
2019-06-11,3,0.028104998,0.5987343,0.3731607,-0.5706293,0.48654783,0.9122008,0.0,0.6666666666666666,-0.309602390229702,-0.28727332428097724,-0.2610269084572792,-0.33880045016606647,0.18842414720433373,-0.5
2019-06-12,2,0.036537804,0.5016731,0.46178907,-0.46513528,0.6827646,0.9614707,0.0,0.5,-0.32055324167013166,-0.2948457069694996,-0.14458203464746477,-0.3924705982208252,0.19713521874408244,-0.33333333333333337
2019-06-13,4,0.197329,0.3797158,0.42295521,-0.18238679,0.61384255,0.83474517,0.25,0.25,-0.3327846825122833,-0.3005111705511808,0.1503978967666626,-0.4060504535833995,0.18307183371886648,1.0
2019-06-14,1,0.028271167,0.2626153,0.70911354,-0.23434412,0.0,0.2626153,0.0,0.0,-0.3188285410404205,-0.2906633075326681,0.08448441624641417,-0.2939553956190745,0.18838555687878994,-0.75
2019-06-17,9,0.08196356,0.5892452,0.32879126,-0.5072816,0.4049809,0.9132021,0.0,0.7777777777777778,-0.3919554173946381,-0.3169780198484659,-0.11532618403434752,-0.3080041706562042,0.17272818766667872,8.0
2019-06-18,2,0.040347245,0.491999,0.46765384,-0.45165175,0.7177475,0.96845233,0.0,0.5,-0.36815990805625914,-0.3194086138159037,-0.08349184393882753,-0.3977591594060262,0.14844887372741794,-0.7777777777777778
2019-06-19,5,0.115471445,0.27504176,0.60948676,-0.15957032,0.24248566,0.5957072,0.0,0.4,-0.3070469170808792,-0.31414205841720105,0.1474765956401825,-0.37283455828825635,0.16091898404865132,1.5
2019-06-20,2,0.39667252,0.47656637,0.12676112,-0.07989386,1.188847,0.93493414,0.5,0.5,-0.28654833137989044,-0.30947546325623987,0.20665447413921356,-0.2303719768921534,0.1854299610907978,-0.6
2019-06-21,4,0.2866779,0.13195734,0.58136475,0.15472056,0.4292606,0.45330924,0.25,0.25,-0.20873539447784423,-0.27539170868694784,0.3634559541940689,-0.028247872988382976,0.27352137539772986,1.0
2019-06-24,8,0.1946074,0.41777605,0.38761654,-0.22316863,0.61905605,0.96127516,0.125,0.5,-0.15191279947757722,-0.29028298147022724,-0.07125582695007324,-0.04944730798403422,0.2203350943362432,1.0
2019-06-25,2,0.08470026,0.29422736,0.6210724,-0.2095271,0.30841216,0.5496204,0.0,0.5,-0.10348787009716034,-0.2931127641350031,-0.10603923499584197,-0.09265839060147603,0.15487197520242874,-0.75
2019-06-26,3,0.096467406,0.3674903,0.5360423,-0.2710229,0.4859609,0.8634496,0.0,0.3333333333333333,-0.1257783830165863,-0.29120956398546693,-0.14524450302124023,-0.2345728725194931,0.17203177046616308,0.5
2019-06-27,2,0.0700316,0.5047282,0.42524016,-0.4346966,0.28970304,0.69275767,0.0,0.5,-0.19673893451690674,-0.29655822552740574,-0.2379576802253723,-0.30508220195770264,0.2159443244447461,-0.33333333333333337
2019-06-28,3,0.051874023,0.29391798,0.654208,-0.24204393,0.47603467,0.82960635,0.0,0.3333333333333333,-0.2760918319225311,-0.2883500691503286,0.03404790461063384,-0.3159211426973343,0.09161353569724144,0.5
2019-07-01,8,0.50459206,0.19477735,0.30063063,0.30981466,0.6032792,0.8808878,0.625,0.125,-0.1694951742887497,-0.2559412818402052,0.47930983603000643,-0.1223086267709732,0.2816218547253887,1.6666666666666665
2019-07-02,5,0.3306266,0.033894002,0.6354794,0.2967326,0.33290246,0.09891558,0.4,0.0,-0.06824323236942291,-0.2123733501881361,0.3649758368730545,0.12150111297766368,0.3470408779083018,-0.375
2019-07-03,3,0.09538425,0.45927373,0.44534206,-0.36388946,0.47417578,0.71893674,0.0,0.6666666666666666,-0.08681654632091522,-0.2100487720221281,-0.27707290947437285,0.0808859368165334,0.3627367314202736,-0.4
2019-07-05,7,0.11045529,0.6691865,0.22035824,-0.5587312,0.5043951,0.97185296,0.14285714285714285,0.7142857142857143,-0.11162346303462982,-0.2319238528609276,-0.4471077352762222,-0.20862934986750284,0.39525868948689136,1.3333333333333335
2019-07-08,6,0.06080455,0.5555242,0.38367128,-0.4947196,0.50461936,0.9647607,0.0,0.6666666666666666,-0.1621585965156555,-0.24145359098911284,-0.33256099820137025,-0.472446749607722,0.4306686302969986,-0.1428571428571429
2019-07-09,5,0.111144565,0.43913007,0.44972545,-0.3279855,0.48975867,0.95315075,0.0,0.4,-0.2897186279296875,-0.2507705047726631,-0.0382668673992157,-0.4604787627855937,0.3410585991718287,-0.16666666666666663
2019-07-10,6,0.174634,0.47206414,0.35330188,-0.29743013,0.41661984,0.9322478,0.16666666666666666,0.5,-0.4085511744022369,-0.23711054623126984,0.11112104654312133,-0.3733784059683482,0.1127080531495532,0.19999999999999996
2019-07-11,7,0.18611632,0.2046893,0.60919434,-0.018572966,0.5023686,0.9385603,0.14285714285714285,0.14285714285714285,-0.3394878763705492,-0.2147824306972325,0.3209149107336998,-0.21466286294162273,0.21038777264073316,0.16666666666666674
2019-07-12,6,0.26822102,0.14605455,0.5857244,0.12216648,0.36834058,0.42958334,0.16666666666666666,0.0,-0.20330834127962588,-0.19955476755276322,0.3254748184233904,-0.0646122054507335,0.24969222981618536,-0.1428571428571429
2019-07-15,5,0.029035771,0.58522564,0.3857386,-0.5561899,0.45445925,0.95596856,0.0,0.6,-0.21560240127146243,-0.21564705604687334,-0.34058749340474603,-0.15086546105643114,0.26843713931967816,-0.16666666666666663
2019-07-16,5,0.15312013,0.26835647,0.5785234,-0.11523633,0.4136038,0.877056,0.0,0.2,-0.17305256761610507,-0.19604479232802988,0.05781624056398868,-0.1830865815281868,0.2629757300438179,0.0
2019-07-17,2,0.4169999,0.47207165,0.110928446,-0.05507174,1.2041355,0.92270297,0.5,0.5,-0.12458089031279088,-0.17621579179540275,0.06950914897024632,-0.24216598769028982,0.25657704434609946,-0.6
2019-07-18,2,0.022456707,0.4841974,0.49334592,-0.4617407,0.6628042,0.9415954,0.0,0.5,-0.21321443766355513,-0.19132431084290147,-0.24852626472711564,-0.21068292359511057,0.28569505112440763,0.0
2019-07-19,5,0.21906063,0.4312325,0.34970686,-0.21217187,0.6742534,0.9520701,0.2,0.4,-0.280082106590271,-0.19793821135535836,0.06791023910045624,-0.2429947704076767,0.2188897851345625,1.5
2019-07-22,4,0.23135579,0.4016616,0.36698264,-0.17030582,0.7008087,0.83885616,0.25,0.5,-0.20290529131889343,-0.21418953025713564,0.03259947299957275,-0.2814061293999354,0.15627297502503104,-0.19999999999999996
2019-07-23,1,0.029625274,0.3559227,0.61445206,-0.32629743,0.0,0.3559227,0.0,0.0,-0.24511751234531404,-0.21934597054496408,-0.08117991983890532,-0.2362583726644516,0.15517360117340995,-0.75
2019-07-24,1,0.033588514,0.34034267,0.6260688,-0.30675417,0.0,0.34034267,0.0,0.0,-0.2954539984464645,-0.22420732388272882,-0.011300173401832592,-0.26778580745061237,0.11327870448377639,0.0
2019-07-25,1,0.8849338,0.012232239,0.10283392,0.8727016,0.0,0.012232239,1.0,0.0,-0.02856554090976715,-0.16702110031619669,0.9012671262025833,0.07988332708676656,0.5079658491569918,0.0
2019-07-26,2,0.5024252,0.40618458,0.09139022,0.09624064,1.0974048,0.8002929,0.5,0.5,0.0331169605255127,-0.1404742375947535,0.06312367916107178,0.22072935104370117,0.498738122735118,1.0
2019-07-29,4,0.059686102,0.4052406,0.53507334,-0.3455545,0.29286674,0.7913425,0.0,0.5,-0.0019327759742736816,-0.14564976627007126,-0.3436217248439789,0.20779590805371603,0.5222134833612458,1.0
2019-07-30,1,0.027912183,0.7612372,0.21085063,-0.733325,0.0,0.7612372,0.0,1.0,-0.08333829045295715,-0.19780674958601593,-0.6499867141246796,-0.32754628856976825,0.6097982374815967,-0.75
2019-07-31,8,0.062290866,0.5170227,0.42068642,-0.45473185,0.3692569,0.92095774,0.0,0.625,-0.1129338264465332,-0.2353799724020064,-0.34179802536964415,-0.5112037857373556,0.6267085854588461,7.0
2019-08-01,6,0.037495594,0.52157193,0.44093248,-0.48407635,0.38929978,0.9237438,0.0,0.5,-0.384289413690567,-0.24138931715860962,-0.09978693723678589,-0.5573777357737223,0.3037906101708618,-0.25
2019-08-02,5,0.15025091,0.5932342,0.2565149,-0.44298324,0.6837855,0.96031094,0.2,0.6,-0.49213418960571287,-0.23560191923752427,0.04915094971656797,-0.46059714754422504,0.14451495933481995,-0.16666666666666663
2019-08-05,10,0.11926144,0.64135355,0.23938498,-0.52209216,0.5785716,0.97245425,0.1,0.6,-0.5274417221546173,-0.2369705476798117,0.005349558591842607,-0.4830505847930908,0.11907671860118396,1.0
2019-08-06,5,0.065403946,0.536286,0.3983101,-0.47088203,0.4033377,0.9672841,0.0,0.6,-0.47495312690734864,-0.24411537433043123,0.004071098566055309,-0.4786524772644043,0.03063033414413067,-0.5
2019-08-07,4,0.23811287,0.61175716,0.15012997,-0.3736443,0.815593,0.92679924,0.25,0.75,-0.4587356150150299,-0.24792608255520462,0.08509132266044617,-0.4555394947528839,0.0554355729910036,-0.19999999999999996
2019-08-08,4,0.27980787,0.48951235,0.23067977,-0.20970449,0.8901264,0.9574561,0.25,0.5,-0.4038612425327301,-0.2574826586991549,0.1941567540168762,-0.35141026973724365,0.1210483129824649,0.0
2019-08-09,4,0.09673117,0.518554,0.38471484,-0.42182282,0.41676491,0.94659024,0.0,0.5,-0.39962915778160096,-0.284682123363018,-0.022193658351898182,-0.33505719900131226,0.11970099315164426,0.0
2019-08-12,4,0.24408369,0.32565233,0.43026394,-0.08156866,0.64271945,0.8957714,0.25,0.25,-0.31152445673942564,-0.26095106154680253,0.22995579838752744,-0.2376986543337504,0.16176094462958032,0.0
2019-08-13,3,0.20305587,0.71670526,0.08023888,-0.51364934,0.66719514,0.9640141,0.3333333333333333,0.6666666666666666,-0.320077919960022,-0.28087171241641046,-0.1935714244842529,-0.33901360630989075,0.17303196147485272,-0.25
2019-08-14,7,0.17253171,0.64918154,0.17828669,-0.47664985,0.69807434,0.9621239,0.14285714285714285,0.7142857142857143,-0.3406790316104889,-0.3019506178796291,-0.13597081899642943,-0.35728928446769714,0.18660360592452946,1.3333333333333335
2019-08-15,5,0.055002432,0.57633364,0.3686639,-0.5213312,0.45878688,0.9588811,0.0,0.6,-0.4030043721199036,-0.30493014231324195,-0.11832681894302366,-0.5038767953713735,0.18394445792416306,-0.2857142857142857
2019-08-16,3,0.06241056,0.60254645,0.33504295,-0.5401359,0.43443823,0.867479,0.0,0.6666666666666666,-0.4266669929027557,-0.3213283449411392,-0.11346892714500428,-0.5127056539058685,0.19428946439172184,-0.4
2019-08-19,7,0.038374934,0.4023885,0.5592366,-0.36401358,0.36063403,0.94634986,0.0,0.5714285714285714,-0.4831559777259827,-0.33101373314857485,0.11914239525794984,-0.4751602311929067,0.07048252654385533,1.3333333333333335
2019-08-20,1,0.06234858,0.37158054,0.5660709,-0.30923197,0.0,0.37158054,0.0,0.0,-0.4422725021839142,-0.33016045987606046,0.13304053544998168,-0.40446048974990845,0.10103658930775156,-0.8571428571428572
2019-08-21,5,0.35258213,0.26066202,0.38675588,0.091920115,0.73825705,0.9747788,0.4,0.2,-0.3285585090517998,-0.31022674553096297,0.4204786241054535,-0.19377514471610388,0.25512700688678874,4.0
2019-08-22,4,0.13012366,0.21038826,0.65948814,-0.0802646,0.12045704,0.57518464,0.0,0.25,-0.24034519046545028,-0.35787505470216274,0.16008059233427047,-0.09919214993715286,0.24796157462521068,-0.19999999999999996
2019-08-23,5,0.43239385,0.32224566,0.24536045,0.110148214,0.78786516,0.9213358,0.6,0.4,-0.11028836369514465,-0.35717967599630357,0.22043657749891282,0.040601243575414024,0.2204183657884373,0.25
2019-08-26,5,0.043062106,0.5684291,0.38850874,-0.5253671,0.37438533,0.94896084,0.0,0.6,-0.14255906343460084,-0.3661703050136566,-0.3828080177307129,-0.1651611551642418,0.2725086643825941,0.0
2019-08-27,3,0.23394932,0.5617002,0.20435052,-0.3277509,0.64909005,0.96396726,0.3333333333333333,0.3333333333333333,-0.14626284837722778,-0.34589159935712815,-0.18148804306983948,-0.2476565862695376,0.2754502927064181,-0.4
2019-08-28,2,0.33166826,0.22213557,0.44619617,0.1095327,0.52224904,0.3132028,0.5,0.0,-0.14274033159017563,-0.31767837181687353,0.2522730305790901,-0.24786175787448883,0.27934282359193424,-0.33333333333333337
2019-08-29,3,0.29442677,0.072717614,0.6328556,0.22170913,0.36090007,0.102772035,0.3333333333333333,0.0,-0.08234558552503586,-0.28238909766077996,0.3040547177195549,0.0011636465787887573,0.3251200624344822,0.5
2019-08-30,3,0.042354923,0.5363169,0.42132822,-0.49396196,0.3958885,0.7722197,0.0,0.6666666666666666,-0.20316762030124663,-0.284938033670187,-0.29079433977603913,-0.05424004296461741,0.3472018780809614,0.0
2019-09-03,6,0.04871207,0.4834614,0.46782652,-0.43474936,0.5371153,0.96973675,0.0,0.5,-0.18504407703876496,-0.2805708937346935,-0.2497052878141403,-0.23566739757855734,0.32801367132268516,1.0
2019-09-04,3,0.41598535,0.064062715,0.51995194,0.35192263,0.4989689,0.1632715,0.3333333333333333,0.0,-0.04910937249660492,-0.23943066075444222,0.4010320037603378,-0.19226289788881937,0.3892135229376603,-0.5
2019-09-05,2,0.32288447,0.40147513,0.27564034,-0.07859066,0.48794413,0.4741608,0.5,0.0,-0.08673404455184937,-0.2246779792010784,0.008143383264541629,-0.053805798292160034,0.37900277886758277,-0.33333333333333337
2019-09-06,3,0.25341138,0.31615895,0.43042967,-0.062747546,0.34761167,0.4967465,0.3333333333333333,0.3333333333333333,-0.14362538009881973,-0.21733013205230237,0.08087783455848693,0.07019480814536412,0.3405243985785921,0.5
2019-09-09,3,0.06405577,0.57691103,0.3590332,-0.51285523,0.568515,0.88589406,0.0,0.6666666666666666,-0.14740403443574907,-0.22188175283372402,-0.3654511973261833,-0.21806447952985764,0.34545297692103244,0.0
2019-09-10,3,0.063805595,0.8996007,0.036593787,-0.8357951,0.19863188,0.9717435,0.0,1.0,-0.2276131823658943,-0.2595930751413107,-0.6081819221377373,-0.4704659606019656,0.4573014395430747,0.0
2019-09-11,6,0.2763075,0.28182343,0.4418691,-0.0055159368,0.60950404,0.82006466,0.3333333333333333,0.3333333333333333,-0.2991008959710598,-0.23418640475720168,0.2935849592089653,-0.45138875767588615,0.3620812711518104,1.0
2019-09-12,4,0.34182268,0.507484,0.15069334,-0.1656613,0.7804301,0.88830173,0.5,0.5,-0.3165150247514248,-0.2186369774863124,0.1508537195622921,-0.33565744881828624,0.35074081921609596,-0.33333333333333337
2019-09-13,6,0.09805879,0.46835443,0.43358675,-0.3702956,0.41478714,0.9043145,0.0,0.5,-0.37802463844418527,-0.21108519863337277,0.007729024440050136,-0.18049095198512077,0.3208012408211532,0.5
2019-09-16,6,0.22857334,0.3475279,0.42389873,-0.11895456,0.42703623,0.79699194,0.3333333333333333,0.3333333333333333,-0.2992445044219494,-0.19002613071352242,0.18028994277119637,-0.21830382694800696,0.3277042159715442,0.0
2019-09-17,3,0.07346336,0.80451757,0.12201914,-0.7310541,0.28052327,0.9496742,0.0,1.0,-0.27829630896449087,-0.20837815795093775,-0.45275781825184824,-0.4067681009570758,0.28545537395856574,-0.5
2019-09-18,5,0.035955615,0.20609781,0.7579466,-0.1701422,0.35505378,0.84003425,0.0,0.2,-0.31122156232595444,-0.20142366979271173,0.1410793587565422,-0.3400502974788348,0.25387344268239614,0.6666666666666667
2019-09-19,4,0.104680344,0.30493852,0.59038115,-0.20025817,0.4742961,0.92601204,0.0,0.25,-0.318140934407711,-0.2160325838252902,0.11788276880979537,-0.36715149879455566,0.2493454421095887,-0.19999999999999996
2019-09-20,2,0.2479476,0.52929705,0.22275542,-0.28134942,0.9291816,0.95550185,0.5,0.5,-0.3003516957163811,-0.2260868249461055,0.019002275168895744,-0.21724992990493774,0.24786277343801597,-0.5
2019-09-23,3,0.06252587,0.55756015,0.37991396,-0.49503425,0.35331744,0.90692735,0.0,0.3333333333333333,-0.37556763291358947,-0.25634594801813365,-0.11946661472320558,-0.3255472779273987,0.23582462104193566,0.5
2019-09-24,3,0.057577204,0.61378324,0.32863957,-0.55620605,0.58783144,0.93897676,0.0,0.6666666666666666,-0.3405980169773102,-0.2578878963366151,-0.21560803055763245,-0.44419657190640766,0.1750701477764648,0.0
2019-09-25,1,0.067986794,0.013228498,0.9187847,0.054758295,0.0,0.013228498,0.0,0.0,-0.29561791718006136,-0.23876243699342012,0.35037621259689333,-0.33216066658496857,0.24481299450110228,-0.6666666666666667
2019-09-26,3,0.049115684,0.28113803,0.6697462,-0.23202236,0.3633578,0.6986842,0.0,0.3333333333333333,-0.30197075605392454,-0.2558401899412274,0.06994839608669279,-0.2444900373617808,0.24211708374926907,2.0
2019-09-27,4,0.11277077,0.06364457,0.8235847,0.0491262,0.10487431,0.12638372,0.0,0.0,-0.23587563186883925,-0.26446933653205634,0.2850018322467804,-0.04271262139081955,0.28960478893892766,0.33333333333333326
2019-09-30,6,0.07285893,0.27408788,0.65305316,-0.20122896,0.27345043,0.647981,0.0,0.3333333333333333,-0.177114574611187,-0.24983268659561872,-0.024114386737346644,-0.12804170697927475,0.25112577999213737,0.5
2019-10-01,1,0.009538754,0.9701302,0.020331059,-0.96059144,0.0,0.9701302,0.0,1.0,-0.25799165219068526,-0.2761247901245952,-0.7025997832417488,-0.3708980654676755,0.41523390026479345,-0.8333333333333334
2019-10-02,4,0.061561406,0.45658308,0.4818555,-0.39502168,0.46812963,0.9082986,0.0,0.5,-0.34794764667749406,-0.3134720055386424,-0.047074030339717854,-0.5189473579327265,0.37755167228187114,3.0
2019-10-03,4,0.18781096,0.5561783,0.25601077,-0.3683673,0.61470294,0.92625815,0.25,0.5,-0.3752166375517845,-0.32796083819121125,0.0068493232131004445,-0.5746601422627767,0.37196819836626355,0.0
2019-10-04,4,0.082339115,0.68273693,0.23492394,-0.6003978,0.27328777,0.95009446,0.0,0.75,-0.5051214426755906,-0.354843352176249,-0.09527638256549831,-0.4545956055323283,0.29142099855664927,0.0
2019-10-07,4,0.06892007,0.29218456,0.6388954,-0.22326449,0.23196758,0.5962676,0.0,0.25,-0.5095285475254059,-0.3403638148680329,0.2862640619277954,-0.3973432083924611,0.2857885515461452,0.0
2019-10-08,5,0.22205599,0.4192109,0.35873312,-0.19715494,0.78327984,0.9579402,0.2,0.4,-0.3568412482738495,-0.308431806601584,0.1596863090991974,-0.34027241667111713,0.16144106537893688,0.25
2019-10-09,3,0.04681839,0.579856,0.37332568,-0.5330376,0.40975478,0.942909,0.0,0.6666666666666666,-0.38444443345069884,-0.33480788990855215,-0.1485931694507599,-0.3178190092245738,0.1802987808113513,-0.4
2019-10-10,3,0.08070666,0.061424848,0.8578685,0.019281814,0.09212697,0.100898646,0.0,0.0,-0.3069146078079939,-0.3255607339553535,0.32619642168283464,-0.2369702427337567,0.25627750640073665,0.0
2019-10-11,10,0.29986054,0.18218109,0.5179584,0.11767943,0.3788873,0.78542864,0.2,0.2,-0.16329915635287762,-0.3011619816534221,0.2809785883873701,-0.1320254523307085,0.2518597583078307,2.3333333333333335
2019-10-14,4,0.093890786,0.13740617,0.76870304,-0.04351539,0.12873195,0.22363824,0.0,0.0,-0.12734933756291866,-0.29739002315327523,0.08383394591510296,0.031148618087172508,0.253980173261541,-0.6
2019-10-15,3,0.06533369,0.17508721,0.7595791,-0.10975353,0.27917382,0.48751447,0.0,0.3333333333333333,-0.10986905507743358,-0.2663249931298196,0.00011552833020686548,-0.01186316212018331,0.25096449091598266,-0.25
2019-10-16,1,0.10575388,0.014649537,0.8795966,0.09110434,0.0,0.014649537,0.0,0.0,0.014959334209561349,-0.2532626657746732,0.07614500932395458,-0.020721524953842163,0.09399568610405322,-0.6666666666666667
2019-10-17,2,0.20330356,0.042423736,0.7542727,0.16087982,0.1758657,0.060648352,0.0,0.0,0.043278935551643374,-0.2352057664655149,0.11760088503360748,0.04741021245718002,0.1146787485080339,1.0
2019-10-18,2,0.3585287,0.58422565,0.057245582,-0.22569695,1.0047901,0.946645,0.5,0.5,-0.02539634108543396,-0.23242314299568534,-0.2003006100654602,0.008762404322624207,0.15478693992235099,0.0
2019-10-21,4,0.056392156,0.485748,0.45785984,-0.42935586,0.5646863,0.9517403,0.0,0.5,-0.10256443470716477,-0.22913922360166908,-0.326791425049305,-0.164724330107371,0.23922604710173898,1.0
2019-10-22,2,0.026533186,0.7723913,0.20107548,-0.7458582,0.14702822,0.8694591,0.0,1.0,-0.22978536784648895,-0.23862183084711433,-0.5160728245973587,-0.46697033445040387,0.3747551710791038,-0.5
2019-10-23,4,0.064519644,0.7004872,0.23499319,-0.63596755,0.50008726,0.9722944,0.0,0.75,-0.3751997470855713,-0.2731581232510507,-0.26076780557632445,-0.6037272016207377,0.3598794259701955,1.0
2019-10-24,2,0.078132965,0.501432,0.42043504,-0.42329904,0.7460827,0.96070135,0.0,0.5,-0.4920355200767517,-0.2827219574712217,0.06873647570610047,-0.6017082631587982,0.20293598449973058,-0.5
2019-10-25,2,0.053022284,0.11307993,0.8338978,-0.060057644,0.123511836,0.19742419,0.0,0.0,-0.45890765860676763,-0.28818114968016745,0.39885001480579374,-0.3731080802778403,0.2621609388743319,0.0
2019-10-28,5,0.34449315,0.42069116,0.23481567,-0.076198,0.4880499,0.7746672,0.2,0.6,-0.3882760860025883,-0.2819296014495194,0.31207808926701547,-0.1865182283023993,0.3144688826885194,1.5
2019-10-29,3,0.04313484,0.35146868,0.60539645,-0.30833387,0.56491256,0.96689665,0.0,0.3333333333333333,-0.3007712222635746,-0.24931672336533667,-0.0075626514852046856,-0.14819650476177534,0.24279775600312456,-0.4
2019-10-30,4,0.22338049,0.46871716,0.30790234,-0.2453367,0.7143838,0.93195105,0.25,0.5,-0.22264505103230475,-0.24183247433975338,-0.022691645473241817,-0.2099561889966329,0.1549200720192833,0.33333333333333326
2019-10-31,3,0.109445035,0.30479053,0.5857644,-0.19534548,0.5627057,0.8758017,0.0,0.3333333333333333,-0.1770543374121189,-0.2331813824363053,-0.018291138857603084,-0.24967201550801596,0.10734476088221923,-0.25
2019-11-01,4,0.35466284,0.23416977,0.41116744,0.12049307,0.323377,0.33781123,0.5,0.0,-0.14094419479370118,-0.1971368377096951,0.261437264084816,-0.10672970116138458,0.16912873179601265,0.33333333333333326
2019-11-04,3,0.24252403,0.40648553,0.35099044,-0.16396147,0.40799552,0.6597362,0.0,0.6666666666666666,-0.15849688947200774,-0.19417168693616987,-0.0054645806550979725,-0.0796046257019043,0.16523872958855051,-0.25
2019-11-05,1,0.03601779,0.7407892,0.22319306,-0.7047714,0.0,0.7407892,0.0,1.0,-0.23778439462184905,-0.21955250995233655,-0.46698700487613676,-0.24941326677799225,0.2973833918978525,-0.6666666666666667
2019-11-06,1,0.036628094,0.46994358,0.49342832,-0.4333155,0.0,0.46994358,0.0,0.0,-0.27538015246391295,-0.2145664040930569,-0.15793533325195314,-0.4340161184469859,0.31018369250686184,0.0
2019-11-07,1,0.9265731,0.023765804,0.049661055,0.9028073,0.0,0.023765804,1.0,0.0,-0.05574959814548493,-0.17039013002067804,0.9585568934679032,-0.07842652996381123,0.6175329754688055,0.0
2019-11-08,6,0.19513766,0.5089123,0.29595006,-0.31377468,0.6274017,0.8804312,0.16666666666666666,0.3333333333333333,-0.1426031470298767,-0.19196283537894487,-0.17117152810096742,0.05190571149190267,0.6170870422648029,5.0
2019-11-11,5,0.072867975,0.3009686,0.6261634,-0.22810063,0.407077,0.8649649,0.0,0.2,-0.15543097853660584,-0.20119209717959166,-0.0726696491241455,0.12031066417694092,0.6183074772812001,-0.16666666666666663
2019-11-12,3,0.12458107,0.44190243,0.4335165,-0.31732136,0.5594019,0.97070765,0.0,0.3333333333333333,-0.07794097065925598,-0.21157048884779214,-0.2393803894519806,-0.28639888763427734,0.553088292406276,-0.4
2019-11-13,3,0.20654167,0.45793298,0.3355254,-0.2513913,0.6177046,0.90519416,0.0,0.6666666666666666,-0.041556131839752194,-0.2286952706053853,-0.20983515977859496,-0.265604426463445,0.5293395229427531,0.0
2019-11-14,6,0.1435108,0.5306954,0.32579383,-0.38718462,0.5321794,0.97350276,0.0,0.6666666666666666,-0.2995545148849487,-0.2560984926298261,-0.08763010501861573,-0.31863242387771606,0.06249452601460976,1.0
2019-11-15,1,0.026955243,0.12774481,0.84529996,-0.10078956,0.0,0.12774481,0.0,0.0,-0.25695749223232267,-0.24985312316566705,0.15616793036460874,-0.24645515779654184,0.1070689322625217,-0.8333333333333334
2019-11-18,4,0.15717456,0.22569698,0.61712843,-0.06852242,0.2052912,0.4947046,0.0,0.25,-0.22504185140132904,-0.23181145135313272,0.15651942789554596,-0.18549886842568716,0.13732902175810704,3.0
2019-11-19,1,0.07759313,0.6087569,0.31364992,-0.53116375,0.0,0.6087569,0.0,1.0,-0.26781032979488373,-0.22107672933489084,-0.2633534222841263,-0.233491912484169,0.19460629325283196,-0.75
2019-11-20,2,0.06244683,0.43029305,0.5072601,-0.36784622,0.51529396,0.81962436,0.0,0.5,-0.29110131561756136,-0.2076706627383828,-0.07674490511417387,-0.3225107987721761,0.1990676279888038,1.0
2019-11-21,2,0.062467925,0.27785856,0.6596736,-0.21539062,0.0464361,0.28251708,0.0,0.0,-0.2567425161600113,-0.19727524165064098,0.041351893544197105,-0.37146686514218646,0.193073272505429,0.0
2019-11-22,1,0.050063986,0.031225834,0.9187101,0.018838152,0.0,0.031225834,0.0,0.0,-0.2328169733285904,-0.19333045184612274,0.251655125617981,-0.1881328970193863,0.22241311623612461,-0.5
2019-11-25,3,0.05737872,0.40645647,0.5361648,-0.34907773,0.54142064,0.9605867,0.0,0.3333333333333333,-0.28892803490161895,-0.20697443857789039,-0.06014969646930696,-0.18187673389911652,0.20533630079718865,2.0
2019-11-26,5,0.39437553,0.44218817,0.16343632,-0.04781262,0.8595796,0.83780116,0.4,0.6,-0.19225780814886093,-0.19394837580621244,0.14444518983364105,-0.12601739913225174,0.17420162415813867,0.6666666666666667
2019-11-27,1,0.17318755,0.02186139,0.804951,0.15132616,0.0,0.02186139,0.0,0.0,-0.08842333108186722,-0.17411523275077342,0.23974949568510057,-0.08185472836097081,0.1966567351994278,-0.8
2019-11-29,3,0.095437996,0.29369587,0.6108661,-0.19825788,0.5300252,0.83313864,0.0,0.3333333333333333,-0.0849967822432518,-0.1742608528584242,-0.11326109617948532,-0.03158144404490789,0.19402301054422766,2.0
2019-12-02,5,0.16516316,0.4119289,0.42290798,-0.24676576,0.58138996,0.89051676,0.2,0.4,-0.13811756521463395,-0.19262379445135594,-0.1086481973528862,-0.09789915879567464,0.19484489724577977,0.6666666666666667
2019-12-03,2,0.18464696,0.26326287,0.55209017,-0.078615904,0.5011169,0.51902443,0.0,0.5,-0.08402519971132279,-0.18835651613771914,0.00540929585695267,-0.17454651494820914,0.15513258192760157,-0.6
2019-12-04,1,0.07269539,0.15807492,0.76922965,-0.085379526,0.0,0.15807492,0.0,0.0,-0.09153858125209809,-0.15738692246377467,0.006159055233001712,-0.1369203974803289,0.15384464610410423,-0.5
2019-12-05,2,0.37169778,0.35601896,0.27228323,0.015678808,0.6981696,0.69461644,0.5,0.5,-0.11866805255413056,-0.13493720777332782,0.13434686064720153,-0.0494388739267985,0.10428919319920948,1.0
2019-12-06,3,0.057101652,0.13451481,0.8083835,-0.07741315,0.20564133,0.36134207,0.0,0.0,-0.09449910670518875,-0.18394822999835014,0.017085957527160647,-0.049037955701351166,0.09480464153470966,0.5
2019-12-09,5,0.14772618,0.34059635,0.5116775,-0.19287017,0.49565,0.8361703,0.2,0.2,-0.08371998816728592,-0.17790300473570825,-0.10915018171072007,-0.0848681703209877,0.07392980594131353,0.6666666666666667
2019-12-10,2,0.0492017,0.48718286,0.4636155,-0.43798113,0.28377843,0.66181713,0.0,0.5,-0.15559303313493728,-0.18839702978730202,-0.2823880955576897,-0.23608814924955368,0.174290487312929,-0.6
2019-12-11,7,0.28146735,0.28972763,0.42880505,-0.008260277,0.6839137,0.96723837,0.2857142857142857,0.2857142857142857,-0.14016918335109949,-0.17294397563673555,0.1319089062511921,-0.2130371918901801,0.1851325366998684,2.5
2019-12-12,6,0.2855157,0.20645751,0.5080268,0.07905819,0.6229432,0.9480467,0.3333333333333333,0.16666666666666666,-0.12749330643564463,-0.15642150142230093,0.20655149910598994,-0.12239440437406301,0.20004054667860424,-0.1428571428571429
2019-12-13,4,0.15360211,0.40901652,0.43738136,-0.25541443,0.4257358,0.83369064,0.0,0.5,-0.16309356186538934,-0.1498329917434603,-0.09232086446136237,-0.06153883691877127,0.20468499034603846,-0.33333333333333337
2019-12-16,3,0.6676659,0.21072344,0.12161067,0.45694244,0.54622406,0.5206166,0.6666666666666666,0.3333333333333333,-0.033131040073931216,-0.12194639169611036,0.49007347915321586,0.09352873514095943,0.3415737445349767,-0.25
2019-12-17,3,0.054723937,0.6104787,0.3347973,-0.5557548,0.5285884,0.91681,0.0,0.6666666666666666,-0.05668577048927546,-0.14630800955928863,-0.49906901028007267,-0.1180755893389384,0.37853280745590234,0.0
2019-12-18,1,0.028618759,0.44986278,0.52151847,-0.42124403,0.0,0.44986278,0.0,0.0,-0.1392825201153755,-0.1408120232168585,-0.2819615051150322,-0.17335212230682373,0.409143899724688,-0.6666666666666667
2019-12-19,3,0.07367612,0.20117973,0.72514415,-0.1275036,0.13771158,0.360544,0.0,0.0,-0.1805948793888092,-0.1287948923651129,0.05309127569198607,-0.3681674698988597,0.39163996335800394,2.0
2019-12-20,2,0.057780053,0.025201283,0.91701865,0.032578766,0.017421745,0.031479795,0.0,0.0,-0.1229962408542633,-0.1163964229170233,0.1555750072002411,-0.17205628752708435,0.3989938804113823,-0.33333333333333337
2019-12-23,5,0.047257923,0.5808726,0.37186947,-0.5336147,0.42801595,0.952568,0.0,0.6,-0.32110766768455506,-0.14401906528510153,-0.212507027387619,-0.2095131774743398,0.26116202905500063,1.5
2019-12-24,1,0.03844617,0.03261471,0.9289391,0.0058314577,0.0,0.03261471,0.0,0.0,-0.20879041999578477,-0.12627360583283007,0.2146218776702881,-0.165068157017231,0.25572276250370995,-0.8
2019-12-26,2,0.43297368,0.4147945,0.15223178,0.018179178,0.99050885,0.72623974,0.5,0.5,-0.12090577930212021,-0.12297401600517333,0.13908495754003525,-0.16986801971991858,0.23944552556167176,1.0
2019-12-27,2,0.38636133,0.52475756,0.088881105,-0.13839623,1.0811138,0.9177405,0.5,0.5,-0.12308430522680283,-0.1374601359013468,-0.015311928093433375,-0.038128532469272614,0.239570080386207,0.0
2019-12-30,4,0.098463,0.4378901,0.4636469,-0.3394271,0.5452936,0.88036925,0.0,0.5,-0.1974854812026024,-0.14451859765686095,-0.14194163233041762,-0.1532147228717804,0.23689176726221056,1.0
2019-12-31,1,0.8386679,0.13762675,0.023705363,0.70104116,0.0,0.13762675,1.0,0.0,0.04944569021463394,-0.09712825142778456,0.6515954717993736,0.07440593838691711,0.39177898764882196,-0.75
2020-01-02,3,0.27248895,0.11550716,0.61200386,0.15698178,0.38170984,0.15669625,0.3333333333333333,0.0,0.07967575490474701,-0.08534836717881263,0.07730602622032165,0.17286527653535208,0.393400440443619,2.0
2020-01-03,4,0.22783376,0.7221789,0.04998736,-0.4943451,0.8358508,0.965036,0.25,0.75,-0.022829100489616394,-0.1057966458145529,-0.4715159982442856,0.12122594813505809,0.47229162355957066,0.33333333333333326
2020-01-06,6,0.13247575,0.15881293,0.7087113,-0.026337182,0.229433,0.64261055,0.0,0.16666666666666666,-0.00041729025542736053,-0.107897445326671,-0.025919891893863678,-0.12123349991937478,0.46807654528787146,0.5
2020-01-07,4,0.1707085,0.54926836,0.28002313,-0.37855983,0.5369838,0.87671405,0.25,0.5,-0.008243833109736443,-0.12295477925799787,-0.370315994694829,-0.29974736956258613,0.4754315023099175,-0.33333333333333337
2020-01-08,2,0.5483054,0.041830845,0.40986383,0.5064745,0.3929395,0.06339383,0.5,0.0,-0.04715716652572155,-0.08798754601739348,0.5536316614598036,0.03385916166007519,0.40571509981866477,-0.5
2020-01-09,3,0.34451672,0.33176062,0.32372266,0.012756109,0.90151536,0.9348767,0.3333333333333333,0.3333333333333333,-0.0760023009032011,-0.06545068412087858,0.088758410140872,0.0468902587890625,0.3924842833356294,0.5
2020-01-10,2,0.06337705,0.8489355,0.08768737,-0.78555846,0.0259778,0.86076355,0.0,1.0,-0.13424497358500959,-0.10431559337303042,-0.6513134885579348,-0.0887759526570638,0.4815791356342151,-0.33333333333333337
2020-01-13,4,0.18740335,0.5499184,0.26267827,-0.36251503,0.3780834,0.8620049,0.25,0.5,-0.20148054361343384,-0.1263942546211183,-0.1610344886779785,-0.37843912839889526,0.4861928306692843,1.0
2020-01-14,1,0.06336864,0.20366819,0.73296314,-0.14029956,0.0,0.20366819,0.0,0.0,-0.15382848978042601,-0.12063851123675703,0.013528931140899647,-0.429457684357961,0.47606888242066925,-0.75
2020-01-15,6,0.120868646,0.19037215,0.68875927,-0.06950351,0.24214217,0.58530366,0.0,0.16666666666666666,-0.26902409046888354,-0.14696080861613153,0.19952058196067812,-0.19077269981304804,0.3206738459832903,5.0
2020-01-16,7,0.2334409,0.1878228,0.5787363,0.045618095,0.22953238,0.52513504,0.2857142857142857,0.14285714285714285,-0.2624516934156418,-0.11689216485247016,0.30806978791952133,-0.05472832421461741,0.3281426913682146,0.16666666666666674
2020-01-17,8,0.116994426,0.164126,0.7188796,-0.047131576,0.28467408,0.7083117,0.125,0.125,-0.11476631611585617,-0.09818654237315058,0.0676347404718399,-0.023672329882780712,0.153604778475043,0.1428571428571428
2020-01-21,6,0.18834059,0.3388276,0.47283176,-0.15048705,0.66496706,0.94242734,0.16666666666666666,0.3333333333333333,-0.07236071974039078,-0.0993357147090137,-0.07812633067369461,-0.05066684385140737,0.07950327564610474,-0.25
2020-01-22,2,0.07084889,0.28867817,0.64047295,-0.21782927,0.279104,0.47637373,0.0,0.5,-0.08786666244268418,-0.11185611663386226,-0.12996260970830917,-0.138482632736365,0.10077986650105462,-0.6666666666666667
2020-01-23,4,0.2903556,0.43820745,0.27143696,-0.14785185,0.80101055,0.91367507,0.25,0.5,-0.10353633165359497,-0.09256797460839153,-0.044315522909164434,-0.1720560590426127,0.10327106462272688,1.0
2020-01-24,3,0.44529328,0.41897738,0.13572937,0.026315847,0.9114334,0.9188921,0.6666666666666666,0.3333333333333333,-0.10739678107202053,-0.0915437551215291,0.13371262848377227,-0.11312175976733367,0.09643609460458512,-0.25
2020-01-27,5,0.19136105,0.4043382,0.4043007,-0.21297717,0.64256066,0.9200293,0.2,0.4,-0.14056590013206005,-0.10310157258063554,-0.07241127081215382,-0.11150439269840717,0.09901269213404842,0.6666666666666667
2020-01-28,3,0.21501267,0.30380502,0.48118234,-0.08879238,0.25035623,0.43921152,0.3333333333333333,0.0,-0.12822696678340434,-0.10062138009816408,0.039434583112597454,-0.09181790240108967,0.10128533237525028,-0.4
2020-01-29,8,0.33976057,0.13237852,0.52786094,0.20738204,0.4876913,0.3991328,0.375,0.0,-0.04318470470607281,-0.07328092250972987,0.2505667429417372,-0.03146250545978546,0.16543788384467334,1.6666666666666665
2020-01-30,5,0.20673153,0.5834965,0.20977195,-0.376765,0.7380719,0.9593611,0.2,0.6,-0.0889673363417387,-0.1271712312474847,-0.28779767639935017,-0.08605845272541046,0.22322585899498365,-0.375
2020-01-31,5,0.04178833,0.48828697,0.4699247,-0.4464987,0.47265112,0.9669748,0.0,0.6,-0.18353024423122405,-0.15734525490552187,-0.262968447804451,-0.20529388884703317,0.2593968372020079,0.0
2020-02-03,7,0.15358381,0.7278,0.11861614,-0.57421625,0.6752079,0.9605331,0.14285714285714285,0.8571428571428571,-0.2557780593633652,-0.16133881229907274,-0.31843818724155426,-0.4658266504605611,0.3141721556737161,0.3999999999999999
2020-02-04,2,0.12277158,0.5237769,0.3534515,-0.40100533,0.050823703,0.6594394,0.0,0.5,-0.3182206481695175,-0.18007221957668662,-0.0827846795320511,-0.4739067554473877,0.3035325076087749,-0.7142857142857143
2020-02-05,2,0.49584517,0.42607224,0.07808258,0.069772914,0.10515047,0.4864858,0.5,0.5,-0.3457424730062485,-0.15765558248385786,0.4155153870582581,-0.30181622008482617,0.24444912500271485,0.0
2020-02-06,2,0.46911234,0.118138425,0.41274923,0.3509739,0.67463636,0.21474493,0.5,0.0,-0.20019468963146209,-0.16543061202391982,0.5511685937643052,0.0065804968277613325,0.39292239209353536,0.0
2020-02-07,2,0.5417352,0.016923256,0.4413416,0.5248119,0.5499154,0.0240913,0.5,0.0,-0.005932566523551941,-0.13982782131060958,0.5307444900274276,0.3151862472295761,0.4727134676396734,0.0
2020-02-10,6,0.07439829,0.37230814,0.55329365,-0.29790983,0.31152856,0.719096,0.0,0.5,0.04932871758937836,-0.11544538950547575,-0.3472385436296463,0.1926253338654836,0.40027097739241535,2.0
2020-02-11,4,0.051266924,0.27561146,0.67312163,-0.22434454,0.41562593,0.8734221,0.0,0.25,0.08466087579727173,-0.10853686472401022,-0.30900541245937346,0.0008525202671686808,0.35592201115450367,-0.33333333333333337
2020-02-12,2,0.3263515,0.5711403,0.10250821,-0.24478883,0.7640728,0.8147393,0.5,0.5,0.021748527884483337,-0.11376132806763053,-0.2665373533964157,-0.2556810627381007,0.3857614381924933,-0.5
2020-02-13,5,0.055199616,0.39629716,0.5485033,-0.34109753,0.45948204,0.939982,0.0,0.4,-0.11666575968265533,-0.12734102932736277,-0.224431774020195,-0.2700769652922948,0.3614978872052144,1.5
2020-02-14,1,0.00892246,0.9703993,0.020678291,-0.96147686,0.0,0.9703993,0.0,1.0,-0.413923516869545,-0.17769577717408538,-0.5475533455610275,-0.5157877405484518,0.309485136992162,-0.8
2020-02-18,8,0.2432099,0.28525499,0.4715351,-0.042045098,0.61138326,0.9328973,0.25,0.25,-0.3627505712211132,-0.17744145328179,0.32070547342300415,-0.4482064979771773,0.3517332904189557,7.0
2020-02-19,3,0.154752,0.3537532,0.4914948,-0.1990012,0.5964876,0.8853745,0.0,0.3333333333333333,-0.3576819024980068,-0.17986716041341425,0.15868070945143697,-0.40084105109175044,0.3543989283959737,-0.625
2020-02-20,5,0.32742187,0.28601536,0.38656276,0.04140649,0.42200008,0.71620697,0.4,0.2,-0.3004428394138813,-0.16690537231042982,0.3418493293225765,-0.06654660031199455,0.39766177469097325,0.6666666666666667
2020-02-21,2,0.067830086,0.5071354,0.42503452,-0.4393053,0.21504562,0.65318406,0.0,0.5,-0.32008439376950265,-0.1814780448563397,-0.11922091171145438,-0.19896666953961054,0.4025669432617616,-0.6
2020-02-24,5,0.06596469,0.7423085,0.19172686,-0.6763438,0.48939165,0.9500007,0.0,0.8,-0.2630577810108662,-0.2166110271587968,-0.41328601762652395,-0.3580808714032173,0.2947528062277508,1.5
2020-02-25,6,0.2244103,0.41440153,0.36118817,-0.18999122,0.6850818,0.87152994,0.16666666666666666,0.5,-0.2926470056176186,-0.21546172965317964,0.10265578478574755,-0.43521344165007275,0.27369297220054817,0.19999999999999996
2020-02-26,6,0.04348736,0.38953888,0.56697375,-0.34605154,0.44751978,0.9580053,0.0,0.3333333333333333,-0.3220570757985115,-0.22832468766719102,-0.02399446815252304,-0.4041288544734319,0.2689744957659407,0.0
2020-02-27,8,0.105944805,0.5107095,0.3833457,-0.4047647,0.4636458,0.9620077,0.0,0.625,-0.41129131615161896,-0.25893202517181635,0.0065266042947769165,-0.3136024922132492,0.17628822897385107,0.33333333333333326
2020-02-28,5,0.06983401,0.53048295,0.39968303,-0.46064895,0.3944644,0.9617356,0.0,0.6,-0.41556004583835604,-0.26312622223049403,-0.045088908076286294,-0.403821736574173,0.17739112241080243,-0.375
2020-03-02,13,0.07283958,0.5350175,0.39214292,-0.46217793,0.4120478,0.9430329,0.0,0.5384615384615384,-0.3727268725633621,-0.2639101842418313,-0.08945105969905853,-0.4425305326779683,0.11276313580613143,1.6
2020-03-03,6,0.053347304,0.3555623,0.5910904,-0.302215,0.4085182,0.9348406,0.0,0.3333333333333333,-0.39517163038253783,-0.2503101224079728,0.0929566204547882,-0.4083472987016042,0.07057419460775238,-0.5384615384615384
2020-03-04,5,0.21845742,0.354877,0.42666554,-0.13641956,0.429364,0.84206694,0.0,0.4,-0.3532452344894409,-0.23708083424717188,0.21682567000389097,-0.3002708355585734,0.13754417756681755,-0.16666666666666663
2020-03-05,4,0.08048925,0.41737926,0.50213146,-0.33689004,0.43046325,0.9513482,0.0,0.5,-0.3396703004837036,-0.25741398204118016,0.0027802586555480957,-0.25850820541381836,0.13450413073824716,-0.19999999999999996
2020-03-06,8,0.045830894,0.5542013,0.3999678,-0.5083704,0.3872111,0.9255247,0.0,0.625,-0.34921458959579466,-0.3003811972215772,-0.159155809879303,-0.3272266685962677,0.146401730081199,1.0
2020-03-09,11,0.13883518,0.43152902,0.42963582,-0.29269382,0.4582627,0.9189294,0.18181818181818182,0.36363636363636365,-0.31531776785850524,-0.3412564845755696,0.022623944282531727,-0.37931808829307556,0.13268644794088325,0.375
2020-03-10,4,0.16274574,0.18905982,0.64819443,-0.026314078,0.23417239,0.4923664,0.0,0.25,-0.2601375814527273,-0.32767669716849923,0.23382350355386733,-0.2757927669833104,0.18611149853964667,-0.6363636363636364
2020-03-11,6,0.14124419,0.6085794,0.25017643,-0.4673352,0.6097834,0.93937486,0.16666666666666666,0.6666666666666666,-0.32632070742547514,-0.3398262300528586,-0.1410144869238138,-0.2621143652747075,0.18991684483268675,0.5
2020-03-12,10,0.07434273,0.67386353,0.25179368,-0.5995208,0.27784136,0.9677527,0.0,0.8,-0.37884685955941677,-0.3575628289021552,-0.220673942938447,-0.36439002491533756,0.22638751601660145,0.6666666666666667
2020-03-13,5,0.13942,0.21949589,0.6410841,-0.0800759,0.15453063,0.4035754,0.0,0.2,-0.29318795911967754,-0.3445117470808327,0.21311206184327602,-0.3823106313745181,0.24535980417601616,-0.5
2020-03-16,13,0.086948164,0.7140529,0.19899891,-0.62710476,0.38531116,0.96957797,0.07692307692307693,0.7692307692307693,-0.3600701462477446,-0.32779314192011955,-0.267034612968564,-0.43556715299685794,0.2872019256824548,1.6
2020-03-17,8,0.17775322,0.4292438,0.39300296,-0.2514906,0.58932996,0.9450141,0.125,0.375,-0.40510544925928116,-0.3382654166780412,0.1536148563027382,-0.319557083149751,0.23462485914185868,-0.3846153846153846
2020-03-18,7,0.045396097,0.5496692,0.4049347,-0.50427306,0.39657542,0.93663645,0.0,0.5714285714285714,-0.41249302178621294,-0.3535290098749101,-0.09178003519773481,-0.4609561363855998,0.23763632414785138,-0.125
2020-03-19,9,0.23834907,0.3676532,0.39399773,-0.12930413,0.62029886,0.96496314,0.2222222222222222,0.3333333333333333,-0.31844968646764754,-0.36206454066559673,0.18914556056261062,-0.2950225919485092,0.2381595608102288,0.2857142857142858
2020-03-20,6,0.20296614,0.28337488,0.513659,-0.08040875,0.49071592,0.86776483,0.16666666666666666,0.3333333333333333,-0.31851625740528106,-0.34411971298977734,0.23810750544071196,-0.23799531161785126,0.23807630425377377,-0.33333333333333337
2020-03-23,9,0.18761793,0.19199811,0.620384,-0.0043801963,0.37653908,0.608404,0.1111111111111111,0.2222222222222222,-0.19397134482860565,-0.3105215328745544,0.18959114849567413,-0.07136435806751251,0.1953322373297349,0.5
2020-03-24,5,0.11582649,0.26826048,0.61591303,-0.15243399,0.47095528,0.95141697,0.0,0.2,-0.17416002452373505,-0.30864367140457033,0.02172603309154511,-0.07907431324323018,0.19304997897035894,-0.4444444444444444
2020-03-25,5,0.23862982,0.05795852,0.7034117,0.1806713,0.32277364,0.110366836,0.2,0.0,-0.03717115223407745,-0.2823075289838016,0.21784245669841767,0.007952372233072916,0.13432616991601978,0.0
2020-03-26,8,0.12891921,0.3076214,0.5634594,-0.17870218,0.4539586,0.92089486,0.0,0.375,-0.047050762176513675,-0.2710044021718204,-0.13165141344070436,-0.05015495419502258,0.14424683010085665,0.6000000000000001
2020-03-27,3,0.13593878,0.35938224,0.50467896,-0.22344346,0.4222547,0.7284993,0.0,0.3333333333333333,-0.0756577044725418,-0.2591441276483238,-0.14778575897216797,-0.07382477819919586,0.16518053442894784,-0.625
2020-03-30,3,0.28332716,0.36334637,0.35332644,-0.08001921,0.83153695,0.9305399,0.3333333333333333,0.3333333333333333,-0.09078550785779953,-0.24003619169816376,0.010766294598579404,-0.16072161744038263,0.1604156501349855,0.0
2020-03-31,3,0.021692472,0.855846,0.12246153,-0.8341535,0.14037003,0.94899833,0.0,1.0,-0.2271294042468071,-0.2666331148706377,-0.6070240691304207,-0.3792053833603859,0.37375788602172333,0.0
2020-04-01,9,0.053814515,0.5422768,0.40390867,-0.4884623,0.43869603,0.962769,0.0,0.5555555555555556,-0.3609561249613762,-0.2842352516017854,-0.12750617414712906,-0.4675449952483177,0.3046413208508964,2.0
2020-04-02,7,0.15299071,0.3321898,0.5148195,-0.1791991,0.5768499,0.9695589,0.14285714285714285,0.2857142857142857,-0.3610555097460747,-0.27635070448741317,0.18185641020536425,-0.5006049573421478,0.3045670707457816,-0.2222222222222222
2020-04-03,5,0.0733053,0.40241343,0.52428126,-0.32910812,0.44302222,0.8953559,0.0,0.4,-0.3821884408593178,-0.26738759046420457,0.05308032184839251,-0.3322565058867137,0.29618193687791533,-0.2857142857142857
2020-04-06,8,0.32904023,0.41481385,0.25614592,-0.085773595,0.7343253,0.8856451,0.375,0.375,-0.38333931714296343,-0.25704157901927827,0.29756572246551516,-0.19802693774302801,0.2947218414363339,0.6000000000000001
2020-04-07,2,0.07570902,0.4293644,0.49492657,-0.3536554,0.6231813,0.8252519,0.0,0.5,-0.28723970204591753,-0.2734086450189352,-0.06641569584608076,-0.2561790371934573,0.15725449657353063,-0.75
2020-04-08,7,0.21127507,0.58968717,0.19903776,-0.37841207,0.6206238,0.9531371,0.2857142857142857,0.5714285714285714,-0.2652296558022499,-0.2689624886959791,-0.11318241208791735,-0.27261368681987125,0.12680256584269248,2.5
2020-04-09,7,0.28452796,0.43078455,0.28468746,-0.14625661,0.69019324,0.8896791,0.2857142857142857,0.42857142857142855,-0.25864115804433824,-0.24629927910864352,0.1123845472931862,-0.2927746921777725,0.13309005423179832,0.0
2020-04-13,8,0.064840175,0.42656058,0.5085993,-0.3617204,0.461836,0.94556636,0.0,0.5,-0.26516361683607104,-0.2603815048933029,-0.0965567961335182,-0.2954630305369695,0.13811125769313773,0.1428571428571428
2020-04-14,6,0.09756768,0.3117583,0.590674,-0.21419066,0.43555278,0.9571337,0.0,0.3333333333333333,-0.2908470302820206,-0.23973580002784728,0.07665636837482454,-0.2407225618759791,0.10418511345107476,-0.25
2020-04-15,4,0.05637645,0.4106104,0.5330131,-0.35423395,0.4812959,0.96119386,0.0,0.5,-0.29096274077892303,-0.24487296789884566,-0.06327120959758759,-0.31004834175109863,0.10427259360912264,-0.33333333333333337
2020-04-16,6,0.04190384,0.6461475,0.3119487,-0.60424364,0.35567287,0.9664555,0.0,0.6666666666666666,-0.3361290544271469,-0.24987149685621263,-0.2681145817041397,-0.3908894161383311,0.17591805638536195,0.5
2020-04-17,5,0.13639857,0.62801266,0.23558879,-0.49161404,0.5831961,0.9727209,0.2,0.6,-0.4052005410194397,-0.26798699274659155,-0.08641350269317627,-0.48336387674013775,0.1483731242298246,-0.16666666666666663
2020-04-20,7,0.27356812,0.36716637,0.35926548,-0.09359826,0.684465,0.9605135,0.2857142857142857,0.42857142857142855,-0.35157611072063444,-0.2686464682221413,0.2579778492450714,-0.3964853137731552,0.20547864696375845,0.3999999999999999
2020-04-21,6,0.13708384,0.34202135,0.5208948,-0.2049375,0.53446066,0.9101193,0.16666666666666666,0.3333333333333333,-0.349725478887558,-0.27867433354258536,0.14478797614574435,-0.26338326930999756,0.2070609167887653,-0.1428571428571429
2020-04-22,3,0.08052975,0.043824375,0.8756459,0.03670538,0.06120246,0.0691935,0.0,0.0,-0.2715376131236553,-0.26921736504882576,0.308242991566658,-0.08727679525812466,0.2693690138379463,-0.5
2020-04-23,3,0.03400356,0.674851,0.29114538,-0.6408475,0.4183253,0.9521487,0.0,0.6666666666666666,-0.2788583867251873,-0.3102933054789901,-0.3619891174137592,-0.2696932094792525,0.2809213376061252,0.0
2020-04-24,4,0.18515141,0.33016163,0.4846869,-0.14501025,0.4987841,0.8932929,0.25,0.25,-0.20953762754797936,-0.308608709089458,0.06452737972140313,-0.24971745784084,0.2570460601388423,0.33333333333333326
2020-04-27,6,0.13557923,0.388626,0.4757947,-0.2530468,0.47895354,0.9417422,0.16666666666666666,0.3333333333333333,-0.24142733737826347,-0.3100888764485717,-0.011619473248720175,-0.3463015208641688,0.24882576864808198,0.5
2020-04-28,2,0.0839459,0.18185273,0.7342014,-0.09790683,0.1669682,0.29423198,0.0,0.0,-0.22002120241522788,-0.3109832571819425,0.12211437448859214,-0.16532129546006522,0.2572122509253865,-0.6666666666666667
2020-04-29,6,0.17217006,0.33477572,0.49305424,-0.16260566,0.58464843,0.97270525,0.16666666666666666,0.3333333333333333,-0.2598834097385406,-0.27740586642175913,0.09727775156497953,-0.1711864322423935,0.2202700601774963,2.0
2020-04-30,3,0.10611414,0.7155773,0.17830855,-0.60946316,0.28453428,0.9417013,0.0,1.0,-0.2536065399646759,-0.283455909229815,-0.3558566153049469,-0.28999188045660657,0.20673108101762053,-0.5
2020-05-01,4,0.41988516,0.26937956,0.3107353,0.1505056,0.81870085,0.96630824,0.5,0.25,-0.1945033699274063,-0.2669706741347909,0.34500897228717803,-0.20718773702780405,0.27613334858383864,0.33333333333333326
2020-05-04,7,0.08590201,0.48460513,0.42949286,-0.39870313,0.5285643,0.92415535,0.0,0.5714285714285714,-0.22363463342189788,-0.2704504245892167,-0.17506849467754365,-0.2858868936697642,0.2911295068458109,0.75
2020-05-05,3,0.21822794,0.35238746,0.42938462,-0.13415952,0.7141236,0.9451173,0.3333333333333333,0.3333333333333333,-0.23088517189025878,-0.2728697208687663,0.09672565162181854,-0.12745234866937002,0.2876460595436273,-0.5714285714285714
2020-05-06,3,0.020797737,0.77433515,0.20486712,-0.7535374,0.2769286,0.96875036,0.0,0.6666666666666666,-0.3490715235471725,-0.2928638217970729,-0.40446589291095736,-0.42880002160867053,0.3638764317912369,0.0
2020-05-07,7,0.14314641,0.55079204,0.30606148,-0.40764564,0.65039855,0.97156996,0.14285714285714285,0.5714285714285714,-0.30870802104473116,-0.2943255005404353,-0.09893762171268461,-0.4317808598279953,0.33804781257661737,1.3333333333333335
2020-05-08,2,0.0993403,0.3184586,0.5822011,-0.2191183,0.4800306,0.60171914,0.0,0.5,-0.38263280093669894,-0.2979685848578811,0.1635145038366318,-0.4601004521052043,0.23818590200574036,-0.7142857142857143
2020-05-11,4,0.037741102,0.29559582,0.66666305,-0.25785473,0.44913596,0.94661534,0.0,0.25,-0.35446312129497526,-0.29277530070394275,0.0966083914041519,-0.2948728899161021,0.24406646277211963,1.0
2020-05-12,4,0.035523463,0.47093946,0.49353707,-0.43541598,0.54325706,0.92645717,0.0,0.5,-0.41471441388130187,-0.3038365667685866,-0.020701569318771373,-0.3041296700636546,0.21103456525776138,0.0
2020-05-13,3,0.042082,0.7579551,0.19996297,-0.715873,0.129872,0.8998371,0.0,1.0,-0.4071815311908722,-0.32191851940006017,-0.30869147181510925,-0.46971457203229267,0.1960574520736083,-0.25
2020-05-14,3,0.17738347,0.77837306,0.04424345,-0.60098964,0.55102324,0.9447389,0.3333333333333333,0.6666666666666666,-0.44585033059120177,-0.32175581958144905,-0.15513930916786195,-0.5840928753217062,0.214382301838503,0.0
2020-05-15,9,0.07890421,0.45322418,0.46787155,-0.37431997,0.4233746,0.95816934,0.0,0.4444444444444444,-0.4768906652927399,-0.3158911159262061,0.10257069468498231,-0.5637275377909342,0.1821611586361913,2.0
2020-05-18,8,0.26267806,0.35693416,0.3803878,-0.094256066,0.65374655,0.95038074,0.25,0.375,-0.44417093247175216,-0.3159240061417222,0.3499148666858673,-0.35652189205090207,0.23759752840976336,-0.11111111111111116
2020-05-19,2,0.121263266,0.43652874,0.442208,-0.31526548,0.29708827,0.6139812,0.0,0.5,-0.42014083117246626,-0.32144040483981373,0.10487535446882246,-0.26128050436576206,0.24467482531590656,-0.75
2020-05-20,2,0.3768511,0.46258464,0.16056418,-0.08573353,1.1234508,0.8985154,0.5,0.5,-0.29411293715238573,-0.3275623504072428,0.20837940424680712,-0.16508502513170242,0.214719965242281,0.0
2020-05-21,3,0.06820468,0.84713393,0.084661394,-0.7789293,0.25764406,0.9514436,0.0,1.0,-0.329700867831707,-0.33446643985807895,-0.4492284253239632,-0.3933094342549642,0.2823826031689809,0.5
2020-05-22,5,0.11194241,0.5335498,0.3545078,-0.4216074,0.47382662,0.93822837,0.2,0.4,-0.33915835469961164,-0.3482962977141142,-0.08244905024766924,-0.4287567436695099,0.2850300270290458,0.6666666666666667
2020-05-26,8,0.3073903,0.46694827,0.22566144,-0.15955797,0.7721702,0.9351581,0.375,0.5,-0.3522187352180481,-0.34362185560166836,0.19266076683998107,-0.45336488882700604,0.272210747945387,0.6000000000000001
2020-05-27,4,0.2628034,0.27110577,0.4660908,-0.008302371,0.7039903,0.932142,0.25,0.25,-0.2908261140808463,-0.33914163275621834,0.28252374306321143,-0.19648924811432758,0.3140312157204546,-0.5
2020-05-28,6,0.04469885,0.4298505,0.52545065,-0.38515162,0.3798412,0.95060176,0.0,0.3333333333333333,-0.3507097324356437,-0.3502689310815185,-0.034441892243921746,-0.18433732135842243,0.2929874204414445,0.5
2020-05-29,6,0.28700644,0.35863176,0.3543618,-0.07162533,0.6733237,0.962218,0.3333333333333333,0.3333333333333333,-0.20924893971532582,-0.32337703979574145,0.13762361016124486,-0.1550264417504271,0.18562519125305244,0.0
2020-06-01,5,0.03422183,0.50277966,0.46299848,-0.4685579,0.44584274,0.96345466,0.0,0.6,-0.21863903757184744,-0.35433021462522446,-0.24991885665804148,-0.3084449494878451,0.1997066554711674,-0.16666666666666663
2020-06-02,3,0.09086803,0.7295222,0.17960978,-0.6386542,0.25931457,0.8236639,0.0,1.0,-0.31445827838033436,-0.3663277668412775,-0.32419589404016735,-0.3929457987348239,0.26765019109707233,-0.4
2020-06-03,2,0.46177933,0.45384517,0.08437542,0.007934153,1.2417941,0.88928294,0.5,0.5,-0.31121097356081007,-0.35922308317385615,0.31914512664079664,-0.3664259711901347,0.27235051610198147,-0.33333333333333337
2020-06-04,3,0.113158375,0.44516408,0.44167754,-0.3320057,0.55435157,0.924621,0.0,0.3333333333333333,-0.30058179050683975,-0.33814649782143535,-0.03142391890287399,-0.3209085762500763,0.2697681958521282,0.5
2020-06-05,9,0.25520566,0.4139256,0.33086872,-0.15871994,0.6858914,0.9560779,0.2222222222222222,0.4444444444444444,-0.3180007129907608,-0.32570021278224887,0.1592807710170746,-0.16093049943447113,0.25361690929824443,2.0
2020-06-08,10,0.31866637,0.4521578,0.22917585,-0.13349143,0.7903255,0.97035146,0.4,0.4,-0.25098741948604586,-0.3214188692625612,0.11749599277973177,-0.208072359363238,0.24809698259891966,0.11111111111111116
2020-06-09,2,0.38318694,0.40285954,0.21395352,-0.019672602,1.0020713,0.7645478,0.5,0.5,-0.12719110548496246,-0.3095097628887743,0.10751850306987762,-0.10396132369836171,0.13490908750275857,-0.8
2020-06-10,7,0.11576754,0.32921404,0.5550184,-0.21344651,0.4019905,0.8881722,0.14285714285714285,0.2857142857142857,-0.17146723866462707,-0.2984112893696874,-0.04197927415370942,-0.1222035139799118,0.11421594405838541,2.5
2020-06-11,3,0.1880089,0.37164342,0.44034767,-0.1836345,0.70518315,0.95603555,0.0,0.3333333333333333,-0.14179299771785736,-0.27179936445318165,-0.04184150695800781,-0.1389178733030955,0.07442070680055267,-0.5714285714285714
2020-06-12,5,0.0651029,0.65340364,0.28149346,-0.58830076,0.40997604,0.9332075,0.0,0.8,-0.22770916223526,-0.2711649206932634,-0.36059160232543946,-0.32846059401830036,0.21466747202651032,0.6666666666666667
2020-06-15,5,0.048950665,0.40995914,0.5410902,-0.36100847,0.33439976,0.9034347,0.0,0.2,-0.2732125699520111,-0.270499345427379,-0.08779589533805848,-0.37764791150887805,0.2138149995454725,0.0
2020-06-16,1,0.05519667,0.926425,0.018378261,-0.87122834,0.0,0.926425,0.0,1.0,-0.4435237169265747,-0.3093479590024799,-0.4277046203613281,-0.6068458557128906,0.28774047553623505,-0.8
2020-06-17,7,0.14020035,0.64817184,0.21162783,-0.50797147,0.5957772,0.9669814,0.14285714285714285,0.7142857142857143,-0.5024287074804306,-0.3189832584466785,-0.005542758107185408,-0.5800694227218628,0.25741373697985626,6.0
2020-06-18,3,0.021324864,0.43717813,0.54149705,-0.41585326,0.47500744,0.951618,0.0,0.3333333333333333,-0.548872458934784,-0.3354892448987812,0.13301919698715214,-0.5983510216077169,0.20007984763924502,-0.5714285714285714
2020-06-19,4,0.19655098,0.49143115,0.31201792,-0.29488015,0.7348709,0.93784446,0.25,0.5,-0.49018833637237547,-0.31128678782843056,0.19530818462371824,-0.4062349597613017,0.2268623764234476,0.33333333333333326
2020-06-22,5,0.29019552,0.18240431,0.52740014,0.10779121,0.40888748,0.4012866,0.4,0.0,-0.39642840176820754,-0.284816857194528,0.5042196094989777,-0.20098073532183966,0.35454323457585935,0.25
2020-06-23,5,0.1264095,0.18339512,0.6901954,-0.056985624,0.14257663,0.45892453,0.0,0.2,-0.2335798591375351,-0.27968823998235165,0.17659423500299454,-0.08135818938414256,0.2549469562808769,0.0
2020-06-24,2,0.1335345,0.16862768,0.6978378,-0.03509318,0.29389143,0.27445626,0.0,0.0,-0.1390042021870613,-0.2810277804732323,0.10391102135181426,0.005237467586994171,0.2117635682799833,-0.6
2020-06-25,6,0.041081935,0.6042996,0.35461846,-0.5632177,0.42747813,0.9600838,0.0,0.5,-0.16847708970308303,-0.289931084215641,-0.3947406098246574,-0.21843216816584268,0.26379142771597164,2.0
2020-06-26,5,0.03887325,0.544253,0.41687378,-0.5053797,0.33986327,0.923686,0.0,0.4,-0.21057699471712113,-0.31161880157887933,-0.29480268210172655,-0.36789685239394504,0.3029056282266664,-0.16666666666666663
2020-06-29,4,0.0610671,0.6029548,0.3359781,-0.5418877,0.37266234,0.9594848,0.0,0.75,-0.3405127763748169,-0.3152852918952703,-0.20137492418289182,-0.536828358968099,0.2697217145250226,-0.19999999999999996
2020-06-30,4,0.24364701,0.045316476,0.7110365,0.19833054,0.41273865,0.06834425,0.25,0.0,-0.28944954425096514,-0.27343605645000935,0.48778008073568346,-0.28297894696394604,0.3492586486139453,0.0
2020-07-01,6,0.22054045,0.38408765,0.3953719,-0.1635472,0.58219737,0.9214835,0.16666666666666666,0.5,-0.31514034867286683,-0.28201012425124644,0.15159314572811128,-0.16903478900591531,0.33006838961935286,0.5
2020-07-02,3,0.09724826,0.8152184,0.08753339,-0.7179701,0.32442626,0.937324,0.0,1.0,-0.34609082341194153,-0.30130834244191645,-0.3718792498111725,-0.22772891322771707,0.3645957771439616,-0.5
2020-07-06,4,0.13552982,0.32687327,0.53759694,-0.19134349,0.5092466,0.84937584,0.0,0.25,-0.2832835853099823,-0.3029395196586847,0.09194009900093081,-0.3576202541589737,0.3572710373706511,0.33333333333333326
2020-07-07,3,0.051432192,0.2020951,0.7464728,-0.15066291,0.30422816,0.52942824,0.0,0.3333333333333333,-0.2050386279821396,-0.3037980940192938,0.054375714063644415,-0.3533254911502202,0.3281277052828267,-0.25
2020-07-08,4,0.026490211,0.66746396,0.30604583,-0.64097375,0.36964303,0.89335454,0.0,0.75,-0.3728994846343994,-0.3348631512373686,-0.2680742621421814,-0.32766004900137585,0.2815659660151483,0.33333333333333326
2020-07-09,8,0.20621917,0.39894268,0.39483815,-0.19272351,0.5844242,0.96682733,0.25,0.375,-0.37873474657535555,-0.33382700122892855,0.18601123392581942,-0.32812005778153736,0.276397505639345,1.0
2020-07-10,8,0.14008716,0.34000045,0.51991236,-0.19991331,0.49560502,0.9548457,0.125,0.375,-0.275123393535614,-0.33464094139635564,0.07521008551120756,-0.3445368558168411,0.20542776232814566,0.0
2020-07-13,4,0.25719014,0.18359554,0.55921435,0.073594615,0.55861604,0.4858869,0.25,0.25,-0.22213577330112458,-0.30154617242515086,0.29573038816452024,-0.10634740193684895,0.2594942191923089,-0.5
2020-07-14,5,0.0485609,0.7359145,0.21552458,-0.6873536,0.4874388,0.97654915,0.0,0.8,-0.32947391271591187,-0.317863429710269,-0.3578796982765198,-0.2712241013844808,0.3252156535245533,0.25
2020-07-15,4,0.01771922,0.7254962,0.25678456,-0.70777696,0.45608932,0.9519603,0.0,0.75,-0.3428345561027527,-0.3096908610314131,-0.3649424076080322,-0.4405119866132736,0.34214375743364905,-0.19999999999999996
2020-07-16,6,0.2193837,0.610189,0.17042734,-0.39080533,0.61283976,0.96371466,0.16666666666666666,0.6666666666666666,-0.38245092034339906,-0.30383255444467067,-0.008354413509368885,-0.5953119695186615,0.331726540834598,0.5
2020-07-17,6,0.20982005,0.303801,0.48637894,-0.093980946,0.5556734,0.7338435,0.16666666666666666,0.3333333333333333,-0.3612644478678703,-0.28773893862962724,0.26728350222110747,-0.39752108107010525,0.3492207771907802,0.0
2020-07-20,5,0.16122785,0.3946027,0.44416946,-0.23337483,0.64933777,0.9523554,0.0,0.4,-0.42265833765268324,-0.2846636727452278,0.1892835035920143,-0.2393870378533999,0.2721341145706569,-0.16666666666666663
2020-07-21,4,0.122969076,0.54171354,0.33531737,-0.4187445,0.44525534,0.8806177,0.0,0.75,-0.36893651634454727,-0.3109904583543539,-0.04980798810720444,-0.24870009471972784,0.2300812167427111,-0.19999999999999996
2020-07-22,8,0.21635757,0.3890604,0.394582,-0.17270282,0.62768996,0.9565762,0.125,0.375,-0.26192168742418287,-0.31677631810307505,0.08921886831521986,-0.27494071920712787,0.139806484386764,1.0
2020-07-23,10,0.15028372,0.6550567,0.19465959,-0.504773,0.40997753,0.974243,0.1,0.7,-0.28471522480249406,-0.34026031009852886,-0.22005779594182967,-0.3654067814350128,0.1717203113742702,0.25
2020-07-24,6,0.07494668,0.25135615,0.6736972,-0.17640948,0.39156437,0.9679424,0.0,0.16666666666666666,-0.301200932264328,-0.32091989926993847,0.12479144930839536,-0.28462844093640643,0.15161063375733008,-0.4
2020-07-27,4,0.26142478,0.29299617,0.44557908,-0.03157139,0.74569625,0.97027963,0.25,0.25,-0.26084024310112,-0.2972294848412275,0.22926885485649107,-0.23758463064829508,0.19487041998164445,-0.33333333333333337
2020-07-28,7,0.115538694,0.63959795,0.24486339,-0.52405924,0.5410539,0.9569602,0.14285714285714285,0.7142857142857143,-0.2819031894207001,-0.2963380616158247,-0.24215604662895202,-0.24401336908340454,0.22024427705001398,0.75
2020-07-29,6,0.054050285,0.6784465,0.2675033,-0.62439615,0.36987272,0.95137197,0.0,0.8333333333333334,-0.3722418546676636,-0.33747439570724963,-0.25215429067611694,-0.3933422565460205,0.2542643791808181,-0.1428571428571429
2020-07-30,4,0.109798566,0.64740396,0.24279751,-0.5376054,0.4592893,0.9701769,0.0,0.75,-0.378808331489563,-0.3561773058027029,-0.1587970733642578,-0.5620202620824178,0.258923974720426,-0.33333333333333337
2020-07-31,5,0.36922592,0.22444968,0.40632445,0.14477621,0.7188125,0.95195043,0.4,0.2,-0.3145711928606033,-0.31303999163210394,0.45934740304946897,-0.33907511333624524,0.3466662397900843,0.25
2020-08-03,6,0.110837795,0.55722827,0.33193395,-0.4463905,0.53488505,0.9574286,0.0,0.6666666666666666,-0.39753501713275907,-0.3257923427969217,-0.04885549247264864,-0.2797399014234543,0.30967014281565264,0.19999999999999996
2020-08-04,4,0.028118992,0.39455956,0.5773214,-0.3664406,0.30937773,0.67502266,0.0,0.5,-0.3660112887620926,-0.33658122681081293,-0.00042930543422697864,-0.22268496453762054,0.30148472072360033,-0.33333333333333337
2020-08-05,2,0.7717396,0.14790657,0.08035382,0.62383306,0.40007254,0.27538186,1.0,0.0,-0.116365447640419,-0.27334088645875454,0.7401985079050064,-0.0629993478457133,0.49116850941446805,-0.5
2020-08-06,9,0.21439174,0.53030723,0.255301,-0.31591552,0.67486775,0.97427124,0.2222222222222222,0.4444444444444444,-0.07202747166156769,-0.27950048707425595,-0.2438880532979965,-0.019507686297098797,0.45208789792393905,3.5
2020-08-07,9,0.31024182,0.46022823,0.22952993,-0.1499864,0.8195274,0.97147435,0.3333333333333333,0.4444444444444444,-0.1309799939393997,-0.2770041417330503,-0.01900640726089478,0.0526437113682429,0.43566920611097615,0.0
2020-08-10,10,0.15487354,0.46884274,0.37628374,-0.31396922,0.5733367,0.97573984,0.1,0.5,-0.10449573695659638,-0.2963823337107897,-0.20947348773479463,-0.2599570502837499,0.4152483637693005,0.11111111111111116
2020-08-11,1,0.029715888,0.67030627,0.29997784,-0.64059037,0.0,0.67030627,0.0,1.0,-0.15932569205760955,-0.29404417164623736,-0.48126467764377595,-0.3681819985310237,0.4726191758683362,-0.9
2020-08-12,2,0.06808123,0.48909685,0.44282192,-0.4210156,0.75963974,0.9695836,0.0,0.5,-0.3682954221963882,-0.2797061029821634,-0.05272016823291781,-0.45852506160736084,0.18047006164002685,1.0
2020-08-13,6,0.02675502,0.6525939,0.32065108,-0.62583894,0.38355148,0.95305985,0.0,0.6666666666666666,-0.4302801042795181,-0.29145778305828574,-0.1955588310956955,-0.5624816318353018,0.20895709851225364,2.0
2020-08-14,2,0.026116177,0.94422704,0.029656798,-0.91811085,0.020687655,0.94693047,0.0,1.0,-0.5839049935340881,-0.3326642781496048,-0.33420585393905644,-0.6549884577592214,0.2324131650214906,-0.6666666666666667
2020-08-17,3,0.039893538,0.6288813,0.33122525,-0.58898777,0.15956816,0.718007,0.0,1.0,-0.6389087021350861,-0.3504449248313904,0.04992093443870549,-0.710979183514913,0.17895320100126458,0.5
2020-08-18,1,0.0876937,0.8305815,0.08172482,-0.7428878,0.0,0.8305815,0.0,1.0,-0.6593681871891022,-0.3666520893573761,-0.08351960778236389,-0.7499954700469971,0.1849411147448638,-0.6666666666666667
2020-08-19,4,0.39636108,0.29555863,0.30808026,0.100802466,0.7381525,0.8410924,0.5,0.25,-0.5550045758485794,-0.35297682508826256,0.6558070421218872,-0.4103576987981796,0.3883946153190857,3.0
2020-08-20,3,0.047909677,0.537257,0.4148334,-0.4893473,0.47565928,0.9484711,0.0,0.6666666666666666,-0.5277062505483627,-0.35220553949475286,0.03835894167423248,-0.3771442125240962,0.3869654009829127,-0.25
2020-08-21,5,0.08001322,0.48464173,0.435345,-0.40462857,0.4003084,0.9199965,0.0,0.6,-0.42500979602336886,-0.363616494089365,0.02038122117519381,-0.26439113914966583,0.31975320261382995,0.6666666666666667
2020-08-24,3,0.31136093,0.037259117,0.6513799,0.27410182,0.34115458,0.057772733,0.3333333333333333,0.0,-0.2523918777704239,-0.34833283349871635,0.526493701338768,-0.20662468671798706,0.42480936762018756,-0.4
2020-08-25,2,0.052270193,0.488479,0.4592508,-0.43620878,0.68642783,0.9441029,0.0,0.5,-0.1910560756921768,-0.3439403109252453,-0.2451527088880539,-0.18891184528668722,0.3522229416955895,-0.33333333333333337
2020-08-26,3,0.0304109,0.5368305,0.43275854,-0.5064196,0.4907133,0.95578176,0.0,0.6666666666666666,-0.31250048875808717,-0.33804148361086844,-0.19391911029815673,-0.22284218668937683,0.3304440265205824,0.5
2020-08-27,6,0.09189695,0.50203604,0.406067,-0.41013908,0.3564239,0.96233404,0.0,0.6666666666666666,-0.29665884375572205,-0.33166816756129264,-0.11348024010658264,-0.45092248916625977,0.3216273960421461,1.0
2020-08-28,2,0.066513404,0.2219945,0.71149206,-0.1554811,0.02823508,0.27295262,0.0,0.0,-0.24682934880256652,-0.3466810330748558,0.09134824872016906,-0.3573465943336487,0.320013877503573,-0.6666666666666667
2020-08-31,5,0.20264252,0.38577032,0.41158718,-0.1831278,0.6331282,0.9063837,0.2,0.4,-0.33827527463436124,-0.3335178978741169,0.15514746904373167,-0.2495826631784439,0.15851840641008214,1.5
2020-09-01,4,0.34884512,0.54478467,0.10637021,-0.19593953,0.6449125,0.9472424,0.25,0.75,-0.2902214229106903,-0.32499284446239474,0.09428189694881439,-0.17818281054496765,0.15782503788658203,-0.19999999999999996
2020-09-02,3,0.27788913,0.37385294,0.34825793,-0.0959638,0.81325024,0.9603842,0.3333333333333333,0.3333333333333333,-0.20813026279211044,-0.3609826873987913,0.11216646432876587,-0.15834371000528336,0.1193048100191215,-0.25
2020-09-03,4,0.024996523,0.9105076,0.06449583,-0.8855111,0.13189662,0.97035617,0.0,1.0,-0.30320466607809066,-0.3894624661654234,-0.5823064342141151,-0.39247147490580875,0.3277865445667461,0.33333333333333326
2020-09-04,5,0.034070056,0.59754413,0.3683858,-0.56347406,0.48411843,0.95200336,0.0,0.6,-0.38480325788259506,-0.4101368490606546,-0.17867080122232437,-0.5149829859534899,0.3325666584572592,0.25
2020-09-08,7,0.14411242,0.28505912,0.5708285,-0.1409467,0.49975663,0.9393153,0.14285714285714285,0.2857142857142857,-0.37636703699827195,-0.40148572288453577,0.23542033582925798,-0.5299772868553797,0.3394258064550701,0.3999999999999999
2020-09-09,2,0.4454395,0.4983994,0.056161128,-0.05295992,1.2324516,0.9434206,0.5,0.5,-0.3477711156010628,-0.37210420034825803,0.2948111966252327,-0.25246022641658783,0.36358938240710315,-0.7142857142857143
2020-09-10,4,0.05452387,0.78606606,0.15941009,-0.73154217,0.28916347,0.96398455,0.0,0.75,-0.47488678991794586,-0.38763052932918074,-0.25665538012981415,-0.30848293006420135,0.36464718563927306,1.0
2020-09-11,5,0.08512137,0.3660983,0.5487803,-0.28097695,0.48808193,0.9110806,0.0,0.4,-0.3539799600839615,-0.37038743011653424,0.07300300896167755,-0.3551596800486247,0.28625455183606796,0.25
2020-09-14,3,0.031652927,0.41629234,0.5520547,-0.3846394,0.43953875,0.87289625,0.0,0.3333333333333333,-0.3182130306959152,-0.3437138583511114,-0.06642638146877289,-0.46571951111157733,0.26382879490093214,-0.4
2020-09-15,8,0.15533166,0.36386594,0.48080242,-0.20853432,0.50380844,0.8880672,0.125,0.375,-0.3317305535078049,-0.3246911857277155,0.12319623827934267,-0.2913835595051448,0.2540250893136902,1.6666666666666665
2020-09-16,7,0.0417593,0.39434668,0.563894,-0.3525874,0.41511267,0.9601064,0.0,0.42857142857142855,-0.39165605008602145,-0.3051761660724878,0.039068648219108604,-0.31525370975335437,0.20179296305167524,-0.125
2020-09-17,5,0.35657138,0.5733715,0.07005714,-0.21680012,0.9223299,0.9713467,0.4,0.6,-0.2887076407670975,-0.3210562955588102,0.07190751731395723,-0.25930728018283844,0.07896477913952134,-0.2857142857142857
2020-09-18,1,0.03716121,0.33326444,0.6295743,-0.29610324,0.0,0.33326444,0.0,0.0,-0.2917328983545303,-0.3113940920680761,-0.00437034070491793,-0.2884969214598338,0.07888427563934929,-0.8
2020-09-21,3,0.06352977,0.33751985,0.5989504,-0.2739901,0.52731514,0.8948553,0.0,0.3333333333333333,-0.2696030348539352,-0.304862168058753,-0.004387059807777427,-0.2622978190581004,0.05942526452261124,2.0
2020-09-22,3,0.3116868,0.034535076,0.65377814,0.27715173,0.4827399,0.05093945,0.3333333333333333,0.0,-0.17246582508087158,-0.30470967255532744,0.4496175587177277,-0.09764720002810161,0.2560071527284796,0.0
2020-09-23,1,0.053737137,0.11850488,0.827758,-0.06476775,0.0,0.11850488,0.0,0.0,-0.11490189433097839,-0.28613762073218824,0.05013414621353149,-0.020535369714101154,0.23703676494027767,-0.6666666666666667
2020-09-24,3,0.04906783,0.6467705,0.3041617,-0.5977027,0.4496757,0.9599745,0.0,0.6666666666666666,-0.19108240604400634,-0.29070177488029003,-0.4066202759742737,-0.12843956549962363,0.3234353534334034,2.0
2020-09-25,1,0.048888218,0.05438357,0.8967282,-0.005495351,0.0,0.05438357,0.0,0.0,-0.13296082839369774,-0.27046958822757006,0.12746547758579255,-0.22265526031454405,0.325946430477275,-0.6666666666666667
2020-09-28,4,0.23681292,0.20248792,0.5606992,0.03432502,0.5772977,0.6396437,0.25,0.25,-0.07129780575633049,-0.260979282297194,0.10562282428145409,-0.18962433810035387,0.32173279324420695,3.0
2020-09-29,2,0.17243391,0.42607656,0.40148962,-0.25364262,0.75147206,0.8214799,0.0,0.5,-0.17745667621493338,-0.26450502295047046,-0.07618594244122506,-0.07493765031298001,0.25958234791574136,-0.5
2020-09-30,1,0.062539406,0.10354652,0.8339141,-0.041007116,0.0,0.10354652,0.0,0.0,-0.17270454987883568,-0.25675840247422455,0.13169743344187737,-0.08677490552266438,0.2623636577929894,-0.5
2020-10-01,7,0.029485716,0.7728582,0.19765611,-0.7433725,0.34809053,0.96930456,0.0,0.8571428571428571,-0.20183851346373557,-0.2891288375481963,-0.5415339864790439,-0.3460074116786321,0.3225419792288298,6.0
2020-10-02,5,0.034447584,0.8265219,0.13903055,-0.7920743,0.22509244,0.96868694,0.0,0.8,-0.35915430784225466,-0.28445699866861107,-0.4329200148582458,-0.5254846463600794,0.3880140753369542,-0.2857142857142857
2020-10-05,4,0.033304058,0.74974275,0.21695322,-0.7164387,0.21992669,0.9688729,0.0,0.75,-0.5093070536851882,-0.2921052312478423,-0.20713165700435643,-0.7506285111109415,0.33996934400653034,-0.19999999999999996
2020-10-06,3,0.23260577,0.07355655,0.6938377,0.15904923,0.23090102,0.18069865,0.3333333333333333,0.0,-0.42676868438720705,-0.2771054347977042,0.5858179122209549,-0.44982126851876575,0.44988596419875637,-0.25
2020-10-07,5,0.07399733,0.46111146,0.4648912,-0.3871141,0.30910915,0.7301746,0.0,0.6,-0.4959900826215744,-0.29381314422935245,0.10887597501277924,-0.314834530154864,0.3994971875422326,0.6666666666666667
2020-10-08,3,0.46210483,0.20203823,0.33585694,0.2600666,0.39087197,0.46470395,0.6666666666666666,0.0,-0.2953022629022598,-0.2442327057942748,0.5553688615560531,0.010667239626248678,0.486682044922451,-0.4
2020-10-09,3,0.24454969,0.60034233,0.15510792,-0.35579267,0.9122131,0.9020726,0.3333333333333333,0.6666666666666666,-0.2080459326505661,-0.2479734918102622,-0.14774673879146577,-0.16094672679901123,0.4081194450414464,0.0
2020-10-12,3,0.1652645,0.030461809,0.80427366,0.1348027,0.14759861,0.05498434,0.0,0.0,-0.037797650694847106,-0.2220013862475753,0.1726003497838974,0.01302554210027059,0.3083851105610157,0.0
2020-10-13,2,0.09797874,0.020450067,0.8815712,0.07752868,0.036367875,0.02283898,0.0,0.0,-0.05410176068544388,-0.20769823659211398,0.13163043856620787,-0.04782043149073919,0.2973330851613517,-0.33333333333333337
2020-10-14,3,0.12505233,0.47755647,0.39739117,-0.35250416,0.37399152,0.86007875,0.0,0.6666666666666666,-0.047179771959781645,-0.20769407469779252,-0.3053243920207024,-0.0467242623368899,0.28789540443342304,0.5
2020-10-15,3,0.15268245,0.29158163,0.5557359,-0.13889918,0.40010616,0.7670475,0.0,0.3333333333333333,-0.1269729271531105,-0.20379902739077807,-0.011926250159740442,-0.13795822113752365,0.23114521115529846,0.0
2020-10-16,2,0.14125574,0.48734578,0.37139845,-0.34609005,0.75023824,0.9133597,0.0,0.5,-0.12503240257501602,-0.20629836786538364,-0.22105764597654343,-0.27916446328163147,0.2287725092178988,-0.33333333333333337
2020-10-19,7,0.17430234,0.22604573,0.59965193,-0.051743407,0.5242818,0.720387,0.14285714285714285,0.2857142857142857,-0.16234162375330924,-0.19518603347241878,0.11059821695089339,-0.17891087755560875,0.18724619543220425,2.5
2020-10-20,1,0.81261384,0.096452154,0.090934016,0.71616167,0.0,0.096452154,1.0,0.0,-0.034615025669336316,-0.17323553673923014,0.7507766939699649,0.10610940431555112,0.4395749094490045,-0.8571428571428572
2020-10-21,3,0.49041972,0.14126997,0.36831036,0.34914973,0.44576737,0.3378583,0.6666666666666666,0.0,0.1057157538831234,-0.15253966264426708,0.24343397989869117,0.3378559984266758,0.4244592595172687,2.0
2020-10-22,5,0.13109297,0.6498314,0.21907564,-0.5187384,0.59020746,0.9645373,0.2,0.6,0.029747911542654038,-0.14859144799411297,-0.5484863005578517,0.1821910043557485,0.5054487112035517,0.6666666666666667
2020-10-23,2,0.026484398,0.493263,0.4802526,-0.46677864,0.044647526,0.53180355,0.0,0.5,0.005610194057226181,-0.17165561225265263,-0.4723888300359249,-0.2121224304040273,0.5301615064647728,-0.6
2020-10-26,6,0.02835275,0.3774625,0.59418476,-0.34910974,0.41137698,0.9158541,0.0,0.3333333333333333,-0.05386307239532471,-0.19082735013216734,-0.29524666666984556,-0.4448755880196889,0.5543321071474435,2.0
2020-10-27,3,0.35327885,0.17683135,0.4698898,0.17644747,0.62269115,0.38656786,0.3333333333333333,0.0,-0.1618059128522873,-0.16932284589856864,0.338253378868103,-0.21314696967601776,0.3971721600414208,-0.5
2020-10-28,3,0.43323004,0.4892877,0.07748222,-0.05605765,0.84117645,0.74161917,0.3333333333333333,0.6666666666666666,-0.24284738972783088,-0.1700753726065159,0.18678973913192748,-0.07623997454841931,0.29506411003373384,0.0
2020-10-29,4,0.020068863,0.7671472,0.21278398,-0.7470783,0.360692,0.9586632,0.0,0.75,-0.28851537182927134,-0.1702606625854969,-0.45856292769312856,-0.20889616136749586,0.3591505464559351,0.33333333333333326
2020-10-30,2,0.17415364,0.64890146,0.17694493,-0.47474784,0.6785676,0.9679358,0.0,0.5,-0.2901092119514942,-0.15439433827996255,-0.18463862463831904,-0.42596126223603886,0.36015569481555093,-0.5
2020-11-02,3,0.03554681,0.16615628,0.79829687,-0.13060947,0.19497818,0.388961,0.0,0.0,-0.24640915766358376,-0.1251028761267662,0.11579969003796578,-0.45081186791261035,0.3644376251667717,0.5
2020-11-03,3,0.06341952,0.39793506,0.5386453,-0.33451557,0.35954615,0.74772465,0.0,0.3333333333333333,-0.34860176518559455,-0.14978111609816552,0.014086193591356266,-0.31329095860322315,0.2774876129551667,0.0
2020-11-04,4,0.24040687,0.30508587,0.4545073,-0.064679,0.45821574,0.7728853,0.25,0.25,-0.35032603442668914,-0.13365936055779457,0.2856470376253128,-0.17660134534041086,0.27523295373103435,0.33333333333333326
2020-11-05,6,0.22579604,0.47169986,0.30250412,-0.24590383,0.6784051,0.93454754,0.16666666666666666,0.5,-0.250091141462326,-0.15895788222551346,0.004187306761741616,-0.21503280103206635,0.1629947716778159,0.5
2020-11-06,3,0.60236436,0.3736843,0.023951339,0.22868007,1.0350207,0.9733793,0.6666666666666666,0.3333333333333333,-0.10940555930137634,-0.1297342449426651,0.33808563351631166,-0.02730091909567515,0.21567235771701507,-0.5
2020-11-09,6,0.27970782,0.291764,0.4285282,-0.012056191,0.4983948,0.7990712,0.16666666666666666,0.3333333333333333,-0.08569490406662225,-0.13707718946970998,0.0736387126147747,-0.009759983979165554,0.2192456278737603,1.0
2020-11-10,4,0.2815082,0.29051486,0.4279769,-0.009006657,0.60465926,0.5459726,0.25,0.5,-0.02059312108904123,-0.14140395619906485,0.011586464382708071,0.0692057420189182,0.1695971206470216,-0.33333333333333337
2020-11-11,5,0.08276214,0.7930125,0.124225356,-0.7102504,0.33797368,0.9398478,0.0,1.0,-0.14970739725977183,-0.1592912668827921,-0.5605429803952575,-0.24377107527107,0.35545176144885854,0.25
2020-11-12,4,0.42647833,0.34948462,0.22403705,0.07699372,0.85790247,0.96540934,0.5,0.25,-0.08512788657099009,-0.14849662207998335,0.16212160531431435,-0.21408777187267938,0.3628604739721308,-0.19999999999999996
2020-11-13,1,0.85622454,0.053316917,0.090458535,0.80290765,0.0,0.053316917,1.0,0.0,0.029717627726495267,-0.09104673736728727,0.7731900179758668,0.05655032893021902,0.5363895748057662,-0.75
2020-11-16,8,0.2997102,0.18459103,0.51569873,0.11511919,0.4835583,0.9464763,0.375,0.125,0.055152703821659085,-0.08270360757596791,0.05996648520231247,0.3316735178232193,0.5369284782596073,7.0
2020-11-17,7,0.06783282,0.2329674,0.69919974,-0.1651346,0.2599255,0.54615635,0.0,0.2857142857142857,0.02392711639404297,-0.12676842068322003,-0.18906171023845672,0.25096408029397327,0.546054861365452,-0.125
2020-11-18,1,0.039259776,0.02041494,0.94032526,0.018844837,0.0,0.02041494,0.0,0.0,0.16974615938961507,-0.1432836655061692,-0.15090132206678392,-0.010390189165870348,0.36993138444008494,-0.8571428571428572
2020-11-19,4,0.07664914,0.4943146,0.42903626,-0.41766548,0.36848673,0.92486185,0.0,0.5,0.07081431932747365,-0.13823002013377844,-0.48847980089485643,-0.18798507936298847,0.4568667181385003,3.0
2020-11-20,1,0.034780066,0.047868382,0.9173516,-0.013088316,0.0,0.047868382,0.0,0.0,-0.09238487295806408,-0.11554550412110984,0.07929655723273754,-0.13730298665662607,0.20785687648203438,-0.75
2020-11-23,4,0.20392345,0.25436002,0.5417166,-0.0504366,0.5931297,0.8092725,0.25,0.25,-0.12549603097140788,-0.1006118472199887,0.07505942992866038,-0.16039679944515228,0.1775090858633612,3.0
2020-11-24,2,0.09405577,0.20418476,0.70175946,-0.110128984,0.13741145,0.31377503,0.0,0.0,-0.11449490897357464,-0.11494066971354186,0.004365925118327146,-0.05788463354110718,0.1761375238986298,-0.5
2020-11-25,3,0.22271316,0.4941796,0.2831072,-0.27146643,0.6323066,0.9634083,0.3333333333333333,0.3333333333333333,-0.17255716323852538,-0.12571110888384282,-0.09890927076339723,-0.1440106729666392,0.16889505186376694,0.5
2020-11-27,3,0.022829868,0.6365964,0.34057382,-0.6137665,0.48439583,0.9727135,0.0,0.6666666666666666,-0.21177736520767212,-0.11904551847837866,-0.40198912620544436,-0.3317873030900955,0.24545804963273682,0.0
2020-11-30,6,0.121293955,0.5464503,0.33225572,-0.42515638,0.5063645,0.9702781,0.16666666666666666,0.5,-0.29419097900390623,-0.11656594588421285,-0.13096540570259096,-0.43679643670717877,0.23080937231909385,1.0
2020-12-01,5,0.20114489,0.10281086,0.69604427,0.09833401,0.38452008,0.39938408,0.2,0.0,-0.2644368574023247,-0.10511877215467394,0.36277086436748507,-0.3135296230514844,0.27537474215816904,-0.16666666666666663
2020-12-02,5,0.07639662,0.29031652,0.63328683,-0.21391992,0.43124872,0.9163565,0.0,0.2,-0.2851950451731682,-0.09908898971043527,0.07127512246370316,-0.18024743348360062,0.2645333266004523,0.0
2020-12-03,7,0.2464536,0.32562336,0.42792302,-0.07916982,0.641625,0.95883304,0.14285714285714285,0.2857142857142857,-0.24673572182655334,-0.09981353073380887,0.16756590455770493,-0.06491857767105103,0.28052354871567575,0.3999999999999999
2020-12-04,6,0.121048175,0.3341616,0.5447902,-0.21311343,0.44831747,0.9526936,0.0,0.3333333333333333,-0.16660510897636413,-0.09817401035688818,-0.04650831818580628,-0.16873438904682794,0.19305966877665282,-0.1428571428571429
2020-12-07,3,0.044709247,0.5762851,0.37900558,-0.53157586,0.52023834,0.93613726,0.0,0.6666666666666666,-0.1878890037536621,-0.1361868069972843,-0.34368685483932493,-0.274619701008002,0.23085601997900582,-0.5
2020-12-08,1,0.038518738,0.029332755,0.9321486,0.009185983,0.0,0.029332755,0.0,0.0,-0.2057186085730791,-0.13512469828128815,0.21490459144115448,-0.24516776762902737,0.20524587224175578,-0.6666666666666667
2020-12-09,2,0.03147398,0.48430204,0.48422402,-0.45282808,0.68658173,0.94925046,0.0,0.5,-0.2535002399235964,-0.15731576941907405,-0.199327839538455,-0.3250726517289877,0.23349725901281854,1.0
2020-12-10,5,0.18206595,0.36671945,0.4512146,-0.18465352,0.60352784,0.93571603,0.2,0.4,-0.274596980586648,-0.13103592656552793,0.08994346000254155,-0.20943187239269415,0.21806380490226038,1.5
2020-12-11,2,0.14360146,0.64069486,0.21570373,-0.49709338,0.36793777,0.8004209,0.0,1.0,-0.3313929710537195,-0.15974028147757052,-0.16570040844380857,-0.3781916598478953,0.23441565090386718,-0.6
2020-12-14,5,0.0332511,0.4349057,0.5318432,-0.40165463,0.40901333,0.9439254,0.0,0.6,-0.305408725515008,-0.2199683953076601,-0.09624590538442135,-0.3611338436603546,0.21289105010214132,1.5
2020-12-15,5,0.14528677,0.36009073,0.49462247,-0.21480393,0.5967759,0.89656985,0.2,0.4,-0.35020670890808103,-0.2364645514637232,0.135402774810791,-0.37118398149808246,0.1418586426333892,0.0
2020-12-16,5,0.16189498,0.09524102,0.742864,0.06665395,0.20772615,0.17926802,0.2,0.0,-0.2463103026151657,-0.22487512417137623,0.31296425461769106,-0.183268204331398,0.217810035740258,0.0
2020-12-17,5,0.0937799,0.46486798,0.44135213,-0.3710881,0.54725873,0.9687687,0.0,0.4,-0.2835972160100937,-0.2443717704154551,-0.08749087154865265,-0.17307935655117035,0.22055680332347863,0.0
2020-12-18,5,0.29364282,0.33159652,0.3747607,-0.037953723,0.64015234,0.93283516,0.2,0.4,-0.19176928475499153,-0.22538618249818682,0.15381556153297424,-0.11412928625941277,0.20443793856657327,0.0
2020-12-21,5,0.18202545,0.5640191,0.25395548,-0.38199365,0.7519334,0.95750487,0.2,0.6,-0.1878370888531208,-0.24383144928142428,-0.19415656253695487,-0.26367848739027977,0.19952169256367525,0.0
2020-12-22,4,0.037875567,0.40664393,0.55548054,-0.36876836,0.40783438,0.83340585,0.0,0.5,-0.21862997487187386,-0.2597480374388397,-0.15013838931918144,-0.2629052462677161,0.21593027214824692,-0.19999999999999996
2020-12-23,4,0.039330017,0.5100754,0.45059457,-0.47074538,0.37372082,0.9272058,0.0,0.5,-0.3261098422110081,-0.2777788574807346,-0.14463554248213767,-0.4071691334247589,0.16652265704728064,0.0
2020-12-24,1,0.1619023,0.7682123,0.0698854,-0.60631,0.0,0.7682123,0.0,1.0,-0.3731542266905308,-0.29452103627845644,-0.2331557832658291,-0.48194125294685364,0.2099657127574769,-0.75
2020-12-28,7,0.15864447,0.4195673,0.42178825,-0.26092285,0.5227067,0.80813986,0.14285714285714285,0.42857142857142855,-0.41774805188179015,-0.2768788541667163,0.15682520270347594,-0.4459927479426066,0.12906961346674808,6.0
2020-12-29,1,0.04458353,0.06350441,0.8919121,-0.018920884,0.0,0.06350441,0.0,0.0,-0.3451334983110428,-0.2565670791082084,0.326212614774704,-0.29538458089033764,0.22251754233450746,-0.8571428571428572
2020-12-30,1,0.06255801,0.51059824,0.4268438,-0.44804025,0.0,0.51059824,0.0,1.0,-0.3609878748655319,-0.28388579180464146,-0.08705237209796907,-0.24262799322605133,0.22739316850982666,0.0
2020-12-31,5,0.11183699,0.5260778,0.3620852,-0.41424084,0.5801941,0.96145725,0.0,0.6,-0.34968696534633636,-0.29390183752402665,-0.0645538717508316,-0.29373398919900257,0.2219128356939013,4.0
2021-01-04,8,0.08097968,0.4633133,0.45570698,-0.38233364,0.41654623,0.9643691,0.0,0.5,-0.3048916906118393,-0.3090600284747779,-0.07744194567203522,-0.41487157344818115,0.17475594516963086,0.6000000000000001
2021-01-05,1,0.06876743,0.08366071,0.8475718,-0.0148932785,0.0,0.08366071,0.0,0.0,-0.2556857764720917,-0.2991490210406482,0.24079249799251556,-0.2704892506202062,0.2192135212407702,-0.875
2021-01-06,6,0.0538459,0.40241924,0.54373485,-0.34857336,0.3486694,0.94396496,0.0,0.5,-0.32161627113819125,-0.2899988959543407,-0.026957085728645303,-0.24860009054342905,0.17539570192085618,5.0
2021-01-07,5,0.12814972,0.262397,0.6094533,-0.13424727,0.4670824,0.96970737,0.0,0.2,-0.2588576763868332,-0.29717055875808,0.1246104031801224,-0.16590463618437448,0.17498965873429628,-0.16666666666666663
2021-01-08,8,0.10618509,0.50937754,0.38443735,-0.40319246,0.33926895,0.86153185,0.0,0.625,-0.25664800107479097,-0.2946887778118253,-0.14654445946216582,-0.29533769687016803,0.1725903477994842,0.6000000000000001
2021-01-11,4,0.2466501,0.41968435,0.33366555,-0.17303425,0.72468156,0.9514315,0.25,0.5,-0.21478812396526337,-0.2941078143194318,0.041753873229026794,-0.2368246614933014,0.1593603200328042,-0.5
2021-01-12,3,0.5263048,0.0696513,0.40404388,0.4566535,0.5025482,0.10828213,0.6666666666666666,0.0,-0.12047876715660095,-0.24642047006636858,0.577132272720337,-0.0398577352364858,0.3420480540466223,-0.25
2021-01-13,2,0.01715167,0.7161037,0.2667446,-0.69895196,0.22967322,0.8744083,0.0,1.0,-0.1905544877052307,-0.2612853365018964,-0.5083974719047546,-0.13844423492749533,0.42603947721672625,-0.33333333333333337
2021-01-14,8,0.18673247,0.2695474,0.5437201,-0.08281492,0.3824988,0.9472363,0.125,0.125,-0.1802680164575577,-0.25468588564544914,0.09745309948921205,-0.10837112367153168,0.4283534754827914,3.0
2021-01-15,3,0.5560958,0.10664029,0.33726397,0.44945547,0.3967099,0.2752587,0.6666666666666666,0.0,-0.009738430380821228,-0.23554580975323916,0.4591939002275467,-0.11077046891053517,0.4835807746980698,-0.625
2021-01-19,7,0.06150617,0.29420298,0.6442908,-0.23269682,0.22309135,0.5542729,0.0,0.2857142857142857,-0.02167094349861145,-0.22862624619156122,-0.21102587282657623,0.04464791218439738,0.4893195416088498,1.3333333333333335
2021-01-20,1,0.30670637,0.55717987,0.13611372,-0.2504735,0.0,0.55717987,0.0,1.0,-0.1630963444709778,-0.23925223499536513,-0.08737715482711791,-0.011238281925519308,0.4126999715198029,-0.8571428571428572
2021-01-21,7,0.1364649,0.16550389,0.69803125,-0.029039005,0.2034997,0.67810374,0.0,0.14285714285714285,-0.029113753512501717,-0.22160450266674162,7.474869489669869e-05,-0.1707364401469628,0.28388312850933406,6.0
2021-01-22,3,0.10884745,0.3271916,0.56396097,-0.21834414,0.4633336,0.73983246,0.0,0.3333333333333333,-0.056219597533345225,-0.214083291310817,-0.16212453953921796,-0.1659522137294213,0.29648322541686634,-0.5714285714285714
2021-01-25,6,0.22118281,0.18665266,0.59216446,0.03453012,0.50547254,0.7654815,0.16666666666666666,0.16666666666666666,-0.1392046671360731,-0.18881951598450541,0.17373478896915912,-0.07095100668569405,0.1320083716329695,1.0
2021-01-26,5,0.22986,0.47494474,0.29519528,-0.24508473,0.6636483,0.9667009,0.2,0.4,-0.14168225042521954,-0.1707582521252334,-0.10340248234570026,-0.142966249336799,0.1342981338001568,-0.16666666666666663
2021-01-27,7,0.1448356,0.31504092,0.54012346,-0.17020532,0.51840734,0.91322947,0.14285714285714285,0.2857142857142857,-0.12562861554324628,-0.16622237591072916,-0.04457670934498309,-0.12691997860868773,0.12230432223525771,0.3999999999999999
2021-01-28,1,0.90816957,0.022062847,0.06976756,0.8861067,0.0,0.022062847,1.0,0.0,0.057400531321763995,-0.12097099525853991,0.8287061981856823,0.15693889061609903,0.47608137473118717,-0.8571428571428572
2021-01-29,3,0.06354793,0.32583508,0.610617,-0.26228717,0.3671445,0.7218231,0.0,0.3333333333333333,0.04861192479729652,-0.1116833413951099,-0.31089909449219705,0.15120474497477213,0.48280244600508226,2.0
2021-02-01,11,0.19791755,0.1413262,0.66075623,0.056591354,0.33237544,0.56715953,0.18181818181818182,0.09090909090909091,0.05302417129278183,-0.08814173182472587,0.0035671830177307143,0.22680363804101944,0.4827423852322557,2.6666666666666665
2021-02-02,8,0.33665726,0.28121486,0.3821279,0.055442393,0.6327131,0.90632963,0.25,0.25,0.11312959641218186,-0.06625293036922812,-0.057687203586101535,-0.05008447418610255,0.45421208165027765,-0.2727272727272727
2021-02-03,1,0.03195345,0.03077766,0.93726885,0.001175791,0.0,0.03077766,0.0,0.0,0.14740581959486007,-0.06544947689399123,-0.14623002856969833,0.03773651272058487,0.4334787018996132,-0.875
2021-02-04,7,0.04372811,0.42437792,0.53189397,-0.38064983,0.44680214,0.95225084,0.0,0.42857142857142855,-0.1059454932808876,-0.06705330079421401,-0.2747043415904045,-0.10801055034001668,0.202388513280129,6.0
2021-02-05,1,0.07931194,0.8791203,0.04156783,-0.7998084,0.0,0.8791203,0.0,1.0,-0.21344973593950273,-0.10033135628327727,-0.5863586470484734,-0.39309414227803546,0.37518716003205627,-0.8571428571428572
2021-02-08,8,0.16441841,0.43415412,0.40142745,-0.2697357,0.5621863,0.9400832,0.125,0.5,-0.27871514558792115,-0.09365851795300842,0.008979451656341564,-0.4833979705969493,0.3435147996711601,7.0
2021-02-09,9,0.3871763,0.358705,0.25411868,0.028471299,0.76721615,0.97514457,0.4444444444444444,0.4444444444444444,-0.28410936444997786,-0.08358324049040675,0.3125806629657745,-0.34702425946791965,0.33710771029041736,0.125
2021-02-10,4,0.26194167,0.09046507,0.64759326,0.1714766,0.40408275,0.30939922,0.25,0.0,-0.25004920214414594,-0.09784208564087749,0.42152580469846723,-0.023262597620487213,0.3791229726171515,-0.5555555555555556
2021-02-11,5,0.32568642,0.3404731,0.3338405,-0.014786625,0.62897444,0.97400045,0.4,0.2,-0.1768765602260828,-0.06363381892442703,0.1620899349451065,0.06172042526304722,0.38290262817114606,0.25
2021-02-12,1,0.052488055,0.26255593,0.684956,-0.21006787,0.0,0.26255593,0.0,0.0,-0.058928457275033,-0.0699964664876461,-0.15113941095769406,-0.017792630319794018,0.18024741524531185,-0.8
2021-02-16,9,0.13794394,0.2859884,0.5760677,-0.14804445,0.44640467,0.92792374,0.1111111111111111,0.3333333333333333,-0.034590208902955055,-0.09987146258354188,-0.11345424316823483,-0.12429964852829774,0.1504133809232893,8.0
2021-02-17,1,0.04693353,0.14832549,0.80474097,-0.101391956,0.0,0.14832549,0.0,0.0,-0.06056285984814167,-0.09330621957778931,-0.04082909636199474,-0.1531680921713511,0.14799456694661367,-0.8888888888888888
2021-02-18,7,0.16079028,0.57607096,0.2631388,-0.41528073,0.73295456,0.96786445,0.14285714285714285,0.5714285714285714,-0.17791432626545428,-0.10154658108949662,-0.23736640326678754,-0.22157237927118936,0.15061141141410656,6.0
2021-02-19,1,0.03950372,0.35140574,0.6090905,-0.31190202,0.0,0.35140574,0.0,0.0,-0.2373374044895172,-0.1156897316686809,-0.07456461191177369,-0.276191567381223,0.12690718275962296,-0.8571428571428572
2021-02-22,4,0.15901957,0.2943025,0.54667795,-0.13528293,0.52183145,0.92778057,0.0,0.25,-0.2223804175853729,-0.11153667150065302,0.0870974838733673,-0.28748855988184613,0.13506911402658012,3.0
2021-02-23,6,0.097838916,0.115504645,0.78665644,-0.017665733,0.09812545,0.46458617,0.0,0.16666666666666666,-0.19630467370152474,-0.11414646422490478,0.1786389410495758,-0.15495022758841515,0.16275534293740263,0.5
2021-02-24,3,0.7548426,0.09368179,0.15147565,0.66116077,0.3051555,0.21917541,1.0,0.0,-0.04379412904381752,-0.06883418923243881,0.7049548961222172,0.1694040335714817,0.42305390721811187,-0.5
2021-02-25,4,0.31295633,0.44197956,0.24506414,-0.12902321,0.67957705,0.9667608,0.5,0.5,0.013457375019788742,-0.06677508344873787,-0.14248058423399926,0.17149060840408006,0.3770846926840715,0.33333333333333326
2021-02-26,4,0.4270779,0.43890238,0.13401972,-0.011824489,0.9029207,0.86457783,0.5,0.5,0.07347288057208061,-0.11167164435610175,-0.08529736921191215,0.17343768974145254,0.333744886229469,0.0
2021-03-01,6,0.16021515,0.2935929,0.54619193,-0.13337775,0.4633012,0.9663585,0.0,0.3333333333333333,0.07385391816496849,-0.10522617315873503,-0.20723166391253472,-0.09140848120053609,0.33344792022160946,0.5
2021-03-02,1,0.036443073,0.05455021,0.9090068,-0.018107135,0.0,0.05455021,0.0,0.0,0.07376563772559167,-0.10896109761670232,-0.09187277257442475,-0.05443645641207695,0.33347826459120394,-0.8333333333333334
2021-03-03,5,0.2498996,0.40424195,0.34585842,-0.15434234,0.65862525,0.8557864,0.2,0.4,-0.08933498337864876,-0.11945033418014646,-0.06500735506415367,-0.10194240634640057,0.06859693797892531,4.0
2021-03-04,8,0.17905799,0.44702992,0.3739121,-0.26797193,0.6037257,0.9536551,0.125,0.5,-0.11712472811341286,-0.1329077203758061,-0.15084720477461816,-0.14680713539322218,0.1064152415049936,0.6000000000000001
2021-03-05,8,0.24434738,0.29526222,0.46039045,-0.05091484,0.53513235,0.9692118,0.125,0.25,-0.12494279816746712,-0.11642097057774663,0.07402795925736427,-0.15774303674697876,0.09783508112703615,0.0
2021-03-08,6,0.13938022,0.12797664,0.7326431,0.01140358,0.3262765,0.5820722,0.0,0.16666666666666666,-0.09598653297871351,-0.07586037241853774,0.10739011317491531,-0.10249439720064402,0.1146883521552402,-0.25
2021-03-09,4,0.27556935,0.29093808,0.43349257,-0.0153687475,0.76901734,0.95905614,0.25,0.25,-0.09543885551393032,-0.06314202509820462,0.08007010798901319,-0.01829333541293939,0.11515880275266879,-0.33333333333333337
2021-03-10,2,0.036709543,0.8225693,0.1407212,-0.78585976,0.17741986,0.9208831,0.0,1.0,-0.2217423405498266,-0.10385857820510865,-0.5641174230724573,-0.2632749769836664,0.33410131614401783,-0.5
2021-03-11,3,0.3236716,0.5101767,0.16615164,-0.1865051,0.91242164,0.94916993,0.3333333333333333,0.6666666666666666,-0.2054489728063345,-0.12175766304135323,0.018943878635764133,-0.32924453510592383,0.33326861424351545,0.5
2021-03-12,6,0.07531946,0.1675905,0.75709003,-0.09227103,0.2539713,0.5588482,0.0,0.16666666666666666,-0.21372021101415156,-0.12563188327476382,0.12144918106496333,-0.35487862924734753,0.3289598221143568,1.0
2021-03-15,8,0.1779855,0.19906981,0.62294465,-0.021084307,0.4958385,0.9618377,0.125,0.125,-0.22021778840571643,-0.11618270520120859,0.199133481644094,-0.09995347696046035,0.32368002561963377,0.33333333333333326
2021-03-16,4,0.22303303,0.39792714,0.37903982,-0.17489411,0.5089972,0.8339274,0.25,0.25,-0.25212286077439783,-0.11752518806606531,0.07722875140607355,-0.09608314869304498,0.30580895754455684,-0.5
2021-03-17,9,0.14105842,0.13922136,0.71972024,0.0018370678,0.37565684,0.740732,0.1111111111111111,0.1111111111111111,-0.09458349449560047,-0.11236373686697335,0.09642056226730347,-0.06471378278608124,0.08602874267623505,1.25
2021-03-18,6,0.22525644,0.47207662,0.30266693,-0.24682017,0.7586354,0.9624584,0.16666666666666666,0.5,-0.10664650900289416,-0.10394070872571319,-0.14017365770414472,-0.13995906943455338,0.10440620258156014,-0.33333333333333337
2021-03-19,2,0.14962955,0.5039048,0.34646556,-0.35427532,0.55006593,0.80769414,0.0,0.5,-0.15904736621305346,-0.10605937370564789,-0.19522794978693128,-0.1997528049784402,0.15082004427875995,-0.6666666666666667
2021-03-22,9,0.24307244,0.28066957,0.476258,-0.037597127,0.5842846,0.9749067,0.2222222222222222,0.3333333333333333,-0.16234993031248451,-0.10117508338298649,0.1247528030537069,-0.2128975366552671,0.14718063998509265,3.5
2021-03-23,6,0.04454975,0.40653065,0.5489196,-0.36198092,0.44361016,0.9591161,0.0,0.3333333333333333,-0.19976729145273567,-0.11839084250386804,-0.1622136236168444,-0.25128445277611416,0.17273060109538257,-0.33333333333333337
2021-03-24,3,0.13984166,0.07733955,0.7828188,0.06250211,0.09045798,0.15477723,0.0,0.0,-0.18763428330421447,-0.1483237754320726,0.25013639181852343,-0.11235864460468292,0.19153871233134923,-0.5
2021-03-25,10,0.09419384,0.54025733,0.36554885,-0.44606346,0.44209096,0.9627779,0.1,0.6,-0.22748294174671174,-0.1641757879173383,-0.2185805171728134,-0.24851408849159876,0.22477288838008677,2.3333333333333335
2021-03-26,6,0.113088064,0.24386613,0.64304584,-0.13077807,0.4086834,0.95953345,0.0,0.16666666666666666,-0.18278349339962005,-0.17012346719857305,0.05200541913509368,-0.17144647488991419,0.21527698856136548,-0.4
2021-03-29,4,0.31063223,0.28982013,0.39954764,0.02081208,0.6808153,0.6108094,0.25,0.5,-0.1711016520857811,-0.1624139759456739,0.19191373139619827,-0.18534315129121146,0.22642133095610595,-0.33333333333333337
2021-03-30,4,0.14878748,0.47706863,0.37414378,-0.32828116,0.691585,0.9351609,0.25,0.5,-0.16436170190572738,-0.17792267741169782,-0.16391946226358414,-0.14608238637447357,0.21972132792879268,0.0
2021-03-31,6,0.2998834,0.20928137,0.49083522,0.09060204,0.5887452,0.9715327,0.3333333333333333,0.16666666666666666,-0.15874171555042266,-0.16567545847501605,0.24934375584125518,-0.07228901485602061,0.22720654034962046,0.5
2021-04-01,5,0.642914,0.21283396,0.14425202,0.4300801,0.53764117,0.4935039,0.6,0.4,0.01648699343204498,-0.13077285753097384,0.41359309256076815,0.06413365403811137,0.28156840883354806,-0.16666666666666663
2021-04-05,12,0.14072174,0.3563837,0.5028945,-0.21566199,0.5410697,0.94242764,0.08333333333333333,0.3333333333333333,-0.0004897892475128173,-0.13901021496858448,-0.21517219841480256,0.10167337954044342,0.29491022740867834,1.4
2021-04-06,1,0.48594195,0.01766949,0.4963886,0.46827245,0.0,0.01766949,0.0,0.0,0.08900228440761566,-0.11616677159909158,0.3792701631784439,0.2275635153055191,0.3630180015380207,-0.9166666666666666
2021-04-07,3,0.24725573,0.2552657,0.49747857,-0.008009999,0.41184297,0.4539616,0.3333333333333333,0.0,0.15305651742964982,-0.11579883417580276,-0.1610665164887905,0.08153348695486784,0.29236084750253816,2.0
2021-04-08,6,0.32745138,0.2990928,0.37345585,0.028358594,0.6184793,0.9683051,0.3333333333333333,0.3333333333333333,0.14060782808810474,-0.07508791631553322,-0.11224923450499774,0.16287368070334196,0.2969737453778335,1.0
2021-04-09,5,0.22968963,0.23424344,0.53606695,-0.0045538186,0.5824978,0.9516963,0.2,0.2,0.053681047167629004,-0.06599035253748298,-0.0582348657771945,0.005264925304800272,0.2511324407282443,-0.16666666666666663
2021-04-12,5,0.11895069,0.4408885,0.4401608,-0.3219378,0.3945111,0.866828,0.0,0.6,0.03242588480934501,-0.07747369101271033,-0.35436368426308035,-0.09937767482673128,0.28220336153024245,0.0
2021-04-13,4,0.26427764,0.3907383,0.34498408,-0.12646069,0.77454615,0.930091,0.25,0.25,-0.08652074197307229,-0.08274250999093055,-0.03993994435295463,-0.15098410146310925,0.1441320272564149,-0.19999999999999996
2021-04-14,2,0.4635756,0.052967116,0.48345718,0.4106085,0.6442582,0.07928343,0.5,0.0,-0.002797042112797499,-0.05346737951040268,0.4134055423550308,-0.012596661845842997,0.2688035631485264,-0.5
2021-04-15,10,0.3032358,0.38344905,0.31331512,-0.08021327,0.7705154,0.9691815,0.3,0.4,-0.024511415045708418,-0.05756989645306021,-0.05570185603573918,0.06797818094491959,0.2700400207182901,4.0
2021-04-16,5,0.10140967,0.43314314,0.4654472,-0.33173347,0.5135447,0.9510733,0.0,0.4,-0.08994734436273574,-0.06181556137744337,-0.2417861208319664,-0.0004460786779721578,0.3017715316976015,-0.5
2021-04-19,3,0.07305849,0.32837495,0.59856653,-0.25531647,0.59635806,0.95248806,0.0,0.3333333333333333,-0.07662307769060135,-0.05686761888209731,-0.17869338840246202,-0.22242106745640436,0.29021712739311495,-0.4
2021-04-20,1,0.2757936,0.10087626,0.62333006,0.17491736,0.0,0.10087626,0.0,0.0,-0.01634746938943863,-0.046241894760169086,0.1912648245692253,-0.13737752536932626,0.308028806072985,-0.6666666666666667
2021-04-21,2,0.212256,0.016798552,0.7709454,0.19545746,0.18019891,0.02073348,0.0,0.0,-0.059377677738666534,-0.018369976081885397,0.2548351362347603,0.03835278252760569,0.24126692417454312,1.0
2021-04-22,2,0.35086727,0.48768437,0.16144833,-0.1368171,1.1366043,0.95662355,0.5,0.5,-0.0706984430551529,-0.028335936390794812,-0.0661186546087265,0.07785257200400035,0.24380363921311343,0.0
2021-04-23,2,0.23840854,0.28569573,0.4758957,-0.04728718,0.6807749,0.5533867,0.0,0.5,-0.013809186220169068,-0.008397122495807707,-0.033477994799613955,0.0037843932708104453,0.1962063484349716,0.0
2021-04-26,7,0.21551387,0.25016436,0.5343217,-0.034650493,0.53482527,0.8209934,0.14285714285714285,0.2857142857142857,0.03032400831580162,-0.0035907434532418845,-0.06497450172901154,-0.07291825736562411,0.14693333881296555,2.5
2021-04-27,5,0.4987069,0.1585121,0.342781,0.34019485,0.6002486,0.6589429,0.6,0.2,0.06337950751185417,0.012378395139239728,0.27681534364819527,0.0860857255756855,0.19748860560237239,-0.2857142857142857
2021-04-28,10,0.39299232,0.1791766,0.42783108,0.21381569,0.514898,0.70149547,0.3,0.2,0.06705115363001823,0.039483237802051006,0.14676453545689583,0.1731200156112512,0.20070254858601175,1.0
2021-04-29,10,0.7068428,0.17684066,0.11631651,0.5300022,0.570976,0.86561227,0.8,0.1,0.20041500851511956,0.06145324462559074,0.32958716824650763,0.3613375723361969,0.24746608303946496,0.0
2021-04-30,5,0.26621825,0.35474932,0.37903243,-0.08853106,0.7276766,0.9043755,0.2,0.4,0.1921662323176861,0.03552268722560257,-0.28069729432463647,0.21842893461386362,0.25823975993520293,-0.5
2021-05-03,9,0.17983526,0.35551277,0.46465194,-0.1756775,0.56702274,0.91692424,0.1111111111111111,0.4444444444444444,0.1639608323574066,0.03752191194798797,-0.33963832557201384,0.08859787384668986,0.2943792413083678,0.8
2021-05-04,3,0.49515995,0.024111584,0.48072848,0.47104836,0.38354233,0.047847956,0.3333333333333333,0.0,0.19013153314590453,0.03766070732381195,0.28091682195663453,0.06894659996032715,0.3187696426091918,-0.6666666666666667
2021-05-05,3,0.080877244,0.31207603,0.6070467,-0.23119879,0.43048456,0.79010373,0.0,0.3333333333333333,0.10112863779067993,0.026501267892308535,-0.3323274254798889,0.02139069139957428,0.36871637585720407,0.0
2021-05-06,4,0.02599373,0.83244777,0.1415585,-0.806454,0.21353021,0.9712138,0.0,1.0,-0.16616259813308715,-0.01523936192970723,-0.640291404724121,-0.18886814514795938,0.4545211151499836,0.33333333333333326
2021-05-07,9,0.22703181,0.35623354,0.41673464,-0.12920173,0.58744097,0.9290289,0.2222222222222222,0.3333333333333333,-0.17429673075675964,-0.021471757255494595,0.04509500563144683,-0.38895150522391003,0.45314633581030817,1.25
2021-05-10,5,0.06876175,0.37764925,0.553589,-0.30888748,0.39593625,0.9074334,0.0,0.6,-0.20093872845172883,-0.020819241367280483,-0.1079487532377243,-0.4148477365573247,0.45714608993159994,-0.4444444444444444
2021-05-11,4,0.05357498,0.4936375,0.45278752,-0.44006252,0.4000219,0.9456514,0.0,0.5,-0.38316090404987335,-0.03649933319538832,-0.05690161883831024,-0.2927172432343165,0.26244958199734014,-0.19999999999999996
2021-05-12,6,0.27180493,0.4645456,0.26364946,-0.19274063,0.6941774,0.964865,0.3333333333333333,0.3333333333333333,-0.3754692733287811,-0.06666678991168737,0.18272863924503324,-0.31389687955379486,0.26851011193795193,0.5
2021-05-13,6,0.16271925,0.3584681,0.4788126,-0.19574885,0.4346903,0.9410022,0.0,0.5,-0.2533282428979874,-0.07244356889277696,0.05757939219474795,-0.2761840025583903,0.12283134524649761,0.0
2021-05-14,3,0.059383195,0.43595436,0.50466245,-0.37657118,0.44569963,0.90619075,0.0,0.3333333333333333,-0.30280213356018065,-0.07468545455485583,-0.07376904487609864,-0.2550202210744222,0.10942264043573138,-0.5
2021-05-17,5,0.19227663,0.27764323,0.53008014,-0.08536661,0.47040486,0.9145837,0.2,0.2,-0.2580979585647583,-0.06618796158581972,0.172731351852417,-0.21922887861728668,0.14589561124597414,0.6666666666666667
2021-05-18,5,0.05345731,0.5139183,0.43262434,-0.460461,0.47308975,0.95826304,0.0,0.6,-0.2621776521205902,-0.09795687887817621,-0.19828333854675295,-0.30746625860532123,0.1523963517592662,0.0
2021-05-19,4,0.15310298,0.6749946,0.17190243,-0.5218916,0.65961957,0.92888767,0.0,0.75,-0.32800784409046174,-0.13382433149963618,-0.19388374984264373,-0.3559063971042633,0.1829346559171684,-0.19999999999999996
2021-05-20,3,0.5225658,0.078187555,0.39924672,0.44437817,0.4797386,0.11638772,0.6666666666666666,0.0,-0.19998244047164918,-0.10476456824690103,0.6443606078624725,-0.17932480573654175,0.3971761394153412,-0.25
2021-05-21,3,0.32209757,0.60440993,0.07349246,-0.2823124,1.0129379,0.9752916,0.3333333333333333,0.6666666666666666,-0.18113068342208863,-0.1165158288553357,-0.10118170976638793,-0.11994193991025288,0.3888486974076917,0.0
2021-05-24,9,0.20549645,0.27374154,0.520762,-0.06824508,0.49395323,0.7991028,0.1111111111111111,0.3333333333333333,-0.177706378698349,-0.11819555833935738,0.1094612956047058,0.03127356370290121,0.3899766047347816,2.0
2021-05-25,1,0.28601697,0.4667003,0.24728273,-0.18068331,0.0,0.4667003,0.0,1.0,-0.12175084352493286,-0.14423946663737297,-0.05893247127532959,-0.1770802636941274,0.3580260433746313,-0.8888888888888888
2021-05-26,1,0.21666853,0.010766883,0.7725646,0.20590165,0.0,0.010766883,0.0,0.0,0.02380780577659607,-0.1446351684629917,0.1820938467979431,-0.014342248439788818,0.29750526342761774,0.0
2021-05-27,7,0.172761,0.2821602,0.5450788,-0.10939918,0.534469,0.9577212,0.14285714285714285,0.2857142857142857,-0.08694766312837601,-0.17660523615777493,-0.022451514005661005,-0.02806027978658676,0.18273500542765175,6.0
2021-05-28,4,0.49575558,0.05054753,0.45369685,0.44520804,0.38487822,0.13824593,0.5,0.0,0.05855642408132553,-0.14991828091442586,0.3866516187787056,0.18057017276684442,0.26111944083383437,-0.4285714285714286
2021-06-01,6,0.25236464,0.30404687,0.4435885,-0.051682245,0.6107675,0.9286821,0.16666666666666666,0.3333333333333333,0.06186899170279503,-0.14371851850301026,-0.11355123668909073,0.09470887357989947,0.2592067350302747,0.5
2021-06-02,3,0.053366657,0.1570269,0.7896064,-0.10366025,0.160638,0.3032336,0.0,0.0,0.07727360501885414,-0.17245394866913558,-0.18093385323882102,0.09662184988458951,0.24296827121179201,-0.5
2021-06-03,8,0.4644416,0.05655887,0.47899953,0.40788275,0.3624436,0.17849997,0.5,0.0,0.11766982451081276,-0.1404998717829585,0.2902129255235195,0.08418008560935657,0.2831661538153231,1.6666666666666665
2021-06-04,6,0.05385514,0.5370108,0.40913412,-0.48315564,0.45687562,0.9456317,0.0,0.5,0.042918532341718676,-0.12433495353907346,-0.5260741703212262,-0.05964437872171402,0.38801559541151986,-0.25
2021-06-07,3,0.10403601,0.23463577,0.6613282,-0.13059975,0.4330417,0.6600215,0.0,0.3333333333333333,-0.07224302664399147,-0.1244048548862338,-0.05835672542452812,-0.06862421333789825,0.3178778187219652,-0.5
2021-06-08,3,0.20414382,0.31276098,0.48309517,-0.10861719,0.6434555,0.8624941,0.0,0.3333333333333333,-0.08363001495599746,-0.11439134012907744,-0.02498717159032822,-0.24079085886478424,0.3179769043475778,0.0
2021-06-09,3,0.31526664,0.34667715,0.3380563,-0.031410515,0.8970923,0.95459676,0.3333333333333333,0.3333333333333333,-0.06918006837368011,-0.09395873975008726,0.037769553065299985,-0.0902091513077418,0.3184803400178549,0.0
2021-06-10,6,0.16631804,0.46264127,0.37104067,-0.2963232,0.5023481,0.9622453,0.16666666666666666,0.5,-0.21002126038074492,-0.09913786854594946,-0.0863019496202469,-0.1454503039518992,0.1806535186224091,1.0
2021-06-11,1,0.008430801,0.97060984,0.02095943,-0.96217906,0.0,0.97060984,0.0,1.0,-0.30582594573497773,-0.13745937924832105,-0.6563531190156937,-0.42997093002001446,0.37940382870097533,-0.8333333333333334
2021-06-14,6,0.170916,0.21136995,0.617714,-0.040453944,0.43448654,0.790495,0.16666666666666666,0.16666666666666666,-0.2877967841923237,-0.12065351754426956,0.24734283983707428,-0.43298540636897087,0.39175307521818764,5.0
2021-06-15,2,0.4689843,0.05432725,0.47668844,0.41465706,0.6752253,0.0857576,0.5,0.0,-0.18314193561673164,-0.09565233439207077,0.5977989919483662,-0.19599198425809541,0.5050878069638001,-0.6666666666666667
2021-06-16,6,0.38934064,0.20568144,0.40497795,0.18365921,0.64702123,0.86646086,0.5,0.16666666666666666,-0.1401279903948307,-0.06344632431864738,0.3237872011959553,0.18595410759250322,0.5297934575523051,2.0
2021-06-17,3,0.1528496,0.5366295,0.31052086,-0.3837799,0.366722,0.81841004,0.0,0.6666666666666666,-0.15761933103203773,-0.05654074028134346,-0.22616058215498924,0.0715121179819107,0.5376253362070531,-0.5
2021-06-18,2,0.07284915,0.44953835,0.47761253,-0.3766892,0.61139315,0.85291827,0.0,0.5,-0.04052135720849037,-0.09759410843253136,-0.3361678384244442,-0.192269966006279,0.34938502100617563,-0.33333333333333337
2021-06-21,9,0.08824455,0.5182422,0.39351326,-0.42999765,0.54118633,0.9666222,0.0,0.5555555555555556,-0.11843009889125825,-0.10497837141156197,-0.3115675538778305,-0.3968222538630168,0.3903916276382268,3.5
2021-06-22,6,0.11714417,0.45716897,0.42568687,-0.3400248,0.54474276,0.97281545,0.0,0.5,-0.2693664699792862,-0.11856735721230507,-0.07065832912921904,-0.38223721583684284,0.2552625350667018,-0.33333333333333337
2021-06-23,1,0.11072039,0.025739554,0.8635401,0.08498083,0.0,0.025739554,0.0,0.0,-0.2891021460294724,-0.10528414994478226,0.37408297657966616,-0.2283472071091334,0.2115526557590936,-0.8333333333333334
2021-06-24,5,0.21488436,0.18450412,0.6006115,0.030380225,0.43255407,0.67856306,0.0,0.2,-0.20627011843025683,-0.11406022133305668,0.2366503432393074,-0.07488791458308697,0.2438326712812392,4.0
2021-06-25,4,0.31243026,0.43316397,0.25440577,-0.12073374,0.646984,0.9027461,0.25,0.5,-0.15507902689278125,-0.11462694937363267,0.034345288947224606,-0.0017908941954374313,0.22527131285651947,-0.19999999999999996
2021-06-28,7,0.22249089,0.34278718,0.43472195,-0.120296255,0.6426328,0.94142985,0.14285714285714285,0.2857142857142857,-0.09313874728977681,-0.14290216425433755,-0.02715750746428966,-0.07021658929685752,0.1654050005152838,0.75
2021-06-29,3,0.12905279,0.3485948,0.5223524,-0.21954203,0.63933593,0.95363486,0.0,0.3333333333333333,-0.06904219277203083,-0.15129515333101154,-0.15049983374774456,-0.15352400640646616,0.12405352020515954,-0.5714285714285714
2021-06-30,2,0.030972343,0.7808987,0.18812892,-0.7499263,0.23185045,0.9303301,0.0,1.0,-0.2360236246138811,-0.18360845735296608,-0.5139027040451765,-0.3632548699776332,0.3008418294514163,-0.33333333333333337
2021-07-01,5,0.28669482,0.35834756,0.35495764,-0.07165273,0.68735814,0.9522332,0.2,0.4,-0.2564302161335945,-0.2075852314941585,0.18477748334407806,-0.3470403626561165,0.28106398719651854,1.5
2021-07-02,7,0.23997246,0.3409266,0.41910097,-0.10095414,0.6709111,0.916206,0.2857142857142857,0.2857142857142857,-0.25247429609298705,-0.18847515648230911,0.15152015835046767,-0.30751106639703113,0.28357930541455756,0.3999999999999999
2021-07-06,7,0.15991175,0.5923072,0.24778101,-0.4323955,0.64594024,0.9522827,0.14285714285714285,0.7142857142857143,-0.31489414274692534,-0.20356494328007102,-0.11750134527683259,-0.20166745285193124,0.2815529720362146,0.0
2021-07-07,4,0.1876692,0.51972353,0.29260725,-0.33205435,0.56302696,0.92722714,0.25,0.5,-0.33739660680294037,-0.21473680129274725,0.005342260003089905,-0.28846799085537594,0.27647737083750756,-0.4285714285714286
2021-07-08,5,0.10586661,0.22681233,0.6673211,-0.12094574,0.47131738,0.9539424,0.0,0.2,-0.21160048842430115,-0.21921356236562134,0.09065475165843964,-0.29513185719649,0.16070612703809897,0.25
2021-07-09,3,0.08241047,0.06927018,0.84831935,0.013140291,0.13729323,0.16143762,0.0,0.0,-0.1946418836712837,-0.2037403873167932,0.2077821746468544,-0.14661993086338043,0.18220243502252206,-0.4
2021-07-12,6,0.21000697,0.1356865,0.65430653,0.07432048,0.44920856,0.50462687,0.16666666666666666,0.16666666666666666,-0.15958696007728576,-0.15191541006788611,0.23390744030475616,-0.011161655187606812,0.21806537461758652,1.0
2021-07-13,5,0.264187,0.3488144,0.3869986,-0.0846274,0.7429014,0.8453894,0.2,0.4,-0.09003334194421768,-0.1541240827180445,0.005405944585800168,0.0009444579482078552,0.15589735771823784,-0.16666666666666663
2021-07-14,5,0.5504038,0.25737172,0.19222444,0.2930321,0.45199323,0.4177016,0.8,0.0,0.03498394936323166,-0.16020533004775644,0.25804816037416456,0.09424173086881638,0.16373324526922065,0.0
2021-07-15,5,0.2378551,0.30987406,0.4522708,-0.072018966,0.6689443,0.96180737,0.2,0.4,0.044769303500652315,-0.17298923889175058,-0.11678826957941055,0.04546191543340683,0.15320826800825527,0.0
2021-07-16,3,0.049964588,0.45124915,0.49878624,-0.40128455,0.5192755,0.9548154,0.0,0.3333333333333333,-0.038115663826465605,-0.17386447051540016,-0.36316888183355334,-0.06009046733379364,0.2537248245728084,-0.4
2021-07-19,6,0.1847354,0.35577145,0.45949313,-0.17103608,0.65227973,0.9272584,0.16666666666666666,0.3333333333333333,-0.0871869757771492,-0.16358181471005082,-0.08384910374879836,-0.21477986375490823,0.25024544379229413,1.0
2021-07-20,3,0.100990176,0.5797689,0.3192409,-0.4787787,0.34668162,0.8266494,0.0,0.6666666666666666,-0.16601723432540894,-0.1660208665765822,-0.31276145577430725,-0.3503664384285609,0.3052693890343769,-0.5
2021-07-21,1,0.17238367,0.2563069,0.57130945,-0.08392322,0.0,0.2563069,0.0,0.0,-0.24140830039978028,-0.15321578765287996,0.15748507976531984,-0.24457933008670807,0.18731768610166924,-0.6666666666666667
2021-07-22,3,0.09800559,0.29393455,0.6080599,-0.19592895,0.4828454,0.8424838,0.0,0.3333333333333333,-0.26619029641151426,-0.16726127648726105,0.07026135027408598,-0.252876952290535,0.16632539685561218,2.0
2021-07-23,1,0.044505227,0.03938592,0.91610885,0.005119309,0.0,0.03938592,0.0,0.0,-0.18490952551364898,-0.1685243222862482,0.19002883434295653,-0.09157761931419373,0.18233360749177904,-0.6666666666666667
2021-07-26,8,0.2801393,0.35743636,0.36242434,-0.077297054,0.7160385,0.95839375,0.25,0.375,-0.16616172045469285,-0.16635248810052872,0.08886466622352601,-0.08936889717976253,0.18882051542613873,7.0
2021-07-27,4,0.08516816,0.25955313,0.6552787,-0.17438497,0.49242055,0.9120203,0.0,0.25,-0.10528297573328019,-0.16905692368745803,-0.0691019907593727,-0.08218757063150406,0.08127098568102184,-0.5
2021-07-28,8,0.24731207,0.44177476,0.3109132,-0.19446267,0.6478112,0.97223365,0.25,0.5,-0.12739086598157884,-0.16780295595526695,-0.06707180589437484,-0.1487148975332578,0.0887029839750662,1.0
2021-07-29,3,0.08048586,0.060921717,0.85859245,0.019564144,0.11604677,0.15296172,0.0,0.0,-0.08429224789142609,-0.1293284323066473,0.1038563922047615,-0.11642783135175705,0.09884802688628617,-0.625
2021-07-30,3,0.042196255,0.14706849,0.8107352,-0.10487223,0.19535658,0.36534467,0.0,0.0,-0.10629055500030518,-0.13098940700292588,0.0014183282852172907,-0.09325691809256871,0.08528366073305375,0.0
2021-08-02,5,0.14680687,0.33370164,0.5194915,-0.18689474,0.5715722,0.959053,0.2,0.4,-0.12821009308099746,-0.13528643734753132,-0.05868465155363084,-0.0907342756787936,0.08992676562559641,0.6666666666666667
2021-08-03,3,0.35674176,0.1367184,0.50653976,0.22002335,0.55564195,0.34790686,0.3333333333333333,0.0,-0.049328429996967314,-0.10266549549996853,0.26935177892446516,-0.02391454080740611,0.1734719862452675,-0.4
2021-08-04,7,0.32452828,0.30290172,0.37257,0.021626549,0.6951974,0.93152136,0.2857142857142857,0.2857142857142857,-0.0061105858534574505,-0.08498145071789623,0.027737134695053102,0.018251717711488407,0.15411186735748345,1.3333333333333335
2021-08-05,6,0.15426122,0.31280768,0.5329311,-0.15854646,0.49647263,0.9245649,0.16666666666666666,0.3333333333333333,-0.041732707247138026,-0.08686148701235652,-0.11681375540792942,0.02770114503800869,0.16675933088274983,-0.1428571428571429
2021-08-06,4,0.24204181,0.35174024,0.40621796,-0.10969843,0.7019114,0.92664945,0.25,0.25,-0.04269794784486294,-0.09300342304632067,-0.06700048185884952,-0.08220611450572808,0.1672294679543596,-0.33333333333333337
2021-08-09,4,0.09698962,0.36266214,0.54034823,-0.26567256,0.30127183,0.7416164,0.0,0.5,-0.05845351181924343,-0.11000307528302074,-0.20721905268728733,-0.17797248562177023,0.18677965246476103,0.0
2021-08-10,2,0.19367182,0.25169188,0.5546363,-0.058020055,0.16156968,0.31116283,0.0,0.0,-0.11406219266355037,-0.10867270817980171,0.05604213736951351,-0.14446368316809335,0.10786073577350459,-0.5
2021-08-11,2,0.49315768,0.044832587,0.46200973,0.4483251,0.61086774,0.04766124,0.5,0.0,-0.028722482919692992,-0.10090805878862738,0.47704758048057555,0.041544159253438316,0.2774839872070585,0.0
2021-08-12,1,0.04034682,0.03142443,0.92822874,0.008922391,0.0,0.03142443,0.0,0.0,0.004771287739276886,-0.09686099095270037,0.004151102900505066,0.13307581096887589,0.2678353785683977,-0.5
2021-08-13,1,0.50039333,0.42245936,0.07714725,0.07793397,0.0,0.42245936,1.0,0.0,0.042297767102718355,-0.07290006531402468,0.03563620001077652,0.17839381843805313,0.26084067849272013,0.0
2021-08-16,4,0.30073407,0.27607918,0.42318678,0.024654925,0.6484325,0.84056884,0.25,0.25,0.10036326497793198,-0.06311551509425044,-0.07570834010839463,0.03717042754093806,0.20047379675361696,3.0
2021-08-17,3,0.09054476,0.6447301,0.26472515,-0.55418533,0.6756386,0.9750807,0.0,0.6666666666666666,0.0011302098631858827,-0.066885847132653,-0.5553155407309532,-0.1505321462949117,0.35877275704316464,-0.25
2021-08-18,1,0.0316325,0.20364018,0.7647273,-0.17200768,0.0,0.20364018,0.0,0.0,-0.12293634563684464,-0.07129007009789348,-0.049071334302425385,-0.23384602864583334,0.25879648139005673,-0.6666666666666667
2021-08-19,2,0.26283893,0.052427463,0.6847335,0.21041146,0.26582438,0.07440257,0.0,0.0,-0.08263853192329407,-0.05097304983064532,0.29304999113082886,-0.17192718386650085,0.297286452277569,1.0
2021-08-20,3,0.04630967,0.61678797,0.33690235,-0.5704783,0.5097836,0.9586057,0.0,0.6666666666666666,-0.21232098937034607,-0.07975293127819896,-0.3581573307514191,-0.17735818028450012,0.3469990531277466,0.5
2021-08-23,6,0.072489016,0.33574402,0.59176695,-0.26325503,0.38068172,0.94645065,0.0,0.3333333333333333,-0.2699029803276062,-0.08905083006247878,0.006647950410842873,-0.2077739636103312,0.3207380690024792,1.0
2021-08-24,1,0.8044225,0.007903545,0.18767397,0.796519,0.0,0.007903545,1.0,0.0,0.00023788213729858398,-0.040505632665008305,0.796281099319458,-0.012404789527257284,0.5251310678084836,-0.8333333333333334
2021-08-25,4,0.08804496,0.17558381,0.7363713,-0.087538846,0.21817091,0.44678074,0.0,0.0,0.01713164895772934,-0.03515944136306644,-0.10467049479484558,0.14857503523429236,0.5195333909005798,3.0
2021-08-26,3,0.040783092,0.023180276,0.9360366,0.017602816,0.014781352,0.036683057,0.0,0.0,-0.021430079638957978,-0.0352575077675283,0.03903289586305618,0.24219431728124619,0.5086422808391935,-0.25
2021-08-27,5,0.3909439,0.21719818,0.39185792,0.17374572,0.6918543,0.8146146,0.4,0.2,0.12741472870111464,-0.021326610352844,0.04633099287748338,0.03460323065519333,0.40642761273807154,0.6666666666666667
2021-08-30,3,0.04397132,0.36633146,0.5896972,-0.32236016,0.31442368,0.6306271,0.0,0.3333333333333333,0.11559370309114456,-0.028099881019443274,-0.43795386105775835,-0.04367054005463918,0.421221296568066,-0.4
2021-08-31,4,0.40186217,0.45063174,0.14750607,-0.04876958,0.830048,0.94623,0.5,0.5,-0.05346400886774063,-0.041539527382701634,0.004694430530071257,-0.06579467157522838,0.18039056684789873,0.33333333333333326
2021-09-01,2,0.29008514,0.015892731,0.6940221,0.27419242,0.36028472,0.021112625,0.5,0.0,0.01888224482536316,-0.028911233693361283,0.25531017780303955,-0.032312437891960144,0.22923283299954408,-0.5
2021-09-02,3,0.16136424,0.25923464,0.5794011,-0.09787042,0.49035737,0.66113645,0.0,0.3333333333333333,-0.004212401807308197,-0.025877431407570838,-0.09365801513195038,0.04251747578382492,0.2351348020158469,0.5
2021-09-03,5,0.2285578,0.3075926,0.4638496,-0.079034805,0.5622148,0.934735,0.2,0.2,-0.05476850718259811,-0.024344250187277795,-0.02426629811525345,0.032429066797097526,0.21348489402508514,0.6666666666666667
2021-09-07,5,0.2286214,0.36423647,0.4071421,-0.13561511,0.69473755,0.9616239,0.2,0.2,-0.017419497668743133,-0.0178413774818182,-0.11819561272859573,-0.104173444211483,0.16602660858377813,0.0
2021-09-08,7,0.16661432,0.50176436,0.33162132,-0.33515003,0.539478,0.94961345,0.14285714285714285,0.5714285714285714,-0.07469558864831924,-0.031697876378893854,-0.26045444458723066,-0.1832666496435801,0.22012862814468423,0.3999999999999999
2021-09-09,3,0.1114296,0.38623428,0.50233614,-0.27480468,0.44921958,0.8354848,0.0,0.3333333333333333,-0.1844950094819069,-0.06785436533391476,-0.09030967205762863,-0.24852327505747476,0.1138723981959695,-0.5714285714285714
2021-09-10,2,0.11787624,0.56670946,0.31541434,-0.44883323,0.7190642,0.96510136,0.0,0.5,-0.25468757152557375,-0.09074214622378349,-0.19414565563201902,-0.3529293139775594,0.14966929105791393,-0.33333333333333337
2021-09-13,3,0.36225954,0.024693346,0.6130471,0.33756623,0.49153686,0.03184887,0.3333333333333333,0.0,-0.17136736512184142,-0.07776053324341774,0.5089335918426514,-0.1286905606587728,0.3061057701273894,0.5
2021-09-14,4,0.090374894,0.45236093,0.45726416,-0.36198604,0.38931334,0.88456875,0.0,0.5,-0.21664155125617982,-0.09709258154034614,-0.14534448981285095,-0.1577510138352712,0.3160741472631339,0.33333333333333326
2021-09-15,2,0.24060443,0.22534117,0.5340544,0.015263259,0.27523994,0.42012504,0.0,0.5,-0.1465588927268982,-0.06862015202641487,0.16182215213775636,-0.00305218497912089,0.32202063289844857,-0.5
2021-09-16,4,0.2239098,0.72537065,0.050719634,-0.5014608,0.81975484,0.9624013,0.25,0.75,-0.19189011454582214,-0.08509280756115914,-0.3095706760883331,-0.28272785743077594,0.3584769617706571,1.0
2021-09-17,3,0.02343472,0.6958718,0.28069356,-0.672437,0.4963342,0.9698489,0.0,0.6666666666666666,-0.23661087155342103,-0.12923523113131524,-0.4358261406421661,-0.3862115144729614,0.408940324395507,-0.25
2021-09-20,4,0.058193836,0.15411766,0.7876885,-0.09592382,0.19646412,0.3719832,0.0,0.0,-0.3233088806271553,-0.10550750605762005,0.2273850619792938,-0.42327387382586795,0.28348700960215945,0.33333333333333326
2021-09-21,2,0.026515618,0.5327902,0.44069415,-0.5062746,0.57039785,0.9381356,0.0,0.5,-0.3521665886044502,-0.11765848360955715,-0.15410799235105516,-0.42487847059965134,0.2954979808141598,-0.5
2021-09-22,5,0.26221788,0.2549631,0.482819,0.0072547616,0.40543392,0.5245945,0.2,0.4,-0.3537682881578803,-0.15712169460020958,0.36102304980158806,-0.19831454598655304,0.2930198002078278,1.5
2021-09-23,2,0.061955944,0.46418342,0.47386065,-0.4022275,0.49012423,0.8503086,0.0,0.5,-0.33392162825912236,-0.17285612686537205,-0.06830586288124324,-0.3004157701507211,0.28372882422114326,-0.6
2021-09-24,3,0.14093097,0.076561674,0.7825074,0.06436929,0.10756131,0.14823094,0.0,0.0,-0.18656036760658026,-0.1705178031232208,0.25092965867370365,-0.11020114614317815,0.2537097102626401,0.5
2021-09-27,7,0.14186792,0.46842262,0.3897094,-0.32655472,0.5636494,0.95520157,0.0,0.5714285714285714,-0.23268654700368643,-0.19553282498382032,-0.0938681686297059,-0.22147097190221152,0.2540766516573527,1.3333333333333335
2021-09-28,4,0.07711655,0.566757,0.3561264,-0.4896405,0.49344957,0.9690607,0.0,0.5,-0.22935973163694143,-0.20389684229157864,-0.26028077248483894,-0.2506086428960164,0.24966946395396986,-0.4285714285714286
2021-09-29,4,0.27582812,0.5021677,0.22200415,-0.22633955,0.68664277,0.943236,0.25,0.5,-0.2760785937309265,-0.21277534081600608,0.04973904490470887,-0.3475115895271301,0.21357013345808593,0.0
2021-09-30,3,0.11799268,0.40193644,0.48007083,-0.2839438,0.5142425,0.91981125,0.0,0.3333333333333333,-0.25242185592651367,-0.24068215205334126,-0.03152194619178772,-0.3333079516887665,0.20236039545131135,-0.25
2021-10-01,5,0.25906423,0.66139114,0.079544626,-0.4023269,0.72315204,0.95906997,0.4,0.6,-0.3457610964775085,-0.2559049767907709,-0.05656581521034243,-0.30420342087745667,0.10289891202647329,0.6666666666666667
2021-10-04,11,0.20835844,0.4594981,0.33214343,-0.25113967,0.6297064,0.94941837,0.18181818181818182,0.45454545454545453,-0.33067808747291566,-0.2645102200563997,0.0795384168624878,-0.31247012813886005,0.1115791061867707,1.2000000000000002
2021-10-05,3,0.021881605,0.66409343,0.31402496,-0.64221185,0.48236218,0.9419013,0.0,0.6666666666666666,-0.3611923575401306,-0.2898400572594255,-0.2810194969177246,-0.4318928122520447,0.17097384480239905,-0.7272727272727273
2021-10-06,8,0.27529275,0.26165313,0.46305412,0.013639631,0.67897946,0.95909154,0.25,0.25,-0.31319652162492273,-0.27240057406015694,0.3268361523747444,-0.2932372981061538,0.2386021586906902,1.6666666666666665
2021-10-07,3,0.58572906,0.11315828,0.3011127,0.4725708,0.32912222,0.20758662,0.6666666666666666,0.0,-0.16189359985291957,-0.23503179964609444,0.6344644065946341,-0.05200047232210636,0.42715209895703843,-0.625
2021-10-08,7,0.2593043,0.4419754,0.29872027,-0.18267111,0.57018924,0.9271602,0.2857142857142857,0.42857142857142855,-0.1179624404758215,-0.22172369402833284,-0.06470867432653904,0.1011797742297252,0.40706555259567684,1.3333333333333335
2021-10-11,7,0.13127422,0.08660715,0.7821187,0.044667073,0.17944385,0.3790758,0.0,0.0,-0.058801091834902765,-0.23636865173466504,0.10346816442906856,0.11152225484450658,0.40435792142299143,0.0
2021-10-12,5,0.12052729,0.7752421,0.104230665,-0.65471476,0.57488096,0.9584218,0.2,0.8,-0.06130167357623577,-0.25100508783943953,-0.5934130895882845,-0.264239601790905,0.40888110608651,-0.2857142857142857
2021-10-13,4,0.083315335,0.5525906,0.36409408,-0.46927524,0.38444424,0.90909374,0.0,0.75,-0.15788464695215226,-0.27523201261647046,-0.3113905891776085,-0.3597743089000384,0.44241380815249504,-0.19999999999999996
2021-10-14,5,0.55294627,0.25039834,0.1966554,0.30254793,0.7965913,0.9434221,0.6,0.2,-0.19188922196626662,-0.23503157650120557,0.4944371536374092,-0.27381402254104614,0.38459798339690865,0.25
2021-10-15,5,0.36341828,0.36276746,0.27381426,0.00065085886,0.5926241,0.8709669,0.4,0.2,-0.15522482723463327,-0.20137718294863588,0.15587568609043956,-0.05535881520093729,0.3943119816052942,0.0
2021-10-18,6,0.16286904,0.3942094,0.44292152,-0.23134041,0.5539522,0.96293175,0.0,0.5,-0.21042632341850548,-0.20814801243250258,-0.020914084906689834,0.023952794067251187,0.37832807836349935,0.19999999999999996
2021-10-19,7,0.2817881,0.40302306,0.31518883,-0.12123499,0.59621674,0.9079906,0.42857142857142855,0.42857142857142855,-0.10373036891687662,-0.18889603291754611,-0.017504621739499265,-0.11730818004192163,0.28555703551380973,0.16666666666666674
2021-10-20,2,0.510357,0.40423852,0.085404485,0.1061185,0.95743334,0.7687583,0.5,0.5,0.01134837835561484,-0.18395284598809666,0.0947701218770817,-0.08215229958295822,0.20637901400964948,-0.7142857142857143
2021-10-21,7,0.3790007,0.4786239,0.14237536,-0.0996232,0.8192597,0.97378075,0.42857142857142855,0.5714285714285714,-0.06908584863413125,-0.16882263159495778,-0.030537354643456638,-0.03824656456708908,0.1280023216744546,2.5
2021-10-22,6,0.27283332,0.31452692,0.41263977,-0.041693598,0.6711036,0.91331106,0.16666666666666666,0.3333333333333333,-0.07755474001169205,-0.17412577604991383,0.035861141979694366,-0.011732767025629679,0.12355858310118581,-0.1428571428571429
2021-10-25,4,0.06796709,0.31822985,0.613803,-0.25026277,0.49956682,0.97175026,0.0,0.25,-0.08133921176195144,-0.17031117862206885,-0.16892355531454087,-0.13052652279535928,0.12958907509289985,-0.33333333333333337
2021-10-26,4,0.2596929,0.2714839,0.46882325,-0.011790961,0.73756075,0.944377,0.25,0.25,-0.05945040583610535,-0.1464187014673371,0.047659444808959964,-0.10124910871187846,0.13040609688211935,0.0
2021-10-27,6,0.25539428,0.68783206,0.056773663,-0.43243775,0.81335,0.96879244,0.3333333333333333,0.6666666666666666,-0.1671616554260254,-0.15672361141187138,-0.2652760922908783,-0.23149715860684714,0.17444263277757566,0.5
2021-10-28,6,0.06793649,0.3367877,0.5952758,-0.2688512,0.5250304,0.96595675,0.0,0.3333333333333333,-0.20100725293159485,-0.15596898084622807,-0.06784393787384033,-0.2376932998498281,0.17447967306825232,0.0
2021-10-29,4,0.8379255,0.042681705,0.1193928,0.7952438,0.15280952,0.049971215,1.0,0.0,-0.03361977338790893,-0.09609044527751394,0.8288635730743408,0.03131828705469767,0.48703570272648794,-0.33333333333333337
2021-11-01,6,0.39016637,0.36002052,0.24981315,0.030145854,0.76058155,0.926712,0.5,0.3333333333333333,0.02246195077896118,-0.08202616905909962,0.007683902978897095,0.18551282087961832,0.47175766355313,0.5
2021-11-02,3,0.314854,0.60166043,0.08348561,-0.2868064,0.98100907,0.88933635,0.3333333333333333,0.6666666666666666,-0.032541137933731076,-0.0642558965657372,-0.2542652666568756,0.1795277496178945,0.4923332528152429,-0.5
2021-11-03,7,0.2041353,0.1355144,0.6603503,0.068620905,0.3908896,0.669634,0.14285714285714285,0.14285714285714285,0.0676705926656723,-0.061506832839222626,0.0009503126144409235,-0.0626798818508784,0.43865494213363176,1.3333333333333335
2021-11-04,4,0.23182502,0.6825035,0.08567145,-0.45067847,0.73452455,0.88851565,0.25,0.75,0.03130513727664948,-0.10766929656383581,-0.4819836050271988,-0.22295465568701425,0.47919182980007835,-0.4285714285714286
2021-11-05,7,0.123631,0.646027,0.23034199,-0.522396,0.56087285,0.95887995,0.14285714285714285,0.7142857142857143,-0.2322228282690048,-0.12465554222580977,-0.2901731997728348,-0.30148453017075855,0.27122269282640993,0.75
2021-11-08,7,0.061364386,0.51196826,0.42666742,-0.4506038,0.4051402,0.97457576,0.0,0.42857142857142855,-0.3283727616071701,-0.14941908650216645,-0.12223105132579803,-0.4745594362417857,0.23815744643284695,0.0
2021-11-09,5,0.026105678,0.58240944,0.39148492,-0.55630374,0.52999425,0.97433233,0.0,0.6,-0.38227222859859467,-0.14449853532132692,-0.17403151094913483,-0.5097678601741791,0.25621030576714243,-0.2857142857142857
2021-11-10,2,0.47010285,0.5050496,0.024847575,-0.03494677,1.3152759,0.97269297,0.5,0.5,-0.4029857635498047,-0.12278211198863573,0.3680389940738678,-0.34728477398554486,0.21080796169149904,-0.6
2021-11-11,2,0.50256324,0.111740924,0.3856959,0.3908223,0.7091974,0.18699002,0.5,0.0,-0.23468561172485353,-0.11836839400348254,0.62550790309906,-0.06680940588315327,0.4074284953696944,0.0
2021-11-12,3,0.07537401,0.7374446,0.18718137,-0.6620706,0.4913801,0.9616218,0.0,0.6666666666666666,-0.26262052059173585,-0.1515044655650854,-0.39945005178451537,-0.10206501682599385,0.43588150357165606,0.5
2021-11-15,6,0.19026743,0.4915861,0.31814647,-0.30131868,0.74430966,0.96387887,0.16666666666666666,0.5,-0.23276349306106567,-0.15500337891280652,-0.06855518221855164,-0.19085565209388733,0.424756800750592,1.0
2021-11-16,1,0.75163454,0.102616794,0.14574869,0.64901775,0.0,0.102616794,1.0,0.0,0.00830080509185791,-0.11649074181914329,0.6407169461250305,-0.10479049881299336,0.525350657080447,-0.8333333333333334
2021-11-17,4,0.10403556,0.42447585,0.4714886,-0.3204403,0.27641925,0.71530265,0.0,0.5,-0.0487978994846344,-0.13781868144869805,-0.271642392873764,0.00908626119295756,0.5463223173422134,3.0
2021-11-18,1,0.065585054,0.7235992,0.21081582,-0.6580141,0.0,0.7235992,0.0,1.0,-0.2585651814937592,-0.16573822721838952,-0.39944893717765806,-0.10981221993764241,0.536595570287032,-0.75
2021-11-19,4,0.08482843,0.18418053,0.730991,-0.09935211,0.20413998,0.48296148,0.0,0.25,-0.14602148830890654,-0.16862115263938904,0.046669381856918324,-0.3592688391606013,0.48758102214433374,3.0
2021-11-22,10,0.1435035,0.13094579,0.7255507,0.012557708,0.32268426,0.6026959,0.1,0.1,-0.08324621170759201,-0.15548012889921664,0.09580391943454743,-0.24826950579881668,0.48276999725380615,1.5
2021-11-23,7,0.23191865,0.41972175,0.3483596,-0.1878031,0.7329162,0.94995123,0.2857142857142857,0.42857142857142855,-0.25061038285493853,-0.16428073607385157,0.06280727833509447,-0.09153250108162563,0.2583289010695747,-0.30000000000000004
2021-11-24,4,0.42118758,0.33536866,0.24344376,0.0858189,0.84580255,0.9720705,0.5,0.25,-0.1693585440516472,-0.13836790360510348,0.25517744570970535,-0.029808831711610157,0.2925040278283966,-0.4285714285714286
2021-11-26,3,0.062721476,0.38031134,0.5569672,-0.31758985,0.54849577,0.9522823,0.0,0.3333333333333333,-0.1012736901640892,-0.1408048365265131,-0.2163161590695381,-0.13985801736513773,0.15987881173553506,-0.25
2021-11-29,5,0.1683879,0.7330092,0.098602906,-0.56462127,0.594367,0.96285504,0.2,0.8,-0.19432752281427385,-0.20879808999598026,-0.37029374688863753,-0.26546407242616016,0.2615516898693002,0.6666666666666667
2021-11-30,5,0.17738576,0.6230923,0.19952194,-0.44570655,0.61362594,0.9515793,0.2,0.6,-0.28598037362098694,-0.23259070999920367,-0.15972617268562317,-0.44263922174771625,0.25101087398000377,0.0
2021-12-01,6,0.2265269,0.53661346,0.23685962,-0.31008658,0.6859083,0.90725493,0.16666666666666666,0.6666666666666666,-0.31043706834316254,-0.23375471867620945,0.0003504902124404907,-0.4401381313800812,0.2449375016044194,0.19999999999999996
2021-12-02,7,0.117641464,0.2161037,0.6662548,-0.09846224,0.3578132,0.8783968,0.0,0.14285714285714285,-0.347293296456337,-0.2421088758856058,0.24883105754852297,-0.2847517877817154,0.17399723098927813,0.16666666666666674
2021-12-03,5,0.22330663,0.48972002,0.2869734,-0.26641336,0.5994526,0.95841795,0.2,0.4,-0.33705799877643583,-0.23289562053978444,0.07064463794231413,-0.22498739262421927,0.1776482537094759,-0.2857142857142857
2021-12-06,3,0.027564412,0.55524164,0.41719398,-0.52767724,0.46166605,0.9650562,0.0,0.6666666666666666,-0.32966919243335724,-0.23315968103706836,-0.19800804555416107,-0.2975176125764847,0.16621769458370178,-0.4
2021-12-07,3,0.38837686,0.31417868,0.2974445,0.074198164,0.65786034,0.6515322,0.3333333333333333,0.3333333333333333,-0.22568825036287307,-0.20691958218812942,0.2998864144086838,-0.23996414492527643,0.22698969169167185,0.0
2021-12-08,3,0.049151745,0.26636487,0.68448335,-0.21721311,0.30472586,0.6422786,0.0,0.3333333333333333,-0.20711355656385422,-0.18996505066752434,-0.010099552571773529,-0.22356406102577844,0.2221041054197878,0.0
2021-12-09,5,0.041645538,0.49445897,0.4638955,-0.4528134,0.34931076,0.94927216,0.0,0.6,-0.2779837861657143,-0.2108583815395832,-0.17482960075139997,-0.19860944400231043,0.23493152468614237,0.6666666666666667
2021-12-10,7,0.19613853,0.41508245,0.38877898,-0.21894391,0.7147614,0.9606438,0.14285714285714285,0.42857142857142855,-0.268489895761013,-0.24134669154882432,0.04954598695039747,-0.29632346828778583,0.23647010792386153,0.3999999999999999
2021-12-13,6,0.26411226,0.23170696,0.5041808,0.032405306,0.5792086,0.8411197,0.16666666666666666,0.16666666666666666,-0.15647338703274727,-0.20662289764732122,0.18887869268655777,-0.21311733002463976,0.21464726907869705,-0.1428571428571429
2021-12-14,5,0.05158335,0.4057929,0.5426238,-0.3542095,0.4187968,0.9587623,0.0,0.4,-0.24215492233633995,-0.20926743950694798,-0.11205459013581276,-0.18024937187631926,0.1826727838641178,-0.16666666666666663
2021-12-15,8,0.40798366,0.17883985,0.41317648,0.22914381,0.6105908,0.9356271,0.375,0.125,-0.1528835378587246,-0.23026113640516996,0.38202735111117364,-0.030886797855297726,0.28068259990056726,0.6000000000000001
2021-12-16,3,0.49287263,0.39687684,0.1102505,0.09599576,0.87383467,0.8908131,0.6666666666666666,0.3333333333333333,-0.04312170818448067,-0.20943933371454476,0.13911746963858604,-0.009689979255199432,0.23815729180041692,-0.625
2021-12-17,1,0.06310755,0.89360785,0.043284487,-0.8305003,0.0,0.89360785,0.0,1.0,-0.16543298736214637,-0.21806364301592113,-0.6650673173367977,-0.16845357666412988,0.43044365063749074,-0.6666666666666667
2021-12-20,3,0.04623625,0.34101084,0.6127529,-0.29477462,0.561609,0.95601434,0.0,0.3333333333333333,-0.23086897283792496,-0.2278347687795758,-0.06390564888715744,-0.3430930549899737,0.4175245120698895,2.0
2021-12-21,2,0.030452583,0.5113706,0.4581768,-0.48091802,0.61387074,0.9351651,0.0,0.5,-0.2562106743454933,-0.25250855516642334,-0.22470734566450118,-0.5353976488113403,0.43052511564794366,-0.33333333333333337
2021-12-22,3,0.042936508,0.60011464,0.35694885,-0.55717814,0.40103346,0.904481,0.0,0.6666666666666666,-0.4134750649333,-0.27097730692476035,-0.14370307475328448,-0.44429026047388714,0.34378754145631485,0.5
2021-12-23,4,0.30055177,0.29515058,0.40429768,0.0054011717,0.74081916,0.92615265,0.25,0.25,-0.4315939828753471,-0.27499819342046977,0.4369951546192169,-0.34423166265090305,0.31105256686704863,0.33333333333333326
2021-12-27,4,0.5257783,0.18426138,0.28996035,0.3415169,0.6405402,0.46460384,0.5,0.25,-0.19719053953886032,-0.2420428553596139,0.5387074515223503,-0.07008668531974156,0.3711011076300204,0.0
2021-12-28,1,0.045493778,0.88854957,0.06595664,-0.8430558,0.0,0.88854957,0.0,1.0,-0.30684677213430406,-0.25596458110958337,-0.536209012567997,-0.16537923365831375,0.4739095228563374,-0.75
2021-12-29,2,0.05741717,0.43548483,0.50709796,-0.37806767,0.5632535,0.8391782,0.0,0.5,-0.28627670258283616,-0.25258263740688564,-0.09179096966981887,-0.29320218165715534,0.46664143672781366,1.0
2021-12-30,1,0.055550292,0.09191118,0.8525385,-0.03636089,0.0,0.09191118,0.0,0.0,-0.18211325258016586,-0.23889635298401118,0.14575236290693283,-0.41916144887606305,0.44884215633691604,-0.5
2021-12-31,3,0.33348906,0.2563415,0.41016945,0.07714758,0.6913706,0.7466369,0.3333333333333333,0.3333333333333333,-0.16776397079229355,-0.2301158620044589,0.2449115514755249,-0.11242699374755223,0.4574008461176061,2.0
2022-01-03,6,0.06960912,0.40261865,0.52777225,-0.33300957,0.44687122,0.9212986,0.0,0.3333333333333333,-0.3026692673563957,-0.23344567250460385,-0.030340303480625164,-0.09740762660900752,0.35840062488939206,1.0
2022-01-04,4,0.38791457,0.5680206,0.044064876,-0.18010603,0.9295111,0.9648461,0.5,0.5,-0.17007931619882583,-0.21606711205095053,-0.010026712715625774,-0.14532267302274704,0.19294281227395693,-0.33333333333333337
2022-01-05,2,0.4770502,0.030698478,0.49225134,0.4463517,0.5568231,0.03170925,0.5,0.0,-0.005195440351963043,-0.19745943490415813,0.451547147333622,-0.02225463092327118,0.29567816234323097,-0.5
2022-01-06,2,0.13571268,0.67608094,0.1882064,-0.5403682,0.052284725,0.7188165,0.0,1.0,-0.10599690228700638,-0.2136171894147992,-0.43437129706144334,-0.09137417376041412,0.38220944057086853,0.0
2022-01-07,5,0.28076664,0.3392919,0.3799415,-0.058525264,0.6240244,0.89354855,0.2,0.4,-0.13313147127628328,-0.19390278328210114,0.0746062070131302,-0.050847252209981285,0.370596295329921,1.5
2022-01-10,5,0.09067227,0.1985702,0.71075755,-0.10789792,0.34605342,0.70820177,0.0,0.2,-0.08810914158821107,-0.18835048396140336,-0.019788780808448786,-0.23559712866942087,0.3535240030398887,0.0
2022-01-11,4,0.22118583,0.29800105,0.4808131,-0.07681522,0.67561245,0.9497678,0.25,0.25,-0.06745097935199737,-0.19381151013076306,-0.009364238381385809,-0.08107946813106537,0.34980251928939204,-0.19999999999999996
2022-01-12,3,0.32461593,0.6351617,0.04022231,-0.3105458,1.0372944,0.9372323,0.3333333333333333,0.6666666666666666,-0.21883048117160797,-0.19162832461297513,-0.09171532094478607,-0.1650863140821457,0.2061372931569069,-0.25
2022-01-13,4,0.13730717,0.5650293,0.2976635,-0.42772216,0.503891,0.9416125,0.0,0.75,-0.19630127251148224,-0.22447162307798862,-0.2314208835363388,-0.2716943919658661,0.16407447693668592,0.33333333333333326
2022-01-14,9,0.16873148,0.41491312,0.41635534,-0.24618165,0.6386183,0.96900934,0.1111111111111111,0.4444444444444444,-0.23383255004882814,-0.24158049374818802,-0.012349101901054371,-0.32814987003803253,0.14503842229245414,1.25
2022-01-18,9,0.06739323,0.65274787,0.27985892,-0.5853546,0.5504401,0.9701965,0.0,0.6666666666666666,-0.32932389080524443,-0.22932320982217788,-0.256030735373497,-0.4197528113921483,0.19121966068623886,0.0
2022-01-19,5,0.43076912,0.1474334,0.4217975,0.28333575,0.3495073,0.40074843,0.4,0.2,-0.2572936981916428,-0.2004176914691925,0.540629443526268,-0.18273351093133292,0.3285990303814833,-0.4444444444444444
2022-01-20,3,0.07449827,0.0742386,0.8512631,0.00025967447,0.02942067,0.10220376,0.0,0.0,-0.19513260287349113,-0.17635880674497456,0.19539227734785528,-0.10058640212325069,0.3449953751190241,-0.4
2022-01-21,3,0.022915281,0.9113552,0.06572961,-0.88843983,0.06533511,0.9701325,0.0,1.0,-0.2872761384875048,-0.19292189146653982,-0.6011636956303846,-0.20161480476963334,0.4637380985768661,0.0
2022-01-24,6,0.16064264,0.32226565,0.5170917,-0.16162299,0.4406229,0.871674,0.0,0.5,-0.2703644053370226,-0.20127309936360688,0.10874141913955099,-0.34993438194699894,0.46714077657399344,1.0
2022-01-25,5,0.08336427,0.6373813,0.27925447,-0.554017,0.346773,0.9356503,0.0,0.8,-0.26409688157145866,-0.24604979533032748,-0.28992012577946297,-0.5346932758887609,0.46204046648675584,-0.16666666666666663
2022-01-26,5,0.39787072,0.39620683,0.20592245,0.0016638696,0.64761806,0.92322654,0.4,0.4,-0.3204312567191664,-0.2038138126154081,0.32209512631525283,-0.2379920413174356,0.3901935601174834,0.0
2022-01-27,5,0.34178787,0.39910603,0.2591061,-0.05731815,0.7698769,0.91308194,0.4,0.4,-0.3319468218134716,-0.18777633655263343,0.27462867081630976,-0.20322376291733235,0.37905370638087804,0.0
2022-01-28,4,0.2318519,0.42057303,0.3475751,-0.18872112,0.57747537,0.9739378,0.25,0.5,-0.1920030790613964,-0.19539434808684747,0.003281958703882981,-0.08145846725286295,0.21658411900514252,-0.19999999999999996
2022-01-31,5,0.24837974,0.28975427,0.461866,-0.041374546,0.44211373,0.7290236,0.2,0.2,-0.16795339093077927,-0.20132045439822832,0.12657884538639336,-0.0958046056330204,0.22721619110007304,0.25
2022-02-01,7,0.5111161,0.37680098,0.11208298,0.13431507,0.64173806,0.9266341,0.5714285714285714,0.2857142857142857,-0.030286974762566386,-0.17795422218187013,0.16460204825270922,-0.031926864137252174,0.11626444850972839,0.3999999999999999
2022-02-02,4,0.2925986,0.29617363,0.41122773,-0.003575027,0.74614924,0.9417964,0.25,0.25,-0.03133475407958031,-0.1691276720855967,0.027759727090597153,0.029788500318924587,0.11592763954319425,-0.4285714285714286
2022-02-03,9,0.22105935,0.48549426,0.29344642,-0.26443493,0.6164663,0.964911,0.2222222222222222,0.4444444444444444,-0.07275811061263085,-0.2046670041178004,-0.1916768230497837,-0.04456496238708496,0.15719252122324315,1.25
2022-02-04,9,0.35072288,0.3733729,0.2759042,-0.02265005,0.76237583,0.94857967,0.3333333333333333,0.3333333333333333,-0.039543896540999414,-0.17878109665034572,0.016893846541643144,-0.09688667021691799,0.1435143136950371,0.0
2022-02-07,6,0.33097646,0.17141517,0.4976084,0.15956128,0.60903776,0.81834143,0.3333333333333333,0.16666666666666666,0.0006432678550481796,-0.16787676961539547,0.15891800858080388,-0.04250790240863959,0.16878233813170707,-0.33333333333333337
2022-02-08,4,0.47851288,0.28533235,0.23615478,0.19318052,0.8736947,0.9581764,0.5,0.25,0.012416356429457664,-0.15282284767745297,0.1807641599327326,0.11003058093289535,0.18197480802907418,-0.33333333333333337
2022-02-09,6,0.08631381,0.24405569,0.6696305,-0.1577419,0.27529806,0.61948615,0.0,0.3333333333333333,-0.01841701902449131,-0.1568691820037202,-0.13932488523423672,0.0649999628464381,0.1977396945205019,0.5
2022-02-10,6,0.46948898,0.3720987,0.1584123,0.09739024,0.77113086,0.89388067,0.5,0.3333333333333333,0.05394801609218121,-0.1364723798018531,0.04344222582876682,0.044276284674803414,0.14414139150843525,0.0
2022-02-11,2,0.046835896,0.5544429,0.39872125,-0.507607,0.13773458,0.6682074,0.0,0.5,-0.043043370544910434,-0.14046662115870276,-0.46456361263990403,-0.1893195485075315,0.29391625978288705,-0.6666666666666667
2022-02-14,6,0.090147786,0.18498488,0.72486734,-0.0948371,0.4037915,0.9326071,0.0,0.16666666666666666,-0.09392304569482804,-0.13289939352689545,-0.0009140536189079229,-0.16835128019253412,0.27121822933931805,2.0
2022-02-15,3,0.10963433,0.37392116,0.5164445,-0.26428682,0.49238005,0.8599771,0.0,0.3333333333333333,-0.18541651219129562,-0.11684600302396575,-0.07887030392885208,-0.28891029953956604,0.22303441358556161,-0.5
2022-02-16,5,0.3951833,0.3992118,0.20560487,-0.0040284633,0.87681174,0.90109986,0.4,0.4,-0.15467382399365306,-0.13121421345422277,0.15064536072313786,-0.1210507929014663,0.237901016471557,0.6666666666666667
2022-02-17,3,0.34459642,0.5309912,0.12441238,-0.18639477,0.9729212,0.9082617,0.3333333333333333,0.6666666666666666,-0.2114308255724609,-0.14054693547659552,0.025036059599369775,-0.15157001512125134,0.19219177482815097,-0.4
2022-02-18,3,0.059663106,0.20331256,0.7370243,-0.14364946,0.19699162,0.4314812,0.0,0.0,-0.13863932071253657,-0.10330741671496071,-0.005010138172656303,-0.11135756270959973,0.09763669223131867,0.0
2022-02-22,14,0.15922968,0.4987979,0.3419724,-0.3395682,0.44106784,0.9239773,0.14285714285714285,0.6428571428571429,-0.18758554039523007,-0.1122046772914473,-0.1519826573319733,-0.22320414086182913,0.12708935005761307,3.666666666666667
2022-02-23,9,0.18324494,0.53158593,0.28516912,-0.34834096,0.63231844,0.9488166,0.2222222222222222,0.5555555555555556,-0.20439636884257198,-0.10192087484174409,-0.14394458951428532,-0.27718620498975116,0.14418131860007374,-0.3571428571428571
2022-02-24,6,0.109692186,0.44884852,0.44145927,-0.33915636,0.35513234,0.84985965,0.0,0.5,-0.2714219480752945,-0.1189618862932548,-0.06773441135883329,-0.3423551718393962,0.09836644074139007,-0.33333333333333337
2022-02-25,9,0.0603222,0.5995033,0.34017447,-0.5391811,0.36756146,0.9662846,0.0,0.5555555555555556,-0.3419792175292969,-0.14305503440555184,-0.19720189571380614,-0.40889281034469604,0.13989061273689404,0.5
2022-02-28,8,0.0440747,0.741729,0.21419626,-0.69765437,0.37760457,0.9501051,0.0,0.75,-0.45278019905090333,-0.16850169671233745,-0.24487416744232177,-0.5253306130568186,0.16129426913528405,-0.11111111111111116
2022-03-01,5,0.37515396,0.3343133,0.29053274,0.040840667,0.80916476,0.95371723,0.4,0.4,-0.3766984261572361,-0.1643909360980615,0.4175390928983688,-0.3986649376650651,0.2765708707058129,-0.375
2022-03-02,7,0.17737423,0.39003113,0.4325946,-0.2126569,0.6420704,0.95280224,0.14285714285714285,0.42857142857142855,-0.34956161454319956,-0.18173953478690236,0.13690471425652506,-0.2898235333462556,0.2865262769794857,0.3999999999999999
2022-03-03,3,0.2863115,0.3200846,0.39360392,-0.03377311,0.74761206,0.8884011,0.3333333333333333,0.3333333333333333,-0.28848496451973915,-0.1832494389032945,0.2547118552029133,-0.06852978095412254,0.31990293621959814,-0.5714285714285714
2022-03-04,8,0.2414327,0.24188475,0.51668257,-0.00045206212,0.5236662,0.93741584,0.125,0.25,-0.18073915429413318,-0.17005029532592744,0.18028709217905997,-0.08229402390619119,0.3047212456429435,1.6666666666666665
2022-03-07,8,0.21905203,0.5306815,0.25026646,-0.31162944,0.62805253,0.9346281,0.25,0.625,-0.10353416986763478,-0.18449926504399627,-0.20809527449309825,-0.11528487193087737,0.15128452788880592,0.0
2022-03-08,6,0.18478332,0.5176131,0.29760358,-0.3328298,0.72323567,0.96578115,0.16666666666666666,0.5,-0.178268263861537,-0.2091188190272078,-0.1545615393668413,-0.2149704365680615,0.1543976226510667,-0.25
2022-03-09,5,0.016469521,0.920097,0.06343349,-0.9036275,0.05369117,0.9597942,0.0,1.0,-0.31646238677203653,-0.26395922058727594,-0.5871651280671358,-0.5160289208094279,0.3622257204250719,-0.16666666666666663
2022-03-10,8,0.34875974,0.53506327,0.11617698,-0.18630356,0.8689068,0.95949656,0.375,0.625,-0.3469684761017561,-0.2653873031726107,0.1606649201363325,-0.4742536246776581,0.3380846330313168,0.6000000000000001
2022-03-11,5,0.21979912,0.5558516,0.22434929,-0.33605245,0.68331116,0.96386117,0.2,0.6,-0.4140885531902313,-0.2870594376465306,0.07803610563278196,-0.4753278394540151,0.2805017322330008,-0.375
2022-03-14,8,0.06377759,0.29244754,0.64377487,-0.22866996,0.4307736,0.95604265,0.0,0.25,-0.39749665558338165,-0.27311258630361407,0.16882669925689697,-0.2503419866164525,0.29035780465344,0.6000000000000001
2022-03-15,5,0.15208085,0.6439902,0.2039289,-0.49190935,0.6886851,0.9567481,0.2,0.6,-0.42931256592273714,-0.2929661990841851,-0.0625967890024185,-0.35221058626969654,0.29021600323834135,-0.375
2022-03-16,7,0.033293664,0.78752863,0.17917764,-0.75423497,0.34249422,0.9497444,0.0,0.8571428571428571,-0.3994340568780899,-0.3174636067589745,-0.35480091273784636,-0.4916047602891922,0.2307799738306263,0.3999999999999999
2022-03-17,5,0.34783837,0.3131427,0.33901894,0.034695685,0.68494534,0.9521903,0.4,0.2,-0.35523420870304107,-0.3155273993499577,0.3899298936128616,-0.40381621321042377,0.2942420239688432,-0.2857142857142857
2022-03-18,5,0.16953392,0.52571535,0.3047507,-0.35618144,0.47192046,0.92866266,0.2,0.6,-0.3592600077390671,-0.32401673318818214,0.003078565001487732,-0.358573575814565,0.29405160970457317,0.0
2022-03-21,7,0.32605854,0.037674062,0.63626736,0.28838447,0.37954965,0.09836678,0.2857142857142857,0.0,-0.25584912300109863,-0.3024150368757546,0.5442335903644562,-0.011033763488133749,0.41676910450233406,0.3999999999999999
2022-03-22,2,0.36532065,0.22847556,0.4062038,0.13684508,0.7418281,0.42710468,0.5,0.0,-0.13009823560714723,-0.2785943728871644,0.26694331765174867,0.023016035556793213,0.4225529029155146,-0.7142857142857143
2022-03-23,7,0.24791548,0.26288107,0.48920345,-0.014965594,0.5594642,0.8907852,0.2857142857142857,0.2857142857142857,0.01775563955307007,-0.261925604660064,-0.03272123336791992,0.13675465186436972,0.23906528580952693,2.5
2022-03-24,2,0.18151328,0.42066008,0.39782667,-0.23914678,0.6414064,0.77497447,0.0,0.5,-0.03701285421848297,-0.25692512588575483,-0.20213392972946168,-0.03908909857273102,0.264254987668514,-0.7142857142857143
2022-03-25,3,0.08260283,0.73149234,0.1859048,-0.6488895,0.35066536,0.89646256,0.0,1.0,-0.09555446207523347,-0.26241054432466626,-0.5533350199460983,-0.3010006199280421,0.36561988954807695,0.5
2022-03-28,5,0.17190506,0.18014067,0.6479543,-0.008235621,0.46870995,0.7443785,0.2,0.2,-0.15487847980111838,-0.22793960706330835,0.14664285853505135,-0.2987572957451145,0.3071361251785158,0.6666666666666667
2022-03-29,5,0.1326813,0.44450635,0.42281237,-0.31182504,0.4795773,0.8395667,0.0,0.6,-0.24461250361055137,-0.24557289225049317,-0.06721253339201211,-0.3229833800966541,0.26296340415301384,0.0
2022-03-30,3,0.31015804,0.3379422,0.35189977,-0.02778419,0.63723403,0.68958306,0.3333333333333333,0.3333333333333333,-0.24717622268944978,-0.23632925669662655,0.21939203348010777,-0.1159482824926575,0.2602128739920175,-0.4
2022-03-31,7,0.532116,0.28807303,0.17981097,0.24404298,0.8398003,0.93097997,0.5714285714285714,0.2857142857142857,-0.15053827036172152,-0.22243845234625043,0.39458124805241823,-0.03185541617373625,0.34109394635124635,1.3333333333333335
2022-04-01,9,0.3924784,0.44070816,0.16681342,-0.04822974,0.61890846,0.9607641,0.4444444444444444,0.4444444444444444,-0.03040632177144289,-0.2248273361939937,-0.01782341729849577,0.05600968313713869,0.19706280788232283,0.2857142857142858
2022-04-04,7,0.32688645,0.028372398,0.6447412,0.29851404,0.3006781,0.049799908,0.2857142857142857,0.0,0.03094361014664173,-0.19432016205973923,0.26757042817771437,0.1647757589817047,0.24708955542208982,-0.2222222222222222
2022-04-05,5,0.034618277,0.5886619,0.37671977,-0.55404365,0.35932776,0.91936,0.0,0.6,-0.01750011257827282,-0.20538085442967713,-0.5365435380488635,-0.10125311712423961,0.33808237607002445,-0.2857142857142857
2022-04-06,6,0.19519633,0.2761476,0.52865607,-0.080951266,0.49685544,0.87534106,0.16666666666666666,0.16666666666666666,-0.02813352793455124,-0.1642470419872552,-0.05281773805618286,-0.11216029276450475,0.33932053837895526,0.19999999999999996
2022-04-07,2,0.091165915,0.3246653,0.58416873,-0.23349941,0.52817655,0.63353527,0.0,0.5,-0.12364200502634048,-0.1666068345773965,-0.10985740274190903,-0.28949810812870663,0.30945090865380825,-0.6666666666666667
2022-04-08,8,0.199606,0.37423208,0.42616192,-0.17462607,0.593433,0.939782,0.25,0.375,-0.14892127066850663,-0.15853551556356252,-0.025704796612262715,-0.16302558034658432,0.3069025162233599,3.0
2022-04-11,4,0.050351124,0.4263535,0.52329534,-0.3760024,0.28356445,0.6999828,0.0,0.5,-0.28382455855607985,-0.1659021378029138,-0.09217784255743028,-0.261375958720843,0.1851550812921249,-0.5
2022-04-12,4,0.38264954,0.26993954,0.34741092,0.112710014,0.7882944,0.9573051,0.5,0.25,-0.15047382563352585,-0.1356711693573743,0.2631838396191597,-0.1459728181362152,0.181960734884889,0.0
2022-04-13,4,0.41884696,0.34865502,0.23249799,0.070191935,0.7525981,0.9175419,0.5,0.25,-0.12024518549442291,-0.09444982414133847,0.1904371201992035,-0.06436681747436523,0.2072015771069901,0.0
2022-04-14,7,0.2671774,0.53289133,0.1999313,-0.2657139,0.7980271,0.96265674,0.2857142857142857,0.5714285714285714,-0.12668808400630951,-0.10947030340321362,-0.13902581632137298,-0.027603983879089355,0.21204778214397482,0.75
2022-04-18,14,0.10823876,0.3343187,0.55744255,-0.22607994,0.43194616,0.96445537,0.07142857142857142,0.35714285714285715,-0.13697885870933532,-0.10296522830612957,-0.08910108208656312,-0.14053396880626678,0.21616442722175172,1.0
2022-04-19,2,0.021888934,0.9375092,0.04060185,-0.9156203,0.054553404,0.96395385,0.0,1.0,-0.24490244388580323,-0.16316546802408993,-0.6707178831100464,-0.4691380560398102,0.4116494320139586,-0.8571428571428572
2022-04-20,5,0.23976286,0.4807888,0.27944836,-0.24102595,0.71628255,0.8976611,0.2,0.6,-0.31564963757991793,-0.182059019850567,0.07462368309497835,-0.4609087407588959,0.3622580397923974,1.5
2022-04-21,3,0.2948902,0.16310231,0.5420075,0.13178788,0.5300119,0.4496002,0.3333333333333333,0.3333333333333333,-0.30333044826984407,-0.174721346097067,0.4351183295249939,-0.34161946674187976,0.37930573150454333,-0.4
2022-04-22,3,0.025932163,0.68310076,0.29096705,-0.6571686,0.4471713,0.9535193,0.0,0.6666666666666666,-0.3816213935613632,-0.1956224382389337,-0.2755472332239151,-0.2554689000050227,0.40884912961006287,0.0
2022-04-25,4,0.08709471,0.18584885,0.72705644,-0.098754145,0.18708183,0.46619886,0.0,0.25,-0.3561562344431877,-0.16811567139811814,0.2574020892381668,-0.20804496357838312,0.42462006786989925,0.33333333333333326
2022-04-26,4,0.3205092,0.26558903,0.4139018,0.05492016,0.7749527,0.96612906,0.25,0.25,-0.16204813718795777,-0.16495788237079978,0.2169682964682579,-0.2336675375699997,0.31177025662820085,0.0
2022-04-27,3,0.038173333,0.32713127,0.6346954,-0.28895792,0.5281682,0.9241367,0.0,0.3333333333333333,-0.17163453102111817,-0.16381452670320867,-0.11732339262962341,-0.11093063652515411,0.3155201559383602,-0.25
2022-04-28,4,0.10449486,0.8512438,0.044261344,-0.7467489,0.204643,0.9236194,0.0,1.0,-0.34734189212322236,-0.19976276345551014,-0.39940703213214873,-0.32692889620860416,0.34732473872436576,0.33333333333333326
2022-04-29,7,0.26993313,0.56115836,0.16890852,-0.29122522,0.83650076,0.96530485,0.2857142857142857,0.5714285714285714,-0.27415321171283724,-0.22652617357671262,-0.01707201302051542,-0.4423106908798218,0.3012106640983688,0.75
2022-05-02,5,0.056210756,0.7428776,0.20091172,-0.68666685,0.3701063,0.9677577,0.0,0.8,-0.39173575192689897,-0.25844802893698215,-0.2949310943484306,-0.5748803317546844,0.32908428024539105,-0.2857142857142857
2022-05-03,5,0.28753585,0.19448908,0.5179751,0.09304677,0.4667593,0.66463417,0.2,0.2,-0.38411042988300326,-0.268721392378211,0.477157199382782,-0.29494843383630115,0.3422015913177555,0.0
2022-05-04,5,0.19869173,0.52224874,0.2790595,-0.32355702,0.6851858,0.9733141,0.2,0.4,-0.39103024899959565,-0.2571970608085394,0.06747322976589204,-0.30572569866975147,0.3401400494713784,0.0
2022-05-05,6,0.38145533,0.26583454,0.3527101,0.1156208,0.64566964,0.8966517,0.5,0.16666666666666666,-0.21855630427598954,-0.24736845754086972,0.334177103638649,-0.03829648345708847,0.33324323468594513,0.19999999999999996
2022-05-06,8,0.12933597,0.6726101,0.19805393,-0.5432741,0.52812034,0.9442013,0.125,0.875,-0.2689660802483559,-0.26285719238221644,-0.27430802434682844,-0.25040344148874283,0.3645748771279998,0.33333333333333326
2022-05-09,5,0.041102085,0.4289414,0.5299565,-0.38783932,0.46682048,0.9384693,0.0,0.4,-0.20920057445764542,-0.27351785488426683,-0.17863874286413192,-0.2718308741847674,0.29726112353967543,-0.375
2022-05-10,6,0.19228548,0.59370923,0.2140053,-0.40142372,0.56880444,0.9393947,0.16666666666666666,0.6666666666666666,-0.30809467285871506,-0.2747889209538698,-0.0933290496468544,-0.4441790481408437,0.2500763735819595,0.19999999999999996
2022-05-11,4,0.52038574,0.19311017,0.28650415,0.32727554,0.47783458,0.58004093,0.5,0.25,-0.17792816013097762,-0.26406064443290234,0.5052037045359612,-0.15399583180745444,0.3771247784710696,-0.33333333333333337
2022-05-12,8,0.052202176,0.6580099,0.28978795,-0.6058077,0.3244237,0.9697954,0.0,0.625,-0.32221386432647703,-0.29786062724888324,-0.2835938572883606,-0.22665196657180786,0.374736740755187,1.0
2022-05-13,2,0.51329213,0.35283163,0.13387617,0.16046053,1.082031,0.68810993,0.5,0.5,-0.1814669370651245,-0.2765519056469202,0.3419274687767029,-0.03935721516609192,0.4021097345821043,-0.75
2022-05-16,4,0.30155322,0.12178966,0.5766571,0.17976357,0.51185334,0.35222402,0.25,0.0,-0.06794635951519012,-0.25625973008573055,0.24770992994308472,-0.0885278731584549,0.4093385723204191,1.0
2022-05-17,6,0.2525742,0.57920176,0.16822399,-0.32662758,0.7162079,0.9738098,0.3333333333333333,0.5,-0.052987131476402285,-0.2268100928515196,-0.273640450835228,0.004532173275947571,0.3952284776050866,0.5
2022-05-18,4,0.16292544,0.73685384,0.100220725,-0.5739284,0.67736506,0.9635379,0.25,0.75,-0.2332279235124588,-0.24345521591603755,-0.34070049226284027,-0.24026414255301157,0.3837865948315955,-0.33333333333333337
2022-05-19,5,0.15247497,0.60389024,0.24363485,-0.45141524,0.6330477,0.9623281,0.2,0.6,-0.20234942734241484,-0.27261537201702596,-0.24906581342220308,-0.45065707961718243,0.35113786228374494,0.25
2022-05-20,5,0.29322094,0.4478503,0.25892878,-0.15462935,0.7126239,0.9600176,0.4,0.4,-0.26536740362644196,-0.2474884081631899,0.11073805391788483,-0.393324335416158,0.2932494697619857,0.0
2022-05-23,6,0.27671412,0.3065146,0.4167713,-0.029800495,0.59898305,0.8708281,0.16666666666666666,0.3333333333333333,-0.30728021673858164,-0.24404072565957904,0.2774797216057777,-0.21194836186865965,0.21940132797146245,0.19999999999999996
2022-05-24,2,0.082398474,0.6477791,0.2698225,-0.5653806,0.17078835,0.7637498,0.0,1.0,-0.35503081493079663,-0.2750557622872293,-0.21034975834190844,-0.24993680603802204,0.24869089559753565,-0.6666666666666667
2022-05-25,3,0.27668503,0.49917066,0.22414435,-0.22248562,0.6875961,0.97390795,0.3333333333333333,0.6666666666666666,-0.28474225513637064,-0.2717321469448507,0.062256638333201386,-0.2725555617362261,0.21928195771298506,0.5
2022-05-26,4,0.37745157,0.38992506,0.23262337,-0.012473524,0.77377594,0.96035105,0.5,0.25,-0.19695391170680523,-0.23501837691292166,0.18448038809001446,-0.2667799045642217,0.2236932719865911,0.33333333333333326
2022-05-27,7,0.34299943,0.2623663,0.3946343,0.080633104,0.56713915,0.65298665,0.2857142857142857,0.2857142857142857,-0.14990142099559306,-0.21642546048387884,0.23053452484309672,-0.05144201219081879,0.25707402531840373,0.75
2022-05-31,10,0.2135102,0.37883657,0.40765318,-0.16532639,0.5815244,0.9396791,0.2,0.3,-0.17700659930706025,-0.19035843750461937,0.011680212616920482,-0.032388935486475624,0.24823802171037668,0.4285714285714286
2022-06-01,3,0.055756494,0.6455842,0.29865927,-0.5898277,0.598026,0.97579944,0.0,0.6666666666666666,-0.18189602792263032,-0.22450216179713606,-0.4079316884279251,-0.22484033306439719,0.2578545424037376,-0.7
2022-06-02,6,0.34532282,0.09317372,0.56150347,0.25214908,0.34871733,0.23906687,0.16666666666666666,0.0,-0.08696908950805664,-0.19571685707196593,0.33911816477775575,-0.16766834259033203,0.31923654194378,1.0
2022-06-03,5,0.24358384,0.16004345,0.5963727,0.083540395,0.47355115,0.50332415,0.2,0.2,-0.06776630580425262,-0.19732087729498743,0.15130670070648194,-0.084712748726209,0.3276156434281708,-0.16666666666666663
2022-06-06,5,0.19424722,0.47397214,0.33178064,-0.27972493,0.5291691,0.8531993,0.2,0.8,-0.13983791172504426,-0.18414341835305095,-0.1398870140314102,0.018654848138491314,0.3264431532298005,0.0
2022-06-07,2,0.022026755,0.93192935,0.04604385,-0.90990263,0.051582348,0.95476335,0.0,1.0,-0.28875316083431246,-0.2102465840987861,-0.6211494714021683,-0.3686957210302353,0.476374795590718,-0.6
2022-06-08,5,0.21989766,0.5521881,0.22791429,-0.33229047,0.7125318,0.9635317,0.2,0.6,-0.23724571168422698,-0.20678992150351405,-0.0950447589159012,-0.5073060095310211,0.4488085076814475,1.5
2022-06-09,2,0.49466854,0.30363935,0.20169209,0.19102919,0.58177316,0.56656224,0.5,0.5,-0.24946968853473664,-0.2136022391729057,0.4404988795518875,-0.350387970606486,0.432689644261617,-0.6
2022-06-10,9,0.31565705,0.39364883,0.29069412,-0.07799179,0.58995086,0.94224006,0.3333333333333333,0.3333333333333333,-0.281776125729084,-0.1872114426456392,0.2037843346595764,-0.07308435688416164,0.40686967730233276,3.5
2022-06-13,10,0.19461896,0.29423508,0.51114595,-0.09961613,0.4959633,0.9456909,0.1,0.2,-0.2457543671131134,-0.20021527586504817,0.146138234436512,0.004473755757013957,0.41498854123066886,0.11111111111111116
2022-06-14,5,0.31857422,0.5123291,0.16909665,-0.19375488,0.8066981,0.9670136,0.4,0.4,-0.10252481698989868,-0.21889119846746324,-0.09123006463050842,-0.1237876017888387,0.19228849789682526,-0.5
2022-06-15,8,0.25721517,0.40148324,0.34130153,-0.14426807,0.6338682,0.9675561,0.25,0.375,-0.0649203360080719,-0.20977322263643144,-0.07934772968292236,-0.14587969332933426,0.14981590701365144,0.6000000000000001
2022-06-16,4,0.0789545,0.576813,0.3442325,-0.49785846,0.33997172,0.8510452,0.0,0.75,-0.20269786715507507,-0.20596972508355976,-0.2951605975627899,-0.2786271373430888,0.17087367149357524,-0.5
2022-06-17,5,0.20011728,0.33522692,0.4646558,-0.13510963,0.4889249,0.9637616,0.2,0.2,-0.2141214355826378,-0.19015444470569492,0.07901180237531663,-0.2590787212053935,0.16213830578876018,0.25
2022-06-21,7,0.05942839,0.4601166,0.48045498,-0.4006882,0.45821047,0.9505942,0.0,0.42857142857142855,-0.2743358492851257,-0.20245738727971913,-0.12635235190391542,-0.34455209970474243,0.16486519975707248,0.3999999999999999
2022-06-22,7,0.2584816,0.426101,0.31541744,-0.16761939,0.7254187,0.9477408,0.2857142857142857,0.42857142857142855,-0.2691087514162064,-0.20934833213686943,0.10148935914039614,-0.23447240889072418,0.16843443342287526,0.0
2022-06-23,4,0.32647437,0.29885384,0.3746718,0.02762054,0.7580352,0.95883644,0.25,0.25,-0.23473103046417237,-0.17969827651977538,0.2623515695333481,-0.18022901813189188,0.21215240393422216,-0.4285714285714286
2022-06-24,4,0.19862926,0.48400438,0.31736636,-0.28537512,0.5553522,0.90786743,0.25,0.25,-0.1922343611717224,-0.18284275159239768,-0.09314075708389283,-0.1417913238207499,0.16150349256812851,0.0
2022-06-27,6,0.0741325,0.23229378,0.6935737,-0.1581613,0.37068018,0.8878373,0.0,0.16666666666666666,-0.19684469401836396,-0.1901271402835846,0.038683396577835094,-0.13863862554232279,0.159784992825557,0.5
2022-06-28,4,0.14770079,0.3408768,0.51142246,-0.19317602,0.55912644,0.9027042,0.0,0.25,-0.15534225702285767,-0.20381759628653526,-0.03783375918865203,-0.21223747730255127,0.1139890325068951,-0.33333333333333337
2022-06-29,4,0.24198937,0.4736168,0.2843938,-0.23162743,0.73649216,0.9730117,0.25,0.5,-0.16814386546611787,-0.20713264867663383,-0.06348356902599334,-0.19432158271471658,0.1191881836480188,0.0
2022-06-30,8,0.2101901,0.56991714,0.21989276,-0.35972703,0.57950765,0.9396802,0.25,0.5,-0.2456133782863617,-0.19562761411070823,-0.11411364674568175,-0.2615101585785548,0.07936635047113895,1.0
2022-07-01,2,0.48451707,0.10877964,0.40670323,0.37573743,0.7185689,0.1752594,0.5,0.0,-0.11339086890220643,-0.18944819644093513,0.48912829756736753,-0.0718723436196645,0.28384764387922157,-0.75
2022-07-05,10,0.05179442,0.5700627,0.3781429,-0.5182683,0.4614817,0.9647918,0.0,0.6,-0.1854122668504715,-0.2195386305451393,-0.33285602033138273,-0.16741929451624551,0.3384759457820886,4.0
2022-07-06,6,0.20136164,0.46890047,0.3297379,-0.26753885,0.6437751,0.9632865,0.16666666666666666,0.5,-0.20028483271598815,-0.21892932653427125,-0.06725401282310486,-0.1366899013519287,0.34052987994379963,-0.4
2022-07-07,8,0.1514673,0.5876858,0.26084682,-0.43621856,0.6568617,0.96437544,0.125,0.625,-0.24120305776596068,-0.1952451229095459,-0.1950155019760132,-0.4073418974876404,0.3571250676213548,0.33333333333333326
2022-07-08,5,0.6205245,0.3179769,0.061498605,0.3025476,0.79678035,0.8310466,0.6,0.4,-0.10874813199043273,-0.16350321918725969,0.4112957358360291,-0.1337366004784902,0.41953801081360326,-0.375
2022-07-11,5,0.20746012,0.5131359,0.27940398,-0.3056758,0.69473076,0.95135975,0.2,0.6,-0.2450307786464691,-0.18833846896886824,-0.06064502596855165,-0.1464489201704661,0.32219482496365526,0.0
2022-07-12,2,0.16493216,0.80337644,0.03169138,-0.6384443,0.43175983,0.95994663,0.0,1.0,-0.26906598210334776,-0.21636109463870526,-0.3693783223628998,-0.213857501745224,0.3508792641831015,-0.6
2022-07-13,3,0.31212446,0.63678885,0.0510866,-0.32466438,1.022001,0.9622313,0.3333333333333333,0.6666666666666666,-0.2804910898208618,-0.22761350721120835,-0.044173294305801414,-0.42292816440264386,0.35174607917657563,0.5
2022-07-14,5,0.04372406,0.44292635,0.5133496,-0.3992023,0.51340604,0.9630632,0.0,0.4,-0.2730878353118896,-0.23788587749004364,-0.1261144518852234,-0.4541036585966746,0.3480188498746241,0.6666666666666667
2022-07-15,9,0.28575927,0.5717915,0.14244916,-0.2860323,0.7630927,0.96913517,0.3333333333333333,0.5555555555555556,-0.39080381393432617,-0.24497408866882325,0.10477152466773987,-0.33663298686345416,0.144909127931256,0.8
2022-07-18,3,0.24134411,0.35698107,0.40167475,-0.115636945,0.67572933,0.87453336,0.3333333333333333,0.3333333333333333,-0.35279604196548464,-0.22586301267147063,0.23715909719467165,-0.26695717374483746,0.19055294257475625,-0.6666666666666667
2022-07-19,2,0.48348692,0.48751408,0.028999042,-0.004027158,1.3057394,0.9469633,0.5,0.5,-0.2259126126766205,-0.21930888891220093,0.22188545465469361,-0.13523213068644205,0.16185601401601715,-0.33333333333333337
2022-07-20,7,0.247207,0.6175788,0.13521424,-0.37037182,0.7546751,0.9733854,0.2857142857142857,0.5714285714285714,-0.23505409955978393,-0.2177930697798729,-0.13531771898269654,-0.1633453071117401,0.16991776906441447,2.5
2022-07-21,7,0.33107764,0.35720205,0.31172028,-0.026124418,0.7656156,0.9756648,0.2857142857142857,0.42857142857142855,-0.16043852567672728,-0.21071832105517388,0.13431410789489745,-0.13350779811541238,0.161522257033697,0.0
2022-07-22,3,0.07277001,0.6032309,0.32399914,-0.5304609,0.5428921,0.927152,0.0,0.6666666666666666,-0.20932424664497376,-0.23862239271402358,-0.32113664746284487,-0.30898571014404297,0.23105813618156867,-0.5714285714285714
2022-07-25,6,0.06957609,0.3336259,0.596798,-0.2640498,0.4457174,0.9652716,0.0,0.3333333333333333,-0.23900681734085083,-0.23755612671375276,-0.025042980909347534,-0.2735450367132823,0.22547935029247057,1.0
2022-07-26,8,0.060222782,0.73748314,0.20229402,-0.6772604,0.3890244,0.97537154,0.0,0.875,-0.3736534655094147,-0.26351108178496363,-0.3036069333553314,-0.490590363740921,0.24978286157330604,0.33333333333333326
2022-07-27,8,0.20816928,0.21761593,0.5742148,-0.009446651,0.50815696,0.9441678,0.125,0.125,-0.3014684319496155,-0.2543246135115623,0.292021781206131,-0.316918949286143,0.29839083058464605,0.0
2022-07-28,10,0.3008187,0.3126704,0.3865109,-0.011851679,0.6634869,0.97331727,0.3,0.3,-0.298613884113729,-0.24333582571707665,0.2867622055113316,-0.23285290940354267,0.3017329724162561,0.25
2022-07-29,8,0.5443884,0.21779521,0.2378164,0.32659322,0.5113754,0.5562474,0.625,0.25,-0.12720306124538183,-0.20901981345377862,0.45379628147929907,0.1017649636293451,0.3722880883382338,-0.19999999999999996
2022-08-01,4,0.022274716,0.8027469,0.17497838,-0.7804722,0.09025441,0.92407846,0.0,1.0,-0.23048754539340735,-0.266830295836553,-0.5499846735969186,-0.15524355911960205,0.47673074753403805,-0.5
2022-08-02,9,0.23427548,0.5015501,0.26417443,-0.26727462,0.7763108,0.9724825,0.2222222222222222,0.5555555555555556,-0.14849038925021887,-0.25428061238490046,-0.11878422889858484,-0.24038453896840414,0.41146642044721804,1.25
2022-08-03,2,0.41561392,0.04512221,0.53926384,0.3704917,0.566426,0.07528387,0.5,0.0,-0.07250271644443274,-0.2223790844436735,0.4429944297298789,-0.22575170795122781,0.4739085064822116,-0.7777777777777778
2022-08-04,6,0.29169437,0.21040978,0.49789587,0.081284605,0.563211,0.9423469,0.3333333333333333,0.16666666666666666,-0.05387545973062515,-0.19650392620824278,0.13516006469726563,0.06150056670109431,0.47869463346607194,2.0
2022-08-05,6,0.08495352,0.43272087,0.48232564,-0.34776732,0.42878926,0.95815176,0.0,0.5,-0.1887475684285164,-0.22901967256329953,-0.15901975482702255,0.034669664998849235,0.4379662632343883,0.0
2022-08-08,4,0.041209232,0.5067903,0.4520005,-0.46558103,0.5571031,0.96412104,0.0,0.5,-0.12576933056116105,-0.23701493381522595,-0.3398116990923882,-0.24402124931414923,0.3442111277518945,-0.33333333333333337
2022-08-09,3,0.4577341,0.10229396,0.439972,0.35544014,0.50148064,0.2660788,0.6666666666666666,0.0,-0.0012263789772987365,-0.1873207116033882,0.3566665187478065,-0.15263607104619345,0.3898426848898305,-0.25
2022-08-10,7,0.39066404,0.43016955,0.17916642,-0.039505523,0.83907944,0.9744621,0.42857142857142855,0.42857142857142855,-0.08322582617402077,-0.17306276853196323,0.04372030347585679,-0.04988213752706846,0.3307494073593159,1.3333333333333335
2022-08-11,1,0.024430048,0.6869648,0.28860518,-0.6625348,0.0,0.6869648,0.0,1.0,-0.23198970183730125,-0.18622939283959566,-0.4305450715124607,-0.11553338542580605,0.3985794784877084,-0.8571428571428572
2022-08-12,6,0.19404757,0.33512986,0.47082257,-0.14108229,0.5992913,0.9719319,0.16666666666666666,0.3333333333333333,-0.19065269455313683,-0.1789818927180022,0.04957040771842003,-0.28104086096088093,0.39426461999248247,5.0
2022-08-15,7,0.44730324,0.17316794,0.37952882,0.27413526,0.6400981,0.94899637,0.42857142857142855,0.14285714285714285,-0.042709436267614365,-0.15949328239075838,0.3168446980416775,-0.1764939328034719,0.403975425878949,0.16666666666666674
2022-08-16,2,0.03784986,0.4284033,0.53374684,-0.3905534,0.5656751,0.8150455,0.0,0.5,-0.19190814718604088,-0.17881959523074328,-0.19864526763558388,-0.08583347996075948,0.3549491691336445,-0.7142857142857143
2022-08-17,7,0.2530603,0.44246647,0.3044732,-0.18940614,0.7451382,0.97155476,0.2857142857142857,0.42857142857142855,-0.22188827097415925,-0.16977131138555707,0.032482129335403453,-0.10194143156210582,0.34505119607236173,2.5
2022-08-18,4,0.21106105,0.58780897,0.20112996,-0.37674794,0.8024967,0.97646254,0.25,0.5,-0.164730903506279,-0.1873024872969836,-0.21201703250408171,-0.31890249749024707,0.26912760178205924,-0.4285714285714286
2022-08-19,4,0.24798065,0.2788872,0.47313213,-0.030906573,0.67920196,0.97011167,0.25,0.25,-0.14269576072692872,-0.16232477123849093,0.11178918778896332,-0.19902021686236063,0.2759712942313465,0.0
2022-08-22,5,0.09008478,0.46029153,0.44962367,-0.37020677,0.54801416,0.9493778,0.0,0.4,-0.2715641677379608,-0.1676326199900359,-0.09864260554313659,-0.2592870940764745,0.1578119520547266,0.25
2022-08-23,5,0.055689424,0.7512732,0.1930374,-0.6955838,0.34769794,0.9646113,0.0,0.8,-0.3325702488422394,-0.16854879106394946,-0.3630135715007782,-0.3655657221873601,0.24831631242256316,0.0
2022-08-24,5,0.08318502,0.6333205,0.28349447,-0.5501355,0.39900056,0.96929795,0.0,0.8,-0.4047161191701889,-0.19558323319070042,-0.14541937410831451,-0.5386420289675394,0.24872550383350026,0.0
2022-08-25,7,0.3864602,0.27094096,0.34259886,0.11551924,0.64736426,0.92436117,0.42857142857142855,0.14285714285714285,-0.3062626838684082,-0.1892146872356534,0.421781924366951,-0.3767333577076594,0.34236483486030567,0.3999999999999999
2022-08-26,10,0.2091352,0.41889876,0.37196597,-0.2097636,0.64416856,0.96046567,0.2,0.5,-0.3420340895652771,-0.21603252831846476,0.1322704881429672,-0.21479328473409018,0.3146219311945085,0.4285714285714286
2022-08-29,6,0.12682281,0.1465172,0.72665995,-0.019694382,0.30401376,0.60997885,0.0,0.16666666666666666,-0.27193161137402055,-0.1779936364851892,0.25223722904920576,-0.037979581082860626,0.34441444433544943,-0.4
2022-08-30,3,0.30223238,0.28400436,0.41376325,0.018228048,0.36378932,0.48541972,0.3333333333333333,0.3333333333333333,-0.129169237613678,-0.16371850315481423,0.1473972860723734,-0.07040997842947642,0.26329223074801955,-0.5
2022-08-31,2,0.22008753,0.45390165,0.32601076,-0.23381412,0.7481219,0.82779914,0.0,0.5,-0.06590496301651001,-0.19393379483371972,-0.16790915727615358,-0.07842681805292766,0.1508453810611876,-0.33333333333333337
2022-09-01,4,0.20117787,0.10763417,0.691188,0.09354369,0.1043291,0.34244046,0.25,0.0,-0.07030007243156433,-0.1933208404108882,0.1638437658548355,-0.04068079280356566,0.14442114062309935,1.0
2022-09-02,4,0.557979,0.34199,0.100030996,0.21598902,0.83237535,0.96618986,0.75,0.25,0.014850452542304993,-0.16513302307575942,0.20113857090473175,0.025239532192548115,0.1655960253291989,0.0
2022-09-06,8,0.23132357,0.29046082,0.4782156,-0.059137248,0.5323188,0.91217595,0.25,0.25,0.006961879506707192,-0.14481083396822214,-0.066099127009511,0.0834651564558347,0.16856590746544314,1.0
2022-09-07,2,0.4361983,0.44349542,0.12030631,-0.0072971284,1.141743,0.8264321,0.5,0.5,0.001856844127178192,-0.16294769737869502,-0.009153972566127776,0.04985154916842779,0.1685259226737846,-0.75
2022-09-08,9,0.13969873,0.3455883,0.514713,-0.20588957,0.54711497,0.93798685,0.1111111111111111,0.3333333333333333,0.007441754639148712,-0.17126689963042735,-0.21333132237195968,-0.09077464789152145,0.15895420605884425,3.5
2022-09-09,3,0.2398675,0.036331315,0.72380114,0.20353617,0.2622372,0.07611977,0.3333333333333333,0.0,0.029440249502658843,-0.12796335257589816,0.174095918238163,-0.0032168428103129068,0.18005941005762202,-0.6666666666666667
2022-09-12,8,0.09659672,0.43212712,0.4712762,-0.3355304,0.47452393,0.9658996,0.0,0.5,-0.08086363524198532,-0.13768575824797152,-0.25466676503419877,-0.11262793342272441,0.20448347108766338,1.6666666666666665
2022-09-13,7,0.19702531,0.5312025,0.2717722,-0.33417723,0.61130816,0.95385814,0.14285714285714285,0.5714285714285714,-0.13587163090705873,-0.16810138262808322,-0.19830559492111205,-0.15539048612117767,0.2322823180465238,-0.125
2022-09-14,2,0.04273104,0.502756,0.45451295,-0.46002498,0.60902125,0.9282399,0.0,0.5,-0.22641720175743102,-0.17157496102154254,-0.23360778093338014,-0.37657753626505536,0.2565988074275123,-0.7142857142857143
2022-09-15,5,0.1948376,0.686286,0.118876435,-0.49144834,0.7837254,0.9695054,0.2,0.8,-0.2835289567708969,-0.1866770710796118,-0.20791938602924348,-0.42855018377304077,0.28146187621641017,1.5
2022-09-16,3,0.014959316,0.9543244,0.030716227,-0.9393651,0.030294446,0.9671057,0.0,1.0,-0.5121092081069947,-0.21480792872607707,-0.4272558808326721,-0.6302794714768728,0.24926245770831354,-0.4
2022-09-19,5,0.15699504,0.43368658,0.40931836,-0.27669153,0.5096645,0.8380757,0.2,0.4,-0.5003414332866669,-0.22709717638790608,0.22364990711212163,-0.5691683193047842,0.26080457159602427,0.6666666666666667
2022-09-20,1,0.04703272,0.053593487,0.8993738,-0.006560765,0.0,0.053593487,0.0,0.0,-0.4348181411623955,-0.2089148759841919,0.42825737595558167,-0.40753912677367526,0.34162054736820424,-0.8
2022-09-21,9,0.18361947,0.37386125,0.4425193,-0.19024177,0.5841653,0.9294704,0.1111111111111111,0.3333333333333333,-0.3808614984154701,-0.18364777341485022,0.19061972945928574,-0.15783135344584784,0.35757657013418875,8.0
2022-09-22,6,0.2148061,0.48454285,0.30065104,-0.26973674,0.57460225,0.89676183,0.16666666666666666,0.5,-0.33651917725801467,-0.16962783560156822,0.06678244024515151,-0.1555130903919538,0.35416524012577594,-0.33333333333333337
2022-09-23,6,0.047992352,0.683408,0.26859963,-0.6354157,0.4710603,0.9603484,0.0,0.6666666666666666,-0.2757292941212654,-0.2071745812892914,-0.359686379134655,-0.3651313930749893,0.2286760491847801,0.0
2022-09-26,9,0.0850229,0.67879194,0.23618518,-0.593769,0.4068235,0.9355814,0.1111111111111111,0.7777777777777778,-0.339144791662693,-0.22637485191226006,-0.25462422221899034,-0.4996404747168223,0.26935647973255933,0.5
2022-09-27,6,0.32526413,0.33607796,0.3386579,-0.010813832,0.7398385,0.9024003,0.3333333333333333,0.3333333333333333,-0.33999540507793424,-0.22593082441017032,0.3291815727949142,-0.4133328398068746,0.2680471596628694,-0.33333333333333337
2022-09-28,5,0.07508198,0.53438056,0.39053744,-0.4592986,0.49571407,0.9085282,0.0,0.6,-0.39380677342414855,-0.2498071573674679,-0.06549183726310731,-0.3546271522839864,0.2572576071440075,-0.16666666666666663
2022-09-29,5,0.39794406,0.47840434,0.12365155,-0.08046027,0.86193705,0.9711962,0.4,0.6,-0.3559514805674553,-0.24213946498930455,0.27549120783805847,-0.18352423856655756,0.2916990938064688,0.0
2022-09-30,7,0.18904233,0.72242844,0.088529214,-0.5333862,0.633141,0.9641245,0.14285714285714285,0.8571428571428571,-0.33554558008909224,-0.2734859582036734,-0.19784059077501298,-0.35771501809358597,0.27002512649939103,0.3999999999999999
2022-10-03,5,0.15431218,0.62150776,0.22418007,-0.46719557,0.43894488,0.95851696,0.2,0.6,-0.3102308914065361,-0.3076451878994703,-0.1569646790623665,-0.36034733802080154,0.2444905349169689,-0.2857142857142857
2022-10-04,7,0.17883731,0.68269175,0.13847089,-0.50385445,0.623608,0.97076774,0.14285714285714285,0.8571428571428571,-0.4088390156626701,-0.3298810482025146,-0.09501543790102007,-0.5014787316322327,0.1859597969573173,0.3999999999999999
2022-10-05,3,0.32701704,0.24190761,0.43107533,0.08510939,0.69641,0.6387096,0.3333333333333333,0.3333333333333333,-0.2999574154615402,-0.3252607222646475,0.3850668057799339,-0.2953135445713997,0.28305786822972345,-0.5714285714285714
2022-10-06,4,0.32106906,0.18358377,0.49534717,0.13748528,0.4965806,0.673555,0.25,0.25,-0.2563683047890663,-0.3080919798463583,0.393853585422039,-0.09375326087077458,0.33695848814052654,0.33333333333333326
2022-10-07,8,0.25007254,0.55764306,0.19228442,-0.30757052,0.6866768,0.9471298,0.25,0.625,-0.21120517402887345,-0.33364731408655646,-0.09636534303426741,-0.028325282037258148,0.3040757789747801,1.0
2022-10-10,7,0.12593386,0.055778284,0.81828785,0.070155576,0.058772456,0.09709273,0.0,0.0,-0.1037349447607994,-0.3133630152791739,0.173890520632267,-0.033309886852900185,0.28536461547324604,-0.125
2022-10-11,5,0.18127017,0.5994965,0.21923335,-0.41822624,0.58878213,0.9414122,0.0,0.6,-0.08660930246114731,-0.3175654660910368,-0.3316169396042824,-0.218547061085701,0.25645397817716675,-0.2857142857142857
2022-10-12,7,0.29622465,0.5891127,0.114662655,-0.292888,0.82097435,0.9431131,0.2857142857142857,0.7142857142857143,-0.16220877766609193,-0.30920861624181273,-0.13067920804023742,-0.21365288396676382,0.24877788996749461,0.3999999999999999
2022-10-13,9,0.33288497,0.4632961,0.2038189,-0.13041115,0.7697395,0.95514405,0.3333333333333333,0.5555555555555556,-0.21578806340694429,-0.29115675650537015,0.08537691533565522,-0.28050845861434937,0.1900017207239852,0.2857142857142858
2022-10-14,10,0.04178953,0.66257167,0.2956388,-0.6207821,0.44192773,0.96940035,0.0,0.7,-0.27843037545681,-0.2752276059240103,-0.3423517018556595,-0.3480270703633626,0.2647538723596381,0.11111111111111116
2022-10-17,10,0.33897695,0.3037991,0.35722393,0.035177827,0.63666123,0.84194976,0.4,0.3,-0.2854259252548218,-0.25963413827121257,0.3206037521362305,-0.2386717995007833,0.25346188186943447,0.0
2022-10-18,10,0.2317414,0.26195443,0.50630414,-0.030213017,0.54050934,0.95400965,0.2,0.2,-0.2078232802450657,-0.26081675086170436,0.17761026322841644,-0.20527242248257002,0.26189623616377994,0.0
2022-10-19,7,0.40005806,0.24418963,0.35575232,0.15586843,0.6764119,0.9292827,0.42857142857142855,0.2857142857142857,-0.118071997910738,-0.24351124111562966,0.2739404238760471,0.053611078610022865,0.29963216771348944,-0.30000000000000004
2022-10-20,4,0.08415216,0.27447662,0.64137125,-0.19032446,0.41727686,0.831472,0.0,0.25,-0.13005465939640998,-0.23954062703996898,-0.06026979610323907,-0.021556348850329716,0.3014415307461342,-0.4285714285714286
2022-10-21,5,0.072111025,0.42169723,0.50619173,-0.34958622,0.47692257,0.9276241,0.0,0.4,-0.07581548765301704,-0.2252491543069482,-0.2737707309424877,-0.1280140827099482,0.19757229934068865,0.25
2022-10-24,3,0.16941617,0.22761919,0.60296464,-0.058203015,0.2524624,0.4248403,0.0,0.0,-0.09449165612459183,-0.19847085438668727,0.036288640648126605,-0.19937122985720634,0.18867030822840497,-0.4
2022-10-25,4,0.55695164,0.09532306,0.3477253,0.46162856,0.5044767,0.26392773,0.5,0.0,0.0038766585290431975,-0.17484873495995998,0.4577518977224827,0.01794644072651863,0.31588853309225695,0.33333333333333326
2022-10-26,4,0.04033722,0.8659403,0.093722515,-0.825603,0.22672452,0.9656578,0.0,1.0,-0.19241762831807135,-0.19316395483911036,-0.6331853799521923,-0.14072582249840102,0.4667494098490416,0.0
2022-10-27,6,0.43080723,0.33252886,0.23666392,0.098278366,0.7948934,0.91480905,0.5,0.3333333333333333,-0.13469706401228904,-0.1842270229011774,0.23297543004155158,-0.08856536199649175,0.484577524348778,0.5
2022-10-28,7,0.24244344,0.4283084,0.32924816,-0.18586496,0.6648645,0.95507324,0.2857142857142857,0.42857142857142855,-0.10195281133055686,-0.16685096211731434,-0.08391214385628701,-0.30439653247594833,0.4717895140651439,0.16666666666666674
2022-10-31,6,0.2065549,0.42650643,0.36693862,-0.21995153,0.578459,0.92584896,0.16666666666666666,0.5,-0.13430251330137252,-0.1544887598603964,-0.085649012029171,-0.10251270482937495,0.4735817031167039,-0.1428571428571429
2022-11-01,4,0.5042534,0.058457322,0.43728927,0.44579607,0.48949996,0.113911174,0.5,0.0,-0.13746901005506515,-0.10700623355805874,0.5832650825381279,0.013326530655225119,0.4686280279096247,-0.33333333333333337
2022-11-02,5,0.18153115,0.38018343,0.4382854,-0.1986523,0.6600617,0.8784141,0.2,0.4,-0.012078867852687835,-0.12119431793689728,-0.18657342940568925,0.009064083298047384,0.28725009595105533,0.25
2022-11-03,3,0.25095448,0.41633725,0.33270827,-0.16538274,0.36788443,0.6199391,0.3333333333333333,0.3333333333333333,-0.06481108963489532,-0.13633771911263465,-0.10057165324687958,0.02725367744763692,0.28612514458448984,-0.4
2022-11-04,3,0.14357072,0.5394543,0.3169749,-0.3958836,0.4632625,0.9137774,0.0,0.6666666666666666,-0.10681481659412384,-0.14075337275862693,-0.2890687733888626,-0.25330621004104614,0.3215601771765751,0.0
2022-11-07,3,0.092184,0.077529304,0.8302867,0.014654693,0.16208541,0.1687684,0.0,0.0,-0.0598935728892684,-0.14352841689251364,0.0745482660830021,-0.18220387989034256,0.31802150146399777,0.0
2022-11-08,4,0.12626855,0.28297126,0.59076023,-0.15670271,0.5255708,0.91851807,0.0,0.25,-0.180393329821527,-0.13045224039815367,0.02369061764329672,-0.17931053632249436,0.14628716321252416,0.33333333333333326
2022-11-09,2,0.014746414,0.93886673,0.046386868,-0.9241203,0.024342798,0.9535618,0.0,1.0,-0.3254869317635894,-0.16201385646127164,-0.5986333752050996,-0.3553894419843952,0.3650806063409346,-0.5
2022-11-10,8,0.2085888,0.4559017,0.33550948,-0.24731293,0.5344364,0.91438895,0.125,0.625,-0.34187296982854604,-0.1678589457180351,0.09456003662198781,-0.4427119841178258,0.35786544539834303,3.0
2022-11-11,2,0.0119654,0.89728737,0.090747185,-0.885322,0.106167406,0.97150505,0.0,1.0,-0.43976064678281546,-0.1810859405901283,-0.44556132797151804,-0.6855850716431936,0.4349656295066491,-0.75
2022-11-14,6,0.27641463,0.47128,0.25230536,-0.19486536,0.77113235,0.96116984,0.3333333333333333,0.3333333333333333,-0.48166465759277344,-0.19258809997700155,0.2867992967367172,-0.4425000896056493,0.38777605156256206,2.0
2022-11-15,6,0.1353289,0.5490814,0.31558973,-0.41375247,0.53046817,0.97302806,0.0,0.6666666666666666,-0.5330746084451675,-0.21176507244817913,0.11932214200496671,-0.4979799340168635,0.34902648508677475,0.0
2022-11-16,1,0.8875444,0.080629915,0.031825677,0.80691445,0.0,0.080629915,1.0,0.0,-0.1868676573038101,-0.17921277130953966,0.9937821060419083,0.06609887381394704,0.6185942974018374,-0.8333333333333334
2022-11-17,2,0.013705846,0.9511024,0.035191823,-0.9373966,0.0008144457,0.95448536,0.0,1.0,-0.3248843878507614,-0.21656637783162297,-0.6125121980905532,-0.1814115345478058,0.7062281095546862,1.0
2022-11-18,6,0.18668501,0.3980825,0.4152325,-0.21139748,0.605583,0.9507638,0.16666666666666666,0.3333333333333333,-0.1900994896888733,-0.20965694109909236,-0.02129799425601958,-0.11395987371603648,0.6330455583095957,2.0
2022-11-21,5,0.09758444,0.4638509,0.43856472,-0.3662664,0.5225867,0.9566862,0.2,0.4,-0.22437969744205474,-0.22506011030636727,-0.14188670217990876,-0.5050201565027237,0.6379896392166993,-0.16666666666666663
2022-11-22,3,0.08810797,0.42962757,0.48226443,-0.3415196,0.5432482,0.91150343,0.0,0.3333333333333333,-0.20993312299251557,-0.26521751782856884,-0.1315864711999893,-0.30639449258645374,0.6334309968728771,-0.4
2022-11-23,5,0.09872272,0.5222768,0.37900043,-0.4235541,0.481558,0.95820373,0.2,0.4,-0.45602683126926424,-0.2451150720473379,0.0324727386236191,-0.37711336215337116,0.28008198776052956,0.6666666666666667
2022-11-25,5,0.037713517,0.5343355,0.427951,-0.49662194,0.47693476,0.93975264,0.0,0.6,-0.3678719013929367,-0.2748600871767849,-0.12875003516674044,-0.4205652077992757,0.10589894124183456,0.0
2022-11-28,8,0.051325455,0.61380774,0.3348668,-0.5624823,0.46953502,0.94216347,0.0,0.625,-0.43808886408805847,-0.29369095428846775,-0.12439343333244324,-0.494219442208608,0.0916449626278316,0.6000000000000001
2022-11-29,1,0.88738,0.08325797,0.029362021,0.80412203,0.0,0.08325797,1.0,0.0,-0.2040111780166626,-0.2424872764851898,1.0081332087516786,-0.08499406774838765,0.56955307521176,-0.875
2022-11-30,6,0.055468235,0.5947361,0.3497957,-0.53926784,0.45099983,0.9585466,0.0,0.6666666666666666,-0.24356082677841187,-0.2917404720094055,-0.2957070112228394,-0.09920936822891235,0.5880540816735388,5.0
2022-12-01,6,0.33943823,0.34891006,0.31165168,-0.009471834,0.7283574,0.92768514,0.3333333333333333,0.5,-0.16074437499046326,-0.28228144883178174,0.15127254128456116,0.08512745300928752,0.5855206378467921,0.0
2022-12-02,9,0.30283034,0.39770174,0.29946792,-0.09487139,0.6934014,0.91108686,0.2222222222222222,0.3333333333333333,-0.08039426505565643,-0.27875588103197513,-0.014477121829986575,-0.2145370195309321,0.5546581115294258,0.5
2022-12-05,4,0.032861065,0.7125496,0.2545893,-0.6796886,0.4066996,0.9357821,0.0,0.75,-0.10383552014827728,-0.2929461301770061,-0.5758530527353287,-0.26134393115838367,0.5819320873146501,-0.5555555555555556
2022-12-06,3,0.16034093,0.4734738,0.36618528,-0.31313285,0.65255123,0.92985976,0.0,0.3333333333333333,-0.327286496758461,-0.30933550745248795,0.014153644442558289,-0.36256427069505054,0.28475716904575726,-0.25
2022-12-07,2,0.10145031,0.06654533,0.83200437,0.03490498,0.16947147,0.120826855,0.0,0.0,-0.212451933324337,-0.29975512288510797,0.24735691249370576,-0.31930548201004666,0.2935380182770087,-0.33333333333333337
2022-12-08,4,0.05495196,0.11254402,0.83250403,-0.057592068,0.18040025,0.35467935,0.0,0.0,-0.22207598015666008,-0.25642871093004943,0.1644839122891426,-0.11193998033801715,0.28590899705894823,1.0
2022-12-09,3,0.3238643,0.6319914,0.044144332,-0.30812708,1.0416957,0.95297605,0.3333333333333333,0.6666666666666666,-0.2647271178662777,-0.25946941804140805,-0.04339995756745341,-0.11027138804395993,0.2779856125353116,-0.25
2022-12-12,4,0.03270925,0.25414276,0.713148,-0.22143349,0.15498118,0.39363706,0.0,0.0,-0.17307610139250756,-0.22627499382942914,-0.048357389122247685,-0.1957175446053346,0.15555207168526192,0.33333333333333326
2022-12-13,4,0.5786727,0.066079,0.3552483,0.5125937,0.38613448,0.0963026,0.75,0.0,-0.00793079361319542,-0.19090204145759343,0.5205244801938533,-0.00565562645594279,0.32052616479572943,0.0
2022-12-14,4,0.1874246,0.4565382,0.3560372,-0.2691136,0.4282028,0.9351132,0.0,0.75,-0.06873450949788093,-0.18367009814828633,-0.2003790907561779,0.007348865270614624,0.3386901921382681,0.0
2022-12-15,5,0.3073284,0.5858467,0.106824875,-0.27851835,0.87370163,0.94937617,0.4,0.6,-0.11291976571083069,-0.23794173803180457,-0.16559858322143556,-0.011679420868555704,0.35105825939292246,0.25
2022-12-16,1,0.031237269,0.07729892,0.8914639,-0.04606165,0.0,0.07729892,0.0,0.0,-0.06050668060779572,-0.19337499123066665,0.014445030689239503,-0.19789786636829376,0.3337649106706338,-0.8
2022-12-19,4,0.08575373,0.06808483,0.8461614,0.017668903,0.15525575,0.16317399,0.0,0.0,-0.012686201930046081,-0.18192167188972236,0.030355104804039003,-0.10230369865894318,0.3218602395376549,3.0
2022-12-20,2,0.18718737,0.050970156,0.7618425,0.1362172,0.058198087,0.07814087,0.0,0.0,-0.08796149790287018,-0.1567974915727973,0.22417870461940764,0.03594148655732473,0.18186359455283987,-0.5
2022-12-21,1,0.024986953,0.13578263,0.8392304,-0.11079568,0.0,0.13578263,0.0,0.0,-0.0562979131937027,-0.14526129569858312,-0.05449776351451874,0.01436347762743632,0.1541021338650158,-0.5
2022-12-22,2,0.04839777,0.4927171,0.45888516,-0.4443193,0.7218415,0.9698519,0.0,0.5,-0.08945810496807098,-0.14629955645650625,-0.35486120283603667,-0.1396325925985972,0.21832920078977477,1.0
2022-12-23,3,0.09349641,0.5883715,0.31813207,-0.4948751,0.50014585,0.8641976,0.0,0.6666666666666666,-0.1792207956314087,-0.14621221479028462,-0.31565430760383606,-0.34999669591585797,0.2796710329420523,0.5
2022-12-27,5,0.071322165,0.35215434,0.5765235,-0.28083217,0.48655728,0.9508733,0.0,0.4,-0.23892101049423217,-0.13212970849126576,-0.04191116094589234,-0.406675527493159,0.25816772005343436,0.6666666666666667
2022-12-28,1,0.03187192,0.5963813,0.37174678,-0.5645094,0.0,0.5963813,0.0,1.0,-0.3790663301944733,-0.20056127961724995,-0.1854430615901947,-0.4467388888200124,0.1828099050654748,-0.8
2022-12-29,1,0.056727264,0.015047824,0.9282249,0.041679442,0.0,0.015047824,0.0,0.0,-0.34857130646705625,-0.17151391562074422,0.3902507483959198,-0.26788737376530963,0.2419121609372063,0.0
2022-12-30,1,0.008629778,0.96876824,0.022601914,-0.96013844,0.0,0.96876824,0.0,1.0,-0.451735132932663,-0.21904724594205618,-0.5084033071994781,-0.4943227966626485,0.3693639053160832,0.0
2023-01-03,8,0.056622006,0.42848057,0.51489747,-0.37185857,0.40980273,0.96595585,0.0,0.5,-0.4271318256855011,-0.2328966049477458,0.055273258686065696,-0.430105855067571,0.3698686838972314,7.0
2023-01-04,5,0.22386515,0.549541,0.2265939,-0.32567585,0.56419605,0.93902427,0.2,0.6,-0.436100560426712,-0.21519596856087447,0.11042471528053283,-0.5525576174259186,0.3659572753246162,-0.375
2023-01-05,2,0.032307185,0.8184135,0.14927936,-0.7861063,0.04941878,0.84130996,0.0,1.0,-0.4804199397563934,-0.23884464036673309,-0.30568634867668154,-0.49454690019289654,0.3974585054435793,-0.6
2023-01-06,6,0.23502123,0.41422224,0.35075653,-0.17920099,0.5855547,0.89939666,0.16666666666666666,0.5,-0.5245960265398025,-0.2495499389246106,0.34539503455162046,-0.43032770852247876,0.3317681837965929,2.0
2023-01-09,6,0.0482287,0.68875456,0.2630168,-0.6405258,0.3889544,0.96409357,0.0,0.6666666666666666,-0.46067350208759306,-0.27869662642478943,-0.1798523157835007,-0.5352776994307836,0.24677549915729058,0.0
2023-01-10,3,0.05698231,0.34365365,0.5993641,-0.2866713,0.5511469,0.9331141,0.0,0.3333333333333333,-0.4436360508203506,-0.277623838186264,0.15696474015712736,-0.3687993735074997,0.25716234373186847,-0.5
2023-01-11,1,0.68974644,0.18835339,0.121900186,0.5013931,0.0,0.18835339,1.0,0.0,-0.2782222658395767,-0.24148250967264176,0.7796153455972672,-0.1419346829255422,0.5017187285583271,-0.6666666666666667
2023-01-12,3,0.32244137,0.38304558,0.29451302,-0.060604215,0.93071496,0.97462803,0.3333333333333333,0.3333333333333333,-0.1331218510866165,-0.2701424047350883,0.07251763641834258,0.051372518142064415,0.4156403235753163,2.0
2023-01-13,5,0.20137396,0.53888965,0.25973645,-0.33751565,0.43963063,0.8269119,0.2,0.6,-0.1647847831249237,-0.27356250733137133,-0.17273086905479432,0.034424404303232826,0.42593084729211683,0.6666666666666667
2023-01-17,8,0.11341525,0.6878324,0.19875233,-0.5744172,0.47968653,0.97006935,0.125,0.75,-0.15156305432319642,-0.28835744857788087,-0.4228541195392609,-0.3241790135701497,0.4081248091997658,0.6000000000000001
2023-01-18,4,0.20760706,0.3192911,0.47310182,-0.111684054,0.32704955,0.77483064,0.25,0.25,-0.11656560301780701,-0.29163856878876687,0.0048815488815307645,-0.3412056267261505,0.4010845999513947,-0.5
2023-01-19,4,0.02410881,0.54211175,0.43377948,-0.5180029,0.4942958,0.970532,0.0,0.5,-0.32044480443000795,-0.3184221602976322,-0.19755812287330626,-0.40136805176734924,0.23179774219250784,0.0
2023-01-20,5,0.35306627,0.07094749,0.57598627,0.28211877,0.3850018,0.17895533,0.2,0.0,-0.2519002079963684,-0.3111270822584629,0.5340189754962921,-0.11585607131322224,0.3489250244573169,0.25
2023-01-23,5,0.046138156,0.2802659,0.67359596,-0.23412773,0.36643022,0.88832647,0.0,0.2,-0.23122262358665466,-0.3172936849296093,-0.0029051065444946345,-0.15667062997817993,0.34563084894573937,0.0
2023-01-24,1,0.030619135,0.025047787,0.9443331,0.0055713486,0.0,0.025047787,0.0,0.0,-0.11522491909563541,-0.294799152109772,0.12079626768827438,0.017854128653804462,0.2953194387681407,-0.8
2023-01-25,3,0.36569443,0.11266798,0.5216375,0.2530265,0.6110267,0.3056891,0.3333333333333333,0.0,-0.042282811179757115,-0.25740407267585397,0.29530929662287236,0.008156701301534971,0.3383223637824443,2.0
2023-01-26,4,0.28294715,0.24054351,0.47650933,0.042403623,0.69073206,0.8730367,0.25,0.25,0.06979849897325038,-0.24124228293076158,-0.027394875511527056,0.10033381916582584,0.20970166322716893,0.33333333333333326
2023-01-27,4,0.05507118,0.891358,0.05357083,-0.8362869,0.15664479,0.9724282,0.0,1.0,-0.153882635012269,-0.2548311584629118,-0.6824042674154043,-0.18028559784094492,0.41882089248876997,0.0
2023-01-30,9,0.15077782,0.42722696,0.42199525,-0.2764491,0.57209873,0.97025865,0.1111111111111111,0.4444444444444444,-0.1623469118028879,-0.2707375862635672,-0.11410220228135587,-0.3567774643500646,0.4212685623607228,1.25
2023-01-31,7,0.56904155,0.30181235,0.12914614,0.2672292,0.79961437,0.92278284,0.5714285714285714,0.2857142857142857,-0.11001534163951873,-0.20936920428648592,0.3772445410490036,-0.28183560570081073,0.4616586762709945,-0.2222222222222222
2023-02-01,7,0.22805752,0.39313692,0.37880558,-0.16507943,0.55608004,0.9686226,0.2857142857142857,0.42857142857142855,-0.1936365246772766,-0.19903024742379785,0.028557094931602467,-0.058099781473477684,0.41496539248154235,0.0
2023-02-02,8,0.3914593,0.3765762,0.23196453,0.014883108,0.8081082,0.9699172,0.375,0.375,-0.19914062768220903,-0.18200229974463583,0.21402373611927034,0.039010959366957344,0.41121743577475367,0.1428571428571428
2023-02-03,7,0.27392903,0.3009782,0.42509276,-0.027049217,0.6505564,0.9566463,0.2857142857142857,0.2857142857142857,-0.03729309067130089,-0.1440494461916387,0.010243873298168185,-0.05908184622724851,0.2056003829266327,-0.125
2023-02-06,5,0.3831969,0.21552768,0.4012754,0.16766924,0.7207811,0.891341,0.4,0.2,0.0515305794775486,-0.12670593475922942,0.11613865718245506,0.051834375907977424,0.16915362842334078,-0.2857142857142857
2023-02-07,3,0.3934562,0.09448022,0.5120637,0.29897597,0.4683656,0.11917133,0.3333333333333333,0.0,0.057879934459924696,-0.07973084514960646,0.24109603986144065,0.1465319978694121,0.1795505202446765,-0.4
2023-02-08,2,0.9401099,0.021854088,0.03803598,0.9182558,0.0043614823,0.022059144,1.0,0.0,0.2745469816029072,-0.01948448931798339,0.6437088243663311,0.4616336723168691,0.38235005978837133,-0.33333333333333337
2023-02-09,2,0.48398322,0.04527786,0.47073892,0.43870535,0.4844108,0.06872375,0.5,0.0,0.359311430901289,-0.022618875559419393,0.07939392402768136,0.5519790450731913,0.35649819707186653,0.0
2023-02-10,5,0.09886179,0.7389273,0.16221088,-0.64006555,0.57164305,0.93969244,0.0,0.8,0.2367081642150879,-0.051591942366212604,-0.8767737150192261,0.23896520336469015,0.5662786094492148,1.5
2023-02-13,4,0.02359695,0.6087245,0.3676786,-0.58512753,0.35810804,0.9111915,0.0,0.75,0.08614881038665771,-0.06397253638133407,-0.6712763428688049,-0.26216257611910504,0.6782316709282764,-0.19999999999999996
2023-02-14,4,0.3784215,0.30275822,0.31882027,0.07566325,0.75569224,0.95742387,0.5,0.25,0.041486266255378726,-0.031468515004962685,0.03417698740959167,-0.38317660987377167,0.6679883286312958,0.0
2023-02-15,2,0.8811649,0.09148927,0.027345885,0.7896756,0.04304584,0.10812322,1.0,0.0,0.015770223736763,0.013599467370659113,0.7739053696393967,0.09340377151966095,0.6270146525368896,-0.5
2023-02-16,2,0.20161533,0.045360837,0.75302386,0.1562545,0.27656782,0.065752715,0.0,0.0,-0.04071994721889496,0.04731233874335885,0.1969744473695755,0.3405311157306035,0.5910785708418553,0.0
2023-02-17,5,0.21648796,0.48118305,0.302329,-0.2646951,0.75564927,0.96268874,0.2,0.6,0.03435414135456085,0.01997164497151971,-0.29904924929141996,0.22707832852999368,0.5148457618160519,1.5
2023-02-21,4,0.22209841,0.46157137,0.31633025,-0.23947297,0.7452939,0.92436004,0.25,0.5,0.10348505377769471,0.019704382959753276,-0.34295802414417265,-0.11597119271755219,0.4264952993502639,-0.19999999999999996
2023-02-22,3,0.122190975,0.4961187,0.38169035,-0.37392774,0.33418036,0.6675384,0.0,0.6666666666666666,0.013566854596138,0.000729428417980671,-0.3874945968389511,-0.29269860684871674,0.4780992245323718,-0.25
2023-02-23,5,0.124923244,0.58542526,0.2896515,-0.46050197,0.5700677,0.935934,0.0,0.6,-0.23646865785121918,-0.0349469942972064,-0.22403331100940704,-0.3579675604899724,0.2367082389423337,0.6666666666666667
2023-02-24,3,0.42916527,0.41644862,0.15438604,0.0127166705,0.9382816,0.9567539,0.3333333333333333,0.3333333333333333,-0.26517622377723454,-0.03643134194426238,0.2778928942978382,-0.2739043468609452,0.1787906519302179,-0.4
2023-02-27,6,0.06461065,0.46475396,0.4706354,-0.4001433,0.4373172,0.9445379,0.0,0.5,-0.29226586129516363,-0.014624161599203944,-0.10787743423134089,-0.2826428646221757,0.18868692691227057,1.0
2023-02-28,4,0.19219202,0.22292754,0.5848804,-0.030735523,0.54832435,0.7549063,0.25,0.25,-0.25051837172359226,-0.0023384820204228165,0.21978284921497104,-0.1393873825048407,0.22321950513784594,-0.33333333333333337
2023-03-01,3,0.10501838,0.6387698,0.25621185,-0.5337514,0.6279591,0.96367854,0.0,0.6666666666666666,-0.28248310890048745,-0.0423875133972615,-0.2512683192268014,-0.3215434153874715,0.2545536089362262,-0.25
2023-03-02,1,0.14700489,0.8278141,0.025181005,-0.6808092,0.0,0.8278141,0.0,1.0,-0.3265445550903678,-0.0681740019004792,-0.3542646447196603,-0.4150987168153127,0.30678007769649834,-0.6666666666666667
2023-03-03,1,0.55353487,0.009667422,0.4367977,0.54386747,0.0,0.009667422,1.0,0.0,-0.22031439542770387,-0.04172478388063609,0.7641818642616272,-0.22356438636779785,0.4905483519402101,0.0
2023-03-06,7,0.070338406,0.3186527,0.6110088,-0.24831429,0.42216444,0.91659504,0.0,0.2857142857142857,-0.18994859457015992,-0.0527880375739187,-0.05836569666862487,-0.12841867407162985,0.4812447126751399,6.0
2023-03-07,5,0.47221217,0.21281037,0.3149775,0.25940177,0.7122672,0.83807296,0.6,0.2,-0.13192113637924194,-0.048201410984620455,0.3913229048252106,0.1849849820137024,0.5210846646222838,-0.2857142857142857
2023-03-08,4,0.20868415,0.50946707,0.2818488,-0.30078292,0.8135944,0.97485095,0.25,0.5,-0.08532743453979492,-0.0781893556471914,-0.2154554843902588,-0.09656514724095662,0.485362947649095,-0.19999999999999996
2023-03-09,1,0.32591435,0.41225025,0.26183546,-0.0863359,0.0,0.41225025,0.0,1.0,0.03356722593307495,-0.12841894081793725,-0.11990312337875367,-0.042572349309921265,0.3595245285741144,-0.75
2023-03-10,6,0.10838971,0.70190215,0.1897081,-0.5935125,0.49708256,0.9588278,0.16666666666666666,0.6666666666666666,-0.19390876293182374,-0.1800298323389143,-0.3996037125587463,-0.3268770972887675,0.3127009486187812,5.0
2023-03-13,13,0.17274666,0.5360526,0.29120076,-0.3633059,0.6420021,0.9524422,0.15384615384615385,0.6153846153846154,-0.2169070839881897,-0.1661918496247381,-0.14639881253242493,-0.34771808981895447,0.3217989848372052,1.1666666666666665
2023-03-14,6,0.29934934,0.3335286,0.36712205,-0.03417925,0.40752986,0.7220548,0.3333333333333333,0.3333333333333333,-0.27562328800559044,-0.1386444355826825,0.24144403636455536,-0.3303325412174066,0.22555471692313558,-0.5384615384615384
2023-03-15,6,0.29656026,0.28228095,0.4211588,0.014279314,0.6673948,0.84813756,0.3333333333333333,0.3333333333333333,-0.21261084135621786,-0.14171363255009056,0.22689015567302703,-0.12773527794828018,0.2583879790868991,0.0
2023-03-16,8,0.2861188,0.35661927,0.35726193,-0.07050045,0.5549131,0.85193616,0.125,0.375,-0.20944375153630973,-0.18472243463620544,0.13894330319017173,-0.0301334618901213,0.26041180896739297,0.33333333333333326
2023-03-17,6,0.053310215,0.6545148,0.29217505,-0.6012046,0.41575593,0.96190566,0.0,0.8333333333333334,-0.21098217125982047,-0.22259538834914566,-0.39022240284830334,-0.2191419027124842,0.2632551826198024,-0.25
2023-03-20,8,0.15712613,0.5036394,0.33923447,-0.34651327,0.60890114,0.9267904,0.125,0.5,-0.20762364622205495,-0.22668629651889205,-0.13888962510973216,-0.339406097928683,0.2609228468637746,0.33333333333333326
2023-03-21,6,0.17359926,0.35492203,0.4714787,-0.18132275,0.4600123,0.8106414,0.16666666666666666,0.5,-0.2370523465797305,-0.2237787856720388,0.05572959315031767,-0.3763468662897746,0.24423424462408597,-0.25
2023-03-22,6,0.26720276,0.53497803,0.19781919,-0.26777527,0.7391324,0.94412273,0.3333333333333333,0.5,-0.29346326291561126,-0.21847116192802787,0.02568799555301665,-0.26520376404126483,0.2002915385578855,0.0
2023-03-23,5,0.3972474,0.18426947,0.4184831,0.21297793,0.68096066,0.7710816,0.4,0.2,-0.23676758706569673,-0.18479716693982481,0.4497455179691315,-0.07870669662952423,0.29629591183783904,-0.16666666666666663
2023-03-24,3,0.3576921,0.3268959,0.31541204,0.03079617,0.92265683,0.94397986,0.3333333333333333,0.3333333333333333,-0.11036743819713593,-0.183893191954121,0.1411636084318161,-0.008000388741493225,0.22915940304372576,-0.4
2023-03-27,6,0.10830649,0.42511055,0.46658298,-0.31680405,0.46730417,0.8600763,0.16666666666666666,0.5,-0.1044255942106247,-0.17972622974775732,-0.21237845718860626,-0.02434331675370534,0.22177174145228673,1.0
2023-03-28,10,0.11497761,0.5238038,0.36121863,-0.40882617,0.55566096,0.94428575,0.1,0.6,-0.14992627799510955,-0.1986307622399181,-0.2588998943567276,-0.2316113511721293,0.2613071942080939,0.6666666666666667
2023-03-29,3,0.09386169,0.27062503,0.6355133,-0.17676334,0.46870252,0.7736812,0.0,0.3333333333333333,-0.13172389268875123,-0.1807813578750938,-0.045039448142051686,-0.30079785486062366,0.2541166112595405,-0.7
2023-03-30,2,0.02481075,0.5809059,0.3942833,-0.5560952,0.5649069,0.9676251,0.0,0.5,-0.28553851544857023,-0.17454565702937544,-0.27055666744709017,-0.3805615653594335,0.22432006283572867,-0.33333333333333337
2023-03-31,6,0.04073326,0.48943737,0.46982935,-0.44870412,0.41878366,0.94385177,0.0,0.5,-0.3814385741949081,-0.22417423664592206,-0.06726554930210116,-0.39385421574115753,0.1430465294128469,2.0
2023-04-03,9,0.22394647,0.30888858,0.46716493,-0.08494213,0.52133924,0.83231854,0.2222222222222222,0.3333333333333333,-0.3350661903619766,-0.2160056286957115,0.25012405812740324,-0.363247146209081,0.19674206906163424,0.5
2023-04-04,4,0.023716694,0.6514056,0.32487777,-0.6276889,0.4469864,0.974161,0.0,0.75,-0.3788387328386307,-0.2603601613547653,-0.24885015189647675,-0.38711171348889667,0.23740108250559075,-0.5555555555555556
2023-04-05,1,0.2321272,0.33862206,0.42925075,-0.10649486,0.0,0.33862206,0.0,0.0,-0.364785036444664,-0.2506457583513111,0.25829017758369444,-0.2730419586102168,0.2538632927510785,-0.75
2023-04-06,2,0.14288838,0.48665506,0.37045652,-0.3437667,0.82554483,0.943853,0.0,0.5,-0.32231933772563937,-0.263517297944054,-0.021447351574897744,-0.359316810965538,0.23054923908396097,1.0
2023-04-10,12,0.15027836,0.43667617,0.41304544,-0.28639784,0.5520725,0.9606588,0.08333333333333333,0.5,-0.28985808193683626,-0.24816156639717518,0.0034602373838424905,-0.24555313090483347,0.21946547594617266,5.0
2023-04-11,4,0.2560168,0.526523,0.2174602,-0.27050626,0.8864016,0.9653481,0.25,0.5,-0.3269709080457687,-0.24352158471010626,0.05646464526653289,-0.3002235988775889,0.18984040513184308,-0.6666666666666667
2023-04-12,3,0.35755423,0.48611712,0.1563287,-0.12856288,0.7635208,0.9467815,0.3333333333333333,0.6666666666666666,-0.2271457076072693,-0.248240766255185,0.09858282506465912,-0.2284889966249466,0.1040031340266827,-0.25
2023-04-13,2,0.035964772,0.9304743,0.033560902,-0.89450955,0.07235261,0.9558541,0.0,1.0,-0.38474864661693575,-0.29368020966649055,-0.509760907292366,-0.43119289974371594,0.2957579465014025,-0.33333333333333337
2023-04-14,5,0.23808447,0.39526722,0.36664838,-0.15718275,0.6804549,0.86722386,0.2,0.4,-0.3474318593740463,-0.29801432490348817,0.19024910628795622,-0.39341839651266736,0.31346253910844735,1.5
2023-04-17,4,0.0743558,0.46699762,0.4586466,-0.39264184,0.47919258,0.9243202,0.0,0.5,-0.36868065893650054,-0.2875861883163452,-0.023961183428764354,-0.48144471645355225,0.3118879157164969,-0.19999999999999996
2023-04-18,4,0.13847244,0.60382324,0.25770435,-0.4653508,0.63809776,0.9498598,0.0,0.75,-0.4076495677232742,-0.29352806508541107,-0.05770123898983004,-0.3383918007214864,0.3087111570829884,0.0
2023-04-19,4,0.026137363,0.518715,0.45514762,-0.49257767,0.5328842,0.9759554,0.0,0.5,-0.4804525256156921,-0.3090908110141754,-0.01212514638900758,-0.45019010702768963,0.2664734347417909,0.0
2023-04-20,5,0.28238553,0.38645074,0.33116373,-0.1040652,0.6243655,0.8745554,0.2,0.4,-0.32236365526914595,-0.30090530775487423,0.21829845309257506,-0.3539978936314583,0.17978883837814078,0.25
2023-04-21,3,0.41315532,0.07182186,0.5150228,0.34133342,0.5159486,0.13907428,0.3333333333333333,0.0,-0.22266042083501816,-0.2944875333458185,0.5639938399195671,-0.08510315169890721,0.3509991121420242,-0.4
2023-04-24,3,0.015383546,0.73431784,0.25029862,-0.7189343,0.23532118,0.9607063,0.0,1.0,-0.2879189118742943,-0.3319740567356348,-0.4310153856873512,-0.16055536021788916,0.4150006718940866,0.0
2023-04-25,2,0.08157769,0.49563262,0.42278972,-0.41405493,0.785177,0.9758518,0.0,0.5,-0.27765973657369614,-0.33683660067617893,-0.1363951936364174,-0.2638852695624034,0.4101232117048652,-0.33333333333333337
2023-04-26,1,0.02918664,0.29404378,0.67676955,-0.26485714,0.0,0.29404378,0.0,0.0,-0.2321156308054924,-0.32963814921677115,-0.03274151235818862,-0.46594879031181335,0.3925579749200827,-0.5
2023-04-27,4,0.271819,0.3546582,0.37352282,-0.08283916,0.75051236,0.95942074,0.25,0.25,-0.22787042260169982,-0.3249419402331114,0.14503126144409179,-0.2539170781771342,0.3943993844595991,3.0
2023-04-28,9,0.41271403,0.44230723,0.14497872,-0.029593203,0.6321715,0.9529311,0.5555555555555556,0.3333333333333333,-0.30205574706196786,-0.29861684124916793,0.2724625438451767,-0.12576316917936006,0.2783913739498287,1.25
2023-05-01,5,0.15367463,0.43736735,0.40895802,-0.28369275,0.5688445,0.94606674,0.2,0.4,-0.21500743702054023,-0.2903662724420428,-0.06868531033396721,-0.13204170390963554,0.15705847704350023,-0.4444444444444444
2023-05-02,9,0.22776519,0.49634436,0.27589047,-0.26857913,0.68745655,0.9744512,0.1111111111111111,0.5555555555555556,-0.18591227605938912,-0.29954812210053205,-0.08266684934496879,-0.19395502532521883,0.12009042440944019,0.8
2023-05-03,6,0.21685761,0.39778277,0.38535964,-0.18092513,0.6159056,0.9601295,0.16666666666666666,0.3333333333333333,-0.16912587359547615,-0.2772099344059825,-0.01179925724864006,-0.24439900120099387,0.11188219605486771,-0.33333333333333337
2023-05-04,6,0.36342362,0.4758706,0.1607058,-0.11244699,0.79345757,0.9352611,0.3333333333333333,0.5,-0.1750474400818348,-0.27750754114240406,0.06260044649243354,-0.18731708327929178,0.10684366748126127,0.0
2023-05-05,4,0.620008,0.13306446,0.24692754,0.48694354,0.44487232,0.21006835,0.75,0.0,-0.07174009084701538,-0.23597202952951193,0.5586836338043213,0.06452380617459615,0.31991223862838386,-0.33333333333333337
2023-05-08,5,0.2647732,0.38964748,0.34557933,-0.124874316,0.66996735,0.9318587,0.2,0.4,-0.03997640460729599,-0.22789585310965776,-0.08489791154861451,0.08320741107066472,0.30092774056981386,0.25
2023-05-09,4,0.051718716,0.6437551,0.3045262,-0.59203637,0.43368593,0.97610974,0.0,0.75,-0.10466785281896591,-0.24397235829383135,-0.4873685136437416,-0.07665571322043736,0.38529732037323333,-0.19999999999999996
2023-05-10,4,0.116346255,0.21516348,0.66849023,-0.09881723,0.12913486,0.61593544,0.0,0.25,-0.08824627250432968,-0.2424850756302476,-0.010570956766605383,-0.27190930396318436,0.3829774197622888,0.0
2023-05-11,3,0.28703645,0.6312748,0.08168877,-0.34423837,0.9559229,0.9504169,0.3333333333333333,0.6666666666666666,-0.13460454791784288,-0.21497151646763085,-0.2096338227391243,-0.34503065546353656,0.40027729360722486,-0.25
2023-05-12,3,0.099335395,0.42625225,0.47441235,-0.32691684,0.4615755,0.86444384,0.0,0.3333333333333333,-0.2973766252398491,-0.22345822099596263,-0.02954021841287613,-0.2566574811935425,0.19942159559070521,0.0
2023-05-15,6,0.17746611,0.38581064,0.43672323,-0.20834453,0.5963079,0.83279085,0.16666666666666666,0.5,-0.3140706688165665,-0.21424335557967425,0.1057261347770691,-0.29316658278306323,0.1842906009006438,1.0
2023-05-16,2,0.07887035,0.6488368,0.27229288,-0.56996644,0.25111353,0.79019105,0.0,1.0,-0.30965668261051177,-0.21947413701564072,-0.2603097528219223,-0.36840927104155224,0.17604857302330085,-0.6666666666666667
2023-05-17,1,0.033033565,0.15436825,0.81259817,-0.12133469,0.0,0.15436825,0.0,0.0,-0.3141601741313934,-0.2009119877591729,0.1928254872560501,-0.2998818854490916,0.16947189447509722,-0.5
2023-05-18,2,0.10051277,0.46045077,0.4390365,-0.35993803,0.7063818,0.88950497,0.0,0.5,-0.3173001050949097,-0.2137056289240718,-0.04263792037963865,-0.35041304926077527,0.1703118536707007,1.0
2023-05-19,4,0.23879226,0.47314712,0.2880606,-0.23435487,0.831883,0.9445502,0.25,0.5,-0.29878771007061006,-0.2424900433048606,0.06443284153938295,-0.23854252696037292,0.17399597463981598,1.0
2023-05-22,7,0.033607163,0.7171377,0.24925518,-0.6835305,0.33964047,0.95896196,0.0,0.8571428571428571,-0.39382490515708923,-0.24071985390037298,-0.2897056043148041,-0.4259411344925563,0.23226337857831353,0.75
2023-05-23,1,0.02901836,0.605315,0.36566663,-0.5762967,0.0,0.605315,0.0,1.0,-0.39509095549583434,-0.2488319417461753,-0.18120573163032533,-0.4980606883764267,0.23347762538644817,-0.8571428571428572
2023-05-24,2,0.16983348,0.7914324,0.038734194,-0.62159884,0.44850886,0.9493764,0.0,1.0,-0.495143786072731,-0.26666902657598257,-0.12645505368709564,-0.6271420121192932,0.18997216159010546,1.0
2023-05-25,4,0.03191734,0.7145016,0.25358102,-0.6825843,0.47505605,0.96793985,0.0,0.75,-0.5596730381250381,-0.29665628280490636,-0.12291124761104588,-0.6268266042073568,0.1873438750532241,1.0
2023-05-26,6,0.4645125,0.23840868,0.29707882,0.22610383,0.7083237,0.81307334,0.5,0.16666666666666666,-0.4675812989473343,-0.2838714312762022,0.6936851263046264,-0.3593597660462062,0.3903843743079791,0.5
2023-05-30,7,0.32175502,0.37190533,0.30633968,-0.050150283,0.6631105,0.93579036,0.42857142857142855,0.2857142857142857,-0.3409052535891533,-0.27219430804252626,0.290754970908165,-0.16887691368659338,0.40527161518306565,0.16666666666666674
2023-05-31,1,0.9335864,0.046021983,0.020391567,0.8875644,0.0,0.046021983,1.0,0.0,-0.04813303202390671,-0.2143871307373047,0.93569745272398,0.3545059884587924,0.6484849792702959,-0.8571428571428572
2023-06-01,3,0.15844436,0.7100226,0.13153297,-0.5515783,0.6133476,0.9663538,0.3333333333333333,0.6666666666666666,-0.03412892073392868,-0.2329197883605957,-0.5174493625760078,0.0952786182363828,0.6335898882739364,2.0
2023-06-02,9,0.18457197,0.35087284,0.4645552,-0.16630086,0.36598817,0.94559216,0.1111111111111111,0.3333333333333333,0.06912776380777359,-0.23561248183250427,-0.2354286268353462,0.0565617581208547,0.5360526871280447,2.0
2023-06-05,4,0.028058294,0.5509831,0.42095864,-0.5229248,0.44811058,0.94948417,0.0,0.5,-0.08067795783281326,-0.2861058980226517,-0.4422468230128288,-0.4136013090610504,0.5837563475951647,-0.5555555555555556
2023-06-06,3,0.010829384,0.93789977,0.05127089,-0.9270704,0.04292365,0.9655154,0.0,1.0,-0.256061977148056,-0.32621570117771626,-0.6710084021091461,-0.5387653410434723,0.6936743317957652,-0.25
2023-06-07,2,0.021661121,0.92232287,0.056016017,-0.9006617,0.043966834,0.94387287,0.0,1.0,-0.6137072026729584,-0.3416469682008028,-0.28695450425148006,-0.7835522890090942,0.3133740781550513,-0.33333333333333337
2023-06-08,2,0.06843256,0.51609534,0.41547215,-0.44766277,0.70213765,0.961308,0.0,0.5,-0.5929241001605987,-0.35908924527466296,0.14526132941246028,-0.7584649523099264,0.3218556801735585,0.0
2023-06-09,4,0.040728673,0.41354954,0.5457218,-0.37282085,0.42697707,0.9244389,0.0,0.5,-0.6342280983924866,-0.3605183694511652,0.2614072442054749,-0.5737151106198629,0.2608985753681324,1.0
2023-06-12,3,0.3035411,0.3453959,0.351063,-0.04185478,0.7735499,0.72464275,0.3333333333333333,0.3333333333333333,-0.5380140982568264,-0.346265266276896,0.4961593180894852,-0.2874461350341638,0.3756675115890697,-0.25
2023-06-13,5,0.24819842,0.44433802,0.30746356,-0.19613965,0.498883,0.8490006,0.2,0.4,-0.39182795211672783,-0.3456550220027566,0.19568830356001854,-0.20360509430368742,0.3252559453759216,0.6666666666666667
2023-06-14,5,0.15851319,0.18234742,0.6591394,-0.023834229,0.3608751,0.61602443,0.2,0.2,-0.21646245643496514,-0.31834841165691613,0.19262822791934014,-0.08727621907989185,0.19098954500775506,0.0
2023-06-15,7,0.3882945,0.36150506,0.25020048,0.026789427,0.65713716,0.78441554,0.42857142857142855,0.42857142857142855,-0.12157201692461968,-0.3109422059729695,0.14836144372820853,-0.06439481675624847,0.16325206049031749,0.3999999999999999
2023-06-16,4,0.19534016,0.1941999,0.6104599,0.0011402518,0.44433013,0.5116651,0.25,0.25,-0.04677979573607445,-0.2928882921114564,0.04792004749178887,0.001365150014559428,0.08741836466773728,-0.4285714285714286
2023-06-20,8,0.12224262,0.5376839,0.3400735,-0.41544127,0.5196595,0.9470901,0.125,0.5,-0.12149709463119507,-0.30194261241704223,-0.29394418001174927,-0.12917053202788034,0.18610584246958806,1.0
2023-06-21,5,0.37486997,0.52342856,0.1017015,-0.1485586,0.79557556,0.95275134,0.4,0.6,-0.11198088526725769,-0.2751940170302987,-0.03657771646976471,-0.18761987487475076,0.18251682217831625,-0.375
2023-06-22,3,0.33638927,0.32485813,0.3387526,0.011531155,0.8336426,0.89392096,0.3333333333333333,0.3333333333333333,-0.10490780863910913,-0.24580262494273483,0.11643896326422691,-0.18415624058494964,0.18740651692859545,-0.4
2023-06-23,5,0.25451392,0.43730506,0.30818102,-0.18279114,0.7353978,0.96351886,0.2,0.4,-0.1468239227309823,-0.22386224013753236,-0.03596722092479468,-0.10660619692256053,0.17350912029089877,0.6666666666666667
2023-06-26,6,0.032091938,0.62634504,0.34156308,-0.59425306,0.36621723,0.9558312,0.0,0.6666666666666666,-0.265902585722506,-0.21944567901082337,-0.3283504774793983,-0.2551710174108545,0.23865375453167545,0.19999999999999996
2023-06-27,3,0.2450794,0.45640692,0.29851374,-0.2113275,0.53803164,0.8388192,0.3333333333333333,0.3333333333333333,-0.22507982943207025,-0.24131724503822624,0.013752336241304869,-0.32945723334948224,0.2236663767161503,-0.5
2023-06-28,5,0.49824637,0.1942037,0.30754986,0.3040427,0.67771107,0.83920515,0.4,0.2,-0.13455956969410182,-0.22360759605653585,0.43860226664692165,-0.16717928647994995,0.3291094631038996,0.6666666666666667
2023-06-29,5,0.3384835,0.3934703,0.2680462,-0.054986786,0.75027055,0.9136314,0.4,0.4,-0.147863157838583,-0.2707351563964039,0.09287637174129487,0.01257613922158877,0.3230156945443168,0.0
2023-06-30,4,0.27719063,0.600432,0.12237735,-0.32324135,0.7281832,0.89677,0.25,0.75,-0.17595319971442222,-0.25931830988265575,-0.14728815332055092,-0.024728480726480484,0.33277201301414855,-0.19999999999999996
2023-07-03,5,0.4650189,0.23528466,0.29969645,0.22973426,0.6738229,0.78940535,0.4,0.2,-0.011155735701322556,-0.2395165538880974,0.2408899925649166,-0.049497960756222405,0.2723808760207402,0.25
2023-07-05,4,0.24534315,0.27622622,0.47843063,-0.030883089,0.7080645,0.9117763,0.25,0.25,0.024933145195245743,-0.2149144692812115,-0.05581623390316963,-0.04146339495976766,0.2502867184978582,-0.19999999999999996
2023-07-06,4,0.024193492,0.8487039,0.12710257,-0.82451046,0.18430153,0.9743926,0.0,1.0,-0.20077748522162436,-0.20978647307492793,-0.6237329699099063,-0.2085530956586202,0.3998435977552983,0.0
2023-07-07,8,0.26487392,0.47715348,0.2579726,-0.21227956,0.67916167,0.9453755,0.25,0.5,-0.2322360396385193,-0.17536736563779415,0.019956481456756603,-0.35589103400707245,0.39160847065813614,1.0
2023-07-10,7,0.1854242,0.06016345,0.75441235,0.12526074,0.32584947,0.23242415,0.14285714285714285,0.0,-0.14253562092781066,-0.14672119007445872,0.26779636144638064,-0.3038430909315745,0.4161489914491966,-0.125
2023-07-11,1,0.033138983,0.1515908,0.81527025,-0.11845181,0.0,0.1515908,0.0,0.0,-0.21217283457517624,-0.13400273793376982,0.09372102320194245,-0.06849020967880885,0.3641663056509085,-0.8571428571428572
2023-07-12,4,0.08373833,0.72131944,0.19494224,-0.6375811,0.5513626,0.96727896,0.0,0.75,-0.3335124388337135,-0.1637890544254333,-0.30406867116689684,-0.21025739361842474,0.38889526987399226,3.0
2023-07-13,4,0.6813652,0.03902463,0.27961013,0.64234054,0.41971537,0.08034518,0.75,0.0,-0.04014223963022232,-0.12186504495330155,0.6824827805161476,-0.03789746016263962,0.4705947675116261,0.0
2023-07-14,3,0.44411814,0.38518658,0.17069526,0.058931578,0.70326334,0.57478577,0.3333333333333333,0.6666666666666666,0.014099987596273423,-0.1177267546299845,0.0448315903544426,0.021230336278676987,0.4613325832999383,-0.25
2023-07-17,5,0.3434641,0.2720054,0.38453045,0.0714587,0.6450769,0.9605269,0.4,0.2,0.0033395789563655854,-0.1154932911042124,0.06811911836266518,0.25757693871855736,0.45871161590837684,0.6666666666666667
2023-07-18,2,0.7807904,0.020061467,0.19914815,0.76072896,0.206643,0.030756308,1.0,0.0,0.1791757322847843,-0.07751385592855513,0.5815532229840755,0.2970397435128689,0.5580947828960222,-0.6
2023-07-19,8,0.27494332,0.6040741,0.12098259,-0.32913077,0.82338977,0.97239935,0.25,0.625,0.2408658005297184,-0.07319833063520491,-0.5699965693056583,0.1676856279373169,0.45225396178013083,3.0
2023-07-20,4,0.09614587,0.3776295,0.5262246,-0.28148362,0.40808162,0.79580873,0.0,0.5,0.05610096827149391,-0.07984458156861365,-0.33758458867669106,0.05003818869590759,0.43563497276768465,-0.5
2023-07-21,3,0.11419021,0.34515932,0.5406505,-0.23096912,0.6034585,0.9337191,0.0,0.3333333333333333,-0.001879170536994934,-0.09196959510445595,-0.22908994555473328,-0.2805278350909551,0.45406609004006754,-0.25
2023-07-24,3,0.083937466,0.592559,0.32350358,-0.5086215,0.60579485,0.9397569,0.0,0.6666666666666666,-0.11789521276950836,-0.10826111361384391,-0.390726301074028,-0.34035808344682056,0.5021988664510192,0.0
2023-07-25,6,0.38240945,0.345228,0.27236256,0.03718144,0.7409833,0.8683901,0.3333333333333333,0.5,-0.26260471567511556,-0.07668938841670751,0.2997861564159393,-0.23413639639814696,0.19759740920977695,1.0
2023-07-26,5,0.10475036,0.37945074,0.5157989,-0.27470037,0.470272,0.8781428,0.0,0.4,-0.2517186366021633,-0.07985803242772818,-0.022981736809015274,-0.24871348217129707,0.19449100243497483,-0.16666666666666663
2023-07-27,6,0.3415564,0.48324546,0.17519818,-0.14168908,0.90411276,0.97370094,0.3333333333333333,0.5,-0.22375972792506219,-0.10214462112635374,0.08207065090537072,-0.1264026698966821,0.19913503393532422,0.19999999999999996
2023-07-28,3,0.051546812,0.90604544,0.04240774,-0.8544986,0.055602614,0.94930923,0.0,1.0,-0.3484656296670437,-0.14212021306157113,-0.5060329951345921,-0.42362935841083527,0.3459193612934331,-0.5
2023-07-31,4,0.3511753,0.21157698,0.4372477,0.13959834,0.68525547,0.74115914,0.25,0.25,-0.21882165893912314,-0.11897822842001915,0.3584199987351894,-0.28552978734175366,0.38960221809938733,0.33333333333333326
2023-08-01,3,0.04284419,0.9347457,0.022410125,-0.8919015,0.10872054,0.9739959,0.0,1.0,-0.40463824570178986,-0.17506001591682435,-0.4872632473707199,-0.5356005926926931,0.4533264303684761,-0.25
2023-08-02,2,0.07931501,0.61582744,0.30485758,-0.53651243,0.2662323,0.85018486,0.0,0.5,-0.45700065791606903,-0.20034148320555686,-0.07951177656650543,-0.42960519591967267,0.44967133826529004,-0.33333333333333337
2023-08-03,6,0.10801971,0.5973154,0.29466498,-0.48929563,0.5313539,0.9681139,0.16666666666666666,0.5,-0.5265219688415528,-0.18358074203133584,0.03722633719444279,-0.6392365197340647,0.41420790635444016,2.0
2023-08-04,5,0.1232666,0.6606895,0.21604398,-0.53742284,0.45564345,0.96644115,0.0,0.8,-0.46310681104660034,-0.19983790591359138,-0.07431602478027344,-0.5210769673188528,0.37373636751110867,-0.16666666666666663
2023-08-07,7,0.11901037,0.31682634,0.56416327,-0.197816,0.43682826,0.94307786,0.0,0.2857142857142857,-0.5305896788835526,-0.21599174290895462,0.3327736794948578,-0.4081781556208928,0.2465114187223004,0.3999999999999999
2023-08-08,3,0.27300754,0.69093364,0.036058757,-0.41792607,0.9279399,0.9705287,0.3333333333333333,0.6666666666666666,-0.43579459488391875,-0.23096545599400997,0.01786852180957793,-0.3843883027633031,0.14167554437062763,-0.5714285714285714
2023-08-09,3,0.018168624,0.8947615,0.08706993,-0.8765929,0.07360115,0.96106,0.0,1.0,-0.5038106828927994,-0.24291604422032834,-0.37278219163417814,-0.4974449823300044,0.24561959331126032,0.0
2023-08-10,4,0.4200985,0.15225123,0.42765027,0.26784727,0.32243773,0.23803003,0.5,0.0,-0.35238210260868075,-0.26164070777595044,0.620229372382164,-0.3422238926092784,0.42482589758620243,0.33333333333333326
2023-08-11,3,0.06536987,0.3436834,0.59094673,-0.27831355,0.51668495,0.9201887,0.0,0.3333333333333333,-0.3005602449178696,-0.27850296404212715,0.022246697545051597,-0.29568638404210407,0.41222770597445846,-0.25
2023-08-14,3,0.08287626,0.21591365,0.7012101,-0.13303739,0.31346044,0.6058515,0.0,0.3333333333333333,-0.28760452270507814,-0.28872776832431557,0.1545671343803406,-0.047834555308024086,0.41725142303332735,0.0
2023-08-15,2,0.025186386,0.5315949,0.44321868,-0.5064085,0.63051134,0.96166736,0.0,0.5,-0.3053010106086731,-0.3520846417173743,-0.20110750198364258,-0.3059198160966237,0.4259461970638611,-0.33333333333333337
2023-08-16,5,0.23257801,0.58479226,0.18262975,-0.35221425,0.7204748,0.9666658,0.2,0.8,-0.20042528510093688,-0.35323881562799214,-0.15178896188735963,-0.3305533826351166,0.29434355782705346,1.5
2023-08-17,3,0.07558248,0.19765961,0.72675794,-0.12207713,0.23076497,0.36673874,0.0,0.0,-0.27841016501188276,-0.3452684910967946,0.15633303523063657,-0.3268999631206195,0.16047083882820457,-0.4
2023-08-18,2,0.09524335,0.68849236,0.21626428,-0.593249,0.19866136,0.7479157,0.0,1.0,-0.34139726012945176,-0.36338248644024135,-0.2518517628312111,-0.3558467999100685,0.21347727445777817,-0.33333333333333337
2023-08-21,3,0.07616332,0.27466688,0.64916974,-0.19850357,0.48593718,0.7861818,0.0,0.3333333333333333,-0.3544904962182045,-0.34787658918648956,0.15598692744970322,-0.30460990717013675,0.19902122596320523,0.5
2023-08-22,2,0.07676875,0.36393407,0.5592972,-0.2871653,0.4690122,0.70837665,0.0,0.5,-0.3106418564915657,-0.36409392692148684,0.023476542532444022,-0.3596393018960953,0.18047013185938818,-0.33333333333333337
2023-08-23,3,0.023161253,0.8213909,0.1554478,-0.7982297,0.25820583,0.9708836,0.0,1.0,-0.39984494596719744,-0.3902703929692507,-0.39838474839925764,-0.4279661923646927,0.28570332256787334,0.5
2023-08-24,3,0.37083134,0.08866339,0.54050523,0.28216794,0.48668203,0.16869067,0.3333333333333333,0.0,-0.3189959317445755,-0.3690775420516729,0.6011638730764389,-0.2677423556645711,0.4128587401686954,0.0
2023-08-25,2,0.074825495,0.1875765,0.737598,-0.112751,0.0016963158,0.22420497,0.0,0.0,-0.22289632707834245,-0.33199016079306604,0.11014532744884492,-0.20960425088802973,0.3882511755395182,-0.33333333333333337
2023-08-28,5,0.44668236,0.24901584,0.3043018,0.19766656,0.7501543,0.8836543,0.4,0.2,-0.14366230219602585,-0.32908675000071524,0.3413288578391075,0.12236116578181584,0.4323898355075559,1.5
2023-08-29,3,0.19357882,0.4897271,0.31669408,-0.29614827,0.58381253,0.9716903,0.3333333333333333,0.3333333333333333,-0.1454588934779167,-0.2992990888655186,-0.15068937689065934,-0.0704109047849973,0.4331531475137503,-0.4
2023-08-30,3,0.2281708,0.034687977,0.7371412,0.19348282,0.1674086,0.053137857,0.0,0.0,0.052883608639240264,-0.26279932633042336,0.14059920758008956,0.03166703383127848,0.24625171073194135,0.0
2023-08-31,6,0.3815169,0.06585798,0.5526251,0.3156589,0.32415634,0.1280245,0.3333333333333333,0.0,0.059581799805164336,-0.22255159988999368,0.25607709735631945,0.07099781433741252,0.25436923869092415,1.0
2023-09-01,6,0.26513177,0.25186074,0.48300752,0.013271044,0.41035053,0.41131654,0.3333333333333333,0.0,0.08478620853275061,-0.1950169058982283,-0.07151516452431679,0.1741375857964158,0.23879102768620838,0.0
2023-09-05,7,0.14327572,0.49187273,0.36485156,-0.348597,0.46272105,0.91597027,0.14285714285714285,0.42857142857142855,-0.024466500617563725,-0.20255595543421806,-0.32413048949092627,-0.006555682979524136,0.29303705884712383,0.16666666666666674
2023-09-06,3,0.19526388,0.11287076,0.6918654,0.08239312,0.28636506,0.25480548,0.0,0.0,0.051241776905953884,-0.17753999591805042,0.03115134034305811,-0.08431094295034806,0.25121313108531435,-0.5714285714285714
2023-09-07,1,0.00898324,0.9706824,0.0203344,-0.9616991,0.0,0.9706824,0.0,1.0,-0.17979461196810007,-0.18179530859924853,-0.7819045161828398,-0.409301000336806,0.4978352759375998,-0.6666666666666667
2023-09-08,3,0.12975395,0.524093,0.34615305,-0.394339,0.44587177,0.8978592,0.0,0.6666666666666666,-0.3217941904440522,-0.21490462184883655,-0.07254480477422476,-0.42454833537340164,0.41566078691347125,2.0
2023-09-11,4,0.24993868,0.25067115,0.49939018,-0.0007324666,0.57062197,0.6045276,0.25,0.25,-0.3245948925614357,-0.20102556780911982,0.3238624259829521,-0.45225686331590015,0.4128765731550969,0.33333333333333326
2023-09-12,2,0.4868886,0.07208142,0.44102997,0.41480714,0.60152453,0.08810861,0.5,0.0,-0.1719140663743019,-0.173633341351524,0.5867212072014809,0.006578559676806132,0.5271267284789812,-0.5
2023-09-13,5,0.38004985,0.48190314,0.13804707,-0.10185327,0.8235389,0.9490194,0.4,0.4,-0.20876334309577943,-0.153405579039827,0.10691007673740388,0.10407380263010661,0.5111011097595525,1.5
2023-09-14,3,0.47314814,0.038950082,0.48790178,0.43419805,0.4200436,0.0801656,0.6666666666666666,0.0,0.07041609287261963,-0.1140849641058594,0.36378195881843567,0.24905064205328623,0.35414638534835324,-0.4
2023-09-15,5,0.032112878,0.6820925,0.28579465,-0.6499796,0.36551464,0.94531363,0.0,0.8,0.019287973642349243,-0.14048008718527855,-0.6692675650119781,-0.10587826867898305,0.4448541547826585,0.6666666666666667
2023-09-18,3,0.06172209,0.5030292,0.4352487,-0.44130716,0.49234965,0.94907194,0.0,0.6666666666666666,-0.06882696449756623,-0.13288299390114844,-0.3724801927804947,-0.21902956565221152,0.4910465153866593,-0.4
2023-09-19,5,0.05092574,0.4914438,0.45763046,-0.44051808,0.44428703,0.93732846,0.0,0.6,-0.23989200890064238,-0.14498371952213346,-0.20062607228755952,-0.5106016099452972,0.4249831797859346,0.6666666666666667
2023-09-20,5,0.281715,0.5967582,0.12152684,-0.31504315,0.6895122,0.9533908,0.4,0.6,-0.2825299859046936,-0.14637761139310895,-0.03251316547393801,-0.39895612994829815,0.41831382560284897,0.0
2023-09-21,2,0.5030922,0.27249765,0.22441006,0.23059458,0.18697172,0.2785817,0.5,0.0,-0.3232506811618805,-0.09493639790453016,0.5538452565670013,-0.1749888857205709,0.33213426772705795,-0.6
2023-09-22,2,0.20021975,0.5033216,0.2964587,-0.30310184,0.82200086,0.9160428,0.0,0.5,-0.2538751304149628,-0.12419988685287535,-0.04922670722007749,-0.12918347120285034,0.27876605205668925,0.0
2023-09-25,3,0.042200506,0.045218702,0.9125808,-0.003018194,0.029119352,0.058710407,0.0,0.0,-0.1662173377815634,-0.11871324657695367,0.1631991436704993,-0.02517515211366117,0.2739621515228243,0.5
2023-09-26,1,0.10548269,0.010555172,0.88396215,0.09492752,0.0,0.010555172,0.0,0.0,-0.059128217631950974,-0.12385019838111475,0.1540557371918112,-0.07039750406208138,0.24281494099334522,-0.6666666666666667
2023-09-27,5,0.18302935,0.46736622,0.3496045,-0.28433686,0.6516758,0.933626,0.2,0.4,-0.0529869603458792,-0.12325962811009958,-0.23134990460239352,-0.06414251316649218,0.23498632331723993,4.0
2023-09-28,7,0.12567025,0.3159755,0.55835426,-0.19030525,0.5206323,0.92930245,0.0,0.2857142857142857,-0.1371669250074774,-0.1424490313162096,-0.053138322895392776,-0.1265715310970942,0.17598350846824187,0.3999999999999999
2023-09-29,6,0.046452712,0.8326866,0.120860726,-0.7862339,0.1430358,0.94404435,0.0,1.0,-0.23379333787597717,-0.19754367127316072,-0.552440564101562,-0.420292004942894,0.34312935172334647,-0.1428571428571429
2023-10-02,3,0.03261067,0.54563934,0.42174998,-0.5130287,0.38201967,0.90528375,0.0,0.6666666666666666,-0.3357954353094101,-0.22385865753749384,-0.17723324596881868,-0.49652261038621265,0.33303306092544915,-0.5
2023-10-03,2,0.06723459,0.85004365,0.082721815,-0.782809,0.11786109,0.90978706,0.0,1.0,-0.5113427430391312,-0.2455692589865066,-0.27146627604961393,-0.694023867448171,0.2756168865715862,-0.33333333333333337
2023-10-04,1,0.050396275,0.888302,0.061301693,-0.83790576,0.0,0.888302,0.0,1.0,-0.6220565229654312,-0.29158420307794586,-0.2158492416143417,-0.7112478216489156,0.2728015330216111,-0.5
2023-10-05,5,0.100489356,0.39243415,0.5070765,-0.2919448,0.3502604,0.86857915,0.0,0.4,-0.6423844337463379,-0.258096486760769,0.35043963193893435,-0.6375531951586405,0.23354933676846013,4.0
2023-10-06,7,0.23973402,0.48666736,0.2735986,-0.24693333,0.667811,0.9305199,0.2857142857142857,0.5714285714285714,-0.534524318575859,-0.25072620330611245,0.28759099245071407,-0.4589279641707738,0.27189200871183866,0.3999999999999999
2023-10-09,8,0.17569654,0.44193682,0.38236666,-0.2662403,0.62901706,0.942763,0.125,0.375,-0.4851666420698166,-0.2640015949145891,0.21892634332180022,-0.2683728088935216,0.29792381967845966,0.1428571428571428
2023-10-10,3,0.30355677,0.52445775,0.17198558,-0.22090097,0.65009874,0.93268585,0.3333333333333333,0.6666666666666666,-0.3727850317955017,-0.29578700034180655,0.151884064078331,-0.244691530863444,0.26130998819962553,-0.625
2023-10-11,6,0.09752827,0.46855816,0.4339136,-0.37102985,0.46341896,0.95162547,0.0,0.5,-0.2794098496437073,-0.3092458297149278,-0.09162000417709348,-0.2860570400953293,0.05745172126684904,1.0
2023-10-12,4,0.066601984,0.6560004,0.2773977,-0.5893984,0.47231844,0.9488619,0.0,0.75,-0.3389005661010742,-0.3604256515041925,-0.25049781799316406,-0.39377640187740326,0.1511975866607027,-0.33333333333333337
2023-10-13,5,0.03915319,0.56099343,0.39985338,-0.5218402,0.4410614,0.96377885,0.0,0.6,-0.39388194382190705,-0.3540186826721765,-0.12795827090740203,-0.4940894842147827,0.15916738294882404,0.25
2023-10-16,6,0.13770844,0.4912175,0.37107405,-0.35350904,0.5554565,0.96857274,0.16666666666666666,0.5,-0.41133569180965424,-0.34962877674261106,0.057826653122901917,-0.4882492125034332,0.14590359702290984,0.19999999999999996
2023-10-17,2,0.54529893,0.10222011,0.3524809,0.44307888,0.24850306,0.1705505,0.5,0.0,-0.27853972315788267,-0.30544892890611663,0.7216185986995697,-0.1440901259581248,0.4155527826907438,-0.6666666666666667
2023-10-18,4,0.2289352,0.7202759,0.050789,-0.49134064,0.7559758,0.9691644,0.25,0.75,-0.30260187983512876,-0.3142638031975366,-0.1887387573719025,-0.1339236001173655,0.42560877829245664,1.0
2023-10-19,2,0.544163,0.34570658,0.11013046,0.19845638,0.7302447,0.60621566,0.5,0.5,-0.14503092765808107,-0.31587071312824266,0.34348730444908143,0.05006487170855204,0.4385303425837409,-0.5
2023-10-20,6,0.21333931,0.33118275,0.45547798,-0.11784344,0.5410147,0.8951738,0.16666666666666666,0.3333333333333333,-0.06423157304525376,-0.30660779332974925,-0.05361186861991882,-0.1369092340270678,0.3857935612178788,2.0
2023-10-23,8,0.14288785,0.47037804,0.38673413,-0.32749018,0.618023,0.9266747,0.125,0.5,-0.05902780145406723,-0.322831392660737,-0.2684623792767525,-0.08229241520166397,0.38106263714362,0.33333333333333326
2023-10-24,4,0.02651264,0.6458209,0.32766646,-0.61930823,0.37609687,0.9738433,0.0,0.5,-0.27150522321462633,-0.35854318030178545,-0.34780301004648206,-0.3548806185523669,0.3228407916835692,-0.5
2023-10-25,3,0.3712406,0.30904418,0.31971523,0.062196393,0.81202716,0.75108516,0.3333333333333333,0.3333333333333333,-0.16079781726002693,-0.34121651742607356,0.22299420982599258,-0.2948673404753208,0.3235170851604587,-0.25
2023-10-26,4,0.2716675,0.37876284,0.34956962,-0.10709532,0.70800257,0.7156042,0.25,0.5,-0.22190815731883048,-0.3370560212060809,0.11481283381581306,-0.2214023880660534,0.2616300972484022,0.33333333333333326
2023-10-27,3,0.28943428,0.20918782,0.5013779,0.08024647,0.18853071,0.33635786,0.3333333333333333,0.3333333333333333,-0.1822901748120785,-0.2937320025637746,0.262536645680666,0.011782513310511908,0.29428781097180484,-0.25
2023-10-30,6,0.17194681,0.38082185,0.4472313,-0.20887506,0.55175734,0.87379956,0.16666666666666666,0.3333333333333333,-0.15856715068221092,-0.27852432150393724,-0.05030790939927102,-0.07857463757197063,0.2842670697526185,1.0
2023-10-31,4,0.32152855,0.31413412,0.36433733,0.007394433,0.74856865,0.9711275,0.25,0.25,-0.03322661742568016,-0.2390141488984227,0.04062105044722557,-0.04041138539711634,0.12241397335199003,-0.33333333333333337
2023-11-01,6,0.07426645,0.49903476,0.42669883,-0.4247683,0.48500523,0.94150877,0.0,0.5,-0.13061955571174622,-0.2183572756126523,-0.2941487431526184,-0.20874964197476706,0.19793505173117168,0.5
2023-11-02,2,0.10814232,0.47937906,0.41247863,-0.37123677,0.52026016,0.8485421,0.0,0.5,-0.18344784528017044,-0.22232187408953905,-0.1877889260649681,-0.2628702123959859,0.22366395154327867,-0.6666666666666667
2023-11-03,3,0.22416712,0.7255582,0.05027469,-0.50139105,0.7665355,0.9664184,0.3333333333333333,0.6666666666666666,-0.29977535009384154,-0.23504476044327022,-0.20161570310592652,-0.4324653744697571,0.2024814819261177,0.5
2023-11-06,4,0.0586332,0.72403896,0.21732788,-0.66540575,0.56777483,0.96693,0.0,0.75,-0.3910814881324768,-0.2550030330196023,-0.2743242621421814,-0.5126778582731882,0.24886425752123825,0.33333333333333326
2023-11-07,4,0.49366173,0.355516,0.15082231,0.13814574,0.73070204,0.95017344,0.75,0.25,-0.36493122577667236,-0.23705069739371537,0.50307697057724,-0.34288368622461957,0.3023296619248689,0.0
2023-11-08,4,0.6000531,0.1806773,0.21926966,0.41937575,0.5492803,0.6665004,0.5,0.25,-0.19610241651535035,-0.19753041733056306,0.6154781639575958,-0.035961419343948364,0.4567970054246089,0.0
2023-11-09,6,0.1942606,0.4388355,0.36690387,-0.2445749,0.6315151,0.9591657,0.16666666666666666,0.3333333333333333,-0.17077004313468933,-0.18028924334794283,-0.07380486130714417,0.10431552926699321,0.4480856254105378,0.5
2023-11-10,5,0.2115384,0.58710325,0.2013584,-0.37556478,0.7785866,0.95390576,0.2,0.6,-0.14560478925704956,-0.17297547180205583,-0.22995999455451965,-0.06692131360371907,0.4279565089752224,-0.16666666666666663
2023-11-13,4,0.022016097,0.6948867,0.28309724,-0.6728705,0.44777483,0.96929115,0.0,0.75,-0.14709774255752564,-0.18894354570657015,-0.525772774219513,-0.4310034016768138,0.4302301878330963,-0.19999999999999996
2023-11-14,4,0.33566928,0.36137342,0.30295727,-0.025704168,0.5805171,0.7323524,0.25,0.5,-0.17986772507429122,-0.21238269787281752,0.15416355729103087,-0.3580464894572894,0.4087772169033911,0.0
2023-11-15,3,0.3108826,0.6341426,0.054974824,-0.32325998,1.0240611,0.9719909,0.3333333333333333,0.6666666666666666,-0.3283948704600334,-0.20397866498678924,0.0051348909735679515,-0.3406115546822548,0.23428736997898017,-0.25
2023-11-16,1,0.052072193,0.03285847,0.91506934,0.019213725,0.0,0.03285847,0.0,0.0,-0.2756371445953846,-0.21294079758226872,0.2948508694767952,-0.10991680746277173,0.2826001360520649,-0.6666666666666667
2023-11-17,2,0.020720107,0.63691306,0.34236684,-0.61619294,0.46242294,0.95867866,0.0,0.5,-0.32376277521252633,-0.23785827234387397,-0.2924301616847515,-0.30674639716744423,0.3216611884289683,1.0
2023-11-20,3,0.02885455,0.7389329,0.23221254,-0.7100784,0.22466706,0.89986527,0.0,1.0,-0.3312043555080891,-0.2569876842200756,-0.3788740627467632,-0.4356858767569065,0.3320204646624211,0.5
2023-11-21,2,0.71847004,0.18169944,0.09983051,0.5367706,0.1724932,0.2611337,1.0,0.0,-0.21870940551161766,-0.19918374344706535,0.7554799877107143,-0.2631669243176778,0.5093439198451631,-0.33333333333333337
2023-11-22,2,0.010910299,0.96309865,0.02599102,-0.9521884,0.0020840773,0.9655964,0.0,1.0,-0.34449508413672447,-0.24990298170596362,-0.607693288475275,-0.3751654028892517,0.6094414046192678,0.0
2023-11-24,7,0.20156391,0.2182726,0.5801635,-0.016708698,0.5012238,0.97241807,0.14285714285714285,0.14285714285714285,-0.3516795687377453,-0.24538365043699742,0.33497087061405184,-0.1440421628455321,0.6042716764131026,2.5
2023-11-27,3,0.09479586,0.08175399,0.82345015,0.013041869,0.14844364,0.20185216,0.0,0.0,-0.22583260759711266,-0.24874388054013252,0.23887447640299797,-0.31861840064326924,0.6009251518674222,-0.5714285714285714
2023-11-28,4,0.13330951,0.17011836,0.6965721,-0.03680885,0.27337766,0.5397166,0.0,0.25,-0.09117869362235069,-0.24014056995511054,0.05436984524130821,-0.013491892566283544,0.5373596901174594,0.33333333333333326
2023-11-29,4,0.08165752,0.4288431,0.48949936,-0.34718558,0.41092277,0.8540949,0.0,0.5,-0.2679699264466763,-0.25786957070231437,-0.07921565547585485,-0.12365085383256276,0.40925703417512116,0.0
2023-11-30,2,0.12511308,0.810315,0.064571925,-0.68520194,0.21448219,0.90540695,0.0,1.0,-0.21457264050841332,-0.2708912529051304,-0.4706293024122715,-0.3563987910747528,0.30068114459402007,-0.5
2023-12-01,4,0.08332969,0.40377656,0.5128938,-0.32044688,0.39252833,0.90168613,0.0,0.5,-0.27532027661800385,-0.26835175827145574,-0.04512660205364227,-0.45094480117162067,0.28073316556989897,1.0
2023-12-04,3,0.031640504,0.65039736,0.3179622,-0.61875683,0.4785002,0.9712912,0.0,0.6666666666666666,-0.4016800165176392,-0.27422004714608195,-0.21707681417465208,-0.5414685507615408,0.2599069359535356,-0.25
2023-12-05,3,0.15308228,0.48859414,0.35832357,-0.33551183,0.6239968,0.9750788,0.0,0.6666666666666666,-0.46142061352729796,-0.25772535130381585,0.12590878009796141,-0.4249051809310913,0.17579037650530777,0.0
2023-12-06,4,0.07971937,0.1365056,0.78377503,-0.056786228,0.18935728,0.4105727,0.0,0.0,-0.40334074273705484,-0.26747194994240997,0.34655451476573945,-0.3370182973643144,0.25368386451496083,0.33333333333333326
2023-12-07,2,0.4609134,0.10087458,0.43821204,0.36003882,0.70365876,0.178909,0.5,0.0,-0.19429259076714517,-0.2704387964680791,0.5543314076960086,-0.010753081490596136,0.36817759953505524,-0.5
2023-12-08,5,0.37542564,0.5647809,0.059793424,-0.18935531,0.9638566,0.94754285,0.4,0.6,-0.16807427778840064,-0.2676778169348836,-0.02128103598952294,0.037965758393208184,0.3615561684813653,1.5
2023-12-11,6,0.09992976,0.24393773,0.6561325,-0.14400797,0.4034073,0.88392425,0.0,0.16666666666666666,-0.07312450483441353,-0.2560999760404229,-0.07088346108794212,0.00889184574286143,0.2623349856683713,0.19999999999999996
2023-12-12,5,0.135429,0.5191665,0.34540448,-0.3837375,0.51938415,0.9744786,0.0,0.4,-0.08276963904500008,-0.24164332542568445,-0.3009678654372692,-0.23903359472751617,0.2749757994332665,-0.16666666666666663
2023-12-13,5,0.09573805,0.29138398,0.61287796,-0.1956459,0.4616704,0.95469314,0.0,0.2,-0.11054157316684723,-0.250140411965549,-0.08510432541370391,-0.24113045632839203,0.2786827370807295,0.0
2023-12-14,6,0.15338686,0.37636742,0.47024572,-0.22298054,0.5058751,0.9053663,0.16666666666666666,0.3333333333333333,-0.2271454453468323,-0.2451264401897788,0.00416490137577058,-0.26745464901129407,0.09201980135176974,0.19999999999999996
2023-12-15,3,0.059605073,0.5175476,0.4228473,-0.45794258,0.53815633,0.9634467,0.0,0.6666666666666666,-0.2808628976345062,-0.268984255194664,-0.1770796775817871,-0.29218967258930206,0.1334934203190083,-0.5
2023-12-18,5,0.09771794,0.30358234,0.59869975,-0.20586438,0.4311682,0.9226539,0.0,0.2,-0.2932341814041138,-0.24846782758831978,0.08736979663372041,-0.2955958346525828,0.1198042511361972,0.6666666666666667
2023-12-19,2,0.06228858,0.5881729,0.34953848,-0.5258844,0.37326932,0.88034946,0.0,0.5,-0.3216635584831238,-0.23925812616944314,-0.20422083139419556,-0.396563783288002,0.15756455420727916,-0.6
2023-12-20,4,0.03757163,0.6636629,0.29876545,-0.6260913,0.45334032,0.948808,0.0,0.75,-0.40775263905525205,-0.2974012203514576,-0.21833866238594057,-0.45261335869630176,0.18644403052699643,1.0
2023-12-21,4,0.054679193,0.46956304,0.47575772,-0.41488385,0.124588616,0.6379569,0.0,0.5,-0.4461333006620407,-0.27053599432110786,0.031249448657035828,-0.5222865144411722,0.15619719685870326,0.0
2023-12-22,3,0.3296518,0.26277202,0.40757617,0.06687977,0.5058565,0.5807719,0.3333333333333333,0.3333333333333333,-0.34116883128881453,-0.2663565708324313,0.408048602938652,-0.32469846059878665,0.27638085655008093,-0.25
2023-12-26,4,0.26388335,0.26727375,0.4688428,-0.0033903867,0.7427806,0.92927784,0.25,0.25,-0.3006740316748619,-0.2671781836077571,0.2972836449742317,-0.1171314890185992,0.31350173519109564,0.33333333333333326
2023-12-27,1,0.5132919,0.34996206,0.13674606,0.16332984,0.0,0.34996206,1.0,0.0,-0.16283118575811387,-0.2571712492033839,0.32616102546453474,0.07560640821854274,0.34011394716855853,-0.75
2023-12-28,1,0.032510035,0.051532697,0.9159573,-0.019022662,0.0,0.051532697,0.0,0.0,-0.04141745790839195,-0.24076310321688651,0.022394795715808866,0.04697226360440254,0.220836182695383,0.0
2023-12-29,3,0.06619608,0.37270343,0.5611005,-0.30650735,0.5534459,0.9582414,0.0,0.3333333333333333,-0.01974215731024742,-0.2218283735215664,-0.2867651917040348,-0.05406672383348147,0.1757276926929708,2.0
2024-01-02,6,0.1768713,0.3959073,0.4272214,-0.21903606,0.60830295,0.87362933,0.16666666666666666,0.5,-0.07692532315850258,-0.216757832467556,-0.1421107344329357,-0.18152202293276787,0.18667218308250894,1.0
2024-01-03,3,0.27104267,0.39905477,0.32990256,-0.1280121,0.7547558,0.9645532,0.3333333333333333,0.3333333333333333,-0.10184966698288918,-0.1922205962240696,-0.026162438839673993,-0.21785183747609457,0.1826761982681922,-0.5
2024-01-04,1,0.93386036,0.016223177,0.049916483,0.91763717,0.0,0.016223177,1.0,0.0,0.049011798948049544,-0.12956314608454705,0.868625370413065,0.19019633531570435,0.49717192772003915,-0.6666666666666667
2024-01-05,4,0.54895544,0.134212,0.31683263,0.41474342,0.29817045,0.29577404,0.75,0.0,0.13576501607894897,-0.10598666351288558,0.2789784073829651,0.40145616233348846,0.5196681712173375,3.0
2024-01-08,3,0.028814482,0.6509995,0.32018602,-0.62218505,0.5739751,0.96755475,0.0,0.6666666666666666,0.07262947559356689,-0.1550978569313884,-0.6948145270347595,0.23673184712727866,0.5998276857298704,-0.25
2024-01-09,1,0.06811843,0.85055894,0.08132256,-0.7824405,0.0,0.85055894,0.0,1.0,-0.040051409602165224,-0.18475211542099715,-0.7423890739679336,-0.3299607038497925,0.710943730657673,-0.6666666666666667
2024-01-10,2,0.057172433,0.14978732,0.7930403,-0.09261489,0.119480625,0.2560133,0.0,0.0,-0.03297196626663208,-0.18218246158212423,-0.05964292287826538,-0.4990801413853963,0.7100245058021162,1.0
2024-01-11,4,0.2703421,0.23077296,0.49888495,0.039569143,0.37859085,0.6717744,0.25,0.25,-0.20858557149767876,-0.1610171291977167,0.24815471470355988,-0.2784954098363717,0.49090299130059795,1.0
2024-01-12,1,0.3683828,0.4916352,0.139982,-0.12325239,0.0,0.4916352,0.0,1.0,-0.3161847345530987,-0.15739745385944842,0.19293234273791315,-0.0587660459180673,0.36221464755644356,-0.75
2024-01-16,4,0.20140113,0.17722459,0.62137425,0.024176538,0.32204694,0.54706675,0.0,0.25,-0.18691241666674613,-0.14503959976136685,0.2110889546573162,-0.019835570206244785,0.34038608398079917,3.0
2024-01-17,5,0.26434532,0.53021944,0.20543528,-0.2658741,0.7201969,0.9601855,0.2,0.6,-0.08359913751482964,-0.135436175391078,-0.18227495029568672,-0.12164998054504395,0.12416102796942557,0.25
2024-01-18,1,0.061848123,0.19729662,0.7408553,-0.1354485,0.0,0.19729662,0.0,0.0,-0.09216585978865624,-0.13191538117825985,-0.043282640725374216,-0.1257153501113256,0.12639617525768077,-0.8
2024-01-19,4,0.22745115,0.3907955,0.38175339,-0.16334435,0.6874764,0.881116,0.25,0.5,-0.1327485591173172,-0.11378837935626507,-0.030595794320106506,-0.18822231392065683,0.10414108459106801,3.0
2024-01-22,6,0.2625476,0.31985572,0.4175966,-0.057308096,0.6615756,0.95229524,0.16666666666666666,0.3333333333333333,-0.11955970004200936,-0.08534921910613776,0.06225160360336304,-0.11870031679670016,0.10967317151019215,0.5
2024-01-23,2,0.47296318,0.03887426,0.4881626,0.43408892,0.53022325,0.059952468,0.5,0.0,-0.03757722452282906,-0.04290058072656393,0.47166614010930064,0.07114548857013385,0.27403187323682165,-0.6666666666666667
2024-01-24,1,0.011067823,0.96774656,0.021185659,-0.95667875,0.0,0.96774656,0.0,1.0,-0.17573815658688546,-0.09407850671559573,-0.7809405915439129,-0.19329930966099104,0.4993895792280251,-0.5
2024-01-25,3,0.31895557,0.4501666,0.23087776,-0.13121109,0.92292637,0.95400304,0.3333333333333333,0.3333333333333333,-0.17489067390561103,-0.10046954173594713,0.04367958679795264,-0.21793363988399506,0.4994786331169832,2.0
2024-01-26,3,0.31448218,0.44550052,0.24001728,-0.13101834,0.20046555,0.45302156,0.3333333333333333,0.3333333333333333,-0.1684254713356495,-0.11518695075064897,0.037407130748033535,-0.40630272527535755,0.4998745066650973,0.0
2024-01-29,3,0.16529362,0.24935396,0.5853524,-0.08406035,0.25580713,0.4742591,0.0,0.3333333333333333,-0.17377592176198958,-0.11843883506953716,0.08971557319164275,-0.11542992542187373,0.49852917567357014,0.0
2024-01-30,4,0.22420871,0.60586816,0.16992314,-0.38165945,0.75333035,0.9691665,0.25,0.5,-0.3369255945086479,-0.12219644002616406,-0.04473385363817217,-0.1989127124349276,0.3656337571470565,0.33333333333333326
2024-01-31,5,0.070837736,0.34832582,0.5808364,-0.27748808,0.36903757,0.89202505,0.0,0.4,-0.20108746141195297,-0.12511904127895832,-0.07640062123537064,-0.2477359597881635,0.12442973101069685,0.25
2024-02-01,3,0.14679219,0.49375078,0.35945702,-0.34695855,0.5128971,0.95282733,0.0,0.3333333333333333,-0.24423695355653763,-0.13606636337935923,-0.10272159427404404,-0.33536869287490845,0.13135572374561466,-0.4
2024-02-02,8,0.41793114,0.33371517,0.24835368,0.084215984,0.6061355,0.8785452,0.5,0.375,-0.20119008868932725,-0.17773742265999318,0.2854060724377632,-0.18007688224315643,0.19673269902974688,1.6666666666666665
2024-02-05,8,0.14104734,0.23005402,0.6288986,-0.08900669,0.37815583,0.74420834,0.0,0.25,-0.20217935740947723,-0.20292492844164373,0.11317266523838043,-0.11724975208441417,0.1960075665893661,0.0
2024-02-06,4,0.45993626,0.31701434,0.22304942,0.14292192,0.8997707,0.95907325,0.5,0.25,-0.09726308286190033,-0.16466957964003087,0.24018500745296478,0.04604373872280121,0.21536047291910293,-0.5
2024-02-07,4,0.53929234,0.32236227,0.13834539,0.21693009,0.8321577,0.9270305,0.75,0.25,0.0016205519437789916,-0.11470105089247226,0.215309539437294,0.09028177460034688,0.22520377839584702,0.0
2024-02-08,4,0.2743811,0.47326124,0.25235763,-0.19888014,0.8753196,0.9476579,0.25,0.5,0.031236234307289123,-0.12001431323587894,-0.23011637032032012,0.05365729331970215,0.1711539227401988,0.0
2024-02-09,2,0.07893866,0.55730355,0.3637578,-0.47836486,0.5088853,0.86532074,0.0,0.5,-0.0812799334526062,-0.14591101314872504,-0.39708492159843445,-0.15343829989433289,0.278729993660943,-0.5
2024-02-12,3,0.07120521,0.10466722,0.8241276,-0.033462003,0.1569572,0.25031865,0.0,0.0,-0.07017099559307098,-0.14142149370163679,0.036708992719650266,-0.23690233131249747,0.27945100046683685,0.5
2024-02-13,4,0.047944896,0.49561116,0.4564439,-0.44766626,0.53868306,0.9550354,0.0,0.5,-0.18828863203525542,-0.1650136334821582,-0.25937762558460237,-0.31983103851477307,0.2914217934001739,0.33333333333333326
2024-02-14,3,0.28602347,0.29784632,0.41613021,-0.011822854,0.66387105,0.8146366,0.3333333333333333,0.3333333333333333,-0.23403922114521264,-0.15231107180006803,0.22221636697649955,-0.16431703822066387,0.22146050528572747,-0.25
2024-02-15,2,0.018586516,0.96360147,0.017812004,-0.94501495,0.019170789,0.96955824,0.0,1.0,-0.3832661846652627,-0.19278939445503057,-0.5617487689480185,-0.4681680218006174,0.38375966414207163,-0.33333333333333337
2024-02-16,1,0.024459554,0.7111451,0.26439533,-0.68668556,0.0,0.7111451,0.0,1.0,-0.42493032608181236,-0.21895645488984883,-0.2617552360519767,-0.5478411233052611,0.40725482729002016,-0.5
2024-02-20,9,0.357833,0.048621956,0.5935451,0.30921105,0.43753308,0.19279456,0.3333333333333333,0.0,-0.356395716406405,-0.2006304977927357,0.6656067619100213,-0.4408298234144847,0.5063736563016087,8.0
2024-02-21,2,0.42252788,0.19162399,0.3858481,0.2309039,0.22551577,0.32978785,0.5,0.0,-0.22068168614059686,-0.21078974888660013,0.4515855798497796,-0.048856874306996666,0.5635060224786023,-0.7777777777777778
2024-02-22,3,0.40879104,0.28213972,0.30906925,0.12665133,0.68635756,0.539552,0.3333333333333333,0.3333333333333333,-0.19298684895038604,-0.15662324489094318,0.31963818073272704,0.2222554236650467,0.5795125846542193,0.5
2024-02-23,5,0.1816626,0.4858849,0.33245248,-0.3042223,0.6289383,0.9595307,0.0,0.6,-0.06482831537723541,-0.16527380482293666,-0.23939397037029267,0.01777764658133189,0.4207265580662031,0.6666666666666667
2024-02-26,5,0.2703784,0.34779152,0.38183007,-0.07741314,0.6797816,0.93433654,0.2,0.4,0.0570261687040329,-0.16259354487992822,-0.1344393104314804,-0.08499469856421153,0.248622561680351,0.0
2024-02-27,1,0.86778027,0.013327978,0.11889171,0.8544523,0.0,0.013327978,1.0,0.0,0.1660744220018387,-0.11566791185177863,0.6883778899908066,0.15760562817255655,0.4359146553177631,-0.8
2024-02-28,2,0.42200044,0.42860734,0.14939234,-0.0066069067,1.1628541,0.84121066,0.5,0.5,0.11857226192951202,-0.09691528477706016,-0.1251791685819626,0.2568107545375824,0.4400056964658212,1.0
2024-02-29,3,0.44008258,0.3101652,0.24975221,0.1299174,0.9025284,0.8923468,0.3333333333333333,0.3333333333333333,0.11922547519207001,-0.07654501073993743,0.01069192290306091,0.3259209344784419,0.4400231127442589,0.5
2024-03-01,5,0.21564345,0.57594776,0.20840886,-0.3603043,0.83960634,0.9564871,0.2,0.6,0.108009073138237,-0.07721229814924299,-0.4683133691549301,-0.07899793485800426,0.4540080164083534,0.6666666666666667
2024-03-04,4,0.1223707,0.3182162,0.5594131,-0.19584551,0.4887148,0.9331624,0.0,0.25,0.08432259857654571,-0.09121537306345999,-0.28016811311244966,-0.14207747081915537,0.46894404867513484,-0.19999999999999996
2024-03-05,5,0.21741533,0.2553762,0.5272085,-0.037960865,0.57276285,0.95267314,0.2,0.2,-0.09416003674268722,-0.08866308168508112,0.05619917213916778,-0.1980368917187055,0.18855191425689943,0.25
2024-03-06,3,0.02933946,0.81177664,0.15888384,-0.78243715,0.14628851,0.94718385,0.0,1.0,-0.24932608455419542,-0.13493103520013391,-0.5331110611557961,-0.3387478416164716,0.3492436877211746,-0.4
2024-03-07,5,0.36946908,0.408768,0.22176297,-0.039298914,0.72591317,0.89358824,0.6,0.4,-0.2831693470478058,-0.1477424854878336,0.24387043267488479,-0.286565641562144,0.30921011248568847,0.6666666666666667
2024-03-08,2,0.17646296,0.4489022,0.37463486,-0.27243924,0.11148146,0.6444962,0.0,0.5,-0.2655963361263275,-0.15142044075764716,-0.006842905282974265,-0.36472510049740475,0.30621269401512285,-0.6
2024-03-11,5,0.28182787,0.18441632,0.53375584,0.097411536,0.5589426,0.7088915,0.4,0.2,-0.20694492608308793,-0.12263162122108043,0.30435646176338194,-0.0714422067006429,0.3481287313210191,1.5
2024-03-12,4,0.47111472,0.27111647,0.2577688,0.19999824,0.6947373,0.85091037,0.5,0.25,-0.15935310423374177,-0.11095860884524882,0.35935134887695314,0.008323512971401215,0.39067143417348577,-0.19999999999999996
2024-03-13,1,0.013178345,0.83765584,0.14916582,-0.8244775,0.0,0.83765584,0.0,1.0,-0.16776117384433747,-0.12979917065240443,-0.6567163199186326,-0.17568923781315485,0.40752298418250027,-0.75
2024-03-14,1,0.10616284,0.20658919,0.687248,-0.10042635,0.0,0.20658919,0.0,0.0,-0.17998666167259217,-0.1342293456196785,0.07956030815839768,-0.24163520087798437,0.40360377962341937,0.0
2024-03-15,3,0.07820686,0.2969085,0.62488467,-0.21870165,0.45664042,0.8183979,0.0,0.3333333333333333,-0.169239142537117,-0.09791368022561073,-0.049462503194808966,-0.3812018310030301,0.40123492755433926,2.0
2024-03-18,5,0.029781267,0.5649443,0.40527445,-0.53516304,0.51996726,0.96413124,0.0,0.6,-0.29575405865907667,-0.0903375543653965,-0.23940898627042773,-0.28476368139187497,0.39582997186281876,0.6666666666666667
2024-03-19,7,0.18769644,0.48587376,0.32642978,-0.2981773,0.6495066,0.9451798,0.14285714285714285,0.5714285714285714,-0.39538916796445844,-0.12070697173476219,0.09721186608076093,-0.3506806641817093,0.2878042813034601,0.3999999999999999
2024-03-20,3,0.13191456,0.11118295,0.7569025,0.0207316,0.1407664,0.22642504,0.0,0.0,-0.2263473492115736,-0.1312155864201486,0.24707894921302795,-0.2708695822705825,0.2106473576299736,-0.5714285714285714
2024-03-21,5,0.10684983,0.15632519,0.736825,-0.049475364,0.28798828,0.5979912,0.0,0.2,-0.21615715138614178,-0.14002192122861742,0.1666817869991064,-0.10897368875642617,0.21931577594059729,0.6666666666666667
2024-03-22,3,0.22470671,0.3352357,0.4400576,-0.11052898,0.5958175,0.8260223,0.0,0.3333333333333333,-0.1945226188749075,-0.13033725610002875,0.08399363569915294,-0.046424249187111855,0.22428119002092714,-0.4
2024-03-25,3,0.030104766,0.2721778,0.6977175,-0.24207301,0.44580385,0.77490443,0.0,0.3333333333333333,-0.13590461276471616,-0.13857024973258375,-0.10616840161383151,-0.1340257873137792,0.1325264085352764,0.0
2024-03-26,1,0.010735986,0.96588176,0.023382196,-0.9551458,0.0,0.96588176,0.0,1.0,-0.26729830764234064,-0.22905015414580704,-0.6878474686294794,-0.43591592460870743,0.3964704083912293,-0.6666666666666667
2024-03-27,3,0.15503234,0.10418054,0.7407872,0.050851803,0.088937454,0.17563498,0.0,0.0,-0.261274266988039,-0.22617721864953638,0.3121260702610016,-0.38212232912580174,0.4021293196748827,2.0
2024-03-28,2,0.0781162,0.46537653,0.45650727,-0.38726032,0.26549572,0.678338,0.0,0.5,-0.32883125767111776,-0.2520361044444144,-0.05842906013131144,-0.43051809693376225,0.38568962063905243,-0.33333333333333337
2024-04-01,7,0.42010647,0.15294056,0.426953,0.2671659,0.5596253,0.54863596,0.42857142857142855,0.14285714285714285,-0.2532922811806202,-0.22066259467974306,0.5204581804573536,-0.023080871750911076,0.46745373489488173,2.5
2024-04-02,4,0.092181236,0.25558063,0.65223813,-0.16339938,0.5356663,0.9726767,0.0,0.25,-0.23755755499005318,-0.21904028812423348,0.0741581715643406,-0.0944979339838028,0.469246451810356,-0.4285714285714286
2024-04-03,3,0.5112222,0.059140537,0.42963728,0.45208165,0.42435652,0.06577524,0.6666666666666666,0.0,0.04388793036341667,-0.19453816236928106,0.4081937201321125,0.18528272211551666,0.33368417045075666,-0.25
2024-04-04,1,0.14655821,0.18829109,0.6651507,-0.041732877,0.0,0.18829109,0.0,0.0,0.025370994210243226,-0.1575029489584267,-0.06710387170314788,0.08231646319230397,0.33576351239644986,-0.6666666666666667
2024-04-05,7,0.18001448,0.55406713,0.26591837,-0.3740527,0.37896067,0.8714728,0.14285714285714285,0.7142857142857143,0.02801251709461212,-0.1742406384088099,-0.4020652204751968,0.012098689874013266,0.3317334575209781,6.0
2024-04-08,6,0.07943653,0.29446018,0.62610334,-0.21502365,0.33188352,0.7876038,0.0,0.16666666666666666,-0.06842539310455323,-0.17136985892429948,-0.1465982586145401,-0.21026974419752756,0.31446749986281386,-0.1428571428571429
2024-04-09,3,0.1405353,0.14075428,0.7187104,-0.00021898746,0.17085391,0.32033536,0.0,0.0,-0.035789313912391665,-0.1762513850815594,0.03557032644748688,-0.19643178085486093,0.3105904540095553,-0.5
2024-04-10,4,0.052153837,0.7084224,0.23942375,-0.6562686,0.5242381,0.9436935,0.0,0.75,-0.25745936334133146,-0.21906472714617847,-0.39880923330783846,-0.29050374527772266,0.26793382056560916,0.33333333333333326
2024-04-11,4,0.06321293,0.45574427,0.48104286,-0.3925313,0.38023326,0.9165697,0.0,0.25,-0.3276190489530563,-0.19746741773560644,-0.0649122565984726,-0.34967296322186786,0.24199624700694197,0.0
2024-04-12,8,0.06997723,0.3954074,0.53461534,-0.32543018,0.42114374,0.9737213,0.0,0.375,-0.3178945451974869,-0.20871760929003358,-0.007535639405250538,-0.45807669560114544,0.24063697308340212,1.0
2024-04-15,5,0.25331378,0.20755117,0.5391351,0.045762606,0.48494294,0.66637856,0.2,0.2,-0.2657372936606407,-0.1954943967051804,0.3114998996257782,-0.22406629472970963,0.2914132888554722,-0.375
2024-04-16,1,0.5320624,0.15732653,0.31061104,0.3747359,0.0,0.15732653,1.0,0.0,-0.1907463178038597,-0.14999944986775518,0.56548220962286,0.03168943772713343,0.4035079050588339,-0.8
2024-04-17,4,0.03238149,0.58147705,0.38614148,-0.5490955,0.4201055,0.9727835,0.0,0.5,-0.1693117007613182,-0.1625453603453934,-0.3797838106751442,-0.04286567121744156,0.3743929941307928,3.0
2024-04-18,1,0.77773803,0.11126969,0.11099227,0.6664683,0.0,0.11126969,1.0,0.0,0.0424882248044014,-0.1302585242316127,0.6239800974726677,0.164036234219869,0.4962574102257835,-0.75
2024-04-19,2,0.026405409,0.89702743,0.0765672,-0.87062204,0.05847146,0.9298504,0.0,1.0,-0.06655014604330063,-0.1713158579543233,-0.8040718927979469,-0.2510830760002136,0.6371901668310547,1.0
2024-04-22,6,0.06774862,0.24171251,0.6905389,-0.1739639,0.3601193,0.9057538,0.0,0.16666666666666666,-0.11049544811248779,-0.17448760401457547,-0.06346845626831055,-0.12603920698165894,0.6350812641252035,2.0
2024-04-23,4,0.2701684,0.44297057,0.28686106,-0.17280217,0.84437853,0.9755073,0.25,0.5,-0.22000305950641633,-0.17102406155318023,0.04720089435577393,-0.40579603612422943,0.5748447479845783,-0.33333333333333337
2024-04-24,1,0.7895627,0.043144915,0.16729236,0.74641776,0.0,0.043144915,1.0,0.0,0.03909959495067596,-0.08594588469713926,0.7073181658983231,0.1332172304391861,0.6730123270615778,-0.75
2024-04-25,4,0.22394216,0.47985286,0.29620498,-0.2559107,0.67216796,0.9267111,0.25,0.5,-0.14537620842456817,-0.10128400959074498,-0.11053448617458345,0.105901633699735,0.5777251314997874,3.0
2024-04-26,5,0.07732783,0.3994341,0.52323806,-0.32210627,0.49687526,0.9656834,0.0,0.4,-0.035673055052757266,-0.09802630729973316,-0.28643321692943574,0.05613359808921814,0.4416286340907637,0.25
2024-04-29,5,0.30962485,0.48070017,0.20967498,-0.1710753,0.7075746,0.7829743,0.4,0.6,-0.03509533405303955,-0.11993836723268032,-0.13597996532917023,-0.24969742198785147,0.4414043332788286,0.0
2024-04-30,3,0.15427719,0.3568627,0.48886004,-0.20258553,0.6808341,0.97603285,0.0,0.3333333333333333,-0.0410520076751709,-0.12189767472445964,-0.16153352558612824,-0.2319223682085673,0.44392103110969655,-0.4
2024-05-01,6,0.19734974,0.40757278,0.39507747,-0.21022306,0.61340684,0.9341581,0.16666666666666666,0.5,-0.2323801726102829,-0.15501291044056414,0.02215710878372193,-0.19462796549002329,0.058611867097595687,1.0
2024-05-02,5,0.083366215,0.3593661,0.5572677,-0.27599987,0.46085548,0.94165033,0.0,0.2,-0.23639800846576692,-0.16672626025974752,-0.03960186541080474,-0.22960282365481058,0.06125700308403208,-0.16666666666666663
2024-05-03,4,0.16036722,0.57730675,0.262326,-0.41693956,0.36728325,0.8937205,0.25,0.5,-0.255364665389061,-0.16887060292065142,-0.16157489120960233,-0.3010541647672653,0.09805655957193868,-0.19999999999999996
2024-05-06,3,0.36087456,0.205002,0.4341235,0.15587258,0.74419016,0.580875,0.3333333333333333,0.3333333333333333,-0.18997508883476258,-0.15032579116523265,0.3458476722240448,-0.17902228236198425,0.2115967565036928,-0.25
2024-05-07,2,0.07980506,0.4738119,0.44638306,-0.39400682,0.64493585,0.9168861,0.0,0.5,-0.2282593458890915,-0.1700151827186346,-0.16574747264385223,-0.21835793058077493,0.23088647165626636,-0.33333333333333337
2024-05-08,2,0.41557655,0.518554,0.065869465,-0.102977455,1.2088343,0.96947247,0.5,0.5,-0.20681022405624389,-0.14235062561929226,0.10383276939392089,-0.11370389660199483,0.2378571902619482,0.0
2024-05-09,3,0.26219052,0.104727626,0.63308185,0.1574629,0.42053193,0.1521011,0.3333333333333333,0.0,-0.12011767029762269,-0.11485091559588909,0.2775805652141571,-0.11317379275957744,0.2813511484849376,0.5
2024-05-10,4,0.18591847,0.18949918,0.62458235,-0.0035807192,0.2227063,0.31255814,0.25,0.0,-0.037445902824401855,-0.09875844232738018,0.03386518359184265,0.01696824034055074,0.22800131474712765,0.33333333333333326
2024-05-13,3,0.041079592,0.2000267,0.7588937,-0.15894713,0.23367812,0.47661418,0.0,0.3333333333333333,-0.10040984451770782,-0.10899392887949944,-0.0585372805595398,-0.0016883164644241333,0.203412523111822,-0.25
2024-05-14,5,0.30549675,0.29212177,0.40238148,0.013375011,0.5977087,0.90575504,0.4,0.2,-0.01893347855657339,-0.12706197290681304,0.03230848982930183,-0.04971761101235946,0.12151382374040173,0.6666666666666667
2024-05-15,6,0.49400696,0.20446424,0.30152878,0.28954273,0.6455768,0.8601025,0.5,0.16666666666666666,0.05957055930048227,-0.08513006060384214,0.22997217532247305,0.04799020693947872,0.17054486346608452,0.19999999999999996
2024-05-16,1,0.9015773,0.02664046,0.07178219,0.8749368,0.0,0.02664046,1.0,0.0,0.203065344132483,-0.07470663576386868,0.6718714749440551,0.39261818832407397,0.4088482798232063,-0.8333333333333334
2024-05-17,1,0.7171148,0.021788044,0.26109722,0.69532675,0.0,0.021788044,1.0,0.0,0.3428468370810151,0.0035908034536987544,0.3524799084290862,0.6199354330698649,0.43890546436133715,0.0
2024-05-20,8,0.13068396,0.39951378,0.46980226,-0.26882982,0.5386475,0.93908775,0.125,0.375,0.320870297588408,-0.001152492454275489,-0.5897001201286912,0.4338112473487854,0.4718284488592212,7.0
2024-05-21,1,0.015264558,0.9380709,0.046664488,-0.9228063,0.0,0.9380709,0.0,1.0,0.1336340308189392,-0.038652700325474146,-1.0564403533935547,-0.16543646653493246,0.7361011185761975,-0.875
2024-05-22,3,0.021254098,0.61955327,0.35919264,-0.5982991,0.5076553,0.97132933,0.0,0.6666666666666666,-0.043934333324432376,-0.10588854267261923,-0.5543647527694702,-0.5966450770696005,0.7939057518159274,2.0
2024-05-23,2,0.07693014,0.32285154,0.6002183,-0.2459214,0.31468958,0.542883,0.0,0.5,-0.2681059777736664,-0.10538907810114324,0.022184574604034446,-0.5890089372793833,0.6054657962800716,-0.33333333333333337
2024-05-24,1,0.011537693,0.9595152,0.028947022,-0.94797754,0.0,0.9595152,0.0,1.0,-0.5967668354511261,-0.13668264164589344,-0.3512107074260712,-0.5973993440469106,0.33922273573427236,-0.5
2024-05-28,5,0.23354165,0.3016867,0.46477166,-0.068145044,0.5833352,0.9525642,0.2,0.2,-0.5566298797726631,-0.13153612888418137,0.4884848356246948,-0.4206813300649325,0.3950100300954947,4.0
2024-05-29,3,0.3021433,0.27705544,0.42080125,0.025087873,0.73901534,0.7658259,0.3333333333333333,0.3333333333333333,-0.3670510407537222,-0.12015245859511196,0.39213891327381134,-0.3303449048350255,0.40272241387671953,-0.4
2024-05-30,3,0.059892803,0.5232815,0.41682568,-0.46338877,0.52075243,0.9674365,0.0,0.6666666666666666,-0.3400689776986837,-0.13281074394471942,-0.12331979312002661,-0.16881531414886317,0.38759079958174225,0.0
2024-05-31,5,0.2266547,0.40076393,0.3725814,-0.17410925,0.606751,0.87892723,0.2,0.4,-0.325706547126174,-0.127716212766245,0.15159729681909084,-0.20413671620190144,0.3932410138668452,0.6666666666666667
2024-06-03,7,0.16186413,0.49772596,0.3404099,-0.33586183,0.565736,0.83277273,0.14285714285714285,0.5714285714285714,-0.20328340493142605,-0.12366232653148472,-0.1325784269720316,-0.3244532843430837,0.19779963907945936,0.3999999999999999
2024-06-04,1,0.028046673,0.8830314,0.088921905,-0.85498476,0.0,0.8830314,0.0,1.0,-0.36065134815871713,-0.17420519371517001,-0.4943334121257067,-0.45498528083165485,0.3313335634657363,-0.8571428571428572
2024-06-05,3,0.19254363,0.20874846,0.5987079,-0.016204825,0.44391996,0.5474728,0.0,0.3333333333333333,-0.36890988759696486,-0.1553150940220803,0.3527050629258156,-0.4023504722863436,0.3196229673068433,2.0
2024-06-06,4,0.12467965,0.787438,0.08788237,-0.66275835,0.43294275,0.94150966,0.0,1.0,-0.4087838035076857,-0.18330413880757987,-0.2539745468646288,-0.5113159784426292,0.34572618456318055,0.33333333333333326
2024-06-07,6,0.29983243,0.6279674,0.07220018,-0.328135,0.82859284,0.94567454,0.3333333333333333,0.6666666666666666,-0.4395889561623335,-0.20758403423242272,0.11145394258201125,-0.33569939620792866,0.32588098786862446,0.5
2024-06-10,3,0.17197078,0.04580305,0.78222615,0.12616774,0.25813258,0.092795484,0.0,0.0,-0.34718304090201857,-0.20109661105088888,0.47335078530013563,-0.2882418731848399,0.4157585642724244,-0.5
2024-06-11,4,0.28646487,0.6387242,0.07481094,-0.3522593,0.8573242,0.95097375,0.25,0.75,-0.24663795046508313,-0.21076222020201385,-0.10562135763466357,-0.1847421924273173,0.3094500530334211,0.33333333333333326
2024-06-12,8,0.37542498,0.12431468,0.50026035,0.2511103,0.53729326,0.7022779,0.375,0.125,-0.19317492842674255,-0.1988754564896226,0.44428521394729614,0.008339573939641317,0.37529979637146027,1.0
2024-06-13,2,0.06611603,0.46021935,0.4736646,-0.39410335,0.48842138,0.8231111,0.0,0.5,-0.13944392800331115,-0.23305776063352823,-0.2546594202518463,-0.1650841236114502,0.30365617329553624,-0.75
2024-06-14,4,0.10224837,0.59996384,0.29778776,-0.49771547,0.58753985,0.9657498,0.0,0.5,-0.17336001992225647,-0.3016903752461076,-0.32435545325279236,-0.21356951196988425,0.33757627070419094,1.0
2024-06-17,4,0.24272107,0.2522851,0.5049939,-0.009564027,0.7047682,0.9391831,0.25,0.25,-0.20050637423992157,-0.33693491388112307,0.19094234704971313,-0.30046094954013824,0.3119529519986995,0.0
2024-06-18,4,0.02752097,0.6454019,0.32707712,-0.61788094,0.4433212,0.96478194,0.0,0.75,-0.2536307007074356,-0.35438746977597474,-0.3642502397298813,-0.3750534802675247,0.3627396388262097,0.0
2024-06-20,6,0.09043226,0.46183553,0.4477322,-0.3714033,0.48935473,0.9557471,0.0,0.5,-0.3781334191560745,-0.326817318983376,0.006730112433433522,-0.3329494247833888,0.22799258285456392,0.5
2024-06-21,1,0.049895532,0.35510355,0.5950009,-0.30520803,0.0,0.35510355,0.0,0.0,-0.3603543549776077,-0.3121627660468221,0.05514632761478422,-0.4314974248409271,0.22989403529900462,-0.8333333333333334
2024-06-24,3,0.17651284,0.25450924,0.5689779,-0.077996425,0.117098115,0.44919732,0.0,0.3333333333333333,-0.2764105454087257,-0.3037665171548724,0.19841412007808684,-0.25153591980536777,0.24342872554488476,2.0
2024-06-25,1,0.020963132,0.6142744,0.36476257,-0.59331125,0.0,0.6142744,0.0,1.0,-0.39315999001264573,-0.286033202521503,-0.20015126019716262,-0.32550523430109024,0.22254044914525437,-0.6666666666666667
2024-06-26,3,0.19546306,0.54905087,0.25548604,-0.35358784,0.6820288,0.8658763,0.0,0.6666666666666666,-0.34030136913061143,-0.30030534211546184,-0.013286466896533955,-0.34163183718919754,0.18384319869566668,2.0
2024-06-27,1,0.069680125,0.17106928,0.75925064,-0.101389155,0.0,0.17106928,0.0,0.0,-0.2862985387444496,-0.3066291934810579,0.18490938395261763,-0.3494294136762619,0.21019245586861277,-0.6666666666666667
2024-06-28,2,0.24632066,0.055293098,0.6983862,0.19102755,0.2935478,0.08097108,0.0,0.0,-0.187051422894001,-0.2739083773456514,0.37807897478342056,-0.0879831463098526,0.29789098342898745,1.0
2024-07-01,3,0.08882934,0.3814868,0.5296839,-0.29265746,0.3777779,0.80759764,0.0,0.3333333333333333,-0.22998363077640532,-0.27983578806743026,-0.0626738339662552,-0.06767302254835765,0.2936834704432066,0.5
2024-07-02,3,0.06936026,0.34313515,0.58750457,-0.2737749,0.56184417,0.9550405,0.0,0.3333333333333333,-0.1660763591527939,-0.27673144107684494,-0.1076985329389572,-0.12513493498166403,0.22050506906805903,0.0
2024-07-03,2,0.060725488,0.031652473,0.907622,0.029073019,0.010983642,0.037141085,0.0,0.0,-0.08954418823122978,-0.23252855213358997,0.11861720681190491,-0.17911977941791216,0.20501634183593753,-0.33333333333333337
2024-07-05,7,0.16639583,0.38084075,0.45276347,-0.2144449,0.30164576,0.8451618,0.0,0.42857142857142855,-0.11215533837676048,-0.2424405561760068,-0.102289567142725,-0.1530489263435205,0.21273831758227074,2.5
2024-07-08,5,0.06150614,0.583465,0.35502893,-0.5219588,0.3326994,0.78634125,0.0,0.8,-0.2547526143491268,-0.23540058005601167,-0.2672062136232853,-0.23577690497040749,0.19709102378841575,-0.2857142857142857
2024-07-09,4,0.1724252,0.48550224,0.34207255,-0.31307706,0.6542576,0.916728,0.25,0.5,-0.2588365338742733,-0.2346476824954152,-0.054240528494119644,-0.3498269319534302,0.19828077200766342,-0.19999999999999996
2024-07-10,1,0.2149264,0.29376948,0.4913041,-0.07884307,0.0,0.29376948,0.0,0.0,-0.21985016986727715,-0.24489822331815958,0.14100709781050683,-0.3046263207991918,0.21321108498985525,-0.75
2024-07-11,4,0.2669646,0.46424267,0.26879266,-0.19727805,0.85408,0.96910703,0.25,0.5,-0.2651203840970993,-0.23714916054159402,0.06784233152866365,-0.196399395664533,0.16593345978161936,3.0
2024-07-12,2,0.07818208,0.6154915,0.30632642,-0.5373094,0.22364092,0.7178648,0.0,1.0,-0.32969328463077546,-0.276570145227015,-0.20761612355709075,-0.27114351093769073,0.20050325158843876,-0.5
2024-07-15,8,0.18856256,0.44897583,0.3624616,-0.2604133,0.54275674,0.9684277,0.25,0.25,-0.2773841768503189,-0.2698856422677636,0.016970887780189514,-0.3316669166088104,0.16952778565373747,3.0
2024-07-16,1,0.82728344,0.012861446,0.1598551,0.814422,0.0,0.012861446,1.0,0.0,-0.05188436210155487,-0.2042787680402398,0.8663063734769821,0.00556643803914388,0.5127071822072102,-0.875
2024-07-17,3,0.10530651,0.5618946,0.33279893,-0.45658812,0.530883,0.9563751,0.0,0.6666666666666666,-0.1274333715438843,-0.22662997264415025,-0.32915474772453307,0.03247353434562683,0.5445169220582978,2.0
2024-07-18,1,0.04071396,0.046126433,0.91315955,-0.0054124743,0.0,0.046126433,0.0,0.0,-0.0890602558851242,-0.1960065493360162,0.08364778161048889,0.11747380594412486,0.5451245393273766,-0.6666666666666667
2024-07-19,3,0.03987186,0.28446275,0.6756654,-0.2445909,0.40441197,0.7329908,0.0,0.3333333333333333,-0.030516552925109863,-0.18966592866927384,-0.21407434046268464,-0.23553049564361572,0.4986904612051563,2.0
2024-07-22,4,0.14124511,0.32329917,0.5354557,-0.18205404,0.53166217,0.87305844,0.25,0.25,-0.014844703674316406,-0.18350822944194078,-0.16720933914184571,-0.1440191368261973,0.4908288325999442,0.33333333333333326
2024-07-23,2,0.019814774,0.88581514,0.09437014,-0.86600035,0.14448403,0.97629005,0.0,1.0,-0.35092917680740354,-0.22290842588990928,-0.515071177482605,-0.4308817634979884,0.3300267273743153,-0.5
2024-07-24,1,0.013682691,0.95647293,0.029844362,-0.94279027,0.0,0.95647293,0.0,1.0,-0.448169606924057,-0.2403823768720031,-0.4946206629276276,-0.6636148889859518,0.42647620045461954,-0.5
2024-07-25,4,0.33480132,0.46721295,0.19798575,-0.13241164,0.9048239,0.9395975,0.25,0.5,-0.4735694408416748,-0.22932356726378203,0.3411577969789505,-0.6470674226681391,0.39622318619886665,3.0
2024-07-26,3,0.08044462,0.7097261,0.20982926,-0.6292815,0.29862505,0.93170315,0.0,0.6666666666666666,-0.550507566332817,-0.2557181855663657,-0.0787739545106888,-0.5681611448526382,0.37755428550748865,-0.25
2024-07-29,5,0.12422826,0.42036548,0.45540628,-0.29613718,0.5020624,0.919741,0.0,0.4,-0.5733241945505142,-0.2800764223560691,0.27718701064586637,-0.352610116203626,0.3523252240008416,0.6666666666666667
2024-07-30,3,0.21324502,0.32336733,0.46338773,-0.1101223,0.12306143,0.5056113,0.0,0.3333333333333333,-0.4221485838294029,-0.2709496641531587,0.31202628314495084,-0.34518033514420193,0.3574767780869536,-0.4
2024-07-31,6,0.2919716,0.21796252,0.49006584,0.07400907,0.16760506,0.42454153,0.3333333333333333,0.0,-0.21878871619701384,-0.25356046613305805,0.2927977845072746,-0.11075013875961304,0.2643326782773089,1.0
2024-08-01,5,0.37283477,0.281994,0.34517118,0.09084079,0.6993114,0.9264334,0.2,0.2,-0.17413823008537294,-0.25047207772731783,0.2649790167808533,0.018242518107096355,0.2991354877423447,-0.16666666666666663
2024-08-02,7,0.04408541,0.5738443,0.3820703,-0.5297589,0.41357684,0.94944555,0.0,0.5714285714285714,-0.15423370003700257,-0.26623777598142623,-0.3755251705646515,-0.12163633853197098,0.26232510047850793,0.3999999999999999
2024-08-05,9,0.022877457,0.6601229,0.31699964,-0.6372454,0.44125974,0.95976907,0.0,0.6666666666666666,-0.22245534658432006,-0.2720021054148674,-0.41479007005691526,-0.35872116684913635,0.34100974609213675,0.2857142857142858
2024-08-06,3,0.4708135,0.17106359,0.35812292,0.2997499,0.4719609,0.39444184,0.6666666666666666,0.0,-0.14048090428113938,-0.24136075675487517,0.44023081511259077,-0.289084792137146,0.4158218246545739,-0.6666666666666667
2024-08-07,6,0.2692563,0.09417639,0.6365673,0.1750799,0.37153724,0.25172356,0.16666666666666666,0.0,-0.1202667385339737,-0.2286646082997322,0.29534663558006286,-0.05413853625456492,0.43103386408262356,1.0
2024-08-08,4,0.10284639,0.56612563,0.33102798,-0.46327922,0.5845424,0.97108746,0.0,0.5,-0.2310907393693924,-0.2419646665453911,-0.23218847811222076,0.0038501967986424765,0.4344082600628833,-0.33333333333333337
2024-08-09,4,0.30671576,0.053644586,0.6396396,0.2530712,0.4203902,0.13362633,0.25,0.0,-0.07452472746372223,-0.20244563668966292,0.327595916390419,-0.01170937716960907,0.4408763107212809,0.0
2024-08-12,3,0.08135039,0.36620554,0.55244404,-0.28485516,0.3063529,0.55680025,0.0,0.6666666666666666,-0.004046675562858581,-0.20366773009300232,-0.2808084815740585,-0.16502106189727783,0.3464953903157374,-0.25
2024-08-13,2,0.055014074,0.06341333,0.8815726,-0.008399256,0.05898449,0.08692139,0.0,0.0,-0.06567650884389878,-0.24480879344046116,0.057277253270149237,-0.01339440792798996,0.3037151705697679,-0.33333333333333337
2024-08-14,4,0.44218427,0.22032285,0.33749285,0.22186145,0.67946833,0.75765544,0.5,0.25,-0.0563201978802681,-0.21088631488382817,0.27818164974451065,-0.0237976536154747,0.3135475834836652,1.0
2024-08-15,4,0.48715103,0.11718093,0.39566803,0.36997008,0.41535383,0.20325707,0.5,0.0,0.1103296622633934,-0.1921171870082617,0.2596404209733009,0.19447742650906244,0.26004577921212485,0.0
2024-08-16,2,0.13523155,0.2500683,0.61470014,-0.114836745,0.37250286,0.4787357,0.0,0.5,0.036748075485229494,-0.1856294795870781,-0.15158482044935226,0.15899826337893805,0.2616050205413591,-0.5
2024-08-19,6,0.28583923,0.21609204,0.49806878,0.06974718,0.5583522,0.9593923,0.3333333333333333,0.16666666666666666,0.10766854286193847,-0.1730394184589386,-0.03792136311531066,0.1082935060063998,0.1912200860750286,2.0
2024-08-20,3,0.026146702,0.5701125,0.4037408,-0.5439658,0.4645128,0.9350661,0.0,0.6666666666666666,0.0005552306771278382,-0.1569376915693283,-0.5445210471749306,-0.19635179390509924,0.35357099057425334,-0.5
2024-08-21,6,0.066222526,0.5433567,0.3904207,-0.47713423,0.43948635,0.94805264,0.0,0.6666666666666666,-0.1392439052462578,-0.13365488946437837,-0.33789032250642775,-0.3171176215012868,0.38129436287363905,1.0
2024-08-22,6,0.06789317,0.5486073,0.38349953,-0.48071408,0.44108376,0.9376758,0.0,0.6666666666666666,-0.30938073843717573,-0.1510700114071369,-0.17133334428071978,-0.5006047089894613,0.2711604002391768,0.0
2024-08-23,5,0.082510605,0.3083014,0.60918796,-0.22579078,0.35175842,0.8347901,0.0,0.4,-0.33157154619693757,-0.1308954745531082,0.10578076243400575,-0.3945463647445043,0.2553378183957126,-0.16666666666666663
2024-08-26,6,0.041634064,0.40043905,0.5579269,-0.35880497,0.40160674,0.8921125,0.0,0.5,-0.4172819763422012,-0.13402886390686036,0.05847700536251066,-0.355103279153506,0.12623703543961315,0.19999999999999996
2024-08-27,1,0.102619216,0.035120476,0.8622603,0.06749874,0.0,0.035120476,0.0,0.0,-0.29498906433582306,-0.12514781169593334,0.3624878078699112,-0.17236567040284476,0.22799612158901567,-0.8333333333333334
2024-08-28,2,0.05381204,0.40479594,0.54139197,-0.35098392,0.46163097,0.73908377,0.0,0.5,-0.269759002327919,-0.14639746099710466,-0.08122491538524629,-0.21409671505292258,0.20898846184808498,1.0
2024-08-29,1,0.023434862,0.94183916,0.034725916,-0.9184043,0.0,0.94183916,0.0,1.0,-0.3572970420122147,-0.19685971438884736,-0.5611072391271591,-0.40062981843948364,0.357990509149934,-0.5
2024-08-30,6,0.051238954,0.4625957,0.48616537,-0.41135672,0.3561574,0.93388623,0.0,0.5,-0.394410228729248,-0.19093960672616958,-0.01694648861885073,-0.5602483054002126,0.3504890968214786,5.0
2024-09-03,5,0.041528083,0.58432525,0.37414664,-0.5427972,0.49615875,0.9572391,0.0,0.6,-0.4312086760997772,-0.18621719628572464,-0.11158853173255923,-0.6241860687732697,0.3554401357846576,-0.16666666666666663
2024-09-04,2,0.021092432,0.91869026,0.06021732,-0.89759785,0.07771618,0.96359867,0.0,1.0,-0.6242279946804047,-0.24608458429574967,-0.2733698546886444,-0.6172505915164948,0.2682714317276169,-0.6
2024-09-05,7,0.17575368,0.27505413,0.54919213,-0.09930045,0.556205,0.958107,0.14285714285714285,0.2857142857142857,-0.5738913014531135,-0.2598036017268896,0.47459084987640376,-0.5132318362593651,0.34499852565288314,2.5
2024-09-06,9,0.17578442,0.5677852,0.25643036,-0.3920008,0.5653881,0.9332625,0.1111111111111111,0.6666666666666666,-0.4686106041073799,-0.25623968057334423,0.07660980969667436,-0.46296636511882144,0.2894264880856928,0.2857142857142858
2024-09-09,4,0.2105278,0.1096238,0.67984843,0.100903995,0.21789822,0.25702223,0.25,0.0,-0.3661584615707397,-0.26384804025292397,0.4670624569058418,-0.1301324168841044,0.3884769722582718,-0.5555555555555556
2024-09-10,2,0.42486063,0.0594044,0.515735,0.36545622,0.49694395,0.09694519,0.5,0.0,-0.18450777530670165,-0.2313324712216854,0.5499639987945557,0.024786474804083507,0.48547177402794295,-0.5
2024-09-11,2,0.3159104,0.6191449,0.06494467,-0.30323452,0.22651099,0.6879925,0.0,1.0,-0.0656351089477539,-0.24607423432171344,-0.2375994086265564,0.05437523374954859,0.3072769130109511,0.0
2024-09-12,2,0.020539787,0.9117819,0.067678325,-0.89124215,0.042641442,0.93802434,0.0,1.0,-0.22402344793081283,-0.3017294142395258,-0.6672186985611915,-0.2763401468594869,0.4828912146118848,0.0
2024-09-13,1,0.009732722,0.9500453,0.04022198,-0.94031256,0.0,0.9500453,0.0,1.0,-0.333685801923275,-0.36724354662001135,-0.6066267624497413,-0.711596409479777,0.5825504807706908,-0.5
2024-09-16,8,0.07613328,0.4802645,0.4436022,-0.40413123,0.39668676,0.8396212,0.0,0.5,-0.43469284772872924,-0.38170827105641364,0.030561614036560047,-0.74522864818573,0.5297505075620399,7.0
2024-09-17,4,0.14456442,0.26990658,0.585529,-0.12534216,0.49392822,0.7852014,0.0,0.25,-0.5328525245189667,-0.3914627380669117,0.40751036405563357,-0.48992865284283954,0.36394542923835044,-0.5
2024-09-18,8,0.050342996,0.45425725,0.49539974,-0.40391427,0.42648056,0.94063044,0.0,0.375,-0.552988475561142,-0.3844601608812809,0.14907420277595518,-0.31112922231356305,0.35060606914278153,1.0
2024-09-19,8,0.2671614,0.38007566,0.35276294,-0.11291426,0.5944152,0.95616144,0.25,0.375,-0.39732289761304856,-0.3662491623312235,0.28440864086151124,-0.21405689666668573,0.3353316918560342,0.0
2024-09-20,1,0.037370272,0.12395804,0.8386717,-0.086587764,0.0,0.12395804,0.0,0.0,-0.22657793760299683,-0.3465428464114666,0.1399901732802391,-0.20113876461982727,0.16258744744043413,-0.875
2024-09-23,3,0.30555174,0.21364893,0.48079932,0.091902815,0.63497084,0.3720573,0.3333333333333333,0.0,-0.12737112790346145,-0.33065816648304464,0.2192739427089691,-0.035866402089595795,0.17778749499721722,2.0
2024-09-24,2,0.01793161,0.9388011,0.043267325,-0.92086947,0.03125235,0.95427907,0.0,1.0,-0.28647658973932266,-0.35876139141619207,-0.6343928799033165,-0.30518480638662976,0.3967040254438694,-0.33333333333333337
2024-09-25,1,0.10466664,0.030360058,0.8649733,0.074306585,0.0,0.030360058,0.0,0.0,-0.1908324182033539,-0.3584209993481636,0.26513900309801103,-0.25155335664749146,0.4183689123158123,-0.5
2024-09-26,3,0.41351,0.39739677,0.18909319,0.016113281,0.89409006,0.94269574,0.3333333333333333,0.3333333333333333,-0.16502691060304642,-0.34006613940000535,0.18114019185304642,-0.27681653449932736,0.4282393748521154,2.0
2024-09-27,3,0.61928886,0.29921925,0.081491865,0.3200696,0.97415507,0.8368645,0.6666666666666666,0.3333333333333333,-0.08369543552398681,-0.27814244478940964,0.4037650465965271,0.1368298257390658,0.4820912102950063,0.0
2024-09-30,6,0.2317307,0.24274004,0.52552927,-0.011009346,0.40596166,0.8036858,0.3333333333333333,0.16666666666666666,-0.10427786763757467,-0.25812507621012626,0.09326852187514305,0.10839118218670289,0.47486263270084456,1.0
2024-10-01,4,0.13136709,0.7705314,0.09810155,-0.6391643,0.43932194,0.95728534,0.25,0.75,-0.047936839424073695,-0.2629434322472662,-0.5912274891510606,-0.11003468775500853,0.3554533035683611,-0.33333333333333337
2024-10-02,2,0.18758711,0.42663082,0.38578206,-0.23904371,0.79647344,0.8307927,0.0,0.5,-0.11060689892619849,-0.23001572540961207,-0.1284368136897683,-0.2964057956511776,0.35613512339864056,-0.5
2024-10-03,4,0.46401387,0.29031494,0.2456712,0.17369895,0.7678692,0.9331749,0.5,0.25,-0.07908976580947638,-0.21636575548909603,0.2527887126430869,-0.23483636478583017,0.37654152026784704,1.0
2024-10-04,9,0.6678121,0.26594448,0.066243425,0.40186763,0.755956,0.94714516,0.7777777777777778,0.2222222222222222,-0.0627301624044776,-0.17667233436368407,0.4645977905020118,0.11217428743839264,0.39930805445971945,1.25
2024-10-07,5,0.14642683,0.4451949,0.4083783,-0.2987681,0.44171318,0.853469,0.0,0.6,-0.1202819138765335,-0.1966559392865747,-0.17848618924617768,0.09226615726947784,0.410568366877705,-0.4444444444444444
2024-10-08,2,0.39214966,0.55209804,0.055752248,-0.15994841,1.0729145,0.9350734,0.5,0.5,-0.024438729882240294,-0.22292617089115083,-0.1355096787214279,-0.01894962787628174,0.3002792144205831,-0.6
2024-10-09,3,0.08839039,0.4304566,0.481153,-0.3420662,0.52921224,0.9353183,0.0,0.3333333333333333,-0.045043227076530454,-0.2248677549418062,-0.29702297151088713,-0.266927570104599,0.3214730199374972,0.5
2024-10-10,6,0.34071612,0.4077189,0.25156495,-0.06700274,0.65451604,0.92044014,0.5,0.3333333333333333,-0.09318356513977051,-0.18365578479133546,0.02618082165718079,-0.1896724502245585,0.2976685367823481,1.0
2024-10-11,2,0.40121594,0.52030396,0.078480154,-0.119087994,1.0622604,0.88558817,0.5,0.5,-0.19737468957901,-0.1425945562776178,0.07828669548034667,-0.17605231205622354,0.1180493907385998,-0.6666666666666667
2024-10-14,5,0.5932387,0.04775698,0.35900426,0.5454818,0.2977814,0.15401523,0.8,0.0,-0.02852470874786377,-0.09511390454135835,0.5740065097808837,0.11979702115058899,0.33717435987038025,1.5
2024-10-15,6,0.52905864,0.107997246,0.36294413,0.42106137,0.42302027,0.30593807,0.5,0.0,0.08767724633216858,-0.06779372817836701,0.333384120464325,0.2824850579102834,0.37818222275560537,0.19999999999999996
2024-10-16,2,0.28287274,0.5469157,0.17021151,-0.26404297,0.97955287,0.967766,0.5,0.5,0.10328189134597779,-0.06080016321502626,-0.36732486486434934,0.23416673143704733,0.3570354794357996,-0.6666666666666667
2024-10-17,2,0.4836113,0.4886215,0.027767193,-0.0050102174,1.3084255,0.9487388,0.5,0.5,0.11568039655685425,-0.05540496124885976,-0.12069061398506165,0.05066939194997152,0.3506633155929437,0.0
2024-10-18,2,0.016100982,0.9306588,0.053240135,-0.9145578,0.009487803,0.94330263,0.0,1.0,-0.04341356754302979,-0.09680346376262605,-0.8711442470550537,-0.3945370018482208,0.5855721926069865,0.0
2024-10-21,3,0.0972051,0.315566,0.58722895,-0.2183609,0.50388527,0.8063775,0.0,0.3333333333333333,-0.19618210792541504,-0.11231664954684675,-0.022178792953491205,-0.37930964430173236,0.4844318452260352,0.5
2024-10-22,4,0.053835534,0.7888042,0.15736023,-0.73496866,0.29955617,0.96842647,0.0,0.75,-0.42738811373710633,-0.10302160917781293,-0.30758054852485656,-0.6226291259129842,0.3810240179786903,0.33333333333333326
2024-10-23,3,0.6134241,0.23016651,0.15640932,0.38325763,0.8515529,0.6237848,0.6666666666666666,0.3333333333333333,-0.2979279935359955,-0.08757405704818666,0.6811856210231781,-0.19002397855122885,0.5308913444449036,-0.25
2024-10-24,2,0.039747547,0.7603934,0.19985908,-0.72064584,0.107990675,0.8100743,0.0,1.0,-0.4410551190376282,-0.12441201335750521,-0.2795907258987427,-0.35745229323705036,0.5286409855674469,-0.33333333333333337
2024-10-25,1,0.16169119,0.70196086,0.13634798,-0.5402697,0.0,0.70196086,0.0,1.0,-0.3661974906921387,-0.16742897755466402,-0.1740721821784973,-0.2925526301066081,0.4678315853137202,-0.5
2024-10-28,7,0.090231284,0.1821473,0.72762144,-0.09191602,0.3655589,0.9186228,0.0,0.14285714285714285,-0.3409085139632225,-0.1714743111282587,0.24899249672889712,-0.45094384501377743,0.4810516023627817,6.0
2024-10-29,3,0.3675036,0.0319062,0.60059017,0.3355974,0.44589427,0.065052494,0.3333333333333333,0.0,-0.1267953023314476,-0.12273622490465641,0.4623926982283592,-0.09886276473601659,0.4996991807991322,-0.5714285714285714
2024-10-30,7,0.37563723,0.33283922,0.29152355,0.04279799,0.7578755,0.9730787,0.42857142857142855,0.2857142857142857,-0.1948872298002243,-0.10864413976669311,0.2376852199435234,0.0954931229352951,0.4313416354437299,1.3333333333333335
2024-10-31,7,0.39251038,0.15116803,0.45632157,0.24134234,0.43051296,0.47460997,0.2857142857142857,0.0,-0.0024895936250686644,-0.10526197031140327,0.24383192956447602,0.20657924065987268,0.34387944343754284,0.0
2024-11-01,8,0.19779585,0.43326548,0.36893868,-0.23546964,0.63691425,0.96346396,0.125,0.5,0.05847041308879852,-0.13712883368134499,-0.29394005239009857,0.0162235622604688,0.23425624988077337,0.1428571428571428
2024-11-04,6,0.04596964,0.775239,0.17879136,-0.7292693,0.2201953,0.93950385,0.0,0.8333333333333334,-0.06900024861097336,-0.15865389481186867,-0.6602690771222115,-0.24113220969835916,0.42900405946678405,-0.25
2024-11-05,2,0.14824143,0.022373997,0.82938457,0.12586743,0.10629563,0.025606126,0.0,0.0,-0.11094624251127243,-0.14436310306191444,0.2368136689066887,-0.2796238462130229,0.3878320374065194,-0.6666666666666667
2024-11-06,3,0.3715671,0.35166395,0.27676904,0.019903144,0.6377838,0.59436685,0.3333333333333333,0.3333333333333333,-0.11552521176636218,-0.12626463593915105,0.1354283556342125,-0.19449958515663943,0.3856922980173515,0.5
2024-11-07,6,0.1269238,0.30589554,0.56718063,-0.17897175,0.4105445,0.92714953,0.0,0.3333333333333333,-0.19958802945911885,-0.13186308639124036,0.02061627693474294,-0.011067060753703117,0.33029245576307925,1.0
2024-11-08,3,0.30564928,0.25641593,0.4379348,0.04923335,0.6732627,0.6562822,0.3333333333333333,0.3333333333333333,-0.14264743141829966,-0.1234470191411674,0.19188078232109546,-0.03661175258457661,0.34669361697691153,-0.5
2024-11-11,9,0.22827946,0.23966289,0.53205764,-0.011383421,0.44253772,0.729757,0.1111111111111111,0.2222222222222222,0.000929749570786953,-0.15129028023220598,-0.012313170358538628,-0.047040607469777264,0.11271514461630816,2.0
2024-11-12,2,0.08552803,0.5917688,0.32270318,-0.5062407,0.5978172,0.9479286,0.0,0.5,-0.1254918808117509,-0.1976553848478943,-0.38074884470552206,-0.15613026513407627,0.2304989912512196,-0.7777777777777778
2024-11-13,4,0.23950331,0.5167001,0.24379665,-0.27719676,0.75967896,0.90376264,0.25,0.75,-0.18491186257451772,-0.19831307441927493,-0.09228490237146617,-0.26494030375033617,0.22177698673243854,1.0
2024-11-14,6,0.19916053,0.35463783,0.44620165,-0.15547727,0.4088599,0.9491351,0.16666666666666666,0.3333333333333333,-0.18021296616643667,-0.2058364270720631,0.02473569568246603,-0.3129715869824092,0.22218282986278473,0.5
2024-11-15,5,0.21430178,0.36526105,0.4204372,-0.15095928,0.66619915,0.9354078,0.2,0.4,-0.22025149296969176,-0.1676565004978329,0.06929220985621215,-0.19454443951447806,0.18550982922475692,-0.16666666666666663
2024-11-18,5,0.028304378,0.39481574,0.57687986,-0.3665114,0.36023155,0.8414632,0.0,0.4,-0.291277089715004,-0.17506402567960322,-0.07523431479930875,-0.22431598603725433,0.1501653256738184,0.0
2024-11-19,1,0.89735335,0.06305129,0.0395954,0.83430207,0.0,0.06305129,1.0,0.0,-0.02316853106021881,-0.09660048917867244,0.8574705988168716,0.10561046004295349,0.48772599352413987,-0.8
2024-11-20,2,0.02037496,0.50562704,0.47399798,-0.4852521,0.66301054,0.963674,0.0,0.5,-0.06477960050106049,-0.1400259761605412,-0.4204725116491318,-0.005820482969284058,0.5224557555042814,1.0
2024-11-21,2,0.22608815,0.4215665,0.35234535,-0.19547832,0.8749411,0.82880646,0.0,0.5,-0.07277981042861939,-0.11376759991981089,-0.12269850969314575,0.05119054516156515,0.5244940745647027,0.0
2024-11-22,5,0.12251846,0.36165237,0.5158292,-0.23913391,0.51060814,0.8108805,0.0,0.4,-0.0904147356748581,-0.09871081174351275,-0.14871917366981507,-0.3066214472055435,0.5292406920174938,1.5
2024-11-25,5,0.25365883,0.08028235,0.6660588,0.17337649,0.41193,0.1803051,0.2,0.0,0.01756284236907959,-0.0854461865965277,0.15581364333629608,-0.08707858125368755,0.5136738974000142,0.0
2024-11-26,8,0.1285141,0.46511695,0.40636897,-0.33660287,0.58456457,0.9239336,0.125,0.5,-0.2166181445121765,-0.11905619972385466,-0.11998472213745118,-0.13412009676297507,0.2447499773008759,0.6000000000000001
2024-11-27,3,0.34941444,0.06657651,0.5840091,0.2828379,0.4355683,0.1267342,0.3333333333333333,0.0,-0.0630001425743103,-0.10705420435406268,0.3458380401134491,0.03987050553162893,0.27336325755797364,-0.625
2024-11-29,2,0.124431774,0.05842373,0.81714445,0.066008046,0.0096766,0.09540182,0.0,0.0,-0.010702869296073914,-0.11582091883756221,0.07671091556549073,0.004081025719642639,0.2666118450254879,-0.33333333333333337
2024-12-02,5,0.16621609,0.40115994,0.43262395,-0.23494387,0.5692185,0.913759,0.2,0.4,-0.009864860773086548,-0.11579463020898402,-0.22507900595664979,0.037967359026273094,0.26571943719481417,1.5
2024-12-03,3,0.10327224,0.27397978,0.62274796,-0.17070754,0.4657934,0.7789474,0.0,0.3333333333333333,-0.07868166565895081,-0.08786654085852205,-0.09202587306499481,-0.11321445306142171,0.2505202037911233,-0.4
2024-12-04,3,0.21363343,0.5382606,0.24810599,-0.32462713,0.5466322,0.9611625,0.3333333333333333,0.3333333333333333,-0.07628651857376098,-0.1103912687394768,-0.2483406126499176,-0.24342617889245352,0.24747658095957423,0.0
2024-12-05,1,0.050523862,0.5083783,0.4410978,-0.45785445,0.0,0.5083783,0.0,1.0,-0.22442498803138733,-0.13427914842031896,-0.2334294617176056,-0.31772970656553906,0.19485721803440975,-0.6666666666666667
2024-12-06,3,0.05908082,0.5506175,0.3903017,-0.4915367,0.43465734,0.8876795,0.0,0.6666666666666666,-0.33593393862247467,-0.14990739612840115,-0.15560276806354523,-0.42467276255289715,0.1384769242511816,2.0
2024-12-09,6,0.13311942,0.313255,0.5536256,-0.18013561,0.51266235,0.84532493,0.16666666666666666,0.3333333333333333,-0.3249722868204117,-0.16137584405951202,0.1448366791009903,-0.3765089213848114,0.150147236438436,1.0
2024-12-10,2,0.0134343095,0.88891435,0.09765136,-0.87548006,0.04384735,0.91695404,0.0,1.0,-0.4659267902374268,-0.20458067581057549,-0.4095532655715942,-0.5157174567381541,0.25985433490912846,-0.6666666666666667
2024-12-11,4,0.24662557,0.27046385,0.48291054,-0.023838282,0.73415804,0.9479437,0.25,0.25,-0.405769020318985,-0.18046055361628532,0.38193073868751526,-0.3598179817199707,0.3269093799818609,1.0
2024-12-12,2,0.46751532,0.4909132,0.04157146,-0.023397893,1.3023131,0.95700413,0.5,0.5,-0.31887770891189576,-0.16777061000466348,0.295479816198349,-0.3075720767180125,0.36511068806514896,-0.5
2024-12-13,2,0.25378215,0.3171481,0.42906976,-0.06336594,0.7366271,0.61617744,0.0,0.5,-0.23324355483055115,-0.16316504329442977,0.16987761855125427,-0.036867370208104454,0.3647027395266508,0.0
2024-12-16,6,0.0792448,0.35792172,0.5628335,-0.2786769,0.39301825,0.87188303,0.0,0.3333333333333333,-0.25295181274414064,-0.16955092400312424,-0.02572508454322814,-0.12181357542673747,0.36377672076545575,2.0
2024-12-17,3,0.093114495,0.41364852,0.493237,-0.32053402,0.38478598,0.75381327,0.0,0.3333333333333333,-0.14196260571479796,-0.167252054810524,-0.17857141494750978,-0.2208589514096578,0.1455738054322527,-0.5
2024-12-18,5,0.0829694,0.45366892,0.46336168,-0.37069955,0.4626808,0.95873797,0.0,0.6,-0.21133486032485962,-0.22750213593244553,-0.15936469435691833,-0.3233034908771515,0.15737822168765372,0.6666666666666667
2024-12-19,5,0.06657294,0.35502285,0.57840425,-0.28844994,0.40857577,0.8385655,0.0,0.4,-0.26434527039527894,-0.21766202747821808,-0.02410467267036437,-0.326561172803243,0.11794864662034639,0.0
2024-12-20,4,0.2398196,0.4299621,0.33021826,-0.1901425,0.78901786,0.9333399,0.25,0.5,-0.28970058262348175,-0.21739523634314536,0.09955808520317078,-0.2830973317225774,0.06623147371682186,-0.19999999999999996
2024-12-23,5,0.08479456,0.030069146,0.8851363,0.054725416,0.08104952,0.062153768,0.0,0.0,-0.22302011996507645,-0.20270227007567881,0.27774553596973417,-0.1412890081604322,0.16868814335461957,0.25
2024-12-24,3,0.025641704,0.6305266,0.3438317,-0.6048849,0.2982496,0.9053076,0.0,0.6666666666666666,-0.27989030033349993,-0.24161534048616887,-0.3249946221709251,-0.2467673346400261,0.24184883623208525,-0.4
2024-12-26,2,0.033003703,0.87583876,0.09115756,-0.84283507,0.00077533344,0.8864895,0.0,1.0,-0.37431740313768386,-0.2669269505888224,-0.4685176655650139,-0.46433152506748837,0.3528602914703835,-0.33333333333333337
2024-12-27,1,0.09091522,0.3461891,0.56289566,-0.25527388,0.0,0.3461891,0.0,0.0,-0.3676821902394295,-0.2938325393944979,0.11240831166505816,-0.567664623260498,0.3551828933720143,-0.5
2024-12-30,3,0.42231154,0.33369634,0.24399215,0.08861526,0.88949084,0.94712174,0.6666666666666666,0.3333333333333333,-0.31193063855171205,-0.2927021786570549,0.40054589956998826,-0.3364978954195976,0.4079722401391095,2.0
2024-12-31,2,0.6985239,0.044188254,0.25728792,0.6543356,0.3703404,0.071573086,0.5,0.0,-0.1920085981488228,-0.2482382044196129,0.8463442161679268,0.1625590001543363,0.590146747061497,-0.33333333333333337
2025-01-02,4,0.17308737,0.53194046,0.29497224,-0.35885307,0.7375193,0.96767575,0.25,0.5,-0.14280222803354264,-0.25764548107981683,-0.21605084389448165,0.1280326023697853,0.5564073636255011,1.0
2025-01-03,1,0.07780292,0.6204803,0.30171674,-0.5426774,0.0,0.6204803,0.0,1.0,-0.08277069479227066,-0.2685479946434498,-0.4599067077040672,-0.08239828546841939,0.47174989915381993,-0.75
2025-01-06,4,0.056858376,0.5345933,0.4085483,-0.47773492,0.39166975,0.95922154,0.0,0.5,-0.12726290374994279,-0.2695420183241367,-0.3504720196127892,-0.45975513259569806,0.5016307106707557,3.0
2025-01-07,1,0.032516975,0.86564016,0.10184288,-0.8331232,0.0,0.86564016,0.0,1.0,-0.31161059737205504,-0.28662134334445,-0.5215126097202301,-0.6178451776504517,0.5675051772107631,-0.75
2025-01-08,2,0.021053422,0.9081046,0.07084199,-0.8870512,0.044832908,0.9346559,0.0,1.0,-0.6198879659175873,-0.3219671241939068,-0.2671632587909698,-0.7326364517211914,0.22975729010099602,1.0
2025-01-10,14,0.13584863,0.43265194,0.43149945,-0.2968033,0.48358384,0.92896885,0.07142857142857142,0.42857142857142855,-0.6074780106544495,-0.2930332861840725,0.3106747150421143,-0.6723259091377258,0.24830832787894902,6.0
2025-01-13,4,0.48144954,0.09495676,0.42359373,0.3864928,0.57681364,0.32096383,0.5,0.0,-0.4216439723968506,-0.2725167326629162,0.8081367611885071,-0.2657872438430786,0.5142313402629196,-0.7142857142857143
2025-01-14,2,0.052733473,0.882875,0.06439156,-0.83014154,0.049673684,0.88430554,0.0,1.0,-0.4921252965927124,-0.3128539152443409,-0.3380162477493286,-0.24681735038757324,0.5469509739083667,-0.5
2025-01-15,4,0.2929266,0.07917936,0.62789404,0.21374723,0.2592984,0.18422559,0.25,0.0,-0.28275120854377744,-0.2989982567727566,0.49649844169616697,-0.07663384079933167,0.5829687772491126,1.0
2025-01-16,2,0.47847158,0.036951855,0.48457664,0.4415197,0.63883674,0.0394777,0.5,0.0,-0.017037022113800048,-0.26298842653632165,0.45855672955513,-0.05829153458277384,0.5398564825126515,-0.5
2025-01-17,6,0.21757238,0.2955814,0.4868462,-0.07800905,0.5710568,0.7111147,0.16666666666666666,0.3333333333333333,0.026721827685832977,-0.25086217783391473,-0.10473087430000305,0.19241929799318314,0.5200130580449912,2.0
2025-01-21,5,0.049508788,0.65702015,0.2934711,-0.60751134,0.31570408,0.9617739,0.0,0.8,-0.1720789983868599,-0.26270276717841623,-0.43543234318494795,-0.08133356024821599,0.5377876087371463,-0.16666666666666663
2025-01-22,4,0.14643383,0.039210897,0.81435525,0.10722294,0.07057059,0.05828283,0.0,0.0,0.015393897891044617,-0.24291912317276002,0.09182903915643692,-0.19276581704616547,0.3956307846335696,-0.19999999999999996
2025-01-23,1,0.87916756,0.07613464,0.044697825,0.80303293,0.0,0.07613464,1.0,0.0,0.1332510381937027,-0.19326035156846047,0.6697818964719773,0.1009148433804512,0.533309138783377,-0.75
2025-01-24,4,0.22982675,0.26764283,0.5025304,-0.037816085,0.69312376,0.97287536,0.25,0.25,0.037383879721164706,-0.19788742661476136,-0.07519996464252472,0.29081326226393384,0.5064475238962662,3.0
2025-01-27,6,0.08180454,0.5594714,0.3587241,-0.47766685,0.35834348,0.9629585,0.0,0.5,-0.04254768192768097,-0.19152652323246003,-0.43511917293071745,0.09584999829530716,0.5581157668546993,0.5
2025-01-28,5,0.073810086,0.3085406,0.6176493,-0.23473051,0.30583283,0.81515795,0.0,0.2,0.03200848400592804,-0.16112129539251327,-0.26673899590969086,-0.25007115056117374,0.4837173841389122,-0.16666666666666663
2025-01-29,6,0.1290137,0.6157966,0.2551897,-0.48678294,0.38701162,0.9759355,0.0,0.8333333333333334,-0.08679269105196,-0.17269674837589263,-0.39999024718999865,-0.3997267683347066,0.5312364729451325,0.19999999999999996
2025-01-30,4,0.2604066,0.68201876,0.057574637,-0.4216121,0.88547355,0.95844513,0.25,0.75,-0.3317217007279396,-0.19820811711251735,-0.08989041298627853,-0.38104185461997986,0.19313988677416982,-0.33333333333333337
2025-01-31,10,0.19321191,0.23584703,0.5709411,-0.042635106,0.5187327,0.9252931,0.2,0.2,-0.33268550485372544,-0.23305665329098701,0.2900503993034363,-0.3170100525021553,0.19130993660115653,1.5
2025-02-03,10,0.096231654,0.26999274,0.6337756,-0.17376108,0.40647537,0.957615,0.1,0.2,-0.27190435081720354,-0.22380205392837524,0.09814326614141466,-0.21266943464676538,0.18177156228286426,0.0
2025-02-04,4,0.048433717,0.47711617,0.4744501,-0.42868245,0.5042259,0.9236603,0.0,0.5,-0.3106947377324104,-0.21810230612754822,-0.11798770874738695,-0.2150262122352918,0.19224828335636876,-0.6
2025-02-05,2,0.3980274,0.44875303,0.15321957,-0.05072564,0.89485717,0.70513064,0.5,0.5,-0.22348327785730362,-0.19675184190273284,0.17275763899087906,-0.2177230566740036,0.19130165586884468,-0.5
2025-02-06,3,0.18845905,0.41538608,0.39615488,-0.22692703,0.60463333,0.91003823,0.3333333333333333,0.3333333333333333,-0.18454626053571702,-0.16644203290343285,-0.04238076657056808,-0.235445037484169,0.1577669653111936,0.5
2025-02-07,6,0.14297174,0.29505432,0.5619739,-0.15208258,0.51943326,0.97328204,0.0,0.3333333333333333,-0.20643575489521027,-0.12969360053539275,0.054353177547454834,-0.1432450811068217,0.13971491185112658,1.0
2025-02-10,5,0.10917938,0.09432471,0.7964959,0.01485467,0.1843231,0.36139542,0.0,0.0,-0.1687126040458679,-0.11411070227622985,0.18356727361679076,-0.12138497829437256,0.17238595049388047,-0.16666666666666663
2025-02-11,6,0.13473111,0.64256066,0.22270821,-0.5078296,0.31881246,0.8727297,0.0,0.6666666666666666,-0.18454203605651856,-0.1588268220424652,-0.323287570476532,-0.21501917143662772,0.20311993471997347,0.19999999999999996
2025-02-12,2,0.15552673,0.8076321,0.036841173,-0.65210533,0.3727402,0.93217164,0.0,1.0,-0.30481797456741333,-0.14992501139640807,-0.3472873568534851,-0.38169342279434204,0.2708357120166504,-0.6666666666666667
2025-02-13,4,0.14242005,0.49041194,0.36716804,-0.34799188,0.458153,0.9311732,0.25,0.5,-0.32903094589710236,-0.17801196724176407,-0.01896093785762787,-0.5026422739028931,0.2675226992468699,1.0
2025-02-14,5,0.08028869,0.25634086,0.6633705,-0.17605215,0.4335928,0.9492568,0.0,0.2,-0.3338248610496521,-0.20889056026935576,0.15777270793914794,-0.39204978942871094,0.2637472541312255,0.25
2025-02-18,5,0.19246595,0.69484997,0.112684056,-0.502384,0.55830383,0.9392069,0.2,0.8,-0.4372725963592529,-0.23010930828750134,-0.06511141061782838,-0.3421426812807719,0.18136844898273988,0.0
2025-02-19,4,0.21487549,0.48707867,0.29804584,-0.27220315,0.75394756,0.93363744,0.25,0.5,-0.3901473045349121,-0.21334389857947827,0.11794415712356565,-0.3168797691663106,0.18890720128496458,-0.19999999999999996
2025-02-20,5,0.46441928,0.35026753,0.18531315,0.114151776,0.7460945,0.82355064,0.6,0.4,-0.2368958830833435,-0.2129974566400051,0.3510476589202881,-0.22014512618382773,0.22967873569321887,0.25
2025-02-21,3,0.046476822,0.35953104,0.5939921,-0.3130542,0.5458206,0.95783675,0.0,0.3333333333333333,-0.22990834712982178,-0.2688018135726452,-0.0831458568572998,-0.15703519185384116,0.22595515412507147,-0.4
2025-02-24,6,0.3065486,0.18256997,0.5108814,0.12397864,0.4966965,0.7293796,0.3333333333333333,0.16666666666666666,-0.1699021890759468,-0.2607120774686337,0.2938808262348175,-0.0249745969971021,0.27773851897761,1.0
2025-02-25,3,0.25695425,0.4718207,0.271225,-0.21486646,0.7133398,0.82571775,0.3333333333333333,0.6666666666666666,-0.11239867955446244,-0.2475720576941967,-0.10246777981519699,-0.1346473420659701,0.21418397350599697,-0.5
2025-02-26,2,0.05307582,0.37188023,0.57504386,-0.31880444,0.45424786,0.713734,0.0,0.5,-0.12171893864870072,-0.2517757542431355,-0.19708550423383714,-0.1365640883644422,0.22367981193403186,-0.33333333333333337
2025-02-27,3,0.3774624,0.32558346,0.29695418,0.05187891,0.8758013,0.9060049,0.3333333333333333,0.3333333333333333,-0.1341735117137432,-0.22484266180545093,0.1860524222254753,-0.16059733058015505,0.20848037701266553,0.5
2025-02-28,6,0.31502876,0.27810204,0.40686926,0.036926698,0.63271874,0.9129466,0.3333333333333333,0.16666666666666666,-0.06417733132839203,-0.2019157212227583,0.10110402926802635,-0.0766662781437238,0.19146535178061985,1.0
2025-03-03,12,0.09129576,0.5193882,0.38931605,-0.42809245,0.4917093,0.96143866,0.08333333333333333,0.5833333333333334,-0.1745915487408638,-0.22118858844041825,-0.25350090116262436,-0.11309561381737392,0.21372351984866442,1.0
2025-03-04,10,0.07331379,0.61460674,0.31207946,-0.54129297,0.43439984,0.9469919,0.0,0.7,-0.2398768499493599,-0.2395651824772358,-0.30141611546278,-0.3108195724586646,0.271223145923773,-0.16666666666666663
2025-03-05,5,0.048286986,0.469306,0.48240703,-0.42101902,0.43656653,0.95008516,0.0,0.4,-0.26031976491212844,-0.23918201103806497,-0.16069925278425218,-0.46346814433733624,0.2822859081180561,-0.5
2025-03-06,4,0.04012373,0.67683965,0.28303662,-0.6367159,0.41197318,0.94951373,0.0,0.75,-0.398038724809885,-0.2684815235435963,-0.23867716416716578,-0.5330092906951904,0.25889901766240186,-0.19999999999999996
2025-03-07,7,0.04629332,0.73343736,0.22026932,-0.6871441,0.41413462,0.9669951,0.0,0.7142857142857143,-0.5428528845310211,-0.29149237722158433,-0.14429121613502505,-0.5816263357798258,0.12004801171697667,0.75
2025-03-10,11,0.044085417,0.5765937,0.3793209,-0.5325083,0.42348596,0.96202844,0.0,0.6363636363636364,-0.5637360572814941,-0.3105136640369892,0.031227743625640847,-0.6187894344329834,0.10295948079081657,0.5714285714285714
2025-03-11,4,0.032146014,0.6815374,0.2863166,-0.64939135,0.41895348,0.9427271,0.0,0.75,-0.5853557348251343,-0.3437259651720524,-0.06403561830520632,-0.6230145891507467,0.10828054279012965,-0.6363636363636364
2025-03-12,9,0.23695678,0.47393268,0.28911054,-0.23697591,0.7107078,0.95370185,0.2222222222222222,0.4444444444444444,-0.548547112941742,-0.3301832802593708,0.311571204662323,-0.4729585250218709,0.1833618536598427,1.25
2025-03-13,5,0.09856186,0.5296165,0.37182167,-0.4310546,0.5137121,0.93016464,0.0,0.6,-0.5074148535728454,-0.3191307432949543,0.07636026144027708,-0.4391406178474426,0.18169873629505034,-0.4444444444444444
2025-03-14,7,0.046660352,0.4529144,0.5004253,-0.40625402,0.4170463,0.96611416,0.0,0.42857142857142855,-0.4512368381023407,-0.3220438502728939,0.04498281478881838,-0.35809484124183655,0.15346725000135888,0.3999999999999999
2025-03-17,7,0.34804937,0.40917,0.2427806,-0.06112065,0.7828848,0.9321712,0.2857142857142857,0.42857142857142855,-0.35695930570364,-0.31629727520048617,0.2958386540412903,-0.29947642236948013,0.22099383922397844,0.0
2025-03-18,4,0.1635881,0.507208,0.3292039,-0.34361988,0.6983139,0.9228008,0.25,0.5,-0.29580501168966294,-0.3083590690046549,-0.04781487137079238,-0.2703315193454425,0.1510921137521381,-0.4285714285714286
2025-03-19,10,0.060141016,0.4341852,0.50567377,-0.37404418,0.38860482,0.9454587,0.0,0.5,-0.3232186660170555,-0.31345112062990665,-0.050825513899326324,-0.25959490487972897,0.1501817808284372,1.5
2025-03-20,3,0.17079003,0.46515107,0.36405888,-0.29436103,0.47538444,0.8443294,0.0,0.3333333333333333,-0.29587995260953903,-0.3338767606765032,0.00151892751455307,-0.33734169602394104,0.13755491575704237,-0.7
2025-03-21,3,0.039876953,0.34350887,0.61661416,-0.30363193,0.5584922,0.96148735,0.0,0.3333333333333333,-0.27535553425550463,-0.33340564705431464,-0.02827639728784559,-0.3240123788515727,0.12395242872315301,0.0
2025-03-24,6,0.1573723,0.534863,0.3077647,-0.37749073,0.6188387,0.9635513,0.0,0.5,-0.338629549741745,-0.3584791153669357,-0.03886117935180666,-0.32516122857729596,0.038645265789005054,1.0
2025-03-25,2,0.29992846,0.6664952,0.033576414,-0.36656672,0.83036673,0.9638129,0.5,0.5,-0.3432189166545868,-0.366064128279686,-0.023347800970077492,-0.3492297927538554,0.04069427708841421,-0.6666666666666667
2025-03-26,8,0.12441242,0.59207153,0.28351608,-0.46765912,0.64198756,0.9429493,0.125,0.625,-0.3619419038295746,-0.3735068619251251,-0.10571721196174622,-0.40390552083651227,0.06965362842891211,3.0
2025-03-27,9,0.26463875,0.25568363,0.47967762,0.008955107,0.5354505,0.95858103,0.3333333333333333,0.2222222222222222,-0.3012786773964763,-0.37565305209718647,0.3102337844669819,-0.2750902421151598,0.18303264335287298,0.125
2025-03-28,5,0.049244974,0.69910085,0.2516542,-0.6498559,0.39499757,0.93330896,0.0,0.8,-0.3705234734341502,-0.40999218258075415,-0.27933243829756976,-0.36951997348417837,0.2405878923237786,-0.4444444444444444
2025-03-31,11,0.21220207,0.3792428,0.40855506,-0.16704077,0.67060554,0.967524,0.18181818181818182,0.36363636363636365,-0.3284334806725383,-0.3969395983498544,0.16139271538704636,-0.2693138566489021,0.25691874597911213,1.2000000000000002
2025-04-01,6,0.19874968,0.36684933,0.434401,-0.16809966,0.6031312,0.902659,0.16666666666666666,0.3333333333333333,-0.288740068487823,-0.37827993291430173,0.12064041178673507,-0.3283321112394333,0.2647658987844029,-0.4545454545454546
2025-04-02,10,0.1046681,0.30591565,0.58941627,-0.20124753,0.36207873,0.9298342,0.0,0.3,-0.23545775096863508,-0.36729135843925176,0.03421022277325392,-0.17879598339398703,0.24589215977446602,0.6666666666666667
2025-04-03,10,0.113978684,0.4452334,0.44078788,-0.33125472,0.50627285,0.97238064,0.0,0.4,-0.30349971652030944,-0.35201830002479256,-0.027755004167556774,-0.23353396852811178,0.20502602627840696,0.0
2025-04-04,10,0.048938997,0.7959906,0.15507045,-0.74705154,0.2404473,0.9584126,0.0,0.9,-0.3229388415813446,-0.35501367184333504,-0.42411269545555114,-0.4265179286400477,0.24648980273665305,0.0
2025-04-07,17,0.15909742,0.45500657,0.385896,-0.29590917,0.5540251,0.9742293,0.11764705882352941,0.47058823529411764,-0.3487125217914581,-0.34318371447734536,0.05280335545539855,-0.45807180802027386,0.23245100107650032,0.7
2025-04-08,8,0.052275404,0.60367566,0.34404898,-0.55140024,0.3911786,0.9454694,0.0,0.625,-0.42537263929843905,-0.33828415903262793,-0.12602760493755338,-0.5314536492029825,0.22091361961100794,-0.5294117647058824
2025-04-09,10,0.24208744,0.5330439,0.2248687,-0.2909565,0.6767889,0.9642138,0.2,0.7,-0.44331443309783936,-0.34098318847827613,0.15235793590545654,-0.3794219692548116,0.20089636838838384,0.25
2025-04-10,10,0.10787843,0.46160856,0.430513,-0.3537301,0.5484587,0.9096414,0.1,0.5,-0.447809511423111,-0.33711696448735895,0.09407939910888674,-0.39869561791419983,0.19799264258152943,0.0
2025-04-11,10,0.17421034,0.3857308,0.4400589,-0.21152046,0.3430202,0.7664983,0.1,0.4,-0.34070329666137694,-0.3273802864830941,0.12918283343315123,-0.2854023575782776,0.1281916185502579,0.0
2025-04-14,13,0.1722891,0.49082074,0.3368902,-0.31853166,0.5350946,0.96546847,0.15384615384615385,0.38461538461538464,-0.3452277958393097,-0.3402508370112628,0.026696133613586415,-0.29459407925605774,0.12660477485469346,0.30000000000000004
2025-04-15,3,0.4202106,0.03428932,0.54550004,0.38592124,0.38995644,0.06640853,0.3333333333333333,0.0,-0.15776349902153014,-0.30377378086559476,0.5436847388744355,-0.048043628533681236,0.30841230401561504,-0.7692307692307692
2025-04-16,10,0.0521636,0.6990118,0.24882463,-0.6468482,0.41614294,0.94977,0.0,0.8,-0.2289418399333954,-0.3174139819573611,-0.4179063618183136,-0.19315287470817566,0.3796723217726632,2.3333333333333335
2025-04-17,6,0.053310756,0.6607309,0.2859583,-0.60742015,0.48000404,0.95744985,0.0,0.6666666666666666,-0.27967984676361085,-0.3330669380258769,-0.32774029970169066,-0.2894490361213684,0.41575421723264916,-0.4
2025-04-21,12,0.062059492,0.45516476,0.48277572,-0.39310527,0.40273997,0.9416776,0.0,0.5,-0.3159968078136444,-0.33754060487262905,-0.07710846066474913,-0.549124538898468,0.41624250534232915,1.0
2025-04-22,3,0.29300067,0.36640343,0.34059593,-0.073402755,0.6943201,0.9159916,0.3333333333333333,0.3333333333333333,-0.26697102636098863,-0.32233620616607367,0.19356827139854432,-0.3579760566353798,0.4300753148494163,-0.75
2025-04-23,8,0.13065793,0.36874244,0.5005996,-0.23808452,0.44953448,0.9251643,0.125,0.375,-0.3917721793055534,-0.3159120965283364,0.1536876544356346,-0.23486418277025223,0.24318130354547948,1.6666666666666665
2025-04-24,4,0.21165183,0.5400918,0.24825633,-0.32843998,0.6049873,0.9688274,0.25,0.5,-0.32809053510427477,-0.30895113977603617,-0.0003494456410407798,-0.21330908685922623,0.19698922348884024,-0.5
2025-04-25,6,0.17664991,0.52492076,0.2984293,-0.3482709,0.49729022,0.9524177,0.16666666666666666,0.5,-0.2762606844305992,-0.3268124397844076,-0.07201020866632463,-0.3049317995707194,0.1266585613413841,0.5
2025-04-28,8,0.37030566,0.18495502,0.4447393,0.18535067,0.6020405,0.939142,0.375,0.125,-0.16056949645280838,-0.2850521106272936,0.345920167863369,-0.16378673414389291,0.2217429236672084,0.33333333333333326
2025-04-29,9,0.08445593,0.59412897,0.32141507,-0.50967306,0.4266874,0.96550214,0.0,0.6666666666666666,-0.2478235572576523,-0.30218372531235216,-0.26184950172901156,-0.22419776022434235,0.26119370096875916,0.125
2025-04-30,4,0.018508662,0.838293,0.14319833,-0.81978434,0.1701151,0.9681266,0.0,1.0,-0.36416352093219756,-0.33476795963943007,-0.4556208223104477,-0.38136891027291614,0.36478005493611465,-0.5555555555555556
2025-05-01,6,0.23388119,0.57056713,0.19555163,-0.336686,0.7318989,0.968999,0.3333333333333333,0.5,-0.36581272184848784,-0.3415398824959993,0.029126736521720875,-0.5553811291853586,0.3645967629580424,0.5
2025-05-02,9,0.35128918,0.28102925,0.36768153,0.07025996,0.5662196,0.96809256,0.4444444444444444,0.2222222222222222,-0.282106551527977,-0.3214641485363245,0.35236651003360747,-0.36207012335459393,0.41428892402663137,0.5
2025-05-05,14,0.15253115,0.49770054,0.3497683,-0.3451694,0.53000355,0.9639451,0.14285714285714285,0.5,-0.38821056485176086,-0.30137004144489765,0.0430411696434021,-0.2038651406764984,0.32237850775259275,0.5555555555555556
2025-05-06,6,0.31325528,0.55589205,0.1308527,-0.24263674,0.7799761,0.9513673,0.5,0.5,-0.3348033010959625,-0.29870642013847826,0.0921665608882904,-0.1725153923034668,0.3193307575515485,-0.5714285714285714
2025-05-07,8,0.050163534,0.5890191,0.3608173,-0.5388556,0.40653345,0.96796554,0.0,0.75,-0.2786175549030304,-0.2980791885405779,-0.2602380573749542,-0.3755539158980052,0.22278637467007648,0.33333333333333326
2025-05-08,9,0.24884439,0.4661753,0.28498036,-0.21733089,0.74666524,0.9626701,0.2222222222222222,0.4444444444444444,-0.2547465354204178,-0.29439790807664395,0.03741564750671389,-0.33294108013312024,0.22139899505058205,0.125
2025-05-09,5,0.048234023,0.4978067,0.4539593,-0.44957265,0.46447438,0.92142236,0.0,0.6,-0.35871305763721467,-0.2991900350898504,-0.09085959494113921,-0.40191971759001416,0.13633860986628799,-0.4444444444444444
2025-05-12,15,0.3716108,0.19031715,0.4380721,0.18129365,0.5256271,0.9101588,0.3333333333333333,0.2,-0.25342044830322263,-0.2795493293553591,0.4347140997648239,-0.1618699630101522,0.2785426418607349,2.0
2025-05-13,8,0.3947377,0.27209342,0.33316892,0.12264429,0.63055193,0.97311056,0.5,0.25,-0.18036424219608307,-0.2574905317276716,0.30300853252410886,-0.04854490359624227,0.3259472220953437,-0.4666666666666667
2025-05-14,2,0.09457379,0.0238553,0.8815709,0.07071848,0.0042074937,0.031036532,0.0,0.0,-0.05844942331314087,-0.27325066961348055,0.12916790544986725,0.12488547464211781,0.2670097016428284,-0.75
2025-05-15,4,0.22797932,0.12960412,0.6424166,0.0983752,0.18729399,0.32737774,0.25,0.0,0.004691794514656067,-0.23598949946463108,0.0936834067106247,0.09724599123001099,0.25719316632138545,1.0
2025-05-16,2,0.0961262,0.4890825,0.41479132,-0.3929563,0.7941508,0.96454406,0.0,0.5,0.01601506769657135,-0.2252663064748049,-0.4089713543653488,-0.07462086776892345,0.23222834947959436,-0.5
2025-05-19,4,0.02246373,0.76713145,0.2104048,-0.7446677,0.31291854,0.9629973,0.0,0.75,-0.16917720437049866,-0.24284442849457263,-0.5754905045032501,-0.34641626477241516,0.38586280377894866,1.0
2025-05-20,2,0.08003448,0.6311691,0.28879648,-0.5511346,0.019975288,0.6828634,0.0,1.0,-0.3039329797029495,-0.26673102006316185,-0.247201606631279,-0.5629195272922516,0.3759974984297973,-0.5
2025-05-21,5,0.031930637,0.64665747,0.32141188,-0.61472684,0.4056674,0.9567884,0.0,0.6,-0.4410220444202423,-0.28556313589215276,-0.17370479702949526,-0.6368430455525717,0.3270162548014344,1.5
2025-05-22,3,0.03801472,0.6334575,0.32852778,-0.5954428,0.42829564,0.9297014,0.0,0.6666666666666666,-0.5797856390476227,-0.2989132754504681,-0.01565713286399839,-0.587101399898529,0.12686431739939416,-0.4
2025-05-23,1,0.02174687,0.6468628,0.33139038,-0.62511593,0.0,0.6468628,0.0,1.0,-0.6262175679206848,-0.31275552734732626,0.001101636886596702,-0.6117618481318156,0.0720212268775166,-0.6666666666666667
2025-05-27,10,0.30215493,0.3995281,0.29831702,-0.09737316,0.697579,0.96093774,0.3,0.5,-0.4967586576938629,-0.32689171880483625,0.3993854999542236,-0.4393106202284495,0.22505341343008242,9.0
2025-05-28,5,0.19900593,0.34964722,0.45134687,-0.1506413,0.574844,0.7694351,0.2,0.4,-0.41666000187397,-0.3089401312172413,0.2660186946392059,-0.2910434653361638,0.2680287582232001,-0.5
2025-05-29,2,0.21808714,0.25338435,0.5285285,-0.035297208,0.3425076,0.37112004,0.0,0.0,-0.30077407509088516,-0.2697157744318247,0.26547686755657196,-0.09443722416957219,0.28566458862354144,-0.6
2025-05-30,4,0.2434057,0.13402586,0.6225684,0.10937983,0.10200261,0.41294658,0.25,0.0,-0.15980955511331557,-0.247412483766675,0.2691893830895424,-0.025519562264283497,0.27769526131465166,1.0
2025-06-02,6,0.07939121,0.17663006,0.74397874,-0.097238846,0.26942867,0.61332816,0.0,0.16666666666666666,-0.05423413813114166,-0.25578742399811744,-0.043004707992076875,-0.0077187418937683105,0.10016593660353214,0.5
2025-06-03,3,0.06426954,0.5670702,0.3686603,-0.50280064,0.42216566,0.95831263,0.0,0.6666666666666666,-0.13531963527202606,-0.26366898640990255,-0.3674810081720352,-0.163553220530351,0.22727159130960065,-0.5
2025-06-04,4,0.06038987,0.283137,0.65647316,-0.22274712,0.4896078,0.9639245,0.0,0.25,-0.14974079728126527,-0.26267450526356695,-0.07300631999969481,-0.2742622022827466,0.23074795030281292,0.33333333333333326
2025-06-05,5,0.030704742,0.62738544,0.34190986,-0.59668064,0.47284248,0.96479845,0.0,0.6,-0.2620174840092659,-0.26556575670838356,-0.3346631571650505,-0.4407428006331126,0.29008881535991954,0.25
2025-06-06,6,0.2405085,0.45701393,0.3024776,-0.21650541,0.5962977,0.88570935,0.16666666666666666,0.6666666666666666,-0.32719453126192094,-0.26552448272705076,0.1106891229748726,-0.34531105558077496,0.21183792827967995,0.19999999999999996
2025-06-09,3,0.3496376,0.32358757,0.32677484,0.026050031,0.92254597,0.9429811,0.3333333333333333,0.3333333333333333,-0.3025367558002472,-0.24174334853887558,0.32858678698539734,-0.2623786727587382,0.24918030908788139,-0.5
2025-06-10,2,0.33967948,0.44705373,0.21326679,-0.10737428,0.49312267,0.55415136,0.5,0.5,-0.2234514832496643,-0.256176745146513,0.11607720255851744,-0.09927655259768169,0.2318801797658785,-0.33333333333333337
2025-06-11,7,0.19747339,0.23149577,0.5710308,-0.034022383,0.34778592,0.65527004,0.14285714285714285,0.2857142857142857,-0.1857065364718437,-0.26401007883250716,0.15168415307998656,-0.03844887763261795,0.24689732368853412,2.5
2025-06-12,2,0.056805987,0.22042502,0.72276896,-0.16361904,0.085793436,0.243608,0.0,0.0,-0.09909421652555465,-0.27572695501148703,-0.06452482491731644,-0.10167190184195836,0.09735608179064541,-0.7142857142857143
2025-06-13,5,0.108681455,0.59430027,0.29701832,-0.48561883,0.433964,0.9545451,0.0,0.6,-0.15291690081357956,-0.30492665655910967,-0.3327019289135933,-0.22775341818730035,0.19940179825322016,1.5
2025-06-16,7,0.22247772,0.44457442,0.33294782,-0.22209671,0.64923614,0.9149239,0.14285714285714285,0.5714285714285714,-0.20254624933004378,-0.2963836777955294,-0.01955046206712724,-0.29044486085573834,0.1728334681557452,0.3999999999999999
2025-06-17,4,0.30526078,0.25158852,0.44315067,0.053672243,0.50630474,0.6191183,0.25,0.25,-0.17033694460988044,-0.25646668020635843,0.22400918751955032,-0.21801443273822466,0.206693400025968,-0.4285714285714286
2025-06-18,9,0.20609099,0.18882254,0.60508645,0.017268458,0.42374933,0.70260185,0.1111111111111111,0.1111111111111111,-0.16007877625524997,-0.22804652797058225,0.17734723463654517,-0.05038533670206865,0.2162039685104316,1.25
2025-06-20,6,0.35210648,0.2450202,0.40287337,0.10708628,0.56086785,0.7881795,0.3333333333333333,0.16666666666666666,-0.10593771226704121,-0.19195587197318673,0.21302399076521397,0.05934232659637928,0.24682229586970203,-0.33333333333333337
2025-06-23,6,0.20983179,0.18397075,0.6061974,0.025861045,0.4801567,0.91108716,0.16666666666666666,0.16666666666666666,-0.0036417372524738313,-0.16089068111032248,0.029502782598137857,0.05007192740837733,0.12705885642600465,0.0
2025-06-24,3,0.07040947,0.38734838,0.54224217,-0.3169389,0.54164046,0.9471615,0.0,0.3333333333333333,-0.022610176354646683,-0.14548182990401984,-0.2943287305533886,-0.06133052768806616,0.16823298157681313,-0.5
2025-06-25,1,0.14427775,0.00798472,0.84773755,0.13629302,0.0,0.00798472,0.0,0.0,-0.006086020171642304,-0.1337985208258033,0.14237904399633408,-0.05159494591255983,0.18115968454067927,-0.6666666666666667
2025-06-26,4,0.06956079,0.5441771,0.38626206,-0.47461635,0.4902849,0.9391271,0.0,0.5,-0.1044629815965891,-0.14999727290123702,-0.37015336714684965,-0.21842074394226074,0.27470913237395395,3.0
2025-06-27,7,0.26408693,0.47341654,0.26249653,-0.2093296,0.5982081,0.93530536,0.2857142857142857,0.5714285714285714,-0.16774615831673145,-0.1586988927796483,-0.04158344678580761,-0.182550976673762,0.24903842406270155,0.75
2025-06-30,7,0.119955465,0.37924427,0.50080025,-0.25928882,0.47950307,0.9650621,0.0,0.42857142857142855,-0.22477613091468812,-0.17713232506066562,-0.03451268672943114,-0.31441159049669903,0.2251192833436728,0.0
2025-07-01,2,0.35395834,0.28127792,0.36476374,0.0726804,0.59283394,0.39773014,0.5,0.0,-0.1468522697687149,-0.16863636281341315,0.21953266859054565,-0.13197934130827585,0.25116754172129974,-0.7142857142857143
2025-07-02,4,0.2471092,0.5905372,0.16235365,-0.34342796,0.84557885,0.8506962,0.25,0.75,-0.24279646575450897,-0.16066772844642402,-0.10063149034976959,-0.17667879164218903,0.20296849232989497,1.0
2025-07-03,6,0.4461337,0.3182234,0.23564287,0.12791029,0.8215538,0.9436117,0.5,0.3333333333333333,-0.12229113876819611,-0.14313485827296973,0.2502014249563217,-0.0476124236981074,0.2096784467590485,0.5
2025-07-07,5,0.20919959,0.022724241,0.7680762,0.18647535,0.34124786,0.036978025,0.2,0.0,-0.043130147457122806,-0.10397705864161252,0.22960549890995025,-0.0096807728211085,0.24098181584715284,-0.16666666666666663
2025-07-08,5,0.175523,0.44329387,0.38118315,-0.26777086,0.47535223,0.93742955,0.0,0.6,-0.0448265552520752,-0.10654033105820418,-0.22294430136680604,0.015538260340690613,0.2429060676447881,0.0
2025-07-09,4,0.11607851,0.41387242,0.47004905,-0.29779392,0.4368987,0.77235544,0.0,0.5,-0.11892141997814179,-0.1227325288578868,-0.1788725048303604,-0.126363143324852,0.2543362890472562,-0.19999999999999996
2025-07-10,3,0.04543544,0.36108053,0.593484,-0.31564507,0.46598703,0.8851028,0.0,0.3333333333333333,-0.11336484253406524,-0.13314606826752423,-0.20228022634983062,-0.29373661677042645,0.24844034657050762,-0.25
2025-07-11,6,0.10493263,0.2505775,0.6444898,-0.14564487,0.3779043,0.75079346,0.0,0.3333333333333333,-0.16807587444782257,-0.13872719276696444,0.02243100106716156,-0.2530279556910197,0.20901689573004756,1.0
2025-07-14,12,0.1830303,0.5296053,0.2873644,-0.34657502,0.5100375,0.96249557,0.08333333333333333,0.6666666666666666,-0.27468594908714294,-0.1478749917820096,-0.07188907265663147,-0.2692883213361104,0.0775871840693151,1.0
2025-07-15,6,0.49959564,0.31431434,0.18609005,0.18528132,0.7339635,0.73852295,0.5,0.3333333333333333,-0.1840755134820938,-0.11432998422533273,0.3693568348884583,-0.10231285790602367,0.22053905592090833,-0.5
2025-07-16,3,0.1869781,0.14407282,0.66894907,0.042905275,0.18597628,0.3740293,0.0,0.0,-0.11593567356467246,-0.10107988491654396,0.15884094834327697,-0.03946280851960182,0.22908683560548,-0.5
2025-07-17,5,0.26806659,0.3842238,0.34770957,-0.11615721,0.55071414,0.89133084,0.4,0.2,-0.07603810206055642,-0.10957135763019324,-0.040119109302759165,0.03734312827388445,0.20129595030174163,0.6666666666666667
2025-07-18,5,0.05538993,0.38445574,0.5601543,-0.3290658,0.46602148,0.9396418,0.0,0.4,-0.11272228732705117,-0.12688807053491474,-0.2163435123860836,-0.13410591209928194,0.23158664920173383,0.0
2025-07-21,6,0.04361835,0.6892126,0.26716906,-0.6455943,0.36766502,0.9512032,0.0,0.8333333333333334,-0.1725261427462101,-0.16452209940180182,-0.473068156093359,-0.3636057699720065,0.3263098519805171,0.19999999999999996
2025-07-22,6,0.33756718,0.47332454,0.18910833,-0.13575734,0.7765422,0.9720889,0.3333333333333333,0.5,-0.2367338754236698,-0.17260301876813172,0.10097653344273566,-0.370139146844546,0.26392474146369255,0.0
2025-07-23,5,0.43511835,0.3490555,0.21582612,0.086062826,0.7905481,0.9752662,0.4,0.4,-0.22810236513614654,-0.15245293211191893,0.3141651913523674,-0.23176293820142746,0.2757953127054701,-0.16666666666666663
2025-07-24,6,0.08927425,0.38450465,0.5262211,-0.2952304,0.42386815,0.8475972,0.0,0.5,-0.26391700059175494,-0.17402910273522137,-0.031313388049602486,-0.1149749681353569,0.2691715213222022,0.19999999999999996
2025-07-25,4,0.0769252,0.30162865,0.62144613,-0.22470346,0.4401798,0.9200577,0.0,0.25,-0.24304453283548355,-0.16153345834463834,0.018341071903705597,-0.14462367445230484,0.2668933624493866,-0.33333333333333337
2025-07-28,5,0.114100315,0.04402291,0.8418768,0.0700774,0.13418217,0.11710051,0.0,0.0,-0.09991019368171691,-0.1475631082430482,0.16998759061098098,-0.14995215088129044,0.17211195574602506,0.25
2025-07-29,8,0.3147915,0.39272076,0.29248777,-0.07792925,0.77085704,0.9743259,0.375,0.375,-0.08834457546472549,-0.13849512990564108,0.010415324568748469,-0.07751843829949696,0.1710405123236485,0.6000000000000001
2025-07-30,10,0.17973915,0.45093894,0.36932194,-0.27119976,0.64688903,0.97081774,0.2,0.4,-0.15979709327220917,-0.1556891379877925,-0.11140266954898834,-0.09301720559597015,0.15371255129353642,0.25
2025-07-31,6,0.3213373,0.37564936,0.3030133,-0.05431208,0.6752378,0.9486065,0.3333333333333333,0.3333333333333333,-0.11161343157291412,-0.14123334418982267,0.057301351428031916,-0.13448036462068558,0.13755615028674392,-0.4
2025-08-01,10,0.25131923,0.4570977,0.29158303,-0.20577848,0.7318755,0.9513587,0.2,0.5,-0.1078284353017807,-0.1579177824780345,-0.09795004427433014,-0.1770967741807302,0.13387760125206746,0.6666666666666667
2025-08-04,6,0.38424763,0.24124366,0.3745087,0.14300397,0.6125084,0.8508214,0.3333333333333333,0.16666666666666666,-0.09324312061071396,-0.160091351531446,0.23624709099531174,-0.03902886311213175,0.1596054526366803,-0.4
2025-08-05,3,0.2545291,0.33524385,0.41022706,-0.0807148,0.8381341,0.9744247,0.3333333333333333,0.3333333333333333,-0.09380023032426835,-0.15073854867368935,0.013085430860519415,-0.047829769551754,0.15954348499264648,-0.5
2025-08-06,4,0.26130643,0.3182627,0.4204309,-0.056956284,0.7448322,0.8838375,0.25,0.25,-0.050951534509658815,-0.13869666662067176,-0.006004749238491057,0.001777629057566325,0.12502332084305856,0.33333333333333326
2025-08-07,10,0.1916298,0.49937382,0.30899638,-0.307744,0.62792516,0.9509164,0.2,0.5,-0.1016379177570343,-0.13830161299556493,-0.20610607862472535,-0.14847169319788614,0.17000650795805894,1.5
2025-08-08,8,0.18369149,0.3822167,0.43409187,-0.19852519,0.46735117,0.9654993,0.125,0.375,-0.10018725991249085,-0.14094562884420156,-0.09833793044090271,-0.18774182349443436,0.16892321919043046,-0.19999999999999996
2025-08-11,7,0.08319578,0.23941681,0.6773874,-0.15622102,0.38320258,0.7733767,0.0,0.2857142857142857,-0.160032257437706,-0.13142792861908675,0.0038112401962280273,-0.2208300679922104,0.10028821559592636,-0.125
2025-08-12,3,0.40492484,0.11492499,0.48015013,0.28999987,0.16943015,0.24821873,0.6666666666666666,0.0,-0.08588932305574418,-0.12619200106710196,0.37588919550180433,-0.021582111716270447,0.22857312284260867,-0.5714285714285714
2025-08-13,3,0.1591432,0.12699972,0.713857,0.032143477,0.14675029,0.1906536,0.0,0.0,-0.06806937083601952,-0.1267300909385085,0.10021284818649293,0.05530744418501854,0.23478157810328834,0.0
2025-08-14,2,0.023681536,0.49984393,0.4764745,-0.47616237,0.6733226,0.96159303,0.0,0.5,-0.10175304636359214,-0.14473034907132387,-0.37440932765603063,-0.05133967474102974,0.28456659185433625,-0.33333333333333337
2025-08-15,3,0.039436035,0.6510387,0.30952522,-0.6116026,0.4152108,0.9632491,0.0,0.6666666666666666,-0.18436852917075158,-0.15885718930512666,-0.4272340752184391,-0.35187383368611336,0.3675485392324341,0.5
2025-08-18,5,0.036464475,0.39435416,0.5691813,-0.3578897,0.5248187,0.95214146,0.0,0.4,-0.22470226809382438,-0.14447195995599033,-0.13318744376301767,-0.4818848967552185,0.3746835266938562,0.6666666666666667
2025-08-19,3,0.11884606,0.17496018,0.70619375,-0.05611412,0.34070498,0.4976034,0.0,0.3333333333333333,-0.29392506629228593,-0.140489798784256,0.23781094774603845,-0.3418688115974267,0.27436092671989337,-0.4
2025-08-20,3,0.27820572,0.24510537,0.4766889,0.033100367,0.58113486,0.51642,0.3333333333333333,0.3333333333333333,-0.29373368844389913,-0.14313792176544665,0.32683405503630636,-0.12696782127022743,0.27464542045840734,0.0
2025-08-21,5,0.43583146,0.074502006,0.48966655,0.36132947,0.50574964,0.16794278,0.4,0.0,-0.1262353204190731,-0.11030992902815343,0.48756478652358054,0.11277190471688907,0.3732524020640137,0.6666666666666667
2025-08-22,5,0.1277126,0.29355842,0.578729,-0.16584583,0.36423647,0.8068297,0.0,0.4,-0.03708396479487419,-0.10736704729497433,-0.12876186147332191,0.07619466880957286,0.26623166291932554,0.0
2025-08-25,7,0.10836691,0.12418678,0.76744634,-0.015819868,0.14787847,0.29684922,0.0,0.0,0.03133000396192074,-0.1116619105450809,-0.04714987203478813,0.05988792392114798,0.19852624021731652,0.3999999999999999
2025-08-26,3,0.02057183,0.9329552,0.046472963,-0.9123833,0.028752085,0.96146023,0.0,1.0,-0.13992383591830732,-0.15338461389765143,-0.7724594820290804,-0.3646830040961504,0.4727471954540183,-0.5714285714285714
2025-08-27,4,0.45521814,0.23310617,0.31167567,0.22211197,0.38409477,0.48207366,0.25,0.25,-0.10212151519954205,-0.12871902724727988,0.32423348538577557,-0.23536373861134052,0.4969776444235779,0.33333333333333326
2025-08-28,1,0.043015555,0.025295211,0.93168926,0.017720344,0.0,0.025295211,0.0,0.0,-0.17084333971142768,-0.12511740606278182,0.1885636832565069,-0.22418366807202497,0.4370094190751786,-0.75
2025-08-29,5,0.14848186,0.53365386,0.31786427,-0.385172,0.4747515,0.91149056,0.2,0.4,-0.2147085763514042,-0.1340870825573802,-0.17046343311667442,-0.04844656524558862,0.44726947639352016,4.0
2025-09-02,6,0.065486826,0.35803375,0.57647943,-0.2925469,0.44711563,0.9220782,0.0,0.3333333333333333,-0.27005398236215117,-0.1558646259829402,-0.022492915764451005,-0.2199995213498672,0.43341275196887574,0.19999999999999996
2025-09-03,1,0.095840365,0.04201343,0.86214614,0.053826936,0.0,0.04201343,0.0,0.0,-0.0768119316548109,-0.14913753923028708,0.1306388672441244,-0.20796399066845575,0.25346887241274707,-0.8333333333333334
2025-09-04,5,0.24227326,0.39530033,0.36242643,-0.15302707,0.7829117,0.9545553,0.2,0.4,-0.15183974020183086,-0.1539410786703229,-0.0011873323470354136,-0.13058234502871832,0.19058676859998874,4.0
2025-09-05,7,0.06949439,0.49992377,0.43058184,-0.4304294,0.4456294,0.9697786,0.0,0.5714285714285714,-0.24146968871355057,-0.16007534880191088,-0.18895971029996872,-0.17654317865769067,0.19620601615841743,0.3999999999999999
2025-09-08,4,0.20142551,0.23058543,0.5679891,-0.029159926,0.1923583,0.43899593,0.25,0.25,-0.17026727199554442,-0.1516070855781436,0.14110734611749648,-0.20420546581347784,0.1956165642140485,-0.4285714285714286
2025-09-09,1,0.95050824,0.019602073,0.029889606,0.9309062,0.0,0.019602073,1.0,0.0,0.07442334294319153,-0.09725072588771581,0.8564828336238861,0.15710561722517014,0.5126710769188902,-0.75
2025-09-10,1,0.024325607,0.0755758,0.9000987,-0.05125019,0.0,0.0755758,0.0,0.0,0.05340791791677475,-0.11431322898715734,-0.10465810745954514,0.2834986870487531,0.515870118528663,0.0
2025-09-11,3,0.44628087,0.2703642,0.2833549,0.17591666,0.74436265,0.74716705,0.3333333333333333,0.3333333333333333,0.1191966637969017,-0.1071245700120926,0.05671999305486679,0.3518575479586919,0.5037956200602585,2.0
2025-09-12,5,0.037750848,0.3827899,0.57945925,-0.34503907,0.5198671,0.9543983,0.0,0.4,0.1362747296690941,-0.10056840479373932,-0.48131379932165147,-0.07345753411451976,0.48145815311115014,0.6666666666666667
2025-09-15,9,0.080047265,0.1895041,0.7304486,-0.109456845,0.3090694,0.90386224,0.0,0.1111111111111111,0.12021534591913223,-0.07546111680567265,-0.22967219054698945,-0.09285975247621536,0.48962579463992517,0.8
2025-09-16,4,0.16118646,0.15947987,0.6793337,0.0017065909,0.07287419,0.5328699,0.0,0.25,-0.06562457121908664,-0.057481301669031384,0.06733116209506988,-0.1509297744681438,0.18912694362691523,-0.5555555555555556
2025-09-17,3,0.070687555,0.35647944,0.57283306,-0.2857919,0.5053726,0.88991535,0.0,0.3333333333333333,-0.112532914057374,-0.06896519092842937,-0.17325898967683315,-0.13118071916202703,0.2123329175738592,-0.25
2025-09-18,2,0.041107986,0.82458234,0.13430975,-0.7834743,0.1801006,0.92889273,0.0,1.0,-0.3044111106544733,-0.10979392556473613,-0.47906321547925473,-0.3558532129973173,0.30133622557546785,-0.33333333333333337
2025-09-19,1,0.04128366,0.3866021,0.5721142,-0.34531844,0.0,0.3866021,0.0,0.0,-0.30446698404848577,-0.1451263207010925,-0.04085145257413386,-0.47152822216351825,0.301345667810494,-0.5
2025-09-22,7,0.020931218,0.7148304,0.26423836,-0.69389915,0.3953625,0.95811725,0.0,0.7142857142857143,-0.4213554460555315,-0.17152898712083697,-0.27254370860755445,-0.6075639724731445,0.3195898716767685,6.0
2025-09-23,3,0.15200274,0.57472134,0.27327594,-0.4227186,0.6839456,0.9458396,0.0,0.6666666666666666,-0.5062404870986938,-0.19187392443418502,0.08352187275886536,-0.48731206854184467,0.21996804568171124,-0.5714285714285714
2025-09-24,2,0.07251658,0.4379287,0.4895547,-0.36541212,0.4416407,0.7103518,0.0,0.5,-0.5221645295619964,-0.16452536433935167,0.15675241351127622,-0.49400996168454486,0.20218243063312707,-0.33333333333333337
2025-09-25,2,0.031814646,0.49153572,0.47664964,-0.45972106,0.67908865,0.9487277,0.0,0.5,-0.45741387605667116,-0.1986170157790184,-0.0023071825504302756,-0.41595059633255005,0.1397892008173187,0.0
2025-09-26,5,0.044778146,0.66688913,0.28833273,-0.62211096,0.39388025,0.9564526,0.0,0.8,-0.5127723813056946,-0.2306085810996592,-0.10933858156204224,-0.48241471250851947,0.13910518053408935,1.5
2025-09-29,6,0.3232378,0.48088613,0.19587605,-0.15764831,0.854162,0.9530723,0.5,0.5,-0.4055222123861313,-0.21923239612951875,0.24787390232086182,-0.41316011051336926,0.16822173558047343,0.19999999999999996
2025-09-30,5,0.39014748,0.16505913,0.44479337,0.22508833,0.6541006,0.68977654,0.4,0.2,-0.27596082389354704,-0.19335063481703402,0.5010491520166397,-0.18489031493663788,0.32658742317616035,-0.16666666666666663
2025-10-01,2,0.04914038,0.53862584,0.41223377,-0.48948547,0.45379025,0.8587672,0.0,0.5,-0.30077549517154695,-0.22051625521853566,-0.18870997726917266,-0.14068181812763214,0.3395400500025024,-0.6
2025-10-02,4,0.2764284,0.39344603,0.3301256,-0.11701764,0.7761071,0.9437561,0.25,0.25,-0.23223481178283692,-0.21871578367426991,0.11521717011928559,-0.1271382619937261,0.33397751137459486,1.0
2025-10-03,6,0.13353272,0.3244243,0.542043,-0.19089158,0.5358879,0.95803595,0.0,0.3333333333333333,-0.1459909349679947,-0.20673889266327022,-0.044900643825530995,-0.2657982309659322,0.254302836547705,0.5
2025-10-06,3,0.38663006,0.54083896,0.07253098,-0.15420891,0.95671225,0.9551249,0.3333333333333333,0.6666666666666666,-0.14530305564403534,-0.21299134204164147,-0.008905857801437378,-0.15403937796751657,0.25426806995330303,-0.5
2025-10-07,2,0.41128987,0.46335533,0.1253548,-0.052065462,1.2019598,0.91516817,0.5,0.5,-0.2007338136434555,-0.2621399239636958,0.14866835176944732,-0.1323886513710022,0.1693735757521347,-0.33333333333333337
2025-10-08,2,0.42405492,0.47551027,0.10043478,-0.05145535,1.2095168,0.94205606,0.5,0.5,-0.11312778890132905,-0.2621501819230616,0.061672440171241766,-0.08590990801652272,0.06181038429217667,0.0
2025-10-09,3,0.25026408,0.19505382,0.5546821,0.055210274,0.4937099,0.48090437,0.3333333333333333,0.3333333333333333,-0.07868220582604409,-0.2681855010800064,0.13389247953891753,-0.016103512297074,0.09704660713878135,0.5
2025-10-10,4,0.18760158,0.42786258,0.3845358,-0.24026102,0.6063601,0.9549806,0.0,0.5,-0.08855609372258186,-0.26294659851118923,-0.15170492455363274,-0.07883536443114281,0.11258494212002873,0.33333333333333326
2025-10-13,4,0.035782136,0.6609157,0.30330217,-0.6251336,0.45807734,0.95654,0.0,0.75,-0.18274102583527566,-0.2887304349802434,-0.442392548173666,-0.2700614395240943,0.2692362202584422,0.0
2025-10-14,5,0.26808125,0.36237207,0.3695467,-0.09429082,0.51648605,0.90136653,0.4,0.4,-0.1911860980093479,-0.2935303056612611,0.0968952752649784,-0.31989513834317523,0.26473727938576685,0.25
2025-10-15,2,0.047262445,0.44186872,0.51086885,-0.39460626,0.09010891,0.48809537,0.0,0.5,-0.2598162807524204,-0.2989710235968232,-0.13478998169302941,-0.37134355306625366,0.263935541124457,-0.6
2025-10-16,3,0.19816522,0.62134045,0.1804943,-0.42317525,0.8261831,0.94362515,0.3333333333333333,0.6666666666666666,-0.35549338459968566,-0.2809560695663095,-0.0676818609237671,-0.3040241102377574,0.20020099888888312,0.5
2025-10-17,3,0.0850331,0.36267087,0.5522961,-0.27763775,0.5728351,0.9521711,0.0,0.3333333333333333,-0.36296873092651366,-0.2775720352306962,0.08533098101615905,-0.36513975262641907,0.19546441966203731,0.0
2025-10-20,3,0.44589758,0.12950599,0.42459643,0.3163916,0.33714905,0.2841576,0.6666666666666666,0.0,-0.1746636986732483,-0.22705749813467263,0.4910552859306335,-0.12814046939214072,0.30345158943818623,0.0
2025-10-21,5,0.5418325,0.26874343,0.18942407,0.27308908,0.8127166,0.8503258,0.6,0.2,-0.1011877179145813,-0.19226711336523294,0.37427679896354676,0.10394763946533203,0.36584170837668867,0.6666666666666667
2025-10-22,2,0.037168577,0.94802654,0.014804843,-0.91085804,0.063568704,0.96878326,0.0,1.0,-0.20443807244300843,-0.21953940931707622,-0.7064199626445771,-0.10712578892707825,0.512720446256312,-0.6
2025-10-23,5,0.06817219,0.5775581,0.3542697,-0.5093859,0.41804266,0.9517493,0.0,0.6,-0.22168020009994507,-0.22202265057712794,-0.28770568370819094,-0.38238494594891864,0.5232565780703463,1.5
2025-10-24,6,0.17770319,0.39121702,0.43107975,-0.21351385,0.52449447,0.9498991,0.16666666666666666,0.5,-0.20885542035102844,-0.20159279499202967,-0.004658430814743042,-0.5445859233538309,0.5223272089819854,0.19999999999999996
2025-10-27,4,0.39768296,0.25908017,0.34323683,0.13860276,0.72028995,0.8270634,0.5,0.25,-0.2444131851196289,-0.18678024131804705,0.38301594853401183,-0.19476565718650818,0.48213687119398796,-0.33333333333333337
2025-10-28,1,0.5885738,0.019260263,0.39216584,0.5693135,0.0,0.019260263,1.0,0.0,-0.1851682960987091,-0.16956898141652346,0.7544818222522736,0.1648008128007253,0.5715366635293976,-0.75
2025-10-29,3,0.06599455,0.5130891,0.42091635,-0.44709453,0.44907287,0.92401385,0.0,0.6666666666666666,-0.09241559505462646,-0.1674494342878461,-0.35467893481254575,0.08694058656692505,0.44877084016811597,2.0
2025-10-30,6,0.56861836,0.22266616,0.20871544,0.34595224,0.7694638,0.9708848,0.6666666666666666,0.16666666666666666,0.07865203022956849,-0.14430094007402658,0.2673002123832703,0.156057079633077,0.41157093715329995,1.0
2025-10-31,3,0.04857598,0.53189063,0.4195334,-0.48331463,0.42875233,0.8609437,0.0,0.6666666666666666,0.02469187378883362,-0.1589220928028226,-0.5080065071582794,-0.19481897354125977,0.472612336266874,-0.5
2025-11-03,5,0.13042712,0.4697,0.39987284,-0.3392729,0.5305523,0.9025309,0.0,0.6,-0.0708832561969757,-0.16817529145628213,-0.268389630317688,-0.15887842575709024,0.49174976110187574,0.6666666666666667
2025-11-04,1,0.0604209,0.060148902,0.87943023,0.00027199835,0.0,0.060148902,0.0,0.0,-0.18469156175851822,-0.16555841844528912,0.18496356010437012,-0.27410517384608585,0.35274665420742474,-0.8
2025-11-05,2,0.4560716,0.40652347,0.13740495,0.04954812,0.9269584,0.698935,0.5,0.5,-0.0853630319237709,-0.16050824504345657,0.13491115123033523,-0.09648425628741582,0.32954625416461225,1.0
2025-11-06,1,0.11550297,0.20458052,0.6799165,-0.08907755,0.0,0.20458052,0.0,0.0,-0.17236898988485336,-0.1677226360887289,0.08329144269227981,-0.013085809846719107,0.2294197476826983,-0.5
2025-11-07,5,0.025159169,0.83254683,0.14229394,-0.80738765,0.25800198,0.9682666,0.0,0.8,-0.2371835932135582,-0.19607896767556668,-0.5702040567994118,-0.28230569263299304,0.35216846962524423,4.0
2025-11-10,3,0.25971287,0.2385475,0.5017396,0.02116535,0.6390599,0.6967769,0.3333333333333333,0.3333333333333333,-0.16509594582021236,-0.1637640214525163,0.18626129627227783,-0.2917666155844927,0.3627772499570618,-0.4
2025-11-11,2,0.12775706,0.4079596,0.46428335,-0.28020257,0.4786192,0.7937678,0.0,0.5,-0.22119085900485516,-0.17305960869416595,-0.0590117085725069,-0.3554749557127555,0.3523489439938425,-0.33333333333333337
2025-11-12,1,0.09439821,0.015750231,0.8898516,0.07864798,0.0,0.015750231,0.0,0.0,-0.21537088714540004,-0.14939689664170147,0.2940188657492399,-0.06012974617381891,0.3581317799126118,-0.5
2025-11-13,2,0.021261904,0.8063644,0.17237362,-0.78510255,0.02262485,0.8211103,0.0,1.0,-0.35457588694989683,-0.1674932616762817,-0.43052665926516054,-0.3288857117295265,0.42567225740893544,1.0
2025-11-14,4,0.3497097,0.5764662,0.07382413,-0.22675651,0.7085194,0.88042563,0.5,0.5,-0.2384496595710516,-0.16494919983670114,0.011693146452307707,-0.31107036024332047,0.34229383541139,1.0
2025-11-17,7,0.071186826,0.6315395,0.29727367,-0.5603527,0.3346591,0.9259269,0.0,0.8571428571428571,-0.35475326627492904,-0.20878641335293652,-0.20559941679239274,-0.5240705808003744,0.3306241209771472,0.75
2025-11-18,1,0.05471235,0.18695876,0.75832886,-0.1322464,0.0,0.18695876,0.0,0.0,-0.32516203373670577,-0.22905318764969707,0.19291562885046004,-0.3064518670241038,0.3452616866091343,-0.8571428571428572
2025-11-19,2,0.018887307,0.85417914,0.12693356,-0.8352918,0.0009928112,0.8578935,0.0,1.0,-0.5079499900341033,-0.2252748760394752,-0.32734181284904484,-0.5092969636122385,0.31895736369723876,1.0
2025-11-20,5,0.053912066,0.82886934,0.11721863,-0.7749573,0.13584818,0.9198418,0.0,1.0,-0.5059209406375885,-0.23855344681069254,-0.2690363585948944,-0.5808318356672922,0.3167783049654858,1.5
2025-11-21,3,0.20457841,0.52001786,0.27540374,-0.31543943,0.63054353,0.9488068,0.3333333333333333,0.3333333333333333,-0.5236575245857239,-0.243649725895375,0.20821809172630312,-0.6418961783250173,0.29923714389677586,-0.4
2025-11-24,7,0.070954725,0.4748113,0.45423403,-0.40385655,0.41194013,0.91458076,0.0,0.5714285714285714,-0.4923582971096039,-0.27077269135043025,0.08850175142288208,-0.4980844259262085,0.30260494247292086,1.3333333333333335
2025-11-25,3,0.3211229,0.48450124,0.19437577,-0.16337834,0.46644676,0.7595425,0.6666666666666666,0.3333333333333333,-0.4985846847295761,-0.3074072848074138,0.33520634174346925,-0.29422477384408313,0.2935270007242089,-0.5714285714285714
2025-11-26,4,0.40160197,0.15262291,0.44577515,0.24897906,0.36032864,0.4058365,0.5,0.0,-0.28173051178455355,-0.272603605221957,0.5307095736265183,-0.10608527561028798,0.3724861107380535,0.33333333333333326
2025-11-28,2,0.21593687,0.6818857,0.1021774,-0.46594888,0.5902229,0.89614123,0.0,1.0,-0.21992882788181306,-0.3131986613385379,-0.24602005183696746,-0.1267827202876409,0.28572281731300353,-0.5
2025-12-01,6,0.28511363,0.18849866,0.52638775,0.09661496,0.42393702,0.46610725,0.3333333333333333,0.0,-0.13751794993877411,-0.28420218182727697,0.23413290679454804,-0.040118287007013954,0.3097055219515851,2.0
2025-12-02,1,0.508308,0.011728326,0.47996363,0.49657968,0.0,0.011728326,1.0,0.0,0.042569294571876526,-0.2424095536582172,0.45401038229465485,0.04241525133450826,0.37170435693812925,-0.8333333333333334
2025-12-03,5,0.09700006,0.36375389,0.53924596,-0.26675385,0.42127547,0.7915107,0.0,0.4,0.021894192695617674,-0.25576084619387984,-0.2886480450630188,0.10881359378496806,0.3885182095140097,4.0
2025-12-04,1,0.024435231,0.887128,0.0884367,-0.8626928,0.0,0.887128,0.0,1.0,-0.2004401743412018,-0.3013728908263147,-0.6622525990009308,-0.2109556496143341,0.5214281602858226,-0.8
2025-12-05,1,0.93953717,0.032679092,0.027783679,0.9068581,0.0,0.032679092,1.0,0.0,0.07412121891975403,-0.2515761091373861,0.8327368676662446,-0.07419617970784505,0.6830527208844074,0.0
2025-12-08,8,0.28232482,0.25927934,0.45839584,0.023045458,0.67528343,0.9578129,0.25,0.25,0.05940731912851334,-0.21005445374175907,-0.036361861228942874,0.022403590381145477,0.6832394069637107,7.0
2025-12-09,1,0.29064927,0.47965947,0.22969133,-0.1890102,0.0,0.47965947,0.0,1.0,-0.07771065682172776,-0.22056323140859604,-0.11129954606294631,0.2469644472002983,0.6410634225921005,-0.875
2025-12-10,7,0.06746008,0.3947521,0.53778785,-0.327292,0.42893827,0.95172995,0.0,0.42857142857142855,-0.08981828540563583,-0.22291770279407502,-0.2374737098813057,-0.16441891342401505,0.6460785146792011,6.0
2025-12-11,5,0.17871848,0.4150856,0.40619594,-0.23636714,0.33864984,0.7933115,0.2,0.4,0.03544684201478958,-0.23866845853626728,-0.2718139782547951,-0.25088977813720703,0.5038240316221096,-0.2857142857142857
2025-12-12,1,0.078846306,0.8237618,0.09739191,-0.7449155,0.0,0.8237618,0.0,1.0,-0.29490787237882615,-0.2366591054946184,-0.4500076130032539,-0.4361915389696757,0.282529307154366,-0.8
2025-12-15,3,0.0469521,0.7381261,0.21492176,-0.69117403,0.13837194,0.82612914,0.0,1.0,-0.43775177001953125,-0.25987998135387896,-0.25342226028442383,-0.5574855506420135,0.2613435908053721,2.0
2025-12-16,4,0.11811686,0.52882695,0.3530562,-0.4107101,0.547128,0.9461175,0.0,0.5,-0.48209174871444704,-0.25239785201847553,0.07138165235519411,-0.6155998706817627,0.22485028694694803,0.33333333333333326
2025-12-17,1,0.022480939,0.9065603,0.07095884,-0.88407934,0.0,0.9065603,0.0,1.0,-0.5934492170810699,-0.28998949863016604,-0.29063012003898625,-0.661987821261088,0.2635617740333009,-0.75
2025-12-18,2,0.46284303,0.5123121,0.02484486,-0.049469084,1.2585014,0.9595572,0.5,0.5,-0.5560696065425873,-0.25069836266338824,0.5066005229949951,-0.4480861723423004,0.3313909442514972,1.0
2025-12-19,4,0.21952614,0.26146296,0.5190109,-0.041936826,0.4684267,0.45686188,0.25,0.25,-0.4154738746583462,-0.21404733899980782,0.3735370486974716,-0.3251617488761743,0.37719815174563487,1.0
2025-12-22,3,0.13185026,0.28802934,0.5801204,-0.15617907,0.45765004,0.7217892,0.0,0.3333333333333333,-0.3084748826920986,-0.20608432088047265,0.15229581221938132,-0.08252832666039467,0.35464527381842315,-0.25
2025-12-23,3,0.34022078,0.38305,0.27672926,-0.042829234,0.9353634,0.95757383,0.3333333333333333,0.3333333333333333,-0.2348987102508545,-0.1880329553037882,0.19206947609782218,-0.08031504352887471,0.3661083811133089,0.0
2025-12-24,1,0.048091896,0.886104,0.06580422,-0.8380121,0.0,0.886104,0.0,1.0,-0.2256852626800537,-0.22176464311778546,-0.6123268365859985,-0.34567346796393394,0.3456975638155553,-0.6666666666666667
2025-12-26,2,0.49803376,0.08864861,0.41331765,0.40938514,0.67042696,0.15231375,0.5,0.0,-0.13391441702842713,-0.21374433897435666,0.5432995617389679,-0.15715206290284792,0.44949417752324067,1.0
2025-12-29,3,0.09244591,0.32148325,0.58607084,-0.22903734,0.59755015,0.93410736,0.0,0.3333333333333333,-0.17133452072739602,-0.20189876221120356,-0.05770282372832297,-0.2192214330037435,0.44770728042123636,0.5
2025-12-30,1,0.087575115,0.36382055,0.5486043,-0.27624545,0.0,0.36382055,0.0,0.0,-0.1953477956354618,-0.22054178230464458,-0.08089764937758445,-0.03196588158607483,0.4499057299234235,-0.6666666666666667
2025-12-31,1,0.23937336,0.28614986,0.47447684,-0.046776503,0.0,0.28614986,0.0,0.0,-0.19613724946975708,-0.2477095913141966,0.1493607461452484,-0.18401976426442465,0.44957453897746713,0.0
