"Date","Price","Open","High","Low","Vol.","Change %"
"12/31/2025","1.8494","1.8442","1.8512","1.8387","","0.26%"
"12/30/2025","1.8446","1.8499","1.8519","1.8422","","-0.27%"
"12/29/2025","1.8496","1.8447","1.8509","1.8428","","0.21%"
"12/26/2025","1.8457","1.8502","1.8505","1.8425","","-0.24%"
"12/25/2025","1.8502","1.8466","1.8507","1.8459","","0.17%"
"12/24/2025","1.8470","1.8506","1.8521","1.8447","","-0.18%"
"12/23/2025","1.8503","1.8511","1.8556","1.8466","","-0.04%"
"12/22/2025","1.8510","1.8458","1.8521","1.8444","","0.24%"
"12/19/2025","1.8465","1.8437","1.8474","1.8391","","0.16%"
"12/18/2025","1.8435","1.8441","1.8520","1.8383","","-0.03%"
"12/17/2025","1.8440","1.8465","1.8482","1.8344","","-0.14%"
"12/16/2025","1.8465","1.8412","1.8505","1.8389","","0.26%"
"12/15/2025","1.8417","1.8409","1.8450","1.8381","","0.00%"
"12/12/2025","1.8417","1.8440","1.8458","1.8385","","-0.10%"
"12/11/2025","1.8436","1.8457","1.8501","1.8429","","-0.12%"
"12/10/2025","1.8459","1.8417","1.8487","1.8409","","0.24%"
"12/09/2025","1.8414","1.8456","1.8501","1.8395","","-0.25%"
"12/08/2025","1.8461","1.8434","1.8473","1.8375","","0.23%"
"12/05/2025","1.8418","1.8601","1.8639","1.8415","","-0.98%"
"12/04/2025","1.8601","1.8628","1.8676","1.8594","","-0.14%"
"12/03/2025","1.8628","1.8460","1.8635","1.8445","","0.92%"
"12/02/2025","1.8459","1.8497","1.8518","1.8434","","-0.20%"
"12/01/2025","1.8496","1.8500","1.8532","1.8469","","-0.02%"
"11/28/2025","1.8499","1.8577","1.8589","1.8434","","-0.41%"
"11/27/2025","1.8576","1.8595","1.8620","1.8548","","-0.11%"
"11/26/2025","1.8597","1.8562","1.8624","1.8492","","0.19%"
"11/25/2025","1.8562","1.8488","1.8627","1.8484","","0.40%"
"11/24/2025","1.8488","1.8466","1.8506","1.8449","","0.10%"
"11/21/2025","1.8470","1.8429","1.8489","1.8393","","0.23%"
"11/20/2025","1.8428","1.8349","1.8448","1.8328","","0.43%"
"11/19/2025","1.8350","1.8390","1.8415","1.8332","","-0.22%"
"11/18/2025","1.8390","1.8492","1.8504","1.8362","","-0.55%"
"11/17/2025","1.8491","1.8476","1.8508","1.8424","","0.10%"
"11/14/2025","1.8473","1.8515","1.8531","1.8408","","-0.23%"
"11/13/2025","1.8515","1.8394","1.8534","1.8355","","0.66%"
"11/12/2025","1.8394","1.8434","1.8450","1.8342","","-0.23%"
"11/11/2025","1.8437","1.8472","1.8489","1.8405","","-0.18%"
"11/10/2025","1.8470","1.8483","1.8505","1.8430","","-0.11%"
"11/07/2025","1.8490","1.8546","1.8553","1.8453","","-0.31%"
"11/06/2025","1.8547","1.8409","1.8555","1.8401","","0.73%"
"11/05/2025","1.8412","1.8366","1.8442","1.8351","","0.25%"
"11/04/2025","1.8366","1.8469","1.8484","1.8345","","-0.56%"
"11/03/2025","1.8469","1.8411","1.8500","1.8394","","0.21%"
"10/31/2025","1.8431","1.8397","1.8432","1.8365","","0.18%"
"10/30/2025","1.8397","1.8397","1.8439","1.8370","","0.00%"
"10/29/2025","1.8397","1.8509","1.8522","1.8323","","-0.61%"
"10/28/2025","1.8509","1.8659","1.8709","1.8492","","-0.80%"
"10/27/2025","1.8659","1.8637","1.8683","1.8600","","0.14%"
"10/24/2025","1.8633","1.8646","1.8726","1.8617","","-0.08%"
"10/23/2025","1.8648","1.8691","1.8703","1.8628","","-0.24%"
"10/22/2025","1.8692","1.8749","1.8766","1.8646","","-0.31%"
"10/21/2025","1.8750","1.8819","1.8836","1.8735","","-0.36%"
"10/20/2025","1.8818","1.8826","1.8869","1.8804","","-0.03%"
"10/17/2025","1.8823","1.8880","1.8921","1.8808","","-0.31%"
"10/16/2025","1.8881","1.8823","1.8902","1.8803","","0.31%"
"10/15/2025","1.8822","1.8708","1.8836","1.8693","","0.61%"
"10/14/2025","1.8707","1.8714","1.8755","1.8635","","-0.04%"
"10/13/2025","1.8715","1.8705","1.8729","1.8622","","0.01%"
"10/10/2025","1.8714","1.8654","1.8714","1.8557","","0.32%"
"10/09/2025","1.8654","1.8704","1.8718","1.8625","","-0.26%"
"10/08/2025","1.8703","1.8727","1.8751","1.8664","","-0.13%"
"10/07/2025","1.8727","1.8802","1.8814","1.8690","","-0.40%"
"10/06/2025","1.8802","1.8816","1.8825","1.8726","","-0.02%"
"10/03/2025","1.8806","1.8774","1.8823","1.8753","","0.18%"
"10/02/2025","1.8773","1.8781","1.8830","1.8728","","-0.04%"
"10/01/2025","1.8781","1.8717","1.8846","1.8706","","0.34%"
"09/30/2025","1.8717","1.8682","1.8746","1.8676","","0.18%"
"09/29/2025","1.8683","1.8691","1.8751","1.8665","","-0.03%"
"09/26/2025","1.8689","1.8604","1.8705","1.8574","","0.46%"
"09/25/2025","1.8603","1.8686","1.8720","1.8576","","-0.45%"
"09/24/2025","1.8687","1.8713","1.8724","1.8635","","-0.14%"
"09/23/2025","1.8713","1.8674","1.8727","1.8655","","0.21%"
"09/22/2025","1.8674","1.8569","1.8698","1.8548","","0.60%"
"09/19/2025","1.8563","1.8701","1.8713","1.8546","","-0.74%"
"09/18/2025","1.8701","1.8769","1.8814","1.8676","","-0.36%"
"09/17/2025","1.8768","1.8751","1.8849","1.8743","","0.10%"
"09/16/2025","1.8750","1.8734","1.8798","1.8727","","0.07%"
"09/15/2025","1.8737","1.8776","1.8831","1.8728","","-0.15%"
"09/12/2025","1.8766","1.8776","1.8795","1.8726","","-0.06%"
"09/11/2025","1.8777","1.8756","1.8801","1.8739","","0.11%"
"09/10/2025","1.8756","1.8727","1.8787","1.8715","","0.16%"
"09/09/2025","1.8726","1.8698","1.8762","1.8689","","0.15%"
"09/08/2025","1.8698","1.8678","1.8733","1.8653","","0.08%"
"09/05/2025","1.8683","1.8563","1.8731","1.8552","","0.65%"
"09/04/2025","1.8563","1.8545","1.8601","1.8530","","0.10%"
"09/03/2025","1.8545","1.8463","1.8563","1.8403","","0.44%"
"09/02/2025","1.8463","1.8625","1.8638","1.8413","","-0.88%"
"09/01/2025","1.8627","1.8552","1.8644","1.8539","","0.35%"
"08/29/2025","1.8562","1.8579","1.8588","1.8491","","-0.09%"
"08/28/2025","1.8579","1.8614","1.8625","1.8566","","-0.19%"
"08/27/2025","1.8614","1.8655","1.8665","1.8588","","-0.22%"
"08/26/2025","1.8655","1.8650","1.8683","1.8624","","0.03%"
"08/25/2025","1.8649","1.8699","1.8708","1.8637","","-0.29%"
"08/22/2025","1.8703","1.8657","1.8740","1.8631","","0.24%"
"08/21/2025","1.8659","1.8671","1.8713","1.8638","","-0.06%"
"08/20/2025","1.8671","1.8710","1.8746","1.8648","","-0.20%"
"08/19/2025","1.8709","1.8638","1.8719","1.8629","","0.37%"
"08/18/2025","1.8640","1.8723","1.8747","1.8631","","-0.48%"
"08/15/2025","1.8729","1.8699","1.8743","1.8681","","0.16%"
"08/14/2025","1.8699","1.8679","1.8733","1.8664","","0.10%"
"08/13/2025","1.8680","1.8592","1.8698","1.8582","","0.47%"
"08/12/2025","1.8592","1.8507","1.8616","1.8490","","0.45%"
"08/11/2025","1.8509","1.8506","1.8548","1.8467","","0.02%"
"08/08/2025","1.8505","1.8477","1.8517","1.8442","","0.16%"
"08/07/2025","1.8476","1.8355","1.8488","1.8337","","0.66%"
"08/06/2025","1.8354","1.8320","1.8375","1.8286","","0.19%"
"08/05/2025","1.8319","1.8304","1.8360","1.8281","","0.08%"
"08/04/2025","1.8305","1.8312","1.8349","1.8259","","-0.02%"
"08/01/2025","1.8309","1.8299","1.8368","1.8221","","0.05%"
"07/31/2025","1.8299","1.8302","1.8358","1.8253","","-0.04%"
"07/30/2025","1.8306","1.8387","1.8456","1.8283","","-0.44%"
"07/29/2025","1.8386","1.8357","1.8412","1.8314","","0.19%"
"07/28/2025","1.8351","1.8408","1.8439","1.8329","","-0.34%"
"07/25/2025","1.8414","1.8426","1.8450","1.8366","","-0.07%"
"07/24/2025","1.8426","1.8464","1.8489","1.8416","","-0.22%"
"07/23/2025","1.8466","1.8412","1.8486","1.8377","","0.29%"
"07/22/2025","1.8413","1.8467","1.8472","1.8395","","-0.26%"
"07/21/2025","1.8461","1.8394","1.8492","1.8374","","0.32%"
"07/18/2025","1.8402","1.8450","1.8477","1.8398","","-0.26%"
"07/17/2025","1.8450","1.8362","1.8461","1.8349","","0.46%"
"07/16/2025","1.8366","1.8367","1.8465","1.8353","","-0.01%"
"07/15/2025","1.8367","1.8405","1.8432","1.8352","","-0.21%"
"07/14/2025","1.8405","1.8490","1.8525","1.8378","","-0.42%"
"07/11/2025","1.8483","1.8541","1.8608","1.8439","","-0.31%"
"07/10/2025","1.8540","1.8596","1.8631","1.8534","","-0.31%"
"07/09/2025","1.8597","1.8568","1.8644","1.8554","","0.16%"
"07/08/2025","1.8568","1.8608","1.8638","1.8506","","-0.21%"
"07/07/2025","1.8608","1.8576","1.8625","1.8539","","0.18%"
"07/04/2025","1.8574","1.8548","1.8594","1.8526","","0.15%"
"07/03/2025","1.8547","1.8530","1.8594","1.8492","","0.09%"
"07/02/2025","1.8530","1.8756","1.8770","1.8507","","-1.22%"
"07/01/2025","1.8758","1.8693","1.8766","1.8668","","0.35%"
"06/30/2025","1.8692","1.8770","1.8804","1.8667","","-0.39%"
"06/27/2025","1.8766","1.8734","1.8835","1.8708","","0.19%"
"06/26/2025","1.8730","1.8756","1.8838","1.8711","","-0.13%"
"06/25/2025","1.8755","1.8689","1.8768","1.8664","","0.36%"
"06/24/2025","1.8687","1.8575","1.8712","1.8546","","0.61%"
"06/23/2025","1.8574","1.8478","1.8598","1.8412","","0.55%"
"06/20/2025","1.8473","1.8455","1.8536","1.8438","","0.12%"
"06/19/2025","1.8451","1.8392","1.8471","1.8357","","0.36%"
"06/18/2025","1.8384","1.8366","1.8440","1.8334","","0.08%"
"06/17/2025","1.8370","1.8430","1.8438","1.8308","","-0.30%"
"06/16/2025","1.8426","1.8428","1.8460","1.8392","","-0.01%"
"06/13/2025","1.8428","1.8518","1.8539","1.8411","","-0.49%"
"06/12/2025","1.8518","1.8521","1.8577","1.8477","","-0.03%"
"06/11/2025","1.8523","1.8452","1.8533","1.8414","","0.38%"
"06/10/2025","1.8452","1.8563","1.8582","1.8450","","-0.60%"
"06/09/2025","1.8564","1.8530","1.8575","1.8511","","0.24%"
"06/06/2025","1.8519","1.8561","1.8574","1.8496","","-0.22%"
"06/05/2025","1.8559","1.8540","1.8584","1.8514","","0.11%"
"06/04/2025","1.8539","1.8546","1.8575","1.8515","","-0.04%"
"06/03/2025","1.8547","1.8575","1.8598","1.8527","","-0.15%"
"06/02/2025","1.8575","1.8493","1.8587","1.8471","","0.43%"
"05/30/2025","1.8496","1.8627","1.8655","1.8470","","-0.71%"
"05/29/2025","1.8628","1.8643","1.8654","1.8583","","-0.04%"
"05/28/2025","1.8635","1.8651","1.8685","1.8594","","-0.10%"
"05/27/2025","1.8653","1.8632","1.8688","1.8590","","0.11%"
"05/26/2025","1.8632","1.8565","1.8639","1.8528","","0.17%"
"05/23/2025","1.8600","1.8595","1.8679","1.8553","","0.03%"
"05/22/2025","1.8595","1.8600","1.8655","1.8585","","-0.03%"
"05/21/2025","1.8601","1.8640","1.8700","1.8573","","-0.20%"
"05/20/2025","1.8638","1.8641","1.8678","1.8567","","-0.02%"
"05/19/2025","1.8641","1.8545","1.8698","1.8525","","0.55%"
"05/16/2025","1.8539","1.8566","1.8597","1.8521","","-0.15%"
"05/15/2025","1.8566","1.8546","1.8633","1.8523","","0.11%"
"05/14/2025","1.8546","1.8545","1.8604","1.8515","","0.00%"
"05/13/2025","1.8546","1.8414","1.8562","1.8404","","0.72%"
"05/12/2025","1.8414","1.8510","1.8529","1.8373","","-0.71%"
"05/09/2025","1.8545","1.8447","1.8563","1.8407","","0.53%"
"05/08/2025","1.8447","1.8400","1.8532","1.8377","","0.29%"
"05/07/2025","1.8394","1.8421","1.8456","1.8369","","-0.15%"
"05/06/2025","1.8421","1.8379","1.8498","1.8353","","0.23%"
"05/05/2025","1.8379","1.8344","1.8420","1.8290","","0.20%"
"05/02/2025","1.8343","1.8402","1.8423","1.8309","","-0.32%"
"05/01/2025","1.8402","1.8395","1.8435","1.8325","","0.04%"
"04/30/2025","1.8395","1.8545","1.8562","1.8361","","-0.82%"
"04/29/2025","1.8548","1.8589","1.8606","1.8520","","-0.22%"
"04/28/2025","1.8589","1.8461","1.8600","1.8421","","0.75%"
"04/25/2025","1.8451","1.8481","1.8497","1.8424","","-0.16%"
"04/24/2025","1.8481","1.8400","1.8510","1.8386","","0.44%"
"04/23/2025","1.8400","1.8420","1.8455","1.8336","","-0.10%"
"04/22/2025","1.8419","1.8517","1.8537","1.8405","","-0.51%"
"04/21/2025","1.8514","1.8407","1.8529","1.8378","","0.56%"
"04/18/2025","1.8410","1.8354","1.8425","1.8338","","0.34%"
"04/17/2025","1.8348","1.8358","1.8405","1.8314","","0.02%"
"04/16/2025","1.8344","1.8463","1.8508","1.8339","","-0.63%"
"04/15/2025","1.8460","1.8303","1.8481","1.8288","","0.89%"
"04/14/2025","1.8297","1.8146","1.8333","1.8112","","0.90%"
"04/11/2025","1.8134","1.8135","1.8249","1.8105","","0.03%"
"04/10/2025","1.8128","1.8050","1.8221","1.8042","","0.45%"
"04/09/2025","1.8047","1.8210","1.8292","1.7981","","-0.87%"
"04/08/2025","1.8205","1.8123","1.8232","1.8063","","0.46%"
"04/07/2025","1.8121","1.8343","1.8421","1.8081","","-1.12%"
"04/04/2025","1.8327","1.8469","1.8532","1.8302","","-0.72%"
"04/03/2025","1.8459","1.8510","1.8662","1.8406","","-0.25%"
"04/02/2025","1.8506","1.8478","1.8657","1.8458","","0.14%"
"04/01/2025","1.8481","1.8587","1.8614","1.8477","","-0.56%"
"03/31/2025","1.8585","1.8509","1.8616","1.8497","","0.33%"
"03/28/2025","1.8523","1.8524","1.8574","1.8476","","0.03%"
"03/27/2025","1.8517","1.8386","1.8586","1.8381","","0.75%"
"03/26/2025","1.8379","1.8482","1.8499","1.8346","","-0.54%"
"03/25/2025","1.8479","1.8506","1.8546","1.8470","","-0.10%"
"03/24/2025","1.8497","1.8540","1.8584","1.8444","","-0.19%"
"03/21/2025","1.8532","1.8577","1.8589","1.8502","","-0.19%"
"03/20/2025","1.8567","1.8617","1.8666","1.8551","","-0.29%"
"03/19/2025","1.8621","1.8592","1.8639","1.8547","","0.17%"
"03/18/2025","1.8589","1.8564","1.8623","1.8495","","0.15%"
"03/17/2025","1.8562","1.8584","1.8632","1.8542","","-0.11%"
"03/14/2025","1.8582","1.8701","1.8718","1.8565","","-0.59%"
"03/13/2025","1.8693","1.8628","1.8710","1.8586","","0.39%"
"03/12/2025","1.8621","1.8694","1.8723","1.8602","","-0.34%"
"03/11/2025","1.8684","1.8594","1.8785","1.8571","","0.52%"
"03/10/2025","1.8587","1.8581","1.8672","1.8503","","0.06%"
"03/07/2025","1.8575","1.8418","1.8626","1.8408","","0.88%"
"03/06/2025","1.8413","1.8492","1.8534","1.8375","","-0.39%"
"03/05/2025","1.8485","1.8413","1.8562","1.8398","","0.42%"
"03/04/2025","1.8408","1.8388","1.8558","1.8329","","0.12%"
"03/03/2025","1.8386","1.8197","1.8451","1.8157","","1.06%"
"02/28/2025","1.8193","1.8193","1.8218","1.8128","","0.02%"
"02/27/2025","1.8190","1.8169","1.8238","1.8146","","0.12%"
"02/26/2025","1.8168","1.8131","1.8235","1.8103","","0.24%"
"02/25/2025","1.8125","1.8004","1.8143","1.7990","","0.69%"
"02/24/2025","1.8001","1.7961","1.8017","1.7937","","0.23%"
"02/21/2025","1.7960","1.7961","1.7993","1.7922","","0.03%"
"02/20/2025","1.7954","1.7919","1.7968","1.7896","","0.23%"
"02/19/2025","1.7913","1.7909","1.7944","1.7862","","0.05%"
"02/18/2025","1.7904","1.7906","1.7916","1.7865","","0.03%"
"02/17/2025","1.7899","1.7849","1.7930","1.7828","","0.29%"
"02/14/2025","1.7847","1.7834","1.7884","1.7794","","0.11%"
"02/13/2025","1.7828","1.7799","1.7874","1.7777","","0.17%"
"02/12/2025","1.7798","1.7781","1.7846","1.7735","","0.15%"
"02/11/2025","1.7772","1.7708","1.7796","1.7675","","0.40%"
"02/10/2025","1.7702","1.7743","1.7820","1.7689","","-0.20%"
"02/07/2025","1.7737","1.7794","1.7861","1.7706","","-0.30%"
"02/06/2025","1.7791","1.7897","1.7927","1.7741","","-0.56%"
"02/05/2025","1.7892","1.7875","1.7929","1.7850","","0.12%"
"02/04/2025","1.7871","1.7965","1.7976","1.7849","","-0.51%"
"02/03/2025","1.7963","1.8003","1.8170","1.7911","","-0.18%"
"01/31/2025","1.7995","1.7996","1.8046","1.7913","","0.04%"
"01/30/2025","1.7987","1.7956","1.8133","1.7903","","0.23%"
"01/29/2025","1.7945","1.7917","1.7983","1.7892","","0.18%"
"01/28/2025","1.7913","1.7961","1.7970","1.7867","","-0.25%"
"01/27/2025","1.7957","1.7905","1.7996","1.7886","","0.34%"
"01/24/2025","1.7897","1.7766","1.7920","1.7751","","0.74%"
"01/23/2025","1.7766","1.7712","1.7776","1.7692","","0.35%"
"01/22/2025","1.7704","1.7697","1.7752","1.7644","","0.05%"
"01/21/2025","1.7695","1.7630","1.7803","1.7621","","0.37%"
"01/20/2025","1.7629","1.7595","1.7660","1.7569","","0.10%"
"01/17/2025","1.7612","1.7620","1.7631","1.7523","","-0.02%"
"01/16/2025","1.7616","1.7562","1.7627","1.7514","","0.36%"
"01/15/2025","1.7552","1.7529","1.7611","1.7474","","0.15%"
"01/14/2025","1.7526","1.7545","1.7592","1.7452","","-0.09%"
"01/13/2025","1.7541","1.7615","1.7616","1.7456","","-0.34%"
"01/10/2025","1.7601","1.7718","1.7772","1.7594","","-0.62%"
"01/09/2025","1.7710","1.7768","1.7784","1.7626","","-0.32%"
"01/08/2025","1.7767","1.7928","1.7933","1.7742","","-0.85%"
"01/07/2025","1.7920","1.7945","1.7995","1.7897","","-0.11%"
"01/06/2025","1.7940","1.7946","1.8006","1.7867","","-0.02%"
"01/03/2025","1.7943","1.7831","1.7969","1.7816","","0.63%"
"01/02/2025","1.7831","1.8007","1.8045","1.7805","","-0.97%"
"01/01/2025","1.8006","1.8006","1.8029","1.7995","","0.08%"
"12/31/2024","1.7991","1.8012","1.8064","1.7982","","-0.13%"
"12/30/2024","1.8014","1.8136","1.8140","1.7990","","-0.60%"
"12/27/2024","1.8123","1.8048","1.8154","1.8003","","0.43%"
"12/26/2024","1.8045","1.8031","1.8066","1.7997","","0.08%"
"12/25/2024","1.8031","1.8013","1.8041","1.7988","","0.12%"
"12/24/2024","1.8010","1.8014","1.8112","1.7984","","0.02%"
"12/23/2024","1.8007","1.8061","1.8094","1.7989","","-0.29%"
"12/20/2024","1.8059","1.8003","1.8103","1.7964","","0.36%"
"12/19/2024","1.7995","1.8166","1.8239","1.7977","","-0.93%"
"12/18/2024","1.8164","1.8194","1.8230","1.8131","","-0.11%"
"12/17/2024","1.8184","1.8060","1.8219","1.8052","","0.69%"
"12/16/2024","1.8060","1.7960","1.8081","1.7943","","0.59%"
"12/13/2024","1.7954","1.8027","1.8039","1.7945","","-0.35%"
"12/12/2024","1.8017","1.8054","1.8081","1.7988","","-0.18%"
"12/11/2024","1.8050","1.8105","1.8121","1.8005","","-0.29%"
"12/10/2024","1.8102","1.8067","1.8117","1.8040","","0.19%"
"12/09/2024","1.8067","1.8042","1.8081","1.8001","","0.17%"
"12/06/2024","1.8036","1.7896","1.8048","1.7880","","0.82%"
"12/05/2024","1.7889","1.7878","1.7925","1.7862","","0.10%"
"12/04/2024","1.7871","1.7830","1.7902","1.7780","","0.29%"
"12/03/2024","1.7819","1.7781","1.7848","1.7746","","0.26%"
"12/02/2024","1.7773","1.7843","1.7848","1.7756","","-0.34%"
"11/29/2024","1.7834","1.7773","1.7856","1.7757","","0.34%"
"11/28/2024","1.7773","1.7790","1.7794","1.7716","","-0.07%"
"11/27/2024","1.7785","1.7665","1.7810","1.7660","","0.70%"
"11/26/2024","1.7662","1.7582","1.7778","1.7573","","0.49%"
"11/25/2024","1.7576","1.7521","1.7607","1.7518","","0.36%"
"11/22/2024","1.7513","1.7589","1.7605","1.7479","","-0.40%"
"11/21/2024","1.7583","1.7682","1.7690","1.7563","","-0.52%"
"11/20/2024","1.7675","1.7700","1.7749","1.7674","","-0.10%"
"11/19/2024","1.7692","1.7769","1.7783","1.7677","","-0.41%"
"11/18/2024","1.7764","1.7783","1.7812","1.7743","","-0.06%"
"11/15/2024","1.7775","1.7808","1.7840","1.7757","","-0.16%"
"11/14/2024","1.7803","1.7786","1.7834","1.7699","","0.13%"
"11/13/2024","1.7779","1.7776","1.7810","1.7754","","0.03%"
"11/12/2024","1.7774","1.7922","1.7931","1.7745","","-0.81%"
"11/11/2024","1.7919","1.7974","1.7987","1.7904","","-0.29%"
"11/08/2024","1.7971","1.8006","1.8028","1.7936","","-0.16%"
"11/07/2024","1.8000","1.7953","1.8034","1.7910","","0.28%"
"11/06/2024","1.7949","1.8032","1.8048","1.7870","","-0.43%"
"11/05/2024","1.8027","1.8014","1.8055","1.7997","","0.08%"
"11/04/2024","1.8012","1.8026","1.8075","1.7977","","-0.11%"
"11/01/2024","1.8032","1.7973","1.8072","1.7950","","0.34%"
"10/31/2024","1.7971","1.8024","1.8097","1.7881","","-0.28%"
"10/30/2024","1.8021","1.8111","1.8156","1.8010","","-0.49%"
"10/29/2024","1.8109","1.8018","1.8118","1.8004","","0.51%"
"10/28/2024","1.8017","1.8006","1.8072","1.7984","","0.09%"
"10/25/2024","1.8001","1.7979","1.8024","1.7945","","0.17%"
"10/24/2024","1.7971","1.7882","1.7984","1.7860","","0.53%"
"10/23/2024","1.7876","1.7942","1.7962","1.7865","","-0.34%"
"10/22/2024","1.7937","1.7962","1.8001","1.7891","","-0.12%"
"10/21/2024","1.7958","1.8014","1.8026","1.7950","","-0.27%"
"10/18/2024","1.8006","1.7949","1.8031","1.7937","","0.36%"
"10/17/2024","1.7942","1.7868","1.7963","1.7855","","0.45%"
"10/16/2024","1.7861","1.8010","1.8023","1.7844","","-0.80%"
"10/15/2024","1.8005","1.8017","1.8110","1.7996","","-0.06%"
"10/14/2024","1.8015","1.7981","1.8025","1.7969","","0.19%"
"10/11/2024","1.7981","1.7944","1.8022","1.7931","","0.23%"
"10/10/2024","1.7940","1.7923","1.7992","1.7903","","0.12%"
"10/09/2024","1.7919","1.7885","1.7932","1.7841","","0.20%"
"10/08/2024","1.7883","1.7820","1.7910","1.7810","","0.39%"
"10/07/2024","1.7814","1.7787","1.7837","1.7744","","0.08%"
"10/04/2024","1.7800","1.7790","1.7869","1.7756","","0.07%"
"10/03/2024","1.7788","1.7915","1.7927","1.7719","","-0.69%"
"10/02/2024","1.7912","1.7923","1.7944","1.7857","","-0.05%"
"10/01/2024","1.7921","1.8089","1.8107","1.7886","","-0.89%"
"09/30/2024","1.8082","1.8068","1.8151","1.8054","","0.07%"
"09/27/2024","1.8070","1.8064","1.8105","1.8022","","0.04%"
"09/26/2024","1.8062","1.7968","1.8094","1.7946","","0.55%"
"09/25/2024","1.7963","1.8014","1.8030","1.7944","","-0.27%"
"09/24/2024","1.8012","1.8070","1.8084","1.8002","","-0.32%"
"09/23/2024","1.8070","1.8068","1.8084","1.7986","","-0.03%"
"09/20/2024","1.8075","1.8012","1.8095","1.7990","","0.36%"
"09/19/2024","1.8010","1.7974","1.8033","1.7945","","0.20%"
"09/18/2024","1.7974","1.7894","1.8021","1.7877","","0.45%"
"09/17/2024","1.7894","1.7953","1.7991","1.7878","","-0.33%"
"09/16/2024","1.7954","1.7837","1.7968","1.7828","","0.72%"
"09/13/2024","1.7826","1.7825","1.7868","1.7819","","0.03%"
"09/12/2024","1.7821","1.7708","1.7831","1.7691","","0.67%"
"09/11/2024","1.7703","1.7801","1.7831","1.7692","","-0.55%"
"09/10/2024","1.7801","1.7724","1.7812","1.7717","","0.46%"
"09/09/2024","1.7720","1.7813","1.7827","1.7720","","-0.50%"
"09/06/2024","1.7809","1.7797","1.7850","1.7735","","0.11%"
"09/05/2024","1.7790","1.7756","1.7819","1.7748","","0.23%"
"09/04/2024","1.7750","1.7769","1.7802","1.7738","","-0.08%"
"09/03/2024","1.7765","1.7745","1.7804","1.7722","","0.15%"
"09/02/2024","1.7739","1.7710","1.7758","1.7692","","0.16%"
"08/30/2024","1.7711","1.7753","1.7786","1.7681","","-0.24%"
"08/29/2024","1.7754","1.7783","1.7803","1.7713","","-0.15%"
"08/28/2024","1.7780","1.7824","1.7838","1.7749","","-0.20%"
"08/27/2024","1.7815","1.7790","1.7844","1.7772","","0.15%"
"08/26/2024","1.7789","1.7845","1.7866","1.7766","","-0.29%"
"08/23/2024","1.7841","1.7825","1.7875","1.7796","","0.13%"
"08/22/2024","1.7818","1.7801","1.7851","1.7767","","0.11%"
"08/21/2024","1.7799","1.7753","1.7822","1.7707","","0.32%"
"08/20/2024","1.7743","1.7713","1.7791","1.7687","","0.18%"
"08/19/2024","1.7712","1.7728","1.7744","1.7688","","0.06%"
"08/16/2024","1.7702","1.7648","1.7738","1.7643","","0.32%"
"08/15/2024","1.7645","1.7594","1.7665","1.7578","","0.32%"
"08/14/2024","1.7588","1.7629","1.7648","1.7581","","-0.18%"
"08/13/2024","1.7619","1.7543","1.7656","1.7535","","0.46%"
"08/12/2024","1.7539","1.7524","1.7574","1.7497","","0.13%"
"08/09/2024","1.7517","1.7507","1.7545","1.7486","","0.10%"
"08/08/2024","1.7499","1.7463","1.7518","1.7408","","0.22%"
"08/07/2024","1.7460","1.7496","1.7520","1.7432","","-0.20%"
"08/06/2024","1.7495","1.7662","1.7671","1.7466","","-0.95%"
"08/05/2024","1.7662","1.7755","1.7780","1.7630","","-0.51%"
"08/02/2024","1.7753","1.7678","1.7778","1.7618","","0.45%"
"08/01/2024","1.7674","1.7751","1.7765","1.7632","","-0.44%"
"07/31/2024","1.7752","1.7777","1.7796","1.7702","","-0.11%"
"07/30/2024","1.7771","1.7816","1.7825","1.7750","","-0.22%"
"07/29/2024","1.7811","1.7810","1.7828","1.7724","","0.07%"
"07/26/2024","1.7799","1.7767","1.7821","1.7758","","0.19%"
"07/25/2024","1.7765","1.7823","1.7850","1.7758","","-0.29%"
"07/24/2024","1.7817","1.7790","1.7857","1.7758","","0.19%"
"07/23/2024","1.7784","1.7786","1.7806","1.7737","","-0.02%"
"07/22/2024","1.7788","1.7737","1.7797","1.7711","","0.27%"
"07/19/2024","1.7740","1.7744","1.7771","1.7694","","0.01%"
"07/18/2024","1.7738","1.7800","1.7810","1.7736","","-0.34%"
"07/17/2024","1.7798","1.7738","1.7831","1.7727","","0.42%"
"07/16/2024","1.7724","1.7743","1.7761","1.7718","","-0.09%"
"07/15/2024","1.7740","1.7715","1.7751","1.7679","","0.18%"
"07/12/2024","1.7708","1.7605","1.7719","1.7576","","0.62%"
"07/11/2024","1.7599","1.7500","1.7619","1.7492","","0.61%"
"07/10/2024","1.7492","1.7436","1.7507","1.7426","","0.37%"
"07/09/2024","1.7428","1.7468","1.7495","1.7422","","-0.17%"
"07/08/2024","1.7458","1.7474","1.7521","1.7448","","-0.08%"
"07/05/2024","1.7472","1.7372","1.7488","1.7361","","0.62%"
"07/04/2024","1.7364","1.7380","1.7401","1.7351","","-0.06%"
"07/03/2024","1.7374","1.7352","1.7412","1.7335","","0.16%"
"07/02/2024","1.7347","1.7377","1.7395","1.7332","","-0.14%"
"07/01/2024","1.7372","1.7295","1.7414","1.7284","","0.47%"
"06/28/2024","1.7290","1.7318","1.7354","1.7273","","-0.14%"
"06/27/2024","1.7315","1.7293","1.7343","1.7282","","0.16%"
"06/26/2024","1.7288","1.7325","1.7339","1.7279","","-0.18%"
"06/25/2024","1.7319","1.7318","1.7354","1.7282","","-0.01%"
"06/24/2024","1.7321","1.7321","1.7353","1.7299","","0.03%"
"06/21/2024","1.7316","1.7327","1.7338","1.7291","","-0.03%"
"06/20/2024","1.7321","1.7435","1.7446","1.7323","","-0.63%"
"06/19/2024","1.7430","1.7434","1.7473","1.7417","","0.00%"
"06/18/2024","1.7430","1.7436","1.7453","1.7401","","-0.01%"
"06/17/2024","1.7431","1.7425","1.7457","1.7399","","0.07%"
"06/14/2024","1.7419","1.7540","1.7548","1.7414","","-0.65%"
"06/13/2024","1.7533","1.7563","1.7586","1.7520","","-0.15%"
"06/12/2024","1.7559","1.7532","1.7611","1.7495","","0.19%"
"06/11/2024","1.7526","1.7518","1.7564","1.7492","","0.07%"
"06/10/2024","1.7514","1.7502","1.7533","1.7477","","0.03%"
"06/07/2024","1.7509","1.7485","1.7552","1.7448","","0.17%"
"06/06/2024","1.7479","1.7512","1.7522","1.7477","","-0.15%"
"06/05/2024","1.7505","1.7460","1.7539","1.7456","","0.27%"
"06/04/2024","1.7457","1.7451","1.7510","1.7438","","0.05%"
"06/03/2024","1.7448","1.7366","1.7468","1.7336","","0.52%"
"05/31/2024","1.7358","1.7417","1.7430","1.7329","","-0.31%"
"05/30/2024","1.7412","1.7423","1.7454","1.7397","","-0.05%"
"05/29/2024","1.7420","1.7415","1.7448","1.7405","","0.06%"
"05/28/2024","1.7410","1.7407","1.7445","1.7389","","0.03%"
"05/27/2024","1.7405","1.7415","1.7428","1.7395","","0.05%"
"05/24/2024","1.7397","1.7435","1.7458","1.7384","","-0.18%"
"05/23/2024","1.7429","1.7416","1.7446","1.7376","","0.10%"
"05/22/2024","1.7411","1.7353","1.7424","1.7321","","0.36%"
"05/21/2024","1.7348","1.7312","1.7375","1.7305","","0.25%"
"05/20/2024","1.7305","1.7288","1.7329","1.7272","","0.13%"
"05/17/2024","1.7282","1.7254","1.7308","1.7238","","0.19%"
"05/16/2024","1.7249","1.7255","1.7282","1.7236","","-0.02%"
"05/15/2024","1.7253","1.7187","1.7263","1.7166","","0.43%"
"05/14/2024","1.7179","1.7165","1.7202","1.7110","","0.10%"
"05/13/2024","1.7161","1.7122","1.7187","1.7105","","0.26%"
"05/10/2024","1.7116","1.7129","1.7161","1.7079","","-0.05%"
"05/09/2024","1.7124","1.7150","1.7161","1.7084","","-0.13%"
"05/08/2024","1.7147","1.7169","1.7193","1.7134","","-0.11%"
"05/07/2024","1.7166","1.7162","1.7204","1.7141","","0.03%"
"05/06/2024","1.7161","1.7171","1.7216","1.7155","","-0.02%"
"05/03/2024","1.7165","1.7139","1.7205","1.7117","","0.20%"
"05/02/2024","1.7131","1.7211","1.7219","1.7104","","-0.44%"
"05/01/2024","1.7206","1.7212","1.7224","1.7171","","-0.01%"
"04/30/2024","1.7208","1.7164","1.7231","1.7141","","0.30%"
"04/29/2024","1.7157","1.7077","1.7170","1.7055","","0.50%"
"04/26/2024","1.7072","1.7087","1.7129","1.7042","","-0.09%"
"04/25/2024","1.7087","1.7073","1.7136","1.7055","","0.09%"
"04/24/2024","1.7072","1.7011","1.7085","1.6992","","0.39%"
"04/23/2024","1.7005","1.6920","1.7030","1.6899","","0.53%"
"04/22/2024","1.6916","1.7020","1.7023","1.6885","","-0.58%"
"04/19/2024","1.7014","1.7122","1.7150","1.6996","","-0.60%"
"04/18/2024","1.7117","1.7152","1.7173","1.7113","","-0.17%"
"04/17/2024","1.7146","1.7184","1.7238","1.7140","","-0.19%"
"04/16/2024","1.7179","1.7161","1.7247","1.7133","","0.13%"
"04/15/2024","1.7157","1.7153","1.7175","1.7123","","0.08%"
"04/12/2024","1.7143","1.7185","1.7198","1.7101","","-0.22%"
"04/11/2024","1.7180","1.7158","1.7199","1.7142","","0.16%"
"04/10/2024","1.7152","1.7207","1.7286","1.7143","","-0.27%"
"04/09/2024","1.7198","1.7175","1.7245","1.7169","","0.15%"
"04/08/2024","1.7173","1.7175","1.7197","1.7140","","0.02%"
"04/05/2024","1.7170","1.7121","1.7187","1.7110","","0.32%"
"04/04/2024","1.7116","1.7117","1.7140","1.7073","","0.02%"
"04/03/2024","1.7112","1.7065","1.7128","1.7024","","0.31%"
"04/02/2024","1.7059","1.7033","1.7081","1.7021","","0.18%"
"04/01/2024","1.7029","1.7110","1.7126","1.7024","","-0.33%"
"03/29/2024","1.7086","1.7094","1.7132","1.7077","","-0.01%"
"03/28/2024","1.7088","1.7150","1.7167","1.7080","","-0.34%"
"03/27/2024","1.7146","1.7154","1.7184","1.7129","","-0.01%"
"03/26/2024","1.7147","1.7168","1.7193","1.7127","","-0.09%"
"03/25/2024","1.7162","1.7146","1.7191","1.7125","","0.10%"
"03/22/2024","1.7145","1.7127","1.7155","1.7068","","0.13%"
"03/21/2024","1.7122","1.7251","1.7259","1.7110","","-0.72%"
"03/20/2024","1.7246","1.7257","1.7288","1.7217","","-0.03%"
"03/19/2024","1.7252","1.7225","1.7295","1.7198","","0.18%"
"03/18/2024","1.7221","1.7251","1.7263","1.7219","","-0.17%"
"03/15/2024","1.7250","1.7258","1.7270","1.7211","","-0.03%"
"03/14/2024","1.7255","1.7239","1.7268","1.7215","","0.15%"
"03/13/2024","1.7230","1.7259","1.7279","1.7225","","-0.14%"
"03/12/2024","1.7255","1.7279","1.7286","1.7216","","-0.10%"
"03/11/2024","1.7272","1.7342","1.7355","1.7259","","-0.33%"
"03/08/2024","1.7329","1.7239","1.7349","1.7204","","0.56%"
"03/07/2024","1.7233","1.7219","1.7252","1.7191","","0.19%"
"03/06/2024","1.7201","1.7270","1.7298","1.7194","","-0.35%"
"03/05/2024","1.7262","1.7228","1.7284","1.7216","","0.23%"
"03/04/2024","1.7223","1.7166","1.7242","1.7146","","0.43%"
"03/01/2024","1.7150","1.7143","1.7180","1.7114","","0.08%"
"02/29/2024","1.7136","1.7193","1.7224","1.7120","","-0.31%"
"02/28/2024","1.7189","1.7161","1.7205","1.7138","","0.19%"
"02/27/2024","1.7156","1.7137","1.7177","1.7094","","0.19%"
"02/26/2024","1.7123","1.7123","1.7169","1.7100","","0.06%"
"02/23/2024","1.7112","1.7070","1.7132","1.7061","","0.27%"
"02/22/2024","1.7066","1.7068","1.7092","1.7016","","0.02%"
"02/21/2024","1.7062","1.7070","1.7088","1.7035","","0.01%"
"02/20/2024","1.7060","1.6992","1.7134","1.6973","","0.44%"
"02/19/2024","1.6985","1.6995","1.7019","1.6970","","-0.01%"
"02/16/2024","1.6987","1.6966","1.7015","1.6941","","0.14%"
"02/15/2024","1.6963","1.7018","1.7030","1.6959","","-0.31%"
"02/14/2024","1.7016","1.7080","1.7097","1.6971","","-0.33%"
"02/13/2024","1.7073","1.6987","1.7119","1.6967","","0.52%"
"02/12/2024","1.6985","1.6998","1.7025","1.6956","","-0.03%"
"02/09/2024","1.6990","1.6988","1.7029","1.6923","","0.09%"
"02/08/2024","1.6975","1.6999","1.7015","1.6951","","-0.13%"
"02/07/2024","1.6997","1.6999","1.7037","1.6985","","0.01%"
"02/06/2024","1.6996","1.6975","1.7021","1.6951","","0.18%"
"02/05/2024","1.6966","1.7010","1.7025","1.6940","","-0.20%"
"02/02/2024","1.7000","1.7059","1.7095","1.6984","","-0.32%"
"02/01/2024","1.7054","1.7045","1.7074","1.6964","","0.08%"
"01/31/2024","1.7041","1.7014","1.7063","1.6990","","0.17%"
"01/30/2024","1.7012","1.7054","1.7060","1.6980","","-0.17%"
"01/29/2024","1.7041","1.7081","1.7101","1.7037","","-0.25%"
"01/26/2024","1.7084","1.7125","1.7142","1.7071","","-0.23%"
"01/25/2024","1.7123","1.7210","1.7225","1.7112","","-0.48%"
"01/24/2024","1.7205","1.7069","1.7214","1.7062","","0.83%"
"01/23/2024","1.7063","1.7130","1.7168","1.7057","","-0.39%"
"01/22/2024","1.7129","1.7069","1.7139","1.7040","","0.43%"
"01/19/2024","1.7055","1.7136","1.7152","1.7051","","-0.46%"
"01/18/2024","1.7133","1.7122","1.7152","1.7088","","0.11%"
"01/17/2024","1.7114","1.7048","1.7171","1.7022","","0.39%"
"01/16/2024","1.7048","1.7089","1.7108","1.7016","","-0.20%"
"01/15/2024","1.7083","1.7101","1.7130","1.7057","","-0.08%"
"01/12/2024","1.7097","1.7090","1.7107","1.7015","","0.09%"
"01/11/2024","1.7082","1.7049","1.7109","1.7019","","0.23%"
"01/10/2024","1.7042","1.7019","1.7056","1.6988","","0.18%"
"01/09/2024","1.7012","1.7015","1.7061","1.6987","","0.01%"
"01/08/2024","1.7010","1.6975","1.7072","1.6967","","0.11%"
"01/05/2024","1.6991","1.6932","1.7021","1.6887","","0.40%"
"01/04/2024","1.6923","1.6913","1.6975","1.6887","","0.09%"
"01/03/2024","1.6908","1.6813","1.6929","1.6805","","0.61%"
"01/02/2024","1.6806","1.6849","1.6896","1.6787","","-0.20%"
"01/01/2024","1.6840","1.6866","1.6885","1.6836","","-0.12%"
"12/29/2023","1.6860","1.6843","1.6906","1.6783","","0.11%"
"12/28/2023","1.6841","1.6906","1.6934","1.6803","","-0.34%"
"12/27/2023","1.6898","1.6784","1.6921","1.6759","","0.63%"
"12/26/2023","1.6792","1.6825","1.6855","1.6770","","-0.12%"
"12/25/2023","1.6813","1.6852","1.6892","1.6814","","-0.25%"
"12/22/2023","1.6855","1.6855","1.6922","1.6828","","0.03%"
"12/21/2023","1.6850","1.6898","1.6928","1.6817","","-0.24%"
"12/20/2023","1.6891","1.6974","1.6993","1.6851","","-0.47%"
"12/19/2023","1.6970","1.6944","1.7057","1.6931","","0.21%"
"12/18/2023","1.6934","1.6944","1.6999","1.6897","","-0.15%"
"12/15/2023","1.6960","1.7119","1.7130","1.6941","","-0.90%"
"12/14/2023","1.7114","1.7058","1.7152","1.6985","","0.34%"
"12/13/2023","1.7056","1.7074","1.7091","1.6968","","-0.07%"
"12/12/2023","1.7068","1.7043","1.7107","1.7015","","0.18%"
"12/11/2023","1.7037","1.7046","1.7116","1.7017","","-0.05%"
"12/08/2023","1.7046","1.7127","1.7137","1.6999","","-0.43%"
"12/07/2023","1.7120","1.7074","1.7142","1.7062","","0.30%"
"12/06/2023","1.7069","1.7122","1.7132","1.7056","","-0.26%"
"12/05/2023","1.7113","1.7102","1.7174","1.7076","","0.11%"
"12/04/2023","1.7095","1.7156","1.7184","1.7056","","-0.34%"
"12/01/2023","1.7153","1.7118","1.7182","1.7037","","0.23%"
"11/30/2023","1.7113","1.7248","1.7269","1.7112","","-0.79%"
"11/29/2023","1.7250","1.7229","1.7278","1.7207","","0.12%"
"11/28/2023","1.7229","1.7196","1.7269","1.7131","","0.23%"
"11/27/2023","1.7189","1.7188","1.7240","1.7165","","0.03%"
"11/24/2023","1.7184","1.7166","1.7213","1.7136","","0.14%"
"11/23/2023","1.7160","1.7103","1.7200","1.7082","","0.38%"
"11/22/2023","1.7095","1.7181","1.7216","1.7097","","-0.47%"
"11/21/2023","1.7176","1.7167","1.7227","1.7146","","0.09%"
"11/20/2023","1.7160","1.7092","1.7178","1.7077","","0.39%"
"11/17/2023","1.7094","1.7079","1.7109","1.7015","","0.18%"
"11/16/2023","1.7064","1.6991","1.7126","1.6953","","0.49%"
"11/15/2023","1.6981","1.7116","1.7123","1.6963","","-0.76%"
"11/14/2023","1.7111","1.6951","1.7137","1.6928","","0.97%"
"11/13/2023","1.6946","1.6870","1.6960","1.6842","","0.48%"
"11/10/2023","1.6865","1.6878","1.6904","1.6856","","-0.04%"
"11/09/2023","1.6872","1.6946","1.6976","1.6865","","-0.39%"
"11/08/2023","1.6938","1.6933","1.6983","1.6873","","0.04%"
"11/07/2023","1.6931","1.6911","1.6942","1.6888","","0.14%"
"11/06/2023","1.6908","1.6918","1.6962","1.6884","","0.02%"
"11/03/2023","1.6904","1.6761","1.6949","1.6742","","0.85%"
"11/02/2023","1.6761","1.6837","1.6889","1.6759","","-0.42%"
"11/01/2023","1.6831","1.6862","1.6882","1.6780","","-0.17%"
"10/31/2023","1.6860","1.6827","1.6873","1.6792","","0.23%"
"10/30/2023","1.6822","1.6824","1.6839","1.6753","","0.06%"
"10/27/2023","1.6812","1.6775","1.6859","1.6721","","0.24%"
"10/26/2023","1.6771","1.6709","1.6782","1.6656","","0.41%"
"10/25/2023","1.6703","1.6703","1.6760","1.6668","","0.00%"
"10/24/2023","1.6703","1.6768","1.6798","1.6687","","-0.38%"
"10/23/2023","1.6766","1.6680","1.6775","1.6652","","0.52%"
"10/20/2023","1.6679","1.6660","1.6687","1.6588","","0.13%"
"10/19/2023","1.6657","1.6649","1.6692","1.6607","","0.04%"
"10/18/2023","1.6650","1.6629","1.6678","1.6598","","0.17%"
"10/17/2023","1.6622","1.6631","1.6645","1.6571","","-0.04%"
"10/16/2023","1.6629","1.6580","1.6637","1.6556","","0.29%"
"10/13/2023","1.6581","1.6668","1.6712","1.6559","","-0.50%"
"10/12/2023","1.6664","1.6738","1.6756","1.6659","","-0.41%"
"10/11/2023","1.6733","1.6690","1.6762","1.6673","","0.28%"
"10/10/2023","1.6687","1.6632","1.6697","1.6601","","0.37%"
"10/09/2023","1.6625","1.6742","1.6742","1.6607","","-0.56%"
"10/06/2023","1.6718","1.6711","1.6766","1.6606","","0.08%"
"10/05/2023","1.6705","1.6673","1.6734","1.6657","","0.22%"
"10/04/2023","1.6669","1.6556","1.6724","1.6516","","0.71%"
"10/03/2023","1.6552","1.6530","1.6593","1.6516","","0.14%"
"10/02/2023","1.6529","1.6558","1.6597","1.6526","","-0.18%"
"09/29/2023","1.6559","1.6456","1.6578","1.6438","","0.67%"
"09/28/2023","1.6449","1.6380","1.6486","1.6357","","0.45%"
"09/27/2023","1.6376","1.6434","1.6455","1.6372","","-0.34%"
"09/26/2023","1.6432","1.6432","1.6466","1.6412","","0.03%"
"09/25/2023","1.6427","1.6492","1.6516","1.6426","","-0.44%"
"09/22/2023","1.6500","1.6577","1.6589","1.6458","","-0.46%"
"09/21/2023","1.6576","1.6624","1.6641","1.6533","","-0.23%"
"09/20/2023","1.6615","1.6666","1.6682","1.6593","","-0.28%"
"09/19/2023","1.6662","1.6702","1.6718","1.6588","","-0.21%"
"09/18/2023","1.6697","1.6756","1.6770","1.6685","","-0.25%"
"09/15/2023","1.6739","1.6764","1.6816","1.6731","","-0.14%"
"09/14/2023","1.6762","1.6930","1.6935","1.6742","","-0.91%"
"09/13/2023","1.6916","1.6930","1.6953","1.6875","","-0.02%"
"09/12/2023","1.6919","1.6978","1.7027","1.6883","","-0.33%"
"09/11/2023","1.6975","1.6995","1.7057","1.6976","","-0.15%"
"09/08/2023","1.7001","1.7070","1.7095","1.6982","","-0.37%"
"09/07/2023","1.7064","1.7055","1.7097","1.6986","","0.05%"
"09/06/2023","1.7055","1.7141","1.7180","1.7044","","-0.47%"
"09/05/2023","1.7136","1.7157","1.7197","1.7096","","-0.09%"
"09/04/2023","1.7152","1.7121","1.7193","1.7111","","0.23%"
"09/01/2023","1.7112","1.7121","1.7210","1.7088","","-0.03%"
"08/31/2023","1.7117","1.7215","1.7231","1.7112","","-0.53%"
"08/30/2023","1.7209","1.7139","1.7251","1.7126","","0.47%"
"08/29/2023","1.7129","1.7142","1.7196","1.7110","","-0.04%"
"08/28/2023","1.7136","1.7109","1.7149","1.7076","","0.17%"
"08/25/2023","1.7107","1.7115","1.7192","1.7074","","-0.01%"
"08/24/2023","1.7109","1.7221","1.7222","1.7099","","-0.60%"
"08/23/2023","1.7212","1.7252","1.7292","1.7120","","-0.21%"
"08/22/2023","1.7249","1.7279","1.7318","1.7225","","-0.14%"
"08/21/2023","1.7273","1.7257","1.7300","1.7200","","0.13%"
"08/18/2023","1.7251","1.7264","1.7286","1.7208","","-0.07%"
"08/17/2023","1.7263","1.7230","1.7272","1.7182","","0.24%"
"08/16/2023","1.7222","1.7150","1.7250","1.7129","","0.45%"
"08/15/2023","1.7145","1.7075","1.7192","1.7052","","0.46%"
"08/14/2023","1.7066","1.7059","1.7100","1.7002","","0.05%"
"08/11/2023","1.7058","1.7046","1.7127","1.7028","","0.09%"
"08/10/2023","1.7043","1.7070","1.7148","1.7023","","-0.13%"
"08/09/2023","1.7065","1.7113","1.7140","1.7059","","-0.21%"
"08/08/2023","1.7101","1.7094","1.7152","1.7074","","0.08%"
"08/07/2023","1.7088","1.7050","1.7099","1.7012","","0.23%"
"08/04/2023","1.7048","1.6979","1.7077","1.6963","","0.41%"
"08/03/2023","1.6979","1.6969","1.6995","1.6875","","0.07%"
"08/02/2023","1.6967","1.6967","1.7040","1.6905","","0.00%"
"08/01/2023","1.6967","1.6931","1.7015","1.6920","","0.23%"
"07/31/2023","1.6928","1.7006","1.7046","1.6908","","-0.60%"
"07/28/2023","1.7030","1.6925","1.7052","1.6894","","0.68%"
"07/27/2023","1.6915","1.7091","1.7114","1.6917","","-1.02%"
"07/26/2023","1.7089","1.6991","1.7108","1.6980","","0.59%"
"07/25/2023","1.6989","1.6897","1.7001","1.6875","","0.56%"
"07/24/2023","1.6895","1.7004","1.7022","1.6857","","-0.60%"
"07/21/2023","1.6997","1.6951","1.7006","1.6895","","0.30%"
"07/20/2023","1.6946","1.7036","1.7041","1.6903","","-0.49%"
"07/19/2023","1.7030","1.7166","1.7188","1.6947","","-0.77%"
"07/18/2023","1.7162","1.7254","1.7334","1.7162","","-0.51%"
"07/17/2023","1.7250","1.7300","1.7334","1.7213","","-0.25%"
"07/14/2023","1.7294","1.7228","1.7338","1.7185","","0.45%"
"07/13/2023","1.7216","1.7122","1.7254","1.7112","","0.55%"
"07/12/2023","1.7122","1.7111","1.7167","1.7059","","0.08%"
"07/11/2023","1.7109","1.7078","1.7163","1.7053","","0.22%"
"07/10/2023","1.7072","1.7040","1.7088","1.6953","","0.22%"
"07/07/2023","1.7035","1.7032","1.7077","1.7001","","0.03%"
"07/06/2023","1.7030","1.6873","1.7039","1.6858","","0.94%"
"07/05/2023","1.6871","1.6814","1.6902","1.6802","","0.37%"
"07/04/2023","1.6808","1.6821","1.6844","1.6793","","-0.01%"
"07/03/2023","1.6810","1.6826","1.6842","1.6775","","-0.03%"
"06/30/2023","1.6815","1.6723","1.6848","1.6702","","0.63%"
"06/29/2023","1.6710","1.6755","1.6795","1.6696","","-0.23%"
"06/28/2023","1.6749","1.6824","1.6840","1.6714","","-0.37%"
"06/27/2023","1.6812","1.6723","1.6821","1.6698","","0.55%"
"06/26/2023","1.6720","1.6760","1.6786","1.6696","","-0.20%"
"06/23/2023","1.6754","1.6766","1.6837","1.6739","","-0.02%"
"06/22/2023","1.6758","1.6807","1.6887","1.6740","","-0.29%"
"06/21/2023","1.6807","1.6893","1.6934","1.6772","","-0.47%"
"06/20/2023","1.6887","1.6904","1.6933","1.6837","","-0.04%"
"06/19/2023","1.6893","1.6919","1.6955","1.6867","","-0.14%"
"06/16/2023","1.6916","1.6899","1.6982","1.6894","","0.10%"
"06/15/2023","1.6899","1.6870","1.6910","1.6844","","0.19%"
"06/14/2023","1.6867","1.6796","1.6886","1.6761","","0.46%"
"06/13/2023","1.6789","1.6730","1.6809","1.6708","","0.38%"
"06/12/2023","1.6725","1.6770","1.6796","1.6702","","-0.26%"
"06/09/2023","1.6768","1.6769","1.6803","1.6715","","0.05%"
"06/08/2023","1.6760","1.6630","1.6805","1.6611","","0.82%"
"06/07/2023","1.6624","1.6651","1.6739","1.6618","","-0.14%"
"06/06/2023","1.6647","1.6715","1.6726","1.6628","","-0.45%"
"06/05/2023","1.6722","1.6724","1.6734","1.6619","","0.08%"
"06/02/2023","1.6709","1.6857","1.6857","1.6709","","-0.81%"
"06/01/2023","1.6846","1.6884","1.6955","1.6837","","-0.20%"
"05/31/2023","1.6879","1.6882","1.6913","1.6816","","-0.02%"
"05/30/2023","1.6883","1.6787","1.6924","1.6766","","0.61%"
"05/29/2023","1.6781","1.6792","1.6822","1.6768","","-0.13%"
"05/26/2023","1.6803","1.6809","1.6876","1.6791","","0.01%"
"05/25/2023","1.6802","1.6809","1.6844","1.6781","","-0.02%"
"05/24/2023","1.6805","1.6770","1.6858","1.6757","","0.27%"
"05/23/2023","1.6760","1.6798","1.6806","1.6715","","-0.18%"
"05/22/2023","1.6791","1.6801","1.6838","1.6774","","-0.04%"
"05/19/2023","1.6797","1.6757","1.6863","1.6715","","0.27%"
"05/18/2023","1.6751","1.6801","1.6826","1.6719","","-0.26%"
"05/17/2023","1.6795","1.6835","1.6845","1.6780","","-0.22%"
"05/16/2023","1.6832","1.6865","1.6889","1.6771","","-0.21%"
"05/15/2023","1.6868","1.6899","1.6923","1.6852","","-0.05%"
"05/12/2023","1.6877","1.6881","1.6923","1.6854","","-0.01%"
"05/11/2023","1.6878","1.6882","1.6927","1.6838","","0.00%"
"05/10/2023","1.6878","1.6896","1.6921","1.6846","","-0.09%"
"05/09/2023","1.6893","1.6875","1.6916","1.6851","","0.13%"
"05/08/2023","1.6871","1.6922","1.6923","1.6839","","-0.12%"
"05/05/2023","1.6891","1.7020","1.7058","1.6891","","-0.75%"
"05/04/2023","1.7019","1.7113","1.7151","1.7016","","-0.51%"
"05/03/2023","1.7106","1.6986","1.7112","1.6981","","0.74%"
"05/02/2023","1.6981","1.6926","1.7018","1.6897","","0.35%"
"05/01/2023","1.6922","1.7031","1.7037","1.6901","","-0.58%"
"04/28/2023","1.7020","1.6988","1.7072","1.6969","","0.22%"
"04/27/2023","1.6983","1.7000","1.7021","1.6948","","-0.09%"
"04/26/2023","1.6999","1.6909","1.7050","1.6898","","0.55%"
"04/25/2023","1.6906","1.6906","1.6940","1.6867","","0.04%"
"04/24/2023","1.6899","1.6836","1.6916","1.6823","","0.42%"
"04/21/2023","1.6829","1.6759","1.6855","1.6733","","0.38%"
"04/20/2023","1.6766","1.6750","1.6794","1.6725","","0.14%"
"04/19/2023","1.6742","1.6636","1.6758","1.6627","","0.66%"
"04/18/2023","1.6632","1.6572","1.6663","1.6564","","0.37%"
"04/17/2023","1.6571","1.6590","1.6631","1.6537","","-0.08%"
"04/14/2023","1.6585","1.6702","1.6718","1.6580","","-0.67%"
"04/13/2023","1.6697","1.6779","1.6799","1.6697","","-0.45%"
"04/12/2023","1.6772","1.6734","1.6798","1.6698","","0.28%"
"04/11/2023","1.6726","1.6728","1.6813","1.6719","","0.02%"
"04/10/2023","1.6722","1.6782","1.6799","1.6711","","-0.26%"
"04/07/2023","1.6766","1.6786","1.6813","1.6744","","-0.10%"
"04/06/2023","1.6783","1.6773","1.6819","1.6738","","0.11%"
"04/05/2023","1.6764","1.6804","1.6840","1.6744","","-0.20%"
"04/04/2023","1.6797","1.6682","1.6830","1.6654","","0.74%"
"04/03/2023","1.6674","1.6674","1.6696","1.6581","","0.04%"
"03/31/2023","1.6668","1.6749","1.6795","1.6657","","-0.44%"
"03/30/2023","1.6742","1.6694","1.6772","1.6682","","0.32%"
"03/29/2023","1.6688","1.6785","1.6796","1.6691","","-0.55%"
"03/28/2023","1.6781","1.6781","1.6847","1.6772","","0.01%"
"03/27/2023","1.6780","1.6808","1.6845","1.6765","","-0.17%"
"03/24/2023","1.6809","1.6856","1.6866","1.6787","","-0.22%"
"03/23/2023","1.6846","1.6839","1.6870","1.6767","","0.07%"
"03/22/2023","1.6835","1.6754","1.6859","1.6732","","0.54%"
"03/21/2023","1.6745","1.6773","1.6801","1.6692","","-0.15%"
"03/20/2023","1.6770","1.6713","1.6796","1.6687","","0.34%"
"03/17/2023","1.6713","1.6616","1.6746","1.6601","","0.63%"
"03/16/2023","1.6608","1.6614","1.6675","1.6534","","-0.01%"
"03/15/2023","1.6610","1.6639","1.6667","1.6569","","-0.16%"
"03/14/2023","1.6637","1.6723","1.6742","1.6587","","-0.48%"
"03/13/2023","1.6717","1.6624","1.6746","1.6600","","0.52%"
"03/10/2023","1.6631","1.6490","1.6713","1.6475","","0.89%"
"03/09/2023","1.6484","1.6351","1.6497","1.6330","","0.84%"
"03/08/2023","1.6347","1.6270","1.6356","1.6258","","0.47%"
"03/07/2023","1.6270","1.6370","1.6426","1.6259","","-0.57%"
"03/06/2023","1.6363","1.6371","1.6400","1.6329","","-0.02%"
"03/03/2023","1.6366","1.6239","1.6385","1.6229","","0.82%"
"03/02/2023","1.6233","1.6351","1.6364","1.6237","","-0.70%"
"03/01/2023","1.6348","1.6406","1.6447","1.6323","","-0.32%"
"02/28/2023","1.6401","1.6379","1.6526","1.6351","","0.16%"
"02/27/2023","1.6374","1.6262","1.6382","1.6233","","0.76%"
"02/24/2023","1.6251","1.6275","1.6337","1.6243","","-0.14%"
"02/23/2023","1.6274","1.6323","1.6339","1.6259","","-0.27%"
"02/22/2023","1.6318","1.6409","1.6424","1.6318","","-0.48%"
"02/21/2023","1.6397","1.6198","1.6404","1.6168","","1.27%"
"02/20/2023","1.6192","1.6222","1.6246","1.6176","","-0.12%"
"02/17/2023","1.6211","1.6140","1.6241","1.6095","","0.45%"
"02/16/2023","1.6138","1.6111","1.6170","1.6083","","0.20%"
"02/15/2023","1.6105","1.6233","1.6258","1.6084","","-0.76%"
"02/14/2023","1.6229","1.6182","1.6302","1.6175","","0.32%"
"02/13/2023","1.6177","1.6096","1.6207","1.6081","","0.59%"
"02/10/2023","1.6082","1.6307","1.6316","1.6076","","-1.37%"
"02/09/2023","1.6305","1.6230","1.6344","1.6214","","0.47%"
"02/08/2023","1.6228","1.6144","1.6252","1.6122","","0.56%"
"02/07/2023","1.6137","1.6161","1.6193","1.6076","","-0.12%"
"02/06/2023","1.6157","1.6141","1.6221","1.6124","","0.08%"
"02/03/2023","1.6144","1.6281","1.6408","1.6134","","-0.80%"
"02/02/2023","1.6275","1.6447","1.6472","1.6271","","-1.03%"
"02/01/2023","1.6444","1.6392","1.6486","1.6366","","0.32%"
"01/31/2023","1.6392","1.6534","1.6592","1.6381","","-0.85%"
"01/30/2023","1.6532","1.6506","1.6545","1.6481","","0.20%"
"01/27/2023","1.6499","1.6535","1.6551","1.6452","","-0.16%"
"01/26/2023","1.6525","1.6609","1.6638","1.6495","","-0.49%"
"01/25/2023","1.6606","1.6493","1.6618","1.6437","","0.73%"
"01/24/2023","1.6485","1.6545","1.6584","1.6407","","-0.33%"
"01/23/2023","1.6540","1.6597","1.6644","1.6502","","-0.25%"
"01/20/2023","1.6581","1.6681","1.6697","1.6579","","-0.57%"
"01/19/2023","1.6676","1.6665","1.6696","1.6618","","0.12%"
"01/18/2023","1.6656","1.6456","1.6670","1.6416","","1.25%"
"01/17/2023","1.6451","1.6346","1.6467","1.6326","","0.65%"
"01/16/2023","1.6344","1.6387","1.6415","1.6306","","-0.21%"
"01/13/2023","1.6378","1.6318","1.6398","1.6281","","0.41%"
"01/12/2023","1.6311","1.6305","1.6369","1.6235","","0.09%"
"01/11/2023","1.6297","1.6323","1.6345","1.6231","","-0.12%"
"01/10/2023","1.6316","1.6320","1.6346","1.6246","","0.04%"
"01/09/2023","1.6309","1.6259","1.6337","1.6213","","0.34%"
"01/06/2023","1.6254","1.6165","1.6272","1.6100","","0.61%"
"01/05/2023","1.6155","1.6248","1.6292","1.6118","","-0.55%"
"01/04/2023","1.6245","1.6359","1.6439","1.6237","","-0.65%"
"01/03/2023","1.6352","1.6351","1.6430","1.6214","","0.03%"
"01/02/2023","1.6347","1.6394","1.6394","1.6311","","-0.26%"
"12/30/2022","1.6390","1.6344","1.6400","1.6270","","0.39%"
"12/29/2022","1.6326","1.6351","1.6390","1.6297","","-0.14%"
"12/28/2022","1.6349","1.6265","1.6395","1.6242","","0.58%"
"12/27/2022","1.6255","1.6388","1.6406","1.6206","","-0.77%"
"12/26/2022","1.6381","1.6415","1.6444","1.6379","","-0.09%"
"12/23/2022","1.6396","1.6439","1.6454","1.6350","","-0.23%"
"12/22/2022","1.6434","1.6447","1.6497","1.6366","","-0.06%"
"12/21/2022","1.6444","1.6582","1.6593","1.6411","","-0.80%"
"12/20/2022","1.6577","1.6584","1.6652","1.6489","","0.04%"
"12/19/2022","1.6570","1.6610","1.6694","1.6574","","-0.37%"
"12/16/2022","1.6632","1.6636","1.6710","1.6558","","0.01%"
"12/15/2022","1.6630","1.6833","1.6844","1.6606","","-1.18%"
"12/14/2022","1.6828","1.6748","1.6851","1.6738","","0.54%"
"12/13/2022","1.6738","1.6738","1.6848","1.6657","","0.05%"
"12/12/2022","1.6730","1.6722","1.6817","1.6664","","0.01%"
"12/09/2022","1.6728","1.6635","1.6783","1.6617","","0.58%"
"12/08/2022","1.6631","1.6657","1.6693","1.6569","","-0.13%"
"12/07/2022","1.6653","1.6571","1.6683","1.6535","","0.51%"
"12/06/2022","1.6568","1.6560","1.6713","1.6548","","0.04%"
"12/05/2022","1.6561","1.6551","1.6579","1.6434","","0.08%"
"12/02/2022","1.6548","1.6446","1.6570","1.6383","","0.64%"
"12/01/2022","1.6442","1.6167","1.6528","1.6167","","1.71%"
"11/30/2022","1.6166","1.6229","1.6284","1.6123","","-0.39%"
"11/29/2022","1.6230","1.6145","1.6370","1.6090","","0.60%"
"11/28/2022","1.6134","1.6205","1.6299","1.6109","","-0.27%"
"11/25/2022","1.6177","1.6154","1.6197","1.6122","","0.16%"
"11/24/2022","1.6151","1.6095","1.6205","1.6087","","0.37%"
"11/23/2022","1.6091","1.5900","1.6177","1.5883","","1.24%"
"11/22/2022","1.5894","1.5904","1.5954","1.5868","","-0.01%"
"11/21/2022","1.5896","1.5916","1.5937","1.5832","","-0.06%"
"11/18/2022","1.5906","1.5812","1.5980","1.5796","","0.63%"
"11/17/2022","1.5807","1.5874","1.5932","1.5716","","-0.40%"
"11/16/2022","1.5870","1.5757","1.5892","1.5711","","0.80%"
"11/15/2022","1.5744","1.5648","1.5911","1.5637","","0.65%"
"11/14/2022","1.5643","1.5692","1.5719","1.5544","","-0.27%"
"11/11/2022","1.5686","1.5606","1.5713","1.5545","","0.56%"
"11/10/2022","1.5599","1.5364","1.5627","1.5356","","1.56%"
"11/09/2022","1.5360","1.5498","1.5527","1.5308","","-0.83%"
"11/08/2022","1.5488","1.5540","1.5558","1.5423","","-0.30%"
"11/07/2022","1.5535","1.5409","1.5576","1.5291","","1.33%"
"11/04/2022","1.5331","1.5349","1.5378","1.5168","","-0.10%"
"11/03/2022","1.5346","1.5621","1.5637","1.5322","","-1.72%"
"11/02/2022","1.5614","1.5654","1.5691","1.5604","","-0.22%"
"11/01/2022","1.5649","1.5628","1.5705","1.5606","","0.17%"
"10/31/2022","1.5623","1.5790","1.5816","1.5608","","-1.06%"
"10/28/2022","1.5790","1.5689","1.5816","1.5653","","0.68%"
"10/27/2022","1.5684","1.5760","1.5787","1.5644","","-0.46%"
"10/26/2022","1.5756","1.5617","1.5808","1.5567","","0.99%"
"10/25/2022","1.5602","1.5460","1.5670","1.5444","","0.98%"
"10/24/2022","1.5451","1.5429","1.5582","1.5421","","0.24%"
"10/21/2022","1.5414","1.5465","1.5481","1.5311","","-0.37%"
"10/20/2022","1.5471","1.5450","1.5507","1.5364","","0.23%"
"10/19/2022","1.5435","1.5554","1.5597","1.5423","","-0.73%"
"10/18/2022","1.5549","1.5578","1.5616","1.5498","","-0.20%"
"10/17/2022","1.5580","1.5503","1.5712","1.5503","","0.49%"
"10/14/2022","1.5504","1.5582","1.5627","1.5425","","-0.46%"
"10/13/2022","1.5575","1.5343","1.5641","1.5284","","1.61%"
"10/12/2022","1.5328","1.5133","1.5346","1.5101","","1.34%"
"10/11/2022","1.5125","1.5235","1.5361","1.5115","","-0.68%"
"10/10/2022","1.5229","1.5227","1.5263","1.5148","","0.02%"
"10/07/2022","1.5226","1.5347","1.5425","1.5189","","-0.74%"
"10/06/2022","1.5339","1.5425","1.5465","1.5264","","-0.52%"
"10/05/2022","1.5419","1.5508","1.5528","1.5364","","-0.53%"
"10/04/2022","1.5501","1.5427","1.5558","1.5385","","0.53%"
"10/03/2022","1.5419","1.5433","1.5502","1.5267","","-0.07%"
"09/30/2022","1.5430","1.5207","1.5452","1.5147","","1.50%"
"09/29/2022","1.5202","1.4813","1.5219","1.4730","","2.63%"
"09/28/2022","1.4813","1.4731","1.4902","1.4518","","0.61%"
"09/27/2022","1.4723","1.4676","1.4822","1.4638","","0.34%"
"09/26/2022","1.4673","1.4757","1.4917","1.4108","","-0.54%"
"09/23/2022","1.4752","1.5185","1.5197","1.4730","","-2.81%"
"09/22/2022","1.5178","1.5170","1.5303","1.5159","","0.07%"
"09/21/2022","1.5167","1.5214","1.5220","1.5092","","-0.28%"
"09/20/2022","1.5209","1.5150","1.5238","1.5126","","0.42%"
"09/19/2022","1.5146","1.5141","1.5173","1.5124","","0.09%"
"09/16/2022","1.5132","1.5167","1.5198","1.5079","","-0.19%"
"09/15/2022","1.5161","1.5189","1.5208","1.5122","","-0.14%"
"09/14/2022","1.5183","1.5136","1.5256","1.5126","","0.35%"
"09/13/2022","1.5130","1.5181","1.5259","1.5092","","-0.28%"
"09/12/2022","1.5173","1.5093","1.5221","1.5092","","0.53%"
"09/09/2022","1.5093","1.5059","1.5135","1.5023","","0.26%"
"09/08/2022","1.5054","1.5136","1.5163","1.5046","","-0.45%"
"09/07/2022","1.5122","1.5150","1.5178","1.5023","","-0.13%"
"09/06/2022","1.5142","1.5134","1.5244","1.5116","","0.09%"
"09/05/2022","1.5129","1.5128","1.5149","1.5053","","0.12%"
"09/02/2022","1.5111","1.5186","1.5227","1.5103","","-0.47%"
"09/01/2022","1.5183","1.5261","1.5307","1.5166","","-0.48%"
"08/31/2022","1.5256","1.5254","1.5284","1.5213","","-0.02%"
"08/30/2022","1.5259","1.5236","1.5289","1.5209","","0.18%"
"08/29/2022","1.5232","1.5309","1.5312","1.5213","","-0.51%"
"08/26/2022","1.5310","1.5293","1.5374","1.5253","","0.14%"
"08/25/2022","1.5289","1.5303","1.5329","1.5268","","-0.07%"
"08/24/2022","1.5299","1.5339","1.5360","1.5283","","-0.23%"
"08/23/2022","1.5334","1.5364","1.5387","1.5291","","-0.18%"
"08/22/2022","1.5362","1.5375","1.5388","1.5312","","-0.03%"
"08/19/2022","1.5367","1.5453","1.5473","1.5334","","-0.51%"
"08/18/2022","1.5446","1.5557","1.5581","1.5432","","-0.68%"
"08/17/2022","1.5551","1.5537","1.5618","1.5523","","0.12%"
"08/16/2022","1.5532","1.5558","1.5593","1.5503","","-0.14%"
"08/15/2022","1.5554","1.5492","1.5649","1.5482","","0.39%"
"08/12/2022","1.5494","1.5583","1.5591","1.5475","","-0.58%"
"08/11/2022","1.5584","1.5617","1.5630","1.5555","","-0.20%"
"08/10/2022","1.5615","1.5568","1.5720","1.5549","","0.30%"
"08/09/2022","1.5569","1.5535","1.5609","1.5520","","0.30%"
"08/08/2022","1.5522","1.5613","1.5632","1.5514","","-0.55%"
"08/05/2022","1.5608","1.5650","1.5668","1.5566","","-0.24%"
"08/04/2022","1.5646","1.5601","1.5657","1.5498","","0.35%"
"08/03/2022","1.5592","1.5678","1.5713","1.5574","","-0.54%"
"08/02/2022","1.5676","1.5736","1.5773","1.5635","","-0.34%"
"08/01/2022","1.5729","1.5564","1.5764","1.5562","","1.06%"
"07/29/2022","1.5564","1.5596","1.5672","1.5494","","-0.20%"
"07/28/2022","1.5595","1.5579","1.5632","1.5522","","0.10%"
"07/27/2022","1.5579","1.5503","1.5632","1.5482","","0.56%"
"07/26/2022","1.5493","1.5475","1.5524","1.5407","","0.14%"
"07/25/2022","1.5472","1.5504","1.5547","1.5458","","-0.17%"
"07/22/2022","1.5499","1.5435","1.5516","1.5347","","0.44%"
"07/21/2022","1.5431","1.5424","1.5465","1.5368","","0.08%"
"07/20/2022","1.5418","1.5437","1.5487","1.5402","","-0.08%"
"07/19/2022","1.5431","1.5518","1.5587","1.5436","","-0.48%"
"07/18/2022","1.5506","1.5439","1.5555","1.5433","","0.41%"
"07/15/2022","1.5443","1.5510","1.5539","1.5422","","-0.41%"
"07/14/2022","1.5507","1.5427","1.5579","1.5387","","0.56%"
"07/13/2022","1.5421","1.5480","1.5538","1.5372","","-0.34%"
"07/12/2022","1.5474","1.5469","1.5496","1.5402","","0.08%"
"07/11/2022","1.5462","1.5578","1.5591","1.5426","","-0.71%"
"07/08/2022","1.5573","1.5588","1.5654","1.5508","","-0.07%"
"07/07/2022","1.5584","1.5558","1.5634","1.5520","","0.27%"
"07/06/2022","1.5542","1.5592","1.5614","1.5472","","-0.29%"
"07/05/2022","1.5587","1.5569","1.5603","1.5512","","0.13%"
"07/04/2022","1.5566","1.5596","1.5648","1.5555","","-0.10%"
"07/01/2022","1.5581","1.5676","1.5690","1.5495","","-0.58%"
"06/30/2022","1.5672","1.5637","1.5723","1.5616","","0.27%"
"06/29/2022","1.5630","1.5684","1.5717","1.5585","","-0.31%"
"06/28/2022","1.5679","1.5797","1.5804","1.5665","","-0.73%"
"06/27/2022","1.5794","1.5814","1.5874","1.5787","","-0.09%"
"06/24/2022","1.5809","1.5933","1.5965","1.5811","","-0.77%"
"06/23/2022","1.5931","1.5885","1.5947","1.5789","","0.33%"
"06/22/2022","1.5878","1.5862","1.5932","1.5797","","0.12%"
"06/21/2022","1.5859","1.5911","1.5919","1.5842","","-0.25%"
"06/20/2022","1.5899","1.5927","1.5957","1.5875","","-0.14%"
"06/17/2022","1.5922","1.5998","1.6023","1.5890","","-0.43%"
"06/16/2022","1.5990","1.5701","1.6006","1.5581","","1.87%"
"06/15/2022","1.5697","1.5532","1.5730","1.5519","","1.06%"
"06/14/2022","1.5532","1.5654","1.5733","1.5482","","-0.70%"
"06/13/2022","1.5641","1.5744","1.5757","1.5600","","-0.62%"
"06/10/2022","1.5739","1.5867","1.5887","1.5700","","-0.74%"
"06/09/2022","1.5857","1.5758","1.5883","1.5711","","0.71%"
"06/08/2022","1.5745","1.5781","1.5789","1.5704","","-0.16%"
"06/07/2022","1.5770","1.5762","1.5813","1.5679","","0.09%"
"06/06/2022","1.5756","1.5724","1.5803","1.5709","","0.19%"
"06/03/2022","1.5726","1.5810","1.5826","1.5714","","-0.51%"
"06/02/2022","1.5806","1.5811","1.5890","1.5790","","0.01%"
"06/01/2022","1.5804","1.5938","1.5966","1.5771","","-0.80%"
"05/31/2022","1.5931","1.6015","1.6024","1.5888","","-0.49%"
"05/30/2022","1.6009","1.6065","1.6088","1.5992","","-0.26%"
"05/27/2022","1.6051","1.6094","1.6155","1.6041","","-0.21%"
"05/26/2022","1.6085","1.6103","1.6185","1.6054","","-0.10%"
"05/25/2022","1.6101","1.6063","1.6134","1.6031","","0.26%"
"05/24/2022","1.6060","1.6073","1.6117","1.5952","","-0.06%"
"05/23/2022","1.6069","1.6022","1.6119","1.6016","","0.26%"
"05/20/2022","1.6027","1.5985","1.6048","1.5934","","0.30%"
"05/19/2022","1.5979","1.5907","1.6044","1.5858","","0.48%"
"05/18/2022","1.5903","1.6005","1.6023","1.5869","","-0.59%"
"05/17/2022","1.5998","1.5823","1.6034","1.5815","","1.13%"
"05/16/2022","1.5819","1.5797","1.5886","1.5794","","-0.04%"
"05/13/2022","1.5826","1.5917","1.5922","1.5775","","-0.54%"
"05/12/2022","1.5912","1.5918","1.5939","1.5845","","-0.03%"
"05/11/2022","1.5916","1.6052","1.6062","1.5901","","-0.82%"
"05/10/2022","1.6047","1.6043","1.6096","1.5986","","0.05%"
"05/09/2022","1.6039","1.5926","1.6054","1.5862","","0.74%"
"05/06/2022","1.5921","1.5869","1.5941","1.5785","","0.35%"
"05/05/2022","1.5865","1.6073","1.6116","1.5774","","-1.26%"
"05/04/2022","1.6068","1.6055","1.6109","1.5984","","0.12%"
"05/03/2022","1.6049","1.6095","1.6156","1.6026","","-0.23%"
"05/02/2022","1.6086","1.6185","1.6203","1.6076","","-0.46%"
"04/29/2022","1.6161","1.5955","1.6180","1.5936","","1.32%"
"04/28/2022","1.5951","1.6090","1.6098","1.5926","","-0.83%"
"04/27/2022","1.6085","1.6129","1.6173","1.6060","","-0.25%"
"04/26/2022","1.6126","1.6222","1.6263","1.6105","","-0.59%"
"04/25/2022","1.6222","1.6314","1.6372","1.6197","","-0.58%"
"04/22/2022","1.6316","1.6391","1.6422","1.6289","","-0.41%"
"04/21/2022","1.6383","1.6329","1.6402","1.6266","","0.37%"
"04/20/2022","1.6323","1.6398","1.6435","1.6269","","-0.45%"
"04/19/2022","1.6396","1.6424","1.6444","1.6337","","-0.09%"
"04/18/2022","1.6410","1.6473","1.6487","1.6402","","-0.35%"
"04/15/2022","1.6467","1.6465","1.6500","1.6443","","0.05%"
"04/14/2022","1.6459","1.6487","1.6508","1.6394","","-0.13%"
"04/13/2022","1.6480","1.6435","1.6498","1.6399","","0.29%"
"04/12/2022","1.6432","1.6458","1.6481","1.6407","","-0.13%"
"04/11/2022","1.6453","1.6383","1.6470","1.6368","","0.46%"
"04/08/2022","1.6377","1.6465","1.6478","1.6369","","-0.49%"
"04/07/2022","1.6458","1.6391","1.6475","1.6377","","0.45%"
"04/06/2022","1.6385","1.6338","1.6400","1.6313","","0.43%"
"04/05/2022","1.6315","1.6372","1.6393","1.6292","","-0.35%"
"04/04/2022","1.6373","1.6419","1.6426","1.6347","","-0.25%"
"04/01/2022","1.6414","1.6423","1.6452","1.6358","","-0.01%"
"03/31/2022","1.6416","1.6396","1.6461","1.6386","","0.15%"
"03/30/2022","1.6391","1.6362","1.6449","1.6351","","0.16%"
"03/29/2022","1.6365","1.6383","1.6469","1.6313","","-0.07%"
"03/28/2022","1.6376","1.6461","1.6473","1.6363","","-0.40%"
"03/25/2022","1.6441","1.6519","1.6570","1.6438","","-0.42%"
"03/24/2022","1.6510","1.6587","1.6607","1.6504","","-0.43%"
"03/23/2022","1.6582","1.6670","1.6727","1.6561","","-0.50%"
"03/22/2022","1.6665","1.6586","1.6722","1.6516","","0.53%"
"03/21/2022","1.6577","1.6615","1.6635","1.6549","","-0.16%"
"03/18/2022","1.6604","1.6603","1.6653","1.6535","","0.04%"
"03/17/2022","1.6597","1.6670","1.6729","1.6579","","-0.40%"
"03/16/2022","1.6663","1.6648","1.6724","1.6593","","0.14%"
"03/15/2022","1.6640","1.6674","1.6793","1.6641","","-0.17%"
"03/14/2022","1.6669","1.6616","1.6704","1.6590","","0.34%"
"03/11/2022","1.6612","1.6713","1.6754","1.6565","","-0.54%"
"03/10/2022","1.6703","1.6886","1.6903","1.6699","","-1.01%"
"03/09/2022","1.6874","1.6880","1.6918","1.6846","","-0.02%"
"03/08/2022","1.6877","1.6800","1.6926","1.6777","","0.49%"
"03/07/2022","1.6794","1.6841","1.6876","1.6713","","-0.24%"
"03/04/2022","1.6835","1.6924","1.6956","1.6826","","-0.52%"
"03/03/2022","1.6923","1.6933","1.6947","1.6854","","-0.01%"
"03/02/2022","1.6925","1.6981","1.6987","1.6885","","-0.28%"
"03/01/2022","1.6973","1.7016","1.7023","1.6902","","-0.21%"
"02/28/2022","1.7009","1.7037","1.7112","1.6982","","-0.13%"
"02/25/2022","1.7031","1.7143","1.7182","1.7024","","-0.60%"
"02/24/2022","1.7133","1.7246","1.7273","1.7083","","-0.62%"
"02/23/2022","1.7240","1.7347","1.7362","1.7226","","-0.59%"
"02/22/2022","1.7343","1.7340","1.7365","1.7229","","0.02%"
"02/21/2022","1.7339","1.7332","1.7384","1.7323","","0.08%"
"02/18/2022","1.7326","1.7298","1.7356","1.7267","","0.19%"
"02/17/2022","1.7293","1.7237","1.7325","1.7227","","0.39%"
"02/16/2022","1.7225","1.7219","1.7256","1.7154","","0.10%"
"02/15/2022","1.7207","1.7220","1.7276","1.7207","","-0.05%"
"02/14/2022","1.7216","1.7275","1.7287","1.7203","","-0.31%"
"02/11/2022","1.7270","1.7240","1.7287","1.7215","","0.17%"
"02/10/2022","1.7241","1.7151","1.7272","1.7142","","0.56%"
"02/09/2022","1.7145","1.7216","1.7245","1.7139","","-0.39%"
"02/08/2022","1.7212","1.7148","1.7244","1.7134","","0.40%"
"02/07/2022","1.7144","1.7273","1.7275","1.7129","","-0.72%"
"02/04/2022","1.7268","1.7239","1.7304","1.7216","","0.20%"
"02/03/2022","1.7234","1.7201","1.7313","1.7181","","0.20%"
"02/02/2022","1.7199","1.7156","1.7237","1.7143","","0.28%"
"02/01/2022","1.7151","1.7087","1.7173","1.7054","","0.40%"
"01/31/2022","1.7082","1.7110","1.7149","1.7037","","-0.13%"
"01/28/2022","1.7105","1.7051","1.7153","1.7033","","0.31%"
"01/27/2022","1.7052","1.7056","1.7090","1.6946","","0.01%"
"01/26/2022","1.7051","1.7057","1.7072","1.6961","","0.04%"
"01/25/2022","1.7045","1.7043","1.7065","1.6991","","0.05%"
"01/24/2022","1.7037","1.7058","1.7083","1.7001","","-0.09%"
"01/21/2022","1.7052","1.7005","1.7068","1.6962","","0.33%"
"01/20/2022","1.6996","1.7029","1.7054","1.6970","","-0.17%"
"01/19/2022","1.7025","1.7013","1.7071","1.6978","","0.09%"
"01/18/2022","1.7009","1.7088","1.7091","1.6986","","-0.43%"
"01/17/2022","1.7082","1.7170","1.7171","1.7064","","-0.48%"
"01/14/2022","1.7164","1.7162","1.7192","1.7122","","0.03%"
"01/13/2022","1.7159","1.7137","1.7171","1.7102","","0.13%"
"01/12/2022","1.7136","1.7144","1.7155","1.7077","","-0.01%"
"01/11/2022","1.7138","1.7215","1.7226","1.7117","","-0.44%"
"01/10/2022","1.7213","1.7182","1.7227","1.7135","","0.21%"
"01/07/2022","1.7177","1.7230","1.7248","1.7166","","-0.26%"
"01/06/2022","1.7221","1.7293","1.7317","1.7196","","-0.38%"
"01/05/2022","1.7287","1.7199","1.7304","1.7175","","0.57%"
"01/04/2022","1.7189","1.7173","1.7228","1.7133","","0.15%"
"01/03/2022","1.7163","1.7095","1.7200","1.7077","","0.41%"
"12/31/2021","1.7093","1.7196","1.7218","1.7081","","-0.56%"
"12/30/2021","1.7190","1.7253","1.7294","1.7191","","-0.33%"
"12/29/2021","1.7247","1.7231","1.7289","1.7190","","0.13%"
"12/28/2021","1.7225","1.7185","1.7234","1.7174","","0.24%"
"12/27/2021","1.7183","1.7152","1.7236","1.7138","","0.22%"
"12/24/2021","1.7146","1.7173","1.7215","1.7140","","-0.16%"
"12/23/2021","1.7174","1.7138","1.7235","1.7130","","0.26%"
"12/22/2021","1.7129","1.7139","1.7221","1.7100","","0.02%"
"12/21/2021","1.7125","1.7091","1.7157","1.7059","","0.20%"
"12/20/2021","1.7091","1.7073","1.7146","1.7025","","0.15%"
"12/17/2021","1.7066","1.7016","1.7081","1.6999","","0.34%"
"12/16/2021","1.7008","1.7025","1.7099","1.6939","","-0.05%"
"12/15/2021","1.7016","1.7028","1.7091","1.6995","","-0.05%"
"12/14/2021","1.7025","1.6926","1.7031","1.6892","","0.61%"
"12/13/2021","1.6922","1.6890","1.6973","1.6833","","0.26%"
"12/10/2021","1.6878","1.6807","1.6893","1.6755","","0.43%"
"12/09/2021","1.6805","1.6708","1.6815","1.6694","","0.56%"
"12/08/2021","1.6711","1.6739","1.6776","1.6643","","-0.14%"
"12/07/2021","1.6735","1.6918","1.6934","1.6719","","-1.08%"
"12/06/2021","1.6917","1.6975","1.7007","1.6909","","-0.44%"
"12/03/2021","1.6991","1.7040","1.7063","1.6892","","-0.30%"
"12/02/2021","1.7042","1.7021","1.7096","1.6968","","0.14%"
"12/01/2021","1.7018","1.6994","1.7043","1.6939","","0.19%"
"11/30/2021","1.6986","1.6963","1.7118","1.6918","","0.17%"
"11/29/2021","1.6958","1.7069","1.7069","1.6947","","-0.55%"
"11/26/2021","1.7051","1.6853","1.7103","1.6843","","1.25%"
"11/25/2021","1.6840","1.6884","1.6899","1.6837","","-0.21%"
"11/24/2021","1.6876","1.6946","1.6984","1.6863","","-0.36%"
"11/23/2021","1.6937","1.7017","1.7052","1.6934","","-0.43%"
"11/22/2021","1.7010","1.6999","1.7026","1.6958","","0.05%"
"11/19/2021","1.7001","1.7000","1.7030","1.6940","","0.02%"
"11/18/2021","1.6998","1.7002","1.7052","1.6973","","0.04%"
"11/17/2021","1.6992","1.6872","1.7026","1.6848","","0.76%"
"11/16/2021","1.6864","1.6793","1.6883","1.6770","","0.43%"
"11/15/2021","1.6791","1.6837","1.6860","1.6773","","-0.19%"
"11/12/2021","1.6823","1.6822","1.6885","1.6807","","0.04%"
"11/11/2021","1.6817","1.6745","1.6874","1.6722","","0.48%"
"11/10/2021","1.6737","1.6864","1.6878","1.6736","","-0.71%"
"11/09/2021","1.6856","1.6873","1.6919","1.6855","","-0.08%"
"11/08/2021","1.6869","1.6821","1.6913","1.6759","","0.38%"
"11/05/2021","1.6805","1.6811","1.6843","1.6730","","-0.03%"
"11/04/2021","1.6810","1.6959","1.6973","1.6790","","-0.84%"
"11/03/2021","1.6953","1.6894","1.6993","1.6885","","0.35%"
"11/02/2021","1.6894","1.6914","1.6947","1.6873","","-0.02%"
"11/01/2021","1.6897","1.6958","1.6958","1.6878","","-0.37%"
"10/29/2021","1.6959","1.7023","1.7057","1.6933","","-0.33%"
"10/28/2021","1.7016","1.6990","1.7054","1.6962","","0.20%"
"10/27/2021","1.6982","1.7057","1.7083","1.6904","","-0.42%"
"10/26/2021","1.7053","1.7048","1.7091","1.7024","","0.04%"
"10/25/2021","1.7046","1.7020","1.7065","1.6995","","0.24%"
"10/22/2021","1.7006","1.7055","1.7072","1.6984","","-0.26%"
"10/21/2021","1.7051","1.7033","1.7073","1.6994","","0.12%"
"10/20/2021","1.7030","1.7054","1.7071","1.6969","","-0.10%"
"10/19/2021","1.7047","1.6990","1.7089","1.6968","","0.38%"
"10/18/2021","1.6983","1.7012","1.7045","1.6955","","-0.13%"
"10/15/2021","1.7005","1.6913","1.7060","1.6890","","0.57%"
"10/14/2021","1.6909","1.6994","1.7010","1.6906","","-0.49%"
"10/13/2021","1.6993","1.6940","1.7005","1.6925","","0.35%"
"10/12/2021","1.6934","1.6973","1.6994","1.6909","","-0.21%"
"10/11/2021","1.6969","1.6983","1.7042","1.6956","","-0.02%"
"10/08/2021","1.6972","1.7087","1.7103","1.6967","","-0.66%"
"10/07/2021","1.7084","1.7097","1.7129","1.7069","","-0.05%"
"10/06/2021","1.7093","1.7151","1.7165","1.7086","","-0.31%"
"10/05/2021","1.7147","1.7135","1.7174","1.7097","","0.09%"
"10/04/2021","1.7131","1.7138","1.7163","1.7085","","0.01%"
"10/01/2021","1.7130","1.7084","1.7199","1.7072","","0.29%"
"09/30/2021","1.7080","1.7127","1.7194","1.7047","","-0.22%"
"09/29/2021","1.7118","1.7173","1.7194","1.7082","","-0.29%"
"09/28/2021","1.7168","1.7299","1.7318","1.7131","","-0.72%"
"09/27/2021","1.7293","1.7312","1.7372","1.7239","","-0.03%"
"09/24/2021","1.7299","1.7357","1.7418","1.7281","","-0.34%"
"09/23/2021","1.7358","1.7405","1.7427","1.7282","","-0.24%"
"09/22/2021","1.7399","1.7506","1.7533","1.7362","","-0.60%"
"09/21/2021","1.7504","1.7521","1.7539","1.7426","","-0.03%"
"09/20/2021","1.7510","1.7539","1.7605","1.7480","","-0.19%"
"09/17/2021","1.7543","1.7485","1.7559","1.7433","","0.33%"
"09/16/2021","1.7485","1.7486","1.7503","1.7429","","0.03%"
"09/15/2021","1.7479","1.7530","1.7561","1.7468","","-0.28%"
"09/14/2021","1.7528","1.7507","1.7574","1.7493","","0.14%"
"09/13/2021","1.7504","1.7559","1.7567","1.7492","","-0.32%"
"09/10/2021","1.7560","1.7523","1.7569","1.7449","","0.24%"
"09/09/2021","1.7518","1.7476","1.7570","1.7466","","0.27%"
"09/08/2021","1.7470","1.7429","1.7531","1.7399","","0.24%"
"09/07/2021","1.7428","1.7347","1.7443","1.7329","","0.48%"
"09/06/2021","1.7344","1.7369","1.7383","1.7316","","-0.13%"
"09/03/2021","1.7367","1.7365","1.7388","1.7306","","0.06%"
"09/02/2021","1.7357","1.7383","1.7421","1.7346","","-0.07%"
"09/01/2021","1.7370","1.7351","1.7412","1.7303","","0.12%"
"08/31/2021","1.7349","1.7343","1.7425","1.7308","","0.07%"
"08/30/2021","1.7336","1.7363","1.7395","1.7288","","-0.20%"
"08/27/2021","1.7370","1.7375","1.7438","1.7344","","-0.02%"
"08/26/2021","1.7373","1.7328","1.7385","1.7303","","0.30%"
"08/25/2021","1.7321","1.7284","1.7355","1.7276","","0.23%"
"08/24/2021","1.7281","1.7348","1.7384","1.7272","","-0.37%"
"08/23/2021","1.7345","1.7479","1.7492","1.7343","","-0.68%"
"08/20/2021","1.7463","1.7501","1.7630","1.7462","","-0.17%"
"08/19/2021","1.7492","1.7413","1.7514","1.7395","","0.49%"
"08/18/2021","1.7407","1.7358","1.7420","1.7315","","0.32%"
"08/17/2021","1.7351","1.7415","1.7435","1.7331","","-0.35%"
"08/16/2021","1.7412","1.7356","1.7438","1.7317","","0.37%"
"08/13/2021","1.7347","1.7295","1.7369","1.7259","","0.32%"
"08/12/2021","1.7291","1.7352","1.7370","1.7270","","-0.30%"
"08/11/2021","1.7343","1.7340","1.7361","1.7300","","0.08%"
"08/10/2021","1.7330","1.7410","1.7440","1.7320","","-0.44%"
"08/09/2021","1.7407","1.7423","1.7454","1.7384","","-0.02%"
"08/06/2021","1.7411","1.7425","1.7456","1.7386","","-0.05%"
"08/05/2021","1.7420","1.7411","1.7453","1.7371","","0.03%"
"08/04/2021","1.7415","1.7448","1.7511","1.7408","","-0.16%"
"08/03/2021","1.7443","1.7371","1.7475","1.7352","","0.45%"
"08/02/2021","1.7364","1.7341","1.7386","1.7307","","0.17%"
"07/30/2021","1.7335","1.7377","1.7400","1.7315","","-0.22%"
"07/29/2021","1.7373","1.7417","1.7440","1.7359","","-0.21%"
"07/28/2021","1.7410","1.7493","1.7503","1.7401","","-0.41%"
"07/27/2021","1.7481","1.7331","1.7498","1.7315","","0.90%"
"07/26/2021","1.7325","1.7280","1.7364","1.7269","","0.38%"
"07/23/2021","1.7260","1.7300","1.7335","1.7243","","-0.19%"
"07/22/2021","1.7292","1.7223","1.7345","1.7211","","0.48%"
"07/21/2021","1.7209","1.7280","1.7321","1.7145","","-0.38%"
"07/20/2021","1.7274","1.7440","1.7456","1.7268","","-0.89%"
"07/19/2021","1.7429","1.7369","1.7570","1.7353","","0.41%"
"07/16/2021","1.7358","1.7416","1.7427","1.7330","","-0.31%"
"07/15/2021","1.7412","1.7336","1.7431","1.7294","","0.48%"
"07/14/2021","1.7328","1.7290","1.7376","1.7257","","0.30%"
"07/13/2021","1.7277","1.7291","1.7353","1.7235","","-0.03%"
"07/12/2021","1.7282","1.7298","1.7357","1.7279","","-0.10%"
"07/09/2021","1.7299","1.7283","1.7334","1.7240","","0.14%"
"07/08/2021","1.7275","1.7224","1.7343","1.7214","","0.32%"
"07/07/2021","1.7220","1.7198","1.7254","1.7145","","0.15%"
"07/06/2021","1.7195","1.7084","1.7251","1.7074","","0.66%"
"07/05/2021","1.7082","1.7029","1.7130","1.7016","","0.33%"
"07/02/2021","1.7026","1.7125","1.7134","1.7021","","-0.54%"
"07/01/2021","1.7119","1.7143","1.7164","1.7060","","-0.11%"
"06/30/2021","1.7137","1.7160","1.7195","1.7085","","-0.10%"
"06/29/2021","1.7154","1.7130","1.7174","1.7092","","0.17%"
"06/28/2021","1.7125","1.7070","1.7170","1.7063","","0.38%"
"06/25/2021","1.7060","1.7159","1.7169","1.7062","","-0.55%"
"06/24/2021","1.7155","1.7189","1.7202","1.7076","","-0.13%"
"06/23/2021","1.7177","1.7167","1.7216","1.7139","","0.09%"
"06/22/2021","1.7162","1.7221","1.7244","1.7155","","-0.31%"
"06/21/2021","1.7215","1.7216","1.7264","1.7180","","0.03%"
"06/18/2021","1.7209","1.7210","1.7226","1.7139","","0.02%"
"06/17/2021","1.7205","1.7174","1.7225","1.7153","","0.20%"
"06/16/2021","1.7170","1.7162","1.7209","1.7141","","0.08%"
"06/15/2021","1.7157","1.7135","1.7181","1.7105","","0.15%"
"06/14/2021","1.7131","1.7154","1.7177","1.7109","","-0.09%"
"06/11/2021","1.7146","1.7144","1.7176","1.7106","","0.03%"
"06/10/2021","1.7141","1.7102","1.7155","1.7052","","0.27%"
"06/09/2021","1.7095","1.7149","1.7168","1.7048","","-0.27%"
"06/08/2021","1.7142","1.7135","1.7156","1.7069","","0.09%"
"06/07/2021","1.7126","1.7086","1.7148","1.7069","","0.15%"
"06/04/2021","1.7101","1.7073","1.7165","1.7064","","0.19%"
"06/03/2021","1.7069","1.7054","1.7131","1.7041","","0.13%"
"06/02/2021","1.7047","1.7080","1.7108","1.7041","","-0.16%"
"06/01/2021","1.7074","1.7146","1.7174","1.7012","","-0.38%"
"05/31/2021","1.7139","1.7118","1.7179","1.7090","","0.10%"
"05/28/2021","1.7122","1.7142","1.7172","1.7071","","-0.08%"
"05/27/2021","1.7136","1.7114","1.7159","1.7076","","0.17%"
"05/26/2021","1.7107","1.7084","1.7147","1.7038","","0.22%"
"05/25/2021","1.7069","1.7046","1.7103","1.7023","","0.16%"
"05/24/2021","1.7041","1.7076","1.7106","1.7027","","-0.17%"
"05/21/2021","1.7070","1.7116","1.7158","1.7055","","-0.23%"
"05/20/2021","1.7109","1.7118","1.7144","1.7068","","-0.06%"
"05/19/2021","1.7120","1.7119","1.7157","1.7068","","0.04%"
"05/18/2021","1.7113","1.7054","1.7138","1.7047","","0.35%"
"05/17/2021","1.7054","1.7046","1.7103","1.7027","","-0.03%"
"05/14/2021","1.7059","1.7086","1.7106","1.7028","","-0.15%"
"05/13/2021","1.7085","1.7052","1.7110","1.7003","","0.23%"
"05/12/2021","1.7046","1.7115","1.7125","1.7008","","-0.37%"
"05/11/2021","1.7109","1.7081","1.7152","1.7065","","0.16%"
"05/10/2021","1.7081","1.6975","1.7138","1.6950","","0.78%"
"05/07/2021","1.6948","1.6869","1.7017","1.6869","","0.47%"
"05/06/2021","1.6869","1.7059","1.7077","1.6869","","-1.07%"
"05/05/2021","1.7051","1.7095","1.7118","1.7036","","-0.23%"
"05/04/2021","1.7091","1.7079","1.7125","1.7034","","0.09%"
"05/03/2021","1.7075","1.6993","1.7110","1.6962","","0.58%"
"04/30/2021","1.6976","1.7122","1.7136","1.6949","","-0.82%"
"04/29/2021","1.7117","1.7164","1.7193","1.7113","","-0.21%"
"04/28/2021","1.7153","1.7247","1.7265","1.7145","","-0.53%"
"04/27/2021","1.7244","1.7228","1.7279","1.7202","","0.11%"
"04/26/2021","1.7225","1.7320","1.7364","1.7198","","-0.48%"
"04/23/2021","1.7308","1.7309","1.7356","1.7283","","0.04%"
"04/22/2021","1.7301","1.7410","1.7434","1.7267","","-0.58%"
"04/21/2021","1.7402","1.7574","1.7589","1.7356","","-0.95%"
"04/20/2021","1.7569","1.7531","1.7594","1.7458","","0.25%"
"04/19/2021","1.7525","1.7276","1.7547","1.7276","","1.34%"
"04/16/2021","1.7293","1.7283","1.7317","1.7172","","0.06%"
"04/15/2021","1.7283","1.7256","1.7310","1.7193","","0.19%"
"04/14/2021","1.7251","1.7236","1.7328","1.7225","","0.13%"
"04/13/2021","1.7229","1.7262","1.7338","1.7216","","-0.17%"
"04/12/2021","1.7259","1.7196","1.7277","1.7167","","0.49%"
"04/09/2021","1.7175","1.7254","1.7281","1.7162","","-0.44%"
"04/08/2021","1.7251","1.7317","1.7361","1.7242","","-0.36%"
"04/07/2021","1.7314","1.7371","1.7433","1.7314","","-0.30%"
"04/06/2021","1.7366","1.7410","1.7449","1.7329","","-0.20%"
"04/05/2021","1.7400","1.7388","1.7431","1.7370","","0.03%"
"04/02/2021","1.7395","1.7357","1.7408","1.7334","","0.26%"
"04/01/2021","1.7350","1.7314","1.7396","1.7298","","0.27%"
"03/31/2021","1.7304","1.7359","1.7382","1.7298","","-0.31%"
"03/30/2021","1.7358","1.7328","1.7368","1.7309","","0.22%"
"03/29/2021","1.7320","1.7349","1.7451","1.7320","","-0.08%"
"03/26/2021","1.7333","1.7320","1.7384","1.7280","","0.10%"
"03/25/2021","1.7316","1.7215","1.7342","1.7175","","0.64%"
"03/24/2021","1.7206","1.7307","1.7319","1.7194","","-0.58%"
"03/23/2021","1.7306","1.7356","1.7381","1.7250","","-0.29%"
"03/22/2021","1.7356","1.7340","1.7370","1.7269","","0.13%"
"03/19/2021","1.7333","1.7387","1.7414","1.7318","","-0.26%"
"03/18/2021","1.7378","1.7324","1.7438","1.7278","","0.37%"
"03/17/2021","1.7314","1.7289","1.7356","1.7276","","0.14%"
"03/16/2021","1.7289","1.7329","1.7354","1.7232","","-0.19%"
"03/15/2021","1.7322","1.7354","1.7388","1.7305","","-0.23%"
"03/12/2021","1.7362","1.7526","1.7546","1.7340","","-0.92%"
"03/11/2021","1.7524","1.7577","1.7598","1.7514","","-0.26%"
"03/10/2021","1.7570","1.7559","1.7608","1.7528","","0.10%"
"03/09/2021","1.7552","1.7508","1.7594","1.7473","","0.29%"
"03/08/2021","1.7501","1.7522","1.7569","1.7476","","-0.09%"
"03/05/2021","1.7516","1.7600","1.7621","1.7480","","-0.46%"
"03/04/2021","1.7597","1.7660","1.7684","1.7571","","-0.33%"
"03/03/2021","1.7655","1.7630","1.7673","1.7599","","0.18%"
"03/02/2021","1.7624","1.7610","1.7652","1.7558","","0.13%"
"03/01/2021","1.7601","1.7754","1.7781","1.7599","","-0.83%"
"02/26/2021","1.7748","1.7661","1.7767","1.7548","","0.53%"
"02/25/2021","1.7655","1.7694","1.7717","1.7616","","-0.19%"
"02/24/2021","1.7688","1.7763","1.7883","1.7666","","-0.41%"
"02/23/2021","1.7760","1.7739","1.7788","1.7706","","0.14%"
"02/22/2021","1.7735","1.7691","1.7756","1.7649","","0.36%"
"02/19/2021","1.7672","1.7720","1.7748","1.7652","","-0.22%"
"02/18/2021","1.7711","1.7602","1.7754","1.7579","","0.68%"
"02/17/2021","1.7591","1.7646","1.7660","1.7588","","-0.25%"
"02/16/2021","1.7635","1.7574","1.7671","1.7570","","0.36%"
"02/15/2021","1.7571","1.7574","1.7631","1.7559","","0.01%"
"02/12/2021","1.7570","1.7555","1.7618","1.7533","","0.13%"
"02/11/2021","1.7548","1.7566","1.7583","1.7506","","-0.07%"
"02/10/2021","1.7560","1.7538","1.7598","1.7524","","0.15%"
"02/09/2021","1.7534","1.7504","1.7596","1.7496","","0.20%"
"02/08/2021","1.7499","1.7509","1.7538","1.7474","","-0.07%"
"02/05/2021","1.7511","1.7539","1.7571","1.7497","","-0.12%"
"02/04/2021","1.7532","1.7447","1.7554","1.7346","","0.52%"
"02/03/2021","1.7441","1.7466","1.7489","1.7414","","-0.13%"
"02/02/2021","1.7464","1.7560","1.7578","1.7463","","-0.51%"
"02/01/2021","1.7553","1.7523","1.7580","1.7501","","0.29%"
"01/29/2021","1.7503","1.7604","1.7649","1.7475","","-0.55%"
"01/28/2021","1.7599","1.7521","1.7616","1.7505","","0.49%"
"01/27/2021","1.7513","1.7436","1.7546","1.7424","","0.45%"
"01/26/2021","1.7435","1.7421","1.7468","1.7378","","0.10%"
"01/25/2021","1.7418","1.7414","1.7450","1.7366","","-0.05%"
"01/22/2021","1.7427","1.7355","1.7438","1.7318","","0.46%"
"01/21/2021","1.7348","1.7256","1.7368","1.7239","","0.61%"
"01/20/2021","1.7242","1.7362","1.7421","1.7196","","-0.65%"
"01/19/2021","1.7355","1.7331","1.7378","1.7298","","0.17%"
"01/18/2021","1.7326","1.7304","1.7352","1.7291","","0.16%"
"01/15/2021","1.7298","1.7298","1.7343","1.7271","","0.02%"
"01/14/2021","1.7294","1.7318","1.7346","1.7271","","-0.10%"
"01/13/2021","1.7311","1.7371","1.7439","1.7282","","-0.32%"
"01/12/2021","1.7367","1.7280","1.7403","1.7256","","0.52%"
"01/11/2021","1.7278","1.7216","1.7301","1.7195","","0.44%"
"01/08/2021","1.7202","1.7216","1.7277","1.7185","","-0.03%"
"01/07/2021","1.7207","1.7250","1.7306","1.7184","","-0.23%"
"01/06/2021","1.7246","1.7263","1.7316","1.7192","","-0.05%"
"01/05/2021","1.7254","1.7344","1.7366","1.7244","","-0.48%"
"01/04/2021","1.7337","1.7390","1.7416","1.7242","","-0.36%"
"01/01/2021","1.7399","1.7410","1.7421","1.7399","","-0.04%"
"12/31/2020","1.7406","1.7386","1.7448","1.7346","","0.16%"
"12/30/2020","1.7379","1.7308","1.7413","1.7292","","0.44%"
"12/29/2020","1.7303","1.7279","1.7332","1.7254","","0.16%"
"12/28/2020","1.7275","1.7442","1.7463","1.7253","","-0.92%"
"12/25/2020","1.7435","1.7448","1.7484","1.7426","","-0.04%"
"12/24/2020","1.7442","1.7338","1.7487","1.7330","","0.65%"
"12/23/2020","1.7330","1.7248","1.7440","1.7233","","0.50%"
"12/22/2020","1.7244","1.7311","1.7319","1.7202","","-0.35%"
"12/21/2020","1.7305","1.7272","1.7321","1.7048","","0.13%"
"12/18/2020","1.7283","1.7284","1.7306","1.7190","","0.05%"
"12/17/2020","1.7275","1.7217","1.7341","1.7194","","0.37%"
"12/16/2020","1.7212","1.7093","1.7295","1.7062","","0.71%"
"12/15/2020","1.7091","1.7010","1.7135","1.6944","","0.54%"
"12/14/2020","1.6999","1.6892","1.7136","1.6892","","0.68%"
"12/11/2020","1.6884","1.6938","1.6968","1.6768","","-0.28%"
"12/10/2020","1.6931","1.7172","1.7196","1.6866","","-1.37%"
"12/09/2020","1.7166","1.7117","1.7225","1.7086","","0.32%"
"12/08/2020","1.7111","1.7122","1.7148","1.7006","","-0.03%"
"12/07/2020","1.7116","1.7197","1.7197","1.6963","","-0.33%"
"12/04/2020","1.7172","1.7295","1.7360","1.7143","","-0.68%"
"12/03/2020","1.7290","1.7267","1.7404","1.7250","","0.17%"
"12/02/2020","1.7261","1.7352","1.7380","1.7195","","-0.50%"
"12/01/2020","1.7348","1.7325","1.7412","1.7268","","0.18%"
"11/30/2020","1.7317","1.7293","1.7352","1.7253","","0.13%"
"11/27/2020","1.7295","1.7384","1.7409","1.7252","","-0.48%"
"11/26/2020","1.7379","1.7408","1.7419","1.7327","","-0.10%"
"11/25/2020","1.7397","1.7364","1.7421","1.7316","","0.18%"
"11/24/2020","1.7365","1.7428","1.7439","1.7353","","-0.33%"
"11/23/2020","1.7422","1.7376","1.7501","1.7372","","0.16%"
"11/20/2020","1.7394","1.7337","1.7410","1.7306","","0.35%"
"11/19/2020","1.7333","1.7368","1.7383","1.7282","","-0.14%"
"11/18/2020","1.7357","1.7356","1.7417","1.7309","","0.05%"
"11/17/2020","1.7348","1.7255","1.7389","1.7242","","0.61%"
"11/16/2020","1.7243","1.7324","1.7354","1.7209","","-0.42%"
"11/13/2020","1.7315","1.7239","1.7363","1.7225","","0.49%"
"11/12/2020","1.7230","1.7269","1.7305","1.7186","","-0.23%"
"11/11/2020","1.7269","1.7296","1.7351","1.7222","","-0.10%"
"11/10/2020","1.7287","1.7122","1.7311","1.7104","","0.99%"
"11/09/2020","1.7118","1.7183","1.7207","1.7023","","-0.33%"
"11/06/2020","1.7175","1.7149","1.7200","1.7105","","0.18%"
"11/05/2020","1.7144","1.7068","1.7171","1.6981","","0.47%"
"11/04/2020","1.7064","1.7151","1.7230","1.7023","","-0.47%"
"11/03/2020","1.7145","1.7075","1.7188","1.7056","","0.46%"
"11/02/2020","1.7067","1.7245","1.7285","1.7062","","-0.97%"
"10/30/2020","1.7234","1.7224","1.7289","1.7183","","0.08%"
"10/29/2020","1.7221","1.7306","1.7355","1.7205","","-0.43%"
"10/28/2020","1.7295","1.7201","1.7328","1.7150","","0.58%"
"10/27/2020","1.7196","1.7203","1.7216","1.7146","","-0.02%"
"10/26/2020","1.7199","1.7123","1.7226","1.7114","","0.52%"
"10/23/2020","1.7110","1.7183","1.7223","1.7107","","-0.39%"
"10/22/2020","1.7177","1.7289","1.7311","1.7169","","-0.61%"
"10/21/2020","1.7282","1.6992","1.7291","1.6979","","1.71%"
"10/20/2020","1.6992","1.7089","1.7115","1.6956","","-0.52%"
"10/19/2020","1.7080","1.7049","1.7151","1.7006","","0.32%"
"10/16/2020","1.7026","1.7076","1.7120","1.6985","","-0.26%"
"10/15/2020","1.7070","1.7104","1.7138","1.7038","","-0.19%"
"10/14/2020","1.7103","1.6995","1.7166","1.6903","","0.66%"
"10/13/2020","1.6991","1.7131","1.7152","1.6976","","-0.79%"
"10/12/2020","1.7126","1.7133","1.7150","1.7079","","0.07%"
"10/09/2020","1.7114","1.7070","1.7132","1.7013","","0.29%"
"10/08/2020","1.7064","1.7126","1.7183","1.7062","","-0.33%"
"10/07/2020","1.7120","1.7141","1.7195","1.7060","","-0.09%"
"10/06/2020","1.7135","1.7220","1.7251","1.7126","","-0.46%"
"10/05/2020","1.7214","1.7211","1.7239","1.7128","","-0.01%"
"10/02/2020","1.7215","1.7133","1.7249","1.7089","","0.52%"
"10/01/2020","1.7126","1.7204","1.7254","1.7043","","-0.44%"
"09/30/2020","1.7202","1.7223","1.7298","1.7155","","-0.09%"
"09/29/2020","1.7217","1.7160","1.7271","1.7154","","0.33%"
"09/28/2020","1.7160","1.7064","1.7276","1.7061","","0.60%"
"09/25/2020","1.7058","1.7045","1.7089","1.6988","","0.14%"
"09/24/2020","1.7035","1.7034","1.7121","1.7004","","0.04%"
"09/23/2020","1.7028","1.6940","1.7066","1.6901","","0.58%"
"09/22/2020","1.6930","1.7056","1.7108","1.6920","","-0.70%"
"09/21/2020","1.7050","1.7067","1.7106","1.6974","","-0.02%"
"09/18/2020","1.7053","1.7081","1.7122","1.7032","","-0.11%"
"09/17/2020","1.7072","1.7086","1.7161","1.6978","","-0.06%"
"09/16/2020","1.7083","1.6992","1.7140","1.6965","","0.58%"
"09/15/2020","1.6985","1.6927","1.7014","1.6880","","0.37%"
"09/14/2020","1.6923","1.6881","1.7012","1.6843","","0.42%"
"09/11/2020","1.6853","1.6886","1.6937","1.6807","","-0.20%"
"09/10/2020","1.6887","1.7089","1.7157","1.6849","","-1.15%"
"09/09/2020","1.7083","1.7183","1.7201","1.7038","","-0.55%"
"09/08/2020","1.7178","1.7249","1.7266","1.7131","","-0.37%"
"09/07/2020","1.7242","1.7332","1.7348","1.7203","","-0.59%"
"09/04/2020","1.7345","1.7434","1.7443","1.7294","","-0.48%"
"09/03/2020","1.7429","1.7419","1.7450","1.7350","","0.11%"
"09/02/2020","1.7410","1.7484","1.7513","1.7361","","-0.38%"
"09/01/2020","1.7477","1.7439","1.7565","1.7405","","0.21%"
"08/31/2020","1.7440","1.7461","1.7497","1.7376","","-0.25%"
"08/28/2020","1.7483","1.7327","1.7503","1.7309","","0.94%"
"08/27/2020","1.7321","1.7356","1.7416","1.7297","","-0.19%"
"08/26/2020","1.7354","1.7321","1.7382","1.7299","","0.20%"
"08/25/2020","1.7320","1.7274","1.7365","1.7252","","0.32%"
"08/24/2020","1.7264","1.7241","1.7305","1.7212","","0.13%"
"08/21/2020","1.7242","1.7424","1.7453","1.7239","","-1.00%"
"08/20/2020","1.7416","1.7312","1.7428","1.7271","","0.64%"
"08/19/2020","1.7306","1.7435","1.7454","1.7291","","-0.70%"
"08/18/2020","1.7428","1.7311","1.7459","1.7301","","0.66%"
"08/17/2020","1.7313","1.7363","1.7385","1.7275","","-0.25%"
"08/14/2020","1.7357","1.7267","1.7402","1.7254","","0.51%"
"08/13/2020","1.7269","1.7266","1.7343","1.7235","","0.05%"
"08/12/2020","1.7260","1.7363","1.7394","1.7247","","-0.54%"
"08/11/2020","1.7354","1.7451","1.7472","1.7341","","-0.54%"
"08/10/2020","1.7448","1.7463","1.7508","1.7427","","-0.10%"
"08/07/2020","1.7466","1.7501","1.7534","1.7415","","-0.13%"
"08/06/2020","1.7489","1.7397","1.7528","1.7391","","0.56%"
"08/05/2020","1.7392","1.7409","1.7457","1.7347","","-0.07%"
"08/04/2020","1.7404","1.7508","1.7531","1.7404","","-0.56%"
"08/03/2020","1.7502","1.7532","1.7594","1.7454","","-0.26%"
"07/31/2020","1.7548","1.7583","1.7679","1.7508","","-0.14%"
"07/30/2020","1.7573","1.7341","1.7613","1.7310","","1.37%"
"07/29/2020","1.7335","1.7301","1.7367","1.7263","","0.21%"
"07/28/2020","1.7298","1.7206","1.7349","1.7174","","0.56%"
"07/27/2020","1.7201","1.7145","1.7267","1.7144","","0.27%"
"07/24/2020","1.7154","1.7088","1.7184","1.7057","","0.43%"
"07/23/2020","1.7080","1.7085","1.7099","1.6976","","0.00%"
"07/22/2020","1.7080","1.7136","1.7140","1.7031","","-0.29%"
"07/21/2020","1.7129","1.7133","1.7163","1.7054","","-0.02%"
"07/20/2020","1.7133","1.7061","1.7153","1.7008","","0.44%"
"07/17/2020","1.7058","1.7036","1.7079","1.6983","","0.17%"
"07/16/2020","1.7029","1.7000","1.7091","1.6937","","0.21%"
"07/15/2020","1.6993","1.7089","1.7164","1.6988","","-0.51%"
"07/14/2020","1.7080","1.7088","1.7109","1.7003","","-0.01%"
"07/13/2020","1.7081","1.7144","1.7185","1.7073","","-0.41%"
"07/10/2020","1.7152","1.7125","1.7212","1.7102","","0.17%"
"07/09/2020","1.7123","1.7040","1.7152","1.7028","","0.51%"
"07/08/2020","1.7036","1.7062","1.7093","1.7017","","-0.12%"
"07/07/2020","1.7057","1.6912","1.7107","1.6897","","0.88%"
"07/06/2020","1.6908","1.6921","1.6962","1.6884","","0.00%"
"07/03/2020","1.6908","1.6911","1.6938","1.6873","","0.01%"
"07/02/2020","1.6906","1.6948","1.7030","1.6905","","-0.19%"
"07/01/2020","1.6939","1.6836","1.6971","1.6773","","0.65%"
"06/30/2020","1.6829","1.6798","1.6866","1.6767","","0.21%"
"06/29/2020","1.6793","1.6887","1.6918","1.6783","","-0.52%"
"06/26/2020","1.6881","1.6932","1.6962","1.6846","","-0.28%"
"06/25/2020","1.6928","1.6940","1.6991","1.6901","","-0.03%"
"06/24/2020","1.6933","1.6961","1.7008","1.6870","","-0.12%"
"06/23/2020","1.6954","1.6852","1.6975","1.6820","","0.64%"
"06/22/2020","1.6847","1.6805","1.6885","1.6787","","0.23%"
"06/19/2020","1.6808","1.6901","1.6930","1.6749","","-0.51%"
"06/18/2020","1.6895","1.7036","1.7059","1.6830","","-0.78%"
"06/17/2020","1.7027","1.7027","1.7044","1.6965","","-0.01%"
"06/16/2020","1.7028","1.7106","1.7179","1.7018","","-0.42%"
"06/15/2020","1.7100","1.7024","1.7150","1.7016","","0.39%"
"06/12/2020","1.7033","1.7170","1.7182","1.6990","","-0.77%"
"06/11/2020","1.7166","1.7096","1.7181","1.7049","","0.43%"
"06/10/2020","1.7092","1.7081","1.7143","1.7044","","0.12%"
"06/09/2020","1.7072","1.7029","1.7121","1.7003","","0.28%"
"06/08/2020","1.7025","1.7026","1.7070","1.6924","","0.15%"
"06/05/2020","1.6999","1.7020","1.7091","1.6957","","0.00%"
"06/04/2020","1.6999","1.6969","1.7050","1.6875","","0.20%"
"06/03/2020","1.6965","1.6964","1.7070","1.6956","","0.03%"
"06/02/2020","1.6960","1.6959","1.7013","1.6903","","0.04%"
"06/01/2020","1.6953","1.6992","1.7035","1.6933","","-0.25%"
"05/29/2020","1.6996","1.6957","1.7124","1.6904","","0.27%"
"05/28/2020","1.6951","1.6845","1.6995","1.6842","","0.64%"
"05/27/2020","1.6844","1.6990","1.7025","1.6840","","-0.85%"
"05/26/2020","1.6988","1.7047","1.7121","1.6972","","-0.28%"
"05/25/2020","1.7035","1.7049","1.7070","1.7020","","-0.01%"
"05/22/2020","1.7036","1.7056","1.7129","1.7010","","-0.09%"
"05/21/2020","1.7052","1.7016","1.7097","1.6968","","0.24%"
"05/20/2020","1.7012","1.7082","1.7107","1.6979","","-0.39%"
"05/19/2020","1.7079","1.6994","1.7091","1.6982","","0.52%"
"05/18/2020","1.6990","1.7042","1.7106","1.6990","","-0.50%"
"05/15/2020","1.7076","1.7182","1.7196","1.7049","","-0.58%"
"05/14/2020","1.7175","1.7247","1.7262","1.7151","","-0.39%"
"05/13/2020","1.7242","1.7260","1.7299","1.7167","","-0.09%"
"05/12/2020","1.7257","1.7284","1.7318","1.7206","","-0.05%"
"05/11/2020","1.7265","1.7278","1.7336","1.7201","","-0.07%"
"05/08/2020","1.7277","1.7274","1.7368","1.7227","","0.05%"
"05/07/2020","1.7268","1.7461","1.7505","1.7205","","-1.07%"
"05/06/2020","1.7454","1.7469","1.7511","1.7370","","-0.05%"
"05/05/2020","1.7462","1.7526","1.7544","1.7434","","-0.34%"
"05/04/2020","1.7522","1.7606","1.7625","1.7475","","-0.49%"
"05/01/2020","1.7609","1.7569","1.7708","1.7537","","0.31%"
"04/30/2020","1.7555","1.7307","1.7568","1.7259","","1.46%"
"04/29/2020","1.7303","1.7393","1.7416","1.7272","","-0.45%"
"04/28/2020","1.7381","1.7444","1.7494","1.7367","","-0.31%"
"04/27/2020","1.7435","1.7451","1.7515","1.7419","","-0.03%"
"04/24/2020","1.7440","1.7372","1.7452","1.7329","","0.35%"
"04/23/2020","1.7379","1.7467","1.7509","1.7330","","-0.47%"
"04/22/2020","1.7461","1.7470","1.7522","1.7399","","-0.02%"
"04/21/2020","1.7465","1.7597","1.7631","1.7384","","-0.73%"
"04/20/2020","1.7593","1.7517","1.7605","1.7462","","0.55%"
"04/17/2020","1.7496","1.7543","1.7598","1.7493","","-0.22%"
"04/16/2020","1.7535","1.7665","1.7686","1.7536","","-0.70%"
"04/15/2020","1.7659","1.7527","1.7701","1.7482","","0.78%"
"04/14/2020","1.7522","1.7396","1.7583","1.7360","","0.78%"
"04/13/2020","1.7387","1.7372","1.7503","1.7332","","0.08%"
"04/10/2020","1.7373","1.7410","1.7456","1.7375","","-0.17%"
"04/09/2020","1.7403","1.7360","1.7485","1.7346","","0.29%"
"04/08/2020","1.7353","1.7269","1.7451","1.7243","","0.59%"
"04/07/2020","1.7252","1.7258","1.7343","1.7176","","-0.01%"
"04/06/2020","1.7254","1.7409","1.7474","1.7242","","-0.90%"
"04/03/2020","1.7410","1.7522","1.7562","1.7261","","-0.61%"
"04/02/2020","1.7516","1.7565","1.7696","1.7452","","-0.27%"
"04/01/2020","1.7563","1.7462","1.7692","1.7442","","0.60%"
"03/31/2020","1.7458","1.7588","1.7800","1.7389","","-0.73%"
"03/30/2020","1.7587","1.7419","1.7618","1.7345","","1.02%"
"03/27/2020","1.7410","1.7104","1.7493","1.7038","","1.81%"
"03/26/2020","1.7101","1.6870","1.7190","1.6755","","1.45%"
"03/25/2020","1.6856","1.7009","1.7176","1.6693","","-0.84%"
"03/24/2020","1.6999","1.6744","1.7107","1.6693","","1.55%"
"03/23/2020","1.6740","1.6732","1.6927","1.6611","","0.13%"
"03/20/2020","1.6719","1.6670","1.7003","1.6544","","0.32%"
"03/19/2020","1.6665","1.6846","1.7036","1.6651","","-1.10%"
"03/18/2020","1.6850","1.7115","1.7266","1.6632","","-1.52%"
"03/17/2020","1.7110","1.7200","1.7226","1.6996","","-0.48%"
"03/16/2020","1.7192","1.6992","1.7219","1.6975","","1.45%"
"03/13/2020","1.6946","1.7512","1.7556","1.6927","","-3.17%"
"03/12/2020","1.7501","1.7661","1.7744","1.7260","","-0.91%"
"03/11/2020","1.7661","1.7710","1.7819","1.7601","","-0.28%"
"03/10/2020","1.7710","1.7992","1.8002","1.7683","","-1.56%"
"03/09/2020","1.7991","1.7563","1.8051","1.7563","","2.73%"
"03/06/2020","1.7513","1.7384","1.7532","1.7336","","0.74%"
"03/05/2020","1.7385","1.7230","1.7400","1.7219","","0.93%"
"03/04/2020","1.7225","1.7150","1.7257","1.7045","","0.46%"
"03/03/2020","1.7146","1.6990","1.7163","1.6976","","0.94%"
"03/02/2020","1.6986","1.7196","1.7236","1.6981","","-1.09%"
"02/28/2020","1.7174","1.7253","1.7380","1.7091","","-0.43%"
"02/27/2020","1.7249","1.7203","1.7265","1.7143","","0.28%"
"02/26/2020","1.7200","1.7272","1.7289","1.7147","","-0.38%"
"02/25/2020","1.7265","1.7191","1.7298","1.7165","","0.52%"
"02/24/2020","1.7176","1.7171","1.7205","1.7119","","0.13%"
"02/21/2020","1.7153","1.7084","1.7179","1.7064","","0.45%"
"02/20/2020","1.7076","1.7083","1.7130","1.7017","","0.00%"
"02/19/2020","1.7076","1.7240","1.7243","1.7074","","-0.89%"
"02/18/2020","1.7230","1.7214","1.7308","1.7184","","0.10%"
"02/17/2020","1.7212","1.7277","1.7295","1.7199","","-0.45%"
"02/14/2020","1.7289","1.7310","1.7317","1.7219","","-0.10%"
"02/13/2020","1.7307","1.7172","1.7326","1.7152","","0.79%"
"02/12/2020","1.7171","1.7210","1.7240","1.7162","","-0.21%"
"02/11/2020","1.7207","1.7199","1.7238","1.7143","","0.07%"
"02/10/2020","1.7195","1.7158","1.7252","1.7112","","0.21%"
"02/07/2020","1.7159","1.7176","1.7255","1.7133","","-0.09%"
"02/06/2020","1.7174","1.7268","1.7277","1.7165","","-0.50%"
"02/05/2020","1.7261","1.7295","1.7358","1.7220","","-0.17%"
"02/04/2020","1.7291","1.7266","1.7326","1.7193","","0.18%"
"02/03/2020","1.7260","1.7490","1.7490","1.7231","","-1.20%"
"01/31/2020","1.7469","1.7303","1.7483","1.7274","","1.01%"
"01/30/2020","1.7295","1.7187","1.7337","1.7152","","0.66%"
"01/29/2020","1.7181","1.7139","1.7194","1.7122","","0.26%"
"01/28/2020","1.7137","1.7226","1.7236","1.7098","","-0.48%"
"01/27/2020","1.7220","1.7189","1.7278","1.7176","","0.21%"
"01/24/2020","1.7184","1.7222","1.7287","1.7154","","-0.19%"
"01/23/2020","1.7217","1.7263","1.7309","1.7202","","-0.24%"
"01/22/2020","1.7258","1.7056","1.7280","1.7045","","1.21%"
"01/21/2020","1.7051","1.6980","1.7088","1.6957","","0.47%"
"01/20/2020","1.6972","1.6989","1.7000","1.6939","","-0.12%"
"01/17/2020","1.6992","1.7059","1.7111","1.6993","","-0.35%"
"01/16/2020","1.7051","1.7005","1.7067","1.6989","","0.30%"
"01/15/2020","1.7000","1.7004","1.7035","1.6977","","0.01%"
"01/14/2020","1.6998","1.6961","1.7020","1.6926","","0.25%"
"01/13/2020","1.6955","1.7046","1.7057","1.6918","","-0.51%"
"01/10/2020","1.7042","1.7056","1.7110","1.7010","","-0.05%"
"01/09/2020","1.7051","1.7081","1.7116","1.6983","","-0.16%"
"01/08/2020","1.7078","1.7069","1.7124","1.7024","","0.09%"
"01/07/2020","1.7063","1.7069","1.7130","1.7016","","-0.03%"
"01/06/2020","1.7068","1.6987","1.7091","1.6961","","0.34%"
"01/03/2020","1.7010","1.7063","1.7087","1.6961","","-0.30%"
"01/02/2020","1.7061","1.7214","1.7216","1.7045","","-0.88%"
"01/01/2020","1.7212","1.7234","1.7253","1.7188","","-0.08%"
"12/31/2019","1.7225","1.7138","1.7233","1.7102","","0.55%"
"12/30/2019","1.7131","1.7083","1.7192","1.7083","","0.19%"
"12/27/2019","1.7098","1.7053","1.7170","1.6998","","0.30%"
"12/26/2019","1.7047","1.7057","1.7101","1.7026","","-0.05%"
"12/25/2019","1.7055","1.7044","1.7094","1.7003","","0.08%"
"12/24/2019","1.7041","1.7004","1.7070","1.6998","","0.25%"
"12/23/2019","1.6998","1.7084","1.7140","1.6987","","-0.55%"
"12/20/2019","1.7092","1.7076","1.7230","1.7065","","0.12%"
"12/19/2019","1.7072","1.7148","1.7229","1.7053","","-0.44%"
"12/18/2019","1.7147","1.7279","1.7285","1.7122","","-0.74%"
"12/17/2019","1.7274","1.7536","1.7554","1.7225","","-1.45%"
"12/16/2019","1.7528","1.7564","1.7655","1.7489","","-0.08%"
"12/13/2019","1.7542","1.7360","1.7797","1.7349","","1.11%"
"12/12/2019","1.7350","1.7392","1.7417","1.7208","","-0.16%"
"12/11/2019","1.7377","1.7407","1.7445","1.7343","","-0.11%"
"12/10/2019","1.7396","1.7400","1.7490","1.7367","","-0.01%"
"12/09/2019","1.7397","1.7415","1.7474","1.7380","","-0.07%"
"12/06/2019","1.7410","1.7329","1.7432","1.7272","","0.47%"
"12/05/2019","1.7329","1.7299","1.7354","1.7273","","0.20%"
"12/04/2019","1.7295","1.7276","1.7400","1.7258","","0.13%"
"12/03/2019","1.7272","1.7215","1.7324","1.7184","","0.36%"
"12/02/2019","1.7210","1.7157","1.7229","1.7128","","0.24%"
"11/29/2019","1.7169","1.7145","1.7204","1.7116","","0.16%"
"11/28/2019","1.7142","1.7162","1.7218","1.7133","","-0.10%"
"11/27/2019","1.7160","1.7077","1.7167","1.7019","","0.52%"
"11/26/2019","1.7071","1.7155","1.7176","1.7054","","-0.46%"
"11/25/2019","1.7150","1.7067","1.7192","1.7067","","0.50%"
"11/22/2019","1.7065","1.7159","1.7177","1.7039","","-0.52%"
"11/21/2019","1.7155","1.7192","1.7275","1.7117","","-0.20%"
"11/20/2019","1.7190","1.7150","1.7230","1.7124","","0.28%"
"11/19/2019","1.7142","1.7106","1.7162","1.7066","","0.22%"
"11/18/2019","1.7104","1.7054","1.7161","1.7047","","0.29%"
"11/15/2019","1.7054","1.7064","1.7101","1.7021","","-0.05%"
"11/14/2019","1.7062","1.7029","1.7090","1.6998","","0.22%"
"11/13/2019","1.7024","1.7002","1.7061","1.6978","","0.18%"
"11/12/2019","1.6994","1.7011","1.7037","1.6968","","-0.05%"
"11/11/2019","1.7003","1.6894","1.7059","1.6892","","0.66%"
"11/08/2019","1.6892","1.6882","1.6971","1.6872","","0.09%"
"11/07/2019","1.6877","1.6943","1.6961","1.6848","","-0.39%"
"11/06/2019","1.6943","1.6952","1.6992","1.6917","","-0.01%"
"11/05/2019","1.6945","1.6944","1.6968","1.6893","","0.04%"
"11/04/2019","1.6939","1.7007","1.7013","1.6922","","-0.29%"
"11/01/2019","1.6988","1.7037","1.7084","1.6989","","-0.23%"
"10/31/2019","1.7028","1.6979","1.7086","1.6963","","0.32%"
"10/30/2019","1.6973","1.6839","1.7002","1.6812","","0.83%"
"10/29/2019","1.6834","1.6795","1.6880","1.6719","","0.29%"
"10/28/2019","1.6785","1.6753","1.6817","1.6727","","0.28%"
"10/25/2019","1.6738","1.6799","1.6810","1.6728","","-0.35%"
"10/24/2019","1.6796","1.6884","1.6938","1.6726","","-0.48%"
"10/23/2019","1.6877","1.6854","1.6898","1.6812","","0.15%"
"10/22/2019","1.6851","1.6962","1.7010","1.6845","","-0.61%"
"10/21/2019","1.6954","1.6966","1.7068","1.6911","","-0.41%"
"10/18/2019","1.7023","1.6933","1.7047","1.6867","","0.56%"
"10/17/2019","1.6928","1.6942","1.7095","1.6815","","-0.05%"
"10/16/2019","1.6937","1.6878","1.6997","1.6729","","0.37%"
"10/15/2019","1.6874","1.6684","1.6914","1.6669","","1.17%"
"10/14/2019","1.6679","1.6694","1.6733","1.6537","","-0.06%"
"10/11/2019","1.6689","1.6537","1.6822","1.6473","","0.94%"
"10/10/2019","1.6533","1.6274","1.6572","1.6250","","1.62%"
"10/09/2019","1.6269","1.6283","1.6356","1.6229","","-0.06%"
"10/08/2019","1.6278","1.6358","1.6370","1.6231","","-0.46%"
"10/07/2019","1.6354","1.6412","1.6430","1.6351","","-0.40%"
"10/04/2019","1.6419","1.6449","1.6474","1.6326","","-0.12%"
"10/03/2019","1.6439","1.6393","1.6559","1.6336","","0.33%"
"10/02/2019","1.6385","1.6271","1.6411","1.6190","","0.73%"
"10/01/2019","1.6267","1.6273","1.6344","1.6189","","-0.02%"
"09/30/2019","1.6271","1.6278","1.6341","1.6254","","-0.02%"
"09/27/2019","1.6274","1.6348","1.6374","1.6259","","-0.46%"
"09/26/2019","1.6349","1.6386","1.6415","1.6302","","-0.20%"
"09/25/2019","1.6382","1.6539","1.6558","1.6366","","-0.92%"
"09/24/2019","1.6534","1.6485","1.6581","1.6452","","0.32%"
"09/23/2019","1.6482","1.6535","1.6583","1.6467","","-0.37%"
"09/20/2019","1.6543","1.6608","1.6694","1.6532","","-0.37%"
"09/19/2019","1.6604","1.6574","1.6642","1.6519","","0.25%"
"09/18/2019","1.6562","1.6555","1.6621","1.6494","","0.07%"
"09/17/2019","1.6551","1.6454","1.6595","1.6413","","0.63%"
"09/16/2019","1.6448","1.6541","1.6565","1.6436","","-0.94%"
"09/13/2019","1.6604","1.6296","1.6615","1.6283","","1.93%"
"09/12/2019","1.6289","1.6260","1.6327","1.6222","","0.18%"
"09/11/2019","1.6259","1.6240","1.6302","1.6209","","0.15%"
"09/10/2019","1.6234","1.6259","1.6308","1.6206","","-0.12%"
"09/09/2019","1.6253","1.6208","1.6301","1.6105","","0.49%"
"09/06/2019","1.6174","1.6316","1.6329","1.6166","","-0.83%"
"09/05/2019","1.6310","1.6203","1.6338","1.6135","","0.70%"
"09/04/2019","1.6197","1.6116","1.6282","1.6103","","0.54%"
"09/03/2019","1.6110","1.6083","1.6144","1.5958","","0.20%"
"09/02/2019","1.6078","1.6176","1.6214","1.6038","","-0.63%"
"08/30/2019","1.6180","1.6183","1.6245","1.6134","","-0.07%"
"08/29/2019","1.6191","1.6249","1.6268","1.6178","","-0.33%"
"08/28/2019","1.6244","1.6321","1.6348","1.6176","","-0.45%"
"08/27/2019","1.6317","1.6195","1.6347","1.6158","","0.78%"
"08/26/2019","1.6190","1.6276","1.6353","1.6179","","-0.71%"
"08/23/2019","1.6305","1.6298","1.6361","1.6233","","0.06%"
"08/22/2019","1.6295","1.6119","1.6315","1.6105","","1.11%"
"08/21/2019","1.6116","1.6204","1.6219","1.6066","","-0.52%"
"08/20/2019","1.6200","1.6159","1.6233","1.6083","","0.28%"
"08/19/2019","1.6154","1.6123","1.6186","1.6042","","0.20%"
"08/16/2019","1.6122","1.6087","1.6196","1.6075","","0.25%"
"08/15/2019","1.6081","1.6065","1.6176","1.6026","","0.14%"
"08/14/2019","1.6059","1.5947","1.6081","1.5924","","0.73%"
"08/13/2019","1.5942","1.5987","1.6077","1.5922","","-0.25%"
"08/12/2019","1.5982","1.5921","1.6026","1.5878","","0.48%"
"08/09/2019","1.5906","1.6047","1.6089","1.5872","","-0.84%"
"08/08/2019","1.6041","1.6151","1.6187","1.6044","","-0.65%"
"08/07/2019","1.6146","1.6162","1.6233","1.6118","","-0.05%"
"08/06/2019","1.6154","1.6047","1.6164","1.6012","","0.70%"
"08/05/2019","1.6042","1.6032","1.6101","1.6014","","-0.04%"
"08/02/2019","1.6048","1.6029","1.6092","1.5978","","0.14%"
"08/01/2019","1.6026","1.6033","1.6087","1.5967","","-0.05%"
"07/31/2019","1.6034","1.5981","1.6097","1.5957","","0.39%"
"07/30/2019","1.5971","1.6084","1.6098","1.5964","","-0.67%"
"07/29/2019","1.6079","1.6306","1.6315","1.6065","","-1.36%"
"07/26/2019","1.6300","1.6401","1.6410","1.6297","","-0.59%"
"07/25/2019","1.6396","1.6407","1.6443","1.6363","","-0.05%"
"07/24/2019","1.6404","1.6336","1.6445","1.6319","","0.44%"
"07/23/2019","1.6332","1.6369","1.6399","1.6303","","-0.19%"
"07/22/2019","1.6363","1.6340","1.6390","1.6256","","0.23%"
"07/19/2019","1.6325","1.6349","1.6414","1.6308","","-0.12%"
"07/18/2019","1.6344","1.6223","1.6374","1.6214","","0.77%"
"07/17/2019","1.6219","1.6239","1.6256","1.6174","","-0.07%"
"07/16/2019","1.6231","1.6332","1.6346","1.6142","","-0.59%"
"07/15/2019","1.6327","1.6387","1.6400","1.6307","","-0.33%"
"07/12/2019","1.6381","1.6370","1.6400","1.6314","","0.09%"
"07/11/2019","1.6366","1.6351","1.6426","1.6332","","0.10%"
"07/10/2019","1.6349","1.6366","1.6429","1.6334","","-0.07%"
"07/09/2019","1.6360","1.6384","1.6404","1.6324","","-0.13%"
"07/08/2019","1.6382","1.6364","1.6399","1.6325","","0.01%"
"07/05/2019","1.6380","1.6420","1.6449","1.6364","","-0.19%"
"07/04/2019","1.6412","1.6416","1.6465","1.6390","","0.01%"
"07/03/2019","1.6411","1.6507","1.6517","1.6411","","-0.53%"
"07/02/2019","1.6499","1.6603","1.6617","1.6499","","-0.60%"
"07/01/2019","1.6599","1.6616","1.6647","1.6545","","-0.10%"
"06/28/2019","1.6615","1.6602","1.6662","1.6576","","0.10%"
"06/27/2019","1.6598","1.6658","1.6711","1.6574","","-0.33%"
"06/26/2019","1.6653","1.6713","1.6734","1.6633","","-0.31%"
"06/25/2019","1.6705","1.6793","1.6861","1.6697","","-0.51%"
"06/24/2019","1.6791","1.6839","1.6848","1.6769","","-0.31%"
"06/21/2019","1.6844","1.6754","1.6859","1.6673","","0.57%"
"06/20/2019","1.6749","1.6788","1.6826","1.6673","","-0.20%"
"06/19/2019","1.6782","1.6799","1.6888","1.6769","","-0.08%"
"06/18/2019","1.6795","1.6810","1.6835","1.6752","","-0.06%"
"06/17/2019","1.6805","1.6893","1.6908","1.6805","","-0.47%"
"06/14/2019","1.6884","1.6890","1.6926","1.6831","","0.00%"
"06/13/2019","1.6884","1.6930","1.6938","1.6845","","-0.23%"
"06/12/2019","1.6923","1.6899","1.6966","1.6863","","0.17%"
"06/11/2019","1.6894","1.6833","1.6935","1.6795","","0.41%"
"06/10/2019","1.6825","1.6832","1.6897","1.6792","","-0.40%"
"06/07/2019","1.6892","1.6967","1.7010","1.6891","","-0.43%"
"06/06/2019","1.6965","1.7016","1.7073","1.6951","","-0.28%"
"06/05/2019","1.7012","1.7008","1.7067","1.6973","","0.07%"
"06/04/2019","1.7000","1.7016","1.7057","1.6978","","-0.06%"
"06/03/2019","1.7010","1.7063","1.7116","1.6990","","-0.34%"
"05/31/2019","1.7068","1.7022","1.7101","1.7011","","0.31%"
"05/30/2019","1.7016","1.7075","1.7085","1.6980","","-0.30%"
"05/29/2019","1.7068","1.7075","1.7138","1.7048","","0.00%"
"05/28/2019","1.7068","1.7044","1.7092","1.7010","","0.17%"
"05/27/2019","1.7039","1.7095","1.7145","1.7022","","-0.24%"
"05/24/2019","1.7080","1.7053","1.7112","1.7012","","0.19%"
"05/23/2019","1.7047","1.7007","1.7091","1.6959","","0.26%"
"05/22/2019","1.7002","1.7037","1.7055","1.6900","","-0.17%"
"05/21/2019","1.7031","1.7090","1.7185","1.7014","","-0.30%"
"05/20/2019","1.7083","1.7123","1.7166","1.7076","","-0.19%"
"05/17/2019","1.7115","1.7224","1.7248","1.7096","","-0.60%"
"05/16/2019","1.7218","1.7267","1.7288","1.7162","","-0.27%"
"05/15/2019","1.7264","1.7375","1.7420","1.7245","","-0.59%"
"05/14/2019","1.7367","1.7463","1.7486","1.7367","","-0.52%"
"05/13/2019","1.7457","1.7447","1.7524","1.7434","","0.14%"
"05/10/2019","1.7433","1.7529","1.7569","1.7422","","-0.52%"
"05/09/2019","1.7524","1.7535","1.7577","1.7486","","-0.02%"
"05/08/2019","1.7528","1.7621","1.7626","1.7481","","-0.48%"
"05/07/2019","1.7613","1.7613","1.7639","1.7561","","0.03%"
"05/06/2019","1.7608","1.7614","1.7746","1.7592","","-0.38%"
"05/03/2019","1.7675","1.7567","1.7695","1.7493","","0.66%"
"05/02/2019","1.7559","1.7543","1.7586","1.7506","","0.11%"
"05/01/2019","1.7539","1.7445","1.7575","1.7438","","0.57%"
"04/30/2019","1.7439","1.7412","1.7563","1.7388","","0.20%"
"04/29/2019","1.7404","1.7394","1.7440","1.7367","","0.16%"
"04/26/2019","1.7377","1.7395","1.7430","1.7364","","-0.09%"
"04/25/2019","1.7392","1.7406","1.7431","1.7370","","-0.05%"
"04/24/2019","1.7401","1.7366","1.7512","1.7356","","0.22%"
"04/23/2019","1.7363","1.7332","1.7445","1.7316","","0.24%"
"04/22/2019","1.7322","1.7398","1.7411","1.7315","","-0.45%"
"04/19/2019","1.7400","1.7384","1.7423","1.7360","","0.11%"
"04/18/2019","1.7381","1.7404","1.7435","1.7366","","-0.09%"
"04/17/2019","1.7397","1.7422","1.7452","1.7313","","-0.12%"
"04/16/2019","1.7418","1.7510","1.7544","1.7412","","-0.47%"
"04/15/2019","1.7500","1.7420","1.7551","1.7415","","0.44%"
"04/12/2019","1.7424","1.7478","1.7499","1.7410","","-0.27%"
"04/11/2019","1.7471","1.7443","1.7527","1.7417","","0.21%"
"04/10/2019","1.7435","1.7412","1.7475","1.7383","","0.19%"
"04/09/2019","1.7402","1.7392","1.7453","1.7336","","0.07%"
"04/08/2019","1.7389","1.7457","1.7500","1.7356","","-0.32%"
"04/05/2019","1.7445","1.7473","1.7532","1.7386","","-0.13%"
"04/04/2019","1.7468","1.7563","1.7623","1.7436","","-0.51%"
"04/03/2019","1.7558","1.7514","1.7574","1.7482","","0.26%"
"04/02/2019","1.7512","1.7431","1.7542","1.7324","","0.47%"
"04/01/2019","1.7430","1.7398","1.7554","1.7367","","0.24%"
"03/29/2019","1.7389","1.7530","1.7638","1.7340","","-0.80%"
"03/28/2019","1.7530","1.7689","1.7727","1.7519","","-0.86%"
"03/27/2019","1.7682","1.7677","1.7796","1.7641","","0.06%"
"03/26/2019","1.7672","1.7685","1.7781","1.7620","","-0.11%"
"03/25/2019","1.7692","1.7740","1.7796","1.7646","","-0.24%"
"03/22/2019","1.7734","1.7513","1.7750","1.7495","","1.30%"
"03/21/2019","1.7507","1.7559","1.7595","1.7419","","-0.28%"
"03/20/2019","1.7556","1.7671","1.7699","1.7519","","-0.65%"
"03/19/2019","1.7670","1.7677","1.7722","1.7557","","-0.02%"
"03/18/2019","1.7674","1.7738","1.7757","1.7605","","-0.27%"
"03/15/2019","1.7721","1.7658","1.7755","1.7552","","0.39%"
"03/14/2019","1.7653","1.7741","1.7753","1.7601","","-0.51%"
"03/13/2019","1.7744","1.7461","1.7802","1.7439","","1.66%"
"03/12/2019","1.7454","1.7614","1.7800","1.7431","","-0.90%"
"03/11/2019","1.7613","1.7475","1.7675","1.7380","","0.89%"
"03/08/2019","1.7457","1.7606","1.7644","1.7420","","-0.82%"
"03/07/2019","1.7602","1.7703","1.7730","1.7568","","-0.55%"
"03/06/2019","1.7699","1.7589","1.7720","1.7538","","0.67%"
"03/05/2019","1.7582","1.7545","1.7608","1.7482","","0.24%"
"03/04/2019","1.7540","1.7555","1.7648","1.7523","","-0.07%"
"03/01/2019","1.7552","1.7470","1.7590","1.7354","","0.53%"
"02/28/2019","1.7459","1.7509","1.7557","1.7429","","-0.28%"
"02/27/2019","1.7508","1.7449","1.7548","1.7416","","0.36%"
"02/26/2019","1.7445","1.7265","1.7522","1.7265","","1.01%"
"02/25/2019","1.7270","1.7639","1.7639","1.7138","","0.73%"
"02/22/2019","1.7145","1.7261","1.7278","1.7132","","-0.69%"
"02/21/2019","1.7264","1.7196","1.7272","1.7158","","0.42%"
"02/20/2019","1.7191","1.7258","1.7275","1.7151","","-0.34%"
"02/19/2019","1.7250","1.7110","1.7302","1.7088","","0.84%"
"02/18/2019","1.7106","1.7070","1.7237","1.7054","","0.24%"
"02/15/2019","1.7065","1.7024","1.7093","1.6979","","0.20%"
"02/14/2019","1.7031","1.7027","1.7084","1.6971","","0.06%"
"02/13/2019","1.7021","1.7065","1.7146","1.7003","","-0.23%"
"02/12/2019","1.7060","1.7096","1.7148","1.7033","","-0.20%"
"02/11/2019","1.7094","1.7217","1.7221","1.7075","","-0.54%"
"02/08/2019","1.7187","1.7240","1.7277","1.7146","","-0.26%"
"02/07/2019","1.7231","1.7090","1.7282","1.7038","","0.85%"
"02/06/2019","1.7086","1.6998","1.7118","1.6981","","0.59%"
"02/05/2019","1.6985","1.7091","1.7122","1.6981","","-0.61%"
"02/04/2019","1.7089","1.7176","1.7222","1.7072","","-0.24%"
"02/01/2019","1.7130","1.7201","1.7253","1.7086","","-0.38%"
"01/31/2019","1.7195","1.7246","1.7298","1.7196","","-0.28%"
"01/30/2019","1.7244","1.7338","1.7386","1.7215","","-0.51%"
"01/29/2019","1.7333","1.7454","1.7500","1.7333","","-0.64%"
"01/28/2019","1.7445","1.7440","1.7501","1.7388","","0.02%"
"01/25/2019","1.7441","1.7441","1.7532","1.7372","","0.02%"
"01/24/2019","1.7437","1.7433","1.7465","1.7371","","0.05%"
"01/23/2019","1.7429","1.7305","1.7485","1.7248","","0.76%"
"01/22/2019","1.7298","1.7134","1.7322","1.7129","","0.97%"
"01/21/2019","1.7131","1.7068","1.7162","1.7044","","0.38%"
"01/18/2019","1.7066","1.7242","1.7259","1.7065","","-0.99%"
"01/17/2019","1.7236","1.7080","1.7279","1.7060","","0.97%"
"01/16/2019","1.7071","1.7059","1.7108","1.7007","","0.09%"
"01/15/2019","1.7055","1.7089","1.7136","1.6836","","-0.19%"
"01/14/2019","1.7087","1.7039","1.7141","1.7008","","0.26%"
"01/11/2019","1.7042","1.6886","1.7065","1.6758","","1.03%"
"01/10/2019","1.6869","1.6893","1.6934","1.6815","","-0.12%"
"01/09/2019","1.6889","1.6881","1.6937","1.6828","","0.07%"
"01/08/2019","1.6878","1.6996","1.7009","1.6870","","-0.66%"
"01/07/2019","1.6990","1.7027","1.7071","1.6953","","-0.16%"
"01/04/2019","1.7017","1.7041","1.7088","1.6952","","-0.10%"
"01/03/2019","1.7034","1.7120","1.7175","1.6966","","-0.48%"
"01/02/2019","1.7117","1.7389","1.7396","1.7080","","-1.56%"
"01/01/2019","1.7389","1.7399","1.7412","1.7285","","-0.05%"
"12/31/2018","1.7397","1.7288","1.7501","1.7266","","0.42%"
"12/28/2018","1.7325","1.7220","1.7352","1.7194","","0.65%"
"12/27/2018","1.7213","1.7150","1.7307","1.7139","","0.41%"
"12/26/2018","1.7142","1.7243","1.7318","1.7140","","-0.54%"
"12/25/2018","1.7235","1.7313","1.7477","1.7208","","-0.42%"
"12/24/2018","1.7307","1.7205","1.7336","1.7147","","0.77%"
"12/21/2018","1.7174","1.7100","1.7216","1.7074","","0.47%"
"12/20/2018","1.7093","1.7006","1.7167","1.6999","","0.56%"
"12/19/2018","1.6998","1.7029","1.7078","1.6948","","-0.13%"
"12/18/2018","1.7020","1.6923","1.7068","1.6904","","0.59%"
"12/17/2018","1.6921","1.6848","1.6943","1.6818","","0.49%"
"12/14/2018","1.6838","1.6903","1.6925","1.6769","","-0.33%"
"12/13/2018","1.6894","1.6861","1.6959","1.6837","","0.24%"
"12/12/2018","1.6854","1.6719","1.6929","1.6700","","0.83%"
"12/11/2018","1.6716","1.6824","1.6956","1.6713","","-0.64%"
"12/10/2018","1.6823","1.6958","1.7010","1.6755","","-0.75%"
"12/07/2018","1.6950","1.7107","1.7142","1.6891","","-0.88%"
"12/06/2018","1.7100","1.7004","1.7179","1.6998","","0.59%"
"12/05/2018","1.7000","1.6868","1.7073","1.6835","","0.79%"
"12/04/2018","1.6867","1.6793","1.6909","1.6739","","0.48%"
"12/03/2018","1.6787","1.6929","1.6959","1.6718","","-0.99%"
"11/30/2018","1.6955","1.6994","1.7036","1.6924","","-0.20%"
"11/29/2018","1.6989","1.7027","1.7054","1.6925","","-0.16%"
"11/28/2018","1.7017","1.6952","1.7069","1.6927","","0.42%"
"11/27/2018","1.6945","1.7013","1.7013","1.6865","","-0.35%"
"11/26/2018","1.7004","1.7011","1.7020","1.6908","","0.29%"
"11/23/2018","1.6955","1.6984","1.7015","1.6895","","-0.13%"
"11/22/2018","1.6977","1.6907","1.7100","1.6889","","0.46%"
"11/21/2018","1.6900","1.7013","1.7048","1.6894","","-0.65%"
"11/20/2018","1.7010","1.6926","1.7028","1.6888","","0.52%"
"11/19/2018","1.6922","1.6865","1.6971","1.6852","","0.30%"
"11/16/2018","1.6872","1.6832","1.6948","1.6810","","0.25%"
"11/15/2018","1.6830","1.7199","1.7232","1.6781","","-2.15%"
"11/14/2018","1.7200","1.7177","1.7288","1.7063","","0.20%"
"11/13/2018","1.7166","1.7022","1.7256","1.7002","","0.90%"
"11/12/2018","1.7013","1.7106","1.7116","1.6943","","-0.72%"
"11/09/2018","1.7137","1.7183","1.7229","1.7107","","-0.24%"
"11/08/2018","1.7179","1.7213","1.7243","1.7136","","-0.16%"
"11/07/2018","1.7206","1.7191","1.7260","1.7153","","0.12%"
"11/06/2018","1.7186","1.7098","1.7214","1.7077","","0.56%"
"11/05/2018","1.7090","1.7075","1.7120","1.6979","","0.53%"
"11/02/2018","1.7000","1.7026","1.7045","1.6970","","-0.12%"
"11/01/2018","1.7020","1.6794","1.7061","1.6787","","1.37%"
"10/31/2018","1.6790","1.6655","1.6831","1.6643","","0.85%"
"10/30/2018","1.6649","1.6803","1.6823","1.6653","","-0.90%"
"10/29/2018","1.6800","1.6814","1.6840","1.6772","","-0.09%"
"10/26/2018","1.6815","1.6755","1.6857","1.6744","","0.40%"
"10/25/2018","1.6748","1.6818","1.6883","1.6735","","-0.37%"
"10/24/2018","1.6811","1.6988","1.7004","1.6717","","-1.03%"
"10/23/2018","1.6986","1.6982","1.7099","1.6960","","0.05%"
"10/22/2018","1.6978","1.7115","1.7140","1.6972","","-0.82%"
"10/19/2018","1.7118","1.7035","1.7194","1.6961","","0.50%"
"10/18/2018","1.7033","1.7073","1.7124","1.7013","","-0.21%"
"10/17/2018","1.7069","1.7050","1.7095","1.6986","","0.11%"
"10/16/2018","1.7050","1.7087","1.7161","1.7021","","-0.19%"
"10/15/2018","1.7082","1.7109","1.7159","1.7028","","-0.27%"
"10/12/2018","1.7128","1.7249","1.7266","1.7116","","-0.63%"
"10/11/2018","1.7237","1.7244","1.7300","1.7177","","-0.01%"
"10/10/2018","1.7239","1.7017","1.7252","1.7002","","1.33%"
"10/09/2018","1.7012","1.6972","1.7044","1.6923","","0.27%"
"10/08/2018","1.6966","1.6968","1.7020","1.6930","","-0.04%"
"10/05/2018","1.6973","1.6826","1.6993","1.6804","","0.89%"
"10/04/2018","1.6823","1.6653","1.6848","1.6644","","1.06%"
"10/03/2018","1.6647","1.6643","1.6706","1.6632","","0.05%"
"10/02/2018","1.6638","1.6716","1.6733","1.6592","","-0.42%"
"10/01/2018","1.6709","1.6813","1.6813","1.6663","","-0.61%"
"09/28/2018","1.6811","1.7062","1.7069","1.6811","","-1.43%"
"09/27/2018","1.7055","1.7142","1.7209","1.7041","","-0.48%"
"09/26/2018","1.7138","1.7086","1.7161","1.7006","","0.38%"
"09/25/2018","1.7073","1.7001","1.7091","1.6960","","0.45%"
"09/24/2018","1.6996","1.6889","1.7033","1.6871","","0.66%"
"09/21/2018","1.6885","1.7120","1.7148","1.6858","","-1.33%"
"09/20/2018","1.7113","1.6976","1.7151","1.6967","","0.84%"
"09/19/2018","1.6970","1.7059","1.7112","1.6954","","-0.48%"
"09/18/2018","1.7052","1.7163","1.7181","1.7041","","-0.62%"
"09/17/2018","1.7158","1.7039","1.7167","1.7035","","0.79%"
"09/14/2018","1.7024","1.7037","1.7093","1.7016","","-0.04%"
"09/13/2018","1.7031","1.6957","1.7066","1.6940","","0.46%"
"09/12/2018","1.6953","1.7031","1.7037","1.6914","","-0.44%"
"09/11/2018","1.7028","1.7148","1.7193","1.6994","","-0.68%"
"09/10/2018","1.7144","1.7038","1.7179","1.7010","","0.88%"
"09/07/2018","1.6995","1.6993","1.7121","1.6949","","0.05%"
"09/06/2018","1.6987","1.7004","1.7109","1.6977","","-0.09%"
"09/05/2018","1.7002","1.6954","1.7110","1.6863","","0.31%"
"09/04/2018","1.6949","1.6852","1.6962","1.6827","","0.61%"
"09/03/2018","1.6847","1.6914","1.6945","1.6792","","-0.29%"
"08/31/2018","1.6896","1.6894","1.6991","1.6862","","0.08%"
"08/30/2018","1.6882","1.6811","1.6917","1.6795","","0.46%"
"08/29/2018","1.6804","1.6652","1.6857","1.6592","","0.96%"
"08/28/2018","1.6645","1.6716","1.6731","1.6615","","-0.41%"
"08/27/2018","1.6714","1.6720","1.6806","1.6695","","-0.14%"
"08/24/2018","1.6738","1.6768","1.6813","1.6723","","-0.14%"
"08/23/2018","1.6761","1.6783","1.6836","1.6721","","-0.08%"
"08/22/2018","1.6775","1.6824","1.6855","1.6756","","-0.23%"
"08/21/2018","1.6813","1.6698","1.6844","1.6678","","0.72%"
"08/20/2018","1.6692","1.6638","1.6715","1.6627","","0.26%"
"08/17/2018","1.6649","1.6726","1.6757","1.6618","","-0.45%"
"08/16/2018","1.6724","1.6686","1.6754","1.6654","","0.25%"
"08/15/2018","1.6683","1.6617","1.6728","1.6590","","0.45%"
"08/14/2018","1.6609","1.6770","1.6795","1.6601","","-0.92%"
"08/13/2018","1.6763","1.6789","1.6826","1.6739","","-0.09%"
"08/10/2018","1.6778","1.6735","1.6801","1.6648","","0.29%"
"08/09/2018","1.6730","1.6776","1.6830","1.6721","","-0.24%"
"08/08/2018","1.6770","1.6889","1.6923","1.6762","","-0.67%"
"08/07/2018","1.6883","1.6833","1.6919","1.6789","","0.34%"
"08/06/2018","1.6826","1.6901","1.6934","1.6814","","-0.38%"
"08/03/2018","1.6891","1.6955","1.6969","1.6870","","-0.34%"
"08/02/2018","1.6949","1.7069","1.7103","1.6924","","-0.67%"
"08/01/2018","1.7064","1.7075","1.7120","1.7022","","-0.02%"
"07/31/2018","1.7068","1.7122","1.7179","1.7047","","-0.28%"
"07/30/2018","1.7116","1.7094","1.7161","1.7074","","0.04%"
"07/27/2018","1.7109","1.7139","1.7152","1.7076","","-0.14%"
"07/26/2018","1.7133","1.7209","1.7227","1.7125","","-0.40%"
"07/25/2018","1.7201","1.7290","1.7321","1.7172","","-0.49%"
"07/24/2018","1.7286","1.7257","1.7312","1.7233","","0.19%"
"07/23/2018","1.7254","1.7242","1.7295","1.7221","","-0.06%"
"07/20/2018","1.7265","1.7275","1.7286","1.7164","","0.01%"
"07/19/2018","1.7264","1.7214","1.7279","1.7165","","0.33%"
"07/18/2018","1.7208","1.7300","1.7350","1.7193","","-0.49%"
"07/17/2018","1.7293","1.7390","1.7416","1.7264","","-0.49%"
"07/16/2018","1.7379","1.7412","1.7472","1.7353","","-0.20%"
"07/13/2018","1.7413","1.7371","1.7423","1.7291","","0.27%"
"07/12/2018","1.7366","1.7442","1.7463","1.7366","","-0.38%"
"07/11/2018","1.7433","1.7410","1.7454","1.7329","","0.18%"
"07/10/2018","1.7401","1.7382","1.7462","1.7359","","0.14%"
"07/09/2018","1.7376","1.7418","1.7482","1.7292","","0.01%"
"07/06/2018","1.7374","1.7374","1.7434","1.7336","","0.05%"
"07/05/2018","1.7366","1.7392","1.7447","1.7334","","-0.09%"
"07/04/2018","1.7382","1.7338","1.7411","1.7322","","0.31%"
"07/03/2018","1.7329","1.7331","1.7386","1.7302","","0.02%"
"07/02/2018","1.7325","1.7321","1.7378","1.7283","","-0.09%"
"06/29/2018","1.7341","1.7327","1.7446","1.7311","","0.13%"
"06/28/2018","1.7318","1.7495","1.7504","1.7323","","-0.96%"
"06/27/2018","1.7485","1.7606","1.7624","1.7445","","-0.65%"
"06/26/2018","1.7599","1.7662","1.7678","1.7550","","-0.26%"
"06/25/2018","1.7644","1.7615","1.7695","1.7572","","0.22%"
"06/22/2018","1.7605","1.7644","1.7774","1.7586","","-0.19%"
"06/21/2018","1.7638","1.7541","1.7661","1.7453","","0.61%"
"06/20/2018","1.7531","1.7511","1.7577","1.7465","","0.16%"
"06/19/2018","1.7503","1.7484","1.7548","1.7426","","0.15%"
"06/18/2018","1.7477","1.7527","1.7537","1.7422","","-0.31%"
"06/15/2018","1.7532","1.7377","1.7552","1.7363","","0.92%"
"06/14/2018","1.7373","1.7368","1.7440","1.7304","","0.05%"
"06/13/2018","1.7365","1.7405","1.7422","1.7325","","-0.19%"
"06/12/2018","1.7398","1.7366","1.7445","1.7329","","0.26%"
"06/11/2018","1.7353","1.7387","1.7455","1.7330","","0.13%"
"06/08/2018","1.7331","1.7411","1.7483","1.7321","","-0.43%"
"06/07/2018","1.7406","1.7361","1.7470","1.7326","","0.30%"
"06/06/2018","1.7354","1.7376","1.7393","1.7257","","-0.09%"
"06/05/2018","1.7369","1.7213","1.7434","1.7198","","0.94%"
"06/04/2018","1.7207","1.7278","1.7314","1.7197","","-0.42%"
"06/01/2018","1.7279","1.7234","1.7326","1.7162","","0.29%"
"05/31/2018","1.7229","1.7108","1.7287","1.7066","","0.71%"
"05/30/2018","1.7107","1.7251","1.7307","1.7051","","-0.82%"
"05/29/2018","1.7248","1.7293","1.7316","1.7175","","-0.24%"
"05/28/2018","1.7290","1.7260","1.7336","1.7244","","0.18%"
"05/25/2018","1.7259","1.7238","1.7323","1.7197","","0.14%"
"05/24/2018","1.7235","1.7129","1.7306","1.7114","","0.67%"
"05/23/2018","1.7120","1.7224","1.7263","1.7118","","-0.57%"
"05/22/2018","1.7218","1.7175","1.7231","1.7118","","0.29%"
"05/21/2018","1.7168","1.7348","1.7371","1.7161","","-1.05%"
"05/18/2018","1.7351","1.7310","1.7398","1.7253","","0.28%"
"05/17/2018","1.7303","1.7249","1.7328","1.7214","","0.37%"
"05/16/2018","1.7239","1.7392","1.7400","1.7233","","-0.82%"
"05/15/2018","1.7382","1.7369","1.7409","1.7312","","0.11%"
"05/14/2018","1.7363","1.7338","1.7378","1.7311","","0.25%"
"05/11/2018","1.7320","1.7257","1.7355","1.7223","","0.37%"
"05/10/2018","1.7256","1.7412","1.7430","1.7220","","-0.87%"
"05/09/2018","1.7408","1.7544","1.7568","1.7384","","-0.74%"
"05/08/2018","1.7537","1.7463","1.7571","1.7457","","0.46%"
"05/07/2018","1.7457","1.7389","1.7492","1.7376","","0.45%"
"05/04/2018","1.7378","1.7440","1.7487","1.7371","","-0.32%"
"05/03/2018","1.7434","1.7497","1.7512","1.7422","","-0.32%"
"05/02/2018","1.7490","1.7490","1.7551","1.7427","","0.03%"
"05/01/2018","1.7485","1.7683","1.7692","1.7481","","-1.11%"
"04/30/2018","1.7682","1.7679","1.7712","1.7598","","0.06%"
"04/27/2018","1.7672","1.7909","1.7947","1.7666","","-1.31%"
"04/26/2018","1.7907","1.7894","1.7988","1.7857","","0.12%"
"04/25/2018","1.7886","1.7939","1.7982","1.7877","","-0.27%"
"04/24/2018","1.7934","1.7912","1.7946","1.7867","","0.15%"
"04/23/2018","1.7907","1.7882","1.7931","1.7827","","0.24%"
"04/20/2018","1.7864","1.7856","1.7895","1.7746","","0.07%"
"04/19/2018","1.7851","1.7937","1.7973","1.7814","","-0.44%"
"04/18/2018","1.7930","1.7929","1.8004","1.7838","","0.04%"
"04/17/2018","1.7923","1.8019","1.8062","1.7900","","-0.47%"
"04/16/2018","1.8008","1.7954","1.8054","1.7925","","0.30%"
"04/13/2018","1.7955","1.7910","1.7988","1.7885","","0.32%"
"04/12/2018","1.7898","1.7836","1.7955","1.7822","","0.39%"
"04/11/2018","1.7829","1.7859","1.7936","1.7812","","-0.16%"
"04/10/2018","1.7858","1.7944","1.8000","1.7828","","-0.45%"
"04/09/2018","1.7938","1.8014","1.8099","1.7931","","-0.40%"
"04/06/2018","1.8010","1.7850","1.8023","1.7846","","0.91%"
"04/05/2018","1.7847","1.7978","1.7997","1.7843","","-0.72%"
"04/04/2018","1.7977","1.8005","1.8079","1.7963","","-0.12%"
"04/03/2018","1.7999","1.8137","1.8158","1.7961","","-0.72%"
"04/02/2018","1.8130","1.8104","1.8182","1.8073","","0.35%"
"03/30/2018","1.8067","1.8060","1.8130","1.8056","","0.06%"
"03/29/2018","1.8056","1.8188","1.8207","1.8054","","-0.73%"
"03/28/2018","1.8188","1.8239","1.8300","1.8141","","-0.24%"
"03/27/2018","1.8232","1.8272","1.8300","1.8130","","-0.18%"
"03/26/2018","1.8265","1.8230","1.8385","1.8199","","0.26%"
"03/23/2018","1.8218","1.8247","1.8267","1.8136","","-0.09%"
"03/22/2018","1.8235","1.8246","1.8295","1.8170","","-0.01%"
"03/21/2018","1.8236","1.8294","1.8373","1.8186","","-0.32%"
"03/20/2018","1.8295","1.8341","1.8384","1.8270","","-0.22%"
"03/19/2018","1.8335","1.8251","1.8420","1.8239","","0.45%"
"03/16/2018","1.8252","1.8191","1.8296","1.8171","","0.35%"
"03/15/2018","1.8189","1.8084","1.8247","1.8032","","0.60%"
"03/14/2018","1.8081","1.8101","1.8123","1.8032","","-0.08%"
"03/13/2018","1.8095","1.7858","1.8135","1.7826","","1.38%"
"03/12/2018","1.7849","1.7767","1.7866","1.7739","","0.63%"
"03/09/2018","1.7738","1.7811","1.7849","1.7736","","-0.39%"
"03/08/2018","1.7807","1.7950","1.7970","1.7794","","-0.76%"
"03/07/2018","1.7944","1.7882","1.8053","1.7867","","0.37%"
"03/06/2018","1.7877","1.7954","1.7997","1.7876","","-0.41%"
"03/05/2018","1.7951","1.7745","1.8010","1.7745","","1.00%"
"03/02/2018","1.7774","1.7686","1.7805","1.7656","","0.53%"
"03/01/2018","1.7680","1.7658","1.7708","1.7612","","0.15%"
"02/28/2018","1.7653","1.7771","1.7778","1.7635","","-0.63%"
"02/27/2018","1.7765","1.7712","1.7778","1.7672","","0.33%"
"02/26/2018","1.7707","1.7679","1.7810","1.7653","","0.41%"
"02/23/2018","1.7635","1.7731","1.7787","1.7635","","-0.55%"
"02/22/2018","1.7732","1.7681","1.7763","1.7584","","0.32%"
"02/21/2018","1.7676","1.7704","1.7724","1.7603","","-0.12%"
"02/20/2018","1.7698","1.7591","1.7708","1.7544","","0.64%"
"02/19/2018","1.7585","1.7613","1.7636","1.7565","","-0.24%"
"02/16/2018","1.7627","1.7593","1.7638","1.7530","","0.23%"
"02/15/2018","1.7586","1.7487","1.7633","1.7480","","0.62%"
"02/14/2018","1.7478","1.7496","1.7560","1.7407","","-0.06%"
"02/13/2018","1.7489","1.7401","1.7540","1.7398","","0.53%"
"02/12/2018","1.7396","1.7390","1.7447","1.7375","","-0.02%"
"02/09/2018","1.7399","1.7536","1.7617","1.7365","","-0.75%"
"02/08/2018","1.7531","1.7448","1.7667","1.7422","","0.52%"
"02/07/2018","1.7440","1.7424","1.7495","1.7363","","0.11%"
"02/06/2018","1.7421","1.7504","1.7534","1.7354","","-0.44%"
"02/05/2018","1.7498","1.7560","1.7574","1.7446","","-0.26%"
"02/02/2018","1.7543","1.7500","1.7561","1.7472","","0.28%"
"02/01/2018","1.7494","1.7478","1.7564","1.7440","","0.13%"
"01/31/2018","1.7472","1.7449","1.7485","1.7350","","0.16%"
"01/30/2018","1.7444","1.7365","1.7466","1.7299","","0.49%"
"01/29/2018","1.7359","1.7445","1.7456","1.7297","","-0.46%"
"01/26/2018","1.7439","1.7517","1.7598","1.7423","","-0.37%"
"01/25/2018","1.7504","1.7588","1.7643","1.7438","","-0.45%"
"01/24/2018","1.7583","1.7384","1.7598","1.7382","","1.18%"
"01/23/2018","1.7378","1.7407","1.7479","1.7361","","-0.14%"
"01/22/2018","1.7403","1.7316","1.7431","1.7301","","0.64%"
"01/19/2018","1.7293","1.7250","1.7346","1.7225","","0.27%"
"01/18/2018","1.7247","1.7198","1.7342","1.7182","","0.31%"
"01/17/2018","1.7194","1.7153","1.7304","1.7079","","0.28%"
"01/16/2018","1.7146","1.7142","1.7166","1.7069","","0.05%"
"01/15/2018","1.7137","1.7106","1.7168","1.7072","","0.23%"
"01/12/2018","1.7097","1.6947","1.7182","1.6940","","0.91%"
"01/11/2018","1.6943","1.6943","1.7005","1.6918","","0.01%"
"01/10/2018","1.6942","1.6878","1.6999","1.6792","","0.41%"
"01/09/2018","1.6872","1.6854","1.6884","1.6791","","0.14%"
"01/08/2018","1.6848","1.6848","1.6874","1.6776","","0.08%"
"01/05/2018","1.6834","1.6921","1.6969","1.6756","","-0.50%"
"01/04/2018","1.6918","1.6939","1.6986","1.6914","","-0.09%"
"01/03/2018","1.6934","1.7001","1.7037","1.6913","","-0.36%"
"01/02/2018","1.6996","1.6945","1.7018","1.6932","","0.37%"
"01/01/2018","1.6933","1.7000","1.7000","1.6938","","-0.36%"
"12/29/2017","1.6994","1.6898","1.7003","1.6873","","0.60%"
"12/28/2017","1.6893","1.6954","1.6983","1.6886","","-0.33%"
"12/27/2017","1.6949","1.6968","1.6988","1.6921","","-0.10%"
"12/26/2017","1.6966","1.7018","1.7035","1.6953","","-0.28%"
"12/25/2017","1.7013","1.6998","1.7051","1.6987","","0.02%"
"12/22/2017","1.7009","1.7055","1.7130","1.6975","","-0.23%"
"12/21/2017","1.7049","1.7169","1.7189","1.6978","","-0.64%"
"12/20/2017","1.7159","1.7234","1.7260","1.7152","","-0.43%"
"12/19/2017","1.7233","1.7213","1.7257","1.7167","","0.14%"
"12/18/2017","1.7209","1.7150","1.7279","1.7127","","0.47%"
"12/15/2017","1.7128","1.7191","1.7198","1.7004","","-0.30%"
"12/14/2017","1.7180","1.7203","1.7296","1.7081","","-0.07%"
"12/13/2017","1.7192","1.7133","1.7215","1.7115","","0.40%"
"12/12/2017","1.7123","1.7146","1.7191","1.7078","","-0.11%"
"12/11/2017","1.7141","1.7217","1.7240","1.7134","","-0.31%"
"12/08/2017","1.7195","1.7315","1.7384","1.7173","","-0.67%"
"12/07/2017","1.7311","1.7130","1.7332","1.7083","","1.10%"
"12/06/2017","1.7123","1.7056","1.7139","1.6911","","0.41%"
"12/05/2017","1.7053","1.7079","1.7096","1.6923","","-0.12%"
"12/04/2017","1.7074","1.7091","1.7169","1.7024","","-0.04%"
"12/01/2017","1.7081","1.7443","1.7470","1.7081","","-2.05%"
"11/30/2017","1.7439","1.7250","1.7462","1.7242","","1.11%"
"11/29/2017","1.7247","1.7095","1.7297","1.7088","","0.92%"
"11/28/2017","1.7089","1.6998","1.7155","1.6930","","0.52%"
"11/27/2017","1.7001","1.6955","1.7026","1.6914","","0.28%"
"11/24/2017","1.6953","1.6922","1.6995","1.6896","","0.24%"
"11/23/2017","1.6913","1.6919","1.6949","1.6855","","0.02%"
"11/22/2017","1.6909","1.6918","1.6946","1.6839","","-0.02%"
"11/21/2017","1.6912","1.6968","1.7014","1.6871","","-0.30%"
"11/20/2017","1.6963","1.6872","1.6983","1.6862","","0.62%"
"11/17/2017","1.6859","1.6832","1.6932","1.6799","","0.18%"
"11/16/2017","1.6828","1.6813","1.6865","1.6781","","0.14%"
"11/15/2017","1.6805","1.6760","1.6855","1.6703","","0.30%"
"11/14/2017","1.6755","1.6701","1.6800","1.6637","","0.36%"
"11/13/2017","1.6695","1.6726","1.6739","1.6587","","-0.16%"
"11/10/2017","1.6722","1.6672","1.6786","1.6622","","0.32%"
"11/09/2017","1.6669","1.6692","1.6731","1.6632","","-0.11%"
"11/08/2017","1.6688","1.6818","1.6831","1.6652","","-0.75%"
"11/07/2017","1.6814","1.6734","1.6839","1.6722","","0.51%"
"11/06/2017","1.6729","1.6701","1.6767","1.6654","","0.27%"
"11/03/2017","1.6684","1.6726","1.6850","1.6644","","-0.23%"
"11/02/2017","1.6722","1.7043","1.7076","1.6712","","-1.85%"
"11/01/2017","1.7038","1.7121","1.7172","1.7026","","-0.44%"
"10/31/2017","1.7113","1.6947","1.7143","1.6933","","1.02%"
"10/30/2017","1.6941","1.6824","1.6969","1.6795","","0.79%"
"10/27/2017","1.6809","1.6905","1.6916","1.6806","","-0.54%"
"10/26/2017","1.6901","1.6973","1.7003","1.6873","","-0.39%"
"10/25/2017","1.6967","1.6650","1.6991","1.6625","","1.93%"
"10/24/2017","1.6645","1.6698","1.6719","1.6604","","-0.29%"
"10/23/2017","1.6693","1.6651","1.6717","1.6613","","0.28%"
"10/20/2017","1.6647","1.6432","1.6662","1.6379","","1.35%"
"10/19/2017","1.6425","1.6464","1.6489","1.6379","","-0.20%"
"10/18/2017","1.6458","1.6519","1.6541","1.6423","","-0.32%"
"10/17/2017","1.6511","1.6583","1.6660","1.6501","","-0.42%"
"10/16/2017","1.6581","1.6613","1.6692","1.6552","","0.13%"
"10/13/2017","1.6560","1.6543","1.6656","1.6516","","0.13%"
"10/12/2017","1.6538","1.6472","1.6573","1.6359","","0.41%"
"10/11/2017","1.6471","1.6525","1.6536","1.6469","","-0.30%"
"10/10/2017","1.6520","1.6491","1.6538","1.6459","","0.20%"
"10/09/2017","1.6487","1.6380","1.6533","1.6360","","0.70%"
"10/06/2017","1.6373","1.6484","1.6493","1.6347","","-0.64%"
"10/05/2017","1.6479","1.6522","1.6544","1.6418","","-0.25%"
"10/04/2017","1.6520","1.6534","1.6590","1.6519","","-0.04%"
"10/03/2017","1.6526","1.6605","1.6640","1.6521","","-0.46%"
"10/02/2017","1.6603","1.6689","1.6721","1.6555","","-0.59%"
"09/29/2017","1.6701","1.6708","1.6797","1.6595","","0.02%"
"09/28/2017","1.6698","1.6699","1.6775","1.6656","","0.03%"
"09/27/2017","1.6693","1.6617","1.6722","1.6528","","0.49%"
"09/26/2017","1.6611","1.6660","1.6733","1.6577","","-0.26%"
"09/25/2017","1.6655","1.6644","1.6733","1.6598","","0.08%"
"09/22/2017","1.6642","1.6743","1.6748","1.6583","","-0.56%"
"09/21/2017","1.6736","1.6625","1.6764","1.6621","","0.69%"
"09/20/2017","1.6621","1.6605","1.6735","1.6552","","0.14%"
"09/19/2017","1.6597","1.6586","1.6678","1.6542","","0.11%"
"09/18/2017","1.6579","1.6563","1.6632","1.6476","","0.05%"
"09/15/2017","1.6570","1.6297","1.6585","1.6283","","1.71%"
"09/14/2017","1.6291","1.6082","1.6364","1.6015","","1.33%"
"09/13/2017","1.6077","1.6184","1.6216","1.6074","","-0.64%"
"09/12/2017","1.6180","1.5940","1.6202","1.5934","","1.52%"
"09/11/2017","1.5937","1.6053","1.6057","1.5935","","-0.62%"
"09/08/2017","1.6037","1.5869","1.6051","1.5834","","1.07%"
"09/07/2017","1.5868","1.5945","1.5975","1.5846","","-0.45%"
"09/06/2017","1.5940","1.6126","1.6209","1.5852","","-1.11%"
"09/05/2017","1.6119","1.6059","1.6168","1.6009","","0.40%"
"09/04/2017","1.6054","1.6073","1.6115","1.6022","","0.03%"
"09/01/2017","1.6049","1.6140","1.6164","1.6029","","-0.53%"
"08/31/2017","1.6135","1.6313","1.6359","1.6113","","-1.07%"
"08/30/2017","1.6309","1.6167","1.6336","1.6153","","0.90%"
"08/29/2017","1.6163","1.6172","1.6226","1.6126","","-0.06%"
"08/28/2017","1.6172","1.6098","1.6182","1.6061","","0.58%"
"08/25/2017","1.6079","1.6025","1.6106","1.6000","","0.37%"
"08/24/2017","1.6019","1.6072","1.6090","1.6013","","-0.30%"
"08/23/2017","1.6068","1.6111","1.6160","1.6045","","-0.22%"
"08/22/2017","1.6103","1.6201","1.6210","1.6054","","-0.56%"
"08/21/2017","1.6194","1.6186","1.6257","1.6158","","-0.02%"
"08/18/2017","1.6197","1.6314","1.6339","1.6132","","-0.67%"
"08/17/2017","1.6306","1.6265","1.6325","1.6223","","0.25%"
"08/16/2017","1.6265","1.6418","1.6437","1.6248","","-0.90%"
"08/15/2017","1.6412","1.6494","1.6522","1.6375","","-0.45%"
"08/14/2017","1.6486","1.6463","1.6520","1.6451","","-0.02%"
"08/11/2017","1.6489","1.6535","1.6569","1.6429","","-0.25%"
"08/10/2017","1.6530","1.6513","1.6557","1.6471","","0.11%"
"08/09/2017","1.6512","1.6456","1.6538","1.6446","","0.37%"
"08/08/2017","1.6451","1.6530","1.6541","1.6411","","-0.44%"
"08/07/2017","1.6523","1.6477","1.6566","1.6477","","0.21%"
"08/04/2017","1.6489","1.6536","1.6552","1.6449","","-0.26%"
"08/03/2017","1.6532","1.6616","1.6726","1.6491","","-0.51%"
"08/02/2017","1.6617","1.6555","1.6663","1.6549","","0.43%"
"08/01/2017","1.6546","1.6490","1.6581","1.6451","","0.36%"
"07/31/2017","1.6486","1.6324","1.6508","1.6311","","0.97%"
"07/28/2017","1.6328","1.6403","1.6449","1.6280","","-0.43%"
"07/27/2017","1.6398","1.6332","1.6437","1.6307","","0.45%"
"07/26/2017","1.6325","1.6294","1.6372","1.6272","","0.22%"
"07/25/2017","1.6289","1.6300","1.6358","1.6275","","-0.02%"
"07/24/2017","1.6292","1.6281","1.6370","1.6271","","0.02%"
"07/21/2017","1.6288","1.6335","1.6394","1.6236","","-0.25%"
"07/20/2017","1.6329","1.6411","1.6450","1.6287","","-0.48%"
"07/19/2017","1.6407","1.6465","1.6495","1.6372","","-0.33%"
"07/18/2017","1.6462","1.6579","1.6616","1.6372","","-0.66%"
"07/17/2017","1.6572","1.6552","1.6591","1.6496","","0.12%"
"07/14/2017","1.6552","1.6461","1.6613","1.6457","","0.60%"
"07/13/2017","1.6453","1.6427","1.6536","1.6415","","0.19%"
"07/12/2017","1.6421","1.6591","1.6676","1.6358","","-0.98%"
"07/11/2017","1.6584","1.6606","1.6697","1.6575","","-0.10%"
"07/10/2017","1.6601","1.6602","1.6668","1.6554","","0.05%"
"07/07/2017","1.6593","1.6833","1.6859","1.6564","","-1.40%"
"07/06/2017","1.6829","1.6759","1.6838","1.6721","","0.44%"
"07/05/2017","1.6756","1.6711","1.6820","1.6688","","0.29%"
"07/04/2017","1.6707","1.6829","1.6859","1.6683","","-0.69%"
"07/03/2017","1.6823","1.6871","1.6912","1.6792","","-0.36%"
"06/30/2017","1.6883","1.6916","1.6924","1.6805","","-0.16%"
"06/29/2017","1.6910","1.6854","1.6943","1.6845","","0.36%"
"06/28/2017","1.6849","1.6917","1.6980","1.6764","","-0.37%"
"06/27/2017","1.6911","1.6853","1.6933","1.6834","","0.40%"
"06/26/2017","1.6843","1.6891","1.6921","1.6825","","-0.15%"
"06/23/2017","1.6868","1.6783","1.6932","1.6764","","0.53%"
"06/22/2017","1.6779","1.6896","1.6918","1.6726","","-0.66%"
"06/21/2017","1.6890","1.6759","1.6905","1.6727","","0.83%"
"06/20/2017","1.6751","1.6836","1.6867","1.6721","","-0.49%"
"06/19/2017","1.6834","1.6900","1.6967","1.6792","","-0.24%"
"06/16/2017","1.6874","1.6928","1.6967","1.6874","","-0.28%"
"06/15/2017","1.6922","1.6890","1.6999","1.6821","","0.20%"
"06/14/2017","1.6889","1.6889","1.6933","1.6784","","0.02%"
"06/13/2017","1.6885","1.6868","1.6918","1.6793","","0.15%"
"06/12/2017","1.6859","1.7139","1.7175","1.6853","","-1.74%"
"06/09/2017","1.7158","1.7499","1.7509","1.7077","","-1.90%"
"06/08/2017","1.7490","1.7507","1.7539","1.7413","","-0.07%"
"06/07/2017","1.7502","1.7371","1.7528","1.7321","","0.79%"
"06/06/2017","1.7365","1.7385","1.7420","1.7321","","-0.10%"
"06/05/2017","1.7382","1.7342","1.7469","1.7326","","0.10%"
"06/02/2017","1.7365","1.7410","1.7440","1.7360","","-0.24%"
"06/01/2017","1.7406","1.7404","1.7434","1.7303","","0.05%"
"05/31/2017","1.7398","1.7307","1.7454","1.7173","","0.55%"
"05/30/2017","1.7303","1.7275","1.7377","1.7238","","0.19%"
"05/29/2017","1.7270","1.7224","1.7296","1.7198","","0.34%"
"05/26/2017","1.7211","1.7452","1.7470","1.7192","","-1.35%"
"05/25/2017","1.7446","1.7394","1.7469","1.7357","","0.30%"
"05/24/2017","1.7393","1.7516","1.7575","1.7371","","-0.67%"
"05/23/2017","1.7511","1.7553","1.7566","1.7447","","-0.22%"
"05/22/2017","1.7549","1.7580","1.7609","1.7519","","-0.36%"
"05/19/2017","1.7612","1.7602","1.7715","1.7580","","0.13%"
"05/18/2017","1.7590","1.7642","1.7826","1.7561","","-0.25%"
"05/17/2017","1.7634","1.7575","1.7697","1.7534","","0.36%"
"05/16/2017","1.7571","1.7581","1.7656","1.7526","","-0.01%"
"05/15/2017","1.7573","1.7671","1.7686","1.7564","","-0.55%"
"05/12/2017","1.7670","1.7650","1.7699","1.7601","","0.16%"
"05/11/2017","1.7641","1.7669","1.7788","1.7611","","-0.12%"
"05/10/2017","1.7662","1.7748","1.7821","1.7649","","-0.45%"
"05/09/2017","1.7741","1.7715","1.7797","1.7663","","0.18%"
"05/08/2017","1.7710","1.7729","1.7775","1.7675","","-0.03%"
"05/05/2017","1.7716","1.7768","1.7857","1.7701","","-0.25%"
"05/04/2017","1.7761","1.7665","1.7799","1.7624","","0.57%"
"05/03/2017","1.7660","1.7738","1.7774","1.7645","","-0.41%"
"05/02/2017","1.7733","1.7630","1.7777","1.7576","","0.60%"
"05/01/2017","1.7627","1.7692","1.7698","1.7618","","-0.25%"
"04/28/2017","1.7671","1.7594","1.7720","1.7561","","0.48%"
"04/27/2017","1.7587","1.7494","1.7648","1.7409","","0.58%"
"04/26/2017","1.7485","1.7429","1.7511","1.7380","","0.36%"
"04/25/2017","1.7423","1.7275","1.7496","1.7265","","0.89%"
"04/24/2017","1.7269","1.7298","1.7317","1.7168","","-0.13%"
"04/21/2017","1.7292","1.7259","1.7305","1.7190","","0.21%"
"04/20/2017","1.7255","1.7233","1.7342","1.7215","","0.16%"
"04/19/2017","1.7227","1.7177","1.7285","1.7171","","0.33%"
"04/18/2017","1.7171","1.6732","1.7278","1.6702","","2.67%"
"04/17/2017","1.6725","1.6694","1.6744","1.6661","","0.23%"
"04/14/2017","1.6686","1.6670","1.6707","1.6649","","0.16%"
"04/13/2017","1.6660","1.6621","1.6684","1.6558","","0.28%"
"04/12/2017","1.6614","1.6645","1.6685","1.6572","","-0.16%"
"04/11/2017","1.6640","1.6546","1.6678","1.6514","","0.60%"
"04/10/2017","1.6540","1.6595","1.6639","1.6533","","-0.26%"
"04/07/2017","1.6583","1.6727","1.6746","1.6549","","-0.81%"
"04/06/2017","1.6719","1.6772","1.6804","1.6711","","-0.28%"
"04/05/2017","1.6766","1.6672","1.6785","1.6648","","0.58%"
"04/04/2017","1.6670","1.6709","1.6751","1.6630","","-0.20%"
"04/03/2017","1.6704","1.6708","1.6765","1.6658","","-0.05%"
"03/31/2017","1.6712","1.6638","1.6734","1.6565","","0.47%"
"03/30/2017","1.6634","1.6570","1.6661","1.6537","","0.41%"
"03/29/2017","1.6566","1.6661","1.6679","1.6553","","-0.55%"
"03/28/2017","1.6658","1.6798","1.6886","1.6637","","-0.82%"
"03/27/2017","1.6795","1.6704","1.6894","1.6664","","0.68%"
"03/24/2017","1.6681","1.6716","1.6735","1.6658","","-0.17%"
"03/23/2017","1.6709","1.6639","1.6730","1.6619","","0.44%"
"03/22/2017","1.6635","1.6661","1.6717","1.6615","","-0.11%"
"03/21/2017","1.6654","1.6494","1.6686","1.6480","","0.98%"
"03/20/2017","1.6492","1.6548","1.6587","1.6475","","-0.30%"
"03/17/2017","1.6541","1.6464","1.6553","1.6432","","0.51%"
"03/16/2017","1.6457","1.6348","1.6502","1.6290","","0.66%"
"03/15/2017","1.6349","1.6384","1.6495","1.6339","","-0.18%"
"03/14/2017","1.6378","1.6429","1.6444","1.6302","","-0.29%"
"03/13/2017","1.6426","1.6385","1.6473","1.6353","","0.22%"
"03/10/2017","1.6390","1.6438","1.6442","1.6328","","-0.27%"
"03/09/2017","1.6434","1.6419","1.6490","1.6388","","0.11%"
"03/08/2017","1.6416","1.6364","1.6427","1.6313","","0.32%"
"03/07/2017","1.6363","1.6410","1.6420","1.6327","","-0.26%"
"03/06/2017","1.6406","1.6451","1.6472","1.6393","","-0.19%"
"03/03/2017","1.6438","1.6427","1.6463","1.6374","","0.11%"
"03/02/2017","1.6420","1.6384","1.6456","1.6368","","0.26%"
"03/01/2017","1.6378","1.6468","1.6517","1.6353","","-0.52%"
"02/28/2017","1.6464","1.6403","1.6508","1.6349","","0.42%"
"02/27/2017","1.6395","1.6338","1.6408","1.6238","","0.48%"
"02/24/2017","1.6317","1.6453","1.6474","1.6300","","-0.80%"
"02/23/2017","1.6448","1.6391","1.6465","1.6333","","0.38%"
"02/22/2017","1.6385","1.6393","1.6453","1.6360","","-0.01%"
"02/21/2017","1.6387","1.6333","1.6410","1.6293","","0.37%"
"02/20/2017","1.6326","1.6261","1.6366","1.6244","","0.43%"
"02/17/2017","1.6256","1.6323","1.6349","1.6206","","-0.39%"
"02/16/2017","1.6319","1.6296","1.6351","1.6264","","0.17%"
"02/15/2017","1.6291","1.6311","1.6328","1.6221","","-0.06%"
"02/14/2017","1.6301","1.6374","1.6384","1.6231","","-0.41%"
"02/13/2017","1.6368","1.6318","1.6421","1.6316","","0.21%"
"02/10/2017","1.6333","1.6427","1.6462","1.6276","","-0.54%"
"02/09/2017","1.6421","1.6481","1.6523","1.6400","","-0.35%"
"02/08/2017","1.6479","1.6495","1.6511","1.6406","","-0.05%"
"02/07/2017","1.6487","1.6311","1.6523","1.6267","","1.09%"
"02/06/2017","1.6309","1.6271","1.6367","1.6212","","0.31%"
"02/03/2017","1.6258","1.6317","1.6342","1.6216","","-0.30%"
"02/02/2017","1.6307","1.6515","1.6530","1.6286","","-1.23%"
"02/01/2017","1.6510","1.6394","1.6565","1.6383","","0.76%"
"01/31/2017","1.6385","1.6378","1.6425","1.6260","","0.09%"
"01/30/2017","1.6371","1.6502","1.6554","1.6318","","-0.77%"
"01/27/2017","1.6498","1.6483","1.6518","1.6414","","0.15%"
"01/26/2017","1.6473","1.6513","1.6590","1.6448","","-0.20%"
"01/25/2017","1.6506","1.6476","1.6549","1.6421","","0.20%"
"01/24/2017","1.6473","1.6593","1.6634","1.6406","","-0.69%"
"01/23/2017","1.6587","1.6480","1.6626","1.6461","","0.64%"
"01/20/2017","1.6481","1.6440","1.6494","1.6382","","0.27%"
"01/19/2017","1.6436","1.6267","1.6446","1.6244","","1.06%"
"01/18/2017","1.6264","1.6191","1.6300","1.6071","","0.47%"
"01/17/2017","1.6188","1.5874","1.6201","1.5824","","2.04%"
"01/16/2017","1.5864","1.5821","1.5894","1.5719","","-0.63%"
"01/13/2017","1.5964","1.5983","1.6079","1.5944","","-0.12%"
"01/12/2017","1.5983","1.6095","1.6118","1.5947","","-0.67%"
"01/11/2017","1.6090","1.6113","1.6149","1.5965","","-0.11%"
"01/10/2017","1.6108","1.6073","1.6123","1.6002","","0.24%"
"01/09/2017","1.6070","1.6240","1.6258","1.6033","","-1.13%"
"01/06/2017","1.6253","1.6410","1.6446","1.6229","","-1.01%"
"01/05/2017","1.6419","1.6392","1.6452","1.6314","","0.23%"
"01/04/2017","1.6382","1.6435","1.6503","1.6327","","-0.30%"
"01/03/2017","1.6431","1.6496","1.6545","1.6390","","-0.38%"
"01/02/2017","1.6494","1.6594","1.6607","1.6468","","-0.44%"
"12/30/2016","1.6567","1.6558","1.6649","1.6526","","0.12%"
"12/29/2016","1.6547","1.6580","1.6605","1.6480","","-0.16%"
"12/28/2016","1.6573","1.6658","1.6695","1.6538","","-0.49%"
"12/27/2016","1.6654","1.6602","1.6672","1.6553","","0.39%"
"12/26/2016","1.6589","1.6602","1.6644","1.6544","","-0.26%"
"12/23/2016","1.6633","1.6562","1.6644","1.6516","","0.47%"
"12/22/2016","1.6556","1.6570","1.6666","1.6547","","-0.05%"
"12/21/2016","1.6565","1.6530","1.6589","1.6482","","0.25%"
"12/20/2016","1.6524","1.6626","1.6646","1.6483","","-0.59%"
"12/19/2016","1.6622","1.6661","1.6696","1.6537","","-0.14%"
"12/16/2016","1.6646","1.6564","1.6698","1.6512","","0.56%"
"12/15/2016","1.6554","1.6688","1.6730","1.6553","","-0.76%"
"12/14/2016","1.6681","1.6621","1.6764","1.6560","","0.40%"
"12/13/2016","1.6614","1.6649","1.6704","1.6601","","-0.16%"
"12/12/2016","1.6641","1.6541","1.6691","1.6483","","0.45%"
"12/09/2016","1.6566","1.6606","1.6641","1.6531","","-0.19%"
"12/08/2016","1.6597","1.6703","1.6797","1.6571","","-0.60%"
"12/07/2016","1.6698","1.6833","1.6848","1.6673","","-0.77%"
"12/06/2016","1.6827","1.6899","1.6992","1.6808","","-0.37%"
"12/05/2016","1.6890","1.6921","1.6978","1.6801","","-0.09%"
"12/02/2016","1.6906","1.6761","1.6932","1.6717","","0.88%"
"12/01/2016","1.6758","1.6800","1.6985","1.6709","","-0.23%"
"11/30/2016","1.6797","1.6778","1.6827","1.6609","","0.16%"
"11/29/2016","1.6771","1.6653","1.6846","1.6620","","0.78%"
"11/28/2016","1.6642","1.6859","1.6887","1.6616","","-1.38%"
"11/25/2016","1.6875","1.6800","1.6899","1.6735","","0.52%"
"11/24/2016","1.6787","1.6779","1.6856","1.6751","","0.08%"
"11/23/2016","1.6773","1.6699","1.6815","1.6619","","0.49%"
"11/22/2016","1.6692","1.6765","1.6782","1.6608","","-0.39%"
"11/21/2016","1.6758","1.6690","1.6832","1.6567","","0.58%"
"11/18/2016","1.6662","1.6792","1.6845","1.6629","","-0.73%"
"11/17/2016","1.6785","1.6727","1.6811","1.6665","","0.35%"
"11/16/2016","1.6726","1.6753","1.6816","1.6665","","-0.12%"
"11/15/2016","1.6746","1.6928","1.6961","1.6680","","-1.08%"
"11/14/2016","1.6928","1.7014","1.7049","1.6882","","-0.77%"
"11/11/2016","1.7059","1.6910","1.7125","1.6878","","0.89%"
"11/10/2016","1.6908","1.6650","1.6942","1.6614","","1.58%"
"11/09/2016","1.6645","1.6451","1.6974","1.6395","","1.30%"
"11/08/2016","1.6432","1.6569","1.6630","1.6423","","-0.77%"
"11/07/2016","1.6560","1.6773","1.6788","1.6554","","-1.26%"
"11/04/2016","1.6771","1.6696","1.6857","1.6680","","0.49%"
"11/03/2016","1.6689","1.6478","1.6731","1.6458","","1.37%"
"11/02/2016","1.6463","1.6393","1.6532","1.6368","","0.46%"
"11/01/2016","1.6388","1.6417","1.6441","1.6323","","-0.16%"
"10/31/2016","1.6414","1.6322","1.6441","1.6266","","0.59%"
"10/28/2016","1.6318","1.6284","1.6377","1.6212","","0.25%"
"10/27/2016","1.6277","1.6390","1.6402","1.6270","","-0.63%"
"10/26/2016","1.6381","1.6274","1.6395","1.6225","","0.70%"
"10/25/2016","1.6267","1.6262","1.6331","1.6122","","0.08%"
"10/24/2016","1.6254","1.6295","1.6368","1.6255","","-0.34%"
"10/21/2016","1.6310","1.6208","1.6330","1.6101","","0.65%"
"10/20/2016","1.6204","1.6112","1.6222","1.6096","","0.59%"
"10/19/2016","1.6109","1.6120","1.6144","1.5984","","-0.04%"
"10/18/2016","1.6115","1.5991","1.6175","1.5981","","0.81%"
"10/17/2016","1.5985","1.6019","1.6064","1.5922","","-0.15%"
"10/14/2016","1.6009","1.6166","1.6177","1.5986","","-0.93%"
"10/13/2016","1.6159","1.6206","1.6217","1.6111","","-0.27%"
"10/12/2016","1.6203","1.6081","1.6290","1.6045","","0.85%"
"10/11/2016","1.6067","1.6289","1.6306","1.6027","","-1.30%"
"10/10/2016","1.6279","1.6532","1.6546","1.6250","","-1.52%"
"10/07/2016","1.6530","1.6672","1.6690","1.5642","","-0.82%"
"10/06/2016","1.6666","1.6795","1.6822","1.6653","","-0.77%"
"10/05/2016","1.6795","1.6792","1.6853","1.6729","","0.05%"
"10/04/2016","1.6787","1.6846","1.6885","1.6741","","-0.34%"
"10/03/2016","1.6845","1.6987","1.6995","1.6815","","-1.10%"
"09/30/2016","1.7032","1.7045","1.7101","1.6984","","-0.05%"
"09/29/2016","1.7040","1.7029","1.7092","1.6974","","0.09%"
"09/28/2016","1.7024","1.7185","1.7240","1.7018","","-0.89%"
"09/27/2016","1.7177","1.7159","1.7243","1.7087","","0.12%"
"09/26/2016","1.7156","1.7059","1.7182","1.7009","","0.44%"
"09/23/2016","1.7080","1.7056","1.7088","1.6888","","0.17%"
"09/22/2016","1.7051","1.7066","1.7100","1.6990","","-0.06%"
"09/21/2016","1.7061","1.7131","1.7170","1.7064","","-0.37%"
"09/20/2016","1.7125","1.7201","1.7247","1.7101","","-0.44%"
"09/19/2016","1.7200","1.7172","1.7245","1.7136","","0.22%"
"09/16/2016","1.7162","1.7422","1.7437","1.7167","","-1.49%"
"09/15/2016","1.7421","1.7464","1.7529","1.7326","","-0.21%"
"09/14/2016","1.7458","1.7386","1.7482","1.7315","","0.45%"
"09/13/2016","1.7379","1.7391","1.7450","1.7326","","-0.01%"
"09/12/2016","1.7380","1.7311","1.7447","1.7286","","0.45%"
"09/09/2016","1.7302","1.7198","1.7325","1.7182","","0.66%"
"09/08/2016","1.7189","1.7190","1.7218","1.7139","","0.03%"
"09/07/2016","1.7183","1.7261","1.7277","1.7131","","-0.42%"
"09/06/2016","1.7256","1.7201","1.7306","1.7182","","0.38%"
"09/05/2016","1.7190","1.7283","1.7293","1.7176","","-0.46%"
"09/02/2016","1.7269","1.7385","1.7426","1.7254","","-0.64%"
"09/01/2016","1.7380","1.7219","1.7461","1.7201","","0.96%"
"08/31/2016","1.7215","1.7136","1.7261","1.7115","","0.49%"
"08/30/2016","1.7131","1.7044","1.7160","1.7021","","0.53%"
"08/29/2016","1.7040","1.7076","1.7100","1.6994","","-0.22%"
"08/26/2016","1.7077","1.7046","1.7099","1.6971","","0.22%"
"08/25/2016","1.7040","1.7108","1.7139","1.7019","","-0.35%"
"08/24/2016","1.7100","1.7040","1.7160","1.7022","","0.37%"
"08/23/2016","1.7037","1.7007","1.7058","1.6951","","0.19%"
"08/22/2016","1.7005","1.6813","1.7027","1.6791","","1.06%"
"08/19/2016","1.6826","1.6838","1.6863","1.6735","","0.00%"
"08/18/2016","1.6826","1.6754","1.6885","1.6717","","0.48%"
"08/17/2016","1.6746","1.6781","1.6829","1.6716","","-0.16%"
"08/16/2016","1.6772","1.6645","1.6787","1.6605","","0.81%"
"08/15/2016","1.6638","1.6738","1.6782","1.6605","","-0.51%"
"08/12/2016","1.6724","1.6833","1.6865","1.6711","","-0.61%"
"08/11/2016","1.6826","1.6989","1.7015","1.6784","","-0.94%"
"08/10/2016","1.6985","1.7053","1.7113","1.6952","","-0.38%"
"08/09/2016","1.7050","1.7147","1.7187","1.7010","","-0.57%"
"08/08/2016","1.7148","1.7212","1.7257","1.7123","","-0.33%"
"08/05/2016","1.7205","1.7063","1.7256","1.7055","","0.87%"
"08/04/2016","1.7056","1.7415","1.7458","1.7041","","-2.03%"
"08/03/2016","1.7410","1.7513","1.7549","1.7391","","-0.55%"
"08/02/2016","1.7507","1.7296","1.7517","1.7270","","1.29%"
"08/01/2016","1.7284","1.7244","1.7313","1.7201","","0.27%"
"07/29/2016","1.7237","1.7321","1.7397","1.7229","","-0.45%"
"07/28/2016","1.7315","1.7440","1.7456","1.7280","","-0.68%"
"07/27/2016","1.7433","1.7320","1.7452","1.7240","","0.72%"
"07/26/2016","1.7309","1.7365","1.7398","1.7255","","-0.31%"
"07/25/2016","1.7362","1.7208","1.7382","1.7207","","0.91%"
"07/22/2016","1.7206","1.7317","1.7458","1.7097","","-0.62%"
"07/21/2016","1.7313","1.7250","1.7346","1.7163","","0.40%"
"07/20/2016","1.7244","1.7071","1.7264","1.7026","","1.04%"
"07/19/2016","1.7067","1.7159","1.7209","1.7021","","-0.52%"
"07/18/2016","1.7156","1.7078","1.7295","1.7059","","0.29%"
"07/15/2016","1.7106","1.7201","1.7377","1.7032","","-0.51%"
"07/14/2016","1.7193","1.7057","1.7420","1.6988","","0.80%"
"07/13/2016","1.7057","1.7272","1.7418","1.7032","","-1.23%"
"07/12/2016","1.7269","1.7035","1.7286","1.7019","","1.37%"
"07/11/2016","1.7035","1.6897","1.7080","1.6827","","0.83%"
"07/08/2016","1.6895","1.6784","1.6977","1.6744","","0.69%"
"07/07/2016","1.6780","1.6761","1.6882","1.6687","","0.14%"
"07/06/2016","1.6756","1.6899","1.6925","1.6696","","-0.85%"
"07/05/2016","1.6899","1.7074","1.7100","1.6826","","-0.98%"
"07/04/2016","1.7067","1.7146","1.7167","1.7042","","-0.35%"
"07/01/2016","1.7127","1.7204","1.7322","1.7092","","-0.41%"
"06/30/2016","1.7198","1.7361","1.7483","1.7145","","-0.91%"
"06/29/2016","1.7356","1.7374","1.7600","1.7313","","-0.08%"
"06/28/2016","1.7370","1.7281","1.7487","1.7240","","0.49%"
"06/27/2016","1.7286","1.7623","1.7626","1.7138","","-2.79%"
"06/24/2016","1.7783","1.8993","1.9136","1.7253","","-6.29%"
"06/23/2016","1.8977","1.8890","1.9068","1.8813","","0.50%"
"06/22/2016","1.8882","1.8774","1.8920","1.8711","","0.60%"
"06/21/2016","1.8770","1.8823","1.8885","1.8721","","-0.23%"
"06/20/2016","1.8813","1.8489","1.8837","1.8489","","1.65%"
"06/17/2016","1.8508","1.8417","1.8530","1.8336","","0.52%"
"06/16/2016","1.8413","1.8342","1.8442","1.8298","","0.42%"
"06/15/2016","1.8336","1.8172","1.8370","1.8125","","0.94%"
"06/14/2016","1.8165","1.8320","1.8326","1.8108","","-0.81%"
"06/13/2016","1.8314","1.8186","1.8333","1.8031","","0.50%"
"06/10/2016","1.8223","1.8394","1.8433","1.8120","","-0.94%"
"06/09/2016","1.8395","1.8408","1.8493","1.8347","","-0.06%"
"06/08/2016","1.8406","1.8522","1.8561","1.8395","","-0.60%"
"06/07/2016","1.8518","1.8512","1.8783","1.8498","","0.10%"
"06/06/2016","1.8500","1.8780","1.8794","1.8501","","-1.47%"
"06/03/2016","1.8776","1.8892","1.8940","1.8749","","-0.57%"
"06/02/2016","1.8884","1.8852","1.8989","1.8830","","0.19%"
"06/01/2016","1.8848","1.8957","1.8975","1.8817","","-0.55%"
"05/31/2016","1.8953","1.9104","1.9172","1.8943","","-0.76%"
"05/30/2016","1.9098","1.9015","1.9149","1.9013","","0.35%"
"05/27/2016","1.9031","1.9041","1.9131","1.9014","","-0.03%"
"05/26/2016","1.9036","1.9129","1.9172","1.8985","","-0.49%"
"05/25/2016","1.9129","1.9205","1.9308","1.9118","","-0.35%"
"05/24/2016","1.9197","1.9037","1.9252","1.9021","","0.87%"
"05/23/2016","1.9031","1.9022","1.9100","1.8991","","0.11%"
"05/20/2016","1.9011","1.9133","1.9143","1.9004","","-0.59%"
"05/19/2016","1.9123","1.9028","1.9212","1.8988","","0.54%"
"05/18/2016","1.9020","1.8668","1.9032","1.8648","","1.91%"
"05/17/2016","1.8663","1.8565","1.8749","1.8555","","0.55%"
"05/16/2016","1.8561","1.8549","1.8613","1.8513","","-0.12%"
"05/13/2016","1.8583","1.8563","1.8605","1.8501","","0.15%"
"05/12/2016","1.8555","1.8566","1.8617","1.8476","","-0.02%"
"05/11/2016","1.8559","1.8643","1.8696","1.8542","","-0.43%"
"05/10/2016","1.8640","1.8675","1.8753","1.8632","","-0.14%"
"05/09/2016","1.8666","1.8630","1.8736","1.8602","","0.24%"
"05/06/2016","1.8622","1.8618","1.8726","1.8588","","0.06%"
"05/05/2016","1.8611","1.8651","1.8670","1.8547","","-0.19%"
"05/04/2016","1.8646","1.8489","1.8679","1.8431","","0.87%"
"05/03/2016","1.8485","1.8383","1.8518","1.8347","","0.58%"
"05/02/2016","1.8378","1.8336","1.8415","1.8290","","0.22%"
"04/29/2016","1.8338","1.8338","1.8381","1.8235","","0.03%"
"04/28/2016","1.8333","1.8323","1.8348","1.8260","","0.10%"
"04/27/2016","1.8314","1.8380","1.8433","1.8307","","-0.33%"
"04/26/2016","1.8374","1.8364","1.8508","1.8347","","0.10%"
"04/25/2016","1.8356","1.8272","1.8412","1.8267","","0.62%"
"04/22/2016","1.8243","1.8240","1.8328","1.8186","","0.04%"
"04/21/2016","1.8236","1.8139","1.8286","1.8103","","0.57%"
"04/20/2016","1.8133","1.8234","1.8290","1.8108","","-0.54%"
"04/19/2016","1.8232","1.8254","1.8322","1.8181","","-0.07%"
"04/18/2016","1.8245","1.8407","1.8456","1.8244","","0.27%"
"04/15/2016","1.8195","1.8183","1.8305","1.8115","","0.10%"
"04/14/2016","1.8177","1.8204","1.8224","1.8107","","-0.09%"
"04/13/2016","1.8194","1.8213","1.8252","1.8122","","-0.09%"
"04/12/2016","1.8211","1.8366","1.8450","1.8187","","-0.83%"
"04/11/2016","1.8364","1.8345","1.8507","1.8320","","0.14%"
"04/08/2016","1.8339","1.8480","1.8506","1.8285","","-0.71%"
"04/07/2016","1.8471","1.8485","1.8577","1.8374","","-0.04%"
"04/06/2016","1.8479","1.8604","1.8617","1.8427","","-0.64%"
"04/05/2016","1.8598","1.8666","1.8743","1.8589","","-0.33%"
"04/04/2016","1.8659","1.8504","1.8688","1.8502","","0.86%"
"04/01/2016","1.8499","1.8677","1.8729","1.8488","","-0.92%"
"03/31/2016","1.8671","1.8643","1.8695","1.8472","","0.18%"
"03/30/2016","1.8637","1.8807","1.8830","1.8616","","-0.86%"
"03/29/2016","1.8798","1.8796","1.8855","1.8741","","0.04%"
"03/28/2016","1.8790","1.8755","1.8852","1.8715","","0.10%"
"03/25/2016","1.8771","1.8749","1.8789","1.8683","","0.14%"
"03/24/2016","1.8744","1.8640","1.8795","1.8624","","0.58%"
"03/23/2016","1.8636","1.8540","1.8673","1.8503","","0.57%"
"03/22/2016","1.8530","1.8827","1.8835","1.8503","","-1.54%"
"03/21/2016","1.8819","1.8831","1.8894","1.8755","","-0.01%"
"03/18/2016","1.8820","1.8790","1.8883","1.8731","","0.21%"
"03/17/2016","1.8781","1.8674","1.8892","1.8507","","0.59%"
"03/16/2016","1.8670","1.8899","1.8912","1.8672","","-1.20%"
"03/15/2016","1.8896","1.8963","1.9053","1.8883","","-0.33%"
"03/14/2016","1.8959","1.9004","1.9078","1.8954","","-0.27%"
"03/11/2016","1.9010","1.9053","1.9098","1.8886","","-0.20%"
"03/10/2016","1.9049","1.8843","1.9167","1.8755","","1.11%"
"03/09/2016","1.8840","1.9069","1.9089","1.8819","","-1.17%"
"03/08/2016","1.9063","1.8944","1.9083","1.8891","","0.67%"
"03/07/2016","1.8937","1.8954","1.8984","1.8866","","-0.01%"
"03/04/2016","1.8938","1.9002","1.9082","1.8915","","-0.27%"
"03/03/2016","1.8989","1.8889","1.9027","1.8854","","0.56%"
"03/02/2016","1.8883","1.8702","1.8985","1.8698","","1.00%"
"03/01/2016","1.8696","1.8845","1.8949","1.8671","","-0.75%"
"02/29/2016","1.8838","1.8741","1.8894","1.8721","","0.54%"
"02/26/2016","1.8736","1.8891","1.8989","1.8727","","-0.81%"
"02/25/2016","1.8889","1.9079","1.9150","1.8870","","-1.00%"
"02/24/2016","1.9079","1.9342","1.9356","1.9048","","-1.34%"
"02/23/2016","1.9339","1.9395","1.9497","1.9264","","-0.25%"
"02/22/2016","1.9388","1.9831","1.9831","1.9262","","-2.21%"
"02/19/2016","1.9827","1.9678","1.9844","1.9639","","0.81%"
"02/18/2016","1.9668","1.9546","1.9734","1.9501","","0.68%"
"02/17/2016","1.9536","1.9829","1.9865","1.9532","","-1.45%"
"02/16/2016","1.9823","1.9975","2.0037","1.9790","","-0.71%"
"02/15/2016","1.9965","2.0088","2.0122","1.9928","","-0.58%"
"02/12/2016","2.0082","2.0178","2.0268","1.9983","","-0.43%"
"02/11/2016","2.0168","2.0222","2.0294","2.0076","","-0.24%"
"02/10/2016","2.0216","2.0071","2.0262","2.0015","","0.76%"
"02/09/2016","2.0063","2.0098","2.0138","1.9886","","-0.14%"
"02/08/2016","2.0091","2.0175","2.0175","2.0016","","-0.41%"
"02/05/2016","2.0174","2.0065","2.0194","1.9921","","0.54%"
"02/04/2016","2.0066","2.0124","2.0136","1.9886","","-0.23%"
"02/03/2016","2.0113","2.0251","2.0317","2.0085","","-0.65%"
"02/02/2016","2.0245","2.0132","2.0298","2.0100","","0.62%"
"02/01/2016","2.0121","1.9897","2.0180","1.9882","","1.10%"
"01/29/2016","1.9902","2.0149","2.0190","1.9872","","-1.18%"
"01/28/2016","2.0139","2.0060","2.0283","2.0022","","0.40%"
"01/27/2016","2.0059","2.0262","2.0279","1.9994","","-0.96%"
"01/26/2016","2.0254","2.0364","2.0384","2.0143","","-0.51%"
"01/25/2016","2.0358","2.0147","2.0370","2.0142","","1.12%"
"01/22/2016","2.0132","2.0283","2.0343","2.0133","","-0.72%"
"01/21/2016","2.0278","2.0584","2.0621","2.0201","","-1.45%"
"01/20/2016","2.0577","2.0640","2.0801","2.0505","","-0.25%"
"01/19/2016","2.0629","2.0744","2.0758","2.0498","","-0.52%"
"01/18/2016","2.0736","2.0741","2.0851","2.0690","","0.07%"
"01/15/2016","2.0722","2.0705","2.0918","2.0672","","0.09%"
"01/14/2016","2.0703","2.0659","2.0763","2.0640","","0.24%"
"01/13/2016","2.0654","2.0600","2.0776","2.0451","","0.26%"
"01/12/2016","2.0600","2.0675","2.0729","2.0435","","-0.33%"
"01/11/2016","2.0669","2.0576","2.0748","2.0518","","0.49%"
"01/08/2016","2.0568","2.0632","2.0663","2.0475","","-0.28%"
"01/07/2016","2.0626","2.0590","2.0681","2.0466","","0.22%"
"01/06/2016","2.0580","2.0536","2.0667","2.0504","","0.24%"
"01/05/2016","2.0531","2.0533","2.0554","2.0419","","0.01%"
"01/04/2016","2.0529","2.0432","2.0597","2.0354","","0.55%"
"01/01/2016","2.0416","2.0395","2.0504","2.0395","","0.10%"
"12/31/2015","2.0396","2.0561","2.0622","2.0358","","-0.77%"
"12/30/2015","2.0555","2.0505","2.0676","2.0490","","0.28%"
"12/29/2015","2.0498","2.0685","2.0709","2.0458","","-0.90%"
"12/28/2015","2.0684","2.0636","2.0736","2.0597","","0.23%"
"12/25/2015","2.0636","2.0613","2.0678","2.0573","","0.15%"
"12/24/2015","2.0605","2.0592","2.0712","2.0581","","0.10%"
"12/23/2015","2.0585","2.0641","2.0755","2.0569","","-0.23%"
"12/22/2015","2.0632","2.0777","2.0797","2.0614","","-0.67%"
"12/21/2015","2.0772","2.0797","2.0869","2.0724","","-0.03%"
"12/18/2015","2.0779","2.0767","2.0869","2.0651","","0.08%"
"12/17/2015","2.0763","2.0671","2.0811","2.0598","","0.47%"
"12/16/2015","2.0666","2.0646","2.0793","2.0621","","0.13%"
"12/15/2015","2.0640","2.0795","2.0842","2.0611","","-0.73%"
"12/14/2015","2.0792","2.0936","2.0954","2.0698","","-0.65%"
"12/11/2015","2.0927","2.0654","2.0956","2.0641","","1.36%"
"12/10/2015","2.0647","2.0612","2.0680","2.0467","","0.16%"
"12/09/2015","2.0613","2.0389","2.0650","2.0359","","1.13%"
"12/08/2015","2.0383","2.0317","2.0431","2.0293","","0.36%"
"12/07/2015","2.0310","2.0178","2.0382","2.0176","","0.60%"
"12/04/2015","2.0188","2.0229","2.0287","2.0133","","-0.17%"
"12/03/2015","2.0223","1.9952","2.0240","1.9847","","1.40%"
"12/02/2015","1.9944","2.0141","2.0161","1.9924","","-0.95%"
"12/01/2015","2.0136","2.0119","2.0182","2.0050","","0.10%"
"11/30/2015","2.0115","2.0110","2.0137","2.0020","","0.06%"
"11/27/2015","2.0102","2.0075","2.0133","2.0029","","0.15%"
"11/26/2015","2.0072","2.0101","2.0132","2.0047","","-0.11%"
"11/25/2015","2.0095","2.0066","2.0152","2.0025","","0.16%"
"11/24/2015","2.0062","2.0210","2.0224","2.0011","","-0.72%"
"11/23/2015","2.0208","2.0269","2.0347","2.0188","","-0.28%"
"11/20/2015","2.0264","2.0309","2.0367","2.0228","","-0.20%"
"11/19/2015","2.0304","2.0269","2.0355","2.0202","","0.22%"
"11/18/2015","2.0259","2.0264","2.0350","2.0217","","0.00%"
"11/17/2015","2.0258","2.0258","2.0294","2.0193","","0.01%"
"11/16/2015","2.0256","2.0307","2.0330","2.0199","","-0.16%"
"11/13/2015","2.0288","2.0248","2.0309","2.0188","","0.23%"
"11/12/2015","2.0241","2.0174","2.0297","2.0132","","0.39%"
"11/11/2015","2.0163","2.0069","2.0204","2.0058","","0.50%"
"11/10/2015","2.0062","2.0081","2.0099","2.0004","","-0.07%"
"11/09/2015","2.0076","2.0029","2.0094","1.9980","","0.27%"
"11/06/2015","2.0022","2.0025","2.0069","1.9888","","0.02%"
"11/05/2015","2.0017","2.0231","2.0283","1.9996","","-1.02%"
"11/04/2015","2.0223","2.0142","2.0271","2.0110","","0.44%"
"11/03/2015","2.0135","2.0187","2.0240","2.0101","","-0.21%"
"11/02/2015","2.0178","2.0203","2.0313","2.0158","","0.02%"
"10/30/2015","2.0174","2.0163","2.0269","2.0138","","0.07%"
"10/29/2015","2.0159","2.0134","2.0210","2.0082","","0.15%"
"10/28/2015","2.0128","2.0292","2.0330","2.0056","","-0.78%"
"10/27/2015","2.0287","2.0191","2.0323","2.0188","","0.51%"
"10/26/2015","2.0184","2.0161","2.0229","2.0136","","0.15%"
"10/23/2015","2.0153","2.0151","2.0267","2.0079","","0.04%"
"10/22/2015","2.0144","2.0260","2.0334","2.0131","","-0.53%"
"10/21/2015","2.0252","2.0039","2.0290","2.0023","","1.06%"
"10/20/2015","2.0040","2.0130","2.0200","1.9998","","-0.40%"
"10/19/2015","2.0121","1.9936","2.0155","1.9924","","1.00%"
"10/16/2015","1.9922","1.9880","1.9989","1.9855","","0.24%"
"10/15/2015","1.9874","2.0018","2.0035","1.9868","","-0.71%"
"10/14/2015","2.0016","1.9875","2.0091","1.9846","","0.70%"
"10/13/2015","1.9876","1.9947","2.0054","1.9729","","-0.31%"
"10/12/2015","1.9938","1.9835","1.9974","1.9795","","0.68%"
"10/09/2015","1.9804","1.9981","1.9990","1.9773","","-0.83%"
"10/08/2015","1.9970","1.9998","2.0035","1.9909","","-0.11%"
"10/07/2015","1.9992","1.9847","2.0033","1.9829","","0.79%"
"10/06/2015","1.9836","1.9818","1.9926","1.9799","","0.12%"
"10/05/2015","1.9812","1.9970","2.0018","1.9806","","-0.73%"
"10/02/2015","1.9958","2.0073","2.0157","1.9948","","-0.54%"
"10/01/2015","2.0067","2.0139","2.0172","2.0036","","-0.35%"
"09/30/2015","2.0137","2.0338","2.0378","2.0120","","-0.93%"
"09/29/2015","2.0326","2.0332","2.0402","2.0258","","0.00%"
"09/28/2015","2.0327","2.0244","2.0334","2.0224","","0.41%"
"09/25/2015","2.0244","2.0274","2.0336","2.0168","","-0.12%"
"09/24/2015","2.0268","2.0308","2.0443","2.0254","","-0.15%"
"09/23/2015","2.0299","2.0390","2.0409","2.0196","","-0.42%"
"09/22/2015","2.0384","2.0555","2.0565","2.0363","","-0.81%"
"09/21/2015","2.0550","2.0550","2.0564","2.0446","","0.06%"
"09/18/2015","2.0537","2.0553","2.0557","2.0333","","-0.04%"
"09/17/2015","2.0545","2.0406","2.0559","2.0397","","0.71%"
"09/16/2015","2.0400","2.0328","2.0511","2.0257","","0.39%"
"09/15/2015","2.0321","2.0461","2.0476","2.0296","","-0.65%"
"09/14/2015","2.0454","2.0457","2.0494","2.0361","","-0.01%"
"09/11/2015","2.0456","2.0471","2.0513","2.0397","","-0.05%"
"09/10/2015","2.0467","2.0373","2.0522","2.0268","","0.51%"
"09/09/2015","2.0364","2.0336","2.0390","2.0235","","0.18%"
"09/08/2015","2.0328","2.0328","2.0439","2.0261","","0.05%"
"09/07/2015","2.0317","2.0159","2.0351","2.0109","","0.85%"
"09/04/2015","2.0146","2.0108","2.0194","2.0063","","0.24%"
"09/03/2015","2.0097","2.0299","2.0332","2.0027","","-0.98%"
"09/02/2015","2.0296","2.0293","2.0390","2.0171","","0.04%"
"09/01/2015","2.0288","2.0156","2.0336","2.0092","","0.66%"
"08/31/2015","2.0155","2.0331","2.0533","2.0125","","-0.79%"
"08/28/2015","2.0316","2.0327","2.0472","2.0283","","-0.03%"
"08/27/2015","2.0322","2.0552","2.0604","2.0280","","-1.08%"
"08/26/2015","2.0544","2.0922","2.0963","2.0545","","-1.78%"
"08/25/2015","2.0916","2.0963","2.0978","2.0778","","-0.20%"
"08/24/2015","2.0957","2.0705","2.0978","2.0664","","1.28%"
"08/21/2015","2.0692","2.0534","2.0707","2.0468","","0.79%"
"08/20/2015","2.0530","2.0585","2.0622","2.0471","","-0.25%"
"08/19/2015","2.0582","2.0452","2.0622","2.0420","","0.68%"
"08/18/2015","2.0442","2.0385","2.0595","2.0380","","0.33%"
"08/17/2015","2.0374","2.0479","2.0578","2.0357","","-0.46%"
"08/14/2015","2.0469","2.0384","2.0507","2.0366","","0.45%"
"08/13/2015","2.0378","2.0260","2.0424","2.0247","","0.60%"
"08/12/2015","2.0257","2.0420","2.0466","2.0227","","-0.77%"
"08/11/2015","2.0415","2.0266","2.0483","2.0260","","0.76%"
"08/10/2015","2.0262","2.0351","2.0403","2.0258","","-0.39%"
"08/07/2015","2.0342","2.0335","2.0407","2.0204","","0.08%"
"08/06/2015","2.0326","2.0565","2.0601","2.0321","","-1.13%"
"08/05/2015","2.0558","2.0534","2.0634","2.0485","","0.16%"
"08/04/2015","2.0526","2.0503","2.0563","2.0424","","0.15%"
"08/03/2015","2.0495","2.0465","2.0589","2.0437","","0.25%"
"07/31/2015","2.0443","2.0275","2.0466","2.0262","","0.86%"
"07/30/2015","2.0269","2.0202","2.0362","2.0189","","0.37%"
"07/29/2015","2.0194","2.0171","2.0304","2.0110","","0.14%"
"07/28/2015","2.0165","2.0288","2.0330","2.0146","","-0.55%"
"07/27/2015","2.0276","2.0228","2.0309","2.0141","","0.18%"
"07/24/2015","2.0240","2.0225","2.0321","2.0158","","0.12%"
"07/23/2015","2.0215","2.0353","2.0386","2.0159","","-0.63%"
"07/22/2015","2.0344","2.0144","2.0396","2.0123","","1.03%"
"07/21/2015","2.0137","2.0223","2.0267","2.0088","","-0.41%"
"07/20/2015","2.0219","2.0250","2.0279","2.0179","","-0.11%"
"07/17/2015","2.0242","2.0222","2.0327","2.0181","","0.14%"
"07/16/2015","2.0214","2.0189","2.0256","2.0120","","0.11%"
"07/15/2015","2.0191","1.9895","2.0264","1.9888","","1.54%"
"07/14/2015","1.9884","1.9734","1.9962","1.9703","","0.79%"
"07/13/2015","1.9728","1.9601","1.9870","1.9601","","0.42%"
"07/10/2015","1.9646","1.9542","1.9791","1.9515","","0.58%"
"07/09/2015","1.9532","1.9577","1.9615","1.9480","","-0.21%"
"07/08/2015","1.9573","1.9642","1.9709","1.9503","","-0.32%"
"07/07/2015","1.9636","1.9745","1.9761","1.9619","","-0.50%"
"07/06/2015","1.9734","1.9540","1.9771","1.9529","","0.83%"
"07/03/2015","1.9572","1.9571","1.9679","1.9551","","0.04%"
"07/02/2015","1.9564","1.9664","1.9729","1.9566","","-0.44%"
"07/01/2015","1.9651","1.9627","1.9670","1.9559","","0.17%"
"06/30/2015","1.9617","1.9522","1.9671","1.9436","","0.53%"
"06/29/2015","1.9514","1.9347","1.9565","1.9316","","0.60%"
"06/26/2015","1.9398","1.9413","1.9494","1.9370","","-0.04%"
"06/25/2015","1.9406","1.9451","1.9500","1.9375","","-0.15%"
"06/24/2015","1.9436","1.9391","1.9514","1.9359","","0.26%"
"06/23/2015","1.9385","1.9479","1.9510","1.9364","","-0.45%"
"06/22/2015","1.9472","1.9468","1.9512","1.9332","","-0.03%"
"06/19/2015","1.9478","1.9410","1.9531","1.9358","","0.38%"
"06/18/2015","1.9404","1.9359","1.9444","1.9293","","0.24%"
"06/17/2015","1.9357","1.9239","1.9405","1.9216","","0.66%"
"06/16/2015","1.9230","1.9229","1.9311","1.9169","","0.03%"
"06/15/2015","1.9224","1.9168","1.9240","1.9128","","0.29%"
"06/12/2015","1.9168","1.9072","1.9191","1.9030","","0.54%"
"06/11/2015","1.9065","1.9030","1.9110","1.8962","","0.19%"
"06/10/2015","1.9028","1.8984","1.9074","1.8885","","0.26%"
"06/09/2015","1.8978","1.9050","1.9059","1.8842","","-0.35%"
"06/08/2015","1.9045","1.9001","1.9061","1.8930","","0.28%"
"06/05/2015","1.8991","1.9211","1.9218","1.8970","","-1.13%"
"06/04/2015","1.9208","1.9103","1.9223","1.9072","","0.58%"
"06/03/2015","1.9097","1.9028","1.9116","1.8965","","0.39%"
"06/02/2015","1.9023","1.9034","1.9127","1.8984","","-0.02%"
"06/01/2015","1.9027","1.9047","1.9098","1.8961","","0.01%"
"05/29/2015","1.9026","1.9047","1.9134","1.8951","","-0.08%"
"05/28/2015","1.9041","1.9122","1.9171","1.9018","","-0.38%"
"05/27/2015","1.9114","1.9130","1.9190","1.9048","","-0.03%"
"05/26/2015","1.9120","1.9046","1.9156","1.8994","","0.44%"
"05/25/2015","1.9036","1.9003","1.9076","1.8994","","0.11%"
"05/22/2015","1.9015","1.9100","1.9128","1.9010","","-0.45%"
"05/21/2015","1.9101","1.8969","1.9189","1.8915","","0.73%"
"05/20/2015","1.8962","1.8973","1.9053","1.8912","","-0.03%"
"05/19/2015","1.8968","1.9035","1.9049","1.8834","","-0.29%"
"05/18/2015","1.9024","1.8900","1.9070","1.8849","","0.76%"
"05/15/2015","1.8881","1.8905","1.8998","1.8877","","-0.08%"
"05/14/2015","1.8897","1.8827","1.8940","1.8779","","0.41%"
"05/13/2015","1.8819","1.8824","1.8874","1.8716","","0.00%"
"05/12/2015","1.8819","1.8861","1.8930","1.8779","","-0.19%"
"05/11/2015","1.8854","1.8674","1.8894","1.8652","","1.09%"
"05/08/2015","1.8650","1.8490","1.8793","1.8487","","0.91%"
"05/07/2015","1.8482","1.8367","1.8541","1.8309","","0.67%"
"05/06/2015","1.8359","1.8319","1.8385","1.8232","","0.25%"
"05/05/2015","1.8313","1.8289","1.8360","1.8224","","0.16%"
"05/04/2015","1.8283","1.8416","1.8465","1.8270","","-0.65%"
"05/01/2015","1.8403","1.8540","1.8610","1.8397","","-0.71%"
"04/30/2015","1.8534","1.8558","1.8656","1.8484","","-0.05%"
"04/29/2015","1.8544","1.8460","1.8563","1.8432","","0.49%"
"04/28/2015","1.8454","1.8419","1.8493","1.8370","","0.24%"
"04/27/2015","1.8410","1.8505","1.8520","1.8337","","-0.45%"
"04/24/2015","1.8494","1.8283","1.8513","1.8257","","1.18%"
"04/23/2015","1.8279","1.8400","1.8435","1.8254","","-0.62%"
"04/22/2015","1.8393","1.8332","1.8468","1.8275","","0.39%"
"04/21/2015","1.8321","1.8222","1.8385","1.8174","","0.58%"
"04/20/2015","1.8216","1.8291","1.8306","1.8157","","-0.57%"
"04/17/2015","1.8320","1.8200","1.8354","1.8145","","0.68%"
"04/16/2015","1.8196","1.8238","1.8359","1.8161","","-0.18%"
"04/15/2015","1.8229","1.8454","1.8582","1.8216","","-1.18%"
"04/14/2015","1.8446","1.8485","1.8514","1.8385","","-0.15%"
"04/13/2015","1.8474","1.8396","1.8502","1.8370","","0.50%"
"04/10/2015","1.8383","1.8509","1.8549","1.8386","","-0.65%"
"04/09/2015","1.8503","1.8647","1.8693","1.8500","","-0.74%"
"04/08/2015","1.8641","1.8518","1.8729","1.8505","","0.70%"
"04/07/2015","1.8511","1.8568","1.8643","1.8513","","-0.28%"
"04/06/2015","1.8563","1.8581","1.8669","1.8566","","-0.32%"
"04/03/2015","1.8622","1.8622","1.8682","1.8533","","0.05%"
"04/02/2015","1.8612","1.8704","1.8764","1.8606","","-0.49%"
"04/01/2015","1.8703","1.8800","1.8855","1.8650","","-0.49%"
"03/31/2015","1.8796","1.8774","1.8921","1.8759","","0.15%"
"03/30/2015","1.8767","1.8768","1.8842","1.8685","","0.07%"
"03/27/2015","1.8754","1.8538","1.8786","1.8519","","1.20%"
"03/26/2015","1.8532","1.8625","1.8652","1.8473","","-0.46%"
"03/25/2015","1.8618","1.8556","1.8693","1.8538","","0.38%"
"03/24/2015","1.8548","1.8724","1.8738","1.8542","","-0.92%"
"03/23/2015","1.8720","1.8796","1.8837","1.8662","","-0.20%"
"03/20/2015","1.8758","1.8764","1.8858","1.8663","","0.03%"
"03/19/2015","1.8752","1.8818","1.8909","1.8721","","-0.33%"
"03/18/2015","1.8814","1.8857","1.8994","1.8730","","-0.22%"
"03/17/2015","1.8855","1.8942","1.8969","1.8790","","-0.42%"
"03/16/2015","1.8934","1.8856","1.8968","1.8837","","0.47%"
"03/13/2015","1.8845","1.8880","1.8942","1.8793","","-0.17%"
"03/12/2015","1.8877","1.9038","1.9060","1.8865","","-0.80%"
"03/11/2015","1.9029","1.9117","1.9148","1.9006","","-0.44%"
"03/10/2015","1.9114","1.9067","1.9127","1.8996","","0.27%"
"03/09/2015","1.9063","1.8980","1.9080","1.8963","","0.47%"
"03/06/2015","1.8973","1.9030","1.9060","1.8902","","-0.28%"
"03/05/2015","1.9027","1.8970","1.9070","1.8909","","0.33%"
"03/04/2015","1.8964","1.9196","1.9236","1.8929","","-1.18%"
"03/03/2015","1.9190","1.9258","1.9275","1.9105","","-0.34%"
"03/02/2015","1.9256","1.9329","1.9337","1.9203","","-0.22%"
"02/27/2015","1.9299","1.9282","1.9352","1.9182","","0.12%"
"02/26/2015","1.9276","1.9311","1.9355","1.9199","","-0.16%"
"02/25/2015","1.9306","1.9293","1.9345","1.9211","","0.10%"
"02/24/2015","1.9286","1.9428","1.9559","1.9284","","-0.70%"
"02/23/2015","1.9421","1.9294","1.9481","1.9276","","0.69%"
"02/20/2015","1.9288","1.9259","1.9334","1.9104","","0.16%"
"02/19/2015","1.9257","1.9225","1.9350","1.9212","","0.21%"
"02/18/2015","1.9217","1.9025","1.9243","1.8994","","1.06%"
"02/17/2015","1.9016","1.9151","1.9166","1.8987","","-0.68%"
"02/16/2015","1.9147","1.9171","1.9211","1.9117","","-0.09%"
"02/13/2015","1.9165","1.9239","1.9290","1.9125","","-0.35%"
"02/12/2015","1.9232","1.9249","1.9328","1.9105","","-0.06%"
"02/11/2015","1.9243","1.9200","1.9366","1.9168","","0.23%"
"02/10/2015","1.9199","1.8970","1.9265","1.8961","","1.23%"
"02/09/2015","1.8966","1.9106","1.9148","1.8915","","-0.64%"
"02/06/2015","1.9089","1.9064","1.9128","1.8980","","0.18%"
"02/05/2015","1.9054","1.9092","1.9151","1.8972","","-0.17%"
"02/04/2015","1.9087","1.8830","1.9194","1.8794","","1.38%"
"02/03/2015","1.8827","1.8900","1.9003","1.8762","","-0.34%"
"02/02/2015","1.8891","1.9210","1.9248","1.8857","","-1.50%"
"01/30/2015","1.9179","1.9012","1.9279","1.8998","","0.91%"
"01/29/2015","1.9006","1.8980","1.9068","1.8925","","0.20%"
"01/28/2015","1.8968","1.8844","1.8996","1.8811","","0.69%"
"01/27/2015","1.8838","1.8813","1.8898","1.8759","","0.16%"
"01/26/2015","1.8807","1.8617","1.8843","1.8601","","1.05%"
"01/23/2015","1.8611","1.8583","1.8680","1.8526","","0.18%"
"01/22/2015","1.8578","1.8688","1.8800","1.8563","","-0.57%"
"01/21/2015","1.8684","1.8347","1.8743","1.8208","","1.88%"
"01/20/2015","1.8340","1.8042","1.8399","1.8009","","1.68%"
"01/19/2015","1.8037","1.8145","1.8186","1.8032","","-0.63%"
"01/16/2015","1.8152","1.8164","1.8282","1.8086","","-0.06%"
"01/15/2015","1.8162","1.8208","1.8252","1.7995","","-0.23%"
"01/14/2015","1.8204","1.8128","1.8265","1.8108","","0.46%"
"01/13/2015","1.8121","1.8169","1.8179","1.8064","","-0.24%"
"01/12/2015","1.8164","1.8019","1.8173","1.7920","","0.99%"
"01/09/2015","1.7986","1.7851","1.8020","1.7822","","0.78%"
"01/08/2015","1.7846","1.7853","1.7886","1.7758","","-0.02%"
"01/07/2015","1.7849","1.7934","1.7969","1.7833","","-0.45%"
"01/06/2015","1.7930","1.7940","1.7958","1.7847","","-0.03%"
"01/05/2015","1.7935","1.8070","1.8076","1.7901","","-0.68%"
"01/02/2015","1.8057","1.8053","1.8129","1.7985","","0.02%"
"01/01/2015","1.8054","1.8102","1.8112","1.8049","","-0.22%"
"12/31/2014","1.8093","1.8067","1.8125","1.8028","","0.17%"
"12/30/2014","1.8062","1.8051","1.8094","1.8033","","0.10%"
"12/29/2014","1.8044","1.8069","1.8123","1.8032","","-0.21%"
"12/26/2014","1.8082","1.8065","1.8099","1.8038","","0.12%"
"12/25/2014","1.8060","1.8086","1.8105","1.8046","","-0.13%"
"12/24/2014","1.8083","1.8032","1.8117","1.8000","","0.33%"
"12/23/2014","1.8023","1.8128","1.8148","1.7995","","-0.54%"
"12/22/2014","1.8121","1.8129","1.8201","1.8087","","-0.04%"
"12/19/2014","1.8128","1.8140","1.8233","1.8102","","-0.04%"
"12/18/2014","1.8136","1.8116","1.8205","1.8089","","0.14%"
"12/17/2014","1.8111","1.8314","1.8339","1.8099","","-1.07%"
"12/16/2014","1.8307","1.8252","1.8403","1.8189","","0.32%"
"12/15/2014","1.8248","1.8204","1.8259","1.8111","","0.25%"
"12/12/2014","1.8203","1.8126","1.8233","1.8096","","0.45%"
"12/11/2014","1.8122","1.8049","1.8149","1.7960","","0.47%"
"12/10/2014","1.8037","1.7938","1.8075","1.7918","","0.61%"
"12/09/2014","1.7928","1.7971","1.8019","1.7878","","-0.19%"
"12/08/2014","1.7963","1.7932","1.7980","1.7796","","0.79%"
"12/05/2014","1.7822","1.7844","1.7948","1.7793","","-0.11%"
"12/04/2014","1.7841","1.7826","1.7896","1.7777","","0.11%"
"12/03/2014","1.7821","1.7837","1.7908","1.7785","","-0.06%"
"12/02/2014","1.7832","1.7823","1.7871","1.7779","","0.08%"
"12/01/2014","1.7817","1.7867","1.7950","1.7807","","-0.22%"
"11/28/2014","1.7857","1.7829","1.7937","1.7815","","0.20%"
"11/27/2014","1.7821","1.7761","1.7857","1.7685","","0.39%"
"11/26/2014","1.7751","1.7686","1.7790","1.7674","","0.40%"
"11/25/2014","1.7680","1.7717","1.7745","1.7635","","-0.18%"
"11/24/2014","1.7711","1.7584","1.7762","1.7564","","0.76%"
"11/21/2014","1.7577","1.7732","1.7760","1.7539","","-0.86%"
"11/20/2014","1.7730","1.7786","1.7808","1.7715","","-0.29%"
"11/19/2014","1.7782","1.7659","1.7809","1.7648","","0.73%"
"11/18/2014","1.7654","1.7683","1.7722","1.7606","","-0.14%"
"11/17/2014","1.7678","1.7688","1.7744","1.7660","","-0.03%"
"11/14/2014","1.7683","1.7859","1.7881","1.7660","","-0.95%"
"11/13/2014","1.7853","1.7858","1.7899","1.7796","","0.01%"
"11/12/2014","1.7852","1.8045","1.8080","1.7822","","-1.01%"
"11/11/2014","1.8035","1.8029","1.8075","1.7980","","0.07%"
"11/10/2014","1.8023","1.7993","1.8047","1.7949","","0.27%"
"11/07/2014","1.7975","1.8086","1.8131","1.7938","","-0.57%"
"11/06/2014","1.8078","1.8190","1.8226","1.8072","","-0.59%"
"11/05/2014","1.8186","1.8259","1.8276","1.8158","","-0.38%"
"11/04/2014","1.8255","1.8142","1.8292","1.8128","","0.65%"
"11/03/2014","1.8137","1.8002","1.8180","1.7983","","0.66%"
"10/31/2014","1.8018","1.7900","1.8097","1.7884","","0.69%"
"10/30/2014","1.7894","1.7903","1.7951","1.7851","","-0.01%"
"10/29/2014","1.7895","1.8011","1.8034","1.7900","","-0.63%"
"10/28/2014","1.8008","1.8131","1.8146","1.8006","","-0.65%"
"10/27/2014","1.8125","1.8077","1.8151","1.8054","","0.33%"
"10/24/2014","1.8065","1.8002","1.8090","1.7964","","0.38%"
"10/23/2014","1.7996","1.8037","1.8078","1.7955","","-0.21%"
"10/22/2014","1.8034","1.8078","1.8114","1.7937","","-0.20%"
"10/21/2014","1.8071","1.8240","1.8260","1.8071","","-0.90%"
"10/20/2014","1.8236","1.8141","1.8263","1.8122","","0.51%"
"10/17/2014","1.8144","1.8109","1.8167","1.8018","","0.22%"
"10/16/2014","1.8104","1.8031","1.8171","1.7973","","0.43%"
"10/15/2014","1.8026","1.7968","1.8134","1.7950","","0.37%"
"10/14/2014","1.7959","1.8015","1.8044","1.7862","","-0.27%"
"10/13/2014","1.8007","1.7973","1.8063","1.7959","","0.03%"
"10/10/2014","1.8001","1.8031","1.8063","1.7890","","-0.13%"
"10/09/2014","1.8025","1.7961","1.8036","1.7924","","0.40%"
"10/08/2014","1.7953","1.7988","1.8022","1.7923","","-0.14%"
"10/07/2014","1.7979","1.7904","1.8019","1.7896","","0.45%"
"10/06/2014","1.7899","1.7954","1.7991","1.7867","","-0.25%"
"10/03/2014","1.7944","1.8013","1.8043","1.7943","","-0.34%"
"10/02/2014","1.8005","1.8070","1.8078","1.7939","","-0.33%"
"10/01/2014","1.8065","1.8158","1.8181","1.8058","","-0.47%"
"09/30/2014","1.8151","1.8131","1.8197","1.8064","","0.14%"
"09/29/2014","1.8125","1.8112","1.8148","1.8073","","0.07%"
"09/26/2014","1.8113","1.8129","1.8163","1.8080","","-0.06%"
"09/25/2014","1.8123","1.8069","1.8161","1.8055","","0.34%"
"09/24/2014","1.8062","1.8156","1.8205","1.8056","","-0.47%"
"09/23/2014","1.8147","1.8067","1.8170","1.7980","","0.45%"
"09/22/2014","1.8066","1.7842","1.8072","1.7842","","1.20%"
"09/19/2014","1.7851","1.7936","1.8122","1.7814","","-0.43%"
"09/18/2014","1.7928","1.7903","1.8023","1.7879","","0.19%"
"09/17/2014","1.7894","1.7856","1.7930","1.7819","","0.25%"
"09/16/2014","1.7849","1.7947","1.7953","1.7814","","-0.51%"
"09/15/2014","1.7940","1.8047","1.8059","1.7906","","-0.57%"
"09/12/2014","1.8042","1.7933","1.8053","1.7900","","0.64%"
"09/11/2014","1.7928","1.7727","1.7956","1.7718","","1.16%"
"09/10/2014","1.7722","1.7692","1.7764","1.7653","","0.23%"
"09/09/2014","1.7682","1.7674","1.7766","1.7660","","0.06%"
"09/08/2014","1.7671","1.7629","1.7714","1.7534","","-0.49%"
"09/05/2014","1.7758","1.7762","1.7793","1.7699","","0.01%"
"09/04/2014","1.7757","1.7924","1.7957","1.7745","","-0.90%"
"09/03/2014","1.7919","1.8001","1.8010","1.7871","","-0.42%"
"09/02/2014","1.7994","1.8055","1.8083","1.7985","","-0.32%"
"09/01/2014","1.8052","1.8054","1.8089","1.8026","","0.02%"
"08/29/2014","1.8049","1.8016","1.8065","1.7947","","0.22%"
"08/28/2014","1.8010","1.8010","1.8034","1.7960","","0.03%"
"08/27/2014","1.8005","1.8118","1.8129","1.7950","","-0.57%"
"08/26/2014","1.8109","1.8209","1.8226","1.8106","","-0.53%"
"08/25/2014","1.8205","1.8155","1.8219","1.8109","","0.40%"
"08/22/2014","1.8133","1.8140","1.8206","1.8119","","-0.03%"
"08/21/2014","1.8138","1.8203","1.8221","1.8135","","-0.32%"
"08/20/2014","1.8197","1.8183","1.8263","1.8170","","0.10%"
"08/19/2014","1.8178","1.8216","1.8229","1.8122","","-0.15%"
"08/18/2014","1.8206","1.8217","1.8235","1.8186","","0.12%"
"08/15/2014","1.8185","1.8191","1.8224","1.8126","","0.00%"
"08/14/2014","1.8185","1.8212","1.8224","1.8161","","-0.10%"
"08/13/2014","1.8204","1.8369","1.8396","1.8207","","-0.87%"
"08/12/2014","1.8364","1.8335","1.8408","1.8324","","0.17%"
"08/11/2014","1.8332","1.8409","1.8433","1.8321","","-0.37%"
"08/08/2014","1.8401","1.8395","1.8447","1.8328","","0.07%"
"08/07/2014","1.8389","1.8397","1.8426","1.8359","","-0.02%"
"08/06/2014","1.8392","1.8508","1.8514","1.8380","","-0.59%"
"08/05/2014","1.8501","1.8394","1.8522","1.8383","","0.61%"
"08/04/2014","1.8388","1.8362","1.8411","1.8360","","0.17%"
"08/01/2014","1.8357","1.8417","1.8457","1.8340","","-0.29%"
"07/31/2014","1.8410","1.8442","1.8462","1.8361","","-0.15%"
"07/30/2014","1.8437","1.8390","1.8456","1.8376","","0.29%"
"07/29/2014","1.8383","1.8336","1.8408","1.8311","","0.29%"
"07/28/2014","1.8330","1.8355","1.8382","1.8333","","-0.09%"
"07/25/2014","1.8347","1.8254","1.8371","1.8234","","0.55%"
"07/24/2014","1.8246","1.8284","1.8307","1.8208","","-0.18%"
"07/23/2014","1.8279","1.8325","1.8336","1.8236","","-0.23%"
"07/22/2014","1.8321","1.8334","1.8362","1.8291","","-0.03%"
"07/21/2014","1.8327","1.8355","1.8373","1.8303","","-0.03%"
"07/18/2014","1.8332","1.8405","1.8414","1.8276","","-0.36%"
"07/17/2014","1.8399","1.8408","1.8424","1.8350","","-0.03%"
"07/16/2014","1.8404","1.8444","1.8507","1.8365","","-0.18%"
"07/15/2014","1.8437","1.8300","1.8472","1.8291","","0.79%"
"07/14/2014","1.8292","1.8381","1.8421","1.8279","","-0.45%"
"07/11/2014","1.8374","1.8246","1.8392","1.8202","","0.75%"
"07/10/2014","1.8238","1.8275","1.8293","1.8232","","-0.18%"
"07/09/2014","1.8271","1.8295","1.8313","1.8226","","-0.09%"
"07/08/2014","1.8288","1.8300","1.8325","1.8235","","-0.03%"
"07/07/2014","1.8294","1.8286","1.8304","1.8189","","0.09%"
"07/04/2014","1.8278","1.8243","1.8292","1.8211","","0.21%"
"07/03/2014","1.8239","1.8308","1.8321","1.8207","","-0.33%"
"07/02/2014","1.8299","1.8233","1.8319","1.8223","","0.38%"
"07/01/2014","1.8230","1.8253","1.8298","1.8229","","-0.08%"
"06/30/2014","1.8245","1.8151","1.8276","1.8145","","0.43%"
"06/27/2014","1.8166","1.8199","1.8222","1.8137","","-0.16%"
"06/26/2014","1.8196","1.8203","1.8266","1.8178","","-0.01%"
"06/25/2014","1.8197","1.8253","1.8256","1.8191","","-0.27%"
"06/24/2014","1.8246","1.8270","1.8281","1.8185","","-0.09%"
"06/23/2014","1.8263","1.8313","1.8321","1.8240","","-0.19%"
"06/20/2014","1.8298","1.8435","1.8472","1.8282","","-0.71%"
"06/19/2014","1.8428","1.8414","1.8478","1.8384","","0.08%"
"06/18/2014","1.8413","1.8425","1.8474","1.8387","","-0.03%"
"06/17/2014","1.8418","1.8419","1.8455","1.8383","","0.03%"
"06/16/2014","1.8412","1.8428","1.8471","1.8402","","0.00%"
"06/13/2014","1.8412","1.8379","1.8454","1.8362","","0.25%"
"06/12/2014","1.8367","1.8246","1.8382","1.8229","","0.70%"
"06/11/2014","1.8239","1.8268","1.8308","1.8219","","-0.12%"
"06/10/2014","1.8261","1.8321","1.8348","1.8261","","-0.29%"
"06/09/2014","1.8315","1.8359","1.8392","1.8298","","-0.28%"
"06/06/2014","1.8366","1.8375","1.8418","1.8327","","-0.03%"
"06/05/2014","1.8372","1.8310","1.8408","1.8285","","0.39%"
"06/04/2014","1.8301","1.8272","1.8354","1.8243","","0.20%"
"06/03/2014","1.8265","1.8254","1.8306","1.8240","","0.08%"
"06/02/2014","1.8250","1.8185","1.8271","1.8155","","0.50%"
"05/30/2014","1.8159","1.8116","1.8223","1.8105","","0.28%"
"05/29/2014","1.8109","1.8175","1.8192","1.8095","","-0.31%"
"05/28/2014","1.8165","1.8248","1.8270","1.8133","","-0.43%"
"05/27/2014","1.8243","1.8289","1.8310","1.8226","","-0.22%"
"05/26/2014","1.8283","1.8301","1.8313","1.8275","","0.00%"
"05/23/2014","1.8283","1.8373","1.8394","1.8262","","-0.44%"
"05/22/2014","1.8364","1.8442","1.8457","1.8345","","-0.41%"
"05/21/2014","1.8440","1.8369","1.8477","1.8349","","0.42%"
"05/20/2014","1.8362","1.8288","1.8391","1.8267","","0.45%"
"05/19/2014","1.8280","1.8257","1.8310","1.8240","","0.16%"
"05/16/2014","1.8251","1.8276","1.8327","1.8247","","-0.12%"
"05/15/2014","1.8273","1.8256","1.8301","1.8166","","0.11%"
"05/14/2014","1.8253","1.8349","1.8425","1.8229","","-0.49%"
"05/13/2014","1.8343","1.8379","1.8435","1.8326","","-0.17%"
"05/12/2014","1.8375","1.8366","1.8415","1.8351","","0.11%"
"05/09/2014","1.8354","1.8343","1.8408","1.8233","","0.10%"
"05/08/2014","1.8336","1.8480","1.8492","1.8307","","-0.75%"
"05/07/2014","1.8474","1.8495","1.8510","1.8452","","-0.06%"
"05/06/2014","1.8485","1.8477","1.8574","1.8462","","0.08%"
"05/05/2014","1.8471","1.8518","1.8552","1.8464","","-0.19%"
"05/02/2014","1.8506","1.8508","1.8545","1.8453","","0.02%"
"05/01/2014","1.8502","1.8495","1.8580","1.8478","","0.09%"
"04/30/2014","1.8486","1.8416","1.8539","1.8391","","0.42%"
"04/29/2014","1.8408","1.8538","1.8566","1.8406","","-0.67%"
"04/28/2014","1.8533","1.8543","1.8593","1.8512","","-0.06%"
"04/25/2014","1.8544","1.8521","1.8569","1.8512","","0.15%"
"04/24/2014","1.8517","1.8516","1.8545","1.8478","","0.04%"
"04/23/2014","1.8510","1.8549","1.8580","1.8480","","-0.18%"
"04/22/2014","1.8543","1.8489","1.8575","1.8483","","0.32%"
"04/21/2014","1.8484","1.8519","1.8543","1.8482","","-0.14%"
"04/18/2014","1.8509","1.8478","1.8531","1.8453","","0.20%"
"04/17/2014","1.8472","1.8494","1.8542","1.8458","","-0.09%"
"04/16/2014","1.8489","1.8363","1.8533","1.8351","","0.72%"
"04/15/2014","1.8356","1.8341","1.8435","1.8323","","0.15%"
"04/14/2014","1.8329","1.8342","1.8394","1.8301","","-0.22%"
"04/11/2014","1.8370","1.8356","1.8387","1.8293","","0.11%"
"04/10/2014","1.8349","1.8269","1.8359","1.8244","","0.46%"
"04/09/2014","1.8265","1.8289","1.8337","1.8208","","-0.13%"
"04/08/2014","1.8288","1.8226","1.8336","1.8199","","0.35%"
"04/07/2014","1.8225","1.8200","1.8278","1.8172","","0.14%"
"04/04/2014","1.8199","1.8320","1.8330","1.8160","","-0.60%"
"04/03/2014","1.8308","1.8343","1.8376","1.8237","","-0.15%"
"04/02/2014","1.8336","1.8329","1.8386","1.8311","","0.05%"
"04/01/2014","1.8327","1.8414","1.8460","1.8322","","-0.44%"
"03/31/2014","1.8408","1.8422","1.8441","1.8302","","0.05%"
"03/28/2014","1.8399","1.8322","1.8432","1.8278","","0.43%"
"03/27/2014","1.8321","1.8414","1.8476","1.8291","","-0.47%"
"03/26/2014","1.8408","1.8458","1.8505","1.8382","","-0.24%"
"03/25/2014","1.8452","1.8463","1.8505","1.8427","","-0.05%"
"03/24/2014","1.8461","1.8502","1.8566","1.8450","","-0.17%"
"03/21/2014","1.8493","1.8556","1.8594","1.8420","","-0.30%"
"03/20/2014","1.8548","1.8590","1.8655","1.8532","","-0.22%"
"03/19/2014","1.8589","1.8477","1.8635","1.8447","","0.62%"
"03/18/2014","1.8474","1.8388","1.8495","1.8276","","0.51%"
"03/17/2014","1.8381","1.8476","1.8490","1.8339","","-0.54%"
"03/14/2014","1.8480","1.8411","1.8487","1.8368","","0.39%"
"03/13/2014","1.8408","1.8482","1.8525","1.8355","","-0.37%"
"03/12/2014","1.8476","1.8454","1.8537","1.8417","","0.15%"
"03/11/2014","1.8448","1.8490","1.8521","1.8412","","-0.21%"
"03/10/2014","1.8486","1.8520","1.8619","1.8446","","-0.18%"
"03/07/2014","1.8520","1.8389","1.8577","1.8379","","0.74%"
"03/06/2014","1.8384","1.8443","1.8477","1.8313","","-0.27%"
"03/05/2014","1.8434","1.8484","1.8552","1.8435","","-0.25%"
"03/04/2014","1.8480","1.8461","1.8542","1.8435","","0.12%"
"03/03/2014","1.8458","1.8512","1.8594","1.8440","","-0.36%"
"02/28/2014","1.8524","1.8559","1.8655","1.8480","","-0.15%"
"02/27/2014","1.8551","1.8554","1.8610","1.8490","","0.01%"
"02/26/2014","1.8549","1.8488","1.8569","1.8438","","0.36%"
"02/25/2014","1.8482","1.8418","1.8543","1.8408","","0.37%"
"02/24/2014","1.8413","1.8470","1.8554","1.8363","","-0.23%"
"02/21/2014","1.8456","1.8478","1.8649","1.8462","","-0.09%"
"02/20/2014","1.8473","1.8477","1.8524","1.8411","","0.01%"
"02/19/2014","1.8472","1.8267","1.8521","1.8182","","1.16%"
"02/18/2014","1.8260","1.8328","1.8364","1.8240","","-0.33%"
"02/17/2014","1.8320","1.8395","1.8444","1.8294","","-0.33%"
"02/14/2014","1.8380","1.8287","1.8411","1.8219","","0.57%"
"02/13/2014","1.8276","1.8260","1.8373","1.8231","","0.13%"
"02/12/2014","1.8252","1.8106","1.8264","1.8034","","0.85%"
"02/11/2014","1.8099","1.8129","1.8211","1.8094","","-0.17%"
"02/10/2014","1.8129","1.8105","1.8151","1.8057","","0.15%"
"02/07/2014","1.8101","1.8068","1.8137","1.7963","","0.21%"
"02/06/2014","1.8063","1.8076","1.8150","1.7985","","-0.06%"
"02/05/2014","1.8073","1.8091","1.8129","1.7954","","-0.09%"
"02/04/2014","1.8089","1.8131","1.8180","1.7981","","-0.19%"
"02/03/2014","1.8124","1.8306","1.8314","1.8033","","-0.86%"
"01/31/2014","1.8282","1.8392","1.8490","1.8242","","-0.58%"
"01/30/2014","1.8388","1.8506","1.8548","1.8379","","-0.59%"
"01/29/2014","1.8498","1.8492","1.8564","1.8347","","0.11%"
"01/28/2014","1.8478","1.8436","1.8566","1.8382","","0.26%"
"01/27/2014","1.8430","1.8265","1.8440","1.8222","","0.86%"
"01/24/2014","1.8272","1.8470","1.8557","1.8232","","-1.05%"
"01/23/2014","1.8466","1.8376","1.8562","1.8363","","0.53%"
"01/22/2014","1.8369","1.8072","1.8390","1.8029","","1.68%"
"01/21/2014","1.8065","1.7992","1.8117","1.7974","","0.47%"
"01/20/2014","1.7980","1.8004","1.8024","1.7939","","-0.09%"
"01/17/2014","1.7997","1.7875","1.8057","1.7829","","0.70%"
"01/16/2014","1.7872","1.7899","1.7935","1.7825","","-0.13%"
"01/15/2014","1.7896","1.7993","1.8045","1.7860","","-0.52%"
"01/14/2014","1.7990","1.7796","1.8025","1.7786","","1.11%"
"01/13/2014","1.7792","1.7944","1.8004","1.7766","","-0.86%"
"01/10/2014","1.7947","1.7866","1.8038","1.7793","","0.50%"
"01/09/2014","1.7858","1.7797","1.7913","1.7791","","0.37%"
"01/08/2014","1.7792","1.7661","1.7817","1.7642","","0.78%"
"01/07/2014","1.7654","1.7481","1.7694","1.7471","","1.02%"
"01/06/2014","1.7475","1.7455","1.7540","1.7353","","0.14%"
"01/03/2014","1.7450","1.7558","1.7562","1.7388","","-0.57%"
"01/02/2014","1.7550","1.7635","1.7667","1.7384","","-0.43%"
"01/01/2014","1.7625","1.7590","1.7653","1.7552","","0.27%"