"Date","Price","Open","High","Low","Change %"
"12/31/2025","4.4740","4.4960","4.4990","4.4650","-0.51%"
"12/30/2025","4.4970","4.4890","4.5030","4.4750","0.16%"
"12/29/2025","4.4900","4.4530","4.5080","4.4530","-0.40%"
"12/24/2025","4.5080","4.5160","4.5290","4.4980","-0.13%"
"12/23/2025","4.5140","4.5200","4.5320","4.4910","-0.11%"
"12/22/2025","4.5190","4.5380","4.5440","4.5170","-0.35%"
"12/19/2025","4.5350","4.5040","4.5500","4.4990","1.30%"
"12/18/2025","4.4770","4.4780","4.5230","4.4340","0.04%"
"12/17/2025","4.4750","4.4510","4.4930","4.4480","-0.89%"
"12/16/2025","4.5150","4.5010","4.5660","4.4970","0.36%"
"12/15/2025","4.4990","4.5090","4.5090","4.4860","-0.49%"
"12/12/2025","4.5210","4.4730","4.5290","4.4700","0.96%"
"12/11/2025","4.4780","4.5120","4.5120","4.4600","-0.71%"
"12/10/2025","4.5100","4.5270","4.5600","4.5060","0.09%"
"12/09/2025","4.5060","4.5400","4.5490","4.4900","-0.55%"
"12/08/2025","4.5310","4.5150","4.5560","4.4900","1.18%"
"12/05/2025","4.4780","4.4360","4.4830","4.4260","1.11%"
"12/04/2025","4.4290","4.4570","4.4670","4.4160","-0.23%"
"12/03/2025","4.4390","4.4530","4.4830","4.4290","-0.47%"
"12/02/2025","4.4600","4.4750","4.5090","4.4580","-0.42%"
"12/01/2025","4.4790","4.4790","4.5040","4.4640","0.86%"
"11/28/2025","4.4410","4.4460","4.4640","4.4290","-0.22%"
"11/27/2025","4.4510","4.4250","4.4820","4.4240","0.70%"
"11/26/2025","4.4200","4.5220","4.5400","4.4150","-2.32%"
"11/25/2025","4.5250","4.5490","4.5540","4.4830","-0.18%"
"11/24/2025","4.5330","4.5310","4.5560","4.5260","-0.35%"
"11/21/2025","4.5490","4.5760","4.5760","4.5230","-0.83%"
"11/20/2025","4.5870","4.6180","4.6200","4.5770","-0.56%"
"11/19/2025","4.6130","4.5390","4.6180","4.5340","1.23%"
"11/18/2025","4.5570","4.5280","4.5610","4.5140","0.40%"
"11/17/2025","4.5390","4.5810","4.5890","4.5330","-0.92%"
"11/14/2025","4.5810","4.5610","4.5860","4.4890","3.27%"
"11/13/2025","4.4360","4.4060","4.4420","4.3810","0.82%"
"11/12/2025","4.4000","4.4050","4.4290","4.3960","0.41%"
"11/11/2025","4.3820","4.4230","4.4240","4.3750","-1.66%"
"11/10/2025","4.4560","4.5030","4.5050","4.4510","-0.20%"
"11/07/2025","4.4650","4.4630","4.4930","4.4560","0.47%"
"11/06/2025","4.4440","4.4470","4.4740","4.4230","-0.43%"
"11/05/2025","4.4630","4.4070","4.4750","4.4070","0.97%"
"11/04/2025","4.4200","4.4000","4.4320","4.3790","-0.18%"
"11/03/2025","4.4280","4.4110","4.4490","4.4010","0.54%"
"10/31/2025","4.4040","4.4260","4.4400","4.4030","-0.16%"
"10/30/2025","4.4110","4.4330","4.4530","4.4090","0.34%"
"10/29/2025","4.3960","4.3850","4.4050","4.3840","-0.09%"
"10/28/2025","4.4000","4.3780","4.4140","4.3700","-0.07%"
"10/27/2025","4.4030","4.4490","4.4620","4.4000","-0.63%"
"10/24/2025","4.4310","4.4120","4.4480","4.3910","0.29%"
"10/23/2025","4.4180","4.4260","4.4460","4.4030","0.07%"
"10/22/2025","4.4150","4.4210","4.4420","4.3700","-1.36%"
"10/21/2025","4.4760","4.4850","4.5230","4.4650","-0.62%"
"10/20/2025","4.5040","4.5340","4.5430","4.5010","-0.64%"
"10/17/2025","4.5330","4.4650","4.5550","4.4520","1.21%"
"10/16/2025","4.4790","4.5380","4.5590","4.4720","-1.58%"
"10/15/2025","4.5510","4.5530","4.5620","4.5240","-0.50%"
"10/14/2025","4.5740","4.6300","4.6300","4.5710","-1.68%"
"10/13/2025","4.6520","4.6750","4.6980","4.6440","-0.45%"
"10/10/2025","4.6730","4.7240","4.7350","4.6590","-1.54%"
"10/09/2025","4.7460","4.7170","4.7600","4.7060","0.89%"
"10/08/2025","4.7040","4.7120","4.7280","4.6940","-0.36%"
"10/07/2025","4.7210","4.7430","4.7680","4.7150","-0.30%"
"10/06/2025","4.7350","4.7230","4.7610","4.7160","0.83%"
"10/03/2025","4.6960","4.7070","4.7120","4.6810","0.09%"
"10/02/2025","4.6920","4.6960","4.7490","4.6910","-0.06%"
"10/01/2025","4.6950","4.7330","4.7460","4.6770","-0.06%"
"09/30/2025","4.6980","4.6940","4.7260","4.6870","0.02%"
"09/29/2025","4.6970","4.7200","4.7350","4.6960","-1.05%"
"09/26/2025","4.7470","4.7420","4.7730","4.7150","0.00%"
"09/25/2025","4.7470","4.6770","4.7750","4.6710","1.63%"
"09/24/2025","4.6710","4.6550","4.6990","4.6530","-0.28%"
"09/23/2025","4.6840","4.6950","4.7160","4.6670","-0.45%"
"09/22/2025","4.7050","4.7110","4.7320","4.6890","-0.08%"
"09/19/2025","4.7090","4.7050","4.7290","4.6860","1.14%"
"09/18/2025","4.6560","4.6300","4.6910","4.6100","0.69%"
"09/17/2025","4.6240","4.6280","4.6390","4.6070","-0.28%"
"09/16/2025","4.6370","4.6360","4.6750","4.6270","0.06%"
"09/15/2025","4.6340","4.6560","4.6800","4.6280","-0.45%"
"09/12/2025","4.6550","4.6310","4.6800","4.5970","1.31%"
"09/11/2025","4.5950","4.6440","4.6490","4.5910","-0.71%"
"09/10/2025","4.6280","4.6130","4.6530","4.6080","0.19%"
"09/09/2025","4.6190","4.6250","4.6460","4.5960","0.17%"
"09/08/2025","4.6110","4.6630","4.6710","4.6040","-1.01%"
"09/05/2025","4.6580","4.6890","4.7230","4.6410","-1.19%"
"09/04/2025","4.7140","4.7470","4.7540","4.7100","-0.53%"
"09/03/2025","4.7390","4.8150","4.8600","4.7370","-1.27%"
"09/02/2025","4.8000","4.7820","4.8350","4.7710","1.14%"
"09/01/2025","4.7460","4.7410","4.7700","4.7270","0.70%"
"08/29/2025","4.7130","4.7020","4.7450","4.6980","0.23%"
"08/28/2025","4.7020","4.7210","4.7400","4.6920","-0.57%"
"08/27/2025","4.7290","4.7610","4.7660","4.7120","-0.02%"
"08/26/2025","4.7300","4.7290","4.7770","4.7270","0.90%"
"08/22/2025","4.6880","4.7320","4.7740","4.6850","-0.85%"
"08/21/2025","4.7280","4.6720","4.7510","4.6720","1.16%"
"08/20/2025","4.6740","4.7290","4.7550","4.6710","-0.95%"
"08/19/2025","4.7190","4.7310","4.7670","4.7140","-0.23%"
"08/18/2025","4.7300","4.7090","4.7650","4.6590","0.60%"
"08/15/2025","4.7020","4.6330","4.7080","4.6330","1.40%"
"08/14/2025","4.6370","4.5830","4.6520","4.5730","0.96%"
"08/13/2025","4.5930","4.6060","4.6230","4.5800","-0.54%"
"08/12/2025","4.6180","4.5850","4.6480","4.5850","1.18%"
"08/11/2025","4.5640","4.5860","4.5870","4.5480","-0.85%"
"08/08/2025","4.6030","4.5660","4.6130","4.5610","1.03%"
"08/07/2025","4.5560","4.5300","4.5970","4.5130","0.84%"
"08/06/2025","4.5180","4.5470","4.5810","4.5020","0.04%"
"08/05/2025","4.5160","4.5110","4.5450","4.4950","0.09%"
"08/04/2025","4.5120","4.5280","4.5650","4.4960","-0.18%"
"08/01/2025","4.5200","4.6170","4.6530","4.5030","-1.14%"
"07/31/2025","4.5720","4.5630","4.6070","4.5560","-0.52%"
"07/30/2025","4.5960","4.6180","4.6260","4.5750","-0.50%"
"07/29/2025","4.6190","4.6490","4.6940","4.6070","-0.60%"
"07/28/2025","4.6470","4.6280","4.6650","4.6020","0.50%"
"07/25/2025","4.6240","4.6340","4.6720","4.6210","0.06%"
"07/24/2025","4.6210","4.6410","4.6800","4.6110","-0.45%"
"07/23/2025","4.6420","4.6120","4.6500","4.5980","1.58%"
"07/22/2025","4.5700","4.6000","4.6540","4.5630","-0.72%"
"07/21/2025","4.6030","4.6580","4.6580","4.5990","-1.48%"
"07/18/2025","4.6720","4.6760","4.6960","4.6530","-0.06%"
"07/17/2025","4.6750","4.6600","4.6820","4.6370","0.75%"
"07/16/2025","4.6400","4.6550","4.6890","4.6130","0.35%"
"07/15/2025","4.6240","4.5900","4.6590","4.5560","0.67%"
"07/14/2025","4.5930","4.6260","4.6460","4.5910","-0.80%"
"07/11/2025","4.6300","4.6020","4.6450","4.5840","0.76%"
"07/10/2025","4.5950","4.5900","4.6210","4.5710","-0.13%"
"07/09/2025","4.6010","4.6250","4.6480","4.5960","-0.67%"
"07/08/2025","4.6320","4.5930","4.6650","4.5930","1.20%"
"07/07/2025","4.5770","4.5490","4.6010","4.5230","0.66%"
"07/04/2025","4.5470","4.5160","4.5760","4.5060","0.00%"
"07/03/2025","4.5470","4.5550","4.5900","4.5090","-1.39%"
"07/02/2025","4.6110","4.4370","4.6810","4.4370","3.78%"
"07/01/2025","4.4430","4.4480","4.5010","4.4130","-0.91%"
"06/30/2025","4.4840","4.5050","4.5260","4.4680","-0.36%"
"06/27/2025","4.5000","4.4690","4.5220","4.4600","0.69%"
"06/26/2025","4.4690","4.4640","4.4950","4.4510","0.29%"
"06/25/2025","4.4560","4.4630","4.5050","4.4400","-0.20%"
"06/24/2025","4.4650","4.4840","4.5570","4.4420","-0.58%"
"06/23/2025","4.4910","4.5680","4.5750","4.4810","-0.73%"
"06/20/2025","4.5240","4.5060","4.5720","4.5010","-0.24%"
"06/19/2025","4.5350","4.5450","4.5560","4.4990","0.73%"
"06/18/2025","4.5020","4.5380","4.5620","4.4940","-0.84%"
"06/17/2025","4.5400","4.5570","4.5830","4.5060","-0.07%"
"06/16/2025","4.5430","4.5720","4.6010","4.5240","-0.33%"
"06/13/2025","4.5580","4.4880","4.5700","4.4590","1.88%"
"06/12/2025","4.4740","4.5130","4.5430","4.4710","-1.65%"
"06/11/2025","4.5490","4.5590","4.6200","4.5440","0.07%"
"06/10/2025","4.5460","4.6060","4.6060","4.5270","-1.69%"
"06/09/2025","4.6240","4.6310","4.6820","4.6010","-0.43%"
"06/06/2025","4.6440","4.6180","4.6720","4.5890","0.76%"
"06/05/2025","4.6090","4.6070","4.6480","4.5570","0.33%"
"06/04/2025","4.5940","4.6380","4.6780","4.5910","-0.95%"
"06/03/2025","4.6380","4.6440","4.6550","4.5990","-0.51%"
"06/02/2025","4.6620","4.6720","4.7110","4.6420","0.47%"
"05/30/2025","4.6400","4.6530","4.6910","4.6360","-0.26%"
"05/29/2025","4.6520","4.7440","4.7750","4.6420","-1.40%"
"05/28/2025","4.7180","4.6890","4.7460","4.6700","1.03%"
"05/27/2025","4.6700","4.6550","4.7080","4.6020","-0.15%"
"05/23/2025","4.6770","4.7220","4.7760","4.6660","-1.45%"
"05/22/2025","4.7460","4.7760","4.8210","4.7400","-0.11%"
"05/21/2025","4.7510","4.7290","4.7870","4.7250","1.13%"
"05/20/2025","4.6980","4.6580","4.7280","4.6030","0.97%"
"05/19/2025","4.6530","4.6810","4.7410","4.6500","0.00%"
"05/16/2025","4.6530","4.6180","4.6600","4.6060","0.04%"
"05/15/2025","4.6510","4.7030","4.7260","4.6470","-1.46%"
"05/14/2025","4.7200","4.6700","4.7350","4.6540","1.05%"
"05/13/2025","4.6710","4.6510","4.6900","4.6410","0.61%"
"05/12/2025","4.6425","4.5910","4.6660","4.5910","1.70%"
"05/09/2025","4.5650","4.5770","4.6170","4.5450","0.36%"
"05/08/2025","4.5485","4.4530","4.5680","4.4310","2.00%"
"05/07/2025","4.4595","4.4990","4.5300","4.4530","-1.16%"
"05/06/2025","4.5120","4.5520","4.5670","4.4850","0.27%"
"05/02/2025","4.5000","4.4960","4.5020","4.4100","0.36%"
"05/01/2025","4.4840","4.4240","4.4910","4.4140","1.04%"
"04/30/2025","4.4380","4.4640","4.4830","4.4320","-0.96%"
"04/29/2025","4.4810","4.5250","4.5250","4.4630","-0.53%"
"04/28/2025","4.5050","4.4950","4.5260","4.4740","0.54%"
"04/25/2025","4.4810","4.5150","4.5360","4.4820","-0.40%"
"04/24/2025","4.4990","4.5660","4.5660","4.4930","-1.24%"
"04/23/2025","4.5555","4.5630","4.5700","4.4750","0.28%"
"04/22/2025","4.5430","4.5850","4.6050","4.5390","-0.62%"
"04/17/2025","4.5715","4.6100","4.6390","4.5500","-0.75%"
"04/16/2025","4.6060","4.5960","4.6300","4.5740","-0.92%"
"04/15/2025","4.6490","4.6720","4.6730","4.6230","-0.31%"
"04/14/2025","4.6635","4.7420","4.7420","4.6550","-1.87%"
"04/11/2025","4.7525","4.6360","4.7570","4.6360","2.29%"
"04/10/2025","4.6460","4.7160","4.7920","4.6240","-2.98%"
"04/09/2025","4.7885","4.6170","4.7910","4.6170","3.96%"
"04/08/2025","4.6060","4.6270","4.6570","4.5630","-0.31%"
"04/07/2025","4.6205","4.4600","4.6450","4.3790","3.95%"
"04/04/2025","4.4450","4.5320","4.5320","4.3810","-1.71%"
"04/03/2025","4.5225","4.5740","4.6000","4.5120","-2.57%"
"04/02/2025","4.6420","4.6390","4.6690","4.5980","0.19%"
"04/01/2025","4.6330","4.6830","4.6830","4.6060","-0.92%"
"03/31/2025","4.6760","4.7070","4.7070","4.6470","-0.52%"
"03/28/2025","4.7005","4.7960","4.7960","4.6970","-1.83%"
"03/27/2025","4.7880","4.7810","4.8130","4.7110","1.23%"
"03/26/2025","4.7300","4.7540","4.7730","4.6960","-0.54%"
"03/25/2025","4.7555","4.7250","4.7630","4.7250","0.81%"
"03/24/2025","4.7175","4.7250","4.7330","4.6750","0.12%"
"03/21/2025","4.7120","4.6590","4.7160","4.6530","1.34%"
"03/20/2025","4.6495","4.6430","4.6630","4.5650","0.41%"
"03/19/2025","4.6305","4.6560","4.6560","4.6220","-0.38%"
"03/18/2025","4.6480","4.6500","4.6930","4.6450","0.13%"
"03/17/2025","4.6420","4.6790","4.6960","4.6260","-0.60%"
"03/14/2025","4.6700","4.6900","4.7230","4.6660","-0.26%"
"03/13/2025","4.6820","4.7270","4.7590","4.6760","-0.90%"
"03/12/2025","4.7245","4.6880","4.7390","4.6770","0.94%"
"03/11/2025","4.6805","4.6570","4.6880","4.6300","0.76%"
"03/10/2025","4.6450","4.6510","4.6510","4.6130","-0.05%"
"03/07/2025","4.6475","4.6720","4.6990","4.6060","-0.54%"
"03/06/2025","4.6725","4.7870","4.7910","4.6730","0.01%"
"03/05/2025","4.6720","4.6000","4.7080","4.5980","3.24%"
"03/04/2025","4.5255","4.5600","4.5600","4.4860","-0.75%"
"03/03/2025","4.5595","4.5420","4.6030","4.5250","1.70%"
"02/28/2025","4.4835","4.4960","4.5030","4.4640","-0.61%"
"02/27/2025","4.5110","4.5050","4.5360","4.4910","0.22%"
"02/26/2025","4.5010","4.5110","4.5160","4.4740","-0.18%"
"02/25/2025","4.5090","4.5420","4.5490","4.4890","-1.21%"
"02/24/2025","4.5640","4.5630","4.6000","4.5500","-0.16%"
"02/21/2025","4.5715","4.6130","4.6210","4.5720","-0.80%"
"02/20/2025","4.6085","4.5950","4.6360","4.5940","-0.03%"
"02/19/2025","4.6100","4.5790","4.6280","4.5730","1.16%"
"02/18/2025","4.5570","4.5700","4.5820","4.5430","0.65%"
"02/17/2025","4.5275","4.5600","4.5730","4.5180","0.63%"
"02/14/2025","4.4990","4.5020","4.5320","4.4830","0.20%"
"02/13/2025","4.4900","4.5650","4.5650","4.4690","-1.17%"
"02/12/2025","4.5430","4.5170","4.5810","4.5090","0.81%"
"02/11/2025","4.5065","4.4770","4.5190","4.4700","1.16%"
"02/10/2025","4.4550","4.4900","4.4940","4.4340","-0.47%"
"02/07/2025","4.4760","4.4960","4.5100","4.4360","-0.13%"
"02/06/2025","4.4820","4.4440","4.4880","4.3800","1.06%"
"02/05/2025","4.4350","4.4970","4.5000","4.4240","-1.90%"
"02/04/2025","4.5210","4.5220","4.5580","4.5100","0.70%"
"02/03/2025","4.4895","4.5370","4.5510","4.4480","-0.98%"
"01/31/2025","4.5340","4.5590","4.5720","4.5190","-0.56%"
"01/30/2025","4.5595","4.5990","4.5990","4.5400","-1.03%"
"01/29/2025","4.6070","4.5840","4.6170","4.5710","-0.10%"
"01/28/2025","4.6115","4.6010","4.6200","4.5830","0.58%"
"01/27/2025","4.5850","4.5900","4.6100","4.5590","-0.98%"
"01/24/2025","4.6305","4.6240","4.6670","4.5980","-0.11%"
"01/23/2025","4.6355","4.6200","4.6570","4.6160","0.11%"
"01/22/2025","4.6305","4.5990","4.6370","4.5690","0.92%"
"01/21/2025","4.5885","4.6450","4.6730","4.5820","-1.49%"
"01/20/2025","4.6580","4.6530","4.7070","4.6510","0.05%"
"01/17/2025","4.6555","4.6400","4.6640","4.6150","-0.53%"
"01/16/2025","4.6805","4.7290","4.7450","4.6680","-1.06%"
"01/15/2025","4.7305","4.8230","4.8390","4.6950","-3.14%"
"01/14/2025","4.8840","4.8530","4.8940","4.8380","-0.02%"
"01/13/2025","4.8850","4.9030","4.9050","4.8520","1.03%"
"01/10/2025","4.8350","4.8390","4.8890","4.8190","0.60%"
"01/09/2025","4.8060","4.8880","4.9250","4.7860","0.19%"
"01/08/2025","4.7970","4.6770","4.8210","4.6640","2.43%"
"01/07/2025","4.6830","4.6150","4.6890","4.6030","1.61%"
"01/06/2025","4.6090","4.6210","4.6370","4.5900","0.38%"
"01/03/2025","4.5915","4.5700","4.5980","4.5530","-0.04%"
"01/02/2025","4.5935","4.5810","4.5980","4.5230","0.60%"
"12/31/2024","4.5660","4.5950","4.6090","4.5500","-0.91%"
"12/30/2024","4.6080","4.6350","4.6430","4.5980","-0.39%"
"12/27/2024","4.6260","4.6260","4.6450","4.6100","0.70%"
"12/24/2024","4.5940","4.5690","4.6150","4.5670","1.12%"
"12/23/2024","4.5430","4.5560","4.5670","4.5310","0.78%"
"12/20/2024","4.5080","4.5930","4.6110","4.5100","-1.54%"
"12/19/2024","4.5785","4.6420","4.6560","4.5630","0.46%"
"12/18/2024","4.5575","4.5130","4.5790","4.5010","0.83%"
"12/17/2024","4.5200","4.4900","4.5330","4.4730","1.80%"
"12/16/2024","4.4400","4.4000","4.4480","4.3820","0.67%"
"12/13/2024","4.4105","4.3630","4.4140","4.3510","1.11%"
"12/12/2024","4.3620","4.3580","4.3670","4.3310","1.02%"
"12/11/2024","4.3180","4.3240","4.3470","4.2960","-0.09%"
"12/10/2024","4.3220","4.2920","4.3310","4.2800","1.21%"
"12/09/2024","4.2705","4.2650","4.2810","4.2410","-0.12%"
"12/06/2024","4.2755","4.2660","4.2980","4.2450","-0.13%"
"12/05/2024","4.2810","4.2460","4.2850","4.2340","0.80%"
"12/04/2024","4.2470","4.2730","4.2980","4.2400","0.12%"
"12/03/2024","4.2420","4.2290","4.2530","4.1940","0.77%"
"12/02/2024","4.2095","4.2430","4.2600","4.2100","-0.81%"
"11/29/2024","4.2440","4.2610","4.2670","4.2220","-0.64%"
"11/28/2024","4.2715","4.2900","4.3400","4.2740","-0.55%"
"11/27/2024","4.2950","4.3100","4.3300","4.2900","-1.31%"
"11/26/2024","4.3520","4.3620","4.3770","4.3430","0.21%"
"11/25/2024","4.3430","4.3670","4.3890","4.3200","-0.95%"
"11/22/2024","4.3845","4.4420","4.4550","4.3710","-1.21%"
"11/21/2024","4.4380","4.4780","4.4840","4.4210","-0.69%"
"11/20/2024","4.4690","4.4900","4.5040","4.4680","0.59%"
"11/19/2024","4.4430","4.4410","4.4640","4.3850","-0.47%"
"11/18/2024","4.4640","4.4800","4.5090","4.4640","-0.13%"
"11/15/2024","4.4700","4.5060","4.5230","4.4600","-0.26%"
"11/14/2024","4.4815","4.5650","4.5660","4.4800","-0.85%"
"11/13/2024","4.5200","4.5290","4.5400","4.4680","0.47%"
"11/12/2024","4.4990","4.4380","4.5020","4.4350","1.72%"
"11/11/2024","4.4230","4.4230","4.4670","4.4090","-0.19%"
"11/08/2024","4.4315","4.4720","4.4790","4.4180","-1.50%"
"11/07/2024","4.4990","4.5560","4.5880","4.4760","-1.36%"
"11/06/2024","4.5610","4.5160","4.5940","4.4790","0.74%"
"11/05/2024","4.5275","4.4830","4.5410","4.4660","1.63%"
"11/04/2024","4.4550","4.4500","4.4790","4.4190","0.28%"
"11/01/2024","4.4425","4.4810","4.5060","4.3830","-0.06%"
"10/31/2024","4.4450","4.4070","4.5260","4.3830","2.21%"
"10/30/2024","4.3490","4.2720","4.3920","4.2060","0.81%"
"10/29/2024","4.3140","4.2660","4.3180","4.2590","1.34%"
"10/28/2024","4.2570","4.2830","4.2900","4.1960","0.52%"
"10/25/2024","4.2350","4.2160","4.2380","4.2060","-0.07%"
"10/24/2024","4.2380","4.2600","4.2730","4.2110","0.88%"
"10/23/2024","4.2010","4.1730","4.2280","4.1680","0.77%"
"10/22/2024","4.1690","4.1710","4.1770","4.1290","0.72%"
"10/21/2024","4.1390","4.0630","4.1400","4.0610","2.02%"
"10/18/2024","4.0570","4.1190","4.1260","4.0530","-0.83%"
"10/17/2024","4.0910","4.0880","4.1080","4.0660","0.61%"
"10/16/2024","4.0660","4.1050","4.1130","4.0550","-2.35%"
"10/15/2024","4.1640","4.2120","4.2130","4.1640","-1.79%"
"10/14/2024","4.2400","4.2160","4.2590","4.2110","0.76%"
"10/11/2024","4.2080","4.2120","4.2480","4.1990","-0.17%"
"10/10/2024","4.2150","4.2120","4.2470","4.1990","0.79%"
"10/09/2024","4.1820","4.1810","4.1900","4.1610","-0.07%"
"10/08/2024","4.1850","4.2070","4.2230","4.1770","-0.59%"
"10/07/2024","4.2100","4.1670","4.2120","4.1530","1.86%"
"10/04/2024","4.1330","4.0510","4.1400","4.0370","2.86%"
"10/03/2024","4.0180","4.0270","4.0350","3.9990","-0.27%"
"10/02/2024","4.0290","3.9680","4.0510","3.9680","2.18%"
"10/01/2024","3.9430","4.0060","4.0080","3.9150","-1.65%"
"09/30/2024","4.0090","3.9840","4.0230","3.9840","0.73%"
"09/27/2024","3.9800","4.0050","4.0070","3.9630","-0.80%"
"09/26/2024","4.0120","4.0040","4.0180","3.9770","0.50%"
"09/25/2024","3.9920","3.9420","4.0000","3.9190","1.27%"
"09/24/2024","3.9420","3.9320","3.9960","3.9310","0.43%"
"09/23/2024","3.9250","3.9110","3.9520","3.8710","0.54%"
"09/20/2024","3.9040","3.8970","3.9200","3.8620","0.28%"
"09/19/2024","3.8930","3.8620","3.9100","3.8370","1.12%"
"09/18/2024","3.8500","3.7780","3.8550","3.7750","2.18%"
"09/17/2024","3.7680","3.7540","3.7840","3.7310","0.21%"
"09/16/2024","3.7600","3.7610","3.7810","3.7560","-0.24%"
"09/13/2024","3.7690","3.7640","3.7830","3.7510","-0.40%"
"09/12/2024","3.7840","3.7680","3.7950","3.7440","0.58%"
"09/11/2024","3.7620","3.7950","3.8090","3.7450","-1.57%"
"09/10/2024","3.8220","3.8780","3.8890","3.8190","-0.91%"
"09/09/2024","3.8570","3.9320","3.9440","3.8560","-0.87%"
"09/06/2024","3.8910","3.8920","3.9380","3.8510","-0.64%"
"09/05/2024","3.9160","3.9210","3.9380","3.9010","-0.51%"
"09/04/2024","3.9360","3.9670","3.9750","3.9290","-1.38%"
"09/03/2024","3.9910","4.0460","4.0500","3.9620","-1.58%"
"09/02/2024","4.0550","4.0440","4.0630","4.0430","0.97%"
"08/30/2024","4.0160","4.0210","4.0230","3.9760","-0.12%"
"08/29/2024","4.0210","4.0070","4.0300","3.9780","0.47%"
"08/28/2024","4.0020","3.9980","4.0110","3.9670","0.02%"
"08/27/2024","4.0010","3.9740","4.0220","3.9710","2.22%"
"08/23/2024","3.9140","3.9540","3.9670","3.9060","-1.21%"
"08/22/2024","3.9620","3.9070","3.9660","3.8840","1.77%"
"08/21/2024","3.8930","3.9180","3.9370","3.8900","-0.64%"
"08/20/2024","3.9180","3.9300","3.9520","3.9150","-0.20%"
"08/19/2024","3.9260","3.9080","3.9490","3.8980","-0.10%"
"08/16/2024","3.9300","3.9010","3.9450","3.8870","0.15%"
"08/15/2024","3.9240","3.8370","3.9290","3.8330","2.48%"
"08/14/2024","3.8290","3.8620","3.8720","3.8160","-1.59%"
"08/13/2024","3.8910","3.9220","3.9370","3.8770","-0.71%"
"08/12/2024","3.9190","3.9670","3.9720","3.9140","-0.71%"
"08/09/2024","3.9470","3.9730","3.9750","3.9260","-0.85%"
"08/08/2024","3.9810","3.9340","3.9930","3.9200","0.71%"
"08/07/2024","3.9530","3.9250","3.9770","3.9210","0.79%"
"08/06/2024","3.9220","3.8920","3.9290","3.8620","1.27%"
"08/05/2024","3.8730","3.7870","3.8760","3.7420","1.10%"
"08/02/2024","3.8310","3.8360","3.8760","3.7990","-1.47%"
"08/01/2024","3.8880","3.9390","3.9540","3.8580","-2.09%"
"07/31/2024","3.9710","4.0250","4.0280","3.9690","-1.88%"
"07/30/2024","4.0470","4.0460","4.0740","4.0240","-0.15%"
"07/29/2024","4.0530","4.0850","4.0850","4.0190","-1.22%"
"07/26/2024","4.1030","4.1560","4.1840","4.0710","-0.75%"
"07/25/2024","4.1340","4.1600","4.1660","4.0970","-0.58%"
"07/24/2024","4.1580","4.1230","4.1710","4.1120","0.75%"
"07/23/2024","4.1270","4.1600","4.1730","4.1250","-0.89%"
"07/22/2024","4.1640","4.1110","4.1650","4.1090","0.92%"
"07/19/2024","4.1260","4.0640","4.1390","4.0620","1.50%"
"07/18/2024","4.0650","4.0720","4.0860","4.0330","-0.32%"
"07/17/2024","4.0780","4.0630","4.1010","4.0610","0.64%"
"07/16/2024","4.0520","4.0940","4.0950","4.0500","-1.27%"
"07/15/2024","4.1040","4.1230","4.1320","4.0930","-0.19%"
"07/12/2024","4.1120","4.1080","4.1560","4.0980","0.81%"
"07/11/2024","4.0790","4.1370","4.1780","4.0770","-1.23%"
"07/10/2024","4.1300","4.1310","4.1420","4.0940","-0.75%"
"07/09/2024","4.1610","4.1280","4.1760","4.1220","1.09%"
"07/08/2024","4.1160","4.1610","4.1640","4.1030","-0.31%"
"07/05/2024","4.1290","4.1860","4.1870","4.1250","-1.74%"
"07/04/2024","4.2020","4.1740","4.2090","4.1740","0.72%"
"07/03/2024","4.1720","4.2470","4.2470","4.1550","-1.90%"
"07/02/2024","4.2530","4.2610","4.2740","4.2180","-0.82%"
"07/01/2024","4.2880","4.2070","4.2930","4.2060","2.68%"
"06/28/2024","4.1760","4.1310","4.1920","4.1150","1.04%"
"06/27/2024","4.1330","4.1460","4.1730","4.1120","-0.10%"
"06/26/2024","4.1370","4.0860","4.1450","4.0840","1.42%"
"06/25/2024","4.0790","4.0640","4.0880","4.0370","-0.12%"
"06/24/2024","4.0840","4.0800","4.0980","4.0550","0.07%"
"06/21/2024","4.0810","4.0350","4.0940","4.0030","0.62%"
"06/20/2024","4.0560","4.0900","4.1030","4.0290","-0.37%"
"06/19/2024","4.0710","4.0480","4.0960","4.0430","0.44%"
"06/18/2024","4.0530","4.1070","4.1180","4.0480","-1.55%"
"06/17/2024","4.1170","4.0640","4.1250","4.0560","1.33%"
"06/14/2024","4.0630","4.1350","4.1350","4.0370","-1.48%"
"06/13/2024","4.1240","4.1540","4.1850","4.1220","-0.12%"
"06/12/2024","4.1290","4.2480","4.2600","4.1240","-3.35%"
"06/11/2024","4.2720","4.3020","4.3110","4.2630","-1.27%"
"06/10/2024","4.3270","4.2820","4.3350","4.2810","1.48%"
"06/07/2024","4.2640","4.1820","4.2720","4.1700","2.08%"
"06/06/2024","4.1770","4.1950","4.2060","4.1650","-0.26%"
"06/05/2024","4.1880","4.2060","4.2200","4.1780","0.17%"
"06/04/2024","4.1810","4.2360","4.2370","4.1610","-1.06%"
"06/03/2024","4.2260","4.3060","4.3190","4.2220","-2.27%"
"05/31/2024","4.3240","4.3610","4.3920","4.3030","-0.51%"
"05/30/2024","4.3460","4.3980","4.4010","4.3460","-1.43%"
"05/29/2024","4.4090","4.3270","4.4090","4.3150","2.89%"
"05/28/2024","4.2850","4.2320","4.2880","4.2140","-0.26%"
"05/27/2024","4.2960","4.2960","4.2960","4.2960","0.73%"
"05/24/2024","4.2650","4.2600","4.2940","4.2430","0.07%"
"05/23/2024","4.2620","4.2340","4.2830","4.2000","0.57%"
"05/22/2024","4.2380","4.2380","4.2530","4.2230","2.49%"
"05/21/2024","4.1350","4.1740","4.1750","4.1280","-0.91%"
"05/20/2024","4.1730","4.1390","4.1760","4.1230","1.02%"
"05/17/2024","4.1310","4.0820","4.1360","4.0760","1.18%"
"05/16/2024","4.0830","4.0500","4.0840","4.0460","0.29%"
"05/15/2024","4.0710","4.1460","4.1480","4.0620","-2.51%"
"05/14/2024","4.1760","4.1790","4.2120","4.1390","-0.02%"
"05/13/2024","4.1770","4.1580","4.1790","4.1370","0.14%"
"05/10/2024","4.1710","4.1320","4.1750","4.0960","0.68%"
"05/09/2024","4.1430","4.1410","4.1870","4.1280","0.02%"
"05/08/2024","4.1420","4.1440","4.1590","4.1260","0.29%"
"05/07/2024","4.1300","4.2230","4.2250","4.1260","-2.32%"
"05/03/2024","4.2280","4.2910","4.2930","4.1940","-1.45%"
"05/02/2024","4.2900","4.3310","4.3360","4.2850","-1.85%"
"05/01/2024","4.3710","4.3660","4.3940","4.3440","0.46%"
"04/30/2024","4.3510","4.3040","4.3580","4.2920","1.35%"
"04/29/2024","4.2930","4.3110","4.3210","4.2790","-0.83%"
"04/26/2024","4.3290","4.3520","4.3600","4.2960","-0.94%"
"04/25/2024","4.3700","4.3390","4.3960","4.3090","0.74%"
"04/24/2024","4.3380","4.2860","4.3620","4.2730","2.17%"
"04/23/2024","4.2460","4.2190","4.2840","4.2080","0.90%"
"04/22/2024","4.2080","4.2590","4.2640","4.2050","-0.54%"
"04/19/2024","4.2310","4.2410","4.2910","4.2260","-1.14%"
"04/18/2024","4.2800","4.2260","4.2800","4.2080","0.35%"
"04/17/2024","4.2650","4.3200","4.3340","4.2630","-0.81%"
"04/16/2024","4.3000","4.2700","4.3330","4.2450","1.34%"
"04/15/2024","4.2430","4.1830","4.2620","4.1760","2.56%"
"04/12/2024","4.1370","4.1860","4.2060","4.0990","-1.64%"
"04/11/2024","4.2060","4.1810","4.2480","4.1600","1.30%"
"04/10/2024","4.1520","4.0370","4.1530","4.0060","3.03%"
"04/09/2024","4.0300","4.0830","4.0840","4.0220","-1.44%"
"04/08/2024","4.0890","4.1060","4.1300","4.0850","0.47%"
"04/05/2024","4.0700","4.0080","4.0980","4.0080","1.19%"
"04/04/2024","4.0220","4.0430","4.0590","3.9810","-0.96%"
"04/03/2024","4.0610","4.0850","4.1080","4.0340","-0.68%"
"04/02/2024","4.0890","4.0280","4.1110","3.9940","3.27%"
"04/01/2024","3.9595","3.9600","3.9595","3.8550","0.55%"
"03/28/2024","3.9380","3.9600","3.9750","3.9180","0.20%"
"03/27/2024","3.9300","3.9520","3.9780","3.9260","-1.11%"
"03/26/2024","3.9740","3.9830","3.9910","3.9330","-0.38%"
"03/25/2024","3.9890","3.9310","4.0060","3.9150","1.50%"
"03/22/2024","3.9300","3.9620","3.9760","3.9070","-1.70%"
"03/21/2024","3.9980","3.9940","4.0170","3.9210","-0.55%"
"03/20/2024","4.0200","4.0180","4.0380","3.9900","-1.03%"
"03/19/2024","4.0620","4.0860","4.0910","4.0330","-0.71%"
"03/18/2024","4.0910","4.0930","4.1140","4.0700","-0.27%"
"03/15/2024","4.1020","4.1130","4.1250","4.0850","0.29%"
"03/14/2024","4.0900","4.0470","4.0930","3.9940","1.67%"
"03/13/2024","4.0230","3.9240","4.0260","3.9190","1.95%"
"03/12/2024","3.9460","3.9500","3.9550","3.8930","-0.68%"
"03/11/2024","3.9730","3.9530","4.0010","3.9420","-0.13%"
"03/08/2024","3.9780","3.9710","3.9940","3.9350","-0.45%"
"03/07/2024","3.9960","4.0110","4.0390","3.9430","0.10%"
"03/06/2024","3.9920","4.0230","4.0700","3.9840","-0.47%"
"03/05/2024","4.0110","4.0950","4.1020","3.9920","-2.74%"
"03/04/2024","4.1240","4.1200","4.1450","4.0850","0.12%"
"03/01/2024","4.1190","4.1520","4.1960","4.0860","-0.17%"
"02/29/2024","4.1260","4.1590","4.2680","4.1150","-1.43%"
"02/28/2024","4.1860","4.1870","4.2020","4.1650","-0.31%"
"02/27/2024","4.1990","4.1380","4.2020","4.1020","0.86%"
"02/26/2024","4.1630","4.0980","4.1660","4.0760","3.10%"
"02/23/2024","4.0380","4.1090","4.1470","4.0270","-1.80%"
"02/22/2024","4.1120","4.1060","4.1540","4.0570","0.07%"
"02/21/2024","4.1090","4.0620","4.1090","4.0430","1.63%"
"02/20/2024","4.0430","4.0970","4.1060","4.0320","-1.65%"
"02/19/2024","4.1110","4.1210","4.1300","4.0960","-0.07%"
"02/16/2024","4.1140","4.0810","4.1340","4.0690","1.61%"
"02/15/2024","4.0490","3.9990","4.0630","3.9740","0.05%"
"02/14/2024","4.0470","4.0800","4.1070","4.0420","-2.58%"
"02/13/2024","4.1540","4.0930","4.1680","4.0490","2.37%"
"02/12/2024","4.0580","4.0590","4.0840","4.0330","-0.69%"
"02/09/2024","4.0860","4.0890","4.0970","4.0100","0.76%"
"02/08/2024","4.0550","3.9800","4.0650","3.9620","1.63%"
"02/07/2024","3.9900","3.9440","4.0080","3.9440","0.94%"
"02/06/2024","3.9530","3.9850","4.0230","3.9440","-1.40%"
"02/05/2024","4.0090","3.8030","4.0430","3.7710","2.24%"
"02/02/2024","3.9210","3.8030","3.9280","3.7710","4.59%"
"02/01/2024","3.7490","3.8200","3.8390","3.7250","-1.29%"
"01/31/2024","3.7980","3.8490","3.9000","3.7860","-2.67%"
"01/30/2024","3.9020","3.8580","3.9220","3.8520","0.62%"
"01/29/2024","3.8780","3.9410","3.9540","3.8750","-2.32%"
"01/26/2024","3.9700","3.9690","4.0020","3.9350","-0.43%"
"01/25/2024","3.9870","4.0230","4.0700","3.9580","-0.60%"
"01/24/2024","4.0110","3.9600","4.0410","3.9370","0.60%"
"01/23/2024","3.9870","3.9210","3.9970","3.9130","2.00%"
"01/22/2024","3.9090","3.8970","3.9180","3.8620","-0.53%"
"01/19/2024","3.9300","3.9060","3.9660","3.8700","-0.03%"
"01/18/2024","3.9310","3.9700","3.9870","3.9070","-1.33%"
"01/17/2024","3.9840","3.8910","3.9940","3.8630","4.79%"
"01/16/2024","3.8020","3.8180","3.8190","3.7640","0.05%"
"01/15/2024","3.8000","3.8290","3.8400","3.7900","0.11%"
"01/12/2024","3.7960","3.8250","3.8380","3.7590","-1.27%"
"01/11/2024","3.8450","3.7890","3.8530","3.7710","0.60%"
"01/10/2024","3.8220","3.7740","3.8260","3.7570","1.06%"
"01/09/2024","3.7820","3.8090","3.8390","3.7450","0.24%"
"01/08/2024","3.7730","3.8160","3.8430","3.7620","-0.89%"
"01/07/2024","3.8070","3.7755","3.8070","3.7755","-0.85%"
"01/06/2024","3.8395","3.8230","3.8395","3.8230","1.44%"
"01/05/2024","3.7850","3.7410","3.8530","3.7230","1.53%"
"01/04/2024","3.7280","3.6320","3.7430","3.6140","2.33%"
"01/03/2024","3.6430","3.6690","3.6860","3.6320","0.03%"
"01/02/2024","3.6420","3.6070","3.6950","3.5890","2.17%"
"01/01/2024","3.5645","3.5645","3.5645","3.5645","0.72%"
"12/29/2023","3.5390","3.4860","3.5920","3.4830","1.26%"
"12/28/2023","3.4950","3.4350","3.5120","3.4330","1.75%"
"12/27/2023","3.4350","3.5030","3.5110","3.4340","-2.62%"
"12/25/2023","3.5275","3.5310","3.5310","3.5275","-0.10%"
"12/24/2023","3.5310","3.5310","3.5310","3.5310","0.00%"
"12/23/2023","3.5310","3.5310","3.5310","3.5310","0.74%"
"12/22/2023","3.5050","3.5070","3.5490","3.4970","-0.74%"
"12/21/2023","3.5310","3.5290","3.5770","3.4770","0.11%"
"12/20/2023","3.5270","3.5600","3.5780","3.5190","-3.61%"
"12/19/2023","3.6590","3.6530","3.6980","3.6250","-0.97%"
"12/18/2023","3.6950","3.7010","3.7300","3.6300","-0.94%"
"12/17/2023","3.7300","3.7335","3.7335","3.7300","0.11%"
"12/16/2023","3.7260","3.7260","3.7260","3.7260","1.03%"
"12/15/2023","3.6880","3.7930","3.7970","3.6630","-2.49%"
"12/14/2023","3.7820","3.7180","3.8060","3.6640","-1.30%"
"12/13/2023","3.8320","3.9300","3.9430","3.8240","-3.45%"
"12/12/2023","3.9690","3.9940","3.9990","3.9410","-2.70%"
"12/11/2023","4.0790","4.0430","4.0890","4.0250","0.62%"
"12/10/2023","4.0540","4.0485","4.0540","4.0485","-0.15%"
"12/09/2023","4.0600","4.0600","4.0600","4.0600","0.47%"
"12/08/2023","4.0410","3.9990","4.0860","3.9850","1.79%"
"12/07/2023","3.9700","3.9990","4.0140","3.9640","0.61%"
"12/06/2023","3.9460","4.0270","4.0740","3.9410","-2.08%"
"12/05/2023","4.0300","4.1400","4.1700","4.0050","-4.02%"
"12/04/2023","4.1990","4.1590","4.2050","4.1380","0.02%"
"12/03/2023","4.1980","4.1970","4.1980","4.1875","0.48%"
"12/02/2023","4.1780","4.1780","4.1780","4.1780","0.84%"
"12/01/2023","4.1430","4.1930","4.2180","4.1360","-0.79%"
"11/30/2023","4.1760","4.0900","4.2130","4.0820","1.80%"
"11/29/2023","4.1020","4.1340","4.1630","4.0560","-1.68%"
"11/28/2023","4.1720","4.1900","4.2460","4.1540","-0.95%"
"11/27/2023","4.2120","4.2580","4.2970","4.2120","-2.68%"
"11/26/2023","4.3280","4.3355","4.3355","4.3280","0.17%"
"11/25/2023","4.3205","4.3205","4.3205","4.3205","0.88%"
"11/24/2023","4.2830","4.2690","4.3280","4.2670","0.68%"
"11/23/2023","4.2540","4.1710","4.2600","4.1330","2.26%"
"11/22/2023","4.1600","4.1440","4.1800","4.0520","1.27%"
"11/21/2023","4.1080","4.0920","4.1260","4.0740","-0.48%"
"11/20/2023","4.1280","4.1110","4.1600","4.0950","-0.35%"
"11/19/2023","4.1425","4.1415","4.1425","4.1365","0.25%"
"11/18/2023","4.1320","4.1320","4.1320","4.1320","0.73%"
"11/17/2023","4.1020","4.1060","4.1210","4.0280","-1.25%"
"11/16/2023","4.1540","4.1880","4.1970","4.1060","-1.82%"
"11/15/2023","4.2310","4.1350","4.2370","4.1220","1.80%"
"11/14/2023","4.1560","4.3130","4.3430","4.1420","-3.75%"
"11/13/2023","4.3180","4.3230","4.3700","4.3010","-1.10%"
"11/12/2023","4.3660","4.3595","4.3660","4.3595","-0.15%"
"11/11/2023","4.3725","4.3725","4.3725","4.3725","0.89%"
"11/10/2023","4.3340","4.2900","4.3590","4.2900","1.43%"
"11/09/2023","4.2730","4.2280","4.3000","4.2200","0.66%"
"11/08/2023","4.2450","4.2840","4.2860","4.2240","-0.79%"
"11/07/2023","4.2790","4.3750","4.3780","4.2690","-2.31%"
"11/06/2023","4.3800","4.3300","4.3830","4.3130","0.91%"
"11/05/2023","4.3405","4.3395","4.3405","4.3340","0.28%"
"11/04/2023","4.3285","4.3285","4.3285","4.3285","0.97%"
"11/03/2023","4.2870","4.3840","4.4060","4.2700","-2.26%"
"11/02/2023","4.3860","4.4770","4.4870","4.3180","-2.49%"
"11/01/2023","4.4980","4.5580","4.5640","4.4480","-0.44%"
"10/31/2023","4.5180","4.5100","4.5220","4.4520","-1.01%"
"10/30/2023","4.5640","4.5160","4.6130","4.5020","-0.74%"
"10/29/2023","4.5980","4.5870","4.5980","4.5870","0.13%"
"10/28/2023","4.5920","4.6090","4.6090","4.5920","0.97%"
"10/27/2023","4.5480","4.5750","4.5990","4.5320","-1.15%"
"10/26/2023","4.6010","4.6550","4.6690","4.5610","-0.20%"
"10/25/2023","4.6100","4.5340","4.6320","4.5210","1.56%"
"10/24/2023","4.5390","4.5380","4.5850","4.4920","-1.35%"
"10/23/2023","4.6010","4.6890","4.7430","4.5950","-2.12%"
"10/22/2023","4.7005","4.7020","4.7020","4.7005","0.04%"
"10/21/2023","4.6985","4.6980","4.6985","4.6980","0.96%"
"10/20/2023","4.6540","4.6610","4.7180","4.6420","-0.04%"
"10/19/2023","4.6560","4.7170","4.7260","4.6380","-0.15%"
"10/18/2023","4.6630","4.5560","4.6690","4.5520","3.32%"
"10/17/2023","4.5130","4.5020","4.5650","4.4530","0.67%"
"10/16/2023","4.4830","4.4250","4.4880","4.4250","0.85%"
"10/15/2023","4.4450","4.4240","4.4450","4.4235","0.49%"
"10/14/2023","4.4235","4.4235","4.4235","4.4235","0.79%"
"10/13/2023","4.3890","4.4190","4.4240","4.3420","-0.77%"
"10/12/2023","4.4230","4.2880","4.4300","4.2840","2.03%"
"10/11/2023","4.3350","4.4410","4.4410","4.3170","-2.19%"
"10/10/2023","4.4320","4.4820","4.5320","4.4240","-1.09%"
"10/09/2023","4.4810","4.5560","4.5800","4.4730","-3.48%"
"10/08/2023","4.6425","4.6365","4.6485","4.6225","0.13%"
"10/07/2023","4.6365","4.6365","4.6365","4.6365","1.30%"
"10/06/2023","4.5770","4.5580","4.6440","4.5470","0.70%"
"10/05/2023","4.5450","4.6040","4.6410","4.5370","-0.92%"
"10/04/2023","4.5870","4.6680","4.6690","4.5760","-0.13%"
"10/03/2023","4.5930","4.5460","4.6050","4.5110","0.53%"
"10/02/2023","4.5690","4.4700","4.5750","4.4610","1.91%"
"10/01/2023","4.4835","4.4650","4.5020","4.4650","-0.40%"
"09/30/2023","4.5015","4.5015","4.5015","4.5015","1.23%"
"09/29/2023","4.4470","4.4420","4.4760","4.4020","-1.05%"
"09/28/2023","4.4940","4.3780","4.5650","4.3760","3.03%"
"09/27/2023","4.3620","4.3050","4.3720","4.2750","0.74%"
"09/26/2023","4.3300","4.3540","4.3600","4.2710","0.07%"
"09/25/2023","4.3270","4.2620","4.3530","4.2610","0.84%"
"09/24/2023","4.2910","4.2965","4.2965","4.2910","0.14%"
"09/23/2023","4.2850","4.2850","4.2850","4.2850","0.78%"
"09/22/2023","4.2520","4.3040","4.3060","4.2350","-1.28%"
"09/21/2023","4.3070","4.2650","4.3530","4.2340","2.11%"
"09/20/2023","4.2180","4.2840","4.2950","4.2130","-2.90%"
"09/19/2023","4.3440","4.3930","4.3970","4.3310","-1.05%"
"09/18/2023","4.3900","4.3770","4.4260","4.3680","-0.30%"
"09/17/2023","4.4030","4.3980","4.4030","4.3980","-0.11%"
"09/16/2023","4.4080","4.4080","4.4080","4.4080","1.01%"
"09/15/2023","4.3640","4.2960","4.3640","4.3130","1.89%"
"09/14/2023","4.2830","4.3340","4.3640","4.2500","-1.43%"
"09/13/2023","4.3450","4.4100","4.4380","4.3430","-1.63%"
"09/12/2023","4.4170","4.4720","4.4730","4.4050","-1.21%"
"09/11/2023","4.4710","4.4560","4.4980","4.4410","0.19%"
"09/10/2023","4.4625","4.4575","4.4625","4.4575","-0.08%"
"09/09/2023","4.4660","4.4660","4.4660","4.4660","0.95%"
"09/08/2023","4.4240","4.4240","4.4630","4.4100","-0.63%"
"09/07/2023","4.4520","4.5190","4.5200","4.4480","-1.79%"
"09/06/2023","4.5330","4.5340","4.5620","4.4940","0.24%"
"09/05/2023","4.5220","4.4780","4.5340","4.4470","1.28%"
"09/04/2023","4.4650","4.4260","4.4710","4.4230","0.43%"
"09/03/2023","4.4460","4.4465","4.4465","4.4460","0.02%"
"09/02/2023","4.4450","4.4450","4.4450","4.4450","0.34%"
"09/01/2023","4.4300","4.3860","4.4330","4.3330","1.61%"
"08/31/2023","4.3600","4.4400","4.4400","4.3440","-1.51%"
"08/30/2023","4.4270","4.4590","4.4870","4.3900","0.09%"
"08/29/2023","4.4230","4.4140","4.4930","4.4080","-0.45%"
"08/28/2023","4.4430","4.4550","4.4960","4.4240","-0.97%"
"08/27/2023","4.4865","4.4960","4.4960","4.4865","0.19%"
"08/26/2023","4.4780","4.4780","4.4780","4.4780","0.81%"
"08/25/2023","4.4420","4.4550","4.4960","4.4240","0.32%"
"08/24/2023","4.4280","4.4270","4.4680","4.3860","-0.92%"
"08/23/2023","4.4690","4.6270","4.6390","4.4580","-3.81%"
"08/22/2023","4.6460","4.7040","4.7430","4.6430","-1.76%"
"08/21/2023","4.7290","4.7040","4.7430","4.6540","0.10%"
"08/20/2023","4.7245","4.7305","4.7305","4.7245","0.11%"
"08/19/2023","4.7195","4.7210","4.7210","4.7195","0.97%"
"08/18/2023","4.6740","4.6600","4.7160","4.6490","-1.50%"
"08/17/2023","4.7450","4.6970","4.7550","4.6730","2.15%"
"08/16/2023","4.6450","4.5880","4.6530","4.5800","1.13%"
"08/15/2023","4.5930","4.6060","4.6720","4.5810","0.59%"
"08/14/2023","4.5660","4.5380","4.5900","4.5130","0.84%"
"08/11/2023","4.5280","4.4130","4.5380","4.4050","3.76%"
"08/10/2023","4.3640","4.3930","4.4050","4.3220","-0.14%"
"08/09/2023","4.3700","4.3850","4.4180","4.3520","-0.36%"
"08/08/2023","4.3860","4.4110","4.4110","4.3300","-1.64%"
"08/07/2023","4.4590","4.3960","4.4730","4.3840","0.65%"
"08/06/2023","4.4300","4.4365","4.4365","4.4300","0.16%"
"08/05/2023","4.4230","4.4235","4.4235","4.4230","0.91%"
"08/04/2023","4.3830","4.4870","4.5030","4.3720","-1.90%"
"08/03/2023","4.4680","4.4390","4.4750","4.3860","1.52%"
"08/02/2023","4.4010","4.3760","4.4310","4.3720","-0.05%"
"08/01/2023","4.4030","4.3000","4.4030","4.2950","2.21%"
"07/31/2023","4.3080","4.3530","4.3710","4.2910","-1.37%"
"07/30/2023","4.3680","4.3620","4.3740","4.3620","-0.13%"
"07/29/2023","4.3735","4.3735","4.3735","4.3735","1.07%"
"07/28/2023","4.3270","4.3770","4.3920","4.3060","0.42%"
"07/27/2023","4.3090","4.2540","4.3280","4.2440","0.70%"
"07/26/2023","4.2790","4.2660","4.3040","4.2540","0.26%"
"07/25/2023","4.2680","4.2780","4.2960","4.2440","0.26%"
"07/24/2023","4.2570","4.2670","4.2840","4.1620","-1.21%"
"07/23/2023","4.3090","4.3055","4.3090","4.3055","-0.08%"
"07/22/2023","4.3125","4.3125","4.3125","4.3125","0.97%"
"07/21/2023","4.2710","4.2640","4.3180","4.2530","-0.07%"
"07/20/2023","4.2740","4.1820","4.2770","4.1680","1.28%"
"07/19/2023","4.2200","4.2560","4.2630","4.1380","-2.79%"
"07/18/2023","4.3410","4.3950","4.4030","4.3260","-2.08%"
"07/17/2023","4.4330","4.4390","4.4610","4.3790","-0.99%"
"07/16/2023","4.4775","4.4680","4.4775","4.4680","-0.21%"
"07/15/2023","4.4870","4.4865","4.4870","4.4865","0.90%"
"07/14/2023","4.4470","4.4570","4.4660","4.3710","0.52%"
"07/13/2023","4.4240","4.4810","4.5040","4.4110","-1.91%"
"07/12/2023","4.5100","4.6250","4.6380","4.5070","-3.32%"
"07/11/2023","4.6650","4.5960","4.6700","4.5920","0.47%"
"07/10/2023","4.6430","4.6610","4.6920","4.6270","-1.09%"
"07/09/2023","4.6940","4.6980","4.6980","4.6940","0.05%"
"07/08/2023","4.6915","4.6920","4.6920","4.6915","0.94%"
"07/07/2023","4.6480","4.6370","4.7170","4.6240","-0.30%"
"07/06/2023","4.6620","4.5230","4.7030","4.5180","3.60%"
"07/05/2023","4.5000","4.4300","4.5010","4.3740","1.95%"
"07/04/2023","4.4140","4.4480","4.4830","4.3860","-0.63%"
"07/03/2023","4.4420","4.3850","4.4580","4.3710","0.20%"
"07/02/2023","4.4330","4.4365","4.4365","4.4330","0.07%"
"07/01/2023","4.4300","4.4275","4.4300","4.4275","0.98%"
"06/30/2023","4.3870","4.3910","4.4630","4.3720","0.14%"
"06/29/2023","4.3810","4.3380","4.4160","4.3050","1.55%"
"06/28/2023","4.3140","4.3730","4.4030","4.2990","-1.37%"
"06/27/2023","4.3740","4.3000","4.3910","4.2900","1.72%"
"06/26/2023","4.3000","4.3200","4.3350","4.2530","-1.35%"
"06/25/2023","4.3590","4.3445","4.3590","4.3445","-0.30%"
"06/24/2023","4.3720","4.3575","4.3720","4.3575","1.30%"
"06/23/2023","4.3160","4.3620","4.3690","4.2140","-1.26%"
"06/22/2023","4.3710","4.3970","4.4510","4.3080","-0.79%"
"06/21/2023","4.4060","4.4380","4.4600","4.3600","1.61%"
"06/20/2023","4.3360","4.4780","4.4980","4.3160","-3.45%"
"06/19/2023","4.4910","4.3810","4.4940","4.3780","1.01%"
"06/18/2023","4.4460","4.4465","4.4465","4.4460","0.06%"
"06/17/2023","4.4435","4.4550","4.4550","4.4435","0.76%"
"06/16/2023","4.4100","4.4050","4.4320","4.3400","0.71%"
"06/15/2023","4.3790","4.4270","4.4610","4.3320","-0.30%"
"06/14/2023","4.3920","4.4400","4.4470","4.3750","-0.86%"
"06/13/2023","4.4300","4.3680","4.4540","4.3490","2.14%"
"06/12/2023","4.3370","4.2460","4.3590","4.2370","1.27%"
"06/11/2023","4.2825","4.2825","4.2825","4.2825","0.00%"
"06/10/2023","4.2825","4.2770","4.2825","4.2770","1.07%"
"06/09/2023","4.2370","4.2570","4.2750","4.1950","0.07%"
"06/08/2023","4.2340","4.2720","4.3010","4.2270","-0.35%"
"06/07/2023","4.2490","4.1960","4.2530","4.1780","1.00%"
"06/06/2023","4.2070","4.2180","4.2440","4.1590","0.10%"
"06/05/2023","4.2030","4.2060","4.2280","4.1720","0.29%"
"06/04/2023","4.1910","4.1910","4.1910","4.1910","0.00%"
"06/03/2023","4.1910","4.1910","4.1910","4.1910","0.82%"
"06/02/2023","4.1570","4.1290","4.1770","4.1140","0.80%"
"06/01/2023","4.1240","4.2050","4.2170","4.0920","-1.32%"
"05/31/2023","4.1790","4.1950","4.2130","4.1520","-1.53%"
"05/30/2023","4.2440","4.2820","4.3530","4.2440","-2.17%"
"05/26/2023","4.3380","4.3810","4.4330","4.3070","-0.87%"
"05/25/2023","4.3760","4.2530","4.3840","4.2470","3.89%"
"05/24/2023","4.2120","4.3060","4.3210","4.1900","1.18%"
"05/23/2023","4.1630","4.0770","4.1960","4.0690","2.39%"
"05/22/2023","4.0660","3.9980","4.0670","3.9530","1.88%"
"05/19/2023","3.9910","3.9600","4.0950","3.9330","0.81%"
"05/18/2023","3.9590","3.8710","3.9680","3.8650","3.07%"
"05/17/2023","3.8410","3.8060","3.8410","3.7680","0.58%"
"05/16/2023","3.8190","3.7610","3.8230","3.7410","0.03%"
"05/15/2023","3.8180","3.8040","3.8290","3.7740","0.95%"
"05/12/2023","3.7820","3.7270","3.7920","3.6870","2.08%"
"05/11/2023","3.7050","3.8040","3.8080","3.6680","-2.50%"
"05/10/2023","3.8000","3.8700","3.8850","3.7890","-1.40%"
"05/09/2023","3.8540","3.8120","3.8560","3.7810","2.01%"
"05/05/2023","3.7780","3.7150","3.8020","3.6970","3.51%"
"05/04/2023","3.6500","3.6940","3.7740","3.6430","-1.19%"
"05/03/2023","3.6940","3.6600","3.7120","3.6150","0.60%"
"05/02/2023","3.6720","3.8230","3.8230","3.6590","-1.18%"
"04/28/2023","3.7160","3.7780","3.7780","3.7000","-2.13%"
"04/27/2023","3.7970","3.7520","3.7990","3.7110","1.82%"
"04/26/2023","3.7290","3.6940","3.7460","3.6480","0.81%"
"04/25/2023","3.6990","3.7200","3.7560","3.6560","-2.19%"
"04/24/2023","3.7820","3.7560","3.7880","3.7270","0.69%"
"04/21/2023","3.7560","3.7340","3.7820","3.7110","-0.11%"
"04/20/2023","3.7600","3.8270","3.8610","3.7550","-2.54%"
"04/19/2023","3.8580","3.8180","3.8770","3.8090","2.91%"
"04/18/2023","3.7490","3.7220","3.7610","3.7060","1.52%"
"04/17/2023","3.6930","3.6540","3.7050","3.6310","0.90%"
"04/14/2023","3.6600","3.5840","3.6650","3.5620","2.46%"
"04/13/2023","3.5720","3.5450","3.6110","3.5140","0.28%"
"04/12/2023","3.5620","3.5340","3.6000","3.4440","0.65%"
"04/11/2023","3.5390","3.5160","3.5520","3.4750","3.18%"
"04/06/2023","3.4300","3.4480","3.4530","3.3730","0.03%"
"04/05/2023","3.4290","3.4560","3.5110","3.4050","-0.17%"
"04/04/2023","3.4350","3.4340","3.5390","3.4230","0.17%"
"04/03/2023","3.4290","3.5050","3.5600","3.3950","-1.75%"
"03/31/2023","3.4900","3.5170","3.5740","3.4810","-0.71%"
"03/30/2023","3.5150","3.4150","3.5380","3.4030","1.30%"
"03/29/2023","3.4700","3.4730","3.5170","3.4170","0.43%"
"03/28/2023","3.4550","3.4230","3.4920","3.4040","2.67%"
"03/27/2023","3.3650","3.3230","3.4480","3.2890","1.62%"
"03/26/2023","3.3115","3.3115","3.3115","3.3115","0.12%"
"03/25/2023","3.3075","3.3075","3.3075","3.3075","0.81%"
"03/24/2023","3.2810","3.4280","3.4680","3.1300","-2.21%"
"03/23/2023","3.3550","3.4280","3.4680","3.3430","-2.75%"
"03/22/2023","3.4500","3.4610","3.5660","3.4270","2.56%"
"03/21/2023","3.3640","3.3190","3.4060","3.3190","1.75%"
"03/20/2023","3.3060","3.3280","3.3280","3.1330","0.17%"
"03/19/2023","3.3005","3.3005","3.3005","3.3005","0.62%"
"03/17/2023","3.2800","3.3860","3.4230","3.2000","-4.40%"
"03/16/2023","3.4310","3.4100","3.4360","3.2540","3.31%"
"03/15/2023","3.3210","3.4810","3.5480","3.2500","-4.38%"
"03/14/2023","3.4730","3.3860","3.5460","3.3200","3.12%"
"03/13/2023","3.3680","3.6120","3.6120","3.2480","-7.95%"
"03/12/2023","3.6590","3.6590","3.6590","3.6590","0.72%"
"03/10/2023","3.6330","3.7770","3.7770","3.5590","-3.91%"
"03/09/2023","3.7810","3.8040","3.8210","3.7540","0.51%"
"03/08/2023","3.7620","3.8160","3.8720","3.7280","-1.57%"
"03/07/2023","3.8220","3.8630","3.8800","3.7770","-1.21%"
"03/06/2023","3.8690","3.8360","3.8700","3.7770","-0.67%"
"03/05/2023","3.8950","3.8950","3.8950","3.8950","1.01%"
"03/03/2023","3.8560","3.8750","3.8920","3.8290","-0.64%"
"03/02/2023","3.8810","3.8820","3.8890","3.8290","1.04%"
"03/01/2023","3.8410","3.8630","3.8850","3.7710","0.44%"
"02/28/2023","3.8240","3.8250","3.8900","3.8110","0.37%"
"02/27/2023","3.8100","3.7650","3.8190","3.7180","0.61%"
"02/26/2023","3.7870","3.7870","3.7870","3.7870","3.44%"
"02/24/2023","3.6610","3.5450","3.6840","3.5290","2.01%"
"02/23/2023","3.5890","3.6250","3.6840","3.5770","-0.44%"
"02/22/2023","3.6050","3.6160","3.6940","3.5890","-0.19%"
"02/21/2023","3.6120","3.4810","3.6450","3.4690","3.97%"
"02/20/2023","3.4740","3.5160","3.5250","3.4560","-2.42%"
"02/19/2023","3.5600","3.5600","3.5600","3.5600","0.71%"
"02/18/2023","3.5350","3.5350","3.5350","3.5350","0.65%"
"02/17/2023","3.5120","3.5910","3.6110","3.4970","0.26%"
"02/16/2023","3.5030","3.4620","3.5640","3.4520","0.43%"
"02/15/2023","3.4880","3.4410","3.4960","3.4040","-0.94%"
"02/14/2023","3.5210","3.3740","3.5350","3.3740","3.47%"
"02/13/2023","3.4030","3.4040","3.4480","3.3940","-0.64%"
"02/12/2023","3.4250","3.4250","3.4250","3.4250","0.32%"
"02/11/2023","3.4140","3.4230","3.4230","3.4140","0.35%"
"02/10/2023","3.4020","3.3400","3.4090","3.3270","3.37%"
"02/09/2023","3.2910","3.2710","3.3130","3.2260","-0.69%"
"02/08/2023","3.3140","3.2990","3.3540","3.2830","-0.06%"
"02/07/2023","3.3160","3.2520","3.3390","3.2300","2.22%"
"02/06/2023","3.2440","3.1120","3.2700","3.0940","5.05%"
"02/05/2023","3.0880","3.0880","3.0880","3.0880","0.77%"
"02/04/2023","3.0645","3.0645","3.0645","3.0645","0.44%"
"02/03/2023","3.0510","3.0140","3.1080","2.9960","1.77%"
"02/02/2023","2.9980","3.2470","3.2680","2.9960","-9.34%"
"02/01/2023","3.3070","3.3130","3.3460","3.2780","-0.81%"
"01/31/2023","3.3340","3.2940","3.3680","3.2790","-0.15%"
"01/30/2023","3.3390","3.3170","3.3920","3.3140","-0.39%"
"01/29/2023","3.3520","3.3465","3.3520","3.3465","0.03%"
"01/28/2023","3.3510","3.3510","3.3510","3.3465","0.78%"
"01/27/2023","3.3250","3.3230","3.3790","3.3170","0.33%"
"01/26/2023","3.3140","3.2210","3.3290","3.2190","2.16%"
"01/25/2023","3.2440","3.3240","3.3680","3.1770","-1.07%"
"01/24/2023","3.2790","3.3240","3.3680","3.2760","-2.35%"
"01/23/2023","3.3580","3.3730","3.4050","3.3230","-0.40%"
"01/22/2023","3.3715","3.3715","3.3715","3.3715","-0.50%"
"01/21/2023","3.3885","3.3885","3.3885","3.3885","0.34%"
"01/20/2023","3.3770","3.3190","3.3850","3.2870","2.83%"
"01/19/2023","3.2840","3.3110","3.3600","3.2280","-1.02%"
"01/18/2023","3.3180","3.3020","3.3900","3.2200","-0.21%"
"01/17/2023","3.3250","3.4170","3.4670","3.3150","-1.74%"
"01/16/2023","3.3840","3.3670","3.4330","3.3550","0.33%"
"01/15/2023","3.3730","3.3730","3.3730","3.3730","-0.71%"
"01/14/2023","3.3970","3.3970","3.3970","3.3970","0.86%"
"01/13/2023","3.3680","3.3230","3.3820","3.2650","1.05%"
"01/12/2023","3.3330","3.3780","3.3970","3.2820","-2.26%"
"01/11/2023","3.4100","3.5120","3.5120","3.3650","-4.29%"
"01/10/2023","3.5630","3.5610","3.6000","3.5450","0.85%"
"01/09/2023","3.5330","3.4900","3.5470","3.4900","1.67%"
"01/06/2023","3.4750","3.5380","3.5890","3.4570","-2.17%"
"01/05/2023","3.5520","3.5160","3.5750","3.4860","1.69%"
"01/04/2023","3.4930","3.5710","3.6000","3.4840","-4.38%"
"01/03/2023","3.6530","3.6220","3.6710","3.5370","-1.24%"
"01/02/2023","3.6990","3.6990","3.6990","3.6990","0.82%"
"12/30/2022","3.6690","3.6760","3.7240","3.6570","0.22%"
"12/29/2022","3.6610","3.6430","3.7170","3.6340","0.16%"
"12/28/2022","3.6550","3.7070","3.7610","3.6540","-0.34%"
"12/27/2022","3.6675","3.6525","3.6675","3.6525","0.42%"
"12/26/2022","3.6520","3.6710","3.6710","3.6520","-0.52%"
"12/25/2022","3.6710","3.6710","3.6710","3.6710","0.00%"
"12/24/2022","3.6710","3.6710","3.6710","3.6710","1.05%"
"12/23/2022","3.6330","3.5940","3.6620","3.5770","1.11%"
"12/22/2022","3.5930","3.5610","3.6510","3.5380","0.53%"
"12/21/2022","3.5740","3.5960","3.6210","3.5470","-0.64%"
"12/20/2022","3.5970","3.5810","3.6600","3.5260","2.71%"
"12/19/2022","3.5020","3.3620","3.5050","3.3500","3.59%"
"12/18/2022","3.3805","3.3805","3.3805","3.3805","1.52%"
"12/16/2022","3.3300","3.2960","3.4110","3.2870","2.78%"
"12/15/2022","3.2400","3.3190","3.3230","3.1990","-2.20%"
"12/14/2022","3.3130","3.2620","3.3500","3.2480","0.49%"
"12/13/2022","3.2970","3.1980","3.2980","3.1810","3.10%"
"12/12/2022","3.1980","3.1610","3.2270","3.0960","0.47%"
"12/09/2022","3.1830","3.1100","3.1840","3.0930","2.81%"
"12/08/2022","3.0960","3.0430","3.1170","3.0260","1.64%"
"12/07/2022","3.0460","3.0570","3.1200","3.0390","-1.14%"
"12/06/2022","3.0810","3.1070","3.1250","3.0370","-0.64%"
"12/05/2022","3.1010","3.1280","3.1470","3.0640","-1.46%"
"12/02/2022","3.1470","3.0860","3.1770","3.0070","1.52%"
"12/01/2022","3.1000","3.0840","3.1310","3.0580","-1.99%"
"11/30/2022","3.1630","3.1310","3.1920","3.1030","2.00%"
"11/29/2022","3.1010","3.0910","3.1540","3.0530","-0.77%"
"11/28/2022","3.1250","3.0950","3.1620","3.0550","0.26%"
"11/25/2022","3.1170","3.0740","3.1330","3.0420","2.70%"
"11/24/2022","3.0350","2.9480","3.0410","2.8990","0.83%"
"11/23/2022","3.0100","3.1480","3.1520","2.9850","-3.80%"
"11/22/2022","3.1290","3.2010","3.2320","3.1260","-1.94%"
"11/21/2022","3.1910","3.2410","3.2820","3.1550","-1.45%"
"11/18/2022","3.2380","3.1900","3.3010","3.1900","1.28%"
"11/17/2022","3.1970","3.1030","3.2680","3.0900","1.59%"
"11/16/2022","3.1470","3.3200","3.3340","3.1230","-4.55%"
"11/15/2022","3.2970","3.3450","3.4020","3.2900","-1.55%"
"11/14/2022","3.3490","3.3620","3.4020","3.2850","-0.15%"
"11/11/2022","3.3540","3.3450","3.3710","3.2830","1.95%"
"11/10/2022","3.2900","3.4500","3.4930","3.2430","-4.58%"
"11/09/2022","3.4480","3.5160","3.5880","3.4320","-2.71%"
"11/08/2022","3.5440","3.6410","3.6890","3.5370","-2.45%"
"11/07/2022","3.6330","3.5970","3.6470","3.5120","2.31%"
"11/04/2022","3.5510","3.4860","3.5960","3.4640","1.31%"
"11/03/2022","3.5050","3.4970","3.5540","3.4230","3.12%"
"11/02/2022","3.3990","3.4860","3.5360","3.3950","-1.68%"
"11/01/2022","3.4570","3.4860","3.5360","3.4030","-1.87%"
"10/31/2022","3.5230","3.4880","3.5710","3.4790","0.83%"
"10/28/2022","3.4940","3.4300","3.5170","3.4160","2.55%"
"10/27/2022","3.4070","3.5990","3.6280","3.3780","-4.81%"
"10/26/2022","3.5790","3.5920","3.7000","3.5530","-1.57%"
"10/25/2022","3.6360","3.6430","3.7340","3.5700","-2.88%"
"10/24/2022","3.7440","3.8410","3.9340","3.7240","-7.05%"
"10/21/2022","4.0280","3.9840","4.1300","3.9480","3.18%"
"10/20/2022","3.9040","3.9470","4.0190","3.7540","0.85%"
"10/19/2022","3.8710","4.0210","4.0340","3.8510","-1.83%"
"10/18/2022","3.9430","3.9110","4.0970","3.8990","-0.95%"
"10/17/2022","3.9810","4.1760","4.1780","3.9140","-9.87%"
"10/16/2022","4.4170","4.4165","4.4170","4.4165","2.17%"
"10/14/2022","4.3230","4.0180","4.3610","3.8990","3.32%"
"10/13/2022","4.1840","4.4370","4.4590","4.0420","-5.19%"
"10/12/2022","4.4130","4.5080","4.6320","4.4130","-0.83%"
"10/11/2022","4.4500","4.4480","4.5210","4.3580","-0.49%"
"10/10/2022","4.4720","4.2340","4.5450","4.2280","5.52%"
"10/07/2022","4.2380","4.2060","4.2470","4.1790","1.63%"
"10/06/2022","4.1700","4.0220","4.2430","4.0080","3.32%"
"10/05/2022","4.0360","3.8970","4.0760","3.8970","4.67%"
"10/04/2022","3.8560","3.8820","3.9280","3.7350","-2.28%"
"10/03/2022","3.9460","4.0530","4.1080","3.8500","-4.34%"
"10/02/2022","4.1250","4.1250","4.1250","4.1250","0.71%"
"09/30/2022","4.0960","4.0810","4.1960","3.9920","-1.04%"
"09/29/2022","4.1390","4.0330","4.2160","4.0330","3.27%"
"09/28/2022","4.0080","4.5370","4.5820","3.9920","-10.95%"
"09/27/2022","4.5010","4.1700","4.5410","4.0310","6.26%"
"09/26/2022","4.2360","4.0720","4.2540","4.0380","10.18%"
"09/25/2022","3.8445","3.8410","3.8445","3.8410","0.00%"
"09/24/2022","3.8445","3.8445","3.8445","3.8445","0.59%"
"09/23/2022","3.8220","3.4930","3.8430","3.4520","9.54%"
"09/22/2022","3.4890","3.3260","3.5280","3.2390","5.31%"
"09/21/2022","3.3130","3.2730","3.3450","3.2310","0.61%"
"09/20/2022","3.2930","3.1790","3.3220","3.1680","4.42%"
"09/19/2022","3.1535","3.1670","3.1670","3.1535","-0.41%"
"09/18/2022","3.1665","3.1770","3.1770","3.1665","0.30%"
"09/17/2022","3.1570","3.1570","3.1570","3.1570","0.77%"
"09/16/2022","3.1330","3.1720","3.1870","3.1220","-1.01%"
"09/15/2022","3.1650","3.1850","3.1950","3.1020","0.89%"
"09/14/2022","3.1370","3.1250","3.2270","3.1110","-1.13%"
"09/13/2022","3.1730","3.1150","3.1890","3.0520","2.92%"
"09/12/2022","3.0830","3.1220","3.1490","3.0450","-1.50%"
"09/11/2022","3.1300","3.1365","3.1365","3.1295","0.24%"
"09/10/2022","3.1225","3.1225","3.1225","3.1225","0.82%"
"09/09/2022","3.0970","3.1290","3.1650","3.0350","-2.02%"
"09/08/2022","3.1610","2.9650","3.1630","2.9640","4.29%"
"09/07/2022","3.0310","3.0930","3.1110","2.9900","-2.16%"
"09/06/2022","3.0980","2.9510","3.1470","2.9380","5.37%"
"09/05/2022","2.9400","2.9130","3.0000","2.9080","0.89%"
"09/04/2022","2.9140","2.9145","2.9145","2.9140","-0.10%"
"09/03/2022","2.9170","2.9330","2.9330","2.9170","-0.03%"
"09/02/2022","2.9180","2.8640","2.9480","2.8570","1.25%"
"09/01/2022","2.8820","2.8610","2.9270","2.8240","2.97%"
"08/31/2022","2.7990","2.7030","2.8740","2.6780","3.48%"
"08/30/2022","2.7050","2.6850","2.7740","2.6750","3.58%"
"08/29/2022","2.6115","2.6240","2.6245","2.6115","-0.42%"
"08/28/2022","2.6225","2.6160","2.6240","2.6160","-0.40%"
"08/27/2022","2.6330","2.6200","2.6330","2.6195","1.15%"
"08/26/2022","2.6030","2.6090","2.6430","2.5490","-0.53%"
"08/25/2022","2.6170","2.7020","2.7020","2.6110","-3.00%"
"08/24/2022","2.6980","2.6180","2.7060","2.5830","4.61%"
"08/23/2022","2.5790","2.4780","2.6260","2.4640","2.59%"
"08/22/2022","2.5140","2.4040","2.5280","2.3700","3.56%"
"08/21/2022","2.4275","2.4290","2.4290","2.4275","0.06%"
"08/20/2022","2.4260","2.4270","2.4270","2.4260","0.46%"
"08/19/2022","2.4150","2.4020","2.4570","2.3770","4.14%"
"08/18/2022","2.3190","2.3540","2.3540","2.2660","1.31%"
"08/17/2022","2.2890","2.1430","2.3170","2.1350","7.72%"
"08/16/2022","2.1250","2.0270","2.1550","2.0250","5.04%"
"08/15/2022","2.0230","2.0940","2.1180","2.0010","-4.44%"
"08/14/2022","2.1170","2.1240","2.1240","2.1170","0.33%"
"08/13/2022","2.1100","2.1100","2.1100","2.1100","-0.24%"
"08/12/2022","2.1150","2.0990","2.1430","2.0740","2.72%"
"08/11/2022","2.0590","1.9710","2.0820","1.9500","5.27%"
"08/10/2022","1.9560","1.9950","2.0110","1.9050","-0.91%"
"08/09/2022","1.9740","1.9490","2.0010","1.9260","1.13%"
"08/08/2022","1.9520","1.9870","1.9980","1.9280","-4.59%"
"08/07/2022","2.0460","2.0440","2.0490","2.0440","0.12%"
"08/06/2022","2.0435","2.0435","2.0435","2.0435","-0.41%"
"08/05/2022","2.0520","1.8990","2.0620","1.8890","8.63%"
"08/04/2022","1.8890","1.9100","1.9330","1.8130","-1.10%"
"08/03/2022","1.9100","1.8650","1.9840","1.8550","2.19%"
"08/02/2022","1.8690","1.7490","1.8700","1.7110","3.32%"
"08/01/2022","1.8090","1.8830","1.9190","1.7920","-3.34%"
"07/31/2022","1.8715","1.8660","1.8750","1.8660","0.16%"
"07/30/2022","1.8685","1.8685","1.8685","1.8685","0.84%"
"07/29/2022","1.8530","1.8660","1.9720","1.8530","-1.07%"
"07/28/2022","1.8730","2.0270","2.0330","1.8400","-4.29%"
"07/27/2022","1.9570","1.9250","1.9820","1.9230","1.98%"
"07/26/2022","1.9190","1.9190","1.9360","1.8760","-0.83%"
"07/25/2022","1.9350","1.9500","1.9830","1.9260","-0.31%"
"07/24/2022","1.9410","1.9475","1.9475","1.9410","0.34%"
"07/23/2022","1.9345","1.9345","1.9345","1.9345","-0.23%"
"07/22/2022","1.9390","2.0030","2.0220","1.9020","-5.32%"
"07/21/2022","2.0480","2.1500","2.2390","2.0320","-4.48%"
"07/20/2022","2.1440","2.0960","2.2270","2.0540","-1.56%"
"07/19/2022","2.1780","2.0960","2.2270","2.0850","0.93%"
"07/18/2022","2.1580","2.1240","2.1620","2.0870","2.76%"
"07/16/2022","2.1000","2.0980","2.1000","2.0980","0.67%"
"07/15/2022","2.0860","2.0280","2.1200","2.0200","-0.76%"
"07/14/2022","2.1020","2.0660","2.1420","2.0660","1.94%"
"07/13/2022","2.0620","2.1270","2.1620","2.0160","-0.10%"
"07/12/2022","2.0640","2.1550","2.1590","2.0200","-5.32%"
"07/11/2022","2.1800","2.2100","2.2160","2.1340","-2.13%"
"07/10/2022","2.2275","2.2430","2.2430","2.2170","-0.45%"
"07/09/2022","2.2375","2.2375","2.2375","2.2375","0.16%"
"07/08/2022","2.2340","2.1070","2.2440","2.0940","4.93%"
"07/07/2022","2.1290","2.1260","2.1950","2.0890","1.67%"
"07/06/2022","2.0940","2.1130","2.1350","1.9810","2.10%"
"07/05/2022","2.0510","2.2000","2.2140","2.0480","-6.73%"
"07/04/2022","2.1990","2.0940","2.2090","2.0940","5.01%"
"07/03/2022","2.0940","2.0790","2.0940","2.0790","-0.71%"
"07/02/2022","2.1090","2.1090","2.1090","2.1090","1.25%"
"07/01/2022","2.0830","2.2140","2.2810","2.0310","-7.01%"
"06/30/2022","2.2400","2.3500","2.3660","2.2390","-5.96%"
"06/29/2022","2.3820","2.4410","2.4870","2.3680","-3.45%"
"06/28/2022","2.4670","2.4260","2.5000","2.4110","3.09%"
"06/27/2022","2.3930","2.3210","2.4240","2.3200","3.48%"
"06/26/2022","2.3125","2.3135","2.3135","2.3125","-0.02%"
"06/25/2022","2.3130","2.3130","2.3130","2.3130","0.39%"
"06/24/2022","2.3040","2.2820","2.3640","2.2640","-0.35%"
"06/23/2022","2.3120","2.5110","2.5220","2.2820","-7.33%"
"06/22/2022","2.4950","2.5750","2.5830","2.4470","-5.81%"
"06/21/2022","2.6490","2.5950","2.6600","2.5530","1.81%"
"06/20/2022","2.6020","2.4990","2.6070","2.4890","3.75%"
"06/19/2022","2.5080","2.5110","2.5110","2.5080","0.14%"
"06/18/2022","2.5045","2.5045","2.5045","2.5045","0.34%"
"06/17/2022","2.4960","2.5110","2.5560","2.4370","-0.83%"
"06/16/2022","2.5170","2.4430","2.7450","2.4150","2.07%"
"06/15/2022","2.4660","2.5410","2.5480","2.4070","-4.97%"
"06/14/2022","2.5950","2.4940","2.6020","2.4430","2.98%"
"06/13/2022","2.5200","2.4670","2.5260","2.4390","3.30%"
"06/12/2022","2.4395","2.4380","2.4395","2.4380","-0.08%"
"06/11/2022","2.4415","2.4410","2.4575","2.4410","-0.06%"
"06/10/2022","2.4430","2.3280","2.4450","2.2990","5.03%"
"06/09/2022","2.3260","2.2690","2.3580","2.2430","3.47%"
"06/08/2022","2.2480","2.2260","2.2710","2.2170","1.54%"
"06/07/2022","2.2140","2.2630","2.2790","2.2020","-1.38%"
"06/06/2022","2.2450","2.2100","2.2560","2.1700","4.25%"
"06/05/2022","2.1535","2.1535","2.1535","2.1535","0.00%"
"06/04/2022","2.1535","2.1535","2.1535","2.1535","-0.55%"
"06/03/2022","2.1655","2.1650","2.1655","2.1540","0.02%"
"06/02/2022","2.1650","2.1590","2.1655","2.1540","0.60%"
"06/01/2022","2.1520","2.1200","2.1560","2.0970","2.48%"
"05/31/2022","2.1000","2.0070","2.1250","1.9660","5.58%"
"05/30/2022","1.9890","1.9530","2.0020","1.9530","3.35%"
"05/28/2022","1.9245","1.9300","1.9300","1.9245","0.44%"
"05/27/2022","1.9160","1.9390","1.9690","1.8840","-2.64%"
"05/26/2022","1.9680","1.9020","1.9750","1.8590","3.04%"
"05/25/2022","1.9100","1.9080","1.9260","1.8640","1.11%"
"05/24/2022","1.8890","1.9710","1.9810","1.8460","-4.16%"
"05/23/2022","1.9710","1.9280","1.9800","1.8880","4.70%"
"05/22/2022","1.8825","1.8880","1.8880","1.8825","0.27%"
"05/21/2022","1.8775","1.8780","1.8995","1.8770","-0.66%"
"05/20/2022","1.8900","1.8940","1.9340","1.8800","1.12%"
"05/19/2022","1.8690","1.8610","1.8710","1.7820","0.11%"
"05/18/2022","1.8670","1.9040","1.9150","1.8220","-0.85%"
"05/17/2022","1.8830","1.8010","1.8880","1.7940","8.78%"
"05/16/2022","1.7310","1.7220","1.7970","1.7180","-1.11%"
"05/15/2022","1.7505","1.7480","1.7505","1.7480","-0.14%"
"05/14/2022","1.7530","1.7530","1.7530","1.7530","0.57%"
"05/13/2022","1.7430","1.6930","1.7630","1.6930","4.37%"
"05/12/2022","1.6700","1.7920","1.7930","1.6680","-8.79%"
"05/11/2022","1.8310","1.8440","1.9330","1.8040","-0.92%"
"05/10/2022","1.8480","1.9600","1.9660","1.8240","-5.67%"
"05/09/2022","1.9590","2.0080","2.0730","1.9450","-2.76%"
"05/08/2022","2.0145","2.0120","2.0145","2.0120","-0.07%"
"05/07/2022","2.0160","2.0150","2.0160","2.0040","1.05%"
"05/06/2022","1.9950","1.9400","2.0140","1.9260","1.48%"
"05/05/2022","1.9660","1.9590","1.9780","1.8140","-0.10%"
"05/04/2022","1.9680","2.0030","2.0130","1.9640","0.46%"
"05/03/2022","1.9590","2.0090","2.0200","1.9290","2.83%"
"05/02/2022","1.9050","1.8620","1.9300","1.8320","-0.76%"
"05/01/2022","1.9195","1.9220","1.9220","1.9195","0.10%"
"04/30/2022","1.9175","1.9175","1.9175","1.9175","0.45%"
"04/29/2022","1.9090","1.8620","1.9120","1.8320","1.65%"
"04/28/2022","1.8780","1.8160","1.8880","1.7950","3.47%"
"04/27/2022","1.8150","1.8590","1.8840","1.7890","0.89%"
"04/26/2022","1.7990","1.8590","1.8840","1.7910","-2.07%"
"04/25/2022","1.8370","1.8990","1.9360","1.8320","-6.77%"
"04/24/2022","1.9705","1.9630","1.9705","1.9630","-0.35%"
"04/23/2022","1.9775","1.9775","1.9775","1.9775","0.58%"
"04/22/2022","1.9660","1.9810","2.0230","1.9350","-2.43%"
"04/21/2022","2.0150","1.9530","2.0170","1.9190","5.17%"
"04/20/2022","1.9160","2.0000","2.0040","1.8890","-2.64%"
"04/19/2022","1.9680","1.9060","1.9960","1.9040","4.13%"
"04/18/2022","1.8900","1.8900","1.8900","1.8900","0.03%"
"04/17/2022","1.8895","1.8810","1.8900","1.8810","-0.47%"
"04/16/2022","1.8985","1.8955","1.8985","1.8955","0.13%"
"04/15/2022","1.8960","1.8960","1.8960","1.8960","0.32%"
"04/14/2022","1.8900","1.8300","1.8960","1.7930","4.71%"
"04/13/2022","1.8050","1.8280","1.8930","1.8030","0.06%"
"04/12/2022","1.8040","1.8720","1.9010","1.7940","-2.38%"
"04/11/2022","1.8480","1.7760","1.8530","1.7760","4.79%"
"04/10/2022","1.7635","1.7645","1.7645","1.7635","-0.03%"
"04/09/2022","1.7640","1.7605","1.7640","1.7605","0.63%"
"04/08/2022","1.7530","1.7220","1.7850","1.7080","1.39%"
"04/07/2022","1.7290","1.6920","1.7610","1.6660","1.47%"
"04/06/2022","1.7040","1.6700","1.7520","1.6600","2.96%"
"04/05/2022","1.6550","1.5620","1.6730","1.5610","7.05%"
"04/04/2022","1.5460","1.6020","1.6160","1.5270","-4.66%"
"04/03/2022","1.6215","1.6360","1.6360","1.6215","0.65%"
"04/01/2022","1.6110","1.6470","1.6870","1.6090","0.25%"
"03/31/2022","1.6070","1.6600","1.6650","1.6070","-3.54%"
"03/30/2022","1.6660","1.6350","1.7070","1.6110","0.85%"
"03/29/2022","1.6520","1.6420","1.7300","1.6260","2.10%"
"03/28/2022","1.6180","1.7070","1.7500","1.6040","-4.18%"
"03/27/2022","1.6885","1.6820","1.6885","1.6820","-0.73%"
"03/26/2022","1.7010","1.6955","1.7010","1.6950","0.12%"
"03/25/2022","1.6990","1.6340","1.7000","1.5970","3.09%"
"03/24/2022","1.6480","1.6400","1.7110","1.6150","1.29%"
"03/23/2022","1.6270","1.7100","1.7120","1.6270","-4.85%"
"03/22/2022","1.7100","1.6450","1.7100","1.6440","4.40%"
"03/21/2022","1.6380","1.5120","1.6410","1.5110","9.05%"
"03/20/2022","1.5020","1.4935","1.5020","1.4935","-0.56%"
"03/19/2022","1.5105","1.5105","1.5105","1.5105","0.90%"
"03/18/2022","1.4970","1.5770","1.5840","1.4880","-4.47%"
"03/17/2022","1.5670","1.6310","1.6310","1.5240","-3.81%"
"03/16/2022","1.6290","1.6290","1.6400","1.6010","3.23%"
"03/15/2022","1.5780","1.5990","1.6090","1.5560","-1.25%"
"03/14/2022","1.5980","1.5380","1.6110","1.5380","5.62%"
"03/13/2022","1.5130","1.5290","1.5290","1.5130","1.04%"
"03/12/2022","1.4975","1.4975","1.4975","1.4975","0.23%"
"03/11/2022","1.4940","1.5130","1.5590","1.4920","-1.90%"
"03/10/2022","1.5230","1.5150","1.5480","1.4690","0.07%"
"03/09/2022","1.5220","1.4380","1.5410","1.4160","5.18%"
"03/08/2022","1.4470","1.3060","1.4510","1.3060","11.05%"
"03/07/2022","1.3030","1.2120","1.3180","1.2120","5.72%"
"03/05/2022","1.2325","1.2325","1.2325","1.2325","1.69%"
"03/04/2022","1.2120","1.2840","1.2990","1.1990","-6.70%"
"03/03/2022","1.2990","1.2650","1.3480","1.2650","2.77%"
"03/02/2022","1.2640","1.1240","1.2660","1.1210","13.98%"
"03/01/2022","1.1090","1.3980","1.4010","1.1050","-21.63%"
"02/28/2022","1.4150","1.4690","1.4690","1.4070","-4.84%"
"02/27/2022","1.4870","1.4815","1.4870","1.4815","-0.37%"
"02/26/2022","1.4925","1.4930","1.4955","1.4925","2.30%"
"02/25/2022","1.4590","1.4540","1.4710","1.4210","0.90%"
"02/24/2022","1.4460","1.3950","1.4490","1.3750","-2.03%"
"02/23/2022","1.4760","1.4810","1.4960","1.4480","0.14%"
"02/22/2022","1.4740","1.3550","1.4900","1.3530","4.91%"
"02/21/2022","1.4050","1.3710","1.4330","1.3710","1.30%"
"02/20/2022","1.3870","1.3855","1.3870","1.3855","0.62%"
"02/19/2022","1.3785","1.3785","1.3785","1.3785","-0.18%"
"02/18/2022","1.3810","1.4700","1.4850","1.3740","-5.28%"
"02/17/2022","1.4580","1.5060","1.5190","1.4480","-4.39%"
"02/16/2022","1.5250","1.5960","1.6070","1.5170","-3.60%"
"02/15/2022","1.5820","1.5690","1.6000","1.5570","-0.25%"
"02/14/2022","1.5860","1.4740","1.5890","1.4630","2.45%"
"02/11/2022","1.5480","1.5270","1.5550","1.4920","0.98%"
"02/10/2022","1.5330","1.4400","1.5380","1.4310","7.05%"
"02/09/2022","1.4320","1.4560","1.4580","1.4260","-3.96%"
"02/08/2022","1.4910","1.4290","1.5070","1.4240","5.45%"
"02/07/2022","1.4140","1.4040","1.4370","1.3950","-0.28%"
"02/06/2022","1.4180","1.4180","1.4180","1.4180","0.39%"
"02/05/2022","1.4125","1.4125","1.4125","1.4125","-0.18%"
"02/04/2022","1.4150","1.3860","1.4280","1.3520","2.76%"
"02/03/2022","1.3770","1.2620","1.3870","1.2600","9.72%"
"02/02/2022","1.2550","1.2910","1.3070","1.2470","-3.46%"
"02/01/2022","1.3000","1.3070","1.3160","1.2630","-0.69%"
"01/31/2022","1.3090","1.2670","1.3140","1.2370","5.14%"
"01/30/2022","1.2450","1.2450","1.2450","1.2450","0.16%"
"01/29/2022","1.2430","1.2430","1.2430","1.2430","-0.08%"
"01/28/2022","1.2440","1.2550","1.2850","1.2400","1.22%"
"01/27/2022","1.2290","1.2440","1.2670","1.2180","2.42%"
"01/26/2022","1.2000","1.1700","1.2100","1.1670","2.74%"
"01/25/2022","1.1680","1.1430","1.1850","1.1420","3.18%"
"01/24/2022","1.1320","1.1670","1.1710","1.1170","-3.29%"
"01/23/2022","1.1705","1.1705","1.1705","1.1705","0.30%"
"01/22/2022","1.1670","1.1670","1.1670","1.1670","-0.26%"
"01/21/2022","1.1700","1.1820","1.2080","1.1400","-4.65%"
"01/20/2022","1.2270","1.2690","1.2700","1.2220","-2.39%"
"01/19/2022","1.2570","1.2850","1.3000","1.2540","3.12%"
"01/18/2022","1.2190","1.1950","1.2240","1.1860","2.35%"
"01/17/2022","1.1910","1.1760","1.1920","1.1620","3.93%"
"01/16/2022","1.1460","1.1460","1.1460","1.1460","-1.29%"
"01/15/2022","1.1610","1.1610","1.1610","1.1610","0.87%"
"01/14/2022","1.1510","1.1020","1.1540","1.1020","4.07%"
"01/13/2022","1.1060","1.1460","1.1630","1.1030","-2.90%"
"01/12/2022","1.1390","1.1530","1.1690","1.1200","-2.82%"
"01/11/2022","1.1720","1.1890","1.1960","1.1580","-1.51%"
"01/10/2022","1.1900","1.1920","1.2020","1.1670","1.02%"
"01/09/2022","1.1780","1.1780","1.1780","1.1780","0.34%"
"01/08/2022","1.1740","1.1740","1.1740","1.1740","-0.51%"
"01/07/2022","1.1800","1.1520","1.1840","1.1430","1.90%"
"01/06/2022","1.1580","1.1450","1.1600","1.1210","6.43%"
"01/05/2022","1.0880","1.0750","1.0960","1.0580","0.00%"
"01/04/2022","1.0880","1.0230","1.0930","1.0220","11.93%"
"01/03/2022","0.9720","0.9740","0.9960","0.9460","-0.10%"
"01/02/2022","0.9730","0.9730","0.9730","0.9730","0.36%"
"01/01/2022","0.9695","0.9695","0.9695","0.9695","-0.26%"
"12/31/2021","0.9720","0.9740","0.9960","0.9460","-0.51%"
"12/30/2021","0.9770","1.0040","1.0200","0.9700","-3.65%"
"12/29/2021","1.0140","0.9260","1.0270","0.9260","9.92%"
"12/27/2021","0.9225","0.9290","0.9290","0.9225","-0.70%"
"12/26/2021","0.9290","0.9290","0.9290","0.9290","0.81%"
"12/25/2021","0.9215","0.9215","0.9215","0.9215","-0.05%"
"12/24/2021","0.9220","0.9090","0.9550","0.9090","-0.11%"
"12/23/2021","0.9230","0.9060","0.9410","0.9020","3.94%"
"12/22/2021","0.8880","0.8760","0.9240","0.8660","1.60%"
"12/21/2021","0.8740","0.7990","0.8800","0.7790","12.77%"
"12/20/2021","0.7750","0.7280","0.7790","0.7110","0.71%"
"12/19/2021","0.7695","0.7695","0.7695","0.7695","0.79%"
"12/18/2021","0.7635","0.7635","0.7635","0.7635","0.73%"
"12/17/2021","0.7580","0.7330","0.7790","0.7320","0.13%"
"12/16/2021","0.7570","0.7330","0.8250","0.7220","2.57%"
"12/15/2021","0.7380","0.7340","0.7680","0.7210","1.93%"
"12/14/2021","0.7240","0.6950","0.7370","0.6950","4.17%"
"12/13/2021","0.6950","0.7360","0.7460","0.6940","-5.38%"
"12/11/2021","0.7345","0.7345","0.7345","0.7345","-0.88%"
"12/10/2021","0.7410","0.7650","0.7880","0.7200","-1.98%"
"12/09/2021","0.7560","0.7340","0.7620","0.7060","-2.33%"
"12/08/2021","0.7740","0.7240","0.7800","0.6810","5.45%"
"12/07/2021","0.7340","0.7750","0.7750","0.7220","0.14%"
"12/06/2021","0.7330","0.7520","0.7700","0.7320","-4.56%"
"12/05/2021","0.7680","0.7680","0.7680","0.7680","2.81%"
"12/03/2021","0.7470","0.7960","0.8170","0.7460","-8.34%"
"12/02/2021","0.8150","0.8220","0.8280","0.7830","-0.73%"
"12/01/2021","0.8210","0.8300","0.8850","0.8180","1.23%"
"11/30/2021","0.8110","0.8150","0.8400","0.7780","-7.31%"
"11/29/2021","0.8750","0.8450","0.8960","0.8390","7.56%"
"11/28/2021","0.8135","0.8135","0.8135","0.8135","-1.81%"
"11/27/2021","0.8285","0.8285","0.8285","0.8285","0.18%"
"11/26/2021","0.8270","0.9000","0.9070","0.8100","-14.48%"
"11/25/2021","0.9670","0.9990","1.0070","0.9630","-2.91%"
"11/24/2021","0.9960","0.9710","1.0410","0.9690","0.00%"
"11/23/2021","0.9960","0.9530","1.0030","0.9390","6.75%"
"11/22/2021","0.9330","0.8930","0.9420","0.8560","6.51%"
"11/21/2021","0.8760","0.8760","0.8760","0.8760","-0.40%"
"11/20/2021","0.8795","0.8795","0.8795","0.8795","-0.06%"
"11/19/2021","0.8800","0.9370","0.9470","0.8560","-4.66%"
"11/18/2021","0.9230","0.9310","0.9470","0.9080","-4.25%"
"11/17/2021","0.9640","1.0120","1.0130","0.9630","-2.92%"
"11/16/2021","0.9930","0.9750","0.9930","0.9390","3.55%"
"11/15/2021","0.9590","0.8810","0.9650","0.8690","4.81%"
"11/14/2021","0.9150","0.9150","0.9150","0.9150","-0.76%"
"11/13/2021","0.9220","0.9220","0.9220","0.9220","0.99%"
"11/12/2021","0.9130","0.9140","0.9390","0.8900","-0.98%"
"11/11/2021","0.9220","0.9450","0.9450","0.9060","-0.43%"
"11/10/2021","0.9260","0.8600","0.9310","0.8410","12.52%"
"11/09/2021","0.8230","0.8570","0.8650","0.8230","-3.97%"
"11/08/2021","0.8570","0.8440","0.8900","0.8420","2.21%"
"11/07/2021","0.8385","0.8385","0.8385","0.8385","-1.12%"
"11/06/2021","0.8480","0.8480","0.8480","0.8480","0.12%"
"11/05/2021","0.8470","0.9390","0.9490","0.8360","-10.18%"
"11/04/2021","0.9430","1.0670","1.0700","0.9220","-12.12%"
"11/03/2021","1.0730","1.0370","1.0850","1.0030","3.47%"
"11/02/2021","1.0370","1.0340","1.0640","1.0230","-2.45%"
"11/01/2021","1.0630","1.0420","1.1170","1.0380","1.43%"
"10/31/2021","1.0480","1.0480","1.0480","1.0480","1.30%"
"10/30/2021","1.0345","1.0345","1.0345","1.0345","0.24%"
"10/29/2021","1.0320","1.0400","1.0740","1.0140","2.38%"
"10/28/2021","1.0080","0.9960","1.0410","0.9640","2.86%"
"10/27/2021","0.9800","1.0910","1.1000","0.9670","-11.63%"
"10/26/2021","1.1090","1.1380","1.1500","1.1030","-2.80%"
"10/25/2021","1.1410","1.1550","1.1880","1.1280","-2.31%"
"10/24/2021","1.1680","1.1680","1.1680","1.1680","1.21%"
"10/22/2021","1.1540","1.1940","1.2050","1.1470","-3.91%"
"10/21/2021","1.2010","1.1550","1.2190","1.1440","4.62%"
"10/20/2021","1.1480","1.1710","1.1770","1.1120","-1.46%"
"10/19/2021","1.1650","1.1050","1.1690","1.1020","2.55%"
"10/18/2021","1.1360","1.1400","1.1730","1.1160","3.79%"
"10/17/2021","1.0945","1.0945","1.0945","1.0945","-0.77%"
"10/16/2021","1.1030","1.1030","1.1030","1.1030","-0.36%"
"10/15/2021","1.1070","1.0580","1.1120","1.0570","6.24%"
"10/14/2021","1.0420","1.1060","1.1180","1.0420","-4.58%"
"10/13/2021","1.0920","1.1280","1.1530","1.0330","-4.88%"
"10/12/2021","1.1480","1.1790","1.1940","1.1430","-3.61%"
"10/11/2021","1.1910","1.2010","1.2190","1.1800","2.41%"
"10/10/2021","1.1630","1.1630","1.1630","1.1630","0.04%"
"10/09/2021","1.1625","1.1620","1.1625","1.1620","0.22%"
"10/08/2021","1.1600","1.1030","1.1700","1.1020","7.41%"
"10/07/2021","1.0800","1.0800","1.0970","1.0390","0.84%"
"10/06/2021","1.0710","1.1360","1.1520","1.0650","-1.47%"
"10/05/2021","1.0870","1.0200","1.0980","1.0030","7.84%"
"10/04/2021","1.0080","0.9910","1.0370","0.9890","-1.22%"
"10/03/2021","1.0205","1.0205","1.0205","1.0205","1.74%"
"10/01/2021","1.0030","0.9900","1.0270","0.9800","-1.86%"
"09/30/2021","1.0220","1.0340","1.0660","0.9980","2.92%"
"09/29/2021","0.9930","0.9690","0.9940","0.9620","-0.30%"
"09/28/2021","0.9960","0.9910","1.0540","0.9880","3.97%"
"09/27/2021","0.9580","0.9280","0.9770","0.9240","3.90%"
"09/24/2021","0.9220","0.9290","0.9650","0.9050","1.10%"
"09/23/2021","0.9120","0.8270","0.9120","0.8000","14.14%"
"09/22/2021","0.7990","0.8140","0.8190","0.7910","-1.24%"
"09/21/2021","0.8090","0.8090","0.8240","0.7800","1.76%"
"09/20/2021","0.7950","0.8400","0.8400","0.7910","-6.25%"
"09/17/2021","0.8480","0.8220","0.8620","0.8140","3.41%"
"09/16/2021","0.8200","0.7910","0.8300","0.7780","5.40%"
"09/15/2021","0.7780","0.7540","0.7800","0.7310","5.28%"
"09/14/2021","0.7390","0.7560","0.7930","0.7260","-1.20%"
"09/13/2021","0.7480","0.7670","0.7670","0.7410","-1.25%"
"09/11/2021","0.7575","0.7575","0.7575","0.7575","-0.33%"
"09/10/2021","0.7600","0.7330","0.7640","0.7260","2.98%"
"09/09/2021","0.7380","0.7450","0.7720","0.7300","-0.67%"
"09/08/2021","0.7430","0.7400","0.7540","0.7170","0.81%"
"09/07/2021","0.7370","0.7080","0.7570","0.7050","5.89%"
"09/06/2021","0.6960","0.7100","0.7260","0.6910","-2.93%"
"09/03/2021","0.7170","0.6730","0.7320","0.6700","5.13%"
"09/02/2021","0.6820","0.6860","0.6910","0.6690","-2.01%"
"09/01/2021","0.6960","0.7210","0.7310","0.6900","11.90%"
"08/31/2021","0.6220","0.5680","0.6300","0.5470","7.71%"
"08/30/2021","0.5775","0.5795","0.5795","0.5775","-0.35%"
"08/29/2021","0.5795","0.5765","0.5830","0.5765","0.52%"
"08/28/2021","0.5765","0.5765","0.5765","0.5765","-0.95%"
"08/27/2021","0.5820","0.5900","0.6140","0.5800","-3.64%"
"08/26/2021","0.6040","0.6100","0.6250","0.5940","0.83%"
"08/25/2021","0.5990","0.5440","0.6070","0.5420","11.13%"
"08/24/2021","0.5390","0.5560","0.5580","0.5250","0.37%"
"08/23/2021","0.5370","0.5280","0.5610","0.5270","2.19%"
"08/22/2021","0.5255","0.5220","0.5255","0.5220","-0.19%"
"08/21/2021","0.5265","0.5265","0.5265","0.5265","0.48%"
"08/20/2021","0.5240","0.5310","0.5390","0.5160","-3.14%"
"08/19/2021","0.5410","0.5530","0.5560","0.5260","-4.59%"
"08/18/2021","0.5670","0.5600","0.5720","0.5410","0.89%"
"08/17/2021","0.5620","0.5590","0.5750","0.5270","-2.43%"
"08/16/2021","0.5760","0.5620","0.5970","0.5510","-0.35%"
"08/15/2021","0.5780","0.5805","0.5805","0.5780","0.43%"
"08/14/2021","0.5755","0.5760","0.5760","0.5755","0.09%"
"08/13/2021","0.5750","0.5930","0.6110","0.5650","-4.96%"
"08/12/2021","0.6050","0.5690","0.6150","0.5660","5.40%"
"08/11/2021","0.5740","0.5990","0.6170","0.5730","-2.88%"
"08/10/2021","0.5910","0.5840","0.5990","0.5600","1.20%"
"08/09/2021","0.5840","0.6010","0.6090","0.5630","-4.34%"
"08/07/2021","0.6105","0.6100","0.6105","0.6100","-0.57%"
"08/06/2021","0.6140","0.5410","0.6230","0.5350","16.95%"
"08/05/2021","0.5250","0.5250","0.5400","0.5000","1.35%"
"08/04/2021","0.5180","0.5190","0.5380","0.4800","-0.58%"
"08/03/2021","0.5210","0.5420","0.5450","0.5030","0.00%"
"08/02/2021","0.5210","0.5720","0.5810","0.5210","-7.30%"
"07/31/2021","0.5620","0.5620","0.5620","0.5620","-0.71%"
"07/30/2021","0.5660","0.5610","0.5840","0.5610","-1.05%"
"07/29/2021","0.5720","0.5760","0.6070","0.5660","-0.69%"
"07/28/2021","0.5760","0.5600","0.5900","0.5460","3.04%"
"07/27/2021","0.5590","0.5700","0.5740","0.5450","-2.44%"
"07/26/2021","0.5730","0.5590","0.5930","0.5400","-2.72%"
"07/25/2021","0.5890","0.5905","0.5905","0.5890","0.86%"
"07/24/2021","0.5840","0.5835","0.5840","0.5835","-0.34%"
"07/23/2021","0.5860","0.5840","0.6100","0.5750","3.35%"
"07/22/2021","0.5670","0.5910","0.6300","0.5670","-6.44%"
"07/21/2021","0.6060","0.5480","0.6100","0.5440","7.07%"
"07/20/2021","0.5660","0.5500","0.5670","0.5000","1.25%"
"07/19/2021","0.5590","0.6120","0.6220","0.5190","-10.77%"
"07/18/2021","0.6265","0.6270","0.6270","0.6265","0.08%"
"07/17/2021","0.6260","0.6260","0.6260","0.6260","-0.48%"
"07/16/2021","0.6290","0.6520","0.6610","0.6180","-5.27%"
"07/15/2021","0.6640","0.6180","0.6800","0.5940","5.40%"
"07/14/2021","0.6300","0.6540","0.6840","0.6280","-0.47%"
"07/13/2021","0.6330","0.6420","0.6640","0.6200","-2.62%"
"07/12/2021","0.6500","0.6610","0.6610","0.6260","-1.59%"
"07/11/2021","0.6605","0.6595","0.6605","0.6595","-0.15%"
"07/10/2021","0.6615","0.6615","0.6615","0.6615","0.38%"
"07/09/2021","0.6590","0.6290","0.6640","0.6250","7.50%"
"07/08/2021","0.6130","0.5680","0.6140","0.5500","1.49%"
"07/07/2021","0.6040","0.6340","0.6430","0.5750","-4.88%"
"07/06/2021","0.6350","0.7290","0.7300","0.6280","-11.31%"
"07/05/2021","0.7160","0.7040","0.7280","0.7030","2.07%"
"07/04/2021","0.7015","0.7045","0.7045","0.7015","0.43%"
"07/03/2021","0.6985","0.6985","0.6985","0.6985","-0.78%"
"07/02/2021","0.7040","0.7250","0.7250","0.6930","-3.69%"
"07/01/2021","0.7310","0.7340","0.7490","0.7180","1.81%"
"06/30/2021","0.7180","0.7300","0.7450","0.7120","-2.97%"
"06/29/2021","0.7400","0.7340","0.7570","0.7300","2.35%"
"06/28/2021","0.7230","0.7770","0.7790","0.7230","-6.77%"
"06/27/2021","0.7755","0.7735","0.7755","0.7735","-0.32%"
"06/26/2021","0.7780","0.7790","0.7790","0.7780","-0.38%"
"06/25/2021","0.7810","0.7430","0.7840","0.7360","5.26%"
"06/24/2021","0.7420","0.7840","0.7920","0.7390","-4.99%"
"06/23/2021","0.7810","0.7970","0.8010","0.7700","0.13%"
"06/22/2021","0.7800","0.7720","0.7980","0.7610","1.17%"
"06/21/2021","0.7710","0.7310","0.7910","0.7230","1.85%"
"06/20/2021","0.7570","0.7580","0.7580","0.7570","0.07%"
"06/19/2021","0.7565","0.7565","0.7570","0.7565","0.60%"
"06/18/2021","0.7520","0.7620","0.7950","0.7490","-3.22%"
"06/17/2021","0.7770","0.8080","0.8340","0.7740","4.72%"
"06/16/2021","0.7420","0.7740","0.7770","0.7410","-2.62%"
"06/15/2021","0.7620","0.7350","0.7650","0.7290","2.56%"
"06/14/2021","0.7430","0.7020","0.7430","0.6970","5.17%"
"06/13/2021","0.7065","0.7115","0.7115","0.7065","1.00%"
"06/12/2021","0.6995","0.6975","0.6995","0.6975","-1.48%"
"06/11/2021","0.7100","0.7150","0.7220","0.6910","-5.08%"
"06/10/2021","0.7480","0.7140","0.7870","0.7120","1.91%"
"06/09/2021","0.7340","0.7740","0.7780","0.7100","-5.05%"
"06/08/2021","0.7730","0.8060","0.8100","0.7670","-4.57%"
"06/07/2021","0.8100","0.7970","0.8180","0.7920","2.34%"
"06/06/2021","0.7915","0.7920","0.7920","0.7915","0.44%"
"06/05/2021","0.7880","0.7930","0.7930","0.7880","-0.63%"
"06/04/2021","0.7930","0.8360","0.8460","0.7920","-5.82%"
"06/03/2021","0.8420","0.8090","0.8430","0.8080","5.12%"
"06/02/2021","0.8010","0.8210","0.8300","0.7990","-3.26%"
"06/01/2021","0.8280","0.8050","0.8360","0.8020","3.69%"
"05/31/2021","0.7985","0.7985","0.7985","0.7985","0.00%"
"05/30/2021","0.7985","0.7935","0.7985","0.7935","-0.62%"
"05/29/2021","0.8035","0.7945","0.8035","0.7945","0.94%"
"05/28/2021","0.7960","0.8260","0.8370","0.7850","-2.21%"
"05/27/2021","0.8140","0.7560","0.8300","0.7560","7.96%"
"05/26/2021","0.7540","0.7790","0.7840","0.7500","-4.56%"
"05/25/2021","0.7900","0.7960","0.8140","0.7850","-2.71%"
"05/24/2021","0.8120","0.8240","0.8350","0.8070","-2.35%"
"05/23/2021","0.8315","0.8345","0.8345","0.8310","0.42%"
"05/22/2021","0.8280","0.8280","0.8280","0.8280","-0.48%"
"05/21/2021","0.8320","0.8390","0.8620","0.8200","-0.83%"
"05/20/2021","0.8390","0.8670","0.8770","0.8380","-1.18%"
"05/19/2021","0.8490","0.8820","0.9010","0.8360","-2.19%"
"05/18/2021","0.8680","0.8740","0.8940","0.8460","0.23%"
"05/17/2021","0.8660","0.8580","0.8860","0.8380","0.06%"
"05/16/2021","0.8655","0.8700","0.8700","0.8655","0.58%"
"05/15/2021","0.8605","0.8620","0.8620","0.8600","0.29%"
"05/14/2021","0.8580","0.8900","0.9000","0.8460","-4.56%"
"05/13/2021","0.8990","0.8830","0.9250","0.8820","1.12%"
"05/12/2021","0.8890","0.8280","0.8950","0.8080","6.59%"
"05/11/2021","0.8340","0.8110","0.8430","0.8100","5.57%"
"05/10/2021","0.7900","0.8080","0.8140","0.7850","3.00%"
"05/09/2021","0.7670","0.7620","0.7670","0.7620","-0.58%"
"05/08/2021","0.7715","0.7715","0.7715","0.7715","-0.58%"
"05/07/2021","0.7760","0.7850","0.8070","0.7380","-2.39%"
"05/06/2021","0.7950","0.8020","0.8320","0.7790","-2.93%"
"05/05/2021","0.8190","0.8200","0.8380","0.8050","3.02%"
"05/04/2021","0.7950","0.8370","0.8570","0.7880","-5.47%"
"05/03/2021","0.8410","0.8415","0.8415","0.8410","-0.06%"
"05/02/2021","0.8415","0.8425","0.8425","0.8415","0.18%"
"05/01/2021","0.8400","0.8425","0.8425","0.8400","-0.36%"
"04/30/2021","0.8430","0.8310","0.8470","0.8250","-0.12%"
"04/29/2021","0.8440","0.8050","0.8680","0.8010","5.63%"
"04/28/2021","0.7990","0.7980","0.8460","0.7940","2.96%"
"04/27/2021","0.7760","0.7610","0.7780","0.7540","2.37%"
"04/26/2021","0.7580","0.7620","0.7770","0.7470","1.74%"
"04/23/2021","0.7450","0.7150","0.7570","0.7130","0.54%"
"04/22/2021","0.7410","0.7260","0.7520","0.7200","0.00%"
"04/21/2021","0.7410","0.7290","0.7580","0.7180","1.23%"
"04/20/2021","0.7320","0.7700","0.7800","0.7260","-3.17%"
"04/19/2021","0.7560","0.7540","0.7820","0.7420","-1.11%"
"04/17/2021","0.7645","0.7645","0.7645","0.7645","-0.20%"
"04/16/2021","0.7660","0.7530","0.7760","0.7490","3.79%"
"04/15/2021","0.7380","0.8050","0.8130","0.7280","-8.44%"
"04/14/2021","0.8060","0.7690","0.8110","0.7620","3.33%"
"04/13/2021","0.7800","0.8080","0.8130","0.7760","-1.14%"
"04/12/2021","0.7890","0.7720","0.8020","0.7610","1.68%"
"04/10/2021","0.7760","0.7755","0.7760","0.7755","-0.13%"
"04/09/2021","0.7770","0.7580","0.8050","0.7580","3.60%"
"04/08/2021","0.7500","0.7800","0.7920","0.7450","-3.23%"
"04/07/2021","0.7750","0.7690","0.7930","0.7640","-2.88%"
"04/06/2021","0.7980","0.8220","0.8400","0.7910","0.00%"
"04/02/2021","0.7980","0.7980","0.7980","0.7980","0.00%"
"04/01/2021","0.7980","0.8600","0.8620","0.7950","-5.67%"
"03/31/2021","0.8460","0.8310","0.8480","0.8170","2.42%"
"03/30/2021","0.8260","0.8300","0.8540","0.8230","4.69%"
"03/29/2021","0.7890","0.7450","0.7950","0.7380","4.37%"
"03/27/2021","0.7560","0.7560","0.7560","0.7560","-0.13%"
"03/26/2021","0.7570","0.7550","0.7810","0.7490","3.13%"
"03/25/2021","0.7340","0.7460","0.7460","0.7110","-3.17%"
"03/24/2021","0.7580","0.7250","0.7730","0.7210","-0.66%"
"03/23/2021","0.7630","0.7930","0.7990","0.7590","-6.61%"
"03/22/2021","0.8170","0.8060","0.8390","0.8060","-2.51%"
"03/21/2021","0.8380","0.8380","0.8380","0.8380","-0.71%"
"03/19/2021","0.8440","0.8400","0.8590","0.8140","-3.54%"
"03/18/2021","0.8750","0.8720","0.9080","0.8600","5.29%"
"03/17/2021","0.8310","0.7960","0.8460","0.7940","5.99%"
"03/16/2021","0.7840","0.7970","0.8050","0.7670","-1.88%"
"03/15/2021","0.7990","0.8130","0.8610","0.7900","-2.98%"
"03/14/2021","0.8235","0.8235","0.8235","0.8235","0.00%"
"03/13/2021","0.8235","0.8235","0.8235","0.8235","-0.18%"
"03/12/2021","0.8250","0.7870","0.8350","0.7790","12.09%"
"03/11/2021","0.7360","0.7110","0.7480","0.6880","2.94%"
"03/10/2021","0.7150","0.7220","0.7380","0.7080","-1.65%"
"03/09/2021","0.7270","0.7270","0.7440","0.7020","-3.71%"
"03/08/2021","0.7550","0.7800","0.7810","0.7390","-0.26%"
"03/06/2021","0.7570","0.7570","0.7570","0.7570","0.66%"
"03/05/2021","0.7520","0.7740","0.7970","0.7470","2.73%"
"03/04/2021","0.7320","0.7550","0.7690","0.7130","-6.27%"
"03/03/2021","0.7810","0.6870","0.7960","0.6870","13.35%"
"03/02/2021","0.6890","0.7470","0.7800","0.6810","-8.98%"
"03/01/2021","0.7570","0.7920","0.7990","0.7430","-8.02%"
"02/26/2021","0.8230","0.7690","0.8360","0.7390","4.57%"
"02/25/2021","0.7870","0.7670","0.8320","0.7660","7.22%"
"02/24/2021","0.7340","0.7170","0.8040","0.7020","2.23%"
"02/23/2021","0.7180","0.7120","0.7570","0.6980","5.43%"
"02/22/2021","0.6810","0.7190","0.7390","0.6460","-2.23%"
"02/20/2021","0.6965","0.6970","0.6970","0.6965","-0.50%"
"02/19/2021","0.7000","0.6600","0.7060","0.6320","12.36%"
"02/18/2021","0.6230","0.5730","0.6500","0.5730","8.73%"
"02/17/2021","0.5730","0.6250","0.6430","0.5680","-8.17%"
"02/16/2021","0.6240","0.5630","0.6280","0.5600","9.09%"
"02/15/2021","0.5720","0.5810","0.5930","0.5650","10.00%"
"02/12/2021","0.5200","0.4780","0.5350","0.4610","10.40%"
"02/11/2021","0.4710","0.4690","0.4730","0.4520","-3.68%"
"02/10/2021","0.4890","0.4760","0.4930","0.4660","5.62%"
"02/09/2021","0.4630","0.4900","0.4910","0.4590","-2.94%"
"02/08/2021","0.4770","0.5220","0.5350","0.4730","-2.05%"
"02/05/2021","0.4870","0.4450","0.5160","0.4430","10.18%"
"02/04/2021","0.4420","0.3770","0.4650","0.3620","19.46%"
"02/03/2021","0.3700","0.3720","0.3750","0.3570","5.41%"
"02/02/2021","0.3510","0.3420","0.3630","0.3390","9.35%"
"02/01/2021","0.3210","0.3230","0.3510","0.3200","-2.43%"
"01/29/2021","0.3290","0.2980","0.3450","0.2870","13.45%"
"01/28/2021","0.2900","0.2630","0.2910","0.2450","7.81%"
"01/27/2021","0.2690","0.2730","0.2910","0.2470","0.75%"
"01/26/2021","0.2670","0.2530","0.2870","0.2530","1.14%"
"01/25/2021","0.2640","0.3150","0.3150","0.2610","-12.87%"
"01/22/2021","0.3030","0.3220","0.3350","0.3030","-8.46%"
"01/21/2021","0.3310","0.2980","0.3430","0.2900","9.97%"
"01/20/2021","0.3010","0.2970","0.3060","0.2840","3.79%"
"01/19/2021","0.2900","0.3060","0.3080","0.2850","0.00%"
"01/18/2021","0.2900","0.2810","0.3040","0.2790","1.05%"
"01/15/2021","0.2870","0.2910","0.3130","0.2860","-2.38%"
"01/14/2021","0.2940","0.3170","0.3220","0.2790","-5.16%"
"01/13/2021","0.3100","0.3200","0.3430","0.3050","-12.68%"
"01/12/2021","0.3550","0.3300","0.3660","0.3210","13.78%"
"01/11/2021","0.3120","0.2770","0.3210","0.2770","9.67%"
"01/09/2021","0.2845","0.2845","0.2845","0.2845","-1.22%"
"01/08/2021","0.2880","0.2890","0.3030","0.2780","0.70%"
"01/07/2021","0.2860","0.2580","0.2990","0.2450","16.26%"
"01/06/2021","0.2460","0.2630","0.2670","0.2290","15.49%"
"01/05/2021","0.2130","0.1880","0.2210","0.1770","22.41%"
"01/04/2021","0.1740","0.2070","0.2130","0.1560","-7.69%"
"01/03/2021","0.1885","0.1880","0.1885","0.1880","-1.57%"
"01/02/2021","0.1915","0.1915","0.1915","0.1915","-2.30%"
"12/31/2020","0.1960","0.2000","0.2090","0.1890","-7.11%"
"12/30/2020","0.2110","0.2200","0.2470","0.2000","-0.94%"
"12/29/2020","0.2130","0.2320","0.2450","0.2060","-15.81%"
"12/28/2020","0.2530","0.2505","0.2530","0.2505","0.00%"
"12/27/2020","0.2530","0.2505","0.2530","0.2505","-0.39%"
"12/26/2020","0.2540","0.2540","0.2540","0.2540","-1.17%"
"12/24/2020","0.2570","0.2980","0.3020","0.2500","-9.82%"
"12/23/2020","0.2850","0.1890","0.3140","0.1780","54.89%"
"12/22/2020","0.1840","0.2050","0.2330","0.1760","-11.11%"
"12/21/2020","0.2070","0.1870","0.2100","0.1640","-13.75%"
"12/20/2020","0.2400","0.2405","0.2405","0.2400","0.00%"
"12/19/2020","0.2400","0.2400","0.2400","0.2400","-4.00%"
"12/18/2020","0.2500","0.2570","0.2800","0.2330","-13.19%"
"12/17/2020","0.2880","0.2900","0.2930","0.2450","5.11%"
"12/16/2020","0.2740","0.2820","0.3150","0.2740","4.58%"
"12/15/2020","0.2620","0.2180","0.2780","0.2080","16.96%"
"12/14/2020","0.2240","0.2070","0.2560","0.1970","32.54%"
"12/13/2020","0.1690","0.1655","0.1695","0.1655","-1.74%"
"12/12/2020","0.1720","0.1700","0.1720","0.1695","0.00%"
"12/11/2020","0.1720","0.1990","0.1990","0.1550","-15.27%"
"12/10/2020","0.2030","0.2320","0.2390","0.1930","-22.81%"
"12/09/2020","0.2630","0.2630","0.2880","0.2570","1.54%"
"12/08/2020","0.2590","0.2830","0.3010","0.2540","-8.48%"
"12/07/2020","0.2830","0.3190","0.3190","0.2740","-18.56%"
"12/06/2020","0.3475","0.3490","0.3490","0.3475","0.43%"
"12/05/2020","0.3460","0.3460","0.3460","0.3460","-1.98%"
"12/04/2020","0.3530","0.3170","0.3610","0.3140","8.95%"
"12/03/2020","0.3240","0.3490","0.3550","0.3240","-8.73%"
"12/02/2020","0.3550","0.3530","0.3700","0.3320","1.14%"
"12/01/2020","0.3510","0.3070","0.3650","0.2950","14.71%"
"11/30/2020","0.3060","0.2880","0.3120","0.2670","5.52%"
"11/29/2020","0.2900","0.2830","0.2955","0.2830","1.75%"
"11/28/2020","0.2850","0.2850","0.2850","0.2850","0.00%"
"11/27/2020","0.2850","0.2920","0.3130","0.2820","1.79%"
"11/26/2020","0.2800","0.3190","0.3190","0.2800","-11.95%"
"11/25/2020","0.3180","0.3310","0.3440","0.3040","-3.64%"
"11/24/2020","0.3300","0.3310","0.3400","0.3030","2.80%"
"11/23/2020","0.3210","0.3020","0.3380","0.2990","7.36%"
"11/22/2020","0.2990","0.3000","0.3000","0.2990","0.34%"
"11/21/2020","0.2980","0.3020","0.3020","0.2975","-2.30%"
"11/20/2020","0.3050","0.3120","0.3290","0.3000","-6.15%"
"11/19/2020","0.3250","0.3280","0.3420","0.3110","-3.56%"
"11/18/2020","0.3370","0.3120","0.3440","0.3070","3.37%"
"11/17/2020","0.3260","0.3500","0.3570","0.3170","-6.86%"
"11/16/2020","0.3500","0.3330","0.3880","0.3260","2.34%"
"11/15/2020","0.3420","0.3375","0.3435","0.3375","-0.87%"
"11/14/2020","0.3450","0.3435","0.3450","0.3435","1.47%"
"11/13/2020","0.3400","0.3320","0.3550","0.3220","-3.13%"
"11/12/2020","0.3510","0.3910","0.4080","0.3500","-15.42%"
"11/11/2020","0.4150","0.4240","0.4410","0.3970","3.23%"
"11/10/2020","0.4020","0.3680","0.4120","0.3660","7.20%"
"11/09/2020","0.3750","0.2670","0.4020","0.2360","34.89%"
"11/08/2020","0.2780","0.2745","0.2780","0.2745","-1.24%"
"11/07/2020","0.2815","0.2820","0.2820","0.2735","1.62%"
"11/06/2020","0.2770","0.2350","0.2860","0.2120","17.37%"
"11/05/2020","0.2360","0.1800","0.2410","0.1730","13.46%"
"11/04/2020","0.2080","0.2120","0.2510","0.2040","-24.36%"
"11/03/2020","0.2750","0.2290","0.2790","0.2290","25.00%"
"11/02/2020","0.2200","0.2550","0.2650","0.2180","-16.03%"
"11/01/2020","0.2620","0.2570","0.2620","0.2570","-1.50%"
"10/31/2020","0.2660","0.2600","0.2660","0.2600","1.14%"
"10/30/2020","0.2630","0.2280","0.2740","0.2260","17.41%"
"10/29/2020","0.2240","0.2150","0.2330","0.2010","4.67%"
"10/28/2020","0.2140","0.2230","0.2260","0.2040","-8.55%"
"10/27/2020","0.2340","0.2830","0.2870","0.2320","-15.52%"
"10/26/2020","0.2770","0.2610","0.2870","0.2490","0.36%"
"10/25/2020","0.2760","0.2830","0.2830","0.2760","2.60%"
"10/24/2020","0.2690","0.2690","0.2690","0.2690","-4.27%"
"10/23/2020","0.2810","0.2800","0.3150","0.2770","-0.71%"
"10/22/2020","0.2830","0.2460","0.2900","0.2440","16.46%"
"10/21/2020","0.2430","0.2030","0.2480","0.2030","29.26%"
"10/20/2020","0.1880","0.1780","0.1980","0.1680","9.94%"
"10/19/2020","0.1710","0.1930","0.2080","0.1680","-2.29%"
"10/18/2020","0.1750","0.1810","0.1810","0.1750","-3.31%"
"10/17/2020","0.1810","0.1810","0.1810","0.1810","-1.09%"
"10/16/2020","0.1830","0.1860","0.1860","0.1520","0.55%"
"10/15/2020","0.1820","0.2060","0.2080","0.1560","-17.65%"
"10/14/2020","0.2210","0.2270","0.2300","0.2090","-8.30%"
"10/13/2020","0.2410","0.2690","0.2730","0.2320","-12.36%"
"10/12/2020","0.2750","0.2710","0.2840","0.2670","0.55%"
"10/11/2020","0.2735","0.2805","0.2805","0.2710","-0.91%"
"10/10/2020","0.2760","0.2760","0.2760","0.2760","-2.82%"
"10/09/2020","0.2840","0.2780","0.2890","0.2560","-1.73%"
"10/08/2020","0.2890","0.3050","0.3060","0.2850","-4.93%"
"10/07/2020","0.3040","0.2670","0.3110","0.2660","6.29%"
"10/06/2020","0.2860","0.2870","0.3010","0.2760","-1.04%"
"10/05/2020","0.2890","0.2400","0.2960","0.2360","15.14%"
"10/04/2020","0.2510","0.2505","0.2510","0.2505","-0.20%"
"10/03/2020","0.2515","0.2455","0.2515","0.2455","1.82%"
"10/02/2020","0.2470","0.2220","0.2560","0.2140","4.22%"
"10/01/2020","0.2370","0.2380","0.2880","0.2240","2.16%"
"09/30/2020","0.2320","0.1810","0.2370","0.1800","26.09%"
"09/29/2020","0.1840","0.1980","0.2050","0.1800","-9.80%"
"09/28/2020","0.2040","0.1970","0.2240","0.1830","8.51%"
"09/27/2020","0.1880","0.1830","0.1880","0.1830","-2.34%"
"09/26/2020","0.1925","0.1870","0.1925","0.1870","1.32%"
"09/25/2020","0.1900","0.2100","0.2190","0.1830","-15.18%"
"09/24/2020","0.2240","0.2070","0.2260","0.1990","2.28%"
"09/23/2020","0.2190","0.2040","0.2300","0.1770","6.83%"
"09/22/2020","0.2050","0.1660","0.2140","0.1540","28.13%"
"09/21/2020","0.1600","0.1880","0.1950","0.1430","-9.60%"
"09/20/2020","0.1770","0.1775","0.1775","0.1770","-3.01%"
"09/19/2020","0.1825","0.1760","0.1825","0.1760","-1.88%"
"09/18/2020","0.1860","0.1930","0.1990","0.1650","-0.53%"
"09/17/2020","0.1870","0.2100","0.2370","0.1580","-12.21%"
"09/16/2020","0.2130","0.2200","0.2240","0.1990","-3.18%"
"09/15/2020","0.2200","0.1900","0.2280","0.1900","11.68%"
"09/14/2020","0.1970","0.1670","0.2050","0.1590","9.14%"
"09/13/2020","0.1805","0.1810","0.1810","0.1805","0.00%"
"09/12/2020","0.1805","0.1805","0.1805","0.1805","-2.43%"
"09/11/2020","0.1850","0.1880","0.2230","0.1780","-19.57%"
"09/10/2020","0.2300","0.2360","0.2550","0.2140","-3.77%"
"09/09/2020","0.2390","0.1700","0.2470","0.1640","25.79%"
"09/08/2020","0.1900","0.2420","0.2530","0.1740","-23.69%"
"09/07/2020","0.2490","0.2790","0.2880","0.2450","-0.20%"
"09/06/2020","0.2495","0.2495","0.2495","0.2495","-6.20%"
"09/04/2020","0.2660","0.2400","0.2710","0.2380","11.76%"
"09/03/2020","0.2380","0.2380","0.2530","0.2200","2.15%"
"09/02/2020","0.2330","0.2820","0.2860","0.2280","-21.81%"
"09/01/2020","0.2980","0.3130","0.3490","0.2960","-4.94%"
"08/31/2020","0.3135","0.3110","0.3135","0.3110","0.97%"
"08/30/2020","0.3105","0.3110","0.3110","0.3105","-0.16%"
"08/29/2020","0.3110","0.3135","0.3135","0.3110","-0.64%"
"08/28/2020","0.3130","0.3570","0.3720","0.3090","-7.40%"
"08/27/2020","0.3380","0.2920","0.3470","0.2650","11.18%"
"08/26/2020","0.3040","0.2900","0.3140","0.2730","15.15%"
"08/25/2020","0.2640","0.2200","0.2820","0.2190","23.94%"
"08/24/2020","0.2130","0.2130","0.2160","0.1930","4.16%"
"08/22/2020","0.2045","0.2045","0.2045","0.2045","-1.21%"
"08/21/2020","0.2070","0.2270","0.2350","0.1960","-8.81%"
"08/20/2020","0.2270","0.2330","0.2410","0.2090","-4.62%"
"08/19/2020","0.2380","0.2180","0.2400","0.1920","9.17%"
"08/18/2020","0.2180","0.2110","0.2390","0.2010","0.00%"
"08/17/2020","0.2180","0.2400","0.2430","0.2150","-11.38%"
"08/16/2020","0.2460","0.2420","0.2460","0.2420","1.44%"
"08/15/2020","0.2425","0.2420","0.2425","0.2420","-0.21%"
"08/14/2020","0.2430","0.2480","0.2610","0.2380","0.00%"
"08/13/2020","0.2430","0.2280","0.2620","0.2120","2.53%"
"08/12/2020","0.2370","0.2230","0.2450","0.2150","17.91%"
"08/11/2020","0.2010","0.1350","0.2100","0.1340","53.44%"
"08/10/2020","0.1310","0.1590","0.1660","0.1140","-7.09%"
"08/09/2020","0.1410","0.1410","0.1410","0.1410","0.71%"
"08/07/2020","0.1400","0.1080","0.1450","0.1020","28.44%"
"08/06/2020","0.1090","0.1410","0.1500","0.0910","-16.79%"
"08/05/2020","0.1310","0.0780","0.1350","0.0760","74.67%"
"08/04/2020","0.0750","0.1010","0.1090","0.0650","-26.47%"
"08/03/2020","0.1020","0.1070","0.1170","0.0950","10.87%"
"08/02/2020","0.0920","0.0920","0.0920","0.0920","-9.80%"
"08/01/2020","0.1020","0.1020","0.1020","0.1020","-2.86%"
"07/31/2020","0.1050","0.0770","0.1100","0.0700","15.38%"
"07/30/2020","0.0910","0.1020","0.1070","0.0740","-24.17%"
"07/29/2020","0.1200","0.1010","0.1230","0.0950","11.11%"
"07/28/2020","0.1080","0.1290","0.1310","0.0980","-1.82%"
"07/27/2020","0.1100","0.1400","0.1450","0.1080","-24.66%"
"07/26/2020","0.1460","0.1430","0.1460","0.1430","2.82%"
"07/25/2020","0.1420","0.1420","0.1420","0.1420","-2.07%"
"07/24/2020","0.1450","0.1100","0.1550","0.1030","16.94%"
"07/23/2020","0.1240","0.1250","0.1270","0.1050","0.81%"
"07/22/2020","0.1230","0.1400","0.1430","0.1170","-10.22%"
"07/21/2020","0.1370","0.1540","0.1620","0.1360","-8.67%"
"07/20/2020","0.1500","0.1740","0.1780","0.1420","-5.06%"
"07/19/2020","0.1580","0.1580","0.1580","0.1580","-5.11%"
"07/18/2020","0.1665","0.1665","0.1665","0.1665","-0.30%"
"07/17/2020","0.1670","0.1380","0.1680","0.1340","19.29%"
"07/16/2020","0.1400","0.1570","0.1600","0.1260","-15.15%"
"07/15/2020","0.1650","0.1580","0.1920","0.1500","10.74%"
"07/14/2020","0.1490","0.1690","0.1710","0.1390","-19.02%"
"07/13/2020","0.1840","0.1690","0.2010","0.1560","25.17%"
"07/12/2020","0.1470","0.1470","0.1470","0.1470","-4.55%"
"07/11/2020","0.1540","0.1585","0.1585","0.1540","-1.28%"
"07/10/2020","0.1560","0.1400","0.1570","0.1270","-2.50%"
"07/09/2020","0.1600","0.1830","0.1870","0.1500","-12.57%"
"07/08/2020","0.1830","0.1600","0.1900","0.1540","1.67%"
"07/07/2020","0.1800","0.1890","0.2040","0.1770","-10.89%"
"07/06/2020","0.2020","0.2040","0.2190","0.1990","8.31%"
"07/05/2020","0.1865","0.1840","0.1865","0.1840","-1.84%"
"07/03/2020","0.1900","0.1910","0.2030","0.1750","2.15%"
"07/02/2020","0.1860","0.2070","0.2190","0.1850","-10.58%"
"07/01/2020","0.2080","0.2040","0.2260","0.1870","20.93%"
"06/30/2020","0.1720","0.1520","0.1760","0.1410","5.52%"
"06/29/2020","0.1630","0.1900","0.1900","0.1520","-4.12%"
"06/28/2020","0.1700","0.1700","0.1700","0.1700","-0.87%"
"06/27/2020","0.1715","0.1740","0.1740","0.1715","-0.87%"
"06/26/2020","0.1730","0.1530","0.1850","0.1500","11.61%"
"06/25/2020","0.1550","0.1720","0.1770","0.1380","-17.99%"
"06/24/2020","0.1890","0.2140","0.2350","0.1870","-11.68%"
"06/23/2020","0.2140","0.1980","0.2210","0.1980","9.74%"
"06/22/2020","0.1950","0.2350","0.2400","0.1870","-15.95%"
"06/21/2020","0.2320","0.2320","0.2320","0.2320","0.00%"
"06/19/2020","0.2320","0.2330","0.2630","0.2300","2.65%"
"06/18/2020","0.2260","0.1890","0.2520","0.1630","18.95%"
"06/17/2020","0.1900","0.2040","0.2280","0.1790","-7.77%"
"06/16/2020","0.2060","0.2280","0.2450","0.1870","-1.44%"
"06/15/2020","0.2090","0.1820","0.2110","0.1740","1.46%"
"06/14/2020","0.2060","0.2060","0.2060","0.2060","-0.96%"
"06/12/2020","0.2080","0.1950","0.2300","0.1900","5.05%"
"06/11/2020","0.1980","0.2230","0.2360","0.1810","-26.67%"
"06/10/2020","0.2700","0.3330","0.3340","0.2650","-19.40%"
"06/09/2020","0.3350","0.3330","0.3390","0.3060","0.00%"
"06/08/2020","0.3350","0.3490","0.3610","0.3280","-6.69%"
"06/07/2020","0.3590","0.3590","0.3590","0.3590","1.56%"
"06/06/2020","0.3535","0.3535","0.3535","0.3535","-0.42%"
"06/05/2020","0.3550","0.3340","0.3760","0.3170","15.26%"
"06/04/2020","0.3080","0.2780","0.3220","0.2580","12.41%"
"06/03/2020","0.2740","0.2450","0.2870","0.2390","23.42%"
"06/02/2020","0.2220","0.2130","0.2330","0.2000","-3.90%"
"06/01/2020","0.2310","0.1950","0.2390","0.1900","26.58%"
"05/30/2020","0.1825","0.1825","0.1825","0.1825","-1.35%"
"05/29/2020","0.1850","0.1890","0.2010","0.1750","-12.74%"
"05/28/2020","0.2120","0.2000","0.2160","0.1880","10.42%"
"05/27/2020","0.1920","0.2040","0.2310","0.1850","-10.28%"
"05/26/2020","0.2140","0.2000","0.2180","0.1810","23.34%"
"05/25/2020","0.1735","0.1725","0.1735","0.1725","2.06%"
"05/24/2020","0.1700","0.1700","0.1700","0.1700","-2.30%"
"05/22/2020","0.1740","0.1580","0.1900","0.1340","0.58%"
"05/21/2020","0.1730","0.2130","0.2160","0.1680","-24.45%"
"05/20/2020","0.2290","0.2430","0.2470","0.2190","-7.29%"
"05/19/2020","0.2470","0.2560","0.2950","0.2290","-3.14%"
"05/18/2020","0.2550","0.2390","0.2640","0.2020","13.33%"
"05/17/2020","0.2250","0.2250","0.2250","0.2250","-3.02%"
"05/16/2020","0.2320","0.2320","0.2320","0.2320","-0.43%"
"05/15/2020","0.2330","0.1970","0.2340","0.1810","13.11%"
"05/14/2020","0.2060","0.1950","0.2280","0.1910","-0.96%"
"05/13/2020","0.2080","0.2310","0.2360","0.2070","-16.47%"
"05/12/2020","0.2490","0.2880","0.2900","0.2390","-7.78%"
"05/11/2020","0.2700","0.2490","0.2760","0.2470","16.13%"
"05/08/2020","0.2325","0.2325","0.2325","0.2325","-1.06%"
"05/07/2020","0.2350","0.2430","0.2740","0.2310","1.29%"
"05/06/2020","0.2320","0.2230","0.2480","0.2120","12.62%"
"05/05/2020","0.2060","0.2500","0.2530","0.2040","-11.21%"
"05/04/2020","0.2320","0.2510","0.2570","0.2240","-5.88%"
"05/02/2020","0.2465","0.2465","0.2465","0.2465","0.20%"
"05/01/2020","0.2460","0.2350","0.2730","0.2230","8.37%"
"04/30/2020","0.2270","0.2830","0.2970","0.2270","-20.35%"
"04/29/2020","0.2850","0.2840","0.2940","0.2670","-0.35%"
"04/28/2020","0.2860","0.2990","0.3120","0.2810","-4.98%"
"04/27/2020","0.3010","0.2870","0.3140","0.2820","5.24%"
"04/26/2020","0.2860","0.2895","0.2895","0.2860","-2.05%"
"04/24/2020","0.2920","0.2690","0.3050","0.2580","-0.34%"
"04/23/2020","0.2930","0.3500","0.3670","0.2800","-10.12%"
"04/22/2020","0.3260","0.3080","0.3270","0.3020","9.40%"
"04/21/2020","0.2980","0.3300","0.3330","0.2880","-11.31%"
"04/20/2020","0.3360","0.3100","0.3400","0.3010","13.71%"
"04/19/2020","0.2955","0.2955","0.2955","0.2955","-2.15%"
"04/17/2020","0.3020","0.3080","0.3130","0.2840","0.67%"
"04/16/2020","0.3000","0.3090","0.3170","0.2860","-0.33%"
"04/15/2020","0.3010","0.3160","0.3240","0.2940","-11.21%"
"04/14/2020","0.3390","0.3150","0.3420","0.2980","10.97%"
"04/13/2020","0.3055","0.3055","0.3055","0.3055","0.99%"
"04/11/2020","0.3025","0.3025","0.3025","0.3025","-0.98%"
"04/10/2020","0.3055","0.3055","0.3055","0.3055","0.16%"
"04/09/2020","0.3050","0.3750","0.3800","0.3030","-19.95%"
"04/08/2020","0.3810","0.3820","0.3960","0.3650","-7.75%"
"04/07/2020","0.4130","0.3610","0.4140","0.3360","24.77%"
"04/06/2020","0.3310","0.3490","0.3580","0.3230","4.75%"
"04/05/2020","0.3160","0.3160","0.3160","0.3160","1.28%"
"04/03/2020","0.3120","0.3260","0.3310","0.3040","-5.74%"
"04/02/2020","0.3310","0.3370","0.3470","0.3010","5.75%"
"04/01/2020","0.3130","0.3100","0.3260","0.2830","-11.83%"
"03/31/2020","0.3550","0.3820","0.4190","0.3220","7.90%"
"03/30/2020","0.3290","0.3170","0.3320","0.2710","-6.27%"
"03/29/2020","0.3510","0.3610","0.3610","0.3510","-3.31%"
"03/27/2020","0.3630","0.3640","0.3950","0.3200","-8.79%"
"03/26/2020","0.3980","0.4110","0.4200","0.3700","-10.36%"
"03/25/2020","0.4440","0.4720","0.5100","0.4160","-7.31%"
"03/24/2020","0.4790","0.4370","0.4830","0.4190","14.87%"
"03/23/2020","0.4170","0.5170","0.5390","0.4050","-22.92%"
"03/22/2020","0.5410","0.5410","0.5410","0.5410","-2.87%"
"03/20/2020","0.5570","0.6530","0.6540","0.4850","-22.32%"
"03/19/2020","0.7170","0.7910","1.0580","0.6990","-9.24%"
"03/18/2020","0.7900","0.6820","0.7910","0.6680","42.34%"
"03/17/2020","0.5550","0.4860","0.5740","0.4630","28.18%"
"03/16/2020","0.4330","0.4150","0.4680","0.3560","5.61%"
"03/13/2020","0.4100","0.2940","0.4180","0.2940","53.56%"
"03/12/2020","0.2670","0.2540","0.2950","0.2050","-7.93%"
"03/11/2020","0.2900","0.2720","0.3100","0.2480","20.33%"
"03/10/2020","0.2410","0.2280","0.3340","0.2050","51.57%"
"03/09/2020","0.1590","0.0980","0.1760","0.0740","-31.47%"
"03/06/2020","0.2320","0.2910","0.3000","0.2030","-30.75%"
"03/05/2020","0.3350","0.3860","0.3980","0.3280","-9.46%"
"03/04/2020","0.3700","0.3640","0.3940","0.3360","-4.88%"
"03/03/2020","0.3890","0.4210","0.4640","0.3730","-5.58%"
"03/02/2020","0.4120","0.4560","0.4560","0.3620","-8.04%"
"02/29/2020","0.4480","0.4480","0.4480","0.4480","1.82%"
"02/28/2020","0.4400","0.4110","0.4540","0.3980","-6.78%"
"02/27/2020","0.4720","0.4940","0.5050","0.4330","-6.53%"
"02/26/2020","0.5050","0.5270","0.5320","0.4710","-3.26%"
"02/25/2020","0.5220","0.5650","0.5680","0.5050","-3.33%"
"02/24/2020","0.5400","0.5640","0.5650","0.5080","-5.92%"
"02/21/2020","0.5740","0.5640","0.5920","0.5500","-0.69%"
"02/20/2020","0.5780","0.5940","0.6040","0.5750","-3.83%"
"02/19/2020","0.6010","0.6230","0.6270","0.5920","-2.12%"
"02/18/2020","0.6140","0.6200","0.6320","0.6090","-4.51%"
"02/17/2020","0.6430","0.6360","0.6520","0.6250","2.72%"
"02/15/2020","0.6260","0.6260","0.6260","0.6260","-0.48%"
"02/14/2020","0.6290","0.6460","0.6490","0.6060","-3.38%"
"02/13/2020","0.6510","0.5870","0.6600","0.5720","6.20%"
"02/12/2020","0.6130","0.5930","0.6200","0.5880","7.54%"
"02/11/2020","0.5700","0.5660","0.5920","0.5560","2.15%"
"02/10/2020","0.5580","0.5700","0.5810","0.5510","-1.67%"
"02/09/2020","0.5675","0.5675","0.5675","0.5675","-0.44%"
"02/07/2020","0.5700","0.5830","0.5900","0.5550","-2.40%"
"02/06/2020","0.5840","0.6110","0.6280","0.5830","-5.35%"
"02/05/2020","0.6170","0.5520","0.6230","0.5470","8.82%"
"02/04/2020","0.5670","0.5330","0.5690","0.5330","10.10%"
"02/03/2020","0.5150","0.5250","0.5470","0.5090","-0.77%"
"02/02/2020","0.5190","0.5190","0.5190","0.5190","-1.05%"
"02/01/2020","0.5245","0.5245","0.5245","0.5245","-0.29%"
"01/31/2020","0.5260","0.5480","0.5630","0.5150","-3.31%"
"01/30/2020","0.5440","0.5070","0.5640","0.4750","5.02%"
"01/29/2020","0.5180","0.5410","0.5480","0.5170","-6.33%"
"01/28/2020","0.5530","0.5070","0.5570","0.4920","8.64%"
"01/27/2020","0.5090","0.5450","0.5510","0.5020","-9.75%"
"01/24/2020","0.5640","0.6040","0.6180","0.5560","-4.89%"
"01/23/2020","0.5930","0.6220","0.6320","0.5850","-6.91%"
"01/22/2020","0.6370","0.6400","0.6580","0.6170","0.79%"
"01/21/2020","0.6320","0.6460","0.6710","0.6220","-2.92%"
"01/20/2020","0.6510","0.6290","0.6540","0.6150","2.68%"
"01/19/2020","0.6340","0.6340","0.6340","0.6340","0.16%"
"01/17/2020","0.6330","0.6560","0.6590","0.6120","-1.86%"
"01/16/2020","0.6450","0.6580","0.6650","0.6320","-1.38%"
"01/15/2020","0.6540","0.7210","0.7210","0.6300","-9.54%"
"01/14/2020","0.7230","0.7480","0.7490","0.7150","-3.73%"
"01/13/2020","0.7510","0.7620","0.7620","0.7290","-3.35%"
"01/12/2020","0.7770","0.7740","0.7770","0.7740","0.91%"
"01/10/2020","0.7700","0.8110","0.8140","0.7680","-6.44%"
"01/09/2020","0.8230","0.8340","0.8400","0.7890","0.12%"
"01/08/2020","0.8220","0.7870","0.8230","0.7810","3.66%"
"01/07/2020","0.7930","0.7890","0.8210","0.7710","2.85%"
"01/06/2020","0.7710","0.7230","0.7800","0.7160","3.98%"
"01/05/2020","0.7415","0.7415","0.7415","0.7415","0.20%"
"01/03/2020","0.7400","0.7560","0.7640","0.7230","-6.68%"
"01/02/2020","0.7930","0.8680","0.8770","0.7710","-2.58%"
"01/01/2020","0.8140","0.8140","0.8140","0.8140","-1.33%"
"12/31/2019","0.8250","0.8560","0.8710","0.8120","-4.62%"
"12/30/2019","0.8650","0.7810","0.8700","0.7710","14.42%"
"12/27/2019","0.7560","0.7740","0.7750","0.7470","-2.07%"
"12/24/2019","0.7720","0.8040","0.8130","0.7530","-0.39%"
"12/23/2019","0.7750","0.7650","0.7840","0.7440","-0.77%"
"12/22/2019","0.7810","0.7810","0.7810","0.7810","-0.38%"
"12/20/2019","0.7840","0.8020","0.8260","0.7830","-2.37%"
"12/19/2019","0.8030","0.7890","0.8250","0.7840","3.35%"
"12/18/2019","0.7770","0.7620","0.7910","0.7420","1.70%"
"12/17/2019","0.7640","0.7910","0.7930","0.7600","-7.39%"
"12/16/2019","0.8250","0.7970","0.8280","0.7540","4.30%"
"12/13/2019","0.7910","0.8950","0.8950","0.7870","-3.77%"
"12/12/2019","0.8220","0.7770","0.8310","0.7330","6.06%"
"12/11/2019","0.7750","0.7900","0.7940","0.7690","-3.25%"
"12/10/2019","0.8010","0.7710","0.8040","0.7660","4.71%"
"12/09/2019","0.7650","0.7660","0.7750","0.7400","0.33%"
"12/08/2019","0.7625","0.7625","0.7625","0.7625","-1.36%"
"12/06/2019","0.7730","0.7760","0.7850","0.7450","-0.26%"
"12/05/2019","0.7750","0.7430","0.7930","0.7420","4.45%"
"12/04/2019","0.7420","0.6740","0.7430","0.6520","10.75%"
"12/03/2019","0.6700","0.7530","0.7650","0.6660","-9.58%"
"12/02/2019","0.7410","0.7200","0.7620","0.7200","6.16%"
"12/01/2019","0.6980","0.6980","0.6980","0.6980","-0.29%"
"11/29/2019","0.7000","0.6750","0.7130","0.6630","3.40%"
"11/28/2019","0.6770","0.6860","0.6890","0.6600","-0.15%"
"11/27/2019","0.6780","0.6440","0.6840","0.6410","3.83%"
"11/26/2019","0.6530","0.6990","0.7010","0.6350","-6.31%"
"11/25/2019","0.6970","0.7100","0.7250","0.6810","-0.85%"
"11/24/2019","0.7030","0.7030","0.7030","0.7030","-0.57%"
"11/22/2019","0.7070","0.7730","0.7770","0.6910","-6.48%"
"11/21/2019","0.7560","0.7290","0.7730","0.7140","3.28%"
"11/20/2019","0.7320","0.6920","0.7320","0.6800","-0.27%"
"11/19/2019","0.7340","0.7570","0.7630","0.7270","-2.26%"
"11/18/2019","0.7510","0.7490","0.7640","0.7280","4.02%"
"11/17/2019","0.7220","0.7220","0.7220","0.7220","-0.96%"
"11/15/2019","0.7290","0.7270","0.7370","0.7100","2.68%"
"11/14/2019","0.7100","0.7570","0.7570","0.7090","-6.58%"
"11/13/2019","0.7600","0.8060","0.8070","0.7380","-5.82%"
"11/12/2019","0.8070","0.8110","0.8330","0.7950","-0.49%"
"11/11/2019","0.8110","0.7920","0.8140","0.7700","2.66%"
"11/10/2019","0.7900","0.7900","0.7900","0.7900","-0.13%"
"11/08/2019","0.7910","0.7720","0.8320","0.7630","-0.13%"
"11/07/2019","0.7920","0.7290","0.7930","0.7230","10.77%"
"11/06/2019","0.7150","0.7660","0.7800","0.7140","-7.62%"
"11/05/2019","0.7740","0.7500","0.7770","0.7170","7.05%"
"11/04/2019","0.7230","0.6720","0.7260","0.6700","8.89%"
"11/01/2019","0.6640","0.6310","0.6730","0.6200","5.23%"
"10/31/2019","0.6310","0.6610","0.6610","0.6110","-8.02%"
"10/30/2019","0.6860","0.7200","0.7250","0.6790","-3.52%"
"10/29/2019","0.7110","0.7140","0.7270","0.6860","-1.39%"
"10/28/2019","0.7210","0.6720","0.7280","0.6660","9.33%"
"10/27/2019","0.6595","0.6595","0.6595","0.6595","-3.44%"
"10/25/2019","0.6830","0.6540","0.6830","0.6350","9.63%"
"10/24/2019","0.6230","0.6810","0.7070","0.6220","-9.05%"
"10/23/2019","0.6850","0.6680","0.6980","0.6520","-4.06%"
"10/22/2019","0.7140","0.7440","0.7460","0.6920","-4.93%"
"10/21/2019","0.7510","0.7190","0.7770","0.7190","5.92%"
"10/20/2019","0.7090","0.7090","0.7090","0.7090","0.00%"
"10/18/2019","0.7090","0.7060","0.7350","0.7020","4.57%"
"10/17/2019","0.6780","0.6850","0.7930","0.6670","-5.44%"
"10/16/2019","0.7170","0.6860","0.7220","0.6290","3.46%"
"10/15/2019","0.6930","0.6480","0.7240","0.6160","8.45%"
"10/14/2019","0.6390","0.6390","0.6580","0.6110","-10.00%"
"10/13/2019","0.7100","0.7100","0.7100","0.7100","0.57%"
"10/11/2019","0.7060","0.5690","0.7160","0.5530","19.66%"
"10/10/2019","0.5900","0.4680","0.5910","0.4550","27.43%"
"10/09/2019","0.4630","0.4230","0.4700","0.4230","11.03%"
"10/08/2019","0.4170","0.4580","0.4680","0.4070","-7.54%"
"10/07/2019","0.4510","0.4420","0.4600","0.4330","2.97%"
"10/06/2019","0.4380","0.4500","0.4500","0.4380","-2.67%"
"10/05/2019","0.4500","0.4500","0.4500","0.4500","1.35%"
"10/04/2019","0.4440","0.4660","0.4670","0.4320","-6.13%"
"10/03/2019","0.4730","0.4730","0.4860","0.4440","-6.15%"
"10/02/2019","0.5040","0.5020","0.5290","0.4870","7.01%"
"10/01/2019","0.4710","0.5000","0.5720","0.4670","-3.09%"
"09/30/2019","0.4860","0.5110","0.5160","0.4670","0.41%"
"09/29/2019","0.4840","0.4840","0.4840","0.4840","0.00%"
"09/28/2019","0.4840","0.4840","0.4840","0.4840","-2.81%"
"09/27/2019","0.4980","0.5270","0.5270","0.4700","-4.23%"
"09/26/2019","0.5200","0.5300","0.5490","0.5140","-2.62%"
"09/25/2019","0.5340","0.5340","0.5580","0.4930","0.95%"
"09/24/2019","0.5290","0.5510","0.5850","0.5240","-3.82%"
"09/23/2019","0.5500","0.6230","0.6350","0.5340","-12.70%"
"09/22/2019","0.6300","0.6300","0.6300","0.6300","0.32%"
"09/20/2019","0.6280","0.6580","0.6690","0.6150","-1.26%"
"09/19/2019","0.6360","0.6590","0.6780","0.6180","-0.93%"
"09/18/2019","0.6420","0.7010","0.7010","0.6400","-7.76%"
"09/17/2019","0.6960","0.6890","0.7040","0.6620","0.58%"
"09/16/2019","0.6920","0.7540","0.7630","0.6890","-9.19%"
"09/15/2019","0.7620","0.7620","0.7620","0.7620","0.13%"
"09/13/2019","0.7610","0.6710","0.7670","0.6700","13.58%"
"09/12/2019","0.6700","0.6360","0.6780","0.5740","5.02%"
"09/11/2019","0.6380","0.6520","0.6810","0.6270","-0.47%"
"09/10/2019","0.6410","0.6040","0.6410","0.5780","8.28%"
"09/09/2019","0.5920","0.5060","0.6020","0.5060","16.77%"
"09/08/2019","0.5070","0.5070","0.5070","0.5070","0.60%"
"09/06/2019","0.5040","0.5980","0.5980","0.4960","-15.86%"
"09/05/2019","0.5990","0.5270","0.6380","0.4930","21.50%"
"09/04/2019","0.4930","0.4330","0.5120","0.4320","20.83%"
"09/03/2019","0.4080","0.4080","0.4100","0.3410","-2.16%"
"09/02/2019","0.4170","0.4810","0.4830","0.4160","-13.49%"
"09/01/2019","0.4820","0.4820","0.4820","0.4820","0.63%"
"08/30/2019","0.4790","0.4380","0.4820","0.4360","9.61%"
"08/29/2019","0.4370","0.4400","0.4600","0.4300","-1.58%"
"08/28/2019","0.4440","0.5020","0.5020","0.4360","-11.90%"
"08/27/2019","0.5040","0.5540","0.5660","0.5020","-11.11%"
"08/26/2019","0.5670","0.5670","0.5670","0.5670","18.37%"
"08/23/2019","0.4790","0.5340","0.5680","0.4770","-7.53%"
"08/22/2019","0.5180","0.4600","0.5300","0.4560","9.05%"
"08/21/2019","0.4750","0.4680","0.4910","0.4510","5.09%"
"08/20/2019","0.4520","0.4670","0.4710","0.4180","-3.42%"
"08/19/2019","0.4680","0.4660","0.5170","0.4630","0.00%"
"08/18/2019","0.4680","0.4680","0.4680","0.4680","0.86%"
"08/16/2019","0.4640","0.4210","0.4930","0.4130","14.00%"
"08/15/2019","0.4070","0.4430","0.4620","0.4050","-8.74%"
"08/14/2019","0.4460","0.4880","0.4940","0.4430","-9.53%"
"08/13/2019","0.4930","0.4650","0.5230","0.4590","0.82%"
"08/12/2019","0.4890","0.4910","0.5080","0.4820","0.41%"
"08/10/2019","0.4870","0.4880","0.4880","0.4870","0.41%"
"08/09/2019","0.4850","0.5040","0.5130","0.4740","-7.09%"
"08/08/2019","0.5220","0.5110","0.5370","0.5030","6.75%"
"08/07/2019","0.4890","0.4950","0.4990","0.4320","-4.86%"
"08/06/2019","0.5140","0.5070","0.5370","0.5010","0.19%"
"08/05/2019","0.5130","0.5040","0.5240","0.4910","-7.07%"
"08/02/2019","0.5520","0.5360","0.5730","0.5330","-7.23%"
"08/01/2019","0.5950","0.6240","0.6320","0.5720","-2.30%"
"07/31/2019","0.6090","0.6270","0.6480","0.6080","-4.09%"
"07/30/2019","0.6350","0.6280","0.6590","0.6260","-3.05%"
"07/29/2019","0.6550","0.6710","0.6730","0.6290","-4.66%"
"07/26/2019","0.6870","0.6900","0.7100","0.6820","-3.38%"
"07/25/2019","0.7110","0.6640","0.7310","0.6430","4.71%"
"07/24/2019","0.6790","0.6940","0.7020","0.6680","-1.88%"
"07/23/2019","0.6920","0.7270","0.7270","0.6820","-2.40%"
"07/22/2019","0.7090","0.7460","0.7470","0.7080","-3.41%"
"07/19/2019","0.7340","0.7520","0.7550","0.7310","-3.55%"
"07/18/2019","0.7610","0.7430","0.7730","0.7350","0.26%"
"07/17/2019","0.7590","0.7890","0.8040","0.7560","-7.44%"
"07/16/2019","0.8200","0.7990","0.8210","0.7750","2.50%"
"07/15/2019","0.8000","0.8370","0.8370","0.7890","-4.53%"
"07/13/2019","0.8380","0.8380","0.8380","0.8380","0.24%"
"07/12/2019","0.8360","0.8490","0.8530","0.8210","-0.12%"
"07/11/2019","0.8370","0.7560","0.8440","0.7480","10.13%"
"07/10/2019","0.7600","0.7580","0.7890","0.7390","5.56%"
"07/09/2019","0.7200","0.7190","0.7430","0.7090","0.70%"
"07/08/2019","0.7150","0.7190","0.7190","0.6940","-3.25%"
"07/07/2019","0.7390","0.7390","0.7390","0.7390","0.14%"
"07/05/2019","0.7380","0.6780","0.7500","0.6680","8.85%"
"07/04/2019","0.6780","0.6890","0.7030","0.6540","-2.02%"
"07/03/2019","0.6920","0.7010","0.7090","0.6700","-4.16%"
"07/02/2019","0.7220","0.8060","0.8080","0.7200","-11.30%"
"07/01/2019","0.8140","0.8550","0.8580","0.7970","-2.40%"
"06/29/2019","0.8340","0.8340","0.8340","0.8340","0.24%"
"06/28/2019","0.8320","0.8360","0.8450","0.8210","1.09%"
"06/27/2019","0.8230","0.8570","0.8630","0.8220","-0.96%"
"06/26/2019","0.8310","0.8010","0.8320","0.7930","4.66%"
"06/25/2019","0.7940","0.8180","0.8230","0.7850","-2.82%"
"06/24/2019","0.8170","0.8290","0.8300","0.8030","-3.20%"
"06/21/2019","0.8440","0.8250","0.8550","0.8180","4.20%"
"06/20/2019","0.8100","0.8220","0.8390","0.7960","-6.47%"
"06/19/2019","0.8660","0.8070","0.8690","0.8070","7.31%"
"06/18/2019","0.8070","0.8390","0.8490","0.7880","-5.06%"
"06/17/2019","0.8500","0.8500","0.8630","0.8400","0.00%"
"06/16/2019","0.8500","0.8500","0.8500","0.8500","0.24%"
"06/14/2019","0.8480","0.8150","0.8620","0.8080","1.31%"
"06/13/2019","0.8370","0.8530","0.8560","0.8250","-3.68%"
"06/12/2019","0.8690","0.8440","0.8840","0.8320","1.16%"
"06/11/2019","0.8590","0.8330","0.8730","0.8310","2.14%"
"06/10/2019","0.8410","0.8370","0.8540","0.8270","3.32%"
"06/07/2019","0.8140","0.8410","0.8560","0.8080","-1.45%"
"06/06/2019","0.8260","0.8560","0.8750","0.8260","-4.51%"
"06/05/2019","0.8650","0.8780","0.8950","0.8410","-4.21%"
"06/04/2019","0.9030","0.8550","0.9070","0.8540","4.63%"
"06/03/2019","0.8630","0.8790","0.8830","0.8570","-2.92%"
"06/02/2019","0.8890","0.8890","0.8890","0.8890","0.11%"
"05/31/2019","0.8880","0.8690","0.8950","0.8540","-1.11%"
"05/30/2019","0.8980","0.9200","0.9350","0.8970","0.56%"
"05/29/2019","0.8930","0.9100","0.9190","0.8920","-2.72%"
"05/28/2019","0.9180","0.9330","0.9410","0.9160","-4.28%"
"05/27/2019","0.9590","0.9590","0.9590","0.9590","0.31%"
"05/24/2019","0.9560","0.9620","0.9790","0.9460","0.21%"
"05/23/2019","0.9540","0.9910","1.0000","0.9520","-5.92%"
"05/22/2019","1.0140","1.0580","1.0630","1.0140","-6.46%"
"05/21/2019","1.0840","1.0750","1.1010","1.0490","2.65%"
"05/20/2019","1.0560","1.0410","1.0670","1.0400","1.93%"
"05/19/2019","1.0360","1.0360","1.0360","1.0360","0.10%"
"05/17/2019","1.0350","1.0560","1.0700","1.0080","-3.63%"
"05/16/2019","1.0740","1.0540","1.0780","1.0330","0.47%"
"05/15/2019","1.0690","1.0900","1.0920","1.0310","-3.35%"
"05/14/2019","1.1060","1.1120","1.1210","1.0900","0.55%"
"05/13/2019","1.1000","1.1340","1.1360","1.0950","-3.25%"
"05/10/2019","1.1370","1.1310","1.1380","1.1150","1.16%"
"05/09/2019","1.1240","1.1290","1.1340","1.0950","-1.14%"
"05/08/2019","1.1370","1.1600","1.1620","1.0960","-1.73%"
"05/07/2019","1.1570","1.2030","1.2030","1.1570","-4.93%"
"05/06/2019","1.2170","1.2170","1.2170","1.2170","-0.41%"
"05/05/2019","1.2220","1.2220","1.2220","1.2220","0.25%"
"05/03/2019","1.2190","1.1960","1.2240","1.1750","2.70%"
"05/02/2019","1.1870","1.1880","1.1970","1.1380","3.13%"
"05/01/2019","1.1510","1.1830","1.1900","1.1480","-2.95%"
"04/30/2019","1.1860","1.1610","1.2150","1.1460","2.42%"
"04/29/2019","1.1580","1.1550","1.1660","1.1460","1.14%"
"04/27/2019","1.1450","1.1450","1.1450","1.1450","0.17%"
"04/26/2019","1.1430","1.1510","1.1630","1.1300","-1.12%"
"04/25/2019","1.1560","1.1710","1.1820","1.1490","-1.78%"
"04/24/2019","1.1770","1.2100","1.2100","1.1690","-4.07%"
"04/23/2019","1.2270","1.2090","1.2320","1.2090","3.02%"
"04/22/2019","1.1910","1.1910","1.1910","1.1910","-0.67%"
"04/21/2019","1.1990","1.1990","1.1990","1.1990","0.25%"
"04/18/2019","1.1960","1.2400","1.2440","1.1920","-3.31%"
"04/17/2019","1.2370","1.2320","1.2480","1.2290","1.23%"
"04/16/2019","1.2220","1.2160","1.2360","1.2060","0.16%"
"04/15/2019","1.2200","1.2130","1.2420","1.2110","0.41%"
"04/13/2019","1.2150","1.2150","1.2150","1.2150","0.16%"
"04/12/2019","1.2130","1.1440","1.2200","1.1250","5.48%"
"04/11/2019","1.1500","1.1050","1.1570","1.1050","4.83%"
"04/10/2019","1.0970","1.1080","1.1280","1.0880","-0.63%"
"04/09/2019","1.1040","1.1100","1.1250","1.0950","-0.99%"
"04/08/2019","1.1150","1.1130","1.1200","1.1000","-0.36%"
"04/07/2019","1.1190","1.1190","1.1190","1.1190","0.18%"
"04/05/2019","1.1170","1.1040","1.1350","1.0990","2.95%"
"04/04/2019","1.0850","1.0900","1.0980","1.0740","-1.09%"
"04/03/2019","1.0970","1.0740","1.0990","1.0600","9.15%"
"04/02/2019","1.0050","1.0220","1.0310","0.9950","-4.10%"
"04/01/2019","1.0480","1.0260","1.0490","0.9990","5.12%"
"03/30/2019","0.9970","0.9970","0.9970","0.9970","0.10%"
"03/29/2019","0.9960","0.9920","1.0330","0.9780","-0.30%"
"03/28/2019","0.9990","0.9980","1.0130","0.9680","-1.67%"
"03/27/2019","1.0160","0.9860","1.0230","0.9750","0.79%"
"03/26/2019","1.0080","0.9980","1.0210","0.9910","2.23%"
"03/25/2019","0.9860","1.0210","1.0470","0.9800","-2.86%"
"03/22/2019","1.0150","1.0840","1.0910","1.0050","-4.61%"
"03/21/2019","1.0640","1.1070","1.1150","1.0510","-8.04%"
"03/20/2019","1.1570","1.1840","1.1880","1.1420","-2.53%"
"03/19/2019","1.1870","1.1910","1.2220","1.1750","-0.84%"
"03/18/2019","1.1970","1.2110","1.2190","1.1770","-1.48%"
"03/17/2019","1.2150","1.2150","1.2150","1.2150","0.25%"
"03/15/2019","1.2120","1.2080","1.2360","1.1910","-0.98%"
"03/14/2019","1.2240","1.2250","1.2480","1.2110","2.17%"
"03/13/2019","1.1980","1.1780","1.2060","1.1740","3.01%"
"03/12/2019","1.1630","1.2070","1.2490","1.1620","-1.52%"
"03/11/2019","1.1810","1.1930","1.1980","1.1600","-0.76%"
"03/08/2019","1.1900","1.1740","1.1990","1.1700","1.54%"
"03/07/2019","1.1720","1.2340","1.2370","1.1590","-4.48%"
"03/06/2019","1.2270","1.2680","1.2760","1.2220","-4.74%"
"03/05/2019","1.2880","1.2830","1.2940","1.2650","1.02%"
"03/04/2019","1.2750","1.3040","1.3190","1.2700","-1.85%"
"03/03/2019","1.2990","1.2990","1.2990","1.2990","0.23%"
"03/01/2019","1.2960","1.3090","1.3260","1.2940","-0.54%"
"02/28/2019","1.3030","1.2660","1.3180","1.2580","2.28%"
"02/27/2019","1.2740","1.2070","1.2910","1.2030","5.55%"
"02/26/2019","1.2070","1.1810","1.2170","1.1750","2.81%"
"02/25/2019","1.1740","1.1670","1.1830","1.1660","1.21%"
"02/23/2019","1.1600","1.1600","1.1600","1.1600","0.17%"
"02/22/2019","1.1580","1.1790","1.1880","1.1430","-3.66%"
"02/21/2019","1.2020","1.1860","1.2270","1.1860","1.78%"
"02/20/2019","1.1810","1.1710","1.1860","1.1570","0.85%"
"02/19/2019","1.1710","1.1610","1.1760","1.1460","0.34%"
"02/18/2019","1.1670","1.1630","1.1750","1.1510","0.26%"
"02/17/2019","1.1640","1.1640","1.1640","1.1640","0.26%"
"02/15/2019","1.1610","1.1420","1.1720","1.1410","0.96%"
"02/14/2019","1.1500","1.1790","1.1840","1.1220","-2.87%"
"02/13/2019","1.1840","1.1920","1.2060","1.1610","-0.34%"
"02/12/2019","1.1880","1.2010","1.2020","1.1710","0.51%"
"02/11/2019","1.1820","1.1480","1.1920","1.1470","2.43%"
"02/08/2019","1.1540","1.1680","1.1820","1.1440","-2.04%"
"02/07/2019","1.1780","1.2000","1.2120","1.1570","-3.12%"
"02/06/2019","1.2160","1.2070","1.2350","1.2070","-1.14%"
"02/05/2019","1.2300","1.2740","1.2860","1.2220","-3.76%"
"02/04/2019","1.2780","1.2650","1.2860","1.2400","2.16%"
"02/02/2019","1.2510","1.2510","1.2510","1.2510","0.16%"
"02/01/2019","1.2490","1.2270","1.2600","1.2110","2.38%"
"01/31/2019","1.2200","1.2290","1.2450","1.2160","-2.79%"
"01/30/2019","1.2550","1.2530","1.2750","1.2520","-1.10%"
"01/29/2019","1.2690","1.2690","1.2880","1.2530","0.08%"
"01/28/2019","1.2680","1.3300","1.3310","1.2640","-3.13%"
"01/27/2019","1.3090","1.3090","1.3090","1.3090","0.23%"
"01/25/2019","1.3060","1.2870","1.3170","1.2670","3.16%"
"01/24/2019","1.2660","1.3060","1.3290","1.2660","-4.60%"
"01/23/2019","1.3270","1.3050","1.3570","1.3050","0.30%"
"01/22/2019","1.3230","1.3010","1.3380","1.2960","-0.08%"
"01/21/2019","1.3240","1.3260","1.3340","1.3070","-2.36%"
"01/19/2019","1.3560","1.3560","1.3560","1.3560","0.30%"
"01/18/2019","1.3520","1.3480","1.3760","1.3320","1.20%"
"01/17/2019","1.3360","1.3000","1.3400","1.2910","1.98%"
"01/16/2019","1.3100","1.2730","1.3410","1.2710","4.30%"
"01/15/2019","1.2560","1.3000","1.3090","1.2510","-3.09%"
"01/14/2019","1.2960","1.2760","1.3090","1.2490","0.47%"
"01/11/2019","1.2900","1.2620","1.3040","1.2340","1.10%"
"01/10/2019","1.2760","1.2160","1.2800","1.2160","1.19%"
"01/09/2019","1.2610","1.2770","1.3030","1.2370","-0.79%"
"01/08/2019","1.2710","1.2760","1.2850","1.2540","1.19%"
"01/07/2019","1.2560","1.2610","1.2770","1.2290","-1.80%"
"01/06/2019","1.2790","1.2790","1.2790","1.2790","0.24%"
"01/04/2019","1.2760","1.2050","1.2820","1.2050","6.87%"
"01/03/2019","1.1940","1.1870","1.2510","1.1800","-1.32%"
"01/02/2019","1.2100","1.2490","1.2540","1.1760","-5.10%"
"01/01/2019","1.2750","1.2750","1.2750","1.2750","0.47%"
"12/31/2018","1.2690","1.2740","1.3160","1.2660","0.08%"
"12/28/2018","1.2680","1.2980","1.3130","1.2640","-2.98%"
"12/27/2018","1.3070","1.2930","1.3130","1.2480","3.57%"
"12/24/2018","1.2620","1.3190","1.3200","1.2580","-4.25%"
"12/21/2018","1.3180","1.2910","1.3320","1.2790","3.94%"
"12/20/2018","1.2680","1.2190","1.2740","1.2140","-0.31%"
"12/19/2018","1.2720","1.2860","1.2870","1.2560","-0.70%"
"12/18/2018","1.2810","1.2450","1.2980","1.2310","1.18%"
"12/17/2018","1.2660","1.2420","1.2910","1.2420","1.61%"
"12/16/2018","1.2460","1.2460","1.2460","1.2460","0.08%"
"12/14/2018","1.2450","1.2740","1.2770","1.2300","-3.56%"
"12/13/2018","1.2910","1.2820","1.2980","1.2370","1.10%"
"12/12/2018","1.2770","1.1820","1.2790","1.1750","7.22%"
"12/11/2018","1.1910","1.2160","1.2390","1.1780","-0.75%"
"12/10/2018","1.2000","1.2480","1.2580","1.1600","-5.73%"
"12/08/2018","1.2730","1.2730","1.2730","1.2730","0.39%"
"12/07/2018","1.2680","1.2460","1.2900","1.2460","1.85%"
"12/06/2018","1.2450","1.2940","1.3060","1.2250","-5.32%"
"12/05/2018","1.3150","1.2910","1.3330","1.2880","2.65%"
"12/04/2018","1.2810","1.2860","1.3380","1.2810","-2.44%"
"12/03/2018","1.3130","1.3820","1.3880","1.3100","-3.74%"
"11/30/2018","1.3640","1.3530","1.3750","1.3410","-0.29%"
"11/29/2018","1.3680","1.3410","1.3680","1.3210","-0.58%"
"11/28/2018","1.3760","1.3830","1.3880","1.3590","-1.22%"
"11/27/2018","1.3930","1.3740","1.3970","1.3680","-1.21%"
"11/26/2018","1.4100","1.3990","1.4180","1.3910","2.03%"
"11/23/2018","1.3820","1.4260","1.4280","1.3700","-3.29%"
"11/22/2018","1.4290","1.3880","1.4380","1.3720","2.36%"
"11/21/2018","1.3960","1.3980","1.4160","1.3750","0.79%"
"11/20/2018","1.3850","1.3850","1.4060","1.3620","0.44%"
"11/19/2018","1.3790","1.4260","1.4370","1.3740","-2.48%"
"11/18/2018","1.4140","1.4140","1.4140","1.4140","0.00%"
"11/17/2018","1.4140","1.4140","1.4140","1.4140","0.14%"
"11/16/2018","1.4120","1.3920","1.4320","1.3750","3.07%"
"11/15/2018","1.3700","1.4790","1.4790","1.3500","-9.15%"
"11/14/2018","1.5080","1.4930","1.5200","1.4680","-0.92%"
"11/13/2018","1.5220","1.4650","1.5230","1.4530","4.75%"
"11/12/2018","1.4530","1.4720","1.4730","1.4330","-2.68%"
"11/11/2018","1.4930","1.4930","1.4930","1.4930","0.07%"
"11/09/2018","1.4920","1.5430","1.5430","1.4890","-4.79%"
"11/08/2018","1.5670","1.5570","1.5690","1.5390","2.28%"
"11/07/2018","1.5320","1.5310","1.5600","1.5170","-0.39%"
"11/06/2018","1.5380","1.5150","1.5390","1.4950","2.47%"
"11/05/2018","1.5010","1.4900","1.5230","1.4850","0.40%"
"11/03/2018","1.4950","1.4950","1.4950","1.4950","0.07%"
"11/02/2018","1.4940","1.4840","1.5020","1.4730","2.82%"
"11/01/2018","1.4530","1.4560","1.4810","1.4470","1.11%"
"10/31/2018","1.4370","1.4300","1.4700","1.4190","2.64%"
"10/30/2018","1.4000","1.3990","1.4210","1.3940","-0.07%"
"10/29/2018","1.4010","1.3710","1.4160","1.3640","0.94%"
"10/27/2018","1.3880","1.3880","1.3880","1.3880","0.07%"
"10/26/2018","1.3870","1.4190","1.4260","1.3630","-3.88%"
"10/25/2018","1.4430","1.4420","1.4600","1.4330","-0.96%"
"10/24/2018","1.4570","1.4730","1.4820","1.4450","-0.95%"
"10/23/2018","1.4710","1.4900","1.5200","1.4710","-3.79%"
"10/22/2018","1.5290","1.5900","1.5920","1.5060","-3.17%"
"10/19/2018","1.5790","1.5440","1.5790","1.5270","2.47%"
"10/18/2018","1.5410","1.5910","1.5990","1.5410","-2.22%"
"10/17/2018","1.5760","1.5890","1.6040","1.5640","-2.11%"
"10/16/2018","1.6100","1.6140","1.6300","1.6050","0.00%"
"10/15/2018","1.6100","1.6140","1.6220","1.5990","-1.59%"
"10/14/2018","1.6360","1.6360","1.6360","1.6360","0.12%"
"10/12/2018","1.6340","1.6990","1.6990","1.6310","-2.39%"
"10/11/2018","1.6740","1.6820","1.7060","1.6700","-3.18%"
"10/10/2018","1.7290","1.7160","1.7490","1.7120","0.70%"
"10/09/2018","1.7170","1.7110","1.7210","1.6840","2.45%"
"10/08/2018","1.6760","1.7190","1.7240","1.6740","-2.84%"
"10/05/2018","1.7250","1.6890","1.7270","1.6740","3.42%"
"10/04/2018","1.6680","1.6360","1.6780","1.6290","5.77%"
"10/03/2018","1.5770","1.5590","1.5830","1.5330","3.14%"
"10/02/2018","1.5290","1.5630","1.5670","1.5260","-3.78%"
"10/01/2018","1.5890","1.5780","1.6040","1.5770","0.82%"
"09/29/2018","1.5760","1.5760","1.5760","1.5760","0.13%"
"09/28/2018","1.5740","1.5720","1.5870","1.5430","-1.56%"
"09/27/2018","1.5990","1.5640","1.6000","1.5440","0.25%"
"09/26/2018","1.5950","1.6300","1.6300","1.5940","-2.33%"
"09/25/2018","1.6330","1.6290","1.6420","1.6200","1.11%"
"09/24/2018","1.6150","1.5510","1.6180","1.5490","3.73%"
"09/22/2018","1.5570","1.5570","1.5570","1.5570","0.19%"
"09/21/2018","1.5540","1.5950","1.5990","1.5410","-2.02%"
"09/20/2018","1.5860","1.6040","1.6230","1.5860","-1.55%"
"09/19/2018","1.6110","1.5720","1.6180","1.5660","2.61%"
"09/18/2018","1.5700","1.5380","1.5710","1.5240","2.21%"
"09/17/2018","1.5360","1.5330","1.5490","1.5170","3.50%"
"09/16/2018","1.4840","1.4860","1.4870","1.4840","-3.01%"
"09/14/2018","1.5300","1.5130","1.5450","1.5060","1.80%"
"09/13/2018","1.5030","1.4900","1.5250","1.4800","1.35%"
"09/12/2018","1.4830","1.4940","1.5000","1.4770","-1.13%"
"09/11/2018","1.5000","1.4960","1.5090","1.4850","2.11%"
"09/10/2018","1.4690","1.4520","1.4870","1.4500","0.48%"
"09/09/2018","1.4620","1.4620","1.4620","1.4620","0.14%"
"09/07/2018","1.4600","1.4220","1.4670","1.4220","3.03%"
"09/06/2018","1.4170","1.4450","1.4560","1.4160","-1.87%"
"09/05/2018","1.4440","1.4250","1.4800","1.4100","0.98%"
"09/04/2018","1.4300","1.4170","1.4330","1.3930","1.71%"
"09/03/2018","1.4060","1.4350","1.4470","1.3980","-1.75%"
"09/02/2018","1.4310","1.4310","1.4310","1.4310","0.14%"
"08/31/2018","1.4290","1.4540","1.4650","1.4200","-1.72%"
"08/30/2018","1.4540","1.4850","1.4930","1.4540","-2.55%"
"08/29/2018","1.4920","1.4450","1.5020","1.4380","2.75%"
"08/28/2018","1.4520","1.4510","1.4700","1.4330","13.97%"
"08/27/2018","1.2740","1.2740","1.2740","1.2740","-0.39%"
"08/25/2018","1.2790","1.2790","1.2790","1.2790","0.08%"
"08/24/2018","1.2780","1.2840","1.2990","1.2670","0.55%"
"08/23/2018","1.2710","1.2650","1.2880","1.2600","-0.16%"
"08/22/2018","1.2730","1.2600","1.2780","1.2490","0.47%"
"08/21/2018","1.2670","1.2190","1.2690","1.2180","3.51%"
"08/20/2018","1.2240","1.2360","1.2510","1.2160","-0.89%"
"08/18/2018","1.2350","1.2350","1.2350","1.2350","0.00%"
"08/17/2018","1.2350","1.2270","1.2360","1.1980","-0.32%"
"08/16/2018","1.2390","1.2380","1.2490","1.2200","1.06%"
"08/15/2018","1.2260","1.2640","1.2670","1.2120","-2.78%"
"08/14/2018","1.2610","1.2720","1.2880","1.2570","0.56%"
"08/13/2018","1.2540","1.2360","1.2720","1.2290","0.80%"
"08/10/2018","1.2440","1.2460","1.2700","1.2400","-4.09%"
"08/09/2018","1.2970","1.3040","1.3190","1.2900","-1.29%"
"08/08/2018","1.3140","1.3240","1.3360","1.3100","-0.90%"
"08/07/2018","1.3260","1.3040","1.3390","1.2940","1.69%"
"08/06/2018","1.3040","1.3390","1.3420","1.2980","-1.95%"
"08/05/2018","1.3300","1.3300","1.3300","1.3300","0.08%"
"08/03/2018","1.3290","1.3520","1.3770","1.3270","-3.49%"
"08/02/2018","1.3770","1.3860","1.4030","1.3500","-0.22%"
"08/01/2018","1.3800","1.3510","1.3920","1.3490","3.68%"
"07/31/2018","1.3310","1.3280","1.3470","1.3160","-0.97%"
"07/30/2018","1.3440","1.2770","1.3610","1.2730","4.92%"
"07/29/2018","1.2810","1.2810","1.2810","1.2810","0.08%"
"07/27/2018","1.2800","1.2830","1.2940","1.2680","0.08%"
"07/26/2018","1.2790","1.2930","1.2990","1.2720","0.47%"
"07/25/2018","1.2730","1.2650","1.2800","1.2580","-0.24%"
"07/24/2018","1.2760","1.2870","1.3010","1.2600","0.39%"
"07/23/2018","1.2710","1.2440","1.2750","1.2250","3.08%"
"07/22/2018","1.2330","1.2330","1.2330","1.2330","0.08%"
"07/20/2018","1.2320","1.1730","1.2390","1.1680","3.88%"
"07/19/2018","1.1860","1.2400","1.2450","1.1830","-3.42%"
"07/18/2018","1.2280","1.2640","1.2680","1.1940","-2.62%"
"07/17/2018","1.2610","1.2780","1.2860","1.2530","-1.56%"
"07/16/2018","1.2810","1.2770","1.3070","1.2710","0.55%"
"07/15/2018","1.2740","1.2740","1.2740","1.2740","0.08%"
"07/13/2018","1.2730","1.2770","1.2780","1.2440","-0.78%"
"07/12/2018","1.2830","1.3000","1.3020","1.2730","-0.93%"
"07/11/2018","1.2950","1.2930","1.3120","1.2770","-0.54%"
"07/10/2018","1.3020","1.2920","1.3080","1.2800","3.58%"
"07/09/2018","1.2570","1.2870","1.3140","1.2550","-0.87%"
"07/08/2018","1.2680","1.2680","1.2680","1.2680","0.00%"
"07/06/2018","1.2680","1.2650","1.2710","1.2470","0.71%"
"07/05/2018","1.2590","1.2970","1.3050","1.2530","-1.25%"
"07/04/2018","1.2750","1.2520","1.2830","1.2400","2.57%"
"07/03/2018","1.2430","1.2750","1.2940","1.2380","-0.96%"
"07/02/2018","1.2550","1.2630","1.2770","1.2500","-1.80%"
"06/29/2018","1.2780","1.2780","1.3130","1.2620","1.19%"
"06/28/2018","1.2630","1.2350","1.2630","1.2350","1.28%"
"06/27/2018","1.2470","1.2780","1.2790","1.2450","-4.37%"
"06/26/2018","1.3040","1.3090","1.3240","1.2780","0.93%"
"06/25/2018","1.2920","1.2850","1.3200","1.2680","-2.27%"
"06/23/2018","1.3220","1.3220","1.3220","1.3220","0.15%"
"06/22/2018","1.3200","1.2890","1.3210","1.2880","3.37%"
"06/21/2018","1.2770","1.3010","1.3480","1.2730","-1.69%"
"06/20/2018","1.2990","1.2840","1.2990","1.2730","1.41%"
"06/19/2018","1.2810","1.2640","1.2860","1.2570","-3.17%"
"06/18/2018","1.3230","1.3240","1.3310","1.2970","-0.45%"
"06/16/2018","1.3290","1.3290","1.3290","1.3290","0.23%"
"06/15/2018","1.3260","1.3010","1.3420","1.2830","-0.67%"
"06/14/2018","1.3350","1.3740","1.3890","1.3260","-2.41%"
"06/13/2018","1.3680","1.3980","1.3990","1.3500","-2.29%"
"06/12/2018","1.4000","1.4140","1.4400","1.3910","-0.43%"
"06/11/2018","1.4060","1.4260","1.4310","1.3940","1.08%"
"06/09/2018","1.3910","1.3910","1.3910","1.3910","0.14%"
"06/08/2018","1.3890","1.3560","1.3970","1.3260","-0.71%"
"06/07/2018","1.3990","1.4040","1.4190","1.3770","1.82%"
"06/06/2018","1.3740","1.3110","1.3830","1.3100","6.93%"
"06/05/2018","1.2850","1.2920","1.3230","1.2780","-0.93%"
"06/04/2018","1.2970","1.2940","1.3060","1.2750","1.09%"
"06/01/2018","1.2830","1.2770","1.3050","1.2530","4.39%"
"05/31/2018","1.2290","1.2620","1.2860","1.2190","-2.23%"
"05/30/2018","1.2570","1.2410","1.2700","1.2100","5.19%"
"05/29/2018","1.1950","1.2540","1.2850","1.1070","-9.81%"
"05/28/2018","1.3250","1.3250","1.3250","1.3250","0.00%"
"05/27/2018","1.3250","1.3190","1.3250","1.3190","0.15%"
"05/25/2018","1.3230","1.3870","1.3920","1.3000","-5.57%"
"05/24/2018","1.4010","1.4480","1.4590","1.3870","-2.64%"
"05/23/2018","1.4390","1.4760","1.4830","1.4310","-5.45%"
"05/22/2018","1.5220","1.4910","1.5320","1.4860","3.12%"
"05/21/2018","1.4760","1.5020","1.5050","1.4690","-1.67%"
"05/20/2018","1.5010","1.5020","1.5020","1.5010","0.07%"
"05/18/2018","1.5000","1.5580","1.5580","1.4970","-3.97%"
"05/17/2018","1.5620","1.5410","1.5650","1.5180","3.93%"
"05/16/2018","1.5030","1.5030","1.5130","1.4840","-0.99%"
"05/15/2018","1.5180","1.4900","1.5180","1.4710","3.13%"
"05/14/2018","1.4720","1.4470","1.4900","1.4470","2.15%"
"05/13/2018","1.4410","1.4410","1.4410","1.4410","0.14%"
"05/11/2018","1.4390","1.4220","1.4510","1.4170","0.63%"
"05/10/2018","1.4300","1.4510","1.4720","1.4040","-1.99%"
"05/09/2018","1.4590","1.4520","1.4840","1.4510","0.97%"
"05/08/2018","1.4450","1.3980","1.4470","1.3840","3.29%"
"05/07/2018","1.3990","1.3990","1.3990","1.3990","-0.07%"
"05/04/2018","1.4000","1.3930","1.4030","1.3600","0.65%"
"05/03/2018","1.3910","1.4620","1.4790","1.3770","-4.60%"
"05/02/2018","1.4580","1.4220","1.4670","1.4210","3.62%"
"05/01/2018","1.4070","1.4240","1.4330","1.3960","-0.78%"
"04/30/2018","1.4180","1.4540","1.4590","1.4160","-1.94%"
"04/27/2018","1.4460","1.4830","1.4940","1.4370","-3.98%"
"04/26/2018","1.5060","1.5330","1.5340","1.4990","-2.27%"
"04/25/2018","1.5410","1.5580","1.5710","1.5380","0.00%"
"04/24/2018","1.5410","1.5110","1.5630","1.5030","0.26%"
"04/23/2018","1.5370","1.5240","1.5390","1.4990","3.78%"
"04/20/2018","1.4810","1.4570","1.5050","1.4570","-2.31%"
"04/19/2018","1.5160","1.4360","1.5240","1.4360","7.06%"
"04/18/2018","1.4160","1.4390","1.4420","1.3650","-1.46%"
"04/17/2018","1.4370","1.4710","1.4920","1.4370","-1.84%"
"04/16/2018","1.4640","1.4530","1.4850","1.4510","1.95%"
"04/13/2018","1.4360","1.4530","1.4770","1.4320","-1.44%"
"04/12/2018","1.4570","1.3860","1.4570","1.3850","4.97%"
"04/11/2018","1.3880","1.4060","1.4150","1.3600","-1.35%"
"04/10/2018","1.4070","1.4100","1.4280","1.3960","0.07%"
"04/09/2018","1.4060","1.4040","1.4190","1.3970","0.79%"
"04/06/2018","1.3950","1.4050","1.4200","1.3900","-1.62%"
"04/05/2018","1.4180","1.3850","1.4240","1.3850","3.65%"
"04/04/2018","1.3680","1.3520","1.3740","1.3320","0.66%"
"04/03/2018","1.3590","1.3370","1.3670","1.3360","1.19%"
"03/30/2018","1.3430","1.3440","1.3440","1.3430","-0.52%"
"03/29/2018","1.3500","1.3730","1.3750","1.3490","-1.24%"
"03/28/2018","1.3670","1.3950","1.4010","1.3590","-3.66%"
"03/27/2018","1.4190","1.4520","1.4550","1.4130","-1.46%"
"03/26/2018","1.4400","1.4610","1.4740","1.4390","-0.41%"
"03/23/2018","1.4460","1.4280","1.4790","1.4100","0.49%"
"03/22/2018","1.4390","1.4770","1.5100","1.4060","-5.89%"
"03/21/2018","1.5290","1.4870","1.5550","1.4830","2.96%"
"03/20/2018","1.4850","1.4760","1.4890","1.4460","2.77%"
"03/19/2018","1.4450","1.4460","1.5090","1.4390","0.98%"
"03/16/2018","1.4310","1.4290","1.4490","1.4140","-0.63%"
"03/15/2018","1.4400","1.4390","1.4500","1.4230","0.07%"
"03/14/2018","1.4390","1.4800","1.4890","1.4290","-3.29%"
"03/13/2018","1.4880","1.4990","1.4990","1.4620","-0.60%"
"03/12/2018","1.4970","1.4940","1.5050","1.4870","0.20%"
"03/09/2018","1.4940","1.4990","1.5080","1.4790","1.36%"
"03/08/2018","1.4740","1.4950","1.5280","1.4590","-1.34%"
"03/07/2018","1.4940","1.5180","1.5220","1.4830","-1.84%"
"03/06/2018","1.5220","1.5080","1.5670","1.5030","1.60%"
"03/05/2018","1.4980","1.4320","1.4980","1.4320","1.70%"
"03/02/2018","1.4730","1.4460","1.4750","1.4190","0.41%"
"03/01/2018","1.4670","1.5000","1.5020","1.4430","-2.33%"
"02/28/2018","1.5020","1.5540","1.5600","1.5010","-3.78%"
"02/27/2018","1.5610","1.5110","1.5670","1.4960","3.31%"
"02/26/2018","1.5110","1.5290","1.5450","1.5050","-0.79%"
"02/23/2018","1.5230","1.5370","1.5410","1.5170","-1.68%"
"02/22/2018","1.5490","1.5640","1.5820","1.5360","-0.45%"
"02/21/2018","1.5560","1.5660","1.5690","1.5320","-1.95%"
"02/20/2018","1.5870","1.6240","1.6290","1.5680","-1.06%"
"02/19/2018","1.6040","1.6030","1.6060","1.5900","1.52%"
"02/18/2018","1.5800","1.5800","1.5800","1.5800","-0.13%"
"02/16/2018","1.5820","1.6520","1.6520","1.5680","-4.06%"
"02/15/2018","1.6490","1.6550","1.6910","1.6390","0.49%"
"02/14/2018","1.6410","1.5920","1.6430","1.5850","1.42%"
"02/13/2018","1.6180","1.5930","1.6240","1.5750","1.06%"
"02/12/2018","1.6010","1.5980","1.6280","1.5820","1.78%"
"02/09/2018","1.5730","1.6180","1.6270","1.5510","-2.84%"
"02/08/2018","1.6190","1.5440","1.6550","1.5390","4.32%"
"02/07/2018","1.5520","1.5260","1.5520","1.5100","1.97%"
"02/06/2018","1.5220","1.5260","1.5410","1.4850","-2.37%"
"02/05/2018","1.5590","1.5690","1.5840","1.5490","-1.20%"
"02/02/2018","1.5780","1.5520","1.6090","1.5500","2.87%"
"02/01/2018","1.5340","1.5270","1.5510","1.5180","1.46%"
"01/31/2018","1.5120","1.4590","1.5140","1.4490","3.42%"
"01/30/2018","1.4620","1.4470","1.4680","1.4380","0.48%"
"01/29/2018","1.4550","1.4620","1.4710","1.4460","0.76%"
"01/26/2018","1.4440","1.4070","1.4460","1.3910","2.12%"
"01/25/2018","1.4140","1.4030","1.4370","1.3910","0.43%"
"01/24/2018","1.4080","1.3630","1.4280","1.3600","3.99%"
"01/23/2018","1.3540","1.3490","1.3600","1.3250","-0.51%"
"01/22/2018","1.3610","1.3430","1.3710","1.3370","1.64%"
"01/19/2018","1.3390","1.3560","1.3580","1.3250","0.45%"
"01/18/2018","1.3330","1.3240","1.3470","1.3220","1.83%"
"01/17/2018","1.3090","1.3050","1.3150","1.2910","0.38%"
"01/16/2018","1.3040","1.3120","1.3190","1.2860","-1.51%"
"01/15/2018","1.3240","1.3320","1.3330","1.3070","-0.97%"
"01/12/2018","1.3370","1.3160","1.3690","1.3080","2.06%"
"01/11/2018","1.3100","1.2730","1.3200","1.2570","1.71%"
"01/10/2018","1.2880","1.2910","1.3060","1.2760","0.31%"
"01/09/2018","1.2840","1.2520","1.2840","1.2340","3.72%"
"01/08/2018","1.2380","1.2560","1.2640","1.2140","-0.72%"
"01/05/2018","1.2470","1.2350","1.2470","1.2200","0.97%"
"01/04/2018","1.2350","1.2380","1.2550","1.2320","1.65%"
"01/03/2018","1.2150","1.2940","1.2940","1.2150","-5.67%"
"01/02/2018","1.2880","1.2060","1.2900","1.2050","8.05%"
"01/01/2018","1.1920","1.1920","1.1920","1.1920","0.34%"
"12/29/2017","1.1880","1.2000","1.2110","1.1770","-0.83%"
"12/28/2017","1.1980","1.1790","1.2060","1.1760","2.13%"
"12/27/2017","1.1730","1.2350","1.2360","1.1700","-5.63%"
"12/25/2017","1.2430","1.2430","1.2430","1.2430","0.00%"
"12/22/2017","1.2430","1.2570","1.2620","1.2390","-1.58%"
"12/21/2017","1.2630","1.2710","1.2860","1.2590","0.88%"
"12/20/2017","1.2520","1.2300","1.2710","1.2180","3.64%"
"12/19/2017","1.2080","1.1550","1.2110","1.1520","5.13%"
"12/18/2017","1.1490","1.1630","1.1630","1.1410","0.26%"
"12/16/2017","1.1460","1.1460","1.1460","1.1460","-0.52%"
"12/15/2017","1.1520","1.1510","1.1720","1.1390","-1.96%"
"12/14/2017","1.1750","1.2090","1.2270","1.1720","-3.29%"
"12/13/2017","1.2150","1.2180","1.2470","1.2070","-0.65%"
"12/12/2017","1.2230","1.2020","1.2320","1.2020","1.58%"
"12/11/2017","1.2040","1.2680","1.2710","1.1940","-5.86%"
"12/08/2017","1.2790","1.3180","1.3300","1.2740","2.08%"
"12/07/2017","1.2530","1.2370","1.2710","1.2240","1.87%"
"12/06/2017","1.2300","1.2280","1.2470","1.2100","-2.15%"
"12/05/2017","1.2570","1.2860","1.2910","1.2570","-2.26%"
"12/04/2017","1.2860","1.2810","1.2990","1.2560","4.13%"
"12/01/2017","1.2350","1.3230","1.3250","1.2190","-7.21%"
"11/30/2017","1.3310","1.3560","1.3740","1.3260","-0.67%"
"11/29/2017","1.3400","1.3190","1.3570","1.3030","6.86%"
"11/28/2017","1.2540","1.2570","1.2650","1.2380","0.00%"
"11/27/2017","1.2540","1.2470","1.2710","1.2410","0.24%"
"11/24/2017","1.2510","1.2580","1.2720","1.2500","0.08%"
"11/23/2017","1.2500","1.2710","1.2790","1.2500","-2.19%"
"11/22/2017","1.2780","1.2630","1.3030","1.2630","0.16%"
"11/21/2017","1.2760","1.2910","1.2920","1.2510","-1.31%"
"11/20/2017","1.2930","1.3000","1.3220","1.2830","-0.23%"
"11/17/2017","1.2960","1.3050","1.3290","1.2950","-0.99%"
"11/16/2017","1.3090","1.2880","1.3150","1.2830","1.87%"
"11/15/2017","1.2850","1.2970","1.3000","1.2610","-2.73%"
"11/14/2017","1.3210","1.3360","1.3480","1.3070","-0.60%"
"11/13/2017","1.3290","1.3330","1.3340","1.3020","-0.89%"
"11/10/2017","1.3410","1.2950","1.3430","1.2930","6.01%"
"11/09/2017","1.2650","1.2220","1.2730","1.2180","3.10%"
"11/08/2017","1.2270","1.2320","1.2340","1.1960","-0.41%"
"11/07/2017","1.2320","1.2650","1.2780","1.2300","-2.07%"
"11/06/2017","1.2580","1.2470","1.2610","1.2360","-0.71%"
"11/03/2017","1.2670","1.2450","1.2770","1.2280","0.40%"
"11/02/2017","1.2620","1.3670","1.3680","1.2570","-6.10%"
"11/01/2017","1.3440","1.3400","1.3780","1.3330","0.83%"
"10/31/2017","1.3330","1.3300","1.3440","1.3170","-0.22%"
"10/30/2017","1.3360","1.3570","1.3620","1.3280","-1.62%"
"10/29/2017","1.3580","1.3580","1.3580","1.3580","0.67%"
"10/27/2017","1.3490","1.3940","1.4080","1.3460","-2.60%"
"10/26/2017","1.3850","1.4100","1.4150","1.3850","-1.70%"
"10/25/2017","1.4090","1.3460","1.4410","1.3420","3.91%"
"10/24/2017","1.3560","1.3210","1.3660","1.3140","3.20%"
"10/23/2017","1.3140","1.3310","1.3400","1.3000","-1.05%"
"10/22/2017","1.3280","1.3280","1.3280","1.3280","-0.23%"
"10/20/2017","1.3310","1.3140","1.3390","1.2950","3.82%"
"10/19/2017","1.2820","1.3130","1.3200","1.2680","-2.66%"
"10/18/2017","1.3170","1.2720","1.3220","1.2710","3.13%"
"10/17/2017","1.2770","1.3530","1.3560","1.2710","-4.49%"
"10/16/2017","1.3370","1.4080","1.4080","1.3350","-2.41%"
"10/13/2017","1.3700","1.3800","1.4090","1.3520","-0.80%"
"10/12/2017","1.3810","1.3700","1.3940","1.3600","-0.07%"
"10/11/2017","1.3820","1.3870","1.3930","1.3710","1.32%"
"10/10/2017","1.3640","1.3680","1.4000","1.3580","0.29%"
"10/09/2017","1.3600","1.3750","1.3830","1.3510","-0.44%"
"10/06/2017","1.3660","1.3870","1.4170","1.3610","-1.80%"
"10/05/2017","1.3910","1.3740","1.3910","1.3400","0.87%"
"10/04/2017","1.3790","1.3400","1.3850","1.3340","1.92%"
"10/03/2017","1.3530","1.3540","1.3830","1.3510","1.88%"
"10/02/2017","1.3280","1.3900","1.3960","1.3210","-2.99%"
"09/30/2017","1.3690","1.3690","1.3690","1.3690","0.22%"
"09/29/2017","1.3660","1.3730","1.3800","1.3440","-0.65%"
"09/28/2017","1.3750","1.4230","1.4240","1.3750","-0.51%"
"09/27/2017","1.3820","1.3610","1.4010","1.3520","3.68%"
"09/26/2017","1.3330","1.3500","1.3520","1.3150","-0.07%"
"09/25/2017","1.3340","1.3660","1.3730","1.3310","-1.69%"
"09/23/2017","1.3570","1.3640","1.3640","1.3570","0.07%"
"09/22/2017","1.3560","1.3660","1.3780","1.3410","-0.80%"
"09/21/2017","1.3670","1.3750","1.3820","1.3630","1.86%"
"09/20/2017","1.3420","1.3430","1.3490","1.3110","0.75%"
"09/19/2017","1.3320","1.3080","1.3360","1.2830","2.23%"
"09/18/2017","1.3030","1.3330","1.3340","1.2980","-0.46%"
"09/16/2017","1.3090","1.3090","1.3090","1.3090","0.00%"
"09/15/2017","1.3090","1.2360","1.3410","1.2300","6.16%"
"09/14/2017","1.2330","1.1590","1.2340","1.1370","7.69%"
"09/13/2017","1.1450","1.1410","1.1530","1.1120","0.88%"
"09/12/2017","1.1350","1.0590","1.1460","1.0560","8.72%"
"09/11/2017","1.0440","1.0210","1.0460","1.0110","5.45%"
"09/09/2017","0.9900","0.9970","0.9970","0.9900","0.00%"
"09/08/2017","0.9900","0.9570","1.0060","0.9570","2.06%"
"09/07/2017","0.9700","1.0260","1.0360","0.9620","-3.48%"
"09/06/2017","1.0050","1.0090","1.0260","1.0040","-0.79%"
"09/05/2017","1.0130","1.0740","1.0750","1.0100","-4.25%"
"09/04/2017","1.0580","1.0540","1.0640","1.0420","0.09%"
"09/01/2017","1.0570","1.0380","1.0760","1.0240","2.03%"
"08/31/2017","1.0360","1.0500","1.0520","1.0270","0.48%"
"08/30/2017","1.0310","1.0320","1.0470","1.0150","3.31%"
"08/29/2017","0.9980","1.0250","1.0250","0.9880","-5.22%"
"08/25/2017","1.0530","1.0610","1.0760","1.0500","-0.28%"
"08/24/2017","1.0560","1.0670","1.0760","1.0490","-0.28%"
"08/23/2017","1.0590","1.0870","1.1030","1.0510","-2.67%"
"08/22/2017","1.0880","1.0950","1.1040","1.0680","1.40%"
"08/21/2017","1.0730","1.0840","1.0890","1.0560","-1.56%"
"08/18/2017","1.0900","1.0770","1.0920","1.0640","-0.55%"
"08/17/2017","1.0960","1.0830","1.1220","1.0810","-0.81%"
"08/16/2017","1.1050","1.1030","1.1280","1.0810","1.84%"
"08/15/2017","1.0850","1.1020","1.1170","1.0820","1.21%"
"08/14/2017","1.0720","1.0810","1.1030","1.0710","0.85%"
"08/11/2017","1.0630","1.0730","1.0780","1.0330","-1.76%"
"08/10/2017","1.0820","1.1140","1.1240","1.0750","-2.61%"
"08/09/2017","1.1110","1.1360","1.1380","1.0970","-3.98%"
"08/08/2017","1.1570","1.1420","1.1610","1.1360","1.40%"
"08/07/2017","1.1410","1.1710","1.1830","1.1390","-3.06%"
"08/06/2017","1.1770","1.1770","1.1770","1.1770","0.00%"
"08/05/2017","1.1770","1.1830","1.1830","1.1770","0.17%"
"08/04/2017","1.1750","1.1480","1.1800","1.1480","2.17%"
"08/03/2017","1.1500","1.2420","1.2470","1.1460","-7.03%"
"08/02/2017","1.2370","1.2270","1.2610","1.2140","1.98%"
"08/01/2017","1.2130","1.2490","1.2610","1.1980","-1.46%"
"07/31/2017","1.2310","1.2110","1.2390","1.2060","1.23%"
"07/28/2017","1.2160","1.1950","1.2370","1.1900","1.16%"
"07/27/2017","1.2020","1.1970","1.2230","1.1880","-2.67%"
"07/26/2017","1.2350","1.2360","1.2410","1.2260","-1.83%"
"07/25/2017","1.2580","1.1930","1.2610","1.1830","5.63%"
"07/24/2017","1.1910","1.1910","1.1940","1.1700","1.36%"
"07/21/2017","1.1750","1.1920","1.2050","1.1690","-2.65%"
"07/20/2017","1.2070","1.2070","1.2160","1.1870","1.09%"
"07/19/2017","1.1940","1.2350","1.2380","1.1850","-1.08%"
"07/18/2017","1.2070","1.2920","1.2920","1.2030","-5.04%"
"07/17/2017","1.2710","1.3040","1.3040","1.2620","-2.90%"
"07/16/2017","1.3090","1.3090","1.3090","1.3090","0.00%"
"07/14/2017","1.3090","1.2690","1.3200","1.2680","0.54%"
"07/13/2017","1.3020","1.2670","1.3080","1.2360","3.25%"
"07/12/2017","1.2610","1.2660","1.2890","1.2470","-1.33%"
"07/11/2017","1.2780","1.3050","1.3090","1.2700","0.71%"
"07/10/2017","1.2690","1.3040","1.3170","1.2620","-3.06%"
"07/07/2017","1.3090","1.3290","1.3390","1.2860","-0.68%"
"07/06/2017","1.3180","1.2760","1.3310","1.2740","4.35%"
"07/05/2017","1.2630","1.2590","1.2930","1.2580","1.12%"
"07/04/2017","1.2490","1.2490","1.2690","1.2410","-1.11%"
"07/03/2017","1.2630","1.2820","1.3010","1.2430","0.32%"
"07/02/2017","1.2590","1.2590","1.2590","1.2590","0.00%"
"07/01/2017","1.2590","1.2590","1.2590","1.2590","0.00%"
"06/30/2017","1.2590","1.2610","1.2920","1.2190","0.48%"
"06/29/2017","1.2530","1.2000","1.2580","1.1930","8.20%"
"06/28/2017","1.1580","1.1340","1.1960","1.1120","5.95%"
"06/27/2017","1.0930","1.0200","1.0950","1.0100","7.90%"
"06/26/2017","1.0130","1.0460","1.0510","1.0000","-2.13%"
"06/25/2017","1.0350","1.0350","1.0350","1.0350","0.00%"
"06/23/2017","1.0350","1.0380","1.0640","1.0230","1.67%"
"06/22/2017","1.0180","1.0110","1.0240","0.9910","-1.74%"
"06/21/2017","1.0360","0.9870","1.0480","0.9730","4.02%"
"06/20/2017","0.9960","1.0390","1.0490","0.9900","-3.58%"
"06/19/2017","1.0330","1.0480","1.0510","1.0170","1.47%"
"06/17/2017","1.0180","1.0180","1.0180","1.0180","0.10%"
"06/16/2017","1.0170","1.0660","1.0720","1.0080","-1.55%"
"06/15/2017","1.0330","0.9470","1.0360","0.9410","10.96%"
"06/14/2017","0.9310","1.0330","1.0390","0.9280","-9.96%"
"06/13/2017","1.0340","0.9860","1.0500","0.9750","6.93%"
"06/12/2017","0.9670","1.0000","1.0120","0.9650","-3.78%"
"06/09/2017","1.0050","1.0570","1.0680","0.9950","-2.71%"
"06/08/2017","1.0330","1.0020","1.0480","1.0020","2.99%"
"06/07/2017","1.0030","0.9950","1.0070","0.9780","2.03%"
"06/06/2017","0.9830","1.0230","1.0300","0.9810","-5.66%"
"06/05/2017","1.0420","1.0440","1.0710","1.0400","0.48%"
"06/02/2017","1.0370","1.0650","1.0650","1.0320","-3.62%"
"06/01/2017","1.0760","1.0490","1.0820","1.0400","2.57%"
"05/31/2017","1.0490","1.0110","1.0490","0.9860","5.11%"
"05/30/2017","0.9980","0.9900","1.0210","0.9900","-1.67%"
"05/29/2017","1.0150","1.0150","1.0150","1.0150","0.20%"
"05/26/2017","1.0130","1.0340","1.0490","1.0020","-2.50%"
"05/25/2017","1.0390","1.0540","1.0600","1.0360","-3.35%"
"05/24/2017","1.0750","1.0810","1.0900","1.0570","-0.56%"
"05/23/2017","1.0810","1.0700","1.0880","1.0630","-0.64%"
"05/22/2017","1.0880","1.0790","1.1030","1.0680","-0.64%"
"05/19/2017","1.0950","1.0780","1.1070","1.0740","3.40%"
"05/18/2017","1.0590","1.0680","1.0740","1.0300","-0.75%"
"05/17/2017","1.0670","1.0950","1.1180","1.0660","-5.66%"
"05/16/2017","1.1310","1.1600","1.1680","1.1150","-0.79%"
"05/15/2017","1.1400","1.1120","1.1500","1.1010","4.78%"
"05/12/2017","1.0880","1.1590","1.1650","1.0820","-6.21%"
"05/11/2017","1.1600","1.1900","1.1940","1.1590","-0.60%"
"05/10/2017","1.1670","1.1960","1.2020","1.1620","-2.99%"
"05/09/2017","1.2030","1.1730","1.2230","1.1710","4.70%"
"05/08/2017","1.1490","1.1210","1.1560","1.1020","2.86%"
"05/07/2017","1.1170","1.1170","1.1170","1.1170","0.00%"
"05/05/2017","1.1170","1.1110","1.1240","1.0900","-0.18%"
"05/04/2017","1.1190","1.1080","1.1220","1.0830","4.19%"
"05/03/2017","1.0740","1.0850","1.0960","1.0730","-1.47%"
"05/02/2017","1.0900","1.0880","1.1150","1.0820","0.18%"
"04/29/2017","1.0880","1.0820","1.0880","1.0820","0.09%"
"04/28/2017","1.0870","1.0850","1.1110","1.0720","2.26%"
"04/27/2017","1.0630","1.0880","1.1040","1.0610","-1.94%"
"04/26/2017","1.0840","1.0910","1.1040","1.0770","-0.18%"
"04/25/2017","1.0860","1.0570","1.1050","1.0570","3.43%"
"04/24/2017","1.0500","1.0930","1.1200","1.0500","1.35%"
"04/23/2017","1.0360","1.0390","1.0390","1.0360","-0.29%"
"04/22/2017","1.0390","1.0390","1.0390","1.0390","0.39%"
"04/21/2017","1.0350","1.0640","1.0680","1.0340","-3.27%"
"04/20/2017","1.0700","1.0470","1.0930","1.0440","0.38%"
"04/19/2017","1.0660","1.0200","1.0750","1.0200","5.13%"
"04/18/2017","1.0140","1.0390","1.0620","1.0000","-3.06%"
"04/17/2017","1.0460","1.0300","1.0520","1.0160","0.00%"
"04/14/2017","1.0460","1.0460","1.0460","1.0460","0.19%"
"04/13/2017","1.0440","1.0300","1.0490","1.0160","-0.57%"
"04/12/2017","1.0500","1.0570","1.0680","1.0440","-0.28%"
"04/11/2017","1.0530","1.0810","1.0990","1.0490","-2.32%"
"04/10/2017","1.0780","1.0950","1.1090","1.0770","0.09%"
"04/08/2017","1.0770","1.0840","1.0840","1.0770","0.09%"
"04/07/2017","1.0760","1.0860","1.0990","1.0470","-2.36%"
"04/06/2017","1.1020","1.0710","1.1040","1.0640","0.73%"
"04/05/2017","1.0940","1.0640","1.1140","1.0510","2.34%"
"04/04/2017","1.0690","1.0560","1.0730","1.0340","0.56%"
"04/03/2017","1.0630","1.1410","1.1470","1.0610","-6.92%"
"04/02/2017","1.1420","1.1420","1.1420","1.1420","0.18%"
"03/31/2017","1.1400","1.1230","1.1470","1.1100","1.79%"
"03/30/2017","1.1200","1.1280","1.1410","1.1150","-2.69%"
"03/29/2017","1.1510","1.2110","1.2140","1.1490","-3.52%"
"03/28/2017","1.1930","1.1770","1.1960","1.1670","2.14%"
"03/27/2017","1.1680","1.1610","1.1820","1.1560","-2.50%"
"03/26/2017","1.1980","1.1980","1.1980","1.1980","-0.08%"
"03/24/2017","1.1990","1.2490","1.2500","1.1960","-2.60%"
"03/23/2017","1.2310","1.1960","1.2350","1.1660","4.86%"
"03/22/2017","1.1740","1.2360","1.2370","1.1740","-6.45%"
"03/21/2017","1.2550","1.2590","1.2990","1.2340","1.70%"
"03/20/2017","1.2340","1.2410","1.2700","1.2270","-1.04%"
"03/18/2017","1.2470","1.2490","1.2490","1.2470","0.16%"
"03/17/2017","1.2450","1.2560","1.2870","1.2290","-0.40%"
"03/16/2017","1.2500","1.2010","1.2910","1.1970","3.14%"
"03/15/2017","1.2120","1.2320","1.2360","1.2040","-0.98%"
"03/14/2017","1.2240","1.2730","1.2760","1.2240","-1.92%"
"03/13/2017","1.2480","1.2110","1.2550","1.1890","1.05%"
"03/12/2017","1.2350","1.2300","1.2350","1.2300","0.16%"
"03/10/2017","1.2330","1.2300","1.2630","1.2090","0.65%"
"03/09/2017","1.2250","1.2250","1.2390","1.1900","0.57%"
"03/08/2017","1.2180","1.2000","1.2510","1.1920","2.01%"
"03/07/2017","1.1940","1.2100","1.2240","1.1770","-1.65%"
"03/06/2017","1.2140","1.1510","1.2150","1.1380","2.53%"
"03/04/2017","1.1840","1.1840","1.1840","1.1840","-0.08%"
"03/03/2017","1.1850","1.1910","1.2100","1.1730","-2.07%"
"03/02/2017","1.2100","1.1950","1.2150","1.1630","1.09%"
"03/01/2017","1.1970","1.1720","1.2040","1.1640","4.00%"
"02/28/2017","1.1510","1.1480","1.1850","1.1320","0.09%"
"02/27/2017","1.1500","1.1620","1.1660","1.1400","6.58%"
"02/24/2017","1.0790","1.1420","1.1440","1.0680","-6.50%"
"02/23/2017","1.1540","1.1990","1.2080","1.1510","-4.23%"
"02/22/2017","1.2050","1.2520","1.2600","1.1800","-2.59%"
"02/21/2017","1.2370","1.2360","1.2680","1.2330","0.57%"
"02/20/2017","1.2300","1.2280","1.2430","1.2150","1.49%"
"02/19/2017","1.2120","1.2120","1.2120","1.2120","-0.08%"
"02/17/2017","1.2130","1.2730","1.2770","1.2000","-4.03%"
"02/16/2017","1.2640","1.3020","1.3080","1.2580","-2.84%"
"02/15/2017","1.3010","1.3050","1.3190","1.2880","-0.69%"
"02/14/2017","1.3100","1.2970","1.3330","1.2800","1.24%"
"02/13/2017","1.2940","1.2660","1.3060","1.2650","2.86%"
"02/11/2017","1.2580","1.2520","1.2580","1.2520","0.08%"
"02/10/2017","1.2570","1.2680","1.2840","1.2520","0.80%"
"02/09/2017","1.2470","1.2430","1.2560","1.2140","2.55%"
"02/08/2017","1.2160","1.2830","1.2880","1.2110","-5.88%"
"02/07/2017","1.2920","1.3100","1.3310","1.2830","-1.97%"
"02/06/2017","1.3180","1.3660","1.3660","1.3060","-3.23%"
"02/04/2017","1.3620","1.3610","1.3620","1.3610","0.29%"
"02/03/2017","1.3580","1.4130","1.4210","1.3470","-1.81%"
"02/02/2017","1.3830","1.4510","1.4560","1.3610","-4.75%"
"02/01/2017","1.4520","1.4540","1.4700","1.4350","2.40%"
"01/31/2017","1.4180","1.4530","1.4800","1.4140","-1.80%"
"01/30/2017","1.4440","1.4790","1.5040","1.4310","-1.70%"
"01/27/2017","1.4690","1.5010","1.5150","1.4690","-3.10%"
"01/26/2017","1.5160","1.4930","1.5300","1.4810","3.13%"
"01/25/2017","1.4700","1.4200","1.4780","1.4110","4.78%"
"01/24/2017","1.4030","1.3850","1.4030","1.3710","2.71%"
"01/23/2017","1.3660","1.3940","1.4170","1.3650","-4.68%"
"01/20/2017","1.4330","1.3840","1.4490","1.3780","1.42%"
"01/19/2017","1.4130","1.3820","1.4130","1.3620","5.53%"
"01/18/2017","1.3390","1.3150","1.3470","1.3150","2.29%"
"01/17/2017","1.3090","1.2810","1.3260","1.2570","-0.15%"
"01/16/2017","1.3110","1.3300","1.3370","1.3110","-3.96%"
"01/13/2017","1.3650","1.3200","1.3810","1.3010","5.00%"
"01/12/2017","1.3000","1.3010","1.3220","1.2880","-3.49%"
"01/11/2017","1.3470","1.3630","1.3740","1.3290","-1.10%"
"01/10/2017","1.3620","1.3580","1.3650","1.3250","1.95%"
"01/09/2017","1.3360","1.3800","1.3800","1.3230","-3.68%"
"01/07/2017","1.3870","1.3870","1.3870","1.3870","0.36%"
"01/06/2017","1.3820","1.3160","1.3930","1.3060","6.88%"
"01/05/2017","1.2930","1.3280","1.3830","1.2900","-3.15%"
"01/04/2017","1.3350","1.3180","1.3400","1.3090","0.45%"
"01/03/2017","1.3290","1.2410","1.3670","1.2390","7.18%"
"12/31/2016","1.2400","1.2400","1.2400","1.2400","0.00%"
"12/30/2016","1.2400","1.2360","1.2620","1.2200","0.57%"
"12/29/2016","1.2330","1.2670","1.2700","1.2190","-4.93%"
"12/28/2016","1.2970","1.3080","1.3240","1.2960","-3.50%"
"12/23/2016","1.3440","1.3710","1.3800","1.3330","-2.11%"
"12/22/2016","1.3730","1.3800","1.4010","1.3670","-1.36%"
"12/21/2016","1.3920","1.3970","1.4180","1.3790","-1.35%"
"12/20/2016","1.4110","1.4150","1.4540","1.4030","0.86%"
"12/19/2016","1.3990","1.4490","1.4570","1.3970","-2.71%"
"12/17/2016","1.4380","1.4440","1.4440","1.4380","0.07%"
"12/16/2016","1.4370","1.4680","1.4980","1.4270","-3.56%"
"12/15/2016","1.4900","1.5130","1.5370","1.4690","7.43%"
"12/14/2016","1.3870","1.4060","1.4140","1.3830","-3.81%"
"12/13/2016","1.4420","1.4430","1.4590","1.4070","-1.70%"
"12/12/2016","1.4670","1.4870","1.5080","1.4670","0.41%"
"12/09/2016","1.4610","1.3910","1.4620","1.3780","5.87%"
"12/08/2016","1.3800","1.3640","1.4210","1.3580","1.47%"
"12/07/2016","1.3600","1.4140","1.4160","1.3540","-4.23%"
"12/06/2016","1.4200","1.3760","1.4220","1.3760","1.07%"
"12/05/2016","1.4050","1.3970","1.4660","1.3930","1.74%"
"12/04/2016","1.3810","1.3720","1.3810","1.3720","0.07%"
"12/02/2016","1.3800","1.4660","1.4670","1.3750","-7.82%"
"12/01/2016","1.4970","1.4160","1.4990","1.4160","5.57%"
"11/30/2016","1.4180","1.3570","1.4300","1.3550","3.50%"
"11/29/2016","1.3700","1.3950","1.4040","1.3700","-1.08%"
"11/28/2016","1.3850","1.3910","1.4000","1.3590","-2.46%"
"11/25/2016","1.4200","1.4320","1.4380","1.3860","-1.18%"
"11/24/2016","1.4370","1.4280","1.4610","1.4220","-0.83%"
"11/23/2016","1.4490","1.3850","1.4840","1.3540","6.39%"
"11/22/2016","1.3620","1.4020","1.4060","1.3580","-4.56%"
"11/21/2016","1.4270","1.4560","1.4610","1.4100","-2.13%"
"11/18/2016","1.4580","1.4740","1.4980","1.4110","3.33%"
"11/17/2016","1.4110","1.3650","1.4330","1.3540","2.32%"
"11/16/2016","1.3790","1.4190","1.4390","1.3750","0.00%"
"11/15/2016","1.3790","1.4020","1.4230","1.3520","-2.27%"
"11/14/2016","1.4110","1.4500","1.4910","1.4080","3.22%"
"11/12/2016","1.3670","1.3680","1.3680","1.3670","0.15%"
"11/11/2016","1.3650","1.4000","1.4150","1.3400","1.87%"
"11/10/2016","1.3400","1.2800","1.3820","1.2740","6.35%"
"11/09/2016","1.2600","1.1940","1.3140","1.1800","1.61%"
"11/08/2016","1.2400","1.1990","1.2450","1.1880","3.08%"
"11/07/2016","1.2030","1.1950","1.2040","1.1610","6.46%"
"11/04/2016","1.1300","1.2010","1.2030","1.1150","-5.91%"
"11/03/2016","1.2010","1.1720","1.2580","1.1390","2.56%"
"11/02/2016","1.1710","1.2300","1.2300","1.1680","-8.52%"
"11/01/2016","1.2800","1.2760","1.2960","1.2420","2.73%"
"10/31/2016","1.2460","1.2630","1.2630","1.2210","-1.11%"
"10/28/2016","1.2600","1.2560","1.3120","1.2380","0.56%"
"10/27/2016","1.2530","1.1320","1.2890","1.1300","8.67%"
"10/26/2016","1.1530","1.0910","1.1740","1.0820","5.88%"
"10/25/2016","1.0890","1.0740","1.1200","1.0700","0.55%"
"10/24/2016","1.0830","1.0710","1.1000","1.0380","-0.46%"
"10/21/2016","1.0880","1.0990","1.1310","1.0460","0.93%"
"10/20/2016","1.0780","1.0990","1.1310","1.0670","-0.74%"
"10/19/2016","1.0860","1.0910","1.1050","1.0560","0.28%"
"10/18/2016","1.0830","1.1220","1.1390","1.0700","-3.82%"
"10/17/2016","1.1260","1.1590","1.2230","1.1190","2.93%"
"10/15/2016","1.0940","1.0940","1.0940","1.0940","-0.27%"
"10/14/2016","1.0970","1.0510","1.1490","1.0420","7.13%"
"10/13/2016","1.0240","1.0080","1.0310","0.9810","-1.92%"
"10/12/2016","1.0440","1.0070","1.0610","0.9920","6.64%"
"10/11/2016","0.9790","0.9930","1.0150","0.9680","-4.39%"
"10/10/2016","1.0240","0.9750","1.0350","0.9750","4.60%"
"10/07/2016","0.9790","0.9240","1.0180","0.9220","12.14%"
"10/06/2016","0.8730","0.8260","0.9150","0.7930","6.46%"
"10/05/2016","0.8200","0.7790","0.8340","0.7790","4.46%"
"10/04/2016","0.7850","0.7290","0.7980","0.7130","7.39%"
"10/03/2016","0.7310","0.7430","0.7520","0.7230","-2.27%"
"09/30/2016","0.7480","0.6740","0.7720","0.6740","3.60%"
"09/29/2016","0.7220","0.7080","0.7430","0.7050","6.33%"
"09/28/2016","0.6790","0.6700","0.7040","0.6630","0.30%"
"09/27/2016","0.6770","0.7040","0.7080","0.6470","-3.15%"
"09/26/2016","0.6990","0.7060","0.7240","0.6940","-3.59%"
"09/25/2016","0.7250","0.7250","0.7250","0.7250","0.00%"
"09/24/2016","0.7250","0.7250","0.7250","0.7250","-0.96%"
"09/23/2016","0.7320","0.7300","0.7360","0.7020","3.39%"
"09/22/2016","0.7080","0.7470","0.7650","0.7080","-12.16%"
"09/21/2016","0.8060","0.8400","0.8440","0.7980","-0.12%"
"09/20/2016","0.8070","0.8690","0.8690","0.8030","-8.09%"
"09/19/2016","0.8780","0.8740","0.8910","0.8640","0.11%"
"09/17/2016","0.8770","0.8770","0.8770","0.8770","0.23%"
"09/16/2016","0.8750","0.8920","0.8920","0.8420","-2.02%"
"09/15/2016","0.8930","0.9110","0.9510","0.8730","2.06%"
"09/14/2016","0.8750","0.9300","0.9360","0.8750","-4.48%"
"09/13/2016","0.9160","0.8590","0.9180","0.8190","5.77%"
"09/12/2016","0.8660","0.8800","0.9080","0.8530","0.58%"
"09/09/2016","0.8610","0.7730","0.8710","0.7680","13.14%"
"09/08/2016","0.7610","0.6800","0.7760","0.6750","11.58%"
"09/07/2016","0.6820","0.6580","0.6820","0.6400","2.71%"
"09/06/2016","0.6640","0.7260","0.7260","0.6630","-7.65%"
"09/05/2016","0.7190","0.6990","0.7250","0.6860","-1.37%"
"09/02/2016","0.7290","0.6910","0.7480","0.6720","8.97%"
"09/01/2016","0.6690","0.6540","0.7210","0.6520","4.21%"
"08/31/2016","0.6420","0.6480","0.6540","0.6080","0.00%"
"08/30/2016","0.6420","0.6690","0.6760","0.6250","12.83%"
"08/26/2016","0.5690","0.5730","0.5800","0.5340","-1.22%"
"08/25/2016","0.5760","0.5600","0.5910","0.5500","4.16%"
"08/24/2016","0.5530","0.5540","0.5740","0.5380","1.47%"
"08/23/2016","0.5450","0.5690","0.5850","0.5360","-2.85%"
"08/22/2016","0.5610","0.6010","0.6090","0.5560","-9.52%"
"08/20/2016","0.6200","0.6110","0.6200","0.6110","0.16%"
"08/19/2016","0.6190","0.5520","0.6260","0.5470","12.55%"
"08/18/2016","0.5500","0.5370","0.5760","0.5250","-2.83%"
"08/17/2016","0.5660","0.5670","0.6100","0.5460","-3.58%"
"08/16/2016","0.5870","0.5260","0.5870","0.5160","9.93%"
"08/15/2016","0.5340","0.5270","0.5570","0.5030","0.95%"
"08/14/2016","0.5290","0.5290","0.5290","0.5290","0.00%"
"08/13/2016","0.5290","0.5290","0.5290","0.5290","1.93%"
"08/12/2016","0.5190","0.5470","0.5750","0.5070","-3.53%"
"08/11/2016","0.5380","0.5340","0.5500","0.5160","1.70%"
"08/10/2016","0.5290","0.5640","0.5670","0.5150","-9.42%"
"08/09/2016","0.5840","0.6010","0.6230","0.5630","-4.58%"
"08/08/2016","0.6120","0.6670","0.6720","0.6030","-9.06%"
"08/06/2016","0.6730","0.6730","0.6730","0.6730","0.00%"
"08/05/2016","0.6730","0.6510","0.6740","0.6320","4.34%"
"08/04/2016","0.6450","0.7960","0.8150","0.6390","-19.68%"
"08/03/2016","0.8030","0.8110","0.8170","0.7890","-0.99%"
"08/02/2016","0.8110","0.7890","0.8420","0.7610","10.79%"
"08/01/2016","0.7320","0.6920","0.7420","0.6910","6.71%"
"07/29/2016","0.6860","0.7560","0.7580","0.6860","-3.92%"
"07/28/2016","0.7140","0.7210","0.7410","0.6980","-3.38%"
"07/27/2016","0.7390","0.8260","0.8260","0.7330","-10.21%"
"07/26/2016","0.8230","0.7760","0.8390","0.7640","1.48%"
"07/25/2016","0.8110","0.8240","0.8400","0.8060","1.50%"
"07/22/2016","0.7990","0.8210","0.8440","0.7970","-4.31%"
"07/21/2016","0.8350","0.8530","0.8850","0.8300","-0.12%"
"07/20/2016","0.8360","0.8030","0.8530","0.7910","4.50%"
"07/19/2016","0.8000","0.7830","0.8210","0.7710","-3.15%"
"07/18/2016","0.8260","0.8180","0.8280","0.7960","-1.08%"
"07/16/2016","0.8350","0.8350","0.8350","0.8350","0.12%"
"07/15/2016","0.8340","0.7900","0.8440","0.7900","4.77%"
"07/14/2016","0.7960","0.7970","0.8330","0.7610","6.42%"
"07/13/2016","0.7480","0.8060","0.8070","0.7390","-9.66%"
"07/12/2016","0.8280","0.7970","0.8340","0.7660","8.95%"
"07/11/2016","0.7600","0.7290","0.7690","0.7090","3.26%"
"07/08/2016","0.7360","0.7680","0.8090","0.7350","-5.64%"
"07/07/2016","0.7800","0.7730","0.8140","0.7580","1.69%"
"07/06/2016","0.7670","0.7840","0.7950","0.7240","-0.65%"
"07/05/2016","0.7720","0.8230","0.8290","0.7720","-7.99%"
"07/04/2016","0.8390","0.8640","0.8910","0.8310","-2.89%"
"07/01/2016","0.8640","0.8450","0.8870","0.7790","-0.80%"
"06/30/2016","0.8710","0.9770","1.0030","0.8630","-8.32%"
"06/29/2016","0.9500","0.9750","0.9890","0.9400","-1.14%"
"06/28/2016","0.9610","0.9490","1.0000","0.9400","2.67%"
"06/27/2016","0.9360","1.0640","1.0660","0.9330","-13.97%"
"06/24/2016","1.0880","1.0420","1.1200","1.0180","-20.93%"
"06/23/2016","1.3760","1.3230","1.3960","1.3090","4.72%"
"06/22/2016","1.3140","1.3120","1.3260","1.2940","1.94%"
"06/21/2016","1.2890","1.2480","1.2920","1.2450","3.95%"
"06/20/2016","1.2400","1.1820","1.2480","1.1820","8.30%"
"06/17/2016","1.1450","1.1470","1.1690","1.1130","3.06%"
"06/16/2016","1.1110","1.0950","1.1350","1.0720","-0.98%"
"06/15/2016","1.1220","1.1590","1.2050","1.1130","-2.18%"
"06/14/2016","1.1470","1.1880","1.1930","1.1150","-5.28%"
"06/13/2016","1.2110","1.2120","1.2340","1.2000","-1.94%"
"06/10/2016","1.2350","1.2300","1.2540","1.2130","-0.80%"
"06/09/2016","1.2450","1.2390","1.2540","1.2220","-0.80%"
"06/08/2016","1.2550","1.2780","1.2890","1.2540","-1.10%"
"06/07/2016","1.2690","1.2810","1.3100","1.2650","-0.94%"
"06/06/2016","1.2810","1.2700","1.2960","1.2600","0.16%"
"06/03/2016","1.2790","1.3460","1.3530","1.2550","-4.98%"
"06/02/2016","1.3460","1.3740","1.3980","1.3440","-2.11%"
"06/01/2016","1.3750","1.4280","1.4310","1.3580","-3.91%"
"05/31/2016","1.4310","1.4720","1.4970","1.4280","-0.42%"
"05/27/2016","1.4370","1.4030","1.4490","1.4020","1.48%"
"05/26/2016","1.4160","1.4690","1.4730","1.4160","-2.81%"
"05/25/2016","1.4570","1.4860","1.4960","1.4470","-1.15%"
"05/24/2016","1.4740","1.4320","1.4830","1.4310","1.38%"
"05/23/2016","1.4540","1.4320","1.4680","1.4170","0.14%"
"05/20/2016","1.4520","1.4420","1.4810","1.4370","0.69%"
"05/19/2016","1.4420","1.4660","1.4930","1.4310","0.21%"
"05/18/2016","1.4390","1.4030","1.4580","1.3860","4.96%"
"05/17/2016","1.3710","1.4170","1.4310","1.3640","-1.58%"
"05/16/2016","1.3930","1.3740","1.4070","1.3540","1.02%"
"05/14/2016","1.3790","1.3640","1.3790","1.3640","0.07%"
"05/13/2016","1.3780","1.3820","1.4010","1.3670","-1.85%"
"05/12/2016","1.4040","1.3770","1.4290","1.3650","0.79%"
"05/11/2016","1.3930","1.4080","1.4100","1.3760","-1.28%"
"05/10/2016","1.4110","1.4290","1.4400","1.4010","-0.35%"
"05/09/2016","1.4160","1.4340","1.4460","1.4090","-0.28%"
"05/08/2016","1.4200","1.4160","1.4200","1.4160","-0.07%"
"05/06/2016","1.4210","1.4500","1.4540","1.4090","-3.00%"
"05/05/2016","1.4650","1.5360","1.5400","1.4640","-4.19%"
"05/04/2016","1.5290","1.5580","1.5610","1.5100","-0.20%"
"05/03/2016","1.5320","1.6090","1.6100","1.5190","-4.13%"
"04/29/2016","1.5980","1.5850","1.6330","1.5760","-0.75%"
"04/28/2016","1.6100","1.5590","1.6150","1.5540","-0.98%"
"04/27/2016","1.6260","1.6510","1.6580","1.6120","-2.22%"
"04/26/2016","1.6630","1.6200","1.6690","1.6050","3.29%"
"04/25/2016","1.6100","1.6060","1.6370","1.5830","0.62%"
"04/23/2016","1.6000","1.6020","1.6020","1.6000","0.00%"
"04/22/2016","1.6000","1.5770","1.6220","1.5640","0.50%"
"04/21/2016","1.5920","1.5230","1.6040","1.5180","7.35%"
"04/20/2016","1.4830","1.4890","1.4970","1.4590","-1.59%"
"04/19/2016","1.5070","1.4810","1.5260","1.4790","1.89%"
"04/18/2016","1.4790","1.4080","1.4860","1.3950","4.45%"
"04/15/2016","1.4160","1.4440","1.4460","1.4050","-2.55%"
"04/14/2016","1.4530","1.4200","1.4800","1.4170","2.04%"
"04/13/2016","1.4240","1.4600","1.4710","1.4240","-1.39%"
"04/12/2016","1.4440","1.4260","1.4610","1.4210","3.66%"
"04/11/2016","1.3930","1.3470","1.4290","1.3370","1.98%"
"04/08/2016","1.3660","1.3430","1.3800","1.3330","2.71%"
"04/07/2016","1.3300","1.3800","1.3880","1.3190","-3.90%"
"04/06/2016","1.3840","1.3760","1.4180","1.3700","0.29%"
"04/05/2016","1.3800","1.3980","1.4010","1.3430","-3.50%"
"04/04/2016","1.4300","1.3990","1.4520","1.3940","1.35%"
"04/01/2016","1.4110","1.4230","1.4550","1.4000","-0.49%"
"03/31/2016","1.4180","1.4060","1.4270","1.3920","-0.91%"
"03/30/2016","1.4310","1.3860","1.4590","1.3780","1.35%"
"03/29/2016","1.4120","1.4330","1.4380","1.4040","-3.09%"
"03/24/2016","1.4570","1.4280","1.4610","1.4050","0.41%"
"03/23/2016","1.4510","1.5040","1.5130","1.4410","-0.55%"
"03/22/2016","1.4590","1.4500","1.4790","1.4200","-1.42%"
"03/21/2016","1.4800","1.4490","1.4850","1.4290","2.00%"
"03/19/2016","1.4510","1.4510","1.4550","1.4500","-0.07%"
"03/18/2016","1.4520","1.4350","1.4660","1.4240","-0.27%"
"03/17/2016","1.4560","1.4180","1.4890","1.4100","-4.59%"
"03/16/2016","1.5260","1.5360","1.5470","1.4950","-0.78%"
"03/15/2016","1.5380","1.5500","1.5580","1.4870","-0.97%"
"03/14/2016","1.5530","1.5680","1.5860","1.5390","-1.46%"
"03/12/2016","1.5760","1.5760","1.5810","1.5760","-0.19%"
"03/11/2016","1.5790","1.5200","1.5830","1.5160","2.53%"
"03/10/2016","1.5400","1.4560","1.5440","1.4400","4.76%"
"03/09/2016","1.4700","1.4250","1.4870","1.4180","6.06%"
"03/08/2016","1.3860","1.4340","1.4350","1.3570","-6.48%"
"03/07/2016","1.4820","1.4710","1.4900","1.4500","-0.20%"
"03/05/2016","1.4850","1.4870","1.4880","1.4850","-0.20%"
"03/04/2016","1.4880","1.4400","1.4940","1.4210","3.98%"
"03/03/2016","1.4310","1.4800","1.4880","1.4240","-2.32%"
"03/02/2016","1.4650","1.4450","1.4720","1.4190","4.79%"
"03/01/2016","1.3980","1.3390","1.4030","1.3160","4.56%"
"02/29/2016","1.3370","1.3840","1.3970","1.3250","-4.84%"
"02/27/2016","1.4050","1.3990","1.4050","1.3990","0.36%"
"02/26/2016","1.4000","1.3850","1.4200","1.3660","2.26%"
"02/25/2016","1.3690","1.3970","1.4250","1.3530","0.44%"
"02/24/2016","1.3630","1.3630","1.3630","1.3630","-4.88%"
"02/23/2016","1.4330","1.4330","1.4330","1.4330","2.80%"
"02/22/2016","1.3940","1.3940","1.3940","1.3940","-1.55%"
"02/20/2016","1.4160","1.4140","1.4160","1.4140","-0.14%"
"02/19/2016","1.4180","1.4180","1.4180","1.4180","-1.87%"
"02/18/2016","1.4450","1.4450","1.4450","1.4450","-2.50%"
"02/17/2016","1.4820","1.4820","1.4820","1.4820","2.92%"
"02/16/2016","1.4400","1.4400","1.4400","1.4400","0.63%"
"02/15/2016","1.4310","1.4310","1.4310","1.4310","1.06%"
"02/14/2016","1.4160","1.4160","1.4160","1.4160","-0.28%"
"02/13/2016","1.4200","1.4090","1.4300","1.4090","0.00%"
"02/12/2016","1.4200","1.4200","1.4200","1.4200","8.98%"
"02/11/2016","1.3030","1.3030","1.3030","1.3030","-7.78%"
"02/10/2016","1.4130","1.4130","1.4130","1.4130","-0.35%"
"02/09/2016","1.4180","1.4180","1.4180","1.4180","0.28%"
"02/08/2016","1.4140","1.4140","1.4140","1.4140","-9.13%"
"02/06/2016","1.5560","1.5630","1.5730","1.5560","-0.45%"
"02/05/2016","1.5630","1.5630","1.5630","1.5630","-0.19%"
"02/04/2016","1.5660","1.5660","1.5660","1.5660","2.29%"
"02/03/2016","1.5310","1.5310","1.5310","1.5310","-0.78%"
"02/02/2016","1.5430","1.5430","1.5430","1.5430","-5.05%"
"02/01/2016","1.6250","1.6250","1.6250","1.6250","3.70%"
"01/30/2016","1.5670","1.5670","1.5670","1.5610","0.32%"
"01/29/2016","1.5620","1.5620","1.5620","1.5620","-6.69%"
"01/28/2016","1.6740","1.6740","1.6740","1.6740","-2.16%"
"01/27/2016","1.7110","1.7110","1.7110","1.7110","1.06%"
"01/26/2016","1.6930","1.6930","1.6930","1.6930","0.24%"
"01/25/2016","1.6890","1.6890","1.6890","1.6890","-1.80%"
"01/23/2016","1.7200","1.7200","1.7240","1.7160","0.35%"
"01/22/2016","1.7140","1.7140","1.7140","1.7140","2.45%"
"01/21/2016","1.6730","1.6730","1.6730","1.6730","3.08%"
"01/20/2016","1.6230","1.6230","1.6230","1.6230","-4.42%"
"01/19/2016","1.6980","1.6980","1.6980","1.6980","0.18%"
"01/18/2016","1.6950","1.6950","1.6950","1.6950","1.86%"
"01/16/2016","1.6640","1.6500","1.6640","1.6500","-0.06%"
"01/15/2016","1.6650","1.6650","1.6650","1.6650","-4.03%"
"01/14/2016","1.7350","1.7350","1.7350","1.7350","-0.52%"
"01/13/2016","1.7440","1.7440","1.7440","1.7440","-0.17%"
"01/12/2016","1.7470","1.7470","1.7470","1.7470","-1.80%"
"01/11/2016","1.7790","1.7790","1.7790","1.7790","0.85%"
"01/10/2016","1.7640","1.7640","1.7640","1.7640","0.00%"
"01/09/2016","1.7640","1.7720","1.7720","1.7640","-0.45%"
"01/08/2016","1.7720","1.7720","1.7720","1.7720","-1.77%"
"01/07/2016","1.8040","1.8040","1.8040","1.8040","0.28%"
"01/06/2016","1.7990","1.7990","1.7990","1.7990","-4.05%"
"01/05/2016","1.8750","1.8750","1.8750","1.8750","-0.21%"
"01/04/2016","1.8790","1.8790","1.8790","1.8790","-4.28%"
"01/02/2016","1.9630","1.9640","1.9670","1.9620","-0.05%"
"01/01/2016","1.9640","1.9650","1.9650","1.9640","0.15%"
"12/31/2015","1.9610","1.9610","1.9610","1.9610","-1.36%"
"12/30/2015","1.9880","1.9880","1.9880","1.9880","4.47%"
"12/29/2015","1.9030","1.9030","1.9030","1.9030","-1.04%"
"12/26/2015","1.9230","1.9240","1.9240","1.9230","-0.05%"
"12/25/2015","1.9240","1.9230","1.9240","1.9230","0.05%"
"12/24/2015","1.9230","1.9230","1.9230","1.9230","-1.03%"
"12/23/2015","1.9430","1.9430","1.9430","1.9430","3.46%"
"12/22/2015","1.8780","1.8780","1.8780","1.8780","3.36%"
"12/21/2015","1.8170","1.8170","1.8170","1.8170","-0.82%"
"12/19/2015","1.8320","1.8300","1.8340","1.8300","0.00%"
"12/18/2015","1.8320","1.8320","1.8320","1.8320","-1.03%"
"12/17/2015","1.8510","1.8510","1.8510","1.8510","-4.93%"
"12/16/2015","1.9470","1.9470","1.9470","1.9470","0.41%"
"12/15/2015","1.9390","1.9390","1.9390","1.9390","5.27%"
"12/14/2015","1.8420","1.8420","1.8420","1.8420","1.66%"
"12/12/2015","1.8120","1.8120","1.8220","1.8120","-0.17%"
"12/11/2015","1.8150","1.8150","1.8150","1.8150","-2.84%"
"12/10/2015","1.8680","1.8680","1.8680","1.8680","-0.48%"
"12/09/2015","1.8770","1.8770","1.8770","1.8770","2.96%"
"12/08/2015","1.8230","1.8230","1.8230","1.8230","0.94%"
"12/07/2015","1.8060","1.8060","1.8060","1.8060","-6.33%"
"12/06/2015","1.9280","1.9270","1.9300","1.9270","0.05%"
"12/05/2015","1.9270","1.9280","1.9280","1.9270","0.16%"
"12/04/2015","1.9240","1.9240","1.9240","1.9240","1.96%"
"12/03/2015","1.8870","1.8870","1.8870","1.8870","7.46%"
"12/02/2015","1.7560","1.7560","1.7560","1.7560","-0.51%"
"12/01/2015","1.7650","1.7650","1.7650","1.7650","-3.34%"
"11/30/2015","1.8260","1.8260","1.8260","1.8260","0.55%"
"11/28/2015","1.8160","1.8160","1.8190","1.8160","-0.11%"
"11/27/2015","1.8180","1.8180","1.8180","1.8180","-1.41%"
"11/26/2015","1.8440","1.8440","1.8440","1.8440","-2.28%"
"11/25/2015","1.8870","1.8870","1.8870","1.8870","0.96%"
"11/24/2015","1.8690","1.8690","1.8690","1.8690","-0.43%"
"11/23/2015","1.8770","1.8770","1.8770","1.8770","-0.32%"
"11/22/2015","1.8830","1.8830","1.8830","1.8830","0.00%"
"11/21/2015","1.8830","1.8760","1.8830","1.8760","0.37%"
"11/20/2015","1.8760","1.8760","1.8760","1.8760","-0.58%"
"11/19/2015","1.8870","1.8870","1.8870","1.8870","-1.87%"
"11/18/2015","1.9230","1.9230","1.9230","1.9230","-2.68%"
"11/17/2015","1.9760","1.9760","1.9760","1.9760","1.86%"
"11/16/2015","1.9400","1.9400","1.9400","1.9400","-2.17%"
"11/14/2015","1.9830","1.9830","1.9830","1.9780","0.10%"
"11/13/2015","1.9810","1.9810","1.9810","1.9810","-1.39%"
"11/12/2015","2.0090","2.0090","2.0090","2.0090","-2.14%"
"11/11/2015","2.0530","2.0530","2.0530","2.0530","1.18%"
"11/10/2015","2.0290","2.0290","2.0290","2.0290","-0.39%"
"11/09/2015","2.0370","2.0370","2.0370","2.0370","0.39%"
"11/07/2015","2.0290","2.0290","2.0370","2.0290","-0.54%"
"11/06/2015","2.0400","2.0400","2.0400","2.0400","3.61%"
"11/05/2015","1.9690","1.9690","1.9690","1.9690","-1.30%"
"11/04/2015","1.9950","1.9950","1.9950","1.9950","0.76%"
"11/03/2015","1.9800","1.9800","1.9800","1.9800","2.17%"
"11/02/2015","1.9380","1.9380","1.9380","1.9380","0.78%"
"10/31/2015","1.9230","1.9240","1.9260","1.9230","0.00%"
"10/30/2015","1.9230","1.9230","1.9230","1.9230","-0.05%"
"10/29/2015","1.9240","1.9240","1.9240","1.9240","7.13%"
"10/28/2015","1.7960","1.7960","1.7960","1.7960","1.93%"
"10/27/2015","1.7620","1.7620","1.7620","1.7620","-3.72%"
"10/26/2015","1.8300","1.8300","1.8300","1.8300","-1.98%"
"10/24/2015","1.8670","1.8670","1.8670","1.8630","0.21%"
"10/23/2015","1.8630","1.8630","1.8630","1.8630","3.56%"
"10/22/2015","1.7990","1.7990","1.7990","1.7990","0.06%"
"10/21/2015","1.7980","1.7980","1.7980","1.7980","-3.23%"
"10/20/2015","1.8580","1.8580","1.8580","1.8580","1.75%"
"10/19/2015","1.8260","1.8260","1.8260","1.8260","1.56%"
"10/18/2015","1.7980","1.7980","1.7980","1.7980","0.00%"
"10/17/2015","1.7980","1.7980","1.8010","1.7950","-0.22%"
"10/16/2015","1.8020","1.8020","1.8020","1.8020","1.87%"
"10/15/2015","1.7690","1.7690","1.7690","1.7690","0.57%"
"10/14/2015","1.7590","1.7590","1.7590","1.7590","-3.93%"
"10/13/2015","1.8310","1.8310","1.8310","1.8310","0.72%"
"10/12/2015","1.8180","1.8180","1.8180","1.8180","-2.36%"
"10/11/2015","1.8620","1.8620","1.8620","1.8620","0.00%"
"10/10/2015","1.8620","1.8620","1.8620","1.8610","-0.05%"
"10/09/2015","1.8630","1.8630","1.8630","1.8630","2.48%"
"10/08/2015","1.8180","1.8180","1.8180","1.8180","-0.33%"
"10/07/2015","1.8240","1.8240","1.8240","1.8240","1.33%"
"10/06/2015","1.8000","1.8000","1.8000","1.8000","0.90%"
"10/05/2015","1.7840","1.7840","1.7840","1.7840","4.57%"
"10/03/2015","1.7060","1.7020","1.7060","1.7020","0.29%"
"10/02/2015","1.7010","1.7010","1.7010","1.7010","-2.30%"
"10/01/2015","1.7410","1.7410","1.7410","1.7410","-1.25%"
"09/30/2015","1.7630","1.7630","1.7630","1.7630","0.46%"
"09/29/2015","1.7550","1.7550","1.7550","1.7550","-0.85%"
"09/28/2015","1.7700","1.7700","1.7700","1.7700","-3.86%"
"09/27/2015","1.8410","1.8410","1.8410","1.8410","0.00%"
"09/26/2015","1.8410","1.8380","1.8430","1.8380","0.00%"
"09/25/2015","1.8410","1.8410","1.8410","1.8410","4.78%"
"09/24/2015","1.7570","1.7570","1.7570","1.7570","-2.06%"
"09/23/2015","1.7940","1.7940","1.7940","1.7940","0.62%"
"09/22/2015","1.7830","1.7830","1.7830","1.7830","-5.46%"
"09/21/2015","1.8860","1.8860","1.8860","1.8860","2.95%"
"09/19/2015","1.8320","1.8390","1.8450","1.8320","0.00%"
"09/18/2015","1.8320","1.8320","1.8320","1.8320","-6.63%"
"09/17/2015","1.9620","1.9620","1.9620","1.9620","0.67%"
"09/16/2015","1.9490","1.9490","1.9490","1.9490","1.83%"
"09/15/2015","1.9140","1.9140","1.9140","1.9140","3.01%"
"09/14/2015","1.8580","1.8580","1.8580","1.8580","1.36%"
"09/12/2015","1.8330","1.8330","1.8330","1.8300","0.27%"
"09/11/2015","1.8280","1.8280","1.8280","1.8280","-1.83%"
"09/10/2015","1.8620","1.8620","1.8620","1.8620","-0.48%"
"09/09/2015","1.8710","1.8710","1.8710","1.8710","1.57%"
"09/08/2015","1.8420","1.8420","1.8420","1.8420","1.94%"
"09/07/2015","1.8070","1.8070","1.8070","1.8070","-0.50%"
"09/06/2015","1.8160","1.8160","1.8310","1.8160","0.00%"
"09/05/2015","1.8160","1.8240","1.8310","1.8160","-0.66%"
"09/04/2015","1.8280","1.8280","1.8280","1.8280","-3.99%"
"09/03/2015","1.9040","1.9040","1.9040","1.9040","-1.14%"
"09/02/2015","1.9260","1.9260","1.9260","1.9260","-0.41%"
"09/01/2015","1.9340","1.9340","1.9340","1.9340","-1.58%"
"08/31/2015","1.9650","1.9650","1.9650","1.9650","0.00%"
"08/29/2015","1.9650","1.9650","1.9840","1.9570","0.00%"
"08/28/2015","1.9650","1.9650","1.9650","1.9650","-0.71%"
"08/27/2015","1.9790","1.9790","1.9790","1.9790","1.07%"
"08/26/2015","1.9580","1.9580","1.9580","1.9580","2.51%"
"08/25/2015","1.9100","1.9100","1.9100","1.9100","5.88%"
"08/24/2015","1.8040","1.8040","1.8040","1.8040","0.33%"
"08/22/2015","1.7980","1.6710","1.8290","1.6710","6.26%"
"08/21/2015","1.6920","1.6920","1.6920","1.6920","-4.08%"
"08/20/2015","1.7640","1.7640","1.7640","1.7640","-3.76%"
"08/19/2015","1.8330","1.8330","1.8330","1.8330","-2.34%"
"08/18/2015","1.8770","1.8770","1.8770","1.8770","3.36%"
"08/17/2015","1.8160","1.8160","1.8160","1.8160","-2.78%"
"08/15/2015","1.8680","1.8680","1.8680","1.8680","-0.53%"
"08/14/2015","1.8780","1.8780","1.8780","1.8780","2.01%"
"08/13/2015","1.8410","1.8410","1.8410","1.8410","2.56%"
"08/12/2015","1.7950","1.7950","1.7950","1.7950","-1.43%"
"08/11/2015","1.8210","1.8210","1.8210","1.8210","-5.35%"
"08/10/2015","1.9240","1.9240","1.9240","1.9240","4.00%"
"08/07/2015","1.8500","1.8500","1.8500","1.8500","-3.85%"
"08/06/2015","1.9240","1.9240","1.9240","1.9240","-2.68%"
"08/05/2015","1.9770","1.9770","1.9770","1.9770","5.44%"
"08/04/2015","1.8750","1.8750","1.8750","1.8750","0.37%"
"08/03/2015","1.8680","1.8680","1.8680","1.8680","-1.37%"
"08/01/2015","1.8940","1.8940","1.8940","1.8940","0.58%"
"07/31/2015","1.8830","1.8830","1.8830","1.8830","-4.42%"
"07/30/2015","1.9700","1.9700","1.9700","1.9700","-0.40%"
"07/29/2015","1.9780","1.9780","1.9780","1.9780","2.12%"
"07/28/2015","1.9370","1.9370","1.9370","1.9370","0.05%"
"07/27/2015","1.9360","1.9360","1.9360","1.9360","-0.10%"
"07/24/2015","1.9380","1.9380","1.9380","1.9380","-3.73%"
"07/23/2015","2.0130","2.0130","2.0130","2.0130","-0.94%"
"07/22/2015","2.0320","2.0320","2.0320","2.0320","-2.50%"
"07/21/2015","2.0840","2.0840","2.0840","2.0840","0.97%"
"07/20/2015","2.0640","2.0640","2.0640","2.0640","-0.86%"
"07/18/2015","2.0820","2.0820","2.0820","2.0820","0.14%"
"07/17/2015","2.0790","2.0790","2.0790","2.0790","0.14%"
"07/16/2015","2.0760","2.0760","2.0760","2.0760","-1.94%"
"07/15/2015","2.1170","2.1170","2.1170","2.1170","-0.42%"
"07/14/2015","2.1260","2.1260","2.1260","2.1260","0.43%"
"07/13/2015","2.1170","2.1170","2.1170","2.1170","1.88%"
"07/10/2015","2.0780","2.0780","2.0780","2.0780","6.18%"
"07/09/2015","1.9570","1.9570","1.9570","1.9570","3.65%"
"07/08/2015","1.8880","1.8880","1.8880","1.8880","3.06%"
"07/07/2015","1.8320","1.8320","1.8320","1.8320","-8.72%"
"07/06/2015","2.0070","2.0070","2.0070","2.0070","0.10%"
"07/04/2015","2.0050","2.0050","2.0050","2.0050","0.25%"
"07/03/2015","2.0000","2.0000","2.0000","2.0000","-3.80%"
"07/02/2015","2.0790","2.0790","2.0790","2.0790","-1.28%"
"07/01/2015","2.1060","2.1060","2.1060","2.1060","4.00%"
"06/30/2015","2.0250","2.0250","2.0250","2.0250","-2.41%"
"06/29/2015","2.0750","2.0750","2.0750","2.0750","-5.25%"
"06/27/2015","2.1900","2.1900","2.1900","2.1900","0.09%"
"06/26/2015","2.1880","2.1880","2.1880","2.1880","1.96%"
"06/25/2015","2.1460","2.1460","2.1460","2.1460","0.52%"
"06/24/2015","2.1350","2.1350","2.1350","2.1350","1.14%"
"06/23/2015","2.1110","2.1110","2.1110","2.1110","0.52%"
"06/22/2015","2.1000","2.1000","2.1000","2.1000","4.84%"
"06/20/2015","2.0030","2.0030","2.0030","2.0030","-0.25%"
"06/19/2015","2.0080","2.0080","2.0080","2.0080","-1.81%"
"06/18/2015","2.0450","2.0450","2.0450","2.0450","-0.87%"
"06/17/2015","2.0630","2.0630","2.0630","2.0630","3.56%"
"06/16/2015","1.9920","1.9920","1.9920","1.9920","-1.58%"
"06/15/2015","2.0240","2.0240","2.0240","2.0240","1.50%"
"06/13/2015","1.9940","1.9940","1.9940","1.9940","0.15%"
"06/12/2015","1.9910","1.9910","1.9910","1.9910","-2.74%"
"06/11/2015","2.0470","2.0470","2.0470","2.0470","-3.81%"
"06/10/2015","2.1280","2.1280","2.1280","2.1280","1.29%"
"06/09/2015","2.1010","2.1010","2.1010","2.1010","2.64%"
"06/08/2015","2.0470","2.0470","2.0470","2.0470","-1.59%"
"06/07/2015","2.0800","2.0800","2.0800","2.0800","0.00%"
"06/06/2015","2.0800","2.0800","2.0800","2.0800","-0.05%"
"06/05/2015","2.0810","2.0810","2.0810","2.0810","2.46%"
"06/04/2015","2.0310","2.0310","2.0310","2.0310","-2.26%"
"06/03/2015","2.0780","2.0780","2.0780","2.0780","4.69%"
"06/02/2015","1.9850","1.9850","1.9850","1.9850","7.36%"
"06/01/2015","1.8490","1.8490","1.8490","1.8490","2.15%"
"05/30/2015","1.8100","1.8100","1.8100","1.8100","-0.28%"
"05/29/2015","1.8150","1.8150","1.8150","1.8150","-0.49%"
"05/28/2015","1.8240","1.8240","1.8240","1.8240","-3.29%"
"05/27/2015","1.8860","1.8860","1.8860","1.8860","0.48%"
"05/26/2015","1.8770","1.8770","1.8770","1.8770","-2.70%"
"05/22/2015","1.9290","1.9290","1.9290","1.9290","-2.38%"
"05/21/2015","1.9760","1.9760","1.9760","1.9760","-0.20%"
"05/20/2015","1.9800","1.9800","1.9800","1.9800","1.38%"
"05/19/2015","1.9530","1.9530","1.9530","1.9530","0.10%"
"05/18/2015","1.9510","1.9510","1.9510","1.9510","4.05%"
"05/15/2015","1.8750","1.8750","1.8750","1.8750","-5.59%"
"05/14/2015","1.9860","1.9860","1.9860","1.9860","-1.83%"
"05/13/2015","2.0230","2.0230","2.0230","2.0230","1.86%"
"05/12/2015","1.9860","1.9860","1.9860","1.9860","1.69%"
"05/11/2015","1.9530","1.9530","1.9530","1.9530","3.94%"
"05/08/2015","1.8790","1.8790","1.8790","1.8790","-2.29%"
"05/07/2015","1.9230","1.9230","1.9230","1.9230","-3.17%"
"05/06/2015","1.9860","1.9860","1.9860","1.9860","0.76%"
"05/05/2015","1.9710","1.9710","1.9710","1.9710","6.89%"
"05/01/2015","1.8440","1.8440","1.8440","1.8440","0.49%"
"04/30/2015","1.8350","1.8350","1.8350","1.8350","-0.05%"
"04/29/2015","1.8360","1.8360","1.8360","1.8360","8.32%"
"04/28/2015","1.6950","1.6950","1.6950","1.6950","0.12%"
"04/27/2015","1.6930","1.6930","1.6930","1.6930","2.79%"
"04/24/2015","1.6470","1.6470","1.6470","1.6470","-2.66%"
"04/23/2015","1.6920","1.6920","1.6920","1.6920","-1.34%"
"04/22/2015","1.7150","1.7150","1.7150","1.7150","9.38%"
"04/21/2015","1.5680","1.5680","1.5680","1.5680","0.00%"
"04/20/2015","1.5680","1.5680","1.5680","1.5680","-0.88%"
"04/18/2015","1.5820","1.5820","1.5820","1.5820","-0.19%"
"04/17/2015","1.5850","1.5850","1.5850","1.5850","-1.43%"
"04/16/2015","1.6080","1.6080","1.6080","1.6080","3.01%"
"04/15/2015","1.5610","1.5610","1.5610","1.5610","3.04%"
"04/14/2015","1.5150","1.5150","1.5150","1.5150","-4.90%"
"04/13/2015","1.5930","1.5930","1.5930","1.5930","0.70%"
"04/10/2015","1.5820","1.5820","1.5820","1.5820","0.57%"
"04/09/2015","1.5730","1.5730","1.5730","1.5730","-0.51%"
"04/08/2015","1.5810","1.5810","1.5810","1.5810","-0.32%"
"04/07/2015","1.5860","1.5860","1.5860","1.5860","-0.13%"
"04/06/2015","1.5880","1.5900","1.5900","1.5880","-0.13%"
"04/03/2015","1.5900","1.5890","1.5900","1.5890","-0.06%"
"04/02/2015","1.5910","1.5910","1.5910","1.5910","3.24%"
"04/01/2015","1.5410","1.5410","1.5410","1.5410","-2.16%"
"03/31/2015","1.5750","1.5750","1.5750","1.5750","-0.25%"
"03/30/2015","1.5790","1.5790","1.5790","1.5790","2.27%"
"03/28/2015","1.5440","1.5420","1.5440","1.5420","0.00%"
"03/27/2015","1.5440","1.5440","1.5440","1.5440","-2.53%"
"03/26/2015","1.5840","1.5840","1.5840","1.5840","6.95%"
"03/25/2015","1.4810","1.4810","1.4810","1.4810","-1.73%"
"03/24/2015","1.5070","1.5070","1.5070","1.5070","-0.20%"
"03/23/2015","1.5100","1.5100","1.5100","1.5100","-0.33%"
"03/21/2015","1.5150","1.5150","1.5150","1.5150","-0.07%"
"03/20/2015","1.5160","1.5160","1.5160","1.5160","-1.17%"
"03/19/2015","1.5340","1.5340","1.5340","1.5340","-3.88%"
"03/18/2015","1.5960","1.5960","1.5960","1.5960","-5.28%"
"03/17/2015","1.6850","1.6850","1.6850","1.6850","0.48%"
"03/16/2015","1.6770","1.6770","1.6770","1.6770","-1.41%"
"03/14/2015","1.7010","1.7010","1.7010","1.7010","-0.47%"
"03/13/2015","1.7090","1.7090","1.7090","1.7090","-1.84%"
"03/12/2015","1.7410","1.7410","1.7410","1.7410","-4.02%"
"03/11/2015","1.8140","1.8140","1.8140","1.8140","1.00%"
"03/10/2015","1.7960","1.7960","1.7960","1.7960","-7.28%"
"03/09/2015","1.9370","1.9370","1.9370","1.9370","-0.77%"
"03/07/2015","1.9520","1.9520","1.9520","1.9520","0.05%"
"03/06/2015","1.9510","1.9510","1.9510","1.9510","5.01%"
"03/05/2015","1.8580","1.8580","1.8580","1.8580","-1.06%"
"03/04/2015","1.8780","1.8780","1.8780","1.8780","2.01%"
"03/03/2015","1.8410","1.8410","1.8410","1.8410","2.85%"
"03/02/2015","1.7900","1.7900","1.7900","1.7900","0.00%"
"02/28/2015","1.7900","1.7900","1.7900","1.7900","-0.44%"
"02/27/2015","1.7980","1.7980","1.7980","1.7980","3.81%"
"02/26/2015","1.7320","1.7320","1.7320","1.7320","0.70%"
"02/25/2015","1.7200","1.7200","1.7200","1.7200","-2.38%"
"02/24/2015","1.7620","1.7620","1.7620","1.7620","-2.17%"
"02/23/2015","1.8010","1.8010","1.8010","1.8010","1.24%"
"02/21/2015","1.7790","1.7630","1.7790","1.7630","0.68%"
"02/20/2015","1.7670","1.7670","1.7670","1.7670","-3.13%"
"02/19/2015","1.8240","1.8240","1.8240","1.8240","-1.46%"
"02/18/2015","1.8510","1.8510","1.8510","1.8510","4.87%"
"02/17/2015","1.7650","1.7650","1.7650","1.7650","4.62%"
"02/16/2015","1.6870","1.6870","1.6870","1.6870","0.12%"
"02/14/2015","1.6850","1.6790","1.6850","1.6760","0.42%"
"02/13/2015","1.6780","1.6780","1.6780","1.6780","0.72%"
"02/12/2015","1.6660","1.6660","1.6660","1.6660","-0.60%"
"02/11/2015","1.6760","1.6760","1.6760","1.6760","0.66%"
"02/10/2015","1.6650","1.6650","1.6650","1.6650","3.22%"
"02/09/2015","1.6130","1.6130","1.6130","1.6130","-2.06%"
"02/07/2015","1.6470","1.6640","1.6640","1.6470","0.00%"
"02/06/2015","1.6470","1.6470","1.6470","1.6470","6.33%"
"02/05/2015","1.5490","1.5490","1.5490","1.5490","1.04%"
"02/04/2015","1.5330","1.5330","1.5330","1.5330","4.78%"
"02/03/2015","1.4630","1.4630","1.4630","1.4630","6.09%"
"02/02/2015","1.3790","1.3790","1.3790","1.3790","3.45%"
"02/01/2015","1.3330","1.3330","1.3330","1.3330","0.00%"
"01/31/2015","1.3330","1.3330","1.3340","1.3330","-0.07%"
"01/30/2015","1.3340","1.3340","1.3340","1.3340","-6.19%"
"01/29/2015","1.4220","1.4220","1.4220","1.4220","-2.74%"
"01/28/2015","1.4620","1.4620","1.4620","1.4620","-1.55%"
"01/27/2015","1.4850","1.4850","1.4850","1.4850","-1.98%"
"01/26/2015","1.5150","1.5150","1.5150","1.5150","2.43%"
"01/23/2015","1.4790","1.4790","1.4790","1.4790","-2.50%"
"01/22/2015","1.5170","1.5170","1.5170","1.5170","0.53%"
"01/21/2015","1.5090","1.5090","1.5090","1.5090","-1.69%"
"01/20/2015","1.5350","1.5350","1.5350","1.5350","0.39%"
"01/19/2015","1.5290","1.5290","1.5290","1.5290","-0.46%"
"01/17/2015","1.5360","1.5360","1.5360","1.5360","-0.07%"
"01/16/2015","1.5370","1.5370","1.5370","1.5370","1.65%"
"01/15/2015","1.5120","1.5120","1.5120","1.5120","-0.07%"
"01/14/2015","1.5130","1.5130","1.5130","1.5130","-4.66%"
"01/13/2015","1.5870","1.5870","1.5870","1.5870","0.70%"
"01/12/2015","1.5760","1.5760","1.5760","1.5760","-1.31%"
"01/10/2015","1.5970","1.5980","1.5980","1.5970","-0.13%"
"01/09/2015","1.5990","1.5990","1.5990","1.5990","-2.91%"
"01/08/2015","1.6470","1.6470","1.6470","1.6470","1.79%"
"01/07/2015","1.6180","1.6180","1.6180","1.6180","3.39%"
"01/06/2015","1.5650","1.5650","1.5650","1.5650","-6.40%"
"01/05/2015","1.6720","1.6720","1.6720","1.6720","-2.73%"
"01/03/2015","1.7190","1.7300","1.7300","1.7190","0.06%"
"01/02/2015","1.7180","1.7180","1.7180","1.7180","-2.16%"
"12/31/2014","1.7560","1.7560","1.7560","1.7560","-1.95%"
"12/30/2014","1.7910","1.7910","1.7910","1.7910","-1.54%"
"12/29/2014","1.8190","1.8190","1.8190","1.8190","-3.60%"
"12/28/2014","1.8870","1.8870","1.8870","1.8870","0.00%"
"12/27/2014","1.8870","1.8860","1.8870","1.8830","0.27%"
"12/24/2014","1.8820","1.8820","1.8820","1.8820","1.73%"
"12/23/2014","1.8500","1.8500","1.8500","1.8500","1.48%"
"12/22/2014","1.8230","1.8230","1.8230","1.8230","-1.57%"
"12/20/2014","1.8520","1.8520","1.8520","1.8510","0.11%"
"12/19/2014","1.8500","1.8500","1.8500","1.8500","-1.12%"
"12/18/2014","1.8710","1.8710","1.8710","1.8710","5.53%"
"12/17/2014","1.7730","1.7730","1.7730","1.7730","-0.23%"
"12/16/2014","1.7770","1.7770","1.7770","1.7770","-1.50%"
"12/15/2014","1.8040","1.8040","1.8040","1.8040","0.00%"
"12/14/2014","1.8040","1.8040","1.8040","1.8040","0.00%"
"12/13/2014","1.8040","1.8040","1.8080","1.8040","0.22%"
"12/12/2014","1.8000","1.8000","1.8000","1.8000","-5.66%"
"12/11/2014","1.9080","1.9080","1.9080","1.9080","-0.10%"
"12/10/2014","1.9100","1.9100","1.9100","1.9100","1.06%"
"12/09/2014","1.8900","1.8900","1.8900","1.8900","-3.67%"
"12/08/2014","1.9620","1.9620","1.9620","1.9620","-2.87%"
"12/06/2014","2.0200","2.0280","2.0280","2.0150","0.05%"
"12/05/2014","2.0190","2.0190","2.0190","2.0190","1.51%"
"12/04/2014","1.9890","1.9890","1.9890","1.9890","-1.24%"
"12/03/2014","2.0140","2.0140","2.0140","2.0140","2.29%"
"12/02/2014","1.9690","1.9690","1.9690","1.9690","3.63%"
"12/01/2014","1.9000","1.9000","1.9000","1.9000","-1.35%"
"11/30/2014","1.9260","1.9260","1.9260","1.9260","0.00%"
"11/29/2014","1.9260","1.9310","1.9310","1.9260","-0.16%"
"11/28/2014","1.9290","1.9290","1.9290","1.9290","0.26%"
"11/27/2014","1.9240","1.9240","1.9240","1.9240","-2.83%"
"11/26/2014","1.9800","1.9800","1.9800","1.9800","-1.59%"
"11/25/2014","2.0120","2.0120","2.0120","2.0120","-1.76%"
"11/24/2014","2.0480","2.0480","2.0480","2.0480","0.00%"
"11/22/2014","2.0480","2.0480","2.0500","2.0480","0.00%"
"11/21/2014","2.0480","2.0480","2.0480","2.0480","-2.38%"
"11/20/2014","2.0980","2.0980","2.0980","2.0980","-2.10%"
"11/19/2014","2.1430","2.1430","2.1430","2.1430","1.13%"
"11/18/2014","2.1190","2.1190","2.1190","2.1190","-0.05%"
"11/17/2014","2.1200","2.1200","2.1200","2.1200","0.33%"
"11/16/2014","2.1130","2.1130","2.1130","2.1130","-0.19%"
"11/14/2014","2.1170","2.1170","2.1170","2.1170","-2.98%"
"11/13/2014","2.1820","2.1820","2.1820","2.1820","-0.50%"
"11/12/2014","2.1930","2.1930","2.1930","2.1930","-1.97%"
"11/11/2014","2.2370","2.2370","2.2370","2.2370","1.27%"
"11/10/2014","2.2090","2.2090","2.2090","2.2090","-0.05%"
"11/08/2014","2.2100","2.2100","2.2100","2.2100","-0.14%"
"11/07/2014","2.2130","2.2130","2.2130","2.2130","-1.43%"
"11/06/2014","2.2450","2.2450","2.2450","2.2450","-0.71%"
"11/05/2014","2.2610","2.2610","2.2610","2.2610","1.39%"
"11/04/2014","2.2300","2.2300","2.2300","2.2300","-1.93%"
"11/03/2014","2.2740","2.2740","2.2740","2.2740","1.02%"
"11/02/2014","2.2510","2.2470","2.2510","2.2470","0.18%"
"11/01/2014","2.2470","2.2490","2.2510","2.2450","-0.09%"
"10/31/2014","2.2490","2.2490","2.2490","2.2490","1.03%"
"10/30/2014","2.2260","2.2260","2.2260","2.2260","-1.42%"
"10/29/2014","2.2580","2.2580","2.2580","2.2580","0.89%"
"10/28/2014","2.2380","2.2380","2.2380","2.2380","1.31%"
"10/27/2014","2.2090","2.2090","2.2090","2.2090","-1.25%"
"10/25/2014","2.2370","2.2360","2.2370","2.2300","0.36%"
"10/24/2014","2.2290","2.2290","2.2290","2.2290","-0.62%"
"10/23/2014","2.2430","2.2430","2.2430","2.2430","1.26%"
"10/22/2014","2.2150","2.2150","2.2150","2.2150","1.98%"
"10/21/2014","2.1720","2.1720","2.1720","2.1720","0.98%"
"10/20/2014","2.1510","2.1510","2.1510","2.1510","-2.18%"
"10/18/2014","2.1990","2.1990","2.1990","2.1990","0.23%"
"10/17/2014","2.1940","2.1940","2.1940","2.1940","4.78%"
"10/16/2014","2.0940","2.0940","2.0940","2.0940","7.16%"
"10/15/2014","1.9540","1.9540","1.9540","1.9540","-8.18%"
"10/14/2014","2.1280","2.1280","2.1280","2.1280","-1.85%"
"10/13/2014","2.1680","2.1680","2.1680","2.1680","-2.52%"
"10/11/2014","2.2240","2.2230","2.2240","2.2230","0.32%"
"10/10/2014","2.2170","2.2170","2.2170","2.2170","-1.99%"
"10/09/2014","2.2620","2.2620","2.2620","2.2620","-0.09%"
"10/08/2014","2.2640","2.2640","2.2640","2.2640","-1.14%"
"10/07/2014","2.2900","2.2900","2.2900","2.2900","-2.84%"
"10/06/2014","2.3570","2.3570","2.3570","2.3570","-1.34%"
"10/04/2014","2.3890","2.3880","2.3910","2.3880","-0.58%"
"10/03/2014","2.4030","2.4030","2.4030","2.4030","3.27%"
"10/02/2014","2.3270","2.3270","2.3270","2.3270","-1.44%"
"10/01/2014","2.3610","2.3610","2.3610","2.3610","-2.72%"
"09/30/2014","2.4270","2.4270","2.4270","2.4270","-0.57%"
"09/29/2014","2.4410","2.4410","2.4410","2.4410","-1.05%"
"09/28/2014","2.4670","2.4670","2.4670","2.4670","-0.04%"
"09/27/2014","2.4680","2.4710","2.4710","2.4580","-0.04%"
"09/26/2014","2.4690","2.4690","2.4690","2.4690","0.37%"
"09/25/2014","2.4600","2.4600","2.4600","2.4600","-0.89%"
"09/24/2014","2.4820","2.4820","2.4820","2.4820","-0.24%"
"09/23/2014","2.4880","2.4880","2.4880","2.4880","-0.24%"
"09/22/2014","2.4940","2.4940","2.4940","2.4940","-1.85%"
"09/20/2014","2.5410","2.5400","2.5420","2.5400","-0.12%"
"09/19/2014","2.5440","2.5440","2.5440","2.5440","-1.36%"
"09/18/2014","2.5790","2.5790","2.5790","2.5790","2.46%"
"09/17/2014","2.5170","2.5170","2.5170","2.5170","-0.12%"
"09/16/2014","2.5200","2.5200","2.5200","2.5200","-0.94%"
"09/15/2014","2.5440","2.5440","2.5440","2.5440","0.39%"
"09/13/2014","2.5340","2.5310","2.5370","2.5310","0.08%"
"09/12/2014","2.5320","2.5320","2.5320","2.5320","1.32%"
"09/11/2014","2.4990","2.4990","2.4990","2.4990","-0.24%"
"09/10/2014","2.5050","2.5050","2.5050","2.5050","0.97%"
"09/09/2014","2.4810","2.4810","2.4810","2.4810","0.08%"
"09/08/2014","2.4790","2.4790","2.4790","2.4790","0.41%"
"09/06/2014","2.4690","2.4690","2.4690","2.4620","0.24%"
"09/05/2014","2.4630","2.4630","2.4630","2.4630","-1.32%"
"09/04/2014","2.4960","2.4960","2.4960","2.4960","0.89%"
"09/03/2014","2.4740","2.4740","2.4740","2.4740","1.35%"
"09/02/2014","2.4410","2.4410","2.4410","2.4410","2.35%"
"09/01/2014","2.3850","2.3850","2.3850","2.3850","0.80%"
"08/31/2014","2.3660","2.3660","2.3660","2.3660","0.00%"
"08/30/2014","2.3660","2.3700","2.3700","2.3650","-0.17%"
"08/29/2014","2.3700","2.3700","2.3700","2.3700","-0.08%"
"08/28/2014","2.3720","2.3720","2.3720","2.3720","-0.13%"
"08/27/2014","2.3750","2.3750","2.3750","2.3750","-3.10%"
"08/26/2014","2.4510","2.4510","2.4510","2.4510","0.08%"
"08/25/2014","2.4490","2.4490","2.4490","2.4490","2.04%"
"08/23/2014","2.4000","2.4000","2.4040","2.3980","-0.25%"
"08/22/2014","2.4060","2.4060","2.4060","2.4060","0.33%"
"08/21/2014","2.3980","2.3980","2.3980","2.3980","-0.87%"
"08/20/2014","2.4190","2.4190","2.4190","2.4190","0.75%"
"08/19/2014","2.4010","2.4010","2.4010","2.4010","-1.19%"
"08/18/2014","2.4300","2.4300","2.4300","2.4300","3.71%"
"08/17/2014","2.3430","2.3440","2.3450","2.3430","-0.04%"
"08/16/2014","2.3440","2.3440","2.3440","2.3370","0.69%"
"08/15/2014","2.3280","2.3280","2.3280","2.3280","-4.63%"
"08/14/2014","2.4410","2.4410","2.4410","2.4410","-0.08%"
"08/13/2014","2.4430","2.4430","2.4430","2.4430","-1.73%"
"08/12/2014","2.4860","2.4860","2.4860","2.4860","-0.24%"
"08/11/2014","2.4920","2.4920","2.4920","2.4920","1.38%"
"08/10/2014","2.4580","2.4580","2.4580","2.4580","0.00%"
"08/09/2014","2.4580","2.4630","2.4630","2.4580","-0.12%"
"08/08/2014","2.4610","2.4610","2.4610","2.4610","-0.89%"
"08/07/2014","2.4830","2.4830","2.4830","2.4830","-1.31%"
"08/06/2014","2.5160","2.5160","2.5160","2.5160","-2.63%"
"08/05/2014","2.5840","2.5840","2.5840","2.5840","1.77%"
"08/04/2014","2.5390","2.5390","2.5390","2.5390","-0.39%"
"08/02/2014","2.5490","2.5530","2.5610","2.5490","0.00%"
"08/01/2014","2.5490","2.5490","2.5490","2.5490","-2.04%"
"07/31/2014","2.6020","2.6020","2.6020","2.6020","0.08%"
"07/30/2014","2.6000","2.6000","2.6000","2.6000","2.12%"
"07/29/2014","2.5460","2.5460","2.5460","2.5460","-1.28%"
"07/28/2014","2.5790","2.5790","2.5790","2.5790","0.27%"
"07/27/2014","2.5720","2.5720","2.5720","2.5720","0.00%"
"07/26/2014","2.5720","2.5720","2.5730","2.5650","0.00%"
"07/25/2014","2.5720","2.5720","2.5720","2.5720","-1.38%"
"07/24/2014","2.6080","2.6080","2.6080","2.6080","2.03%"
"07/23/2014","2.5560","2.5560","2.5560","2.5560","-1.20%"
"07/22/2014","2.5870","2.5870","2.5870","2.5870","0.78%"
"07/21/2014","2.5670","2.5670","2.5670","2.5670","-0.81%"
"07/20/2014","2.5880","2.5880","2.5880","2.5880","0.00%"
"07/19/2014","2.5880","2.5880","2.5880","2.5730","0.62%"
"07/18/2014","2.5720","2.5720","2.5720","2.5720","-0.50%"
"07/17/2014","2.5850","2.5850","2.5850","2.5850","-2.53%"
"07/16/2014","2.6520","2.6520","2.6520","2.6520","-0.08%"
"07/15/2014","2.6540","2.6540","2.6540","2.6540","1.84%"
"07/14/2014","2.6060","2.6060","2.6060","2.6060","0.27%"
"07/12/2014","2.5990","2.5990","2.6030","2.5990","-0.15%"
"07/11/2014","2.6030","2.6030","2.6030","2.6030","-0.99%"
"07/10/2014","2.6290","2.6290","2.6290","2.6290","-1.20%"
"07/09/2014","2.6610","2.6610","2.6610","2.6610","0.45%"
"07/08/2014","2.6490","2.6490","2.6490","2.6490","-2.93%"
"07/07/2014","2.7290","2.7290","2.7290","2.7290","-0.91%"
"07/05/2014","2.7540","2.7540","2.7600","2.7540","-0.18%"
"07/04/2014","2.7590","2.7590","2.7590","2.7590","0.25%"
"07/03/2014","2.7520","2.7520","2.7520","2.7520","0.07%"
"07/02/2014","2.7500","2.7500","2.7500","2.7500","1.55%"
"07/01/2014","2.7080","2.7080","2.7080","2.7080","1.46%"
"06/30/2014","2.6690","2.6690","2.6690","2.6690","1.14%"
"06/28/2014","2.6390","2.6390","2.6430","2.6390","-0.08%"
"06/27/2014","2.6410","2.6410","2.6410","2.6410","0.11%"
"06/26/2014","2.6380","2.6380","2.6380","2.6380","-0.38%"
"06/25/2014","2.6480","2.6480","2.6480","2.6480","-3.25%"
"06/24/2014","2.7370","2.7370","2.7370","2.7370","-0.11%"
"06/23/2014","2.7400","2.7400","2.7400","2.7400","-0.76%"
"06/22/2014","2.7610","2.7610","2.7610","2.7610","0.00%"
"06/21/2014","2.7610","2.7610","2.7610","2.7610","0.00%"
"06/20/2014","2.7610","2.7610","2.7610","2.7610","0.91%"
"06/19/2014","2.7360","2.7360","2.7360","2.7360","-0.22%"
"06/18/2014","2.7420","2.7420","2.7420","2.7420","-1.33%"
"06/17/2014","2.7790","2.7790","2.7790","2.7790","0.87%"
"06/16/2014","2.7550","2.7550","2.7550","2.7550","0.18%"
"06/14/2014","2.7500","2.7470","2.7500","2.7460","0.15%"
"06/13/2014","2.7460","2.7460","2.7460","2.7460","1.03%"
"06/12/2014","2.7180","2.7180","2.7180","2.7180","0.18%"
"06/11/2014","2.7130","2.7130","2.7130","2.7130","-0.29%"
"06/10/2014","2.7210","2.7210","2.7210","2.7210","0.78%"
"06/09/2014","2.7000","2.7000","2.7000","2.7000","1.31%"
"06/07/2014","2.6650","2.6610","2.6650","2.6600","0.34%"
"06/06/2014","2.6560","2.6560","2.6560","2.6560","-0.86%"
"06/05/2014","2.6790","2.6790","2.6790","2.6790","-0.78%"
"06/04/2014","2.7000","2.7000","2.7000","2.7000","1.81%"
"06/03/2014","2.6520","2.6520","2.6520","2.6520","1.26%"
"06/02/2014","2.6190","2.6190","2.6190","2.6190","1.79%"
"05/31/2014","2.5730","2.5730","2.5730","2.5650","0.08%"
"05/30/2014","2.5710","2.5710","2.5710","2.5710","0.94%"
"05/29/2014","2.5470","2.5470","2.5470","2.5470","-0.12%"
"05/28/2014","2.5500","2.5500","2.5500","2.5500","-3.56%"
"05/27/2014","2.6440","2.6440","2.6440","2.6440","-0.19%"
"05/26/2014","2.6490","2.6490","2.6490","2.6490","0.15%"
"05/25/2014","2.6450","2.6450","2.6450","2.6450","0.00%"
"05/24/2014","2.6450","2.6450","2.6460","2.6370","0.27%"
"05/23/2014","2.6380","2.6380","2.6380","2.6380","-0.64%"
"05/22/2014","2.6550","2.6550","2.6550","2.6550","0.38%"
"05/21/2014","2.6450","2.6450","2.6450","2.6450","1.46%"
"05/20/2014","2.6070","2.6070","2.6070","2.6070","0.70%"
"05/19/2014","2.5890","2.5890","2.5890","2.5890","0.82%"
"05/17/2014","2.5680","2.5670","2.5680","2.5640","0.16%"
"05/16/2014","2.5640","2.5640","2.5640","2.5640","1.50%"
"05/15/2014","2.5260","2.5260","2.5260","2.5260","-2.28%"
"05/14/2014","2.5850","2.5850","2.5850","2.5850","-3.69%"
"05/13/2014","2.6840","2.6840","2.6840","2.6840","-1.83%"
"05/12/2014","2.7340","2.7340","2.7340","2.7340","1.64%"
"05/10/2014","2.6900","2.6980","2.6980","2.6900","0.15%"
"05/09/2014","2.6860","2.6860","2.6860","2.6860","1.51%"
"05/08/2014","2.6460","2.6460","2.6460","2.6460","-0.49%"
"05/07/2014","2.6590","2.6590","2.6590","2.6590","0.00%"
"05/06/2014","2.6590","2.6590","2.6590","2.6590","0.87%"
"05/05/2014","2.6360","2.6370","2.6370","2.6360","0.00%"
"05/03/2014","2.6360","2.6360","2.6400","2.6360","-0.26%"
"05/02/2014","2.6430","2.6430","2.6430","2.6430","0.19%"
"05/01/2014","2.6380","2.6380","2.6380","2.6380","-1.01%"
"04/30/2014","2.6650","2.6650","2.6650","2.6650","-0.78%"
"04/29/2014","2.6860","2.6860","2.6860","2.6860","0.71%"
"04/28/2014","2.6670","2.6670","2.6670","2.6670","0.76%"
"04/27/2014","2.6470","2.6420","2.6470","2.6420","0.19%"
"04/26/2014","2.6420","2.6470","2.6470","2.6420","0.08%"
"04/25/2014","2.6400","2.6400","2.6400","2.6400","-2.00%"
"04/24/2014","2.6940","2.6940","2.6940","2.6940","0.52%"
"04/23/2014","2.6800","2.6800","2.6800","2.6800","-1.22%"
"04/22/2014","2.7130","2.7130","2.7130","2.7130","1.61%"
"04/17/2014","2.6700","2.6700","2.6700","2.6700","1.21%"
"04/16/2014","2.6380","2.6380","2.6380","2.6380","1.38%"
"04/15/2014","2.6020","2.6020","2.6020","2.6020","-1.36%"
"04/14/2014","2.6380","2.6380","2.6380","2.6380","0.84%"
"04/12/2014","2.6160","2.6160","2.6160","2.6130","0.11%"
"04/11/2014","2.6130","2.6130","2.6130","2.6130","-0.31%"
"04/10/2014","2.6210","2.6210","2.6210","2.6210","-2.75%"
"04/09/2014","2.6950","2.6950","2.6950","2.6950","0.04%"
"04/08/2014","2.6940","2.6940","2.6940","2.6940","1.09%"
"04/07/2014","2.6650","2.6650","2.6650","2.6650","-0.52%"
"04/05/2014","2.6790","2.6790","2.6810","2.6790","-0.22%"
"04/04/2014","2.6850","2.6850","2.6850","2.6850","-2.61%"
"04/03/2014","2.7570","2.7570","2.7570","2.7570","-0.58%"
"04/02/2014","2.7730","2.7730","2.7730","2.7730","1.46%"
"04/01/2014","2.7330","2.7330","2.7330","2.7330","-0.15%"
"03/31/2014","2.7370","2.7370","2.7370","2.7370","0.37%"
"03/29/2014","2.7270","2.7260","2.7270","2.7260","0.07%"
"03/28/2014","2.7250","2.7250","2.7250","2.7250","1.72%"
"03/27/2014","2.6790","2.6790","2.6790","2.6790","-0.81%"
"03/26/2014","2.7010","2.7010","2.7010","2.7010","-0.33%"
"03/25/2014","2.7100","2.7100","2.7100","2.7100","0.82%"
"03/24/2014","2.6880","2.6880","2.6880","2.6880","-2.01%"
"03/22/2014","2.7430","2.7430","2.7480","2.7430","-0.25%"
"03/21/2014","2.7500","2.7500","2.7500","2.7500","-0.79%"
"03/20/2014","2.7720","2.7720","2.7720","2.7720","2.67%"
"03/19/2014","2.7000","2.7000","2.7000","2.7000","0.82%"
"03/18/2014","2.6780","2.6780","2.6780","2.6780","-0.33%"
"03/17/2014","2.6870","2.6870","2.6870","2.6870","0.71%"
"03/15/2014","2.6680","2.6680","2.6680","2.6640","0.00%"
"03/14/2014","2.6680","2.6680","2.6680","2.6680","-0.82%"
"03/13/2014","2.6900","2.6900","2.6900","2.6900","-2.25%"
"03/12/2014","2.7520","2.7520","2.7520","2.7520","-1.11%"
"03/11/2014","2.7830","2.7830","2.7830","2.7830","-0.54%"
"03/10/2014","2.7980","2.7980","2.7980","2.7980","0.14%"
"03/09/2014","2.7940","2.7940","2.7940","2.7940","0.00%"
"03/08/2014","2.7940","2.7930","2.7940","2.7920","-0.07%"
"03/07/2014","2.7960","2.7960","2.7960","2.7960","0.98%"
"03/06/2014","2.7690","2.7690","2.7690","2.7690","1.80%"
"03/05/2014","2.7200","2.7200","2.7200","2.7200","0.70%"
"03/04/2014","2.7010","2.7010","2.7010","2.7010","2.04%"
"03/03/2014","2.6470","2.6470","2.6470","2.6470","-2.47%"
"03/01/2014","2.7140","2.7210","2.7220","2.7140","-0.26%"
"02/28/2014","2.7210","2.7210","2.7210","2.7210","1.64%"
"02/27/2014","2.6770","2.6770","2.6770","2.6770","-1.87%"
"02/26/2014","2.7280","2.7280","2.7280","2.7280","-0.58%"
"02/25/2014","2.7440","2.7440","2.7440","2.7440","-1.19%"
"02/24/2014","2.7770","2.7770","2.7770","2.7770","0.04%"
"02/22/2014","2.7760","2.7760","2.7780","2.7760","-0.25%"
"02/21/2014","2.7830","2.7830","2.7830","2.7830","-0.57%"
"02/20/2014","2.7990","2.7990","2.7990","2.7990","2.34%"
"02/19/2014","2.7350","2.7350","2.7350","2.7350","-0.55%"
"02/18/2014","2.7500","2.7500","2.7500","2.7500","-1.22%"
"02/17/2014","2.7840","2.7840","2.7840","2.7840","-0.54%"
"02/15/2014","2.7990","2.7860","2.7990","2.7860","0.14%"
"02/14/2014","2.7950","2.7950","2.7950","2.7950","0.07%"
"02/13/2014","2.7930","2.7930","2.7930","2.7930","-0.99%"
"02/12/2014","2.8210","2.8210","2.8210","2.8210","2.77%"
"02/11/2014","2.7450","2.7450","2.7450","2.7450","0.96%"
"02/10/2014","2.7190","2.7190","2.7190","2.7190","0.44%"
"02/08/2014","2.7070","2.7120","2.7140","2.7060","-0.22%"
"02/07/2014","2.7130","2.7130","2.7130","2.7130","-1.31%"
"02/06/2014","2.7490","2.7490","2.7490","2.7490","2.19%"
"02/05/2014","2.6900","2.6900","2.6900","2.6900","-0.52%"
"02/04/2014","2.7040","2.7040","2.7040","2.7040","0.56%"
"02/03/2014","2.6890","2.6890","2.6890","2.6890","-1.14%"
"02/01/2014","2.7200","2.7200","2.7200","2.7120","0.29%"
"01/31/2014","2.7120","2.7120","2.7120","2.7120","-1.49%"
"01/30/2014","2.7530","2.7530","2.7530","2.7530","-0.36%"
"01/29/2014","2.7630","2.7630","2.7630","2.7630","-1.50%"
"01/28/2014","2.8050","2.8050","2.8050","2.8050","1.04%"
"01/27/2014","2.7760","2.7760","2.7760","2.7760","-0.25%"
"01/25/2014","2.7830","2.7830","2.7840","2.7830","0.61%"
"01/24/2014","2.7660","2.7660","2.7660","2.7660","-1.53%"
"01/23/2014","2.8090","2.8090","2.8090","2.8090","-2.77%"
"01/22/2014","2.8890","2.8890","2.8890","2.8890","1.87%"
"01/21/2014","2.8360","2.8360","2.8360","2.8360","0.21%"
"01/20/2014","2.8300","2.8300","2.8300","2.8300","-0.11%"
"01/18/2014","2.8330","2.8350","2.8350","2.8320","0.00%"
"01/17/2014","2.8330","2.8330","2.8330","2.8330","0.68%"
"01/16/2014","2.8140","2.8140","2.8140","2.8140","-1.75%"
"01/15/2014","2.8640","2.8640","2.8640","2.8640","0.99%"
"01/14/2014","2.8360","2.8360","2.8360","2.8360","-0.07%"
"01/13/2014","2.8380","2.8380","2.8380","2.8380","-1.15%"
"01/11/2014","2.8710","2.8710","2.8740","2.8710","-0.10%"
"01/10/2014","2.8740","2.8740","2.8740","2.8740","-3.72%"
"01/09/2014","2.9850","2.9850","2.9850","2.9850","0.37%"
"01/08/2014","2.9740","2.9740","2.9740","2.9740","0.78%"
"01/07/2014","2.9510","2.9510","2.9510","2.9510","-0.77%"
"01/06/2014","2.9740","2.9740","2.9740","2.9740","-1.82%"
"01/04/2014","3.0290","3.0290","3.0290","3.0290","0.17%"
"01/03/2014","3.0240","3.0240","3.0240","3.0240","-0.13%"
"01/02/2014","3.0280","3.0280","3.0280","3.0280","-0.26%"
"01/01/2014","3.0360","3.0360","3.0360","3.0340","0.13%"