"Date","Price","Open","High","Low","Vol.","Change %"
"12/31/2025","9.4240","9.4231","9.4325","9.3720","","0.02%"
"12/30/2025","9.4224","9.4666","9.4673","9.4088","","-0.45%"
"12/29/2025","9.4648","9.4538","9.4776","9.4365","","0.06%"
"12/26/2025","9.4587","9.4730","9.4797","9.4447","","-0.17%"
"12/25/2025","9.4744","9.4733","9.4849","9.4624","","0.00%"
"12/24/2025","9.4740","9.5001","9.5129","9.4631","","-0.29%"
"12/23/2025","9.5011","9.4715","9.5064","9.4669","","0.29%"
"12/22/2025","9.4736","9.4241","9.4848","9.4139","","0.57%"
"12/19/2025","9.4203","9.4222","9.4318","9.4039","","-0.03%"
"12/18/2025","9.4230","9.4224","9.4684","9.3924","","0.01%"
"12/17/2025","9.4221","9.4537","9.4569","9.3775","","-0.33%"
"12/16/2025","9.4530","9.4246","9.4767","9.4046","","0.28%"
"12/15/2025","9.4270","9.4405","9.4462","9.4142","","-0.08%"
"12/12/2025","9.4341","9.4511","9.4585","9.4123","","-0.16%"
"12/11/2025","9.4493","9.4556","9.4860","9.4245","","-0.06%"
"12/10/2025","9.4546","9.3964","9.4595","9.3903","","0.66%"
"12/09/2025","9.3928","9.4210","9.4381","9.3856","","-0.30%"
"12/08/2025","9.4206","9.4205","9.4347","9.4079","","-0.05%"
"12/05/2025","9.4251","9.4240","9.4492","9.4142","","0.01%"
"12/04/2025","9.4240","9.4320","9.4665","9.4193","","-0.08%"
"12/03/2025","9.4320","9.3435","9.4348","9.3347","","0.95%"
"12/02/2025","9.3428","9.3432","9.3557","9.3172","","-0.01%"
"12/01/2025","9.3439","9.3613","9.3888","9.3380","","-0.23%"
"11/28/2025","9.3659","9.3736","9.3785","9.3390","","-0.08%"
"11/27/2025","9.3732","9.3693","9.3951","9.3548","","0.03%"
"11/26/2025","9.3700","9.3277","9.3729","9.2912","","0.45%"
"11/25/2025","9.3281","9.3083","9.3631","9.2896","","0.21%"
"11/24/2025","9.3083","9.3129","9.3201","9.2905","","-0.01%"
"11/21/2025","9.3090","9.3032","9.3181","9.2708","","0.06%"
"11/20/2025","9.3032","9.2874","9.3342","9.2783","","0.17%"
"11/19/2025","9.2874","9.3440","9.3543","9.2749","","-0.61%"
"11/18/2025","9.3440","9.3513","9.3721","9.3354","","-0.07%"
"11/17/2025","9.3506","9.3320","9.3779","9.3293","","-0.01%"
"11/14/2025","9.3518","9.3605","9.3717","9.3074","","-0.09%"
"11/13/2025","9.3605","9.3365","9.3782","9.3044","","0.21%"
"11/12/2025","9.3412","9.3596","9.3674","9.3096","","-0.20%"
"11/11/2025","9.3596","9.3801","9.3851","9.3395","","-0.21%"
"11/10/2025","9.3794","9.3715","9.3924","9.3526","","0.06%"
"11/07/2025","9.3741","9.3527","9.3848","9.3260","","0.23%"
"11/06/2025","9.3527","9.2986","9.3577","9.2965","","0.56%"
"11/05/2025","9.3004","9.2844","9.3047","9.2724","","0.17%"
"11/04/2025","9.2844","9.3595","9.3634","9.2751","","-0.77%"
"11/03/2025","9.3567","9.3523","9.3764","9.3343","","-0.07%"
"10/31/2025","9.3629","9.3527","9.3637","9.3221","","0.11%"
"10/30/2025","9.3527","9.3662","9.3936","9.3309","","-0.14%"
"10/29/2025","9.3658","9.4218","9.4296","9.3267","","-0.59%"
"10/28/2025","9.4218","9.4830","9.4997","9.4075","","-0.65%"
"10/27/2025","9.4830","9.4809","9.4984","9.4645","","0.02%"
"10/24/2025","9.4810","9.4925","9.5164","9.4617","","-0.12%"
"10/23/2025","9.4925","9.5177","9.5238","9.4782","","-0.27%"
"10/22/2025","9.5185","9.5234","9.5366","9.4790","","-0.05%"
"10/21/2025","9.5234","9.5448","9.5537","9.5123","","-0.22%"
"10/20/2025","9.5444","9.5688","9.5783","9.5402","","-0.25%"
"10/17/2025","9.5684","9.5729","9.5951","9.5424","","-0.02%"
"10/16/2025","9.5701","9.5519","9.5882","9.5437","","0.19%"
"10/15/2025","9.5515","9.5124","9.5561","9.5019","","0.45%"
"10/14/2025","9.5085","9.5088","9.5307","9.4588","","0.00%"
"10/13/2025","9.5088","9.5324","9.5397","9.4968","","-0.25%"
"10/10/2025","9.5324","9.4844","9.5328","9.4449","","0.51%"
"10/09/2025","9.4844","9.5434","9.5705","9.4659","","-0.63%"
"10/08/2025","9.5441","9.5580","9.5687","9.5189","","-0.15%"
"10/07/2025","9.5580","9.6011","9.6043","9.5338","","-0.44%"
"10/06/2025","9.6007","9.5627","9.6057","9.5509","","0.04%"
"10/03/2025","9.5968","9.5626","9.6029","9.5598","","0.30%"
"10/02/2025","9.5683","9.5954","9.6200","9.5395","","-0.28%"
"10/01/2025","9.5954","9.5769","9.6321","9.5644","","0.24%"
"09/30/2025","9.5726","9.5593","9.5894","9.5488","","0.14%"
"09/29/2025","9.5593","9.5582","9.5814","9.5505","","-0.03%"
"09/26/2025","9.5625","9.5215","9.5694","9.5094","","0.43%"
"09/25/2025","9.5211","9.5910","9.6006","9.5057","","-0.72%"
"09/24/2025","9.5906","9.6199","9.6235","9.5716","","-0.30%"
"09/23/2025","9.6199","9.6141","9.6265","9.5926","","0.06%"
"09/22/2025","9.6141","9.5925","9.6205","9.5692","","0.31%"
"09/19/2025","9.5847","9.6409","9.6446","9.5811","","-0.58%"
"09/18/2025","9.6409","9.6797","9.7076","9.6251","","-0.40%"
"09/17/2025","9.6794","9.7090","9.7519","9.6737","","-0.30%"
"09/16/2025","9.7090","9.6840","9.7282","9.6780","","0.29%"
"09/15/2025","9.6811","9.6591","9.7011","9.6499","","0.22%"
"09/12/2025","9.6598","9.6628","9.6698","9.6342","","-0.03%"
"09/11/2025","9.6628","9.6352","9.6703","9.6139","","0.29%"
"09/10/2025","9.6352","9.6326","9.6617","9.6228","","0.02%"
"09/09/2025","9.6336","9.6578","9.6796","9.6258","","-0.25%"
"09/08/2025","9.6578","9.6301","9.6666","9.6154","","0.22%"
"09/05/2025","9.6362","9.5935","9.6726","9.5888","","0.44%"
"09/04/2025","9.5938","9.6026","9.6107","9.5805","","-0.09%"
"09/03/2025","9.6026","9.5634","9.6134","9.5300","","0.41%"
"09/02/2025","9.5634","9.6664","9.6728","9.5323","","-1.09%"
"09/01/2025","9.6685","9.6294","9.6728","9.6237","","0.40%"
"08/29/2025","9.6298","9.6357","9.6401","9.5893","","-0.06%"
"08/28/2025","9.6357","9.6566","9.6685","9.6182","","-0.22%"
"08/27/2025","9.6565","9.6439","9.6605","9.6085","","0.15%"
"08/26/2025","9.6425","9.6228","9.6615","9.6156","","0.21%"
"08/25/2025","9.6224","9.6916","9.6948","9.6149","","-0.73%"
"08/22/2025","9.6927","9.6301","9.7066","9.6191","","0.64%"
"08/21/2025","9.6309","9.6610","9.6786","9.6248","","-0.27%"
"08/20/2025","9.6574","9.6859","9.7051","9.6491","","-0.33%"
"08/19/2025","9.6898","9.7018","9.7163","9.6790","","-0.13%"
"08/18/2025","9.7025","9.7328","9.7462","9.7000","","-0.32%"
"08/15/2025","9.7336","9.7174","9.7517","9.7102","","0.17%"
"08/14/2025","9.7174","9.7405","9.7535","9.7069","","-0.24%"
"08/13/2025","9.7405","9.6916","9.7467","9.6891","","0.50%"
"08/12/2025","9.6916","9.6553","9.7145","9.6475","","0.36%"
"08/11/2025","9.6564","9.6527","9.6798","9.6279","","-0.07%"
"08/08/2025","9.6631","9.6540","9.6700","9.6382","","0.10%"
"08/07/2025","9.6536","9.5920","9.6591","9.5836","","0.62%"
"08/06/2025","9.5938","9.5551","9.6032","9.5474","","0.41%"
"08/05/2025","9.5551","9.5416","9.5677","9.5303","","0.19%"
"08/04/2025","9.5369","9.5639","9.5931","9.5180","","-0.42%"
"08/01/2025","9.5769","9.5100","9.6002","9.4787","","0.71%"
"07/31/2025","9.5097","9.5211","9.5529","9.4904","","-0.15%"
"07/30/2025","9.5237","9.5830","9.6118","9.5154","","-0.62%"
"07/29/2025","9.5827","9.5907","9.5930","9.5518","","-0.05%"
"07/28/2025","9.5875","9.6299","9.6442","9.5824","","-0.47%"
"07/25/2025","9.6331","9.6661","9.6738","9.6162","","-0.34%"
"07/24/2025","9.6657","9.7211","9.7300","9.6596","","-0.61%"
"07/23/2025","9.7246","9.7095","9.7275","9.6820","","0.15%"
"07/22/2025","9.7099","9.6799","9.7116","9.6577","","0.28%"
"07/21/2025","9.6824","9.6213","9.6967","9.6162","","0.60%"
"07/18/2025","9.6245","9.6333","9.6736","9.6216","","-0.14%"
"07/17/2025","9.6380","9.6346","9.6432","9.6041","","0.01%"
"07/16/2025","9.6367","9.6000","9.6834","9.5971","","0.38%"
"07/15/2025","9.6000","9.6241","9.6613","9.5957","","-0.25%"
"07/14/2025","9.6241","9.6779","9.6847","9.6205","","-0.56%"
"07/11/2025","9.6779","9.7352","9.7485","9.6644","","-0.65%"
"07/10/2025","9.7410","9.7567","9.7758","9.7090","","-0.16%"
"07/09/2025","9.7567","9.7513","9.7800","9.7383","","0.06%"
"07/08/2025","9.7513","9.7572","9.7862","9.7026","","-0.06%"
"07/07/2025","9.7572","9.7680","9.7967","9.7370","","-0.26%"
"07/04/2025","9.7831","9.7913","9.8033","9.7666","","-0.07%"
"07/03/2025","9.7899","9.7724","9.7992","9.7296","","0.18%"
"07/02/2025","9.7724","9.8488","9.8557","9.7198","","-0.79%"
"07/01/2025","9.8499","9.8395","9.8763","9.8183","","0.11%"
"06/30/2025","9.8395","9.8250","9.8486","9.7975","","0.02%"
"06/27/2025","9.8375","9.8428","9.8623","9.8128","","-0.03%"
"06/26/2025","9.8407","9.8071","9.8715","9.7984","","0.35%"
"06/25/2025","9.8067","9.7639","9.8128","9.7498","","0.43%"
"06/24/2025","9.7646","9.7106","9.7892","9.6977","","0.56%"
"06/23/2025","9.7106","9.6422","9.7164","9.6104","","0.56%"
"06/20/2025","9.6569","9.6798","9.6991","9.6498","","-0.25%"
"06/19/2025","9.6810","9.6536","9.6841","9.6231","","0.33%"
"06/18/2025","9.6492","9.6508","9.6902","9.6331","","0.01%"
"06/17/2025","9.6483","9.7501","9.7541","9.6383","","-1.02%"
"06/16/2025","9.7480","9.7419","9.7835","9.7196","","0.06%"
"06/13/2025","9.7422","9.7654","9.7801","9.7067","","-0.24%"
"06/12/2025","9.7654","9.7493","9.7792","9.7118","","0.22%"
"06/11/2025","9.7439","9.7020","9.7604","9.6758","","0.43%"
"06/10/2025","9.7020","9.7351","9.7453","9.6743","","-0.29%"
"06/09/2025","9.7304","9.7260","9.7569","9.7147","","0.07%"
"06/06/2025","9.7238","9.7432","9.7544","9.7096","","-0.15%"
"06/05/2025","9.7382","9.7414","9.7692","9.7210","","-0.01%"
"06/04/2025","9.7389","9.7161","9.7586","9.7091","","0.23%"
"06/03/2025","9.7165","9.7460","9.7647","9.6972","","-0.36%"
"06/02/2025","9.7514","9.6891","9.7636","9.6851","","0.62%"
"05/30/2025","9.6913","9.6934","9.7185","9.6773","","-0.03%"
"05/29/2025","9.6938","9.6939","9.7076","9.6501","","0.04%"
"05/28/2025","9.6900","9.7216","9.7313","9.6773","","-0.30%"
"05/27/2025","9.7191","9.7494","9.7656","9.7134","","-0.30%"
"05/26/2025","9.7480","9.7060","9.7543","9.7021","","0.28%"
"05/23/2025","9.7207","9.6675","9.7241","9.6613","","0.55%"
"05/22/2025","9.6674","9.6654","9.6823","9.6491","","0.02%"
"05/21/2025","9.6657","9.6694","9.7062","9.6476","","-0.04%"
"05/20/2025","9.6694","9.6402","9.6718","9.6265","","0.30%"
"05/19/2025","9.6402","9.5659","9.6681","9.5634","","0.73%"
"05/16/2025","9.5703","9.5864","9.6015","9.5519","","-0.17%"
"05/15/2025","9.5864","9.5606","9.6009","9.5563","","0.27%"
"05/14/2025","9.5606","9.5903","9.6302","9.5527","","-0.30%"
"05/13/2025","9.5898","9.4905","9.5967","9.4708","","1.05%"
"05/12/2025","9.4904","9.6110","9.6230","9.4723","","-1.44%"
"05/09/2025","9.6291","9.5839","9.6425","9.5629","","0.47%"
"05/08/2025","9.5843","9.6067","9.6627","9.5752","","-0.20%"
"05/07/2025","9.6034","9.6485","9.6666","9.5944","","-0.47%"
"05/06/2025","9.6485","9.6662","9.6735","9.5915","","-0.18%"
"05/05/2025","9.6662","9.6509","9.6986","9.6400","","0.16%"
"05/02/2025","9.6509","9.6578","9.6942","9.6433","","-0.07%"
"05/01/2025","9.6578","9.6931","9.7051","9.6411","","-0.36%"
"04/30/2025","9.6931","9.7455","9.7560","9.6695","","-0.55%"
"04/29/2025","9.7465","9.7994","9.8081","9.7307","","-0.59%"
"04/28/2025","9.8044","9.6876","9.8081","9.6814","","1.04%"
"04/25/2025","9.7039","9.7249","9.7271","9.6726","","-0.22%"
"04/24/2025","9.7249","9.6600","9.7308","9.6564","","0.69%"
"04/23/2025","9.6579","9.7506","9.7542","9.6546","","-0.92%"
"04/22/2025","9.7480","9.7540","9.8109","9.7432","","-0.08%"
"04/21/2025","9.7554","9.6922","9.7808","9.6893","","0.50%"
"04/18/2025","9.7068","9.6842","9.7101","9.6702","","0.23%"
"04/17/2025","9.6841","9.6783","9.6924","9.6473","","0.10%"
"04/16/2025","9.6747","9.6788","9.7347","9.6523","","-0.05%"
"04/15/2025","9.6792","9.6454","9.6977","9.6257","","0.35%"
"04/14/2025","9.6454","9.5403","9.6545","9.5250","","1.11%"
"04/11/2025","9.5392","9.4866","9.6142","9.4826","","0.55%"
"04/10/2025","9.4866","9.4271","9.5067","9.4146","","0.71%"
"04/09/2025","9.4194","9.3689","9.4560","9.3640","","0.54%"
"04/08/2025","9.3689","9.2962","9.4048","9.2962","","0.78%"
"04/07/2025","9.2962","9.3582","9.4510","9.2871","","-0.97%"
"04/04/2025","9.3877","9.5399","9.5504","9.3589","","-1.60%"
"04/03/2025","9.5399","9.4533","9.6392","9.4278","","0.92%"
"04/02/2025","9.4533","9.3927","9.4678","9.3786","","0.62%"
"04/01/2025","9.3949","9.3752","9.4067","9.3619","","0.21%"
"03/31/2025","9.3752","9.3891","9.4192","9.3509","","-0.27%"
"03/28/2025","9.4003","9.4079","9.4217","9.3866","","-0.08%"
"03/27/2025","9.4079","9.3668","9.4402","9.3538","","0.43%"
"03/26/2025","9.3676","9.3942","9.4053","9.3530","","-0.29%"
"03/25/2025","9.3945","9.3749","9.4120","9.3684","","0.22%"
"03/24/2025","9.3742","9.3577","9.4110","9.3414","","0.11%"
"03/21/2025","9.3635","9.3989","9.4040","9.3414","","-0.38%"
"03/20/2025","9.3989","9.3961","9.4154","9.3675","","-0.04%"
"03/19/2025","9.4026","9.3976","9.4095","9.3659","","0.05%"
"03/18/2025","9.3977","9.3977","9.4049","9.3611","","0.00%"
"03/17/2025","9.3977","9.3615","9.4042","9.3434","","0.38%"
"03/14/2025","9.3622","9.3812","9.3895","9.3411","","-0.20%"
"03/13/2025","9.3812","9.3826","9.3932","9.3633","","-0.01%"
"03/12/2025","9.3826","9.3617","9.4074","9.3372","","0.22%"
"03/11/2025","9.3617","9.3498","9.3737","9.3288","","0.13%"
"03/10/2025","9.3498","9.3380","9.3968","9.3355","","0.01%"
"03/07/2025","9.3485","9.3374","9.3633","9.3276","","0.12%"
"03/06/2025","9.3377","9.3510","9.3641","9.3235","","-0.14%"
"03/05/2025","9.3506","9.2967","9.3561","9.2781","","0.58%"
"03/04/2025","9.2967","9.2504","9.3014","9.2248","","0.49%"
"03/03/2025","9.2518","9.1681","9.2705","9.1609","","0.98%"
"02/28/2025","9.1620","9.1806","9.1944","9.1470","","-0.21%"
"02/27/2025","9.1809","9.2026","9.2246","9.1778","","-0.22%"
"02/26/2025","9.2011","9.1846","9.2328","9.1703","","0.16%"
"02/25/2025","9.1860","9.1510","9.2024","9.1430","","0.38%"
"02/24/2025","9.1510","9.1722","9.1974","9.1414","","-0.09%"
"02/21/2025","9.1595","9.1926","9.1980","9.1541","","-0.36%"
"02/20/2025","9.1930","9.1677","9.1955","9.1437","","0.28%"
"02/19/2025","9.1673","9.1814","9.2036","9.1499","","-0.15%"
"02/18/2025","9.1814","9.1703","9.1909","9.1525","","0.12%"
"02/17/2025","9.1703","9.1303","9.1787","9.1208","","0.44%"
"02/14/2025","9.1303","9.1608","9.1659","9.1270","","-0.33%"
"02/13/2025","9.1608","9.0994","9.1637","9.0865","","0.72%"
"02/12/2025","9.0950","9.0951","9.1254","9.0465","","0.00%"
"02/11/2025","9.0950","9.0361","9.1027","9.0111","","0.65%"
"02/10/2025","9.0361","9.0369","9.0766","9.0136","","-0.11%"
"02/07/2025","9.0457","9.0646","9.1026","9.0194","","-0.21%"
"02/06/2025","9.0646","9.0960","9.1047","9.0091","","-0.34%"
"02/05/2025","9.0957","9.0493","9.1265","9.0443","","0.51%"
"02/04/2025","9.0493","9.0283","9.0605","8.9753","","0.23%"
"02/03/2025","9.0283","8.9866","9.0323","8.8815","","0.46%"
"01/31/2025","8.9866","9.0055","9.0446","8.9805","","-0.21%"
"01/30/2025","9.0055","9.0254","9.0483","8.9961","","-0.26%"
"01/29/2025","9.0290","9.0196","9.0388","8.9858","","0.08%"
"01/28/2025","9.0222","9.0624","9.0649","9.0011","","-0.44%"
"01/27/2025","9.0620","9.0403","9.0832","9.0211","","0.20%"
"01/24/2025","9.0436","9.0053","9.0587","8.9723","","0.45%"
"01/23/2025","9.0031","8.9602","9.0209","8.9504","","0.50%"
"01/22/2025","8.9587","8.9850","8.9989","8.9504","","-0.29%"
"01/21/2025","8.9850","8.9954","9.0155","8.9081","","-0.16%"
"01/20/2025","8.9997","8.9181","9.0148","8.8999","","0.98%"
"01/17/2025","8.9126","8.9747","8.9769","8.9104","","-0.69%"
"01/16/2025","8.9747","8.9760","8.9901","8.9252","","-0.01%"
"01/15/2025","8.9760","8.9547","9.0221","8.9238","","0.23%"
"01/14/2025","8.9557","8.9465","8.9831","8.8989","","0.10%"
"01/13/2025","8.9465","8.9426","8.9547","8.8707","","-0.06%"
"01/10/2025","8.9521","9.0248","9.0346","8.9391","","-0.79%"
"01/09/2025","9.0237","9.0622","9.0696","8.9726","","-0.44%"
"01/08/2025","9.0637","9.1409","9.1612","9.0330","","-0.85%"
"01/07/2025","9.1412","9.1681","9.2108","9.1398","","-0.30%"
"01/06/2025","9.1685","9.0937","9.1916","9.0878","","0.83%"
"01/03/2025","9.0933","9.0371","9.1035","9.0319","","0.62%"
"01/02/2025","9.0371","9.1365","9.1547","9.0159","","-1.10%"
"01/01/2025","9.1380","9.1384","9.1500","9.1333","","0.04%"
"12/31/2024","9.1340","9.1589","9.1760","9.1271","","-0.31%"
"12/30/2024","9.1622","9.1749","9.2031","9.1279","","-0.21%"
"12/27/2024","9.1819","9.1421","9.1919","9.1268","","0.44%"
"12/26/2024","9.1421","9.1607","9.1618","9.1237","","-0.23%"
"12/25/2024","9.1632","9.1508","9.1670","9.1381","","0.11%"
"12/24/2024","9.1531","9.1489","9.1764","9.1319","","0.05%"
"12/23/2024","9.1489","9.1703","9.1876","9.1296","","-0.25%"
"12/20/2024","9.1722","9.1231","9.2046","9.1042","","0.54%"
"12/19/2024","9.1231","9.1641","9.2434","9.1169","","-0.42%"
"12/18/2024","9.1619","9.2622","9.2698","9.1532","","-1.05%"
"12/17/2024","9.2588","9.2394","9.2734","9.2263","","0.23%"
"12/16/2024","9.2371","9.1779","9.2506","9.1764","","0.60%"
"12/13/2024","9.1823","9.2158","9.2217","9.1729","","-0.34%"
"12/12/2024","9.2140","9.2598","9.2862","9.2075","","-0.49%"
"12/11/2024","9.2591","9.2599","9.2848","9.2391","","0.00%"
"12/10/2024","9.2587","9.2578","9.2653","9.2259","","0.01%"
"12/09/2024","9.2574","9.2601","9.2943","9.2516","","-0.10%"
"12/06/2024","9.2663","9.2637","9.2995","9.2446","","0.03%"
"12/05/2024","9.2633","9.2288","9.2730","9.2205","","0.38%"
"12/04/2024","9.2284","9.2343","9.2433","9.1854","","-0.06%"
"12/03/2024","9.2340","9.2037","9.2544","9.1942","","0.33%"
"12/02/2024","9.2037","9.2321","9.2543","9.1731","","-0.24%"
"11/29/2024","9.2263","9.1893","9.2325","9.1763","","0.37%"
"11/28/2024","9.1922","9.1884","9.1955","9.1688","","0.04%"
"11/27/2024","9.1887","9.1169","9.2004","9.1125","","0.80%"
"11/26/2024","9.1154","9.1012","9.1461","9.0537","","0.16%"
"11/25/2024","9.1004","9.0869","9.1344","9.0787","","0.22%"
"11/22/2024","9.0801","9.1135","9.1268","9.0518","","-0.34%"
"11/21/2024","9.1113","9.1666","9.1735","9.1012","","-0.61%"
"11/20/2024","9.1673","9.1779","9.2075","9.1514","","-0.14%"
"11/19/2024","9.1801","9.1744","9.1844","9.1361","","0.04%"
"11/18/2024","9.1762","9.1232","9.1827","9.1189","","0.54%"
"11/15/2024","9.1272","9.1573","9.1785","9.1099","","-0.32%"
"11/14/2024","9.1569","9.1815","9.1986","9.1428","","-0.27%"
"11/13/2024","9.1815","9.2200","9.2266","9.1546","","-0.42%"
"11/12/2024","9.2200","9.2863","9.2975","9.1987","","-0.70%"
"11/11/2024","9.2853","9.2731","9.2921","9.2602","","0.09%"
"11/08/2024","9.2774","9.2766","9.2970","9.2483","","0.03%"
"11/07/2024","9.2744","9.2471","9.2925","9.2363","","0.32%"
"11/06/2024","9.2450","9.2664","9.2751","9.1974","","-0.23%"
"11/05/2024","9.2664","9.1992","9.2675","9.1918","","0.73%"
"11/04/2024","9.1992","9.2391","9.2406","9.1819","","-0.09%"
"11/01/2024","9.2075","9.1817","9.2442","9.1731","","0.28%"
"10/31/2024","9.1817","9.2242","9.2558","9.1416","","-0.45%"
"10/30/2024","9.2235","9.2809","9.2931","9.2167","","-0.62%"
"10/29/2024","9.2809","9.2439","9.2830","9.2382","","0.40%"
"10/28/2024","9.2439","9.2308","9.2668","9.2204","","0.15%"
"10/25/2024","9.2297","9.2387","9.2611","9.2261","","-0.08%"
"10/24/2024","9.2370","9.2074","9.2457","9.1908","","0.32%"
"10/23/2024","9.2074","9.2485","9.2643","9.1967","","-0.44%"
"10/22/2024","9.2485","9.2443","9.2711","9.2179","","0.04%"
"10/21/2024","9.2446","9.2631","9.2752","9.2382","","-0.27%"
"10/18/2024","9.2695","9.2688","9.2937","9.2456","","0.02%"
"10/17/2024","9.2677","9.2485","9.2754","9.2412","","0.21%"
"10/16/2024","9.2485","9.3081","9.3113","9.2378","","-0.63%"
"10/15/2024","9.3074","9.2559","9.3263","9.2510","","0.56%"
"10/14/2024","9.2559","9.2321","9.2584","9.2144","","0.23%"
"10/11/2024","9.2346","9.2455","9.2518","9.2204","","-0.12%"
"10/10/2024","9.2455","9.2558","9.2665","9.2170","","-0.10%"
"10/09/2024","9.2551","9.2519","9.2695","9.2216","","0.03%"
"10/08/2024","9.2519","9.1827","9.2707","9.1781","","0.75%"
"10/07/2024","9.1830","9.1981","9.2195","9.1648","","-0.27%"
"10/04/2024","9.2080","9.2114","9.2476","9.1718","","-0.04%"
"10/03/2024","9.2114","9.3121","9.3185","9.1879","","-1.08%"
"10/02/2024","9.3121","9.3245","9.3395","9.2957","","-0.13%"
"10/01/2024","9.3245","9.3868","9.3985","9.2897","","-0.66%"
"09/30/2024","9.3869","9.3727","9.4172","9.3690","","0.11%"
"09/27/2024","9.3769","9.4057","9.4154","9.3683","","-0.31%"
"09/26/2024","9.4057","9.3695","9.4199","9.3582","","0.38%"
"09/25/2024","9.3698","9.4315","9.4445","9.3606","","-0.65%"
"09/24/2024","9.4315","9.4113","9.4350","9.3842","","0.21%"
"09/23/2024","9.4117","9.3923","9.4216","9.3515","","0.19%"
"09/20/2024","9.3937","9.3893","9.4071","9.3571","","0.05%"
"09/19/2024","9.3893","9.3576","9.4069","9.3197","","0.34%"
"09/18/2024","9.3573","9.3360","9.4182","9.3300","","0.23%"
"09/17/2024","9.3360","9.3751","9.3857","9.3247","","-0.42%"
"09/16/2024","9.3754","9.3098","9.3779","9.3070","","0.71%"
"09/13/2024","9.3094","9.3419","9.3604","9.3043","","-0.34%"
"09/12/2024","9.3411","9.2871","9.3447","9.2775","","0.59%"
"09/11/2024","9.2861","9.3140","9.3233","9.2558","","-0.30%"
"09/10/2024","9.3140","9.3002","9.3341","9.2884","","0.15%"
"09/09/2024","9.3002","9.2995","9.3430","9.2946","","-0.05%"
"09/06/2024","9.3048","9.3477","9.3798","9.2927","","-0.45%"
"09/05/2024","9.3472","9.3504","9.3578","9.3243","","-0.03%"
"09/04/2024","9.3497","9.3382","9.3697","9.3168","","0.11%"
"09/03/2024","9.3390","9.3599","9.3647","9.3190","","-0.22%"
"09/02/2024","9.3599","9.3045","9.3662","9.3045","","0.53%"
"08/30/2024","9.3102","9.3444","9.3575","9.2946","","-0.39%"
"08/29/2024","9.3465","9.3998","9.4195","9.3277","","-0.57%"
"08/28/2024","9.3998","9.4467","9.4518","9.3823","","-0.50%"
"08/27/2024","9.4467","9.3943","9.4531","9.3860","","0.56%"
"08/26/2024","9.3943","9.4153","9.4231","9.3840","","-0.21%"
"08/23/2024","9.4139","9.3525","9.4309","9.3489","","0.65%"
"08/22/2024","9.3532","9.3415","9.3755","9.3285","","0.12%"
"08/21/2024","9.3419","9.2965","9.3615","9.2796","","0.49%"
"08/20/2024","9.2965","9.2755","9.3121","9.2603","","0.22%"
"08/19/2024","9.2762","9.2682","9.2822","9.2401","","0.01%"
"08/16/2024","9.2751","9.2224","9.2765","9.2202","","0.57%"
"08/15/2024","9.2224","9.1568","9.2367","9.1511","","0.72%"
"08/14/2024","9.1568","9.2042","9.2092","9.1517","","-0.50%"
"08/13/2024","9.2024","9.1593","9.2125","9.1536","","0.47%"
"08/12/2024","9.1593","9.1433","9.1825","9.1355","","0.13%"
"08/09/2024","9.1477","9.1486","9.1632","9.1241","","-0.01%"
"08/08/2024","9.1489","9.1082","9.1525","9.0798","","0.44%"
"08/07/2024","9.1086","9.0829","9.1464","9.0747","","0.28%"
"08/06/2024","9.0836","9.1093","9.1567","9.0631","","-0.30%"
"08/05/2024","9.1108","9.1706","9.1738","9.0587","","-0.59%"
"08/02/2024","9.1649","9.2308","9.2369","9.1530","","-0.70%"
"08/01/2024","9.2293","9.2821","9.3014","9.2191","","-0.57%"
"07/31/2024","9.2821","9.3073","9.3163","9.2557","","-0.27%"
"07/30/2024","9.3073","9.3380","9.3423","9.2967","","-0.32%"
"07/29/2024","9.3372","9.3350","9.3504","9.2951","","0.07%"
"07/26/2024","9.3307","9.2937","9.3394","9.2922","","0.40%"
"07/25/2024","9.2937","9.3814","9.3814","9.2839","","-0.85%"
"07/24/2024","9.3738","9.3897","9.4128","9.3676","","-0.17%"
"07/23/2024","9.3897","9.4078","9.4096","9.3746","","-0.18%"
"07/22/2024","9.4067","9.3866","9.4145","9.3855","","0.14%"
"07/19/2024","9.3932","9.3987","9.4077","9.3768","","-0.05%"
"07/18/2024","9.3979","9.4470","9.4499","9.3943","","-0.52%"
"07/17/2024","9.4467","9.4295","9.4673","9.4226","","0.23%"
"07/16/2024","9.4251","9.4142","9.4336","9.4032","","0.11%"
"07/15/2024","9.4146","9.4212","9.4376","9.3955","","-0.07%"
"07/12/2024","9.4212","9.3732","9.4219","9.3670","","0.52%"
"07/11/2024","9.3729","9.3490","9.3987","9.3448","","0.26%"
"07/10/2024","9.3486","9.2991","9.3501","9.2962","","0.53%"
"07/09/2024","9.2991","9.3111","9.3277","9.2922","","-0.11%"
"07/08/2024","9.3090","9.2959","9.3390","9.2948","","-0.05%"
"07/05/2024","9.3140","9.2735","9.3173","9.2692","","0.43%"
"07/04/2024","9.2742","9.2638","9.2833","9.2627","","0.11%"
"07/03/2024","9.2642","9.2178","9.2889","9.2149","","0.44%"
"07/02/2024","9.2240","9.1938","9.2266","9.1720","","0.32%"
"07/01/2024","9.1945","9.1891","9.2385","9.1814","","0.06%"
"06/28/2024","9.1887","9.1871","9.1987","9.1685","","0.01%"
"06/27/2024","9.1878","9.1716","9.2096","9.1647","","0.18%"
"06/26/2024","9.1716","9.2138","9.2219","9.1662","","-0.45%"
"06/25/2024","9.2130","9.2054","9.2260","9.2014","","0.02%"
"06/24/2024","9.2109","9.1825","9.2177","9.1720","","0.31%"
"06/21/2024","9.1825","9.1900","9.2048","9.1640","","-0.08%"
"06/20/2024","9.1896","9.2301","9.2352","9.1867","","-0.45%"
"06/19/2024","9.2309","9.2193","9.2462","9.2114","","0.12%"
"06/18/2024","9.2197","9.2168","9.2298","9.1919","","0.01%"
"06/17/2024","9.2186","9.2047","9.2233","9.1846","","0.15%"
"06/14/2024","9.2047","9.2549","9.2606","9.1828","","-0.54%"
"06/13/2024","9.2549","9.2658","9.2873","9.2374","","-0.11%"
"06/12/2024","9.2654","9.2436","9.3155","9.2347","","0.24%"
"06/11/2024","9.2436","9.2271","9.2516","9.2167","","0.18%"
"06/10/2024","9.2272","9.2210","9.2329","9.1953","","0.07%"
"06/07/2024","9.2210","9.2669","9.2764","9.2140","","-0.49%"
"06/06/2024","9.2664","9.2677","9.2836","9.2466","","-0.01%"
"06/05/2024","9.2677","9.2416","9.2742","9.2412","","0.28%"
"06/04/2024","9.2416","9.2748","9.2847","9.2254","","-0.35%"
"06/03/2024","9.2745","9.2206","9.2770","9.1980","","0.51%"
"05/31/2024","9.2278","9.2089","9.2444","9.1991","","0.21%"
"05/30/2024","9.2085","9.2069","9.2226","9.1910","","0.01%"
"05/29/2024","9.2072","9.2453","9.2582","9.2051","","-0.42%"
"05/28/2024","9.2460","9.2505","9.2751","9.2395","","-0.05%"
"05/27/2024","9.2505","9.2207","9.2577","9.2204","","0.27%"
"05/24/2024","9.2258","9.1914","9.2366","9.1848","","0.32%"
"05/23/2024","9.1964","9.2087","9.2296","9.1856","","-0.13%"
"05/22/2024","9.2087","9.1987","9.2389","9.1939","","0.11%"
"05/21/2024","9.1987","9.1930","9.2083","9.1786","","0.06%"
"05/20/2024","9.1930","9.1756","9.2081","9.1651","","0.19%"
"05/17/2024","9.1756","9.1481","9.1840","9.1328","","0.32%"
"05/16/2024","9.1462","9.1550","9.1702","9.1264","","-0.13%"
"05/15/2024","9.1583","9.1087","9.1601","9.0944","","0.55%"
"05/14/2024","9.1086","9.0838","9.1104","9.0531","","0.27%"
"05/13/2024","9.0838","9.0501","9.0918","9.0458","","0.37%"
"05/10/2024","9.0501","9.0440","9.0614","9.0333","","0.07%"
"05/09/2024","9.0440","9.0240","9.0469","8.9931","","0.16%"
"05/08/2024","9.0299","9.0277","9.0392","9.0079","","0.00%"
"05/07/2024","9.0295","9.0551","9.0684","9.0236","","-0.29%"
"05/06/2024","9.0561","9.0851","9.0941","9.0430","","-0.32%"
"05/03/2024","9.0851","9.0764","9.1491","9.0663","","0.10%"
"05/02/2024","9.0760","9.0666","9.0847","9.0304","","0.06%"
"05/01/2024","9.0709","9.0456","9.0887","9.0260","","0.28%"
"04/30/2024","9.0452","9.0844","9.0909","9.0434","","-0.45%"
"04/29/2024","9.0859","9.0516","9.0916","9.0429","","0.38%"
"04/26/2024","9.0516","9.0644","9.0887","9.0205","","-0.09%"
"04/25/2024","9.0600","9.0315","9.0772","9.0206","","0.32%"
"04/24/2024","9.0311","9.0203","9.0366","9.0002","","0.12%"
"04/23/2024","9.0203","8.9454","9.0277","8.9340","","0.84%"
"04/22/2024","8.9454","8.9585","8.9766","8.9085","","-0.15%"
"04/19/2024","8.9585","9.0024","9.0285","8.9531","","-0.48%"
"04/18/2024","9.0021","9.0149","9.0354","8.9992","","-0.15%"
"04/17/2024","9.0153","8.9940","9.0311","8.9891","","0.24%"
"04/16/2024","8.9936","9.0086","9.0283","8.9790","","-0.17%"
"04/15/2024","9.0090","9.0116","9.0482","9.0007","","-0.02%"
"04/12/2024","9.0112","9.0855","9.0902","8.9926","","-0.82%"
"04/11/2024","9.0855","9.0718","9.1039","9.0540","","0.15%"
"04/10/2024","9.0718","9.1695","9.1924","9.0566","","-1.06%"
"04/09/2024","9.1691","9.1506","9.1918","9.1467","","0.20%"
"04/08/2024","9.1506","9.1420","9.1583","9.1208","","0.09%"
"04/05/2024","9.1420","9.1456","9.1507","9.0950","","-0.03%"
"04/04/2024","9.1449","9.1525","9.1757","9.1391","","-0.09%"
"04/03/2024","9.1529","9.0976","9.1558","9.0882","","0.61%"
"04/02/2024","9.0973","9.0757","9.1013","9.0674","","0.23%"
"04/01/2024","9.0760","9.1212","9.1350","9.0661","","-0.44%"
"03/29/2024","9.1161","9.1227","9.1317","9.1039","","-0.08%"
"03/28/2024","9.1234","9.1352","9.1480","9.0982","","-0.13%"
"03/27/2024","9.1352","9.1153","9.1371","9.1049","","0.23%"
"03/26/2024","9.1146","9.1135","9.1451","9.1099","","0.02%"
"03/25/2024","9.1125","9.1088","9.1252","9.0721","","0.01%"
"03/22/2024","9.1113","9.1128","9.1385","9.0901","","-0.02%"
"03/21/2024","9.1127","9.2051","9.2184","9.1066","","-1.00%"
"03/20/2024","9.2051","9.1587","9.2073","9.1296","","0.50%"
"03/19/2024","9.1591","9.1634","9.1677","9.1192","","-0.04%"
"03/18/2024","9.1627","9.1627","9.1763","9.1545","","-0.06%"
"03/15/2024","9.1684","9.1743","9.1823","9.1560","","-0.06%"
"03/14/2024","9.1743","9.1984","9.2196","9.1571","","-0.25%"
"03/13/2024","9.1970","9.1866","9.2144","9.1823","","0.12%"
"03/12/2024","9.1862","9.2043","9.2115","9.1512","","-0.20%"
"03/11/2024","9.2043","9.2445","9.2488","9.1899","","-0.39%"
"03/08/2024","9.2405","9.2119","9.2706","9.2012","","0.30%"
"03/07/2024","9.2126","9.1715","9.2155","9.1578","","0.53%"
"03/06/2024","9.1636","9.1439","9.1870","9.1340","","0.22%"
"03/05/2024","9.1435","9.1369","9.1685","9.1212","","0.07%"
"03/04/2024","9.1369","9.1082","9.1483","9.1035","","0.35%"
"03/01/2024","9.1053","9.0757","9.1147","9.0697","","0.33%"
"02/29/2024","9.0757","9.1141","9.1198","9.0656","","-0.43%"
"02/28/2024","9.1149","9.1298","9.1334","9.0857","","-0.17%"
"02/27/2024","9.1308","9.1294","9.1399","9.1118","","0.00%"
"02/26/2024","9.1305","9.1144","9.1414","9.1094","","0.13%"
"02/23/2024","9.1187","9.1081","9.1420","9.0994","","0.10%"
"02/22/2024","9.1092","9.0864","9.1356","9.0719","","0.25%"
"02/21/2024","9.0864","9.0780","9.0904","9.0587","","0.09%"
"02/20/2024","9.0780","9.0632","9.1110","9.0537","","0.14%"
"02/19/2024","9.0657","9.0665","9.0913","9.0567","","0.02%"
"02/16/2024","9.0640","9.0639","9.0827","9.0280","","0.00%"
"02/15/2024","9.0643","9.0388","9.0665","9.0215","","0.28%"
"02/14/2024","9.0392","9.0589","9.0729","9.0164","","-0.21%"
"02/13/2024","9.0586","9.0848","9.1251","9.0438","","-0.29%"
"02/12/2024","9.0851","9.0819","9.1042","9.0676","","0.01%"
"02/09/2024","9.0841","9.0838","9.0956","9.0625","","0.04%"
"02/08/2024","9.0809","9.0844","9.0940","9.0468","","-0.05%"
"02/07/2024","9.0851","9.0596","9.0966","9.0546","","0.29%"
"02/06/2024","9.0592","9.0244","9.0643","9.0128","","0.41%"
"02/05/2024","9.0226","9.0863","9.0939","9.0103","","-0.69%"
"02/02/2024","9.0856","9.1501","9.1686","9.0719","","-0.71%"
"02/01/2024","9.1505","9.0941","9.1598","9.0676","","0.62%"
"01/31/2024","9.0937","9.1131","9.1407","9.0722","","-0.21%"
"01/30/2024","9.1131","9.1267","9.1361","9.0701","","-0.14%"
"01/29/2024","9.1260","9.1135","9.1333","9.0914","","0.09%"
"01/26/2024","9.1175","9.1128","9.1563","9.1021","","0.06%"
"01/25/2024","9.1117","9.1023","9.1376","9.0854","","0.10%"
"01/24/2024","9.1026","9.1018","9.1468","9.0926","","0.08%"
"01/23/2024","9.0950","9.1414","9.1521","9.0728","","-0.51%"
"01/22/2024","9.1418","9.1299","9.1615","9.1285","","0.05%"
"01/19/2024","9.1371","9.1436","9.1505","9.1063","","-0.07%"
"01/18/2024","9.1436","9.1224","9.1465","9.1012","","0.24%"
"01/17/2024","9.1220","9.0845","9.1347","9.0648","","0.39%"
"01/16/2024","9.0870","9.1315","9.1351","9.0738","","-0.44%"
"01/15/2024","9.1272","9.1382","9.1525","9.1198","","-0.15%"
"01/12/2024","9.1411","9.1480","9.1627","9.1164","","-0.06%"
"01/11/2024","9.1462","9.1380","9.1527","9.0906","","0.09%"
"01/10/2024","9.1380","9.1114","9.1409","9.1015","","0.30%"
"01/09/2024","9.1107","9.1206","9.1416","9.0951","","-0.11%"
"01/08/2024","9.1209","9.0843","9.1352","9.0741","","0.43%"
"01/05/2024","9.0821","9.0797","9.1205","9.0214","","0.04%"
"01/04/2024","9.0789","9.0560","9.1017","9.0525","","0.26%"
"01/03/2024","9.0554","9.0130","9.0654","9.0116","","0.45%"
"01/02/2024","9.0148","9.0377","9.1026","9.0053","","-0.24%"
"01/01/2024","9.0363","9.0388","9.0534","9.0257","","-0.03%"
"12/29/2023","9.0388","9.0502","9.0655","9.0189","","-0.13%"
"12/28/2023","9.0509","9.1397","9.1504","9.0360","","-0.97%"
"12/27/2023","9.1394","9.0856","9.1433","9.0746","","0.52%"
"12/26/2023","9.0921","9.0583","9.0949","9.0540","","0.39%"
"12/25/2023","9.0569","9.0657","9.0788","9.0475","","-0.04%"
"12/22/2023","9.0603","9.0574","9.0936","9.0364","","0.01%"
"12/21/2023","9.0595","9.0195","9.0645","9.0117","","0.44%"
"12/20/2023","9.0195","9.0768","9.0815","9.0088","","-0.64%"
"12/19/2023","9.0775","9.0209","9.0996","9.0167","","0.61%"
"12/18/2023","9.0221","9.0250","9.0605","9.0085","","-0.03%"
"12/15/2023","9.0250","9.0758","9.0958","9.0172","","-0.58%"
"12/14/2023","9.0772","9.0505","9.0982","8.9987","","0.29%"
"12/13/2023","9.0513","9.0160","9.0638","8.9656","","0.39%"
"12/12/2023","9.0160","9.0099","9.0423","8.9801","","0.07%"
"12/11/2023","9.0098","8.9888","9.0367","8.9798","","0.20%"
"12/08/2023","8.9920","9.0010","9.0150","8.9581","","-0.15%"
"12/07/2023","9.0059","8.9924","9.0222","8.9738","","0.15%"
"12/06/2023","8.9924","9.0033","9.0294","8.9853","","-0.10%"
"12/05/2023","9.0011","9.0237","9.0394","8.9883","","-0.23%"
"12/04/2023","9.0216","9.0777","9.0866","8.9978","","-0.59%"
"12/01/2023","9.0752","9.0088","9.0805","9.0039","","0.74%"
"11/30/2023","9.0088","9.0542","9.0640","8.9894","","-0.49%"
"11/29/2023","9.0528","9.0756","9.1021","9.0299","","-0.23%"
"11/28/2023","9.0735","9.0328","9.0885","9.0163","","0.46%"
"11/27/2023","9.0320","9.0054","9.0456","8.9999","","0.22%"
"11/24/2023","9.0121","8.9566","9.0211","8.9515","","0.59%"
"11/23/2023","8.9588","8.9390","8.9718","8.9259","","0.20%"
"11/22/2023","8.9412","8.9502","8.9741","8.9082","","-0.10%"
"11/21/2023","8.9502","8.9666","8.9802","8.9297","","-0.17%"
"11/20/2023","8.9652","8.9832","8.9936","8.9295","","-0.26%"
"11/17/2023","8.9882","8.9919","8.9990","8.9468","","0.02%"
"11/16/2023","8.9868","9.0005","9.0229","8.9751","","-0.13%"
"11/15/2023","8.9984","9.0668","9.0692","8.9876","","-0.75%"
"11/14/2023","9.0665","8.9502","9.0723","8.9392","","1.29%"
"11/13/2023","8.9506","8.9068","8.9528","8.9018","","0.45%"
"11/10/2023","8.9105","8.9036","8.9262","8.8836","","0.08%"
"11/09/2023","8.9030","8.9444","8.9675","8.8950","","-0.45%"
"11/08/2023","8.9432","8.9538","8.9586","8.9118","","-0.12%"
"11/07/2023","8.9538","8.9744","8.9850","8.9259","","-0.23%"
"11/06/2023","8.9748","9.0320","9.0382","8.9693","","-0.69%"
"11/03/2023","9.0371","8.9252","9.0470","8.9135","","1.22%"
"11/02/2023","8.9281","8.8917","8.9470","8.8815","","0.41%"
"11/01/2023","8.8917","8.8928","8.9030","8.8517","","-0.01%"
"10/31/2023","8.8922","8.9008","8.9261","8.8668","","-0.08%"
"10/30/2023","8.8997","8.8668","8.9048","8.8474","","0.32%"
"10/27/2023","8.8712","8.8726","8.9013","8.8584","","-0.02%"
"10/26/2023","8.8726","8.8634","8.8817","8.8330","","0.12%"
"10/25/2023","8.8623","8.8934","8.9040","8.8583","","-0.30%"
"10/24/2023","8.8890","8.9605","8.9789","8.8835","","-0.81%"
"10/23/2023","8.9616","8.8967","8.9689","8.8850","","0.70%"
"10/20/2023","8.8992","8.8816","8.9055","8.8489","","0.20%"
"10/19/2023","8.8815","8.8817","8.9170","8.8459","","0.00%"
"10/18/2023","8.8817","8.9092","8.9313","8.8784","","-0.28%"
"10/17/2023","8.9070","8.9312","8.9334","8.8728","","-0.29%"
"10/16/2023","8.9331","8.8680","8.9346","8.8646","","0.68%"
"10/13/2023","8.8727","8.8969","8.9344","8.8559","","-0.21%"
"10/12/2023","8.8911","8.9887","9.0015","8.8886","","-1.08%"
"10/11/2023","8.9886","8.9640","9.0072","8.9547","","0.27%"
"10/10/2023","8.9640","8.9247","8.9687","8.9069","","0.45%"
"10/09/2023","8.9236","8.9272","8.9294","8.8679","","-0.15%"
"10/06/2023","8.9371","8.9020","8.9535","8.8388","","0.39%"
"10/05/2023","8.9020","8.8615","8.9057","8.8400","","0.51%"
"10/04/2023","8.8568","8.8159","8.8918","8.7885","","0.44%"
"10/03/2023","8.8181","8.8289","8.8370","8.7994","","-0.08%"
"10/02/2023","8.8254","8.9086","8.9235","8.8246","","-0.92%"
"09/29/2023","8.9071","8.9079","8.9612","8.8929","","0.00%"
"09/28/2023","8.9071","8.8719","8.9291","8.8532","","0.39%"
"09/27/2023","8.8727","8.8890","8.8971","8.8533","","-0.20%"
"09/26/2023","8.8905","8.9271","8.9330","8.8843","","-0.43%"
"09/25/2023","8.9290","8.9378","8.9572","8.9153","","-0.05%"
"09/22/2023","8.9334","8.9894","8.9894","8.9261","","-0.59%"
"09/21/2023","8.9864","8.9998","9.0069","8.9392","","-0.11%"
"09/20/2023","8.9965","9.0429","9.0534","8.9871","","-0.51%"
"09/19/2023","9.0429","9.0297","9.0593","9.0230","","0.14%"
"09/18/2023","9.0301","9.0100","9.0548","9.0071","","0.24%"
"09/15/2023","9.0086","9.0320","9.0546","8.9992","","-0.25%"
"09/14/2023","9.0316","9.0785","9.0966","9.0215","","-0.55%"
"09/13/2023","9.0815","9.1082","9.1173","9.0537","","-0.29%"
"09/12/2023","9.1075","9.1186","9.1343","9.0815","","-0.12%"
"09/11/2023","9.1183","9.1672","9.1767","9.1002","","-0.41%"
"09/08/2023","9.1558","9.1429","9.1920","9.1360","","0.14%"
"09/07/2023","9.1433","9.1517","9.1623","9.1206","","-0.10%"
"09/06/2023","9.1528","9.1778","9.2006","9.1185","","-0.28%"
"09/05/2023","9.1782","9.1794","9.2076","9.1500","","-0.03%"
"09/04/2023","9.1809","9.1409","9.1920","9.1376","","0.42%"
"09/01/2023","9.1424","9.1999","9.2237","9.1326","","-0.63%"
"08/31/2023","9.2006","9.2672","9.2778","9.1835","","-0.71%"
"08/30/2023","9.2668","9.2029","9.2818","9.1965","","0.66%"
"08/29/2023","9.2058","9.1888","9.2145","9.1631","","0.18%"
"08/28/2023","9.1896","9.1690","9.1922","9.1551","","0.22%"
"08/25/2023","9.1698","9.1725","9.2232","9.1446","","-0.03%"
"08/24/2023","9.1721","9.2667","9.2667","9.1649","","-0.99%"
"08/23/2023","9.2641","9.2878","9.3046","9.1992","","-0.25%"
"08/22/2023","9.2871","9.2970","9.3307","9.2791","","-0.10%"
"08/21/2023","9.2963","9.2718","9.3168","9.2590","","0.23%"
"08/18/2023","9.2747","9.2930","9.3073","9.2484","","-0.21%"
"08/17/2023","9.2945","9.2925","9.3209","9.2751","","0.02%"
"08/16/2023","9.2925","9.2547","9.3133","9.2397","","0.43%"
"08/15/2023","9.2528","9.2086","9.2864","9.2025","","0.48%"
"08/14/2023","9.2083","9.1840","9.2302","9.1632","","0.20%"
"08/11/2023","9.1898","9.1510","9.2140","9.1420","","0.44%"
"08/10/2023","9.1496","9.1696","9.2411","9.1444","","-0.23%"
"08/09/2023","9.1711","9.2011","9.2120","9.1614","","-0.33%"
"08/08/2023","9.2011","9.1964","9.2123","9.1544","","0.04%"
"08/07/2023","9.1971","9.1449","9.1996","9.1338","","0.59%"
"08/04/2023","9.1428","9.1113","9.1740","9.1034","","0.34%"
"08/03/2023","9.1120","9.1413","9.1525","9.0538","","-0.32%"
"08/02/2023","9.1416","9.1710","9.1947","9.1186","","-0.32%"
"08/01/2023","9.1714","9.1707","9.2008","9.1430","","0.02%"
"07/31/2023","9.1692","9.1863","9.2032","9.1646","","-0.21%"
"07/28/2023","9.1881","9.1793","9.2236","9.1328","","0.09%"
"07/27/2023","9.1800","9.2526","9.2827","9.1697","","-0.80%"
"07/26/2023","9.2541","9.2074","9.2687","9.1891","","0.51%"
"07/25/2023","9.2074","9.2196","9.2267","9.1411","","-0.17%"
"07/24/2023","9.2232","9.2428","9.2705","9.2034","","-0.20%"
"07/21/2023","9.2414","9.2354","9.2544","9.2022","","0.06%"
"07/20/2023","9.2354","9.3503","9.3702","9.2150","","-1.24%"
"07/19/2023","9.3511","9.3644","9.3939","9.2997","","-0.10%"
"07/18/2023","9.3601","9.3796","9.4174","9.3543","","-0.17%"
"07/17/2023","9.3760","9.3462","9.4016","9.3433","","0.30%"
"07/14/2023","9.3480","9.3907","9.4007","9.3377","","-0.48%"
"07/13/2023","9.3928","9.3048","9.3972","9.3029","","0.92%"
"07/12/2023","9.3075","9.3246","9.3488","9.2803","","-0.19%"
"07/11/2023","9.3250","9.3012","9.3264","9.2674","","0.26%"
"07/10/2023","9.3005","9.2685","9.3073","9.2310","","0.32%"
"07/07/2023","9.2706","9.2350","9.2796","9.2067","","0.36%"
"07/06/2023","9.2375","9.2029","9.2516","9.1922","","0.32%"
"07/05/2023","9.2076","9.1718","9.2255","9.1681","","0.38%"
"07/04/2023","9.1725","9.1914","9.1979","9.1511","","-0.19%"
"07/03/2023","9.1900","9.2009","9.2155","9.1746","","-0.27%"
"06/30/2023","9.2148","9.1519","9.2347","9.1405","","0.74%"
"06/29/2023","9.1472","9.1545","9.1659","9.1161","","-0.08%"
"06/28/2023","9.1548","9.2079","9.2183","9.1437","","-0.54%"
"06/27/2023","9.2043","9.2034","9.2135","9.1675","","0.03%"
"06/26/2023","9.2019","9.1262","9.2238","9.1237","","0.82%"
"06/23/2023","9.1268","9.1488","9.1581","9.1075","","-0.28%"
"06/22/2023","9.1524","9.1688","9.2181","9.1355","","-0.17%"
"06/21/2023","9.1682","9.1665","9.2128","9.1220","","0.02%"
"06/20/2023","9.1668","9.1606","9.1858","9.1312","","0.06%"
"06/19/2023","9.1610","9.1355","9.1840","9.1337","","0.28%"
"06/16/2023","9.1355","9.1014","9.1505","9.0842","","0.36%"
"06/15/2023","9.1028","9.0736","9.1176","9.0417","","0.35%"
"06/14/2023","9.0714","9.0407","9.0884","9.0253","","0.34%"
"06/13/2023","9.0404","8.9356","9.0414","8.9317","","1.11%"
"06/12/2023","8.9410","8.9620","8.9978","8.9210","","-0.22%"
"06/09/2023","8.9610","8.9311","8.9782","8.9264","","0.35%"
"06/08/2023","8.9294","8.8664","8.9347","8.8639","","0.70%"
"06/07/2023","8.8670","8.8446","8.8890","8.8281","","0.24%"
"06/06/2023","8.8460","8.8291","8.8570","8.8206","","0.13%"
"06/05/2023","8.8345","8.8263","8.8429","8.7998","","0.16%"
"06/02/2023","8.8206","8.8865","8.9000","8.8142","","-0.78%"
"06/01/2023","8.8897","8.8469","8.8984","8.8198","","0.48%"
"05/31/2023","8.8469","8.7898","8.8505","8.7740","","0.66%"
"05/30/2023","8.7891","8.7376","8.8096","8.7306","","0.59%"
"05/29/2023","8.7373","8.7207","8.7454","8.7171","","0.19%"
"05/26/2023","8.7211","8.7247","8.7495","8.6983","","-0.03%"
"05/25/2023","8.7233","8.7301","8.7543","8.7123","","-0.09%"
"05/24/2023","8.7315","8.7586","8.7931","8.7165","","-0.33%"
"05/23/2023","8.7600","8.7508","8.7705","8.7302","","0.12%"
"05/22/2023","8.7497","8.7238","8.7663","8.7213","","0.32%"
"05/19/2023","8.7221","8.7307","8.7618","8.6999","","-0.11%"
"05/18/2023","8.7314","8.7402","8.7577","8.7177","","-0.10%"
"05/17/2023","8.7399","8.7157","8.7563","8.6952","","0.29%"
"05/16/2023","8.7143","8.7066","8.7431","8.6818","","0.04%"
"05/15/2023","8.7105","8.6669","8.7153","8.6585","","0.48%"
"05/12/2023","8.6693","8.6936","8.7155","8.6588","","-0.28%"
"05/11/2023","8.6936","8.7533","8.7648","8.6832","","-0.69%"
"05/10/2023","8.7540","8.7343","8.7705","8.7255","","0.23%"
"05/09/2023","8.7343","8.7221","8.7528","8.7081","","0.13%"
"05/08/2023","8.7228","8.7353","8.7638","8.7183","","-0.08%"
"05/05/2023","8.7297","8.6824","8.7449","8.6787","","0.53%"
"05/04/2023","8.6834","8.6789","8.7085","8.6745","","-0.03%"
"05/03/2023","8.6857","8.6146","8.7027","8.6146","","0.80%"
"05/02/2023","8.6167","8.6381","8.6495","8.5949","","-0.25%"
"05/01/2023","8.6381","8.6861","8.6896","8.6260","","-0.52%"
"04/28/2023","8.6833","8.6471","8.7001","8.6149","","0.35%"
"04/27/2023","8.6530","8.6350","8.6560","8.6111","","0.18%"
"04/26/2023","8.6371","8.6020","8.6655","8.5878","","0.40%"
"04/25/2023","8.6028","8.6067","8.6360","8.5831","","-0.09%"
"04/24/2023","8.6105","8.5749","8.6119","8.5644","","0.47%"
"04/21/2023","8.5700","8.5468","8.5818","8.5219","","0.20%"
"04/20/2023","8.5527","8.5679","8.5735","8.5348","","-0.15%"
"04/19/2023","8.5659","8.5455","8.5956","8.5363","","0.26%"
"04/18/2023","8.5434","8.5124","8.5601","8.4988","","0.34%"
"04/17/2023","8.5145","8.5301","8.5446","8.4983","","-0.19%"
"04/14/2023","8.5305","8.6004","8.6083","8.5194","","-0.82%"
"04/13/2023","8.6011","8.5832","8.6192","8.5777","","0.22%"
"04/12/2023","8.5818","8.5575","8.5907","8.5339","","0.29%"
"04/11/2023","8.5571","8.5212","8.5764","8.5187","","0.42%"
"04/10/2023","8.5215","8.5350","8.5548","8.4946","","-0.09%"
"04/07/2023","8.5295","8.5542","8.5644","8.5146","","-0.28%"
"04/06/2023","8.5535","8.5716","8.5868","8.5349","","-0.23%"
"04/05/2023","8.5729","8.6012","8.6104","8.5533","","-0.32%"
"04/04/2023","8.6005","8.5393","8.6151","8.5322","","0.73%"
"04/03/2023","8.5380","8.4691","8.5459","8.4362","","0.77%"
"03/31/2023","8.4729","8.5109","8.5380","8.4657","","-0.46%"
"03/30/2023","8.5119","8.4801","8.5170","8.4663","","0.38%"
"03/29/2023","8.4797","8.4855","8.5109","8.4737","","-0.05%"
"03/28/2023","8.4838","8.4576","8.4925","8.4544","","0.29%"
"03/27/2023","8.4590","8.3992","8.4679","8.3979","","0.70%"
"03/24/2023","8.4006","8.3817","8.4199","8.3622","","0.25%"
"03/23/2023","8.3796","8.4412","8.4591","8.3619","","-0.71%"
"03/22/2023","8.4398","8.4094","8.4880","8.4014","","0.35%"
"03/21/2023","8.4101","8.4444","8.4501","8.3843","","-0.39%"
"03/20/2023","8.4433","8.4069","8.4509","8.3781","","0.68%"
"03/17/2023","8.3859","8.3535","8.4031","8.3332","","0.39%"
"03/16/2023","8.3531","8.3355","8.3673","8.2916","","0.22%"
"03/15/2023","8.3351","8.3558","8.3912","8.2901","","-0.23%"
"03/14/2023","8.3547","8.3418","8.3881","8.3178","","0.16%"
"03/13/2023","8.3411","8.3148","8.3675","8.2838","","0.40%"
"03/10/2023","8.3082","8.3061","8.3888","8.2968","","0.03%"
"03/09/2023","8.3055","8.2338","8.3159","8.2272","","0.88%"
"03/08/2023","8.2334","8.2366","8.2559","8.2007","","-0.08%"
"03/07/2023","8.2398","8.3330","8.3679","8.2307","","-1.10%"
"03/06/2023","8.3316","8.3148","8.3507","8.3034","","0.17%"
"03/03/2023","8.3176","8.2589","8.3230","8.2453","","0.71%"
"03/02/2023","8.2589","8.2634","8.2838","8.2451","","-0.04%"
"03/01/2023","8.2625","8.3350","8.3547","8.2219","","-0.87%"
"02/28/2023","8.3354","8.3791","8.4244","8.3322","","-0.51%"
"02/27/2023","8.3785","8.3180","8.3805","8.3072","","0.85%"
"02/24/2023","8.3082","8.2980","8.3609","8.2953","","0.10%"
"02/23/2023","8.3001","8.3086","8.3266","8.2839","","-0.03%"
"02/22/2023","8.3024","8.3286","8.3615","8.2945","","-0.27%"
"02/21/2023","8.3252","8.2536","8.3511","8.2361","","0.87%"
"02/20/2023","8.2533","8.2757","8.2765","8.2401","","-0.16%"
"02/17/2023","8.2665","8.2313","8.2771","8.1962","","0.44%"
"02/16/2023","8.2303","8.2427","8.2760","8.2139","","-0.16%"
"02/15/2023","8.2434","8.3097","8.3242","8.2149","","-0.79%"
"02/14/2023","8.3093","8.2812","8.3628","8.2696","","0.33%"
"02/13/2023","8.2819","8.2194","8.2921","8.1942","","0.89%"
"02/10/2023","8.2089","8.2208","8.2590","8.2034","","-0.13%"
"02/09/2023","8.2198","8.1959","8.2609","8.1850","","0.29%"
"02/08/2023","8.1958","8.1811","8.2182","8.1598","","0.15%"
"02/07/2023","8.1839","8.1708","8.2168","8.1183","","0.20%"
"02/06/2023","8.1674","8.1584","8.1976","8.1502","","0.01%"
"02/03/2023","8.1665","8.2302","8.2677","8.1617","","-0.77%"
"02/02/2023","8.2302","8.3452","8.3609","8.2275","","-1.38%"
"02/01/2023","8.3452","8.3211","8.3569","8.2737","","0.28%"
"01/31/2023","8.3221","8.3363","8.3595","8.2973","","-0.18%"
"01/30/2023","8.3373","8.4121","8.4169","8.3266","","-0.89%"
"01/27/2023","8.4121","8.4179","8.4267","8.3748","","-0.07%"
"01/26/2023","8.4176","8.4138","8.4345","8.3748","","0.05%"
"01/25/2023","8.4138","8.3653","8.4165","8.3327","97.74K","0.55%"
"01/24/2023","8.3680","8.3969","8.4230","8.3192","98.02K","-0.35%"
"01/23/2023","8.3972","8.4152","8.4463","8.3602","102.17K","-0.16%"
"01/20/2023","8.4105","8.3970","8.4169","8.3662","146.74K","0.17%"
"01/19/2023","8.3966","8.3350","8.4027","8.3127","172.20K","0.76%"
"01/18/2023","8.3330","8.3251","8.3897","8.3084","166.12K","0.09%"
"01/17/2023","8.3251","8.2157","8.3310","8.2030","165.62K","1.40%"
"01/16/2023","8.2103","8.1884","8.2333","8.1864","118.29K","0.15%"
"01/13/2023","8.1981","8.2280","8.2446","8.1649","166.42K","-0.35%"
"01/12/2023","8.2273","8.2235","8.2540","8.1411","134.29K","0.06%"
"01/11/2023","8.2221","8.2396","8.2500","8.1941","136.74K","-0.22%"
"01/10/2023","8.2406","8.2557","8.2618","8.2132","176.72K","-0.14%"
"01/09/2023","8.2523","8.2705","8.2951","8.2058","146.56K","-0.22%"
"01/06/2023","8.2705","8.1992","8.2753","8.1233","166.35K","0.92%"
"01/05/2023","8.1951","8.3041","8.3209","8.1706","136.94K","-1.32%"
"01/04/2023","8.3044","8.2749","8.3204","8.2507","182.29K","0.37%"
"01/03/2023","8.2738","8.3101","8.3471","8.2224","160.58K","-0.44%"
"01/02/2023","8.3104","8.3456","8.3473","8.3018","18.45K","-0.43%"
"12/30/2022","8.3466","8.4011","8.4043","8.2853","139.58K","-0.57%"
"12/29/2022","8.3948","8.3852","8.4128","8.3680","118.01K","0.09%"
"12/28/2022","8.3870","8.3709","8.4600","8.3566","107.90K","0.23%"
"12/27/2022","8.3681","8.3985","8.4334","8.3570","118.46K","-0.38%"
"12/26/2022","8.3996","8.4186","8.4438","8.3888","6.21K","-0.36%"
"12/23/2022","8.4298","8.4121","8.4491","8.3936","142.95K","0.21%"
"12/22/2022","8.4121","8.4323","8.4788","8.3758","144.34K","-0.29%"
"12/21/2022","8.4368","8.4813","8.4898","8.4155","138.99K","-0.53%"
"12/20/2022","8.4817","8.4846","8.5309","8.4294","168.71K","0.02%"
"12/19/2022","8.4800","8.4726","8.5337","8.4587","141.24K","0.15%"
"12/16/2022","8.4674","8.4931","8.5242","8.4479","129.82K","-0.30%"
"12/15/2022","8.4927","8.6372","8.6417","8.4767","147.72K","-1.65%"
"12/14/2022","8.6351","8.5828","8.6521","8.5702","170.03K","0.63%"
"12/13/2022","8.5807","8.5642","8.6884","8.5499","141.89K","0.21%"
"12/12/2022","8.5629","8.5230","8.5828","8.4973","127.23K","0.40%"
"12/09/2022","8.5290","8.5243","8.5756","8.4925","145.45K","0.05%"
"12/08/2022","8.5247","8.5069","8.5344","8.4733","174.53K","0.22%"
"12/07/2022","8.5062","8.4907","8.5323","8.4531","180.42K","0.17%"
"12/06/2022","8.4921","8.4832","8.5841","8.4790","156.41K","0.06%"
"12/05/2022","8.4867","8.6105","8.6593","8.4661","165.05K","-1.64%"
"12/02/2022","8.6280","8.6330","8.6533","8.5178","149.02K","0.04%"
"12/01/2022","8.6245","8.5507","8.6965","8.5184","174.34K","0.85%"
"11/30/2022","8.5517","8.5561","8.5764","8.4393","192.19K","-0.09%"
"11/29/2022","8.5590","8.6207","8.6416","8.5511","133.71K","-0.69%"
"11/28/2022","8.6181","8.6543","8.7155","8.6059","129.43K","-0.56%"
"11/25/2022","8.6665","8.6625","8.6862","8.6464","113.42K","0.05%"
"11/24/2022","8.6626","8.6309","8.6932","8.6117","148.51K","0.36%"
"11/23/2022","8.6313","8.4861","8.6514","8.4797","131.99K","1.71%"
"11/22/2022","8.4858","8.4730","8.4990","8.4415","140.34K","0.16%"
"11/21/2022","8.4719","8.4649","8.5020","8.4343","146.29K","0.10%"
"11/18/2022","8.4638","8.4901","8.5179","8.4531","161.07K","-0.31%"
"11/17/2022","8.4904","8.4461","8.5229","8.4192","158.35K","0.56%"
"11/16/2022","8.4429","8.3587","8.4542","8.3390","165.88K","1.05%"
"11/15/2022","8.3548","8.3127","8.4570","8.2773","179.34K","0.48%"
"11/14/2022","8.3148","8.3913","8.4010","8.2591","157.21K","-1.18%"
"11/11/2022","8.4141","8.4203","8.4279","8.3008","172.70K","-0.07%"
"11/10/2022","8.4196","8.2253","8.4325","8.2203","167.56K","2.36%"
"11/09/2022","8.2258","8.3675","8.3821","8.2072","157.50K","-1.65%"
"11/08/2022","8.3642","8.3234","8.4095","8.2871","156.25K","0.48%"
"11/07/2022","8.3242","8.1221","8.3451","8.1210","152.75K","1.83%"
"11/04/2022","8.1749","8.1529","8.1839","8.0557","158.27K","0.26%"
"11/03/2022","8.1536","8.3077","8.3505","8.1415","141.85K","-1.82%"
"11/02/2022","8.3047","8.3582","8.4316","8.3011","131.63K","-0.64%"
"11/01/2022","8.3582","8.3768","8.4245","8.3226","132.77K","-0.22%"
"10/31/2022","8.3768","8.4190","8.4578","8.3681","135.73K","-0.54%"
"10/28/2022","8.4223","8.3589","8.4307","8.3349","144.81K","0.73%"
"10/27/2022","8.3610","8.3335","8.4106","8.3271","174.14K","0.24%"
"10/26/2022","8.3410","8.3424","8.4024","8.2913","158.25K","0.02%"
"10/25/2022","8.3391","8.1934","8.4021","8.1854","147.15K","1.81%"
"10/24/2022","8.1905","8.2275","8.2652","8.1760","167.42K","0.03%"
"10/21/2022","8.1883","8.1080","8.1974","8.0148","154.83K","0.92%"
"10/20/2022","8.1138","8.1128","8.1882","8.0772","185.68K","0.05%"
"10/19/2022","8.1096","8.1528","8.1919","8.0846","166.71K","-0.53%"
"10/18/2022","8.1528","8.1730","8.2118","8.1037","183.77K","-0.29%"
"10/17/2022","8.1763","8.0374","8.2298","8.0370","162.82K","1.78%"
"10/14/2022","8.0334","8.1246","8.1491","8.0187","194.53K","-1.11%"
"10/13/2022","8.1232","7.9677","8.1611","7.9459","164.25K","2.02%"
"10/12/2022","7.9623","7.8587","7.9888","7.8397","181.55K","1.32%"
"10/11/2022","7.8584","7.9105","8.0121","7.8476","173.97K","-0.65%"
"10/10/2022","7.9101","7.8871","7.9299","7.8645","183.32K","0.27%"
"10/07/2022","7.8888","7.9433","7.9892","7.8664","155.57K","-0.68%"
"10/06/2022","7.9429","8.0610","8.1012","7.9091","175.69K","-1.47%"
"10/05/2022","8.0611","8.1663","8.1806","7.9885","174.53K","-1.28%"
"10/04/2022","8.1656","8.0582","8.1767","8.0269","162.20K","1.34%"
"10/03/2022","8.0575","7.9418","8.0663","7.8881","171.98K","1.44%"
"09/30/2022","7.9429","7.9195","7.9861","7.8442","172.85K","0.28%"
"09/29/2022","7.9209","7.8385","7.9237","7.7223","174.04K","1.01%"
"09/28/2022","7.8414","7.7037","7.8604","7.6251","190.58K","1.78%"
"09/27/2022","7.7041","7.6232","7.7665","7.5996","188.81K","1.05%"
"09/26/2022","7.6239","7.7400","7.8228","7.4021","182.48K","-1.50%"
"09/23/2022","7.7400","7.9693","7.9826","7.7257","158.36K","-2.84%"
"09/22/2022","7.9664","7.9436","8.0413","7.9083","171.46K","0.30%"
"09/21/2022","7.9429","7.9875","8.0174","7.9210","134.65K","-0.56%"
"09/20/2022","7.9875","8.0100","8.0372","7.9700","125.20K","-0.29%"
"09/19/2022","8.0111","7.9691","8.0170","7.9635","99.66K","0.55%"
"09/16/2022","7.9670","8.0198","8.0483","7.9470","133.69K","-0.66%"
"09/15/2022","8.0198","8.0322","8.0542","8.0160","123.05K","-0.15%"
"09/14/2022","8.0315","7.9595","8.0679","7.9512","144.66K","0.90%"
"09/13/2022","7.9595","8.0929","8.1311","7.9581","130.01K","-1.63%"
"09/12/2022","8.0915","8.0323","8.1123","8.0316","96.91K","0.80%"
"09/09/2022","8.0271","8.0043","8.0605","7.9944","138.54K","0.29%"
"09/08/2022","8.0040","8.0299","8.0407","7.9720","141.78K","-0.35%"
"09/07/2022","8.0320","8.0116","8.0397","7.9512","141.41K","0.28%"
"09/06/2022","8.0095","7.9863","8.0791","7.9846","167.37K","0.31%"
"09/05/2022","7.9846","7.9478","7.9901","7.9085","121.82K","0.55%"
"09/02/2022","7.9412","7.9735","8.0063","7.9316","124.83K","-0.42%"
"09/01/2022","7.9749","8.0087","8.0184","7.9379","144.54K","-0.43%"
"08/31/2022","8.0090","8.0517","8.0710","7.9940","133.48K","-0.59%"
"08/30/2022","8.0565","8.0890","8.1217","8.0323","145.06K","-0.40%"
"08/29/2022","8.0890","8.0737","8.1108","8.0152","101.15K","0.19%"
"08/26/2022","8.0737","8.1050","8.1667","8.0620","99.20K","-0.38%"
"08/25/2022","8.1044","8.0956","8.1236","8.0777","135.28K","0.11%"
"08/24/2022","8.0956","8.0935","8.1279","8.0675","115.55K","0.03%"
"08/23/2022","8.0935","8.0656","8.1215","8.0422","130.57K","0.43%"
"08/22/2022","8.0588","8.0601","8.0926","8.0409","138.33K","-0.06%"
"08/19/2022","8.0635","8.0955","8.1215","8.0390","140.96K","-0.41%"
"08/18/2022","8.0971","8.1701","8.2032","8.0904","140.15K","-0.89%"
"08/17/2022","8.1701","8.2104","8.2254","8.1555","125.30K","-0.49%"
"08/16/2022","8.2104","8.1662","8.2232","8.1513","125.15K","0.54%"
"08/15/2022","8.1662","8.1810","8.2034","8.1582","103.24K","-0.17%"
"08/12/2022","8.1804","8.2347","8.2350","8.1539","145.28K","-0.70%"
"08/11/2022","8.2381","8.2218","8.2543","8.1970","141.00K","0.21%"
"08/10/2022","8.2208","8.1555","8.2562","8.1464","167.49K","0.76%"
"08/09/2022","8.1586","8.1550","8.1924","8.1451","145.17K","0.04%"
"08/08/2022","8.1550","8.1633","8.2021","8.1450","112.88K","-0.10%"
"08/05/2022","8.1633","8.2072","8.2106","8.1155","132.39K","-0.57%"
"08/04/2022","8.2099","8.2061","8.2431","8.1520","136.98K","0.03%"
"08/03/2022","8.2071","8.2202","8.2497","8.1764","134.89K","-0.15%"
"08/02/2022","8.2191","8.2891","8.3182","8.2090","154.52K","-0.88%"
"08/01/2022","8.2918","8.2044","8.3187","8.1979","133.99K","1.05%"
"07/29/2022","8.2060","8.2121","8.2508","8.1395","132.58K","-0.14%"
"07/28/2022","8.2172","8.2099","8.2265","8.1675","151.04K","0.02%"
"07/27/2022","8.2153","8.1362","8.2370","8.1230","117.92K","1.00%"
"07/26/2022","8.1342","8.1302","8.1605","8.0888","125.71K","0.04%"
"07/25/2022","8.1308","8.1045","8.1580","8.0741","127.97K","0.32%"
"07/22/2022","8.1045","8.1164","8.1451","8.0667","116.82K","-0.15%"
"07/21/2022","8.1164","8.0848","8.1238","8.0455","141.11K","0.36%"
"07/20/2022","8.0875","8.0914","8.1271","8.0748","136.29K","-0.03%"
"07/19/2022","8.0897","8.0616","8.1248","8.0441","123.48K","0.37%"
"07/18/2022","8.0599","8.0259","8.1134","8.0140","117.30K","0.62%"
"07/15/2022","8.0103","7.9874","8.0239","7.9767","133.08K","0.27%"
"07/14/2022","7.9884","7.9892","8.0105","7.9546","145.81K","0.00%"
"07/13/2022","7.9885","7.9938","8.0419","7.9670","139.34K","-0.07%"
"07/12/2022","7.9938","7.9853","8.0148","7.9469","136.08K","0.06%"
"07/11/2022","7.9887","8.0538","8.0618","7.9679","125.71K","-0.81%"
"07/08/2022","8.0538","8.0588","8.0810","7.9914","150.93K","-0.05%"
"07/07/2022","8.0579","8.0043","8.0632","7.9879","151.34K","0.74%"
"07/06/2022","7.9987","8.0359","8.0457","7.9670","161.58K","-0.46%"
"07/05/2022","8.0359","8.1124","8.1205","7.9943","150.54K","-0.92%"
"07/04/2022","8.1107","8.1122","8.1438","8.0840","115.80K","0.06%"
"07/01/2022","8.1062","8.1581","8.1618","8.0318","117.14K","-0.63%"
"06/30/2022","8.1577","8.1251","8.1661","8.1007","131.05K","0.40%"
"06/29/2022","8.1251","8.1725","8.1936","8.1078","142.59K","-0.58%"
"06/28/2022","8.1728","8.2075","8.2286","8.1698","152.44K","-0.43%"
"06/27/2022","8.2079","8.2044","8.2455","8.1896","131.32K","0.04%"
"06/24/2022","8.2044","8.2124","8.2439","8.1943","119.52K","-0.11%"
"06/23/2022","8.2137","8.2227","8.2403","8.1631","163.11K","-0.11%"
"06/22/2022","8.2224","8.2116","8.2524","8.1770","124.36K","0.11%"
"06/21/2022","8.2130","8.2030","8.2531","8.1862","116.21K","0.16%"
"06/20/2022","8.1997","8.2111","8.2165","8.1633","114.77K","-0.14%"
"06/17/2022","8.2111","8.2818","8.2925","8.1738","168.37K","-0.85%"
"06/16/2022","8.2811","8.1774","8.3176","8.0861","184.25K","1.26%"
"06/15/2022","8.1778","8.0859","8.1953","8.0550","148.18K","1.11%"
"06/14/2022","8.0879","8.1974","8.2174","8.0444","144.57K","-1.29%"
"06/13/2022","8.1933","8.2697","8.2870","8.1775","122.00K","-0.84%"
"06/10/2022","8.2627","8.3624","8.3703","8.2518","116.97K","-1.17%"
"06/09/2022","8.3607","8.3821","8.4035","8.3455","108.30K","-0.26%"
"06/08/2022","8.3821","8.3998","8.4038","8.3685","108.59K","-0.19%"
"06/07/2022","8.3978","8.3388","8.4052","8.2911","114.33K","0.70%"
"06/06/2022","8.3394","8.3221","8.3616","8.2871","104.42K","0.25%"
"06/03/2022","8.3187","8.3783","8.3860","8.3144","70.95K","-0.70%"
"06/02/2022","8.3773","8.3507","8.3874","8.3400","87.80K","0.30%"
"06/01/2022","8.3520","8.4094","8.4381","8.3299","105.30K","-0.67%"
"05/31/2022","8.4081","8.4284","8.4304","8.3723","118.68K","-0.22%"
"05/30/2022","8.4270","8.4516","8.4701","8.3943","90.33K","-0.30%"
"05/27/2022","8.4523","8.4904","8.5333","8.4385","112.49K","-0.42%"
"05/26/2022","8.4883","8.4102","8.4978","8.4069","124.42K","0.93%"
"05/25/2022","8.4102","8.3381","8.4276","8.3285","141.41K","0.86%"
"05/24/2022","8.3381","8.3680","8.4102","8.3098","129.03K","-0.42%"
"05/23/2022","8.3736","8.3522","8.3946","8.3481","112.84K","0.18%"
"05/20/2022","8.3582","8.3651","8.3858","8.3152","123.97K","-0.08%"
"05/19/2022","8.3651","8.3350","8.4166","8.3331","141.61K","0.35%"
"05/18/2022","8.3358","8.4178","8.4357","8.3276","127.41K","-0.96%"
"05/17/2022","8.4168","8.3586","8.4324","8.3481","131.93K","0.68%"
"05/16/2022","8.3599","8.3071","8.3681","8.2994","124.29K","0.41%"
"05/13/2022","8.3254","8.2805","8.3281","8.2672","127.07K","0.54%"
"05/12/2022","8.2808","8.2408","8.3105","8.2159","160.93K","0.56%"
"05/11/2022","8.2343","8.3002","8.3304","8.2239","136.73K","-0.79%"
"05/10/2022","8.2998","8.3004","8.3314","8.2657","141.68K","-0.01%"
"05/09/2022","8.3010","8.2255","8.3340","8.1972","109.81K","0.91%"
"05/06/2022","8.2259","8.2295","8.2642","8.2027","141.71K","-0.06%"
"05/05/2022","8.2305","8.3420","8.3539","8.1810","139.04K","-1.34%"
"05/04/2022","8.3420","8.2613","8.3532","8.2282","107.59K","0.99%"
"05/03/2022","8.2603","8.2564","8.3059","8.2405","102.03K","0.05%"
"05/02/2022","8.2560","8.3181","8.3260","8.2421","73.31K","-0.64%"
"04/29/2022","8.3089","8.2543","8.3373","8.2487","127.84K","0.66%"
"04/28/2022","8.2543","8.2368","8.3051","8.2145","113.34K","0.25%"
"04/27/2022","8.2335","8.2450","8.2631","8.2014","108.60K","-0.15%"
"04/26/2022","8.2456","8.3579","8.3656","8.2417","126.14K","-1.34%"
"04/25/2022","8.3576","8.3617","8.3869","8.3278","136.19K","0.13%"
"04/22/2022","8.3470","8.4055","8.4343","8.3360","118.22K","-0.68%"
"04/21/2022","8.4039","8.3889","8.4408","8.3657","147.94K","0.18%"
"04/20/2022","8.3886","8.3106","8.3912","8.3065","125.93K","0.93%"
"04/19/2022","8.3109","8.2879","8.3239","8.2738","107.18K","0.32%"
"04/18/2022","8.2847","8.3208","8.3246","8.2797","79.04K","-0.43%"
"04/15/2022","8.3208","8.3344","8.3436","8.3123","133.85K","-0.16%"
"04/14/2022","8.3344","8.3525","8.3799","8.3106","117.59K","-0.23%"
"04/13/2022","8.3532","8.2746","8.3544","8.2586","116.05K","0.93%"
"04/12/2022","8.2762","8.3008","8.3138","8.2746","97.51K","-0.27%"
"04/11/2022","8.2989","8.3019","8.3158","8.2732","82.68K","0.04%"
"04/08/2022","8.2952","8.3175","8.3273","8.2638","90.41K","-0.25%"
"04/07/2022","8.3159","8.3119","8.3376","8.2986","89.21K","0.04%"
"04/06/2022","8.3125","8.3249","8.3417","8.2982","101.00K","-0.06%"
"04/05/2022","8.3175","8.3452","8.3792","8.3137","83.85K","-0.33%"
"04/04/2022","8.3452","8.3446","8.3602","8.3305","96.64K","0.01%"
"04/01/2022","8.3446","8.3292","8.3645","8.3244","147.17K","0.20%"
"03/31/2022","8.3282","8.3361","8.3534","8.3091","103.87K","-0.10%"
"03/30/2022","8.3364","8.3282","8.3715","8.3231","108.85K","0.05%"
"03/29/2022","8.3320","8.3382","8.3763","8.3110","123.02K","-0.07%"
"03/28/2022","8.3382","8.3967","8.4011","8.3251","97.37K","-0.64%"
"03/25/2022","8.3916","8.4023","8.4203","8.3704","97.67K","-0.07%"
"03/24/2022","8.3972","8.4151","8.4220","8.3790","94.25K","-0.21%"
"03/23/2022","8.4148","8.4435","8.4712","8.3937","97.62K","-0.34%"
"03/22/2022","8.4435","8.3709","8.4466","8.3467","110.69K","0.88%"
"03/21/2022","8.3702","8.3853","8.3971","8.3405","84.85K","-0.15%"
"03/18/2022","8.3828","8.3457","8.3958","8.3416","90.43K","0.45%"
"03/17/2022","8.3451","8.3532","8.3919","8.3082","119.71K","-0.09%"
"03/16/2022","8.3529","8.3085","8.3624","8.2740","129.02K","0.55%"
"03/15/2022","8.3072","8.2767","8.3472","8.2741","129.42K","0.37%"
"03/14/2022","8.2767","8.2659","8.3265","8.2598","105.03K","0.13%"
"03/11/2022","8.2659","8.2735","8.3149","8.2514","135.14K","-0.08%"
"03/10/2022","8.2725","8.3242","8.3423","8.2691","132.92K","-0.66%"
"03/09/2022","8.3274","8.2797","8.3351","8.2690","137.82K","0.56%"
"03/08/2022","8.2807","8.2828","8.3063","8.2616","143.05K","-0.03%"
"03/07/2022","8.2831","8.3594","8.3752","8.2809","145.39K","-0.91%"
"03/04/2022","8.3594","8.4349","8.4416","8.3418","133.64K","-0.92%"
"03/03/2022","8.4374","8.4744","8.4798","8.4159","123.38K","-0.44%"
"03/02/2022","8.4744","8.4097","8.4760","8.3759","112.45K","0.75%"
"03/01/2022","8.4117","8.4676","8.4844","8.3956","128.10K","-0.66%"
"02/28/2022","8.4676","8.4699","8.4768","8.4096","124.73K","-0.03%"
"02/25/2022","8.4699","8.4671","8.4941","8.4404","114.74K","0.04%"
"02/24/2022","8.4665","8.5530","8.5604","8.3997","152.50K","-1.01%"
"02/23/2022","8.5530","8.5940","8.6121","8.5471","103.96K","-0.50%"
"02/22/2022","8.5956","8.6182","8.6292","8.5589","115.99K","-0.24%"
"02/21/2022","8.6160","8.5997","8.6425","8.5933","84.20K","0.21%"
"02/18/2022","8.5978","8.6291","8.6371","8.5851","106.43K","-0.39%"
"02/17/2022","8.6317","8.6101","8.6467","8.5866","118.87K","0.26%"
"02/16/2022","8.6094","8.5808","8.6202","8.5751","109.72K","0.33%"
"02/15/2022","8.5814","8.5986","8.6175","8.5472","103.52K","-0.22%"
"02/14/2022","8.6006","8.6181","8.6279","8.5791","107.36K","-0.20%"
"02/11/2022","8.6181","8.6124","8.6492","8.5976","123.22K","0.05%"
"02/10/2022","8.6139","8.6113","8.6702","8.5966","111.97K","0.03%"
"02/09/2022","8.6113","8.6216","8.6475","8.6062","91.60K","-0.12%"
"02/08/2022","8.6219","8.6130","8.6368","8.5909","117.05K","0.11%"
"02/07/2022","8.6120","8.5684","8.6199","8.5656","108.13K","0.06%"
"02/04/2022","8.6068","8.6503","8.6615","8.5895","111.26K","-0.50%"
"02/03/2022","8.6497","8.6364","8.6698","8.6108","100.83K","0.13%"
"02/02/2022","8.6383","8.5976","8.6440","8.5969","75.23K","0.43%"
"02/01/2022","8.6011","8.5537","8.6064","8.5448","80.32K","0.54%"
"01/31/2022","8.5546","8.5235","8.5632","8.5148","82.36K","0.32%"
"01/28/2022","8.5273","8.5215","8.5453","8.4972","103.06K","0.02%"
"01/27/2022","8.5253","8.5115","8.5505","8.4960","104.93K","0.18%"
"01/26/2022","8.5099","8.5390","8.5532","8.4976","100.38K","-0.39%"
"01/25/2022","8.5428","8.5383","8.5529","8.5029","123.49K","0.05%"
"01/24/2022","8.5383","8.5932","8.5942","8.5079","120.96K","-0.64%"
"01/21/2022","8.5932","8.6239","8.6297","8.5838","97.09K","-0.35%"
"01/20/2022","8.6231","8.6368","8.6638","8.6146","101.74K","-0.13%"
"01/19/2022","8.6343","8.6372","8.6626","8.6276","123.17K","-0.03%"
"01/18/2022","8.6372","8.6642","8.6737","8.6199","136.23K","-0.31%"
"01/17/2022","8.6642","8.6874","8.6931","8.6563","96.98K","-0.27%"
"01/14/2022","8.6874","8.7172","8.7349","8.6728","97.91K","-0.34%"
"01/13/2022","8.7172","8.7107","8.7477","8.7104","92.88K","0.05%"
"01/12/2022","8.7129","8.6892","8.7209","8.6684","78.43K","0.25%"
"01/11/2022","8.6911","8.6566","8.6927","8.6432","76.79K","0.38%"
"01/10/2022","8.6580","8.6665","8.6735","8.6258","75.37K","-0.10%"
"01/07/2022","8.6665","8.6372","8.6726","8.6227","67.71K","0.34%"
"01/06/2022","8.6372","8.6278","8.6552","8.5984","98.68K","0.11%"
"01/05/2022","8.6276","8.6246","8.6556","8.6123","63.51K","0.06%"
"01/04/2022","8.6221","8.5638","8.6403","8.5611","65.91K","0.68%"
"01/03/2022","8.5636","8.6005","8.6080","8.5366","46.00K","-0.43%"
"12/31/2021","8.6005","8.6012","8.6175","8.5473","69.05K","-0.01%"
"12/30/2021","8.6012","8.5907","8.6200","8.5730","57.92K","0.13%"
"12/29/2021","8.5903","8.5570","8.5977","8.5361","63.14K","0.39%"
"12/28/2021","8.5570","8.5623","8.5748","8.5433","61.31K","-0.09%"
"12/27/2021","8.5646","8.5244","8.5685","8.5244","44.98K","0.47%"
"12/24/2021","8.5244","8.5393","8.5479","8.5224","95.89K","-0.21%"
"12/23/2021","8.5422","8.5064","8.5620","8.4986","79.53K","0.44%"
"12/22/2021","8.5045","8.4506","8.5128","8.4346","76.82K","0.59%"
"12/21/2021","8.4548","8.4204","8.4570","8.4140","97.73K","0.40%"
"12/20/2021","8.4208","8.4457","8.4473","8.3979","97.84K","-0.24%"
"12/17/2021","8.4413","8.4842","8.5064","8.4349","103.48K","-0.49%"
"12/16/2021","8.4832","8.4427","8.5172","8.4277","98.72K","0.44%"
"12/15/2021","8.4462","8.4310","8.4549","8.3870","108.01K","0.18%"
"12/14/2021","8.4307","8.4162","8.4393","8.3936","104.57K","0.17%"
"12/13/2021","8.4162","8.4320","8.4498","8.4076","102.27K","-0.45%"
"12/10/2021","8.4543","8.4312","8.4575","8.3987","117.28K","0.27%"
"12/09/2021","8.4318","8.3776","8.4337","8.3639","131.72K","0.60%"
"12/08/2021","8.3814","8.4320","8.4377","8.3594","159.04K","-0.60%"
"12/07/2021","8.4323","8.4582","8.4703","8.4124","140.97K","-0.31%"
"12/06/2021","8.4585","8.4453","8.4766","8.4217","133.50K","0.24%"
"12/03/2021","8.4379","8.4870","8.4870","8.4223","101.20K","-0.58%"
"12/02/2021","8.4870","8.4556","8.5023","8.4512","117.95K","0.36%"
"12/01/2021","8.4569","8.4639","8.5042","8.4451","142.75K","-0.08%"
"11/30/2021","8.4636","8.5055","8.5204","8.3974","168.51K","-0.49%"
"11/29/2021","8.5052","8.5296","8.5339","8.4872","115.65K","-0.26%"
"11/26/2021","8.5273","8.5064","8.5465","8.4860","150.75K","0.23%"
"11/25/2021","8.5077","8.5197","8.5330","8.4955","121.42K","-0.14%"
"11/24/2021","8.5194","8.5510","8.5545","8.5117","117.18K","-0.37%"
"11/23/2021","8.5510","8.5533","8.5619","8.5248","142.09K","-0.04%"
"11/22/2021","8.5546","8.5942","8.5968","8.5459","160.28K","-0.45%"
"11/19/2021","8.5933","8.6149","8.6251","8.5655","94.33K","-0.28%"
"11/18/2021","8.6177","8.6000","8.6255","8.5949","122.13K","0.22%"
"11/17/2021","8.5987","8.5863","8.6103","8.5598","126.89K","0.16%"
"11/16/2021","8.5849","8.5681","8.6034","8.5501","127.15K","0.22%"
"11/15/2021","8.5663","8.5634","8.5864","8.5487","109.49K","0.09%"
"11/12/2021","8.5584","8.5461","8.5663","8.5343","96.58K","0.14%"
"11/11/2021","8.5461","8.5646","8.6030","8.5365","104.95K","-0.20%"
"11/10/2021","8.5636","8.6674","8.6745","8.5614","113.78K","-1.18%"
"11/09/2021","8.6661","8.6685","8.6963","8.6453","95.10K","-0.04%"
"11/08/2021","8.6692","8.6369","8.6820","8.6030","92.77K","0.38%"
"11/05/2021","8.6366","8.6328","8.6472","8.5906","91.38K","0.00%"
"11/04/2021","8.6363","8.7680","8.7764","8.6178","132.29K","-1.50%"
"11/03/2021","8.7680","8.7116","8.7725","8.7034","119.49K","0.62%"
"11/02/2021","8.7143","8.7482","8.7524","8.7072","115.75K","-0.32%"
"11/01/2021","8.7425","8.7647","8.7705","8.7273","92.51K","-0.33%"
"10/29/2021","8.7714","8.8144","8.8308","8.7551","115.00K","-0.48%"
"10/28/2021","8.8137","8.7887","8.8311","8.7717","125.10K","0.28%"
"10/27/2021","8.7893","8.7888","8.7986","8.7620","98.47K","0.01%"
"10/26/2021","8.7882","8.7923","8.8260","8.7766","95.11K","-0.05%"
"10/25/2021","8.7930","8.7825","8.8029","8.7747","100.17K","0.13%"
"10/22/2021","8.7812","8.8176","8.8346","8.7700","100.78K","-0.42%"
"10/21/2021","8.8182","8.8396","8.8440","8.8070","82.00K","-0.25%"
"10/20/2021","8.8400","8.8036","8.8471","8.7862","78.32K","0.40%"
"10/19/2021","8.8052","8.8269","8.8465","8.7993","109.61K","-0.24%"
"10/18/2021","8.8263","8.8500","8.8597","8.8132","76.23K","-0.27%"
"10/15/2021","8.8503","8.8057","8.8648","8.7970","83.50K","0.50%"
"10/14/2021","8.8067","8.7789","8.8434","8.7769","70.91K","0.29%"
"10/13/2021","8.7811","8.7628","8.7950","8.7541","108.18K","0.21%"
"10/12/2021","8.7629","8.7723","8.7960","8.7496","82.25K","-0.09%"
"10/11/2021","8.7706","8.7719","8.8047","8.7623","77.30K","-0.01%"
"10/08/2021","8.7719","8.7787","8.8052","8.7574","76.25K","-0.09%"
"10/07/2021","8.7797","8.7533","8.7930","8.7481","82.76K","0.28%"
"10/06/2021","8.7556","8.7881","8.7913","8.7311","97.32K","-0.36%"
"10/05/2021","8.7875","8.7746","8.7988","8.7571","106.70K","0.14%"
"10/04/2021","8.7749","8.7336","8.7938","8.7236","76.19K","0.48%"
"10/01/2021","8.7333","8.6850","8.7523","8.6601","84.26K","0.54%"
"09/30/2021","8.6863","8.6868","8.7147","8.6685","111.63K","-0.02%"
"09/29/2021","8.6884","8.7436","8.7669","8.6780","103.50K","-0.63%"
"09/28/2021","8.7439","8.8438","8.8570","8.7333","114.15K","-1.14%"
"09/27/2021","8.8448","8.8468","8.8683","8.8215","77.86K","0.02%"
"09/24/2021","8.8429","8.8622","8.8744","8.8326","73.07K","-0.20%"
"09/23/2021","8.8606","8.8065","8.8829","8.7962","103.78K","0.62%"
"09/22/2021","8.8062","8.8316","8.8520","8.7946","105.47K","-0.31%"
"09/21/2021","8.8336","8.8323","8.8546","8.8203","80.11K","0.01%"
"09/20/2021","8.8326","8.8885","8.8940","8.8200","72.88K","-0.61%"
"09/17/2021","8.8872","8.9066","8.9158","8.8762","78.03K","-0.20%"
"09/16/2021","8.9050","8.9020","8.9253","8.8830","93.82K","0.04%"
"09/15/2021","8.9010","8.8918","8.9127","8.8843","86.81K","0.09%"
"09/14/2021","8.8934","8.9258","8.9618","8.8880","97.81K","-0.39%"
"09/13/2021","8.9280","8.9209","8.9399","8.9062","76.46K","0.09%"
"09/10/2021","8.9197","8.9330","8.9460","8.9100","99.65K","-0.14%"
"09/09/2021","8.9324","8.8979","8.9494","8.8848","82.95K","0.38%"
"09/08/2021","8.8989","8.9136","8.9174","8.8684","97.80K","-0.19%"
"09/07/2021","8.9162","8.9355","8.9499","8.8983","96.14K","-0.22%"
"09/06/2021","8.9355","8.9457","8.9508","8.9239","61.52K","-0.14%"
"09/03/2021","8.9479","8.9313","8.9647","8.9039","81.40K","0.19%"
"09/02/2021","8.9312","8.8993","8.9362","8.8934","76.54K","0.40%"
"09/01/2021","8.8954","8.8854","8.9174","8.8714","83.55K","0.09%"
"08/31/2021","8.8873","8.8987","8.9243","8.8772","76.22K","-0.12%"
"08/30/2021","8.8980","8.9039","8.9130","8.8841","51.00K","-0.07%"
"08/27/2021","8.9046","8.8783","8.9264","8.8663","95.10K","0.27%"
"08/26/2021","8.8803","8.9117","8.9215","8.8722","80.94K","-0.35%"
"08/25/2021","8.9117","8.8846","8.9159","8.8728","69.01K","0.31%"
"08/24/2021","8.8846","8.8907","8.9088","8.8681","58.01K","-0.08%"
"08/23/2021","8.8920","8.8635","8.9014","8.8502","72.29K","0.40%"
"08/20/2021","8.8567","8.8606","8.8683","8.8400","92.33K","-0.03%"
"08/19/2021","8.8590","8.9210","8.9230","8.8538","97.60K","-0.69%"
"08/18/2021","8.9210","8.9126","8.9401","8.9003","78.95K","0.10%"
"08/17/2021","8.9119","8.9675","8.9704","8.9025","75.60K","-0.63%"
"08/16/2021","8.9688","8.9641","8.9900","8.9535","79.96K","-0.13%"
"08/13/2021","8.9809","8.9450","8.9881","8.9350","62.80K","0.39%"
"08/12/2021","8.9457","8.9889","8.9906","8.9372","72.55K","-0.48%"
"08/11/2021","8.9892","8.9802","8.9986","8.9527","68.12K","0.10%"
"08/10/2021","8.9799","8.9810","8.9939","8.9654","110.96K","-0.01%"
"08/09/2021","8.9810","8.9991","9.0056","8.9706","65.99K","-0.15%"
"08/06/2021","8.9946","9.0008","9.0128","8.9863","66.46K","-0.07%"
"08/05/2021","9.0008","8.9810","9.0161","8.9695","78.06K","0.21%"
"08/04/2021","8.9823","9.0042","9.0127","8.9784","83.03K","-0.24%"
"08/03/2021","9.0042","8.9714","9.0098","8.9685","75.49K","0.37%"
"08/02/2021","8.9714","8.9821","9.0039","8.9662","66.46K","-0.13%"
"07/30/2021","8.9834","9.0141","9.0366","8.9734","80.78K","-0.35%"
"07/29/2021","9.0151","9.0223","9.0334","9.0054","88.44K","-0.08%"
"07/28/2021","9.0223","9.0382","9.0443","8.9859","92.00K","-0.15%"
"07/27/2021","9.0361","8.9579","9.0473","8.9455","80.49K","0.87%"
"07/26/2021","8.9579","8.9144","8.9686","8.9051","67.30K","0.56%"
"07/23/2021","8.9080","8.9081","8.9220","8.8845","79.59K","-0.01%"
"07/22/2021","8.9085","8.8702","8.9166","8.8547","92.60K","0.45%"
"07/21/2021","8.8689","8.8384","8.8767","8.7983","86.99K","0.35%"
"07/20/2021","8.8378","8.8777","8.8797","8.7971","112.67K","-0.42%"
"07/19/2021","8.8755","8.9328","8.9328","8.8620","113.73K","-0.50%"
"07/16/2021","8.9205","8.9354","8.9664","8.9150","98.00K","-0.17%"
"07/15/2021","8.9354","8.9646","8.9786","8.9186","95.65K","-0.34%"
"07/14/2021","8.9659","8.9360","8.9765","8.9275","84.33K","0.33%"
"07/13/2021","8.9360","8.9913","8.9981","8.9235","79.57K","-0.59%"
"07/12/2021","8.9894","9.0073","9.0129","8.9592","109.78K","-0.19%"
"07/09/2021","9.0064","8.9492","9.0119","8.9265","100.69K","0.65%"
"07/08/2021","8.9478","8.9333","8.9524","8.9161","101.43K","0.15%"
"07/07/2021","8.9340","8.9413","8.9503","8.9026","93.45K","-0.10%"
"07/06/2021","8.9426","8.9491","8.9801","8.9232","123.97K","-0.09%"
"07/05/2021","8.9511","8.9471","8.9599","8.9278","68.46K","0.04%"
"07/02/2021","8.9474","8.9073","8.9623","8.8941","88.37K","0.46%"
"07/01/2021","8.9066","8.9297","8.9401","8.8966","90.56K","-0.26%"
"06/30/2021","8.9297","8.9452","8.9615","8.9096","96.71K","-0.16%"
"06/29/2021","8.9439","8.9643","8.9679","8.9278","90.05K","-0.23%"
"06/28/2021","8.9643","8.9639","8.9996","8.9546","74.32K","0.04%"
"06/25/2021","8.9603","9.0109","9.0152","8.9551","82.04K","-0.57%"
"06/24/2021","9.0113","9.0394","9.0550","8.9836","93.44K","-0.31%"
"06/23/2021","9.0394","9.0401","9.0666","9.0179","79.27K","-0.01%"
"06/22/2021","9.0407","9.0094","9.0508","8.9717","101.99K","0.34%"
"06/21/2021","9.0103","8.9124","9.0133","8.9024","117.80K","1.10%"
"06/18/2021","8.9124","8.9765","8.9917","8.8984","139.37K","-0.72%"
"06/17/2021","8.9767","8.9484","9.0011","8.9372","114.07K","0.31%"
"06/16/2021","8.9487","9.0227","9.0453","8.9443","87.85K","-0.82%"
"06/15/2021","9.0230","9.0308","9.0469","8.9805","88.96K","-0.07%"
"06/14/2021","9.0292","9.0343","9.0379","9.0026","79.88K","0.02%"
"06/11/2021","9.0270","9.0637","9.0654","9.0187","83.02K","-0.40%"
"06/10/2021","9.0634","9.0194","9.0654","8.9914","94.02K","0.49%"
"06/09/2021","9.0192","9.0621","9.0713","9.0109","90.97K","-0.46%"
"06/08/2021","9.0612","9.0734","9.0759","9.0324","101.45K","-0.11%"
"06/07/2021","9.0714","9.0628","9.0785","9.0271","89.81K","0.20%"
"06/04/2021","9.0532","9.0329","9.0856","9.0197","83.22K","0.22%"
"06/03/2021","9.0332","9.0427","9.0778","9.0208","85.83K","-0.10%"
"06/02/2021","9.0420","9.0321","9.0547","9.0121","112.83K","0.14%"
"06/01/2021","9.0298","9.0536","9.0832","9.0279","101.66K","-0.26%"
"05/31/2021","9.0529","9.0304","9.0599","9.0078","97.51K","0.18%"
"05/28/2021","9.0365","9.0687","9.0719","9.0099","102.38K","-0.35%"
"05/27/2021","9.0681","9.0260","9.0770","8.9941","140.27K","0.48%"
"05/26/2021","9.0250","9.0735","9.0754","9.0196","127.50K","-0.54%"
"05/25/2021","9.0738","9.0878","9.1021","9.0475","123.89K","-0.16%"
"05/24/2021","9.0879","9.1102","9.1152","9.0739","102.70K","-0.17%"
"05/21/2021","9.1038","9.1314","9.1551","9.0976","115.22K","-0.31%"
"05/20/2021","9.1318","9.0798","9.1334","9.0737","111.13K","0.54%"
"05/19/2021","9.0830","9.1174","9.1348","9.0730","125.24K","-0.37%"
"05/18/2021","9.1168","9.0992","9.1364","9.0979","123.32K","0.16%"
"05/17/2021","9.1024","9.0698","9.1098","9.0615","85.52K","0.30%"
"05/14/2021","9.0751","9.0663","9.0861","9.0376","89.61K","0.10%"
"05/13/2021","9.0663","9.0751","9.0864","9.0409","105.18K","-0.09%"
"05/12/2021","9.0748","9.0915","9.1158","9.0705","98.81K","-0.19%"
"05/11/2021","9.0924","9.0586","9.1078","9.0554","121.69K","0.33%"
"05/10/2021","9.0627","8.9927","9.0840","8.9914","117.08K","0.82%"
"05/07/2021","8.9888","8.9763","9.0097","8.9605","92.58K","0.13%"
"05/06/2021","8.9770","9.0001","9.0244","8.9636","104.80K","-0.27%"
"05/05/2021","9.0014","8.9898","9.0157","8.9817","106.07K","0.13%"
"05/04/2021","8.9895","9.0053","9.0086","8.9577","97.59K","-0.18%"
"05/03/2021","9.0053","8.9509","9.0192","8.9335","70.32K","0.69%"
"04/30/2021","8.9438","9.0236","9.0348","8.9344","105.61K","-0.88%"
"04/29/2021","9.0236","9.0306","9.0510","9.0087","87.10K","-0.05%"
"04/28/2021","9.0277","9.0219","9.0390","8.9866","94.05K","0.08%"
"04/27/2021","9.0206","9.0132","9.0302","8.9863","110.94K","0.06%"
"04/26/2021","9.0148","9.0111","9.0421","8.9926","108.52K","0.02%"
"04/23/2021","9.0131","8.9828","9.0238","8.9799","91.39K","0.34%"
"04/22/2021","8.9828","9.0425","9.0493","8.9720","105.06K","-0.65%"
"04/21/2021","9.0412","9.0587","9.0672","9.0194","99.93K","-0.19%"
"04/20/2021","9.0587","9.1056","9.1114","9.0509","100.18K","-0.52%"
"04/19/2021","9.1056","9.0165","9.1100","9.0061","90.58K","0.96%"
"04/16/2021","9.0194","8.9910","9.0276","8.9545","108.51K","0.32%"
"04/15/2021","8.9910","8.9978","9.0163","8.9804","112.87K","-0.09%"
"04/14/2021","8.9991","8.9981","9.0236","8.9797","101.65K","0.02%"
"04/13/2021","8.9975","8.9974","9.0194","8.9653","99.64K","-0.01%"
"04/12/2021","8.9987","8.9842","9.0202","8.9596","100.08K","0.17%"
"04/09/2021","8.9835","8.9973","9.0110","8.9639","95.02K","-0.16%"
"04/08/2021","8.9976","8.9868","9.0252","8.9839","105.25K","0.12%"
"04/07/2021","8.9868","9.0408","9.0564","8.9786","126.91K","-0.60%"
"04/06/2021","9.0408","9.1296","9.1388","9.0255","101.34K","-0.95%"
"04/05/2021","9.1276","9.0803","9.1378","9.0708","71.84K","0.48%"
"04/02/2021","9.0843","9.0817","9.0923","9.0666","82.28K","0.03%"
"04/01/2021","9.0817","9.0305","9.0864","9.0250","134.45K","0.56%"
"03/31/2021","9.0312","9.0300","9.0509","9.0007","132.35K","0.01%"
"03/30/2021","9.0306","9.0416","9.0601","9.0089","108.64K","-0.12%"
"03/29/2021","9.0416","9.0227","9.0893","9.0043","122.65K","0.25%"
"03/26/2021","9.0188","8.9887","9.0359","8.9868","104.29K","0.31%"
"03/25/2021","8.9907","8.9306","8.9989","8.9254","116.16K","0.67%"
"03/24/2021","8.9306","8.9614","8.9678","8.9208","127.56K","-0.34%"
"03/23/2021","8.9614","9.0217","9.0253","8.9532","121.45K","-0.68%"
"03/22/2021","9.0224","9.0254","9.0326","8.9922","98.20K","-0.08%"
"03/19/2021","9.0293","9.0594","9.0825","9.0046","131.04K","-0.32%"
"03/18/2021","9.0584","9.0849","9.0997","9.0424","136.96K","-0.27%"
"03/17/2021","9.0830","9.0371","9.0872","9.0085","123.35K","0.50%"
"03/16/2021","9.0380","9.0344","9.0475","8.9754","109.16K","0.07%"
"03/15/2021","9.0318","9.0598","9.0796","9.0036","126.47K","-0.34%"
"03/12/2021","9.0627","9.0846","9.0950","9.0182","144.55K","-0.26%"
"03/11/2021","9.0862","9.0641","9.0885","9.0411","133.14K","0.25%"
"03/10/2021","9.0634","9.0393","9.0689","9.0176","145.32K","0.25%"
"03/09/2021","9.0407","9.0233","9.0653","9.0070","177.61K","0.20%"
"03/08/2021","9.0230","8.9896","9.0459","8.9723","202.72K","0.33%"
"03/05/2021","8.9935","8.9906","9.0046","8.9479","166.45K","0.03%"
"03/04/2021","8.9910","9.0255","9.0693","8.9799","183.66K","-0.39%"
"03/03/2021","9.0259","9.0295","9.0563","9.0023","168.65K","-0.05%"
"03/02/2021","9.0308","9.0033","9.0453","8.9662","170.60K","0.31%"
"03/01/2021","9.0026","9.0257","9.0652","8.9900","183.46K","-0.22%"
"02/26/2021","9.0225","9.0466","9.0742","8.9721","183.71K","-0.27%"
"02/25/2021","9.0466","9.1267","9.1547","9.0365","205.50K","-0.92%"
"02/24/2021","9.1302","9.1243","9.2064","9.0918","143.79K","0.05%"
"02/23/2021","9.1255","9.0914","9.1291","9.0818","158.26K","0.37%"
"02/22/2021","9.0920","9.0504","9.1069","9.0388","142.06K","0.45%"
"02/19/2021","9.0510","9.0676","9.0721","9.0218","155.53K","-0.18%"
"02/18/2021","9.0676","8.9479","9.0715","8.9307","173.08K","1.37%"
"02/17/2021","8.9453","8.9808","8.9847","8.9310","183.52K","-0.37%"
"02/16/2021","8.9782","8.9789","9.0109","8.9566","169.93K","-0.02%"
"02/15/2021","8.9802","8.9421","8.9898","8.9421","123.97K","0.45%"
"02/12/2021","8.9401","8.9233","8.9533","8.8959","137.72K","0.20%"
"02/11/2021","8.9227","8.9330","8.9514","8.9127","161.08K","-0.12%"
"02/10/2021","8.9333","8.8910","8.9518","8.8820","195.61K","0.48%"
"02/09/2021","8.8910","8.8605","8.8943","8.8538","162.43K","0.35%"
"02/08/2021","8.8601","8.8781","8.8862","8.8296","146.16K","-0.25%"
"02/05/2021","8.8820","8.8485","8.8862","8.8404","160.85K","0.38%"
"02/04/2021","8.8482","8.8159","8.8563","8.7674","152.72K","0.37%"
"02/03/2021","8.8156","8.8225","8.8402","8.7960","147.44K","-0.10%"
"02/02/2021","8.8244","8.8378","8.8543","8.7875","164.54K","-0.14%"
"02/01/2021","8.8372","8.8144","8.8907","8.8015","167.57K","0.35%"
"01/29/2021","8.8067","8.8491","8.8706","8.7993","201.95K","-0.48%"
"01/28/2021","8.8494","8.8747","8.8803","8.8189","202.29K","-0.27%"
"01/27/2021","8.8735","8.8802","8.9030","8.8537","185.45K","-0.10%"
"01/26/2021","8.8824","8.8605","8.8867","8.8122","142.96K","0.24%"
"01/25/2021","8.8615","8.8672","8.8889","8.8425","158.82K","-0.11%"
"01/22/2021","8.8712","8.8743","8.8814","8.8400","187.33K","-0.04%"
"01/21/2021","8.8746","8.8297","8.8873","8.8271","192.70K","0.51%"
"01/20/2021","8.8300","8.8305","8.8722","8.8090","181.39K","-0.01%"
"01/19/2021","8.8305","8.8211","8.8359","8.8113","169.50K","0.11%"
"01/18/2021","8.8210","8.8101","8.8229","8.7800","151.41K","0.17%"
"01/15/2021","8.8061","8.8624","8.8698","8.7955","166.80K","-0.64%"
"01/14/2021","8.8630","8.8224","8.8770","8.8081","172.75K","0.47%"
"01/13/2021","8.8218","8.8326","8.8619","8.8040","170.63K","-0.14%"
"01/12/2021","8.8338","8.7590","8.8367","8.7439","164.03K","0.84%"
"01/11/2021","8.7603","8.7853","8.7860","8.7188","153.44K","-0.27%"
"01/08/2021","8.7840","8.7863","8.8123","8.7639","144.08K","-0.03%"
"01/07/2021","8.7863","8.7947","8.8115","8.7592","160.52K","-0.10%"
"01/06/2021","8.7953","8.7974","8.8246","8.7413","157.99K","-0.01%"
"01/05/2021","8.7961","8.7697","8.8078","8.7382","176.22K","0.30%"
"01/04/2021","8.7694","8.9188","8.9321","8.7496","157.63K","-1.73%"
"01/01/2021","8.9240","8.9236","8.9305","8.9236","1.45K","-0.02%"
"12/31/2020","8.9256","8.8874","8.9536","8.8775","155.30K","0.43%"
"12/30/2020","8.8877","8.8175","8.8893","8.8120","156.72K","0.80%"
"12/29/2020","8.8175","8.7924","8.8341","8.7901","151.64K","0.28%"
"12/28/2020","8.7931","8.8616","8.8818","8.7786","122.39K","-0.80%"
"12/25/2020","8.8641","8.8492","8.8704","8.8427","14.06K","0.17%"
"12/24/2020","8.8488","8.8270","8.8960","8.8227","176.72K","0.26%"
"12/23/2020","8.8259","8.7433","8.8745","8.7365","180.76K","0.95%"
"12/22/2020","8.7430","8.8192","8.8228","8.7047","187.93K","-0.86%"
"12/21/2020","8.8189","8.7654","8.8408","8.6441","185.27K","-0.24%"
"12/18/2020","8.8402","8.8764","8.8803","8.8085","167.28K","-0.39%"
"12/17/2020","8.8747","8.8251","8.9025","8.8156","162.60K","0.55%"
"12/16/2020","8.8258","8.8017","8.8550","8.7827","159.42K","0.25%"
"12/15/2020","8.8038","8.7277","8.8090","8.6933","135.33K","0.87%"
"12/14/2020","8.7282","8.6941","8.7978","8.6891","112.10K","0.82%"
"12/11/2020","8.6574","8.7026","8.7166","8.5982","151.80K","-0.51%"
"12/10/2020","8.7020","8.7703","8.7775","8.6666","142.73K","-0.74%"
"12/09/2020","8.7670","8.7251","8.8115","8.7121","124.12K","0.48%"
"12/08/2020","8.7251","8.7355","8.7464","8.6792","151.95K","-0.12%"
"12/07/2020","8.7358","8.7843","8.7874","8.6505","149.51K","-0.48%"
"12/04/2020","8.7781","8.7973","8.8456","8.7633","165.81K","-0.22%"
"12/03/2020","8.7973","8.7688","8.8333","8.7561","176.87K","0.30%"
"12/02/2020","8.7714","8.8220","8.8288","8.7228","149.81K","-0.53%"
"12/01/2020","8.8177","8.7661","8.8345","8.7502","149.97K","0.60%"
"11/30/2020","8.7651","8.7564","8.8064","8.7481","137.74K","0.08%"
"11/27/2020","8.7578","8.7826","8.8095","8.7394","161.56K","-0.30%"
"11/26/2020","8.7840","8.8000","8.8116","8.7593","143.03K","-0.24%"
"11/25/2020","8.8054","8.8075","8.8134","8.7466","162.19K","-0.02%"
"11/24/2020","8.8075","8.7759","8.8102","8.7587","152.77K","0.37%"
"11/23/2020","8.7752","8.7114","8.8047","8.7114","151.49K","0.65%"
"11/20/2020","8.7183","8.7308","8.7386","8.7038","153.14K","-0.15%"
"11/19/2020","8.7314","8.7090","8.7432","8.6769","179.31K","0.28%"
"11/18/2020","8.7070","8.6835","8.7367","8.6743","163.09K","0.26%"
"11/17/2020","8.6842","8.6886","8.7143","8.6566","171.22K","-0.05%"
"11/16/2020","8.6889","8.7068","8.7371","8.6637","156.83K","-0.27%"
"11/13/2020","8.7127","8.6749","8.7226","8.6709","159.60K","0.45%"
"11/12/2020","8.6735","8.7677","8.7726","8.6666","192.87K","-1.08%"
"11/11/2020","8.7684","8.7789","8.8047","8.7431","167.01K","-0.13%"
"11/10/2020","8.7802","8.7269","8.7895","8.7058","196.18K","0.61%"
"11/09/2020","8.7269","8.7027","8.7410","8.6330","171.76K","0.32%"
"11/06/2020","8.6991","8.6844","8.7206","8.6599","191.90K","0.17%"
"11/05/2020","8.6847","8.6416","8.6913","8.5972","197.68K","0.49%"
"11/04/2020","8.6426","8.7212","8.7749","8.6249","189.03K","-0.90%"
"11/03/2020","8.7212","8.6444","8.7342","8.6334","154.80K","0.89%"
"11/02/2020","8.6440","8.6644","8.6697","8.6081","154.57K","-0.21%"
"10/30/2020","8.6624","8.6818","8.6895","8.6247","187.99K","-0.21%"
"10/29/2020","8.6808","8.7359","8.7467","8.6492","185.88K","-0.67%"
"10/28/2020","8.7397","8.7480","8.7688","8.6778","179.55K","-0.08%"
"10/27/2020","8.7470","8.7387","8.7712","8.7262","153.60K","0.06%"
"10/26/2020","8.7420","8.7249","8.7617","8.6920","152.12K","0.24%"
"10/23/2020","8.7209","8.7458","8.7625","8.6962","172.92K","-0.28%"
"10/22/2020","8.7458","8.7465","8.7678","8.7302","172.50K","-0.01%"
"10/21/2020","8.7465","8.6477","8.7648","8.6248","166.43K","1.20%"
"10/20/2020","8.6430","8.6548","8.6710","8.6272","147.60K","-0.11%"
"10/19/2020","8.6527","8.6500","8.7084","8.6326","138.08K","0.03%"
"10/16/2020","8.6503","8.6862","8.6919","8.6157","132.11K","-0.41%"
"10/15/2020","8.6862","8.7363","8.7565","8.6701","153.46K","-0.60%"
"10/14/2020","8.7383","8.7268","8.7758","8.6736","151.00K","0.13%"
"10/13/2020","8.7271","8.8151","8.8212","8.7177","164.00K","-0.97%"
"10/12/2020","8.8124","8.7219","8.8263","8.7161","138.07K","0.88%"
"10/09/2020","8.7353","8.7839","8.7985","8.6612","167.34K","-0.55%"
"10/08/2020","8.7839","8.7731","8.8087","8.7537","165.31K","0.12%"
"10/07/2020","8.7738","8.7459","8.7809","8.7228","162.80K","0.32%"
"10/06/2020","8.7459","8.8131","8.8334","8.7371","148.04K","-0.77%"
"10/05/2020","8.8141","8.7829","8.8223","8.7595","120.40K","0.32%"
"10/02/2020","8.7863","8.7554","8.7978","8.7174","168.57K","0.37%"
"10/01/2020","8.7541","8.7724","8.8141","8.7048","179.79K","-0.23%"
"09/30/2020","8.7740","8.7685","8.7887","8.7172","167.04K","0.07%"
"09/29/2020","8.7681","8.7400","8.7917","8.7397","162.32K","0.29%"
"09/28/2020","8.7430","8.6986","8.8074","8.6959","153.26K","0.51%"
"09/25/2020","8.6986","8.7094","8.7274","8.6589","175.92K","-0.10%"
"09/24/2020","8.7073","8.6656","8.7285","8.6554","182.88K","0.48%"
"09/23/2020","8.6656","8.6342","8.7008","8.6082","173.72K","0.38%"
"09/22/2020","8.6328","8.7188","8.7270","8.6175","158.92K","-1.02%"
"09/21/2020","8.7216","8.7483","8.7720","8.6933","146.89K","-0.25%"
"09/18/2020","8.7435","8.7775","8.7941","8.7422","181.71K","-0.39%"
"09/17/2020","8.7775","8.7583","8.7944","8.7080","189.97K","0.21%"
"09/16/2020","8.7590","8.7410","8.7940","8.7127","152.61K","0.21%"
"09/15/2020","8.7403","8.7491","8.7546","8.7080","127.79K","-0.11%"
"09/14/2020","8.7495","8.7501","8.8032","8.7313","108.10K","0.05%"
"09/11/2020","8.7450","8.7480","8.7974","8.7238","142.69K","-0.07%"
"09/10/2020","8.7514","8.8850","8.9171","8.7296","142.67K","-1.50%"
"09/09/2020","8.8847","8.8884","8.9001","8.8202","126.40K","-0.04%"
"09/08/2020","8.8881","8.9958","9.0023","8.8864","123.20K","-1.18%"
"09/07/2020","8.9944","9.0827","9.0903","8.9765","93.95K","-1.04%"
"09/04/2020","9.0886","9.0940","9.1073","9.0197","133.96K","-0.05%"
"09/03/2020","9.0936","9.1315","9.1345","9.0577","138.86K","-0.39%"
"09/02/2020","9.1294","9.1382","9.1521","9.0831","118.99K","-0.10%"
"09/01/2020","9.1381","9.1540","9.1947","9.1282","124.64K","-0.21%"
"08/31/2020","9.1574","9.1543","9.1780","9.1075","110.57K","-0.10%"
"08/28/2020","9.1667","9.1003","9.1710","9.0825","142.96K","0.73%"
"08/27/2020","9.1007","9.0943","9.1372","9.0666","134.96K","0.05%"
"08/26/2020","9.0961","9.0917","9.1033","9.0469","111.51K","0.05%"
"08/25/2020","9.0917","9.0425","9.1049","9.0329","112.65K","0.57%"
"08/24/2020","9.0398","9.0548","9.0905","9.0311","103.93K","-0.19%"
"08/21/2020","9.0573","9.1400","9.1559","9.0319","140.75K","-0.89%"
"08/20/2020","9.1386","9.0633","9.1466","9.0420","144.10K","0.80%"
"08/19/2020","9.0661","9.1624","9.1822","9.0616","127.62K","-1.07%"
"08/18/2020","9.1638","9.0814","9.1718","9.0783","117.17K","0.87%"
"08/17/2020","9.0845","9.0956","9.1130","9.0701","106.81K","-0.12%"
"08/14/2020","9.0952","9.0703","9.1352","9.0626","121.76K","0.24%"
"08/13/2020","9.0730","9.0422","9.1154","9.0388","124.78K","0.34%"
"08/12/2020","9.0419","9.0670","9.0791","9.0294","104.27K","-0.25%"
"08/11/2020","9.0642","9.1047","9.1219","9.0590","110.28K","-0.40%"
"08/10/2020","9.1002","9.0877","9.1234","9.0760","101.36K","0.05%"
"08/07/2020","9.0953","9.1456","9.1486","9.0681","122.32K","-0.52%"
"08/06/2020","9.1431","9.0968","9.1613","9.0947","128.81K","0.51%"
"08/05/2020","9.0971","9.1150","9.1301","9.0764","118.67K","-0.19%"
"08/04/2020","9.1147","9.1272","9.1542","9.0626","116.01K","-0.14%"
"08/03/2020","9.1272","9.1333","9.1515","9.0821","119.36K","0.00%"
"07/31/2020","9.1270","9.1802","9.2071","9.1162","149.20K","-0.56%"
"07/30/2020","9.1780","9.1005","9.1840","9.0657","148.36K","0.86%"
"07/29/2020","9.0995","9.0534","9.1117","9.0417","137.50K","0.51%"
"07/28/2020","9.0534","9.0132","9.0685","8.9932","134.87K","0.45%"
"07/27/2020","9.0132","8.9719","9.0279","8.9654","134.21K","0.41%"
"07/24/2020","8.9768","8.9239","8.9849","8.9137","160.27K","0.59%"
"07/23/2020","8.9242","8.9141","8.9379","8.8784","150.40K","0.11%"
"07/22/2020","8.9141","8.8883","8.9214","8.8496","133.52K","0.30%"
"07/21/2020","8.8873","8.8401","8.9135","8.8370","132.51K","0.50%"
"07/20/2020","8.8429","8.7859","8.8460","8.7545","129.81K","0.63%"
"07/17/2020","8.7876","8.7730","8.8022","8.7551","128.22K","0.18%"
"07/16/2020","8.7720","8.7949","8.8243","8.7622","133.83K","-0.24%"
"07/15/2020","8.7935","8.7962","8.8402","8.7883","132.82K","-0.02%"
"07/14/2020","8.7954","8.7846","8.8058","8.7555","128.02K","0.10%"
"07/13/2020","8.7863","8.8307","8.8666","8.7815","113.96K","-0.58%"
"07/10/2020","8.8377","8.8169","8.8637","8.7990","119.17K","0.24%"
"07/09/2020","8.8165","8.8334","8.8527","8.8090","135.88K","-0.20%"
"07/08/2020","8.8342","8.7970","8.8429","8.7757","132.35K","0.42%"
"07/07/2020","8.7970","8.7678","8.8353","8.7522","127.76K","0.32%"
"07/06/2020","8.7686","8.8224","8.8262","8.7591","114.65K","-0.61%"
"07/03/2020","8.8224","8.8108","8.8290","8.7868","122.10K","0.13%"
"07/02/2020","8.8108","8.8217","8.8567","8.8023","139.81K","-0.11%"
"07/01/2020","8.8207","8.7619","8.8330","8.7311","127.11K","0.67%"
"06/30/2020","8.7619","8.7083","8.7630","8.6667","133.63K","0.61%"
"06/29/2020","8.7087","8.7345","8.7691","8.6751","131.58K","-0.26%"
"06/26/2020","8.7310","8.7918","8.8043","8.7158","134.44K","-0.66%"
"06/25/2020","8.7893","8.7911","8.8234","8.7689","145.88K","-0.02%"
"06/24/2020","8.7907","8.8376","8.8647","8.7869","161.75K","-0.53%"
"06/23/2020","8.8372","8.8121","8.8471","8.7841","155.01K","0.32%"
"06/22/2020","8.8094","8.7385","8.8203","8.7234","147.61K","0.79%"
"06/19/2020","8.7400","8.8093","8.8247","8.7294","149.95K","-0.78%"
"06/18/2020","8.8086","8.8967","8.9051","8.7935","155.87K","-0.99%"
"06/17/2020","8.8970","8.9100","8.9244","8.8648","164.38K","-0.18%"
"06/16/2020","8.9127","8.9385","8.9775","8.8971","160.69K","-0.28%"
"06/15/2020","8.9378","8.8762","8.9399","8.8376","149.83K","0.61%"
"06/12/2020","8.8836","8.9023","8.9542","8.8355","175.34K","-0.23%"
"06/11/2020","8.9037","8.9996","9.0066","8.8917","171.18K","-1.08%"
"06/10/2020","9.0006","9.0101","9.0476","8.9829","159.25K","-0.08%"
"06/09/2020","9.0080","8.9971","9.0225","8.9430","147.84K","0.12%"
"06/08/2020","8.9972","8.9807","9.0158","8.9335","133.61K","0.31%"
"06/05/2020","8.9694","8.9639","9.0259","8.9416","142.81K","0.15%"
"06/04/2020","8.9557","8.9477","8.9831","8.8997","141.32K","0.08%"
"06/03/2020","8.9481","8.9123","8.9816","8.9084","151.38K","0.40%"
"06/02/2020","8.9126","8.9105","8.9400","8.8819","147.74K","0.08%"
"06/01/2020","8.9055","8.8067","8.9151","8.7949","130.18K","1.06%"
"05/29/2020","8.8117","8.8046","8.8470","8.7721","146.99K","0.09%"
"05/28/2020","8.8042","8.7907","8.8225","8.7557","148.43K","0.23%"
"05/27/2020","8.7843","8.7989","8.8376","8.7504","145.59K","-0.17%"
"05/26/2020","8.7996","8.6998","8.8238","8.6920","136.33K","1.15%"
"05/25/2020","8.6994","8.6841","8.7100","8.6734","91.27K","0.22%"
"05/22/2020","8.6803","8.6988","8.7125","8.6717","137.03K","-0.20%"
"05/21/2020","8.6977","8.6825","8.7130","8.6519","121.51K","0.17%"
"05/20/2020","8.6828","8.6901","8.7264","8.6715","130.93K","-0.18%"
"05/19/2020","8.6988","8.6709","8.7296","8.6631","131.31K","0.34%"
"05/18/2020","8.6695","8.5837","8.6937","8.5758","110.15K","0.83%"
"05/15/2020","8.5979","8.6726","8.6846","8.5944","133.84K","-0.91%"
"05/14/2020","8.6768","8.6746","8.6835","8.6399","146.39K","0.03%"
"05/13/2020","8.6742","8.6836","8.7489","8.6593","139.72K","-0.12%"
"05/12/2020","8.6843","8.7604","8.7699","8.6797","140.76K","-0.84%"
"05/11/2020","8.7580","8.7763","8.8064","8.7138","124.05K","-0.23%"
"05/08/2020","8.7784","8.7587","8.8217","8.7425","136.15K","0.23%"
"05/07/2020","8.7584","8.7717","8.8018","8.6950","134.98K","-0.12%"
"05/06/2020","8.7692","8.7826","8.8331","8.7632","111.88K","-0.14%"
"05/05/2020","8.7818","8.7875","8.8168","8.7716","99.29K","-0.07%"
"05/04/2020","8.7882","8.8271","8.8306","8.7603","91.97K","-0.49%"
"05/01/2020","8.8313","8.8977","8.9002","8.8153","123.79K","-0.71%"
"04/30/2020","8.8942","8.8234","8.9251","8.7715","145.94K","0.79%"
"04/29/2020","8.8241","8.7964","8.8376","8.7660","130.60K","0.31%"
"04/28/2020","8.7964","8.8100","8.8604","8.7872","127.51K","-0.13%"
"04/27/2020","8.8082","8.7597","8.8203","8.7526","116.92K","0.55%"
"04/24/2020","8.7596","8.7235","8.7644","8.7071","134.67K","0.32%"
"04/23/2020","8.7316","8.7373","8.7805","8.7089","138.70K","-0.07%"
"04/22/2020","8.7376","8.7193","8.7749","8.6975","127.54K","0.21%"
"04/21/2020","8.7193","8.7974","8.8126","8.6852","129.22K","-0.89%"
"04/20/2020","8.7974","8.8322","8.8448","8.7822","118.32K","-0.51%"
"04/17/2020","8.8421","8.8193","8.8664","8.7779","123.40K","0.26%"
"04/16/2020","8.8193","8.8441","8.8567","8.7843","137.49K","-0.30%"
"04/15/2020","8.8459","8.8925","8.9037","8.7865","132.24K","-0.59%"
"04/14/2020","8.8985","8.8257","8.9147","8.8182","119.93K","0.84%"
"04/13/2020","8.8240","8.7697","8.8391","8.7600","91.48K","0.70%"
"04/10/2020","8.7630","8.7744","8.7919","8.7577","75.17K","-0.12%"
"04/09/2020","8.7737","8.7509","8.7962","8.7358","157.21K","0.24%"
"04/08/2020","8.7526","8.6938","8.7784","8.6759","156.99K","0.74%"
"04/07/2020","8.6886","8.6759","8.7338","8.6276","173.71K","0.16%"
"04/06/2020","8.6748","8.6985","8.7436","8.6592","136.63K","-0.26%"
"04/03/2020","8.6971","8.7814","8.7928","8.6574","168.51K","-0.94%"
"04/02/2020","8.7800","8.7868","8.8563","8.7485","175.61K","-0.10%"
"04/01/2020","8.7885","8.8029","8.8346","8.7492","145.64K","-0.09%"
"03/31/2020","8.7961","8.8143","8.8349","8.6986","158.90K","-0.24%"
"03/30/2020","8.8172","8.8242","8.8483","8.7447","144.42K","-0.26%"
"03/27/2020","8.8402","8.6315","8.8608","8.5809","172.18K","2.41%"
"03/26/2020","8.6325","8.4574","8.6520","8.3777","159.98K","2.12%"
"03/25/2020","8.4531","8.3062","8.5014","8.2809","150.03K","1.78%"
"03/24/2020","8.3051","8.1908","8.3348","8.1621","166.57K","1.38%"
"03/23/2020","8.1919","8.2744","8.3381","8.1185","145.52K","-0.84%"
"03/20/2020","8.2616","8.1649","8.4653","8.1099","154.50K","1.18%"
"03/19/2020","8.1653","8.1855","8.3835","8.0862","167.53K","-0.23%"
"03/18/2020","8.1845","8.4460","8.5128","8.0771","147.98K","-3.10%"
"03/17/2020","8.4460","8.5809","8.5844","8.4109","149.69K","-1.56%"
"03/16/2020","8.5795","8.6104","8.7124","8.5326","146.31K","-0.31%"
"03/13/2020","8.6059","8.8389","8.8575","8.5978","162.14K","-2.63%"
"03/12/2020","8.8382","8.9219","8.9662","8.7798","150.31K","-0.97%"
"03/11/2020","8.9251","8.9766","9.0214","8.9123","128.42K","-0.60%"
"03/10/2020","8.9793","9.1208","9.1232","8.9606","135.28K","-1.57%"
"03/09/2020","9.1229","9.0443","9.1672","9.0332","132.04K","0.85%"
"03/06/2020","9.0461","8.9866","9.0519","8.9790","135.36K","0.57%"
"03/05/2020","8.9949","8.9155","8.9974","8.9068","124.47K","0.90%"
"03/04/2020","8.9151","8.9198","8.9337","8.8436","115.85K","-0.05%"
"03/03/2020","8.9198","8.8766","8.9478","8.8669","131.61K","0.48%"
"03/02/2020","8.8773","8.9497","8.9706","8.8676","132.15K","-0.97%"
"02/28/2020","8.9644","9.0252","9.0399","8.8976","136.59K","-0.68%"
"02/27/2020","9.0255","9.0675","9.0837","9.0098","140.12K","-0.41%"
"02/26/2020","9.0626","9.1214","9.1386","9.0560","130.29K","-0.65%"
"02/25/2020","9.1218","9.0898","9.1309","9.0662","124.21K","0.41%"
"02/24/2020","9.0845","9.1074","9.1171","9.0595","119.32K","-0.33%"
"02/21/2020","9.1148","9.0484","9.1225","9.0435","111.59K","0.76%"
"02/20/2020","9.0463","9.0432","9.0754","9.0242","115.65K","0.04%"
"02/19/2020","9.0425","9.0949","9.1191","9.0327","107.35K","-0.59%"
"02/18/2020","9.0960","9.0807","9.1379","9.0709","103.89K","0.16%"
"02/17/2020","9.0817","9.1078","9.1214","9.0743","90.22K","-0.38%"
"02/14/2020","9.1165","9.1054","9.1229","9.0847","113.39K","0.15%"
"02/13/2020","9.1026","9.0360","9.1193","9.0294","123.12K","0.73%"
"02/12/2020","9.0364","9.0221","9.0562","9.0184","104.86K","0.15%"
"02/11/2020","9.0231","9.0203","9.0344","8.9945","106.76K","0.03%"
"02/10/2020","9.0200","9.0302","9.0443","8.9852","116.62K","-0.07%"
"02/07/2020","9.0267","9.0132","9.0741","9.0094","110.27K","0.15%"
"02/06/2020","9.0132","9.0653","9.0695","9.0066","118.02K","-0.60%"
"02/05/2020","9.0674","9.1194","9.1359","9.0322","105.19K","-0.57%"
"02/04/2020","9.1198","9.1248","9.1299","9.0488","108.94K","-0.05%"
"02/03/2020","9.1245","9.1679","9.2443","9.1153","110.34K","-0.36%"
"01/31/2020","9.1571","9.0866","9.1633","9.0752","110.90K","0.81%"
"01/30/2020","9.0839","9.0315","9.0950","9.0021","110.13K","0.57%"
"01/29/2020","9.0322","9.0371","9.0395","9.0100","97.11K","-0.05%"
"01/28/2020","9.0371","9.0579","9.0637","9.0003","105.23K","-0.21%"
"01/27/2020","9.0561","9.0697","9.0905","9.0454","106.01K","-0.17%"
"01/24/2020","9.0714","9.1023","9.1383","9.0569","110.12K","-0.35%"
"01/23/2020","9.1030","9.0768","9.1142","9.0705","85.08K","0.29%"
"01/22/2020","9.0768","9.0125","9.0810","8.9952","111.47K","0.71%"
"01/21/2020","9.0125","8.9358","9.0315","8.9234","104.59K","0.88%"
"01/20/2020","8.9341","8.9190","8.9366","8.8885","104.88K","0.11%"
"01/17/2020","8.9246","8.9976","8.9991","8.9215","111.50K","-0.80%"
"01/16/2020","8.9969","8.9847","9.0013","8.9630","121.30K","0.14%"
"01/15/2020","8.9843","8.9631","8.9906","8.9437","108.59K","0.25%"
"01/14/2020","8.9617","8.9550","8.9732","8.9128","108.83K","0.09%"
"01/13/2020","8.9533","9.0331","9.0393","8.9293","114.28K","-0.93%"
"01/10/2020","9.0373","9.0575","9.0739","9.0238","116.93K","-0.23%"
"01/09/2020","9.0577","9.0988","9.1089","9.0193","117.50K","-0.46%"
"01/08/2020","9.0996","9.1160","9.1444","9.0810","125.51K","-0.18%"
"01/07/2020","9.1156","9.1864","9.1947","9.0928","113.06K","-0.77%"
"01/06/2020","9.1864","9.1074","9.1905","9.1008","99.93K","0.77%"
"01/03/2020","9.1161","9.1495","9.1665","9.0986","112.70K","-0.42%"
"01/02/2020","9.1550","9.2297","9.2497","9.1337","96.62K","-0.81%"
"01/01/2020","9.2297","9.2339","9.2444","9.2172","9.90K","-0.11%"
"12/31/2019","9.2395","9.1642","9.2507","9.1304","113.61K","0.84%"
"12/30/2019","9.1628","9.1407","9.1883","9.1402","101.36K","0.15%"
"12/27/2019","9.1487","9.0899","9.1777","9.0758","90.99K","0.64%"
"12/26/2019","9.0906","9.0590","9.1070","9.0524","107.50K","0.35%"
"12/25/2019","9.0590","9.0719","9.0860","9.0275","39.93K","-0.14%"
"12/24/2019","9.0716","9.0713","9.0898","9.0481","114.03K","0.00%"
"12/23/2019","9.0713","9.1043","9.1410","9.0471","103.06K","-0.44%"
"12/20/2019","9.1116","9.1201","9.1652","9.0934","111.01K","-0.09%"
"12/19/2019","9.1198","9.1615","9.2059","9.1062","111.78K","-0.45%"
"12/18/2019","9.1611","9.1867","9.1985","9.1377","107.95K","-0.29%"
"12/17/2019","9.1873","9.3224","9.3291","9.1657","102.23K","-1.46%"
"12/16/2019","9.3231","9.3212","9.3965","9.3151","111.54K","0.09%"
"12/13/2019","9.3146","9.1974","9.4412","9.1922","145.51K","1.30%"
"12/12/2019","9.1953","9.2929","9.3055","9.1160","129.17K","-0.99%"
"12/11/2019","9.2877","9.2549","9.3014","9.2194","106.00K","0.36%"
"12/10/2019","9.2541","9.2573","9.2968","9.2412","83.68K","0.01%"
"12/09/2019","9.2531","9.2429","9.2778","9.2277","92.91K","0.12%"
"12/06/2019","9.2418","9.2688","9.2790","9.2158","103.86K","-0.29%"
"12/05/2019","9.2688","9.2386","9.2763","9.2368","104.88K","0.33%"
"12/04/2019","9.2382","9.1747","9.2509","9.1717","107.32K","0.68%"
"12/03/2019","9.1754","9.1071","9.1886","9.0986","96.25K","0.75%"
"12/02/2019","9.1071","9.0842","9.1163","9.0720","98.83K","0.13%"
"11/29/2019","9.0957","9.0837","9.1060","9.0428","103.89K","0.12%"
"11/28/2019","9.0844","9.0822","9.1082","9.0726","116.29K","0.02%"
"11/27/2019","9.0829","9.0500","9.0843","9.0121","107.27K","0.37%"
"11/26/2019","9.0493","9.0762","9.0839","9.0279","107.89K","-0.30%"
"11/25/2019","9.0766","9.0468","9.0867","9.0339","107.19K","0.48%"
"11/22/2019","9.0334","9.0783","9.1001","9.0278","109.46K","-0.49%"
"11/21/2019","9.0779","9.0929","9.1167","9.0625","110.95K","-0.17%"
"11/20/2019","9.0932","9.0825","9.0966","9.0656","103.28K","0.10%"
"11/19/2019","9.0839","9.1016","9.1130","9.0723","99.30K","-0.19%"
"11/18/2019","9.1016","9.0445","9.1146","9.0407","99.63K","0.67%"
"11/15/2019","9.0414","9.0438","9.0564","9.0158","105.85K","-0.03%"
"11/14/2019","9.0438","9.0259","9.0495","8.9999","107.71K","0.20%"
"11/13/2019","9.0259","9.0037","9.0306","8.9957","87.71K","0.27%"
"11/12/2019","9.0016","9.0118","9.0226","8.9763","95.94K","-0.12%"
"11/11/2019","9.0122","8.9389","9.0421","8.9389","92.98K","0.86%"
"11/08/2019","8.9357","8.9411","8.9748","8.9263","109.13K","-0.08%"
"11/07/2019","8.9425","8.9941","9.0207","8.9232","131.00K","-0.60%"
"11/06/2019","8.9969","9.0316","9.0355","8.9881","95.66K","-0.39%"
"11/05/2019","9.0320","9.0580","9.0633","9.0047","112.86K","-0.29%"
"11/04/2019","9.0580","9.1093","9.1122","9.0520","103.05K","-0.50%"
"11/01/2019","9.1033","9.1091","9.1360","9.0971","115.93K","-0.08%"
"10/31/2019","9.1105","9.1042","9.1384","9.0923","127.33K","0.08%"
"10/30/2019","9.1035","9.0929","9.1093","9.0622","108.67K","0.13%"
"10/29/2019","9.0915","9.0923","9.1187","9.0437","110.24K","-0.01%"
"10/28/2019","9.0923","9.0614","9.1018","9.0405","99.31K","0.36%"
"10/25/2019","9.0599","9.0848","9.0940","9.0492","112.50K","-0.28%"
"10/24/2019","9.0852","9.1231","9.1545","9.0399","130.70K","-0.46%"
"10/23/2019","9.1274","9.1093","9.1320","9.0852","128.07K","0.19%"
"10/22/2019","9.1105","9.1701","9.2003","9.1019","123.26K","-0.66%"
"10/21/2019","9.1708","9.1535","9.2056","9.1131","123.77K","-0.17%"
"10/18/2019","9.1868","9.1228","9.1967","9.0849","138.01K","0.70%"
"10/17/2019","9.1228","9.1025","9.1832","9.0300","151.28K","0.22%"
"10/16/2019","9.1025","9.0555","9.1344","8.9869","134.63K","0.51%"
"10/15/2019","9.0561","8.9114","9.0666","8.9045","130.35K","1.63%"
"10/14/2019","8.9107","8.9490","8.9691","8.8485","122.61K","-0.61%"
"10/11/2019","8.9653","8.8533","9.0179","8.8077","139.43K","1.25%"
"10/10/2019","8.8544","8.7058","8.8740","8.6808","127.35K","1.71%"
"10/09/2019","8.7058","8.7294","8.7711","8.6923","97.90K","-0.27%"
"10/08/2019","8.7297","8.7868","8.7911","8.7122","103.70K","-0.65%"
"10/07/2019","8.7868","8.8111","8.8197","8.7828","72.24K","-0.33%"
"10/04/2019","8.8161","8.8161","8.8340","8.7750","103.82K","0.03%"
"10/03/2019","8.8136","8.7964","8.8743","8.7678","109.34K","0.23%"
"10/02/2019","8.7936","8.7946","8.8104","8.7400","104.44K","-0.05%"
"10/01/2019","8.7979","8.7850","8.8222","8.7257","111.71K","0.13%"
"09/30/2019","8.7868","8.7532","8.8206","8.7434","103.47K","0.38%"
"09/27/2019","8.7532","8.7888","8.8055","8.7419","121.28K","-0.41%"
"09/26/2019","8.7895","8.8124","8.8226","8.7741","126.01K","-0.21%"
"09/25/2019","8.8084","8.8884","8.8955","8.8056","115.53K","-0.90%"
"09/24/2019","8.8884","8.8476","8.8966","8.8193","117.85K","0.45%"
"09/23/2019","8.8490","8.8422","8.8886","8.8372","97.07K","-0.01%"
"09/20/2019","8.8496","8.8920","8.9155","8.8360","132.87K","-0.43%"
"09/19/2019","8.8878","8.8384","8.9136","8.8254","126.87K","0.57%"
"09/18/2019","8.8377","8.8662","8.8733","8.8174","122.88K","-0.31%"
"09/17/2019","8.8655","8.7897","8.8847","8.7746","126.38K","0.92%"
"09/16/2019","8.7848","8.8504","8.8571","8.7613","126.04K","-0.74%"
"09/13/2019","8.8504","8.7324","8.8546","8.7259","124.31K","1.36%"
"09/12/2019","8.7317","8.7714","8.7821","8.7048","142.65K","-0.48%"
"09/11/2019","8.7735","8.7831","8.8063","8.7622","118.80K","-0.10%"
"09/10/2019","8.7827","8.7935","8.8060","8.7404","117.70K","-0.12%"
"09/09/2019","8.7935","8.7548","8.8264","8.7240","122.10K","0.62%"
"09/06/2019","8.7395","8.8148","8.8235","8.7371","141.30K","-0.87%"
"09/05/2019","8.8165","8.7556","8.8312","8.7165","155.33K","0.70%"
"09/04/2019","8.7556","8.6707","8.7602","8.6657","138.47K","0.91%"
"09/03/2019","8.6764","8.6544","8.6912","8.5823","137.74K","0.25%"
"09/02/2019","8.6551","8.6952","8.7227","8.6311","106.27K","-0.53%"
"08/30/2019","8.7013","8.7020","8.7385","8.6872","131.59K","-0.09%"
"08/29/2019","8.7092","8.7496","8.7583","8.6959","133.08K","-0.46%"
"08/28/2019","8.7496","8.8024","8.8046","8.7123","129.35K","-0.59%"
"08/27/2019","8.8017","8.7371","8.8160","8.7254","121.23K","0.74%"
"08/26/2019","8.7374","8.6969","8.7821","8.6955","120.01K","0.28%"
"08/23/2019","8.7129","8.6782","8.7243","8.6361","142.88K","0.39%"
"08/22/2019","8.6789","8.5662","8.6924","8.5620","129.88K","1.32%"
"08/21/2019","8.5662","8.5925","8.5968","8.5536","125.24K","-0.31%"
"08/20/2019","8.5925","8.5505","8.6013","8.5177","127.96K","0.49%"
"08/19/2019","8.5505","8.5556","8.5798","8.5310","113.72K","-0.08%"
"08/16/2019","8.5574","8.5013","8.5728","8.4943","112.95K","0.66%"
"08/15/2019","8.5010","8.4729","8.5548","8.4659","122.22K","0.34%"
"08/14/2019","8.4722","8.4945","8.4997","8.4511","126.82K","-0.26%"
"08/13/2019","8.4941","8.5231","8.5535","8.4860","125.84K","-0.34%"
"08/12/2019","8.5227","8.5087","8.5461","8.4851","118.31K","0.31%"
"08/09/2019","8.4967","8.5430","8.5662","8.4915","117.43K","-0.60%"
"08/08/2019","8.5476","8.5722","8.5841","8.5236","125.99K","-0.29%"
"08/07/2019","8.5725","8.5512","8.5953","8.5414","134.08K","0.27%"
"08/06/2019","8.5498","8.5618","8.5893","8.5277","131.04K","-0.13%"
"08/05/2019","8.5611","8.4282","8.5878","8.4209","130.72K","1.48%"
"08/02/2019","8.4366","8.3718","8.4470","8.3411","131.60K","0.79%"
"08/01/2019","8.3702","8.3674","8.3967","8.3309","137.13K","0.00%"
"07/31/2019","8.3704","8.3675","8.4335","8.3536","126.30K","0.06%"
"07/30/2019","8.3654","8.4234","8.4296","8.3478","131.54K","-0.69%"
"07/29/2019","8.4231","8.5209","8.5313","8.4177","114.79K","-1.12%"
"07/26/2019","8.5181","8.5632","8.5672","8.5139","113.82K","-0.53%"
"07/25/2019","8.5636","8.5793","8.6018","8.5467","125.82K","-0.19%"
"07/24/2019","8.5797","8.5563","8.6085","8.5504","117.42K","0.27%"
"07/23/2019","8.5570","8.5829","8.5894","8.5422","122.06K","-0.33%"
"07/22/2019","8.5852","8.6085","8.6182","8.5699","106.80K","-0.22%"
"07/19/2019","8.6037","8.6318","8.6393","8.5869","117.38K","-0.36%"
"07/18/2019","8.6348","8.5457","8.6410","8.5409","128.15K","1.04%"
"07/17/2019","8.5457","8.5314","8.5629","8.5192","116.72K","0.17%"
"07/16/2019","8.5314","8.6089","8.6124","8.5239","118.97K","-0.89%"
"07/15/2019","8.6082","8.6516","8.6567","8.6033","110.25K","-0.51%"
"07/12/2019","8.6526","8.6001","8.6564","8.5995","139.95K","0.59%"
"07/11/2019","8.6018","8.5905","8.6341","8.5897","139.66K","0.12%"
"07/10/2019","8.5915","8.5880","8.6130","8.5652","125.36K","0.05%"
"07/09/2019","8.5873","8.6116","8.6192","8.5654","117.43K","-0.27%"
"07/08/2019","8.6109","8.6288","8.6398","8.5992","107.13K","-0.26%"
"07/05/2019","8.6332","8.6451","8.6586","8.6004","126.37K","-0.12%"
"07/04/2019","8.6438","8.6517","8.6596","8.6363","115.01K","-0.09%"
"07/03/2019","8.6520","8.6544","8.6796","8.6412","116.83K","-0.03%"
"07/02/2019","8.6550","8.6612","8.6936","8.6501","123.48K","-0.06%"
"07/01/2019","8.6606","8.7174","8.7243","8.6436","121.21K","-0.65%"
"06/28/2019","8.7174","8.7185","8.7472","8.6895","130.20K","-0.01%"
"06/27/2019","8.7181","8.7308","8.7531","8.7071","127.85K","-0.14%"
"06/26/2019","8.7304","8.7367","8.7458","8.7073","128.45K","-0.01%"
"06/25/2019","8.7312","8.7586","8.7985","8.7174","117.26K","-0.36%"
"06/24/2019","8.7627","8.7400","8.7816","8.7386","111.84K","0.10%"
"06/21/2019","8.7538","8.7023","8.7589","8.6886","142.03K","0.59%"
"06/20/2019","8.7027","8.7272","8.7596","8.6819","150.58K","-0.28%"
"06/19/2019","8.7268","8.6691","8.7500","8.6606","119.14K","0.67%"
"06/18/2019","8.6687","8.6808","8.6923","8.6439","121.18K","-0.14%"
"06/17/2019","8.6808","8.7258","8.7314","8.6791","114.87K","-0.46%"
"06/14/2019","8.7206","8.7739","8.7839","8.7120","145.38K","-0.60%"
"06/13/2019","8.7728","8.7776","8.7974","8.7610","149.45K","-0.05%"
"06/12/2019","8.7769","8.7941","8.8293","8.7720","150.74K","-0.20%"
"06/11/2019","8.7941","8.7913","8.8034","8.7616","147.72K","0.02%"
"06/10/2019","8.7923","8.7801","8.8258","8.7711","123.38K","-0.09%"
"06/07/2019","8.8002","8.7756","8.8196","8.7678","115.71K","0.28%"
"06/06/2019","8.7756","8.7635","8.8102","8.7583","152.07K","0.12%"
"06/05/2019","8.7649","8.7715","8.8009","8.7601","150.56K","-0.08%"
"06/04/2019","8.7722","8.7433","8.7843","8.7334","157.82K","0.33%"
"06/03/2019","8.7433","8.7189","8.7509","8.7081","126.60K","0.21%"
"05/31/2019","8.7248","8.7023","8.7318","8.6757","169.44K","0.26%"
"05/30/2019","8.7019","8.7320","8.7386","8.6852","146.33K","-0.33%"
"05/29/2019","8.7306","8.7441","8.7593","8.7196","154.78K","-0.15%"
"05/28/2019","8.7437","8.7456","8.7719","8.7405","148.59K","-0.03%"
"05/27/2019","8.7459","8.7820","8.8020","8.7374","135.64K","-0.30%"
"05/24/2019","8.7726","8.7463","8.7865","8.7269","162.29K","0.30%"
"05/23/2019","8.7460","8.7452","8.7688","8.7153","159.91K","0.01%"
"05/22/2019","8.7449","8.7701","8.7954","8.7168","148.22K","-0.29%"
"05/21/2019","8.7704","8.7991","8.8459","8.7602","154.73K","-0.31%"
"05/20/2019","8.7973","8.8013","8.8251","8.7883","114.98K","-0.05%"
"05/17/2019","8.8016","8.8091","8.8453","8.7956","131.47K","-0.09%"
"05/16/2019","8.8091","8.8311","8.8452","8.7992","133.12K","-0.31%"
"05/15/2019","8.8362","8.8756","8.8876","8.8216","145.55K","-0.43%"
"05/14/2019","8.8745","8.9127","8.9234","8.8718","137.58K","-0.43%"
"05/13/2019","8.9127","8.8702","8.9673","8.8645","131.38K","0.47%"
"05/10/2019","8.8713","8.8863","8.9050","8.8392","154.38K","-0.10%"
"05/09/2019","8.8805","8.8221","8.9010","8.8164","151.02K","0.65%"
"05/08/2019","8.8235","8.8625","8.8655","8.8060","151.76K","-0.43%"
"05/07/2019","8.8612","8.8595","8.9022","8.8288","157.91K","0.02%"
"05/06/2019","8.8595","8.8318","8.9347","8.8254","136.01K","-0.14%"
"05/03/2019","8.8719","8.7776","8.8752","8.7476","136.41K","1.06%"
"05/02/2019","8.7789","8.7891","8.8103","8.7668","129.68K","-0.11%"
"05/01/2019","8.7888","8.7776","8.8248","8.7749","125.35K","0.12%"
"04/30/2019","8.7780","8.7116","8.7888","8.7028","150.19K","0.77%"
"04/29/2019","8.7106","8.6989","8.7207","8.6890","124.48K","0.19%"
"04/26/2019","8.6945","8.6978","8.7135","8.6732","192.73K","-0.04%"
"04/25/2019","8.6978","8.6723","8.7078","8.6672","184.14K","0.29%"
"04/24/2019","8.6730","8.7013","8.7161","8.6632","185.79K","-0.33%"
"04/23/2019","8.7020","8.7153","8.7492","8.6931","168.12K","-0.15%"
"04/22/2019","8.7153","8.7120","8.7297","8.7034","131.47K","0.02%"
"04/19/2019","8.7137","8.7207","8.7256","8.7036","169.20K","-0.08%"
"04/18/2019","8.7207","8.7227","8.7427","8.7074","179.30K","-0.05%"
"04/17/2019","8.7251","8.7590","8.7681","8.7131","161.15K","-0.38%"
"04/16/2019","8.7587","8.7897","8.7970","8.7539","170.53K","-0.33%"
"04/15/2019","8.7880","8.7667","8.8033","8.7593","140.76K","0.19%"
"04/12/2019","8.7717","8.7766","8.8082","8.7603","168.21K","-0.01%"
"04/11/2019","8.7729","8.7929","8.8050","8.7689","181.37K","-0.22%"
"04/10/2019","8.7922","8.7611","8.8123","8.7543","169.58K","0.28%"
"04/09/2019","8.7674","8.7750","8.8066","8.7452","165.92K","-0.08%"
"04/08/2019","8.7747","8.7589","8.7841","8.7488","139.02K","0.17%"
"04/05/2019","8.7599","8.7854","8.8160","8.7257","188.70K","-0.29%"
"04/04/2019","8.7850","8.8326","8.8623","8.7726","195.82K","-0.55%"
"04/03/2019","8.8332","8.8293","8.8539","8.8067","208.34K","0.03%"
"04/02/2019","8.8307","8.7935","8.8415","8.7450","202.98K","0.43%"
"04/01/2019","8.7928","8.7509","8.8286","8.7266","158.44K","0.51%"
"03/29/2019","8.7479","8.7904","8.8175","8.7069","205.71K","-0.51%"
"03/28/2019","8.7928","8.8725","8.8913","8.7837","209.81K","-0.90%"
"03/27/2019","8.8731","8.8701","8.9273","8.8460","191.72K","0.03%"
"03/26/2019","8.8708","8.8524","8.9049","8.8330","180.98K","0.13%"
"03/25/2019","8.8594","8.8727","8.8920","8.8321","144.23K","-0.18%"
"03/22/2019","8.8757","8.7821","8.8844","8.7764","201.50K","1.07%"
"03/21/2019","8.7817","8.8342","8.8532","8.7121","198.01K","-0.60%"
"03/20/2019","8.8349","8.9061","8.9152","8.8005","194.62K","-0.80%"
"03/19/2019","8.9061","8.8992","8.9357","8.8859","180.58K","0.07%"
"03/18/2019","8.8999","8.9209","8.9317","8.8502","142.29K","-0.29%"
"03/15/2019","8.9256","8.9023","8.9303","8.8679","203.81K","0.26%"
"03/14/2019","8.9026","8.9476","8.9566","8.8802","223.85K","-0.49%"
"03/13/2019","8.9466","8.7715","8.9772","8.7607","196.62K","2.00%"
"03/12/2019","8.7708","8.8461","8.9395","8.7270","218.77K","-0.86%"
"03/11/2019","8.8470","8.7502","8.8602","8.7031","178.83K","1.11%"
"03/08/2019","8.7499","8.7865","8.8157","8.7311","177.30K","-0.42%"
"03/07/2019","8.7866","8.8395","8.8502","8.7751","174.49K","-0.60%"
"03/06/2019","8.8396","8.8402","8.8480","8.8019","192.34K","0.00%"
"03/05/2019","8.8393","8.8382","8.8517","8.7770","184.61K","-0.08%"
"03/04/2019","8.8460","8.8776","8.9024","8.8305","166.62K","-0.10%"
"03/01/2019","8.8551","8.8777","8.9124","8.8333","202.13K","-0.26%"
"02/28/2019","8.8785","8.9007","8.9146","8.8689","202.21K","-0.24%"
"02/27/2019","8.9000","8.8777","8.9278","8.8486","200.10K","0.24%"
"02/26/2019","8.8785","8.7557","8.9043","8.7557","186.07K","1.34%"
"02/25/2019","8.7611","8.7782","8.7822","8.7201","159.79K","-0.04%"
"02/22/2019","8.7644","8.7659","8.7831","8.7128","168.82K","-0.07%"
"02/21/2019","8.7703","8.7719","8.7967","8.7265","193.17K","-0.01%"
"02/20/2019","8.7716","8.8282","8.8366","8.7449","187.15K","-0.66%"
"02/19/2019","8.8295","8.7442","8.8366","8.7282","158.28K","0.96%"
"02/18/2019","8.7452","8.7314","8.7613","8.7186","143.62K","0.17%"
"02/15/2019","8.7304","8.6694","8.7365","8.6575","178.54K","0.62%"
"02/14/2019","8.6762","8.6844","8.7129","8.6490","166.33K","-0.09%"
"02/13/2019","8.6844","8.7338","8.7673","8.6834","169.86K","-0.56%"
"02/12/2019","8.7331","8.7346","8.7520","8.6939","180.63K","0.05%"
"02/11/2019","8.7289","8.7339","8.7842","8.7183","138.92K","-0.05%"
"02/08/2019","8.7332","8.7383","8.7527","8.7147","158.50K","-0.05%"
"02/07/2019","8.7376","8.7234","8.7662","8.6695","169.36K","0.16%"
"02/06/2019","8.7237","8.7342","8.7551","8.7176","187.91K","-0.08%"
"02/05/2019","8.7305","8.7925","8.8064","8.7170","173.42K","-0.72%"
"02/04/2019","8.7936","8.8256","8.8387","8.7875","135.28K","-0.32%"
"02/01/2019","8.8222","8.7844","8.8396","8.7767","171.67K","0.43%"
"01/31/2019","8.7844","8.8094","8.8219","8.7740","181.81K","-0.29%"
"01/30/2019","8.8097","8.7972","8.8299","8.7649","190.79K","0.12%"
"01/29/2019","8.7989","8.8795","8.8896","8.7908","188.81K","-0.89%"
"01/28/2019","8.8775","8.9023","8.9161","8.8586","161.15K","-0.32%"
"01/25/2019","8.9061","8.8692","8.9185","8.8351","193.65K","0.41%"
"01/24/2019","8.8699","8.8758","8.8948","8.8332","181.44K","-0.08%"
"01/23/2019","8.8768","8.8222","8.8853","8.7759","184.87K","0.63%"
"01/22/2019","8.8211","8.7630","8.8344","8.7480","186.08K","0.65%"
"01/21/2019","8.7644","8.7334","8.7776","8.7093","171.82K","0.42%"
"01/18/2019","8.7279","8.7995","8.8079","8.7150","177.64K","-0.82%"
"01/17/2019","8.8002","8.7064","8.8107","8.6891","192.42K","1.10%"
"01/16/2019","8.7047","8.6953","8.7184","8.6714","","0.12%"
"01/15/2019","8.6947","8.7054","8.7358","8.5662","","-0.14%"
"01/14/2019","8.7071","8.6891","8.7514","8.6556","","0.19%"
"01/11/2019","8.6908","8.6605","8.7020","8.5701","","0.42%"
"01/10/2019","8.6547","8.7183","8.7282","8.6359","","-0.72%"
"01/09/2019","8.7176","8.7153","8.7344","8.6794","","0.01%"
"01/08/2019","8.7170","8.7560","8.7764","8.7077","10.74K","-0.45%"
"01/07/2019","8.7560","8.7445","8.7611","8.7145","10.31K","0.15%"
"01/04/2019","8.7432","8.6818","8.7552","8.6678","0.00K","0.72%"
"01/03/2019","8.6804","8.6496","8.6925","8.5353","11.72K","0.32%"
"01/02/2019","8.6527","8.7646","8.7742","8.6331","9.81K","-1.35%"
"01/01/2019","8.7715","8.7780","8.7804","8.7529","6.79K","-0.06%"
"12/31/2018","8.7767","8.7236","8.8155","8.7216","","0.41%"
"12/28/2018","8.7409","8.6821","8.7436","8.6666","","0.68%"
"12/27/2018","8.6818","8.6980","8.7311","8.6619","","-0.20%"
"12/26/2018","8.6991","8.7291","8.7660","8.6966","","-0.44%"
"12/25/2018","8.7374","8.7787","8.7970","8.7188","","-0.47%"
"12/24/2018","8.7784","8.7381","8.7919","8.7166","","0.62%"
"12/21/2018","8.7240","8.7155","8.7675","8.7069","","0.11%"
"12/20/2018","8.7148","8.6914","8.7528","8.6897","","0.27%"
"12/19/2018","8.6911","8.7199","8.7450","8.6893","","-0.32%"
"12/18/2018","8.7186","8.7070","8.7633","8.6913","","0.11%"
"12/17/2018","8.7091","8.6974","8.7231","8.6732","","0.19%"
"12/14/2018","8.6926","8.7094","8.7232","8.6496","","-0.20%"
"12/13/2018","8.7104","8.6887","8.7269","8.6619","","0.26%"
"12/12/2018","8.6881","8.6154","8.7191","8.5929","","0.83%"
"12/11/2018","8.6167","8.6811","8.7244","8.6108","","-0.77%"
"12/10/2018","8.6836","8.7521","8.8131","8.6442","","-0.78%"
"12/07/2018","8.7518","8.7996","8.8185","8.7390","","-0.54%"
"12/06/2018","8.7992","8.7307","8.8185","8.7200","","0.78%"
"12/05/2018","8.7310","8.6997","8.7794","8.6885","","0.39%"
"12/04/2018","8.6970","8.7584","8.7821","8.6553","","-0.70%"
"12/03/2018","8.7580","8.8876","8.9053","8.7489","","-1.37%"
"11/30/2018","8.8799","8.8808","8.8980","8.8504","","-0.03%"
"11/29/2018","8.8826","8.9184","8.9254","8.8582","","-0.40%"
"11/28/2018","8.9187","8.8604","8.9347","8.8503","","0.63%"
"11/27/2018","8.8628","8.9081","8.9088","8.8454","","-0.51%"
"11/26/2018","8.9081","8.9312","8.9371","8.8866","","0.05%"
"11/23/2018","8.9038","8.9270","8.9422","8.8930","","-0.26%"
"11/22/2018","8.9270","8.8502","8.9631","8.8444","","0.86%"
"11/21/2018","8.8509","8.8816","8.9006","8.8409","","-0.35%"
"11/20/2018","8.8816","8.9218","8.9460","8.8729","","-0.44%"
"11/19/2018","8.9212","8.9004","8.9457","8.8843","","0.15%"
"11/16/2018","8.9077","8.8632","8.9396","8.8534","","0.47%"
"11/15/2018","8.8656","9.0294","9.0416","8.8295","","-1.86%"
"11/14/2018","9.0332","9.0282","9.0860","8.9554","","0.10%"
"11/13/2018","9.0244","8.9475","9.0762","8.9412","","0.86%"
"11/12/2018","8.9475","9.0160","9.0212","8.9356","","-0.89%"
"11/09/2018","9.0274","9.0575","9.0827","9.0142","","-0.33%"
"11/08/2018","9.0575","9.0843","9.1152","9.0457","","-0.28%"
"11/07/2018","9.0832","9.0635","9.1156","9.0458","","0.21%"
"11/06/2018","9.0638","9.0326","9.0704","9.0073","","0.36%"
"11/05/2018","9.0312","8.9768","9.0430","8.9541","","1.03%"
"11/02/2018","8.9390","9.0077","9.0135","8.9235","","-0.78%"
"11/01/2018","9.0090","8.9051","9.0256","8.9009","","1.16%"
"10/31/2018","8.9055","8.8529","8.9512","8.8466","","0.59%"
"10/30/2018","8.8529","8.9064","8.9303","8.8452","","-0.60%"
"10/29/2018","8.9064","8.9068","8.9431","8.8999","","-0.05%"
"10/26/2018","8.9110","8.9065","8.9287","8.8732","","0.05%"
"10/25/2018","8.9065","8.9463","8.9741","8.8926","","-0.43%"
"10/24/2018","8.9446","9.0080","9.0159","8.9345","","-0.70%"
"10/23/2018","9.0080","9.0077","9.0497","8.9803","","0.03%"
"10/22/2018","9.0056","9.0554","9.0751","8.9950","","-0.58%"
"10/19/2018","9.0582","9.0314","9.0814","9.0200","","0.30%"
"10/18/2018","9.0314","9.0844","9.1117","9.0296","","-0.60%"
"10/17/2018","9.0855","9.1114","9.1294","9.0762","","-0.32%"
"10/16/2018","9.1145","9.0973","9.1537","9.0901","","0.19%"
"10/15/2018","9.0973","9.0961","9.1220","9.0539","","-0.11%"
"10/12/2018","9.1069","9.1192","9.1686","9.0992","","-0.13%"
"10/11/2018","9.1185","9.1366","9.1752","9.0830","","-0.20%"
"10/10/2018","9.1369","9.0989","9.1521","9.0908","","0.41%"
"10/09/2018","9.0993","9.0724","9.1045","9.0230","","0.30%"
"10/08/2018","9.0724","9.0037","9.0779","9.0003","","0.64%"
"10/05/2018","9.0144","8.9436","9.0161","8.9313","","0.79%"
"10/04/2018","8.9439","8.8893","8.9584","8.8753","","0.63%"
"10/03/2018","8.8883","8.9151","8.9460","8.8770","","-0.30%"
"10/02/2018","8.9151","8.9594","8.9690","8.8883","","-0.49%"
"10/01/2018","8.9591","8.9512","9.0064","8.9371","","0.10%"
"09/28/2018","8.9505","9.0138","9.0152","8.9334","","-0.69%"
"09/27/2018","9.0128","9.0591","9.0715","9.0087","","-0.48%"
"09/26/2018","9.0567","9.0573","9.0928","9.0294","","0.05%"
"09/25/2018","9.0521","8.9976","9.0604","8.9866","","0.61%"
"09/24/2018","8.9976","8.9612","9.0291","8.9520","","0.34%"
"09/21/2018","8.9674","9.0846","9.0918","8.9543","","-1.28%"
"09/20/2018","9.0836","9.0018","9.0999","8.9949","","0.91%"
"09/19/2018","9.0014","9.0220","9.0536","8.9763","","-0.23%"
"09/18/2018","9.0220","9.0231","9.0446","9.0072","","-0.01%"
"09/17/2018","9.0227","8.9757","9.0307","8.9757","","0.53%"
"09/14/2018","8.9753","8.9718","9.0096","8.9661","","0.04%"
"09/13/2018","8.9714","8.9515","8.9786","8.9161","","0.22%"
"09/12/2018","8.9518","8.9579","8.9748","8.9138","","-0.08%"
"09/11/2018","8.9593","8.9304","8.9801","8.9059","","0.32%"
"09/10/2018","8.9304","8.8524","8.9528","8.8390","","0.98%"
"09/07/2018","8.8438","8.8400","8.9151","8.8213","","0.04%"
"09/06/2018","8.8400","8.8141","8.8518","8.8114","","0.27%"
"09/05/2018","8.8158","8.7983","8.8654","8.7375","","0.19%"
"09/04/2018","8.7993","8.7782","8.8103","8.7521","","0.19%"
"09/03/2018","8.7822","8.8615","8.8615","8.7719","","-0.83%"
"08/31/2018","8.8561","8.9047","8.9189","8.8434","","-0.56%"
"08/30/2018","8.9061","8.8864","8.9139","8.8759","","0.23%"
"08/29/2018","8.8857","8.7600","8.8908","8.7463","","1.43%"
"08/28/2018","8.7606","8.7877","8.7994","8.7511","","-0.31%"
"08/27/2018","8.7875","8.7402","8.7939","8.7334","","0.44%"
"08/24/2018","8.7490","8.8156","8.8398","8.7399","","-0.76%"
"08/23/2018","8.8156","8.8344","8.8741","8.8059","","-0.20%"
"08/22/2018","8.8334","8.8367","8.8498","8.8090","","-0.01%"
"08/21/2018","8.8339","8.7766","8.8511","8.7584","","0.66%"
"08/20/2018","8.7762","8.7623","8.7802","8.7199","","0.06%"
"08/17/2018","8.7706","8.7518","8.7831","8.7354","","0.19%"
"08/16/2018","8.7542","8.8048","8.8099","8.7356","","-0.59%"
"08/15/2018","8.8058","8.7619","8.8151","8.7461","","0.52%"
"08/14/2018","8.7602","8.8005","8.8289","8.7454","","-0.44%"
"08/13/2018","8.7988","8.7420","8.8086","8.7257","","0.64%"
"08/10/2018","8.7431","8.7473","8.7819","8.7132","","-0.05%"
"08/09/2018","8.7473","8.8055","8.8123","8.7445","","-0.66%"
"08/08/2018","8.8055","8.8393","8.8486","8.7859","","-0.39%"
"08/07/2018","8.8400","8.8712","8.8826","8.8290","","-0.35%"
"08/06/2018","8.8709","8.8907","8.8983","8.8424","","-0.20%"
"08/03/2018","8.8883","8.9090","8.9536","8.8780","","-0.22%"
"08/02/2018","8.9083","8.9554","8.9780","8.9049","","-0.53%"
"08/01/2018","8.9554","8.9434","8.9654","8.9046","","0.14%"
"07/31/2018","8.9427","8.9512","9.0002","8.9201","","-0.09%"
"07/30/2018","8.9505","8.9218","8.9675","8.9212","","0.19%"
"07/27/2018","8.9338","8.9047","8.9583","8.8979","","0.33%"
"07/26/2018","8.9047","8.9296","8.9594","8.8960","","-0.27%"
"07/25/2018","8.9286","8.9270","8.9491","8.8783","","0.01%"
"07/24/2018","8.9274","8.8988","8.9472","8.8954","","0.30%"
"07/23/2018","8.9005","8.8086","8.9294","8.8086","","0.09%"
"07/20/2018","8.8928","8.8171","8.8975","8.8029","","0.86%"
"07/19/2018","8.8171","8.7823","8.8418","8.7795","","0.40%"
"07/18/2018","8.7819","8.7949","8.8037","8.7415","","-0.16%"
"07/17/2018","8.7956","8.8557","8.8661","8.7661","","-0.68%"
"07/16/2018","8.8560","8.8521","8.8766","8.8403","","0.00%"
"07/13/2018","8.8561","8.8054","8.8604","8.7600","","0.58%"
"07/12/2018","8.8054","8.8226","8.8494","8.7907","","-0.20%"
"07/11/2018","8.8229","8.8035","8.8612","8.7836","","0.24%"
"07/10/2018","8.8018","8.7723","8.8174","8.7374","","0.34%"
"07/09/2018","8.7723","8.8386","8.8542","8.7267","","-0.61%"
"07/06/2018","8.8263","8.7792","8.8306","8.7676","","0.54%"
"07/05/2018","8.7789","8.7765","8.8097","8.7629","","0.04%"
"07/04/2018","8.7758","8.7651","8.7888","8.7155","","0.14%"
"07/03/2018","8.7634","8.7638","8.8188","8.7396","","0.00%"
"07/02/2018","8.7638","8.7274","8.7729","8.7169","","0.21%"
"06/29/2018","8.7454","8.6669","8.7496","8.6581","","0.91%"
"06/28/2018","8.6669","8.6614","8.6875","8.6379","","0.08%"
"06/27/2018","8.6604","8.7031","8.7481","8.6561","","-0.48%"
"06/26/2018","8.7021","8.6881","8.7212","8.6738","","0.22%"
"06/25/2018","8.6832","8.6359","8.6922","8.6152","","0.58%"
"06/22/2018","8.6330","8.6049","8.6488","8.5955","","0.33%"
"06/21/2018","8.6049","8.5301","8.6166","8.5152","","0.90%"
"06/20/2018","8.5279","8.5436","8.5564","8.5032","","-0.23%"
"06/19/2018","8.5475","8.5283","8.5583","8.5195","","0.23%"
"06/18/2018","8.5283","8.5399","8.5560","8.5160","","-0.31%"
"06/15/2018","8.5550","8.4900","8.5643","8.4760","","0.76%"
"06/14/2018","8.4904","8.5578","8.5956","8.4868","","-0.80%"
"06/13/2018","8.5585","8.5621","8.5707","8.5208","","-0.04%"
"06/12/2018","8.5618","8.5665","8.5963","8.5424","","-0.01%"
"06/11/2018","8.5624","8.5872","8.6069","8.5450","","-0.35%"
"06/08/2018","8.5923","8.5796","8.6138","8.5580","","0.14%"
"06/07/2018","8.5799","8.5688","8.6133","8.5464","","0.13%"
"06/06/2018","8.5688","8.5819","8.5969","8.5585","","-0.15%"
"06/05/2018","8.5819","8.5340","8.5909","8.5248","","0.57%"
"06/04/2018","8.5333","8.5632","8.5911","8.5215","","-0.43%"
"06/01/2018","8.5700","8.5261","8.5802","8.5041","","0.51%"
"05/31/2018","8.5261","8.5305","8.5523","8.5095","","-0.07%"
"05/30/2018","8.5318","8.5030","8.5436","8.4989","","0.31%"
"05/29/2018","8.5056","8.5177","8.5469","8.4758","","-0.17%"
"05/28/2018","8.5197","8.5055","8.5352","8.4978","","0.15%"
"05/25/2018","8.5068","8.5342","8.5471","8.4969","","-0.33%"
"05/24/2018","8.5348","8.5277","8.5668","8.5216","","0.10%"
"05/23/2018","8.5261","8.5557","8.5605","8.4996","","-0.34%"
"05/22/2018","8.5551","8.5740","8.5928","8.5408","","-0.21%"
"05/21/2018","8.5734","8.5948","8.6031","8.5542","","-0.26%"
"05/18/2018","8.5961","8.6064","8.6156","8.5829","","-0.11%"
"05/17/2018","8.6059","8.5948","8.6356","8.5810","","0.14%"
"05/16/2018","8.5939","8.6132","8.6199","8.5792","","-0.24%"
"05/15/2018","8.6142","8.5941","8.6275","8.5758","","0.24%"
"05/14/2018","8.5938","8.5858","8.6258","8.5751","","0.18%"
"05/11/2018","8.5785","8.5823","8.6090","8.5621","","-0.07%"
"05/10/2018","8.5841","8.6185","8.6483","8.5447","","-0.40%"
"05/09/2018","8.6188","8.6297","8.6634","8.6063","","-0.13%"
"05/08/2018","8.6304","8.6314","8.6473","8.5883","","-0.01%"
"05/07/2018","8.6314","8.6122","8.6438","8.6019","","0.24%"
"05/04/2018","8.6104","8.6258","8.6401","8.5837","","-0.18%"
"05/03/2018","8.6258","8.6390","8.6614","8.6010","","-0.17%"
"05/02/2018","8.6406","8.6221","8.6913","8.6141","","0.21%"
"05/01/2018","8.6221","8.7152","8.7237","8.6056","","-1.14%"
"04/30/2018","8.7219","8.7317","8.7358","8.6841","","-0.06%"
"04/27/2018","8.7272","8.8196","8.8349","8.7147","","-1.07%"
"04/26/2018","8.8214","8.8146","8.8508","8.8003","","0.09%"
"04/25/2018","8.8136","8.8152","8.8303","8.7938","","-0.01%"
"04/24/2018","8.8146","8.8060","8.8237","8.7851","","0.09%"
"04/23/2018","8.8066","8.8273","8.8339","8.7949","","-0.13%"
"04/20/2018","8.8179","8.8454","8.8618","8.8116","","-0.34%"
"04/19/2018","8.8482","8.9115","8.9431","8.8338","","-0.71%"
"04/18/2018","8.9116","8.9765","9.0010","8.9081","","-0.72%"
"04/17/2018","8.9765","8.9999","9.0296","8.9724","","-0.25%"
"04/16/2018","8.9987","8.9431","9.0050","8.9268","","0.70%"
"04/13/2018","8.9362","8.9508","8.9838","8.9309","","-0.17%"
"04/12/2018","8.9512","8.8869","8.9641","8.8844","","0.72%"
"04/11/2018","8.8873","8.9068","8.9361","8.8769","","-0.22%"
"04/10/2018","8.9065","8.9124","8.9265","8.8847","","-0.07%"
"04/09/2018","8.9124","8.8894","8.9386","8.8707","","0.30%"
"04/06/2018","8.8856","8.8295","8.8944","8.8160","","0.64%"
"04/05/2018","8.8295","8.8768","8.8894","8.8049","","-0.55%"
"04/04/2018","8.8787","8.8426","8.8819","8.8359","","0.41%"
"04/03/2018","8.8427","8.8206","8.8567","8.8104","","0.24%"
"04/02/2018","8.8212","8.8059","8.8447","8.7970","","0.28%"
"03/30/2018","8.7964","8.8158","8.8325","8.7863","","-0.23%"
"03/29/2018","8.8167","8.8659","8.8756","8.8121","","-0.55%"
"03/28/2018","8.8659","8.8950","8.9230","8.8611","","-0.33%"
"03/27/2018","8.8950","8.9267","8.9330","8.8316","","-0.35%"
"03/26/2018","8.9261","8.9308","8.9491","8.9047","","-0.01%"
"03/23/2018","8.9267","8.9298","8.9534","8.9057","","-0.03%"
"03/22/2018","8.9298","8.9420","9.0037","8.9165","","-0.13%"
"03/21/2018","8.9416","8.8658","8.9486","8.8640","","0.85%"
"03/20/2018","8.8664","8.8803","8.9032","8.8558","","-0.16%"
"03/19/2018","8.8803","8.8259","8.9215","8.8078","","0.56%"
"03/16/2018","8.8310","8.8108","8.8423","8.7939","","0.22%"
"03/15/2018","8.8114","8.8212","8.8481","8.7966","","-0.10%"
"03/14/2018","8.8206","8.8259","8.8440","8.7981","","-0.06%"
"03/13/2018","8.8259","8.8025","8.8475","8.7795","","0.27%"
"03/12/2018","8.8022","8.7719","8.8104","8.7579","","0.37%"
"03/09/2018","8.7700","8.7596","8.7999","8.7355","","0.12%"
"03/08/2018","8.7599","8.7933","8.8118","8.7403","","-0.38%"
"03/07/2018","8.7930","8.7627","8.7989","8.7505","","0.35%"
"03/06/2018","8.7627","8.7929","8.8200","8.7520","","-0.35%"
"03/05/2018","8.7935","8.7449","8.8119","8.7233","","0.38%"
"03/02/2018","8.7598","8.7591","8.7685","8.7265","","0.01%"
"03/01/2018","8.7591","8.7119","8.7651","8.6968","","0.54%"
"02/28/2018","8.7119","8.7869","8.8118","8.7094","","-0.85%"
"02/27/2018","8.7862","8.8216","8.8307","8.7534","","-0.41%"
"02/26/2018","8.8223","8.8563","8.8744","8.7967","","-0.33%"
"02/23/2018","8.8516","8.8618","8.8762","8.8088","","-0.16%"
"02/22/2018","8.8656","8.8360","8.8828","8.8111","","0.34%"
"02/21/2018","8.8354","8.8855","8.8938","8.8274","","-0.55%"
"02/20/2018","8.8846","8.8903","8.9036","8.8433","","-0.07%"
"02/19/2018","8.8906","8.9090","8.9195","8.8608","","-0.27%"
"02/16/2018","8.9144","8.9503","8.9801","8.8852","","-0.40%"
"02/15/2018","8.9500","8.8890","8.9541","8.8807","","0.72%"
"02/14/2018","8.8862","8.8105","8.8989","8.7450","","0.88%"
"02/13/2018","8.8090","8.7556","8.8374","8.7489","","0.61%"
"02/12/2018","8.7560","8.7069","8.7868","8.6944","","0.49%"
"02/09/2018","8.7132","8.8032","8.8338","8.6670","","-1.02%"
"02/08/2018","8.8032","8.7033","8.9003","8.6955","","1.15%"
"02/07/2018","8.7030","8.7642","8.7758","8.6817","","-0.70%"
"02/06/2018","8.7642","8.7805","8.8029","8.6878","","-0.18%"
"02/05/2018","8.7799","8.9043","8.9075","8.7774","","-1.34%"
"02/02/2018","8.8992","8.9861","8.9950","8.8853","","-0.96%"
"02/01/2018","8.9855","8.9254","8.9950","8.9142","","0.68%"
"01/31/2018","8.9250","8.9471","8.9739","8.8761","","-0.24%"
"01/30/2018","8.9462","8.9193","8.9591","8.8590","","0.30%"
"01/29/2018","8.9197","8.9519","8.9520","8.8886","","-0.41%"
"01/26/2018","8.9560","8.9460","9.0338","8.9223","","0.14%"
"01/25/2018","8.9431","9.0734","9.0820","8.9058","","-1.43%"
"01/24/2018","9.0728","8.9667","9.0852","8.9573","","1.18%"
"01/23/2018","8.9673","8.9594","8.9849","8.9134","","0.08%"
"01/22/2018","8.9597","8.8840","8.9623","8.8734","","1.01%"
"01/19/2018","8.8705","8.9213","8.9283","8.8625","","-0.55%"
"01/18/2018","8.9197","8.8993","8.9331","8.8804","","0.26%"
"01/17/2018","8.8967","8.8873","8.9717","8.8519","","0.10%"
"01/16/2018","8.8879","8.8777","8.8935","8.8524","","0.11%"
"01/15/2018","8.8781","8.8709","8.8954","8.8166","","0.08%"
"01/12/2018","8.8706","8.7935","8.8796","8.7609","","0.87%"
"01/11/2018","8.7941","8.7899","8.8090","8.7531","","0.04%"
"01/10/2018","8.7906","8.8418","8.8458","8.7816","","-0.57%"
"01/09/2018","8.8411","8.8208","8.8428","8.8111","","0.25%"
"01/08/2018","8.8189","8.8059","8.8305","8.7832","","0.15%"
"01/05/2018","8.8056","8.7995","8.8134","8.7731","","0.06%"
"01/04/2018","8.8004","8.7888","8.8103","8.7801","","0.13%"
"01/03/2018","8.7892","8.8238","8.8563","8.7765","","-0.39%"
"01/02/2018","8.8232","8.7889","8.8319","8.7752","","0.42%"
"01/01/2018","8.7863","8.7934","8.7986","8.7794","","-0.08%"
"12/29/2017","8.7934","8.7841","8.8133","8.7578","","0.12%"
"12/28/2017","8.7831","8.7844","8.8011","8.7765","","-0.01%"
"12/27/2017","8.7841","8.7536","8.8041","8.7486","","0.35%"
"12/26/2017","8.7537","8.7434","8.7704","8.7370","","0.12%"
"12/25/2017","8.7430","8.7863","8.8028","8.7381","","-0.52%"
"12/22/2017","8.7890","8.8144","8.8163","8.7776","","-0.28%"
"12/21/2017","8.8140","8.7988","8.8166","8.7576","","0.17%"
"12/20/2017","8.7992","8.8404","8.8514","8.7962","","-0.47%"
"12/19/2017","8.8407","8.8547","8.8633","8.8046","","-0.16%"
"12/18/2017","8.8547","8.8143","8.8801","8.7961","","0.57%"
"12/15/2017","8.8047","8.8767","8.8891","8.7918","","-0.82%"
"12/14/2017","8.8773","8.8799","8.8974","8.8512","","-0.04%"
"12/13/2017","8.8805","8.8179","8.8815","8.8118","","0.71%"
"12/12/2017","8.8179","8.8287","8.8568","8.8084","","-0.12%"
"12/11/2017","8.8287","8.8674","8.8864","8.8230","","-0.43%"
"12/08/2017","8.8668","8.9202","8.9474","8.8423","","-0.58%"
"12/07/2017","8.9188","8.8593","8.9268","8.8152","","0.68%"
"12/06/2017","8.8586","8.8977","8.9014","8.8353","","-0.44%"
"12/05/2017","8.8981","8.9234","8.9261","8.8420","","-0.28%"
"12/04/2017","8.9231","8.9202","8.9622","8.8799","","0.09%"
"12/01/2017","8.9153","8.9438","8.9609","8.8933","","-0.33%"
"11/30/2017","8.9447","8.8622","8.9599","8.8608","","0.93%"
"11/29/2017","8.8625","8.8133","8.8890","8.8124","","0.55%"
"11/28/2017","8.8143","8.7819","8.8460","8.7360","","0.32%"
"11/27/2017","8.7859","8.8057","8.8348","8.7831","","-0.22%"
"11/24/2017","8.8057","8.7623","8.8212","8.7438","","0.50%"
"11/23/2017","8.7617","8.8081","8.8101","8.7458","","-0.54%"
"11/22/2017","8.8091","8.7774","8.8118","8.7416","","0.36%"
"11/21/2017","8.7774","8.7815","8.8062","8.7630","","-0.05%"
"11/20/2017","8.7818","8.7592","8.8058","8.7449","","0.29%"
"11/17/2017","8.7563","8.7486","8.7973","8.7350","","0.08%"
"11/16/2017","8.7493","8.7248","8.7599","8.7134","","0.29%"
"11/15/2017","8.7242","8.7363","8.7520","8.6990","","-0.14%"
"11/14/2017","8.7367","8.7097","8.7516","8.6805","","0.31%"
"11/13/2017","8.7097","8.7558","8.7654","8.6714","","-0.58%"
"11/10/2017","8.7604","8.7291","8.7869","8.7050","","0.36%"
"11/09/2017","8.7290","8.6930","8.7433","8.6837","","0.41%"
"11/08/2017","8.6930","8.7423","8.7509","8.6701","","-0.57%"
"11/07/2017","8.7429","8.7367","8.7472","8.7003","","0.05%"
"11/06/2017","8.7381","8.6871","8.7407","8.6642","","0.66%"
"11/03/2017","8.6812","8.6306","8.6989","8.6223","","0.59%"
"11/02/2017","8.6306","8.7456","8.7754","8.6200","","-1.32%"
"11/01/2017","8.7462","8.8125","8.8211","8.7419","","-0.76%"
"10/31/2017","8.8132","8.7774","8.8175","8.7446","","0.39%"
"10/30/2017","8.7791","8.7267","8.7843","8.7174","","0.53%"
"10/27/2017","8.7327","8.7427","8.7470","8.6937","","-0.10%"
"10/26/2017","8.7417","8.8060","8.8153","8.7327","","-0.73%"
"10/25/2017","8.8060","8.7142","8.8186","8.7043","","1.02%"
"10/24/2017","8.7169","8.7638","8.7755","8.7004","","-0.53%"
"10/23/2017","8.7632","8.7308","8.7745","8.7179","","0.36%"
"10/20/2017","8.7318","8.7054","8.7404","8.6631","","0.31%"
"10/19/2017","8.7048","8.7519","8.7699","8.6962","","-0.53%"
"10/18/2017","8.7516","8.7364","8.7526","8.7036","","0.17%"
"10/17/2017","8.7368","8.7316","8.7952","8.7136","","0.06%"
"10/16/2017","8.7316","8.7568","8.7713","8.7147","","-0.12%"
"10/13/2017","8.7420","8.7371","8.7777","8.7210","","0.06%"
"10/12/2017","8.7371","8.7150","8.7565","8.6442","","0.26%"
"10/11/2017","8.7143","8.6767","8.7225","8.6737","","0.43%"
"10/10/2017","8.6770","8.7066","8.7235","8.6596","","-0.35%"
"10/09/2017","8.7073","8.6957","8.7322","8.6683","","0.16%"
"10/06/2017","8.6930","8.7282","8.7326","8.6668","","-0.41%"
"10/05/2017","8.7286","8.8118","8.8188","8.7206","","-0.97%"
"10/04/2017","8.8138","8.8065","8.8434","8.8051","","0.06%"
"10/03/2017","8.8088","8.8338","8.8417","8.7972","","-0.29%"
"10/02/2017","8.8341","8.9083","8.9183","8.8191","","-0.89%"
"09/29/2017","8.9136","8.9582","8.9705","8.8771","","-0.50%"
"09/28/2017","8.9582","8.8924","8.9675","8.8877","","0.75%"
"09/27/2017","8.8917","8.9365","8.9392","8.8673","","-0.50%"
"09/26/2017","8.9365","8.9168","8.9602","8.8919","","0.22%"
"09/25/2017","8.9168","8.8933","8.9670","8.8722","","0.26%"
"09/22/2017","8.8933","8.9502","8.9630","8.8650","","-0.63%"
"09/21/2017","8.9499","8.8715","8.9545","8.8610","","0.88%"
"09/20/2017","8.8722","8.8946","8.9797","8.8446","","-0.25%"
"09/19/2017","8.8940","8.8719","8.9334","8.8672","","0.26%"
"09/18/2017","8.8712","8.8961","8.9271","8.8518","","-0.40%"
"09/15/2017","8.9069","8.7838","8.9180","8.7604","","1.41%"
"09/14/2017","8.7831","8.6440","8.7897","8.6287","","1.61%"
"09/13/2017","8.6440","8.6810","8.7019","8.6267","","-0.43%"
"09/12/2017","8.6817","8.5951","8.6917","8.5931","","1.00%"
"09/11/2017","8.5954","8.5584","8.6306","8.5396","","0.47%"
"09/08/2017","8.5548","8.4980","8.5649","8.4535","","0.67%"
"09/07/2017","8.4980","8.5093","8.5209","8.4667","","-0.13%"
"09/06/2017","8.5093","8.5213","8.5357","8.4963","","-0.15%"
"09/05/2017","8.5220","8.4429","8.5292","8.4198","","0.91%"
"09/04/2017","8.4455","8.5006","8.5058","8.4308","","-0.58%"
"09/01/2017","8.4944","8.5218","8.5346","8.4725","","-0.31%"
"08/31/2017","8.5211","8.5225","8.5319","8.4784","","-0.02%"
"08/30/2017","8.5232","8.5224","8.5328","8.4915","","0.00%"
"08/29/2017","8.5230","8.5457","8.5697","8.5191","","-0.28%"
"08/28/2017","8.5467","8.5799","8.6101","8.5341","","-0.28%"
"08/25/2017","8.5705","8.5284","8.5722","8.5224","","0.51%"
"08/24/2017","8.5274","8.5237","8.5521","8.5056","","0.05%"
"08/23/2017","8.5234","8.5436","8.5550","8.5087","","-0.24%"
"08/22/2017","8.5438","8.5993","8.6060","8.5342","","-0.65%"
"08/21/2017","8.5993","8.5859","8.6128","8.5724","","0.11%"
"08/18/2017","8.5899","8.5894","8.6225","8.5571","","-0.01%"
"08/17/2017","8.5904","8.6254","8.6345","8.5800","","-0.42%"
"08/16/2017","8.6268","8.6043","8.6379","8.5926","","0.26%"
"08/15/2017","8.6043","8.6489","8.6613","8.5871","","-0.52%"
"08/14/2017","8.6491","8.6595","8.6766","8.6435","","-0.27%"
"08/11/2017","8.6721","8.6264","8.6854","8.6209","","0.54%"
"08/10/2017","8.6251","8.6774","8.6881","8.6214","","-0.63%"
"08/09/2017","8.6794","8.7127","8.7164","8.6573","","-0.38%"
"08/08/2017","8.7124","8.7613","8.7684","8.6847","","-0.56%"
"08/07/2017","8.7613","8.7662","8.7864","8.7457","","-0.12%"
"08/04/2017","8.7722","8.8251","8.8451","8.7631","","-0.60%"
"08/03/2017","8.8254","8.8881","8.9199","8.8111","","-0.71%"
"08/02/2017","8.8883","8.8703","8.9096","8.8673","","0.20%"
"08/01/2017","8.8704","8.8895","8.9000","8.8653","","-0.21%"
"07/31/2017","8.8892","8.8483","8.8959","8.8097","","0.44%"
"07/28/2017","8.8502","8.8093","8.8617","8.8046","","0.46%"
"07/27/2017","8.8098","8.8624","8.8678","8.8017","","-0.59%"
"07/26/2017","8.8618","8.7936","8.8649","8.7835","","0.78%"
"07/25/2017","8.7932","8.7961","8.8324","8.7815","","-0.03%"
"07/24/2017","8.7961","8.7869","8.8140","8.7770","","0.02%"
"07/21/2017","8.7940","8.7698","8.8134","8.7543","","0.28%"
"07/20/2017","8.7691","8.7922","8.8172","8.7552","","-0.23%"
"07/19/2017","8.7896","8.7959","8.8181","8.7854","","-0.09%"
"07/18/2017","8.7973","8.8393","8.8712","8.7762","","-0.46%"
"07/17/2017","8.8382","8.8756","8.8858","8.8318","","-0.40%"
"07/14/2017","8.8736","8.7775","8.8865","8.7701","","1.09%"
"07/13/2017","8.7775","8.7454","8.7881","8.7389","","0.36%"
"07/12/2017","8.7461","8.7392","8.7612","8.6960","","0.07%"
"07/11/2017","8.7402","8.7641","8.7923","8.7276","","-0.27%"
"07/10/2017","8.7637","8.7692","8.7817","8.7469","","-0.12%"
"07/07/2017","8.7742","8.8216","8.8277","8.7508","","-0.54%"
"07/06/2017","8.8222","8.7981","8.8343","8.7859","","0.28%"
"07/05/2017","8.7974","8.7845","8.8015","8.7642","","0.12%"
"07/04/2017","8.7866","8.7984","8.8117","8.7801","","-0.13%"
"07/03/2017","8.7981","8.8254","8.8408","8.7907","","-0.40%"
"06/30/2017","8.8334","8.8288","8.8397","8.7796","","0.06%"
"06/29/2017","8.8282","8.7874","8.8319","8.7744","","0.44%"
"06/28/2017","8.7895","8.7317","8.8188","8.7024","","0.67%"
"06/27/2017","8.7310","8.7060","8.7617","8.6754","","0.33%"
"06/26/2017","8.7025","8.7034","8.7316","8.6888","","0.09%"
"06/23/2017","8.6949","8.6672","8.7156","8.6618","","0.31%"
"06/22/2017","8.6680","8.6543","8.6751","8.6440","","0.17%"
"06/21/2017","8.6537","8.6246","8.6767","8.5963","","0.33%"
"06/20/2017","8.6256","8.6854","8.7180","8.6060","","-0.70%"
"06/19/2017","8.6864","8.7091","8.7357","8.6746","","-0.17%"
"06/16/2017","8.7010","8.6848","8.7213","8.6784","","0.20%"
"06/15/2017","8.6834","8.6600","8.7062","8.6269","","0.26%"
"06/14/2017","8.6607","8.6715","8.7076","8.6423","","-0.13%"
"06/13/2017","8.6718","8.6062","8.6743","8.5922","","0.79%"
"06/12/2017","8.6042","8.6546","8.6808","8.5909","","-0.69%"
"06/09/2017","8.6641","8.8093","8.8145","8.5882","","-1.64%"
"06/08/2017","8.8084","8.8076","8.8177","8.7746","","0.02%"
"06/07/2017","8.8070","8.7730","8.8134","8.7538","","0.38%"
"06/06/2017","8.7734","8.7793","8.8014","8.7465","","-0.07%"
"06/05/2017","8.7796","8.7551","8.8062","8.7451","","0.02%"
"06/02/2017","8.7779","8.7698","8.7941","8.7560","","0.10%"
"06/01/2017","8.7694","8.7785","8.7929","8.7293","","-0.10%"
"05/31/2017","8.7782","8.8152","8.8217","8.7123","","-0.42%"
"05/30/2017","8.8152","8.8029","8.8361","8.7703","","0.14%"
"05/29/2017","8.8032","8.7792","8.8108","8.7697","","0.29%"
"05/26/2017","8.7775","8.8904","8.8952","8.7579","","-1.25%"
"05/25/2017","8.8883","8.9379","8.9458","8.8811","","-0.57%"
"05/24/2017","8.9390","8.9301","8.9583","8.9052","","0.09%"
"05/23/2017","8.9312","8.9526","8.9808","8.9239","","-0.24%"
"05/22/2017","8.9523","8.9574","8.9827","8.9313","","-0.25%"
"05/19/2017","8.9750","8.9143","8.9791","8.9053","","0.72%"
"05/18/2017","8.9106","8.9238","8.9933","8.8816","","-0.17%"
"05/17/2017","8.9259","8.8966","8.9448","8.8864","","0.34%"
"05/16/2017","8.8959","8.8900","8.9283","8.8650","","0.09%"
"05/15/2017","8.8876","8.8929","8.9248","8.8773","","-0.07%"
"05/12/2017","8.8940","8.8968","8.9044","8.8624","","-0.02%"
"05/11/2017","8.8960","8.9321","8.9422","8.8699","","-0.40%"
"05/10/2017","8.9314","8.9347","8.9528","8.9231","","-0.04%"
"05/09/2017","8.9347","8.9345","8.9522","8.9107","","0.00%"
"05/08/2017","8.9345","8.9629","8.9685","8.9269","","-0.29%"
"05/05/2017","8.9609","8.9120","8.9643","8.8929","","0.55%"
"05/04/2017","8.9120","8.8769","8.9182","8.8497","","0.40%"
"05/03/2017","8.8768","8.9227","8.9300","8.8741","","-0.51%"
"05/02/2017","8.9223","8.8837","8.9251","8.8711","","0.44%"
"05/01/2017","8.8830","8.9289","8.9326","8.8795","","-0.50%"
"04/28/2017","8.9275","8.9018","8.9392","8.8860","","0.30%"
"04/27/2017","8.9011","8.8560","8.9096","8.8471","","0.54%"
"04/26/2017","8.8536","8.8424","8.8669","8.8227","","0.15%"
"04/25/2017","8.8407","8.8098","8.8448","8.7933","","0.37%"
"04/24/2017","8.8084","8.8491","8.8560","8.7928","","-0.16%"
"04/21/2017","8.8229","8.8182","8.8328","8.7861","","0.04%"
"04/20/2017","8.8190","8.8022","8.8432","8.7968","","0.19%"
"04/19/2017","8.8022","8.8371","8.8561","8.7939","","-0.37%"
"04/18/2017","8.8349","8.6480","8.8807","8.6156","","2.17%"
"04/17/2017","8.6473","8.6274","8.6685","8.6233","","0.28%"
"04/14/2017","8.6233","8.6170","8.6325","8.6037","","0.10%"
"04/13/2017","8.6146","8.6427","8.6537","8.6111","","-0.32%"
"04/12/2017","8.6420","8.6096","8.6495","8.6010","","0.39%"
"04/11/2017","8.6088","8.5702","8.6152","8.5599","","0.45%"
"04/10/2017","8.5702","8.5438","8.5821","8.5320","","0.37%"
"04/07/2017","8.5383","8.6012","8.6104","8.5316","","-0.73%"
"04/06/2017","8.6012","8.6074","8.6261","8.5888","","-0.06%"
"04/05/2017","8.6067","8.5669","8.6197","8.5553","","0.45%"
"04/04/2017","8.5679","8.6000","8.6069","8.5528","","-0.37%"
"04/03/2017","8.6000","8.6371","8.6489","8.5844","","-0.54%"
"03/31/2017","8.6464","8.5904","8.6505","8.5687","","0.64%"
"03/30/2017","8.5911","8.5671","8.6315","8.5479","","0.28%"
"03/29/2017","8.5670","8.5655","8.5945","8.5153","","0.01%"
"03/28/2017","8.5659","8.6306","8.6726","8.5583","","-0.76%"
"03/27/2017","8.6316","8.5964","8.6763","8.5874","","0.55%"
"03/24/2017","8.5847","8.6222","8.6246","8.5819","","-0.43%"
"03/23/2017","8.6218","8.5925","8.6298","8.5764","","0.34%"
"03/22/2017","8.5925","8.5942","8.6102","8.5509","","-0.02%"
"03/21/2017","8.5939","8.5368","8.6056","8.5182","","0.66%"
"03/20/2017","8.5375","8.5605","8.5876","8.5213","","-0.22%"
"03/17/2017","8.5561","8.5267","8.5651","8.5102","","0.35%"
"03/16/2017","8.5259","8.4967","8.5392","8.4441","","0.31%"
"03/15/2017","8.4996","8.4045","8.5124","8.3958","","1.13%"
"03/14/2017","8.4045","8.4485","8.4565","8.3781","","-0.53%"
"03/13/2017","8.4489","8.4079","8.4720","8.3944","","0.46%"
"03/10/2017","8.4099","8.4090","8.4276","8.3914","","0.01%"
"03/09/2017","8.4087","8.4112","8.4306","8.3865","","-0.05%"
"03/08/2017","8.4133","8.4203","8.4331","8.3884","","-0.09%"
"03/07/2017","8.4210","8.4396","8.4583","8.3967","","-0.22%"
"03/06/2017","8.4399","8.4801","8.4853","8.4303","","-0.47%"
"03/03/2017","8.4801","8.4515","8.4846","8.4270","","0.34%"
"03/02/2017","8.4512","8.4612","8.4752","8.4351","","-0.12%"
"03/01/2017","8.4612","8.5030","8.5267","8.4499","","-0.49%"
"02/28/2017","8.5026","8.5494","8.5655","8.4968","","-0.54%"
"02/27/2017","8.5487","8.5640","8.5773","8.5072","","-0.18%"
"02/24/2017","8.5640","8.6204","8.6373","8.5489","","-0.65%"
"02/23/2017","8.6204","8.5573","8.6245","8.5471","","0.66%"
"02/22/2017","8.5635","8.5872","8.6093","8.5442","","-0.26%"
"02/21/2017","8.5858","8.5723","8.5920","8.5365","","0.17%"
"02/20/2017","8.5713","8.5224","8.5867","8.5175","","0.55%"
"02/17/2017","8.5244","8.5606","8.5921","8.5096","","-0.40%"
"02/16/2017","8.5589","8.5611","8.5932","8.5384","","-0.03%"
"02/15/2017","8.5611","8.5651","8.5769","8.5101","","-0.03%"
"02/14/2017","8.5634","8.6201","8.6289","8.5401","","-0.64%"
"02/13/2017","8.6184","8.5830","8.6277","8.5796","","0.30%"
"02/10/2017","8.5923","8.5842","8.6166","8.5559","","0.10%"
"02/09/2017","8.5838","8.6164","8.6385","8.5758","","-0.39%"
"02/08/2017","8.6178","8.6133","8.6257","8.5743","","0.07%"
"02/07/2017","8.6119","8.5568","8.6384","8.4919","","0.63%"
"02/06/2017","8.5578","8.5823","8.5960","8.5277","","-0.24%"
"02/03/2017","8.5785","8.6203","8.6279","8.5576","","-0.50%"
"02/02/2017","8.6214","8.7115","8.7452","8.6131","","-1.02%"
"02/01/2017","8.7101","8.6585","8.7269","8.6320","","0.62%"
"01/31/2017","8.6565","8.5921","8.6699","8.5415","","0.75%"
"01/30/2017","8.5924","8.6365","8.6730","8.5770","","-0.55%"
"01/27/2017","8.6399","8.6671","8.6774","8.6127","","-0.31%"
"01/26/2017","8.6664","8.6963","8.7162","8.6399","","-0.35%"
"01/25/2017","8.6971","8.5878","8.7013","8.5786","","1.27%"
"01/24/2017","8.5878","8.5910","8.6043","8.5168","","-0.05%"
"01/23/2017","8.5918","8.4996","8.5966","8.4829","","0.97%"
"01/20/2017","8.5096","8.4812","8.5148","8.4334","","0.34%"
"01/19/2017","8.4805","8.3860","8.4822","8.3791","","1.15%"
"01/18/2017","8.3839","8.5093","8.5114","8.3795","","-1.47%"
"01/17/2017","8.5089","8.3146","8.5117","8.2926","","2.34%"
"01/16/2017","8.3146","8.3255","8.3409","8.2642","","-1.06%"
"01/13/2017","8.4037","8.3787","8.4401","8.3641","","0.28%"
"01/12/2017","8.3801","8.4696","8.4889","8.3732","","-1.09%"
"01/11/2017","8.4724","8.4284","8.5137","8.3510","","0.52%"
"01/10/2017","8.4284","8.4374","8.4475","8.3812","","-0.11%"
"01/09/2017","8.4378","8.4906","8.5096","8.4087","","-0.77%"
"01/06/2017","8.5035","8.5491","8.5943","8.4841","","-0.62%"
"01/05/2017","8.5567","8.5462","8.5670","8.4503","","0.13%"
"01/04/2017","8.5454","8.5181","8.5673","8.4976","","0.30%"
"01/03/2017","8.5195","8.5253","8.5643","8.4917","","-0.07%"
"01/02/2017","8.5253","8.5736","8.5823","8.5225","","-0.51%"
"12/30/2016","8.5691","8.5285","8.6032","8.5154","","0.47%"
"12/29/2016","8.5292","8.5085","8.5368","8.4960","","0.25%"
"12/28/2016","8.5082","8.5300","8.5533","8.4894","","-0.27%"
"12/27/2016","8.5314","8.5388","8.5425","8.5078","","-0.09%"
"12/26/2016","8.5392","8.5225","8.5534","8.5160","","0.00%"
"12/23/2016","8.5389","8.5369","8.5489","8.4932","","0.02%"
"12/22/2016","8.5369","8.5764","8.6000","8.5320","","-0.46%"
"12/21/2016","8.5764","8.5985","8.6087","8.5621","","-0.20%"
"12/20/2016","8.5936","8.6236","8.6334","8.5579","","-0.34%"
"12/19/2016","8.6229","8.6947","8.7021","8.5912","","-0.87%"
"12/16/2016","8.6982","8.6248","8.7083","8.5981","","0.86%"
"12/15/2016","8.6241","8.6741","8.7170","8.5932","","-0.60%"
"12/14/2016","8.6759","8.7369","8.7853","8.6517","","-0.69%"
"12/13/2016","8.7362","8.7572","8.7859","8.7310","","-0.22%"
"12/12/2016","8.7552","8.6881","8.7728","8.6733","","0.78%"
"12/09/2016","8.6874","8.6604","8.7136","8.6466","","0.33%"
"12/08/2016","8.6590","8.6846","8.7399","8.6315","","-0.32%"
"12/07/2016","8.6867","8.7243","8.7335","8.6477","","-0.44%"
"12/06/2016","8.7250","8.7588","8.7903","8.7092","","-0.42%"
"12/05/2016","8.7619","8.7645","8.7769","8.6953","","-0.04%"
"12/02/2016","8.7655","8.6687","8.7727","8.6550","","1.10%"
"12/01/2016","8.6701","8.6117","8.7442","8.6078","","0.67%"
"11/30/2016","8.6127","8.6154","8.6251","8.5477","","-0.02%"
"11/29/2016","8.6141","8.5783","8.6400","8.5372","","0.43%"
"11/28/2016","8.5775","8.6294","8.6498","8.5558","","-0.65%"
"11/25/2016","8.6335","8.6167","8.6439","8.5859","","0.19%"
"11/24/2016","8.6167","8.6088","8.6449","8.5803","","0.10%"
"11/23/2016","8.6077","8.5605","8.6298","8.5284","","0.55%"
"11/22/2016","8.5602","8.6139","8.6250","8.5319","","-0.60%"
"11/21/2016","8.6116","8.5051","8.6253","8.4855","","1.26%"
"11/18/2016","8.5044","8.5414","8.5658","8.4731","","-0.42%"
"11/17/2016","8.5404","8.5620","8.5912","8.5243","","-0.24%"
"11/16/2016","8.5610","8.5437","8.5901","8.5293","","0.20%"
"11/15/2016","8.5441","8.5497","8.5849","8.4890","","-0.10%"
"11/14/2016","8.5527","8.5793","8.5977","8.5185","","-0.37%"
"11/11/2016","8.5848","8.5391","8.6301","8.5194","","0.53%"
"11/10/2016","8.5398","8.4113","8.5612","8.4072","","1.53%"
"11/09/2016","8.4113","8.4032","8.4814","8.3692","","0.12%"
"11/08/2016","8.4008","8.3976","8.4361","8.3886","","-0.01%"
"11/07/2016","8.4017","8.4547","8.4638","8.3874","","-0.67%"
"11/04/2016","8.4581","8.4301","8.4851","8.4172","","0.34%"
"11/03/2016","8.4294","8.3125","8.4518","8.3082","","1.40%"
"11/02/2016","8.3132","8.2839","8.3508","8.2638","","0.35%"
"11/01/2016","8.2843","8.2950","8.3219","8.2623","","-0.14%"
"10/31/2016","8.2963","8.2581","8.3014","8.2261","","0.44%"
"10/28/2016","8.2602","8.2535","8.2799","8.2132","","0.09%"
"10/27/2016","8.2525","8.2937","8.3203","8.2430","","-0.48%"
"10/26/2016","8.2920","8.2659","8.2957","8.2294","","0.33%"
"10/25/2016","8.2650","8.2907","8.2970","8.1941","","-0.33%"
"10/24/2016","8.2921","8.2703","8.2976","8.2468","","0.15%"
"10/21/2016","8.2798","8.2658","8.2845","8.2327","","0.19%"
"10/20/2016","8.2644","8.2783","8.2892","8.2297","","-0.18%"
"10/19/2016","8.2793","8.2893","8.3092","8.2564","","-0.12%"
"10/18/2016","8.2894","8.2087","8.3094","8.2033","","0.98%"
"10/17/2016","8.2087","8.2032","8.2218","8.1695","","0.10%"
"10/14/2016","8.2005","8.2472","8.2502","8.1826","","-0.53%"
"10/13/2016","8.2445","8.2015","8.2569","8.1614","","0.52%"
"10/12/2016","8.2022","8.1490","8.2833","8.1367","","0.66%"
"10/11/2016","8.1488","8.2928","8.3025","8.1262","","-1.73%"
"10/10/2016","8.2924","8.2978","8.3378","8.2615","","-0.04%"
"10/07/2016","8.2955","8.4169","8.4242","7.8859","","-1.43%"
"10/06/2016","8.4156","8.5036","8.5143","8.4072","","-1.05%"
"10/05/2016","8.5053","8.4919","8.5213","8.4626","","0.16%"
"10/04/2016","8.4916","8.5681","8.5810","8.4850","","-0.90%"
"10/03/2016","8.5684","8.6364","8.6390","8.5507","","-1.03%"
"09/30/2016","8.6574","8.6468","8.6894","8.6284","","0.12%"
"09/29/2016","8.6471","8.6904","8.7181","8.6358","","-0.50%"
"09/28/2016","8.6903","8.6869","8.6994","8.6611","","0.05%"
"09/27/2016","8.6859","8.6533","8.6896","8.6262","","0.38%"
"09/26/2016","8.6532","8.6410","8.6669","8.6154","","0.01%"
"09/23/2016","8.6526","8.7162","8.7286","8.6133","","-0.73%"
"09/22/2016","8.7162","8.6961","8.7489","8.6895","","0.28%"
"09/21/2016","8.6917","8.6660","8.7061","8.6371","","0.30%"
"09/20/2016","8.6659","8.6871","8.7153","8.6379","","-0.26%"
"09/19/2016","8.6887","8.6736","8.7344","8.6720","","0.14%"
"09/16/2016","8.6764","8.8335","8.8425","8.6724","","-1.79%"
"09/15/2016","8.8342","8.8322","8.8625","8.7954","","0.02%"
"09/14/2016","8.8321","8.8128","8.8375","8.7691","","0.22%"
"09/13/2016","8.8131","8.9100","8.9143","8.7948","","-1.09%"
"09/12/2016","8.9100","8.8618","8.9170","8.8422","","0.57%"
"09/09/2016","8.8598","8.8612","8.9041","8.8457","","-0.02%"
"09/08/2016","8.8615","8.8891","8.9115","8.8489","","-0.30%"
"09/07/2016","8.8885","8.9713","8.9739","8.8731","","-0.93%"
"09/06/2016","8.9716","8.8829","8.9770","8.8762","","1.00%"
"09/05/2016","8.8829","8.8864","8.9308","8.8720","","0.03%"
"09/02/2016","8.8804","8.8525","8.9199","8.8485","","0.32%"
"09/01/2016","8.8518","8.7766","8.8962","8.7643","","0.87%"
"08/31/2016","8.7753","8.7407","8.7880","8.7290","","0.40%"
"08/30/2016","8.7403","8.7539","8.7645","8.7214","","-0.11%"
"08/29/2016","8.7499","8.7656","8.7703","8.7202","","-0.16%"
"08/26/2016","8.7642","8.7842","8.8609","8.7532","","-0.23%"
"08/25/2016","8.7842","8.8119","8.8326","8.7673","","-0.31%"
"08/24/2016","8.8119","8.7633","8.8352","8.7496","","0.54%"
"08/23/2016","8.7647","8.7367","8.7763","8.7275","","0.30%"
"08/22/2016","8.7384","8.6903","8.7469","8.6724","","0.45%"
"08/19/2016","8.6993","8.7353","8.7495","8.6628","","-0.37%"
"08/18/2016","8.7320","8.6532","8.7366","8.6406","","0.91%"
"08/17/2016","8.6529","8.6428","8.6827","8.6107","","0.11%"
"08/16/2016","8.6434","8.5491","8.6484","8.5458","","1.09%"
"08/15/2016","8.5498","8.5739","8.6029","8.5391","","-0.29%"
"08/12/2016","8.5749","8.5875","8.6542","8.5616","","-0.13%"
"08/11/2016","8.5861","8.6360","8.6502","8.5828","","-0.59%"
"08/10/2016","8.6367","8.6558","8.7084","8.6213","","-0.20%"
"08/09/2016","8.6541","8.6865","8.6948","8.6292","","-0.37%"
"08/08/2016","8.6861","8.6947","8.7258","8.6779","","-0.18%"
"08/05/2016","8.7017","8.7058","8.7512","8.6619","","-0.05%"
"08/04/2016","8.7058","8.8408","8.8611","8.7019","","-1.54%"
"08/03/2016","8.8422","8.8519","8.8677","8.8084","","-0.11%"
"08/02/2016","8.8523","8.7573","8.8583","8.7521","","1.11%"
"08/01/2016","8.7553","8.7855","8.8100","8.7411","","-0.27%"
"07/29/2016","8.7786","8.7622","8.8290","8.7387","","0.19%"
"07/28/2016","8.7618","8.8197","8.8374","8.7299","","-0.64%"
"07/27/2016","8.8184","8.7620","8.8288","8.7190","","0.65%"
"07/26/2016","8.7614","8.7756","8.7908","8.7190","","-0.17%"
"07/25/2016","8.7763","8.7588","8.7942","8.7465","","0.22%"
"07/22/2016","8.7572","8.8330","8.8640","8.7294","","-0.87%"
"07/21/2016","8.8341","8.8200","8.8657","8.7867","","0.15%"
"07/20/2016","8.8213","8.7796","8.8327","8.7332","","0.47%"
"07/19/2016","8.7796","8.8868","8.9023","8.7535","","-1.22%"
"07/18/2016","8.8879","8.8088","8.9267","8.8064","","0.72%"
"07/15/2016","8.8242","8.9175","9.0113","8.7840","","-1.05%"
"07/14/2016","8.9175","8.7875","9.0072","8.7608","","1.44%"
"07/13/2016","8.7905","8.8610","8.9212","8.7805","","-0.76%"
"07/12/2016","8.8577","8.6960","8.8938","8.6817","","1.84%"
"07/11/2016","8.6980","8.6617","8.7128","8.5956","","0.38%"
"07/08/2016","8.6651","8.6246","8.7056","8.6036","","0.47%"
"07/07/2016","8.6249","8.6547","8.7190","8.6032","","-0.34%"
"07/06/2016","8.6547","8.6962","8.7082","8.5663","","-0.51%"
"07/05/2016","8.6989","8.8582","8.8622","8.6829","","-1.81%"
"07/04/2016","8.8592","8.8227","8.8925","8.8061","","0.37%"
"07/01/2016","8.8268","8.8492","8.8835","8.8164","","-0.25%"
"06/30/2016","8.8492","8.9135","8.9707","8.7781","","-0.69%"
"06/29/2016","8.9105","8.8692","8.9944","8.8320","","0.46%"
"06/28/2016","8.8699","8.7927","8.9198","8.7787","","0.81%"
"06/27/2016","8.7983","8.9825","8.9841","8.7268","","-2.87%"
"06/24/2016","9.0587","9.7820","9.8797","8.7408","","-7.43%"
"06/23/2016","9.7863","9.6739","9.8269","9.6716","","1.16%"
"06/22/2016","9.6739","9.6528","9.7154","9.6301","","0.21%"
"06/21/2016","9.6535","9.6683","9.7301","9.6253","","-0.15%"
"06/20/2016","9.6676","9.4613","9.6815","9.4586","","2.20%"
"06/17/2016","9.4593","9.3632","9.4804","9.3576","","1.04%"
"06/16/2016","9.3622","9.3495","9.3968","9.2357","","0.13%"
"06/15/2016","9.3498","9.3103","9.3651","9.2954","","0.41%"
"06/14/2016","9.3120","9.4001","9.4001","9.2910","","-0.93%"
"06/13/2016","9.3990","9.3560","9.4255","9.2907","","0.46%"
"06/10/2016","9.3560","9.4879","9.4978","9.3045","","-1.39%"
"06/09/2016","9.4883","9.5182","9.5336","9.4794","","-0.30%"
"06/08/2016","9.5169","9.5573","9.5912","9.5139","","-0.42%"
"06/07/2016","9.5575","9.4804","9.6239","9.4741","","0.83%"
"06/06/2016","9.4787","9.5288","9.5351","9.4221","","-0.56%"
"06/03/2016","9.5321","9.4978","9.5735","9.4759","","0.37%"
"06/02/2016","9.4968","9.4786","9.5279","9.4704","","0.19%"
"06/01/2016","9.4786","9.5308","9.5617","9.4585","","-0.55%"
"05/31/2016","9.5308","9.6389","9.6936","9.5205","","-1.11%"
"05/30/2016","9.6373","9.5879","9.6398","9.5817","","0.40%"
"05/27/2016","9.5987","9.6191","9.6352","9.5843","","-0.22%"
"05/26/2016","9.6198","9.6319","9.6703","9.5991","","-0.13%"
"05/25/2016","9.6319","9.5971","9.6660","9.5732","","0.36%"
"05/24/2016","9.5971","9.4953","9.6020","9.4856","","1.07%"
"05/23/2016","9.4956","9.4996","9.5340","9.4675","","-0.01%"
"05/20/2016","9.4967","9.5665","9.5688","9.4846","","-0.73%"
"05/19/2016","9.5665","9.5460","9.5977","9.5257","","0.21%"
"05/18/2016","9.5460","9.4305","9.5702","9.4119","","1.22%"
"05/17/2016","9.4308","9.3886","9.4704","9.3863","","0.42%"
"05/16/2016","9.3912","9.3741","9.4020","9.3492","","0.11%"
"05/13/2016","9.3813","9.4173","9.4246","9.3644","","-0.38%"
"05/12/2016","9.4167","9.3797","9.4674","9.3686","","0.39%"
"05/11/2016","9.3797","9.4131","9.4310","9.3703","","-0.38%"
"05/10/2016","9.4151","9.3899","9.4353","9.3792","","0.28%"
"05/09/2016","9.3889","9.3811","9.4199","9.3519","","0.09%"
"05/06/2016","9.3801","9.4206","9.4535","9.3690","","-0.43%"
"05/05/2016","9.4206","9.4151","9.4497","9.3970","","0.09%"
"05/04/2016","9.4122","9.4364","9.4674","9.3983","","-0.24%"
"05/03/2016","9.4351","9.4994","9.5616","9.4227","","-0.67%"
"05/02/2016","9.4987","9.4586","9.5149","9.4372","","0.40%"
"04/29/2016","9.4609","9.4606","9.5018","9.4437","","0.00%"
"04/28/2016","9.4613","9.4460","9.4755","9.4189","","0.17%"
"04/27/2016","9.4457","9.4691","9.4934","9.4006","","-0.24%"
"04/26/2016","9.4688","9.4038","9.5060","9.3979","","0.70%"
"04/25/2016","9.4032","9.3708","9.4303","9.3607","","0.43%"
"04/22/2016","9.3630","9.2840","9.3918","9.2763","","0.85%"
"04/21/2016","9.2840","9.2749","9.3527","9.2633","","0.10%"
"04/20/2016","9.2749","9.2952","9.3250","9.2703","","-0.22%"
"04/19/2016","9.2955","9.2452","9.3209","9.2388","","0.57%"
"04/18/2016","9.2427","9.2114","9.2537","9.1573","","0.55%"
"04/15/2016","9.1921","9.1771","9.2225","9.1603","","0.18%"
"04/14/2016","9.1755","9.2016","9.2081","9.1404","","-0.28%"
"04/13/2016","9.2013","9.2296","9.2343","9.1894","","-0.31%"
"04/12/2016","9.2296","9.1987","9.2684","9.1842","","0.33%"
"04/11/2016","9.1990","9.1343","9.2384","9.1158","","0.71%"
"04/08/2016","9.1339","9.0844","9.1608","9.0779","","0.54%"
"04/07/2016","9.0846","9.1526","9.1665","9.0779","","-0.73%"
"04/06/2016","9.1516","9.1725","9.1847","9.0867","","-0.23%"
"04/05/2016","9.1725","9.2404","9.2518","9.1459","","-0.73%"
"04/04/2016","9.2404","9.2126","9.2793","9.1931","","0.26%"
"04/01/2016","9.2168","9.2614","9.2914","9.1757","","-0.48%"
"03/31/2016","9.2617","9.2958","9.3188","9.2558","","-0.36%"
"03/30/2016","9.2954","9.3597","9.3713","9.2839","","-0.69%"
"03/29/2016","9.3597","9.2758","9.3734","9.2404","","0.90%"
"03/28/2016","9.2758","9.2084","9.2992","9.1978","","0.65%"
"03/25/2016","9.2156","9.2205","9.2254","9.1930","","-0.05%"
"03/24/2016","9.2205","9.1855","9.2410","9.1569","","0.39%"
"03/23/2016","9.1849","9.2204","9.2344","9.1615","","-0.39%"
"03/22/2016","9.2211","9.3184","9.3451","9.2104","","-1.03%"
"03/21/2016","9.3167","9.3718","9.3751","9.3081","","-0.58%"
"03/18/2016","9.3712","9.3765","9.3954","9.3377","","-0.04%"
"03/17/2016","9.3752","9.2997","9.3992","9.2420","","0.81%"
"03/16/2016","9.3001","9.2190","9.3102","9.1661","","0.87%"
"03/15/2016","9.2200","9.2962","9.3011","9.2102","","-0.81%"
"03/14/2016","9.2953","9.3431","9.3467","9.2891","","-0.43%"
"03/11/2016","9.3356","9.2922","9.3775","9.2564","","0.46%"
"03/10/2016","9.2926","9.2612","9.3196","9.2099","","0.33%"
"03/09/2016","9.2622","9.2432","9.2761","9.2279","","0.20%"
"03/08/2016","9.2439","9.2968","9.3004","9.2188","","-0.57%"
"03/07/2016","9.2965","9.2632","9.3085","9.2113","","0.40%"
"03/04/2016","9.2593","9.2610","9.2717","9.1978","","0.00%"
"03/03/2016","9.2597","9.2231","9.2724","9.1804","","0.40%"
"03/02/2016","9.2224","9.1382","9.2333","9.1147","","0.91%"
"03/01/2016","9.1392","9.1219","9.1806","9.1048","","0.20%"
"02/29/2016","9.1206","9.0719","9.1412","9.0520","","0.54%"
"02/26/2016","9.0719","9.1221","9.1834","9.0611","","-0.56%"
"02/25/2016","9.1228","9.0970","9.1435","9.0816","","0.29%"
"02/24/2016","9.0967","9.1523","9.1584","9.0720","","-0.61%"
"02/23/2016","9.1527","9.2277","9.2378","9.1415","","-0.82%"
"02/22/2016","9.2283","9.3965","9.3965","9.1683","","-1.79%"
"02/19/2016","9.3965","9.3456","9.3995","9.2922","","0.54%"
"02/18/2016","9.3456","9.3322","9.3802","9.2920","","0.13%"
"02/17/2016","9.3331","9.3231","9.3608","9.2925","","0.11%"
"02/16/2016","9.3227","9.3788","9.4574","9.3024","","-0.58%"
"02/15/2016","9.3772","9.5328","9.5473","9.3623","","-1.68%"
"02/12/2016","9.5371","9.5177","9.5788","9.4941","","0.21%"
"02/11/2016","9.5170","9.5466","9.5746","9.4559","","-0.31%"
"02/10/2016","9.5466","9.5148","9.5841","9.4977","","0.34%"
"02/09/2016","9.5138","9.4881","9.5430","9.4517","","0.28%"
"02/08/2016","9.4874","9.5335","9.5634","9.4352","","-0.49%"
"02/05/2016","9.5338","9.5781","9.5886","9.4986","","-0.46%"
"02/04/2016","9.5774","9.6054","9.6481","9.5551","","-0.29%"
"02/03/2016","9.6051","9.4818","9.6360","9.4622","","1.30%"
"02/02/2016","9.4818","9.4953","9.5056","9.4258","","-0.13%"
"02/01/2016","9.4946","9.3639","9.5035","9.3555","","1.34%"
"01/29/2016","9.3693","9.4432","9.4790","9.3044","","-0.78%"
"01/28/2016","9.4432","9.3616","9.4738","9.3602","","0.86%"
"01/27/2016","9.3625","9.4459","9.4482","9.3586","","-0.90%"
"01/26/2016","9.4472","9.3749","9.4577","9.3248","","0.77%"
"01/25/2016","9.3749","9.3883","9.4172","9.3571","","-0.11%"
"01/22/2016","9.3853","9.3571","9.4488","9.3442","","0.30%"
"01/21/2016","9.3571","9.3357","9.3772","9.2638","","0.23%"
"01/20/2016","9.3354","9.3136","9.3547","9.2944","","0.26%"
"01/19/2016","9.3113","9.3706","9.4345","9.2949","","-0.63%"
"01/18/2016","9.3703","9.3911","9.4253","9.3653","","-0.20%"
"01/15/2016","9.3888","9.4980","9.5089","9.3828","","-1.16%"
"01/14/2016","9.4991","9.4729","9.5207","9.4614","","0.27%"
"01/13/2016","9.4732","9.4930","9.5260","9.4545","","-0.24%"
"01/12/2016","9.4957","9.5544","9.5665","9.4325","","-0.60%"
"01/11/2016","9.5534","9.5797","9.6047","9.5422","","-0.25%"
"01/08/2016","9.5777","9.6365","9.6506","9.5681","","-0.62%"
"01/07/2016","9.6372","9.5927","9.6556","9.5797","","0.49%"
"01/06/2016","9.5904","9.5697","9.6131","9.5636","","0.20%"
"01/05/2016","9.5717","9.6175","9.6223","9.5470","","-0.49%"
"01/04/2016","9.6184","9.5801","9.6828","9.5411","","0.43%"
"01/01/2016","9.5769","9.5691","9.6038","9.5684","","0.06%"
"12/31/2015","9.5710","9.6154","9.6411","9.5610","","-0.48%"
"12/30/2015","9.6176","9.6053","9.6394","9.6014","","0.13%"
"12/29/2015","9.6053","9.6538","9.6742","9.5874","","-0.50%"
"12/28/2015","9.6532","9.6582","9.6887","9.6496","","-0.19%"
"12/25/2015","9.6712","9.6622","9.6813","9.6402","","0.11%"
"12/24/2015","9.6609","9.6335","9.6813","9.6283","","0.28%"
"12/23/2015","9.6338","9.6071","9.6529","9.5981","","0.30%"
"12/22/2015","9.6048","9.6464","9.6593","9.5909","","-0.44%"
"12/21/2015","9.6470","9.6581","9.6765","9.6412","","-0.07%"
"12/18/2015","9.6539","9.6613","9.6905","9.6474","","-0.07%"
"12/17/2015","9.6611","9.7126","9.7204","9.6374","","-0.53%"
"12/16/2015","9.7122","9.7142","9.7747","9.6870","","-0.05%"
"12/15/2015","9.7167","9.7812","9.8140","9.7090","","-0.65%"
"12/14/2015","9.7802","9.8250","9.8347","9.7572","","-0.44%"
"12/11/2015","9.8234","9.7594","9.8382","9.7476","","0.66%"
"12/10/2015","9.7591","9.7577","9.7874","9.7284","","0.01%"
"12/09/2015","9.7584","9.6313","9.7658","9.6274","","1.32%"
"12/08/2015","9.6309","9.6479","9.6673","9.5972","","-0.16%"
"12/07/2015","9.6463","9.6685","9.6874","9.6389","","-0.28%"
"12/04/2015","9.6736","9.6893","9.6983","9.6461","","-0.15%"
"12/03/2015","9.6883","9.5671","9.6989","9.5345","","1.27%"
"12/02/2015","9.5671","9.6509","9.6529","9.5310","","-0.86%"
"12/01/2015","9.6500","9.6334","9.6794","9.6289","","0.17%"
"11/30/2015","9.6334","9.6200","9.6427","9.5925","","0.18%"
"11/27/2015","9.6164","9.6495","9.6601","9.6110","","-0.35%"
"11/26/2015","9.6505","9.6666","9.6698","9.6259","","-0.16%"
"11/25/2015","9.6656","9.6381","9.6720","9.6183","","0.26%"
"11/24/2015","9.6403","9.6634","9.6825","9.6183","","-0.24%"
"11/23/2015","9.6634","9.6995","9.7072","9.6516","","-0.38%"
"11/20/2015","9.6998","9.7602","9.7761","9.6941","","-0.62%"
"11/19/2015","9.7599","9.7290","9.7897","9.7213","","0.32%"
"11/18/2015","9.7287","9.7038","9.7367","9.6952","","0.25%"
"11/17/2015","9.7047","9.6867","9.7206","9.6657","","0.22%"
"11/16/2015","9.6835","9.7171","9.7171","9.6681","","-0.27%"
"11/13/2015","9.7095","9.7026","9.7296","9.6795","","0.09%"
"11/12/2015","9.7010","9.6840","9.7097","9.6626","","0.15%"
"11/11/2015","9.6865","9.6187","9.6932","9.6156","","0.72%"
"11/10/2015","9.6171","9.6164","9.6363","9.5996","","0.01%"
"11/09/2015","9.6164","9.5627","9.6253","9.5553","","0.58%"
"11/06/2015","9.5611","9.6516","9.6704","9.5448","","-0.92%"
"11/05/2015","9.6500","9.7484","9.7732","9.6478","","-1.02%"
"11/04/2015","9.7491","9.7711","9.7861","9.7304","","-0.23%"
"11/03/2015","9.7718","9.7700","9.7884","9.7312","","0.02%"
"11/02/2015","9.7700","9.7602","9.8220","9.7460","","0.22%"
"10/30/2015","9.7482","9.7331","9.7735","9.6841","","0.16%"
"10/29/2015","9.7324","9.7058","9.7413","9.6886","","0.28%"
"10/28/2015","9.7049","9.7182","9.7602","9.6953","","-0.13%"
"10/27/2015","9.7179","9.7547","9.7583","9.7086","","-0.35%"
"10/26/2015","9.7522","9.7226","9.7728","9.7169","","0.30%"
"10/23/2015","9.7230","9.7878","9.8049","9.7162","","-0.66%"
"10/22/2015","9.7878","9.7904","9.8592","9.7710","","-0.03%"
"10/21/2015","9.7904","9.8051","9.8278","9.7821","","-0.12%"
"10/20/2015","9.8026","9.8362","9.8585","9.7978","","-0.32%"
"10/19/2015","9.8340","9.8071","9.8569","9.8014","","0.29%"
"10/16/2015","9.8055","9.8068","9.8461","9.7989","","-0.04%"
"10/15/2015","9.8094","9.8225","9.8430","9.7820","","-0.16%"
"10/14/2015","9.8247","9.6714","9.8367","9.6688","","1.61%"
"10/13/2015","9.6695","9.7045","9.7488","9.6399","","-0.34%"
"10/12/2015","9.7026","9.7221","9.7286","9.6888","","-0.08%"
"10/09/2015","9.7108","9.7513","9.7638","9.7073","","-0.42%"
"10/08/2015","9.7519","9.7343","9.7678","9.6957","","0.16%"
"10/07/2015","9.7365","9.6777","9.7505","9.6746","","0.60%"
"10/06/2015","9.6781","9.6266","9.6898","9.6221","","0.53%"
"10/05/2015","9.6266","9.6498","9.6898","9.6205","","-0.24%"
"10/02/2015","9.6498","9.6161","9.6856","9.6129","","0.34%"
"10/01/2015","9.6170","9.6174","9.6488","9.6021","","-0.01%"
"09/30/2015","9.6177","9.6415","9.6720","9.6037","","-0.25%"
"09/29/2015","9.6415","9.6640","9.6766","9.6269","","-0.23%"
"09/28/2015","9.6637","9.6809","9.7076","9.6532","","-0.14%"
"09/25/2015","9.6771","9.7295","9.7320","9.6465","","-0.53%"
"09/24/2015","9.7288","9.7320","9.7601","9.7023","","-0.04%"
"09/23/2015","9.7323","9.7967","9.8098","9.7160","","-0.66%"
"09/22/2015","9.7974","9.8766","9.8994","9.7808","","-0.80%"
"09/21/2015","9.8769","9.8889","9.9157","9.8594","","-0.08%"
"09/18/2015","9.8851","9.9249","9.9665","9.8730","","-0.40%"
"09/17/2015","9.9252","9.8701","9.9501","9.8580","","0.55%"
"09/16/2015","9.8705","9.7741","9.8940","9.7635","","1.00%"
"09/15/2015","9.7729","9.8234","9.8475","9.7630","","-0.51%"
"09/14/2015","9.8231","9.8334","9.8564","9.7891","","-0.13%"
"09/11/2015","9.8363","9.8496","9.8565","9.8169","","-0.14%"
"09/10/2015","9.8499","9.8011","9.8700","9.7802","","0.52%"
"09/09/2015","9.7992","9.8039","9.8229","9.7887","","-0.04%"
"09/08/2015","9.8029","9.7246","9.8144","9.7191","","0.85%"
"09/07/2015","9.7207","9.6502","9.7335","9.6444","","0.81%"
"09/04/2015","9.6428","9.6966","9.7090","9.6365","","-0.56%"
"09/03/2015","9.6975","9.7227","9.7341","9.6728","","-0.28%"
"09/02/2015","9.7252","9.7396","9.7526","9.7020","","-0.15%"
"09/01/2015","9.7399","9.7837","9.8171","9.7368","","-0.44%"
"08/31/2015","9.7833","9.8370","9.8588","9.7792","","-0.51%"
"08/28/2015","9.8335","9.8661","9.8796","9.7968","","-0.31%"
"08/27/2015","9.8642","9.9130","9.9509","9.8450","","-0.47%"
"08/26/2015","9.9108","10.0603","10.0956","9.9053","","-1.49%"
"08/25/2015","10.0609","10.1032","10.1449","10.0555","","-0.42%"
"08/24/2015","10.1029","10.0331","10.1215","9.9956","","0.74%"
"08/21/2015","10.0286","10.0240","10.0572","10.0030","","0.05%"
"08/20/2015","10.0231","10.0274","10.0447","9.9704","","-0.05%"
"08/19/2015","10.0283","10.0133","10.0427","9.9992","","0.15%"
"08/18/2015","10.0133","9.9661","10.0501","9.9519","","0.47%"
"08/17/2015","9.9661","10.0013","10.0328","9.9620","","-0.32%"
"08/14/2015","9.9984","9.9889","10.0099","9.9672","","0.09%"
"08/13/2015","9.9896","9.9717","10.0682","9.9652","","0.17%"
"08/12/2015","9.9730","9.8497","10.0540","9.8251","","1.25%"
"08/11/2015","9.8497","9.6790","9.8813","9.6694","","1.73%"
"08/10/2015","9.6818","9.6216","9.6911","9.5980","","0.61%"
"08/07/2015","9.6229","9.6328","9.6533","9.5776","","-0.10%"
"08/06/2015","9.6325","9.6886","9.7108","9.6048","","-0.58%"
"08/05/2015","9.6886","9.6643","9.7197","9.6410","","0.25%"
"08/04/2015","9.6649","9.6797","9.7087","9.6600","","-0.15%"
"08/03/2015","9.6794","9.7059","9.7165","9.6648","","-0.23%"
"07/31/2015","9.7021","9.6880","9.7363","9.6554","","0.15%"
"07/30/2015","9.6880","9.6867","9.7113","9.6635","","-0.01%"
"07/29/2015","9.6888","9.6935","9.7425","9.6778","","-0.06%"
"07/28/2015","9.6944","9.6611","9.7047","9.6415","","0.34%"
"07/27/2015","9.6611","9.6314","9.6843","9.6191","","0.29%"
"07/24/2015","9.6335","9.6332","9.6415","9.6040","","0.00%"
"07/23/2015","9.6331","9.6963","9.7314","9.6247","","-0.64%"
"07/22/2015","9.6954","9.6608","9.7161","9.6536","","0.36%"
"07/21/2015","9.6611","9.6655","9.6821","9.6422","","-0.05%"
"07/20/2015","9.6657","9.6927","9.7055","9.6484","","-0.28%"
"07/17/2015","9.6924","9.6931","9.7323","9.6589","","0.00%"
"07/16/2015","9.6927","9.7109","9.7191","9.6614","","-0.17%"
"07/15/2015","9.7093","9.7083","9.7332","9.6718","","0.01%"
"07/14/2015","9.7083","9.6156","9.7114","9.5929","","0.96%"
"07/13/2015","9.6159","9.6182","9.6789","9.6103","","-0.25%"
"07/10/2015","9.6402","9.5501","9.6566","9.5389","","0.95%"
"07/09/2015","9.5491","9.5373","9.5731","9.5262","","0.11%"
"07/08/2015","9.5388","9.6016","9.6056","9.5180","","-0.65%"
"07/07/2015","9.6016","9.6894","9.6928","9.5717","","-0.92%"
"07/06/2015","9.6903","9.6431","9.7046","9.6403","","0.29%"
"07/03/2015","9.6626","9.6849","9.7088","9.6555","","-0.23%"
"07/02/2015","9.6849","9.6848","9.7042","9.6564","","-0.01%"
"07/01/2015","9.6854","9.7421","9.7583","9.6690","","-0.58%"
"06/30/2015","9.7415","9.7717","9.7824","9.7349","","-0.31%"
"06/29/2015","9.7716","9.7475","9.8027","9.7277","","-0.09%"
"06/26/2015","9.7804","9.7776","9.7896","9.7531","","0.03%"
"06/25/2015","9.7776","9.7489","9.7932","9.7326","","0.29%"
"06/24/2015","9.7489","9.7637","9.8122","9.7250","","-0.14%"
"06/23/2015","9.7630","9.8266","9.8321","9.7490","","-0.65%"
"06/22/2015","9.8265","9.8570","9.8800","9.8141","","-0.37%"
"06/19/2015","9.8632","9.8587","9.8713","9.8324","","0.05%"
"06/18/2015","9.8587","9.8314","9.8894","9.8139","","0.28%"
"06/17/2015","9.8316","9.7158","9.8423","9.7011","","1.19%"
"06/16/2015","9.7161","9.6867","9.7201","9.6484","","0.30%"
"06/15/2015","9.6867","9.6605","9.6954","9.6155","","0.27%"
"06/12/2015","9.6607","9.6305","9.6840","9.6021","","0.30%"
"06/11/2015","9.6314","9.6379","9.6426","9.5718","","-0.07%"
"06/10/2015","9.6378","9.5478","9.6525","9.5362","","0.94%"
"06/09/2015","9.5481","9.5255","9.5512","9.4684","","0.24%"
"06/08/2015","9.5255","9.4673","9.5355","9.4452","","0.55%"
"06/05/2015","9.4735","9.5264","9.5427","9.4230","","-0.57%"
"06/04/2015","9.5282","9.5081","9.5759","9.4910","","0.20%"
"06/03/2015","9.5090","9.5105","9.5288","9.4520","","-0.02%"
"06/02/2015","9.5105","9.4239","9.5253","9.4091","","0.93%"
"06/01/2015","9.4230","9.4794","9.4847","9.4047","","-0.58%"
"05/29/2015","9.4775","9.4978","9.5159","9.4434","","-0.22%"
"05/28/2015","9.4981","9.5231","9.5401","9.4634","","-0.25%"
"05/27/2015","9.5221","9.5447","9.5783","9.4887","","-0.23%"
"05/26/2015","9.5444","9.5948","9.5998","9.5252","","-0.53%"
"05/25/2015","9.5948","9.5964","9.6179","9.5800","","-0.05%"
"05/22/2015","9.5998","9.7058","9.7233","9.5800","","-1.09%"
"05/21/2015","9.7054","9.6381","9.7296","9.6284","","0.69%"
"05/20/2015","9.6390","9.6284","9.6713","9.6005","","0.13%"
"05/19/2015","9.6265","9.7112","9.7231","9.5871","","-0.87%"
"05/18/2015","9.7112","9.7641","9.7737","9.7013","","-0.48%"
"05/15/2015","9.7578","9.7839","9.8112","9.7439","","-0.27%"
"05/14/2015","9.7839","9.7689","9.8081","9.7582","","0.15%"
"05/13/2015","9.7694","9.7266","9.7844","9.6997","","0.40%"
"05/12/2015","9.7300","9.6786","9.7554","9.6573","","0.54%"
"05/11/2015","9.6780","9.5941","9.6954","9.5578","","0.84%"
"05/08/2015","9.5976","9.4625","9.6376","9.4613","","1.43%"
"05/07/2015","9.4622","9.4528","9.4818","9.4122","","0.10%"
"05/06/2015","9.4524","9.4220","9.4813","9.3939","","0.32%"
"05/05/2015","9.4223","9.3893","9.4453","9.3647","","0.36%"
"05/04/2015","9.3883","9.3929","9.4209","9.3691","","-0.04%"
"05/01/2015","9.3917","9.5222","9.5514","9.3750","","-1.37%"
"04/30/2015","9.5219","9.5717","9.6046","9.4921","","-0.51%"
"04/29/2015","9.5708","9.5166","9.6077","9.5089","","0.58%"
"04/28/2015","9.5157","9.4768","9.5198","9.4174","","0.41%"
"04/27/2015","9.4768","9.3952","9.4921","9.3881","","0.74%"
"04/24/2015","9.4070","9.3312","9.4086","9.3123","","0.81%"
"04/23/2015","9.3318","9.3139","9.3401","9.2701","","0.20%"
"04/22/2015","9.3136","9.2556","9.3412","9.2466","","0.63%"
"04/21/2015","9.2556","9.2432","9.2857","9.2121","","0.13%"
"04/20/2015","9.2432","9.2713","9.2930","9.2324","","-0.32%"
"04/17/2015","9.2728","9.2534","9.3304","9.2389","","0.20%"
"04/16/2015","9.2543","9.2095","9.2770","9.1756","","0.48%"
"04/15/2015","9.2097","9.1807","9.2175","9.1223","","0.32%"
"04/14/2015","9.1807","9.1237","9.1946","9.0707","","0.63%"
"04/13/2015","9.1236","9.0858","9.1276","9.0522","","0.44%"
"04/10/2015","9.0840","9.1302","9.1451","9.0560","","-0.52%"
"04/09/2015","9.1311","9.2210","9.2357","9.1115","","-0.97%"
"04/08/2015","9.2210","9.1748","9.2873","9.1729","","0.50%"
"04/07/2015","9.1747","9.2153","9.2408","9.1707","","-0.45%"
"04/06/2015","9.2162","9.2373","9.2791","9.2097","","-0.27%"
"04/03/2015","9.2413","9.1886","9.2562","9.1726","","0.57%"
"04/02/2015","9.1892","9.1880","9.2141","9.1567","","0.01%"
"04/01/2015","9.1880","9.1861","9.2175","9.1362","","0.02%"
"03/31/2015","9.1864","9.1926","9.2205","9.1446","","-0.07%"
"03/30/2015","9.1932","9.2504","9.2622","9.1572","","-0.58%"
"03/27/2015","9.2464","9.2234","9.2747","9.1917","","0.25%"
"03/26/2015","9.2231","9.2439","9.3134","9.1960","","-0.23%"
"03/25/2015","9.2439","9.2155","9.2902","9.2015","","0.31%"
"03/24/2015","9.2155","9.2906","9.3061","9.2090","","-0.82%"
"03/23/2015","9.2915","9.2917","9.3055","9.2204","","0.15%"
"03/20/2015","9.2774","9.1407","9.3013","9.1215","","1.50%"
"03/19/2015","9.1406","9.3298","9.3506","9.1001","","-2.03%"
"03/18/2015","9.3304","9.2149","9.4372","9.1161","","1.25%"
"03/17/2015","9.2149","9.2864","9.2910","9.2011","","-0.77%"
"03/16/2015","9.2863","9.2315","9.3023","9.2215","","0.62%"
"03/13/2015","9.2290","9.3203","9.3303","9.2005","","-0.98%"
"03/12/2015","9.3200","9.3493","9.4102","9.2984","","-0.31%"
"03/11/2015","9.3490","9.4343","9.4546","9.3265","","-0.93%"
"03/10/2015","9.4365","9.4765","9.4790","9.4109","","-0.42%"
"03/09/2015","9.4765","9.4188","9.4830","9.4104","","0.63%"
"03/06/2015","9.4172","9.5495","9.5611","9.4119","","-1.39%"
"03/05/2015","9.5501","9.5715","9.5762","9.5335","","-0.22%"
"03/04/2015","9.5715","9.6381","9.6459","9.5624","","-0.69%"
"03/03/2015","9.6380","9.6383","9.6632","9.6274","","0.01%"
"03/02/2015","9.6370","9.6816","9.6856","9.6283","","-0.41%"
"02/27/2015","9.6768","9.6428","9.6925","9.6399","","0.36%"
"02/26/2015","9.6425","9.7195","9.7374","9.6334","","-0.80%"
"02/25/2015","9.7198","9.6672","9.7271","9.6601","","0.55%"
"02/24/2015","9.6669","9.6685","9.6794","9.6341","","-0.02%"
"02/23/2015","9.6692","9.6301","9.6798","9.5897","","0.37%"
"02/20/2015","9.6332","9.6416","9.6548","9.5972","","-0.08%"
"02/19/2015","9.6410","9.6545","9.6745","9.6344","","-0.14%"
"02/18/2015","9.6547","9.6038","9.6832","9.5956","","0.53%"
"02/17/2015","9.6034","9.5990","9.6348","9.5800","","0.03%"
"02/16/2015","9.6003","9.6125","9.6497","9.5831","","-0.10%"
"02/13/2015","9.6098","9.6062","9.6263","9.5917","","0.03%"
"02/12/2015","9.6068","9.5130","9.6272","9.4976","","0.99%"
"02/11/2015","9.5126","9.5197","9.5520","9.5002","","-0.08%"
"02/10/2015","9.5200","9.5048","9.5341","9.4844","","0.15%"
"02/09/2015","9.5060","9.5228","9.5416","9.4954","","-0.14%"
"02/06/2015","9.5193","9.5845","9.5908","9.4972","","-0.66%"
"02/05/2015","9.5829","9.4853","9.5941","9.4747","","1.03%"
"02/04/2015","9.4856","9.4909","9.5290","9.4584","","-0.06%"
"02/03/2015","9.4909","9.4139","9.5113","9.3793","","0.81%"
"02/02/2015","9.4145","9.4291","9.4446","9.3926","","-0.04%"
"01/30/2015","9.4178","9.4120","9.4371","9.3685","","0.06%"
"01/29/2015","9.4117","9.4585","9.4745","9.3807","","-0.47%"
"01/28/2015","9.4566","9.4886","9.5095","9.4526","","-0.33%"
"01/27/2015","9.4883","9.4314","9.5054","9.4027","","0.60%"
"01/26/2015","9.4313","9.3349","9.4467","9.3271","","1.02%"
"01/23/2015","9.3362","9.3197","9.3654","9.3116","","0.18%"
"01/22/2015","9.3193","9.4057","9.4454","9.2954","","-0.92%"
"01/21/2015","9.4060","9.4111","9.4361","9.3644","","-0.05%"
"01/20/2015","9.4111","9.3986","9.4456","9.3561","","0.13%"
"01/19/2015","9.3986","9.4154","9.4415","9.3834","","-0.06%"
"01/16/2015","9.4039","9.3926","9.4570","9.3571","","0.07%"
"01/15/2015","9.3969","9.4392","9.4470","9.3741","","-0.44%"
"01/14/2015","9.4380","9.3957","9.4619","9.3825","","0.46%"
"01/13/2015","9.3948","9.4112","9.4217","9.3431","","-0.18%"
"01/12/2015","9.4115","9.4274","9.4339","9.3656","","-0.01%"
"01/09/2015","9.4128","9.3768","9.4224","9.3628","","0.38%"
"01/08/2015","9.3768","9.3881","9.3958","9.3415","","-0.12%"
"01/07/2015","9.3877","9.4136","9.4163","9.3533","","-0.28%"
"01/06/2015","9.4136","9.4864","9.4970","9.4068","","-0.76%"
"01/05/2015","9.4861","9.5159","9.5293","9.4407","","-0.28%"
"01/02/2015","9.5124","9.6716","9.6731","9.5117","","-1.40%"
"01/01/2015","9.6477","9.6676","9.6697","9.6471","","-0.19%"
"12/31/2014","9.6660","9.6497","9.6946","9.6365","","0.17%"
"12/30/2014","9.6497","9.6542","9.6767","9.6221","","-0.04%"
"12/29/2014","9.6539","9.6719","9.7076","9.6489","","-0.12%"
"12/26/2014","9.6651","9.6289","9.6726","9.6289","","0.38%"
"12/25/2014","9.6289","9.6701","9.6765","9.6225","","-0.43%"
"12/24/2014","9.6707","9.6638","9.6745","9.6496","","0.07%"
"12/23/2014","9.6644","9.6994","9.7180","9.6413","","-0.36%"
"12/22/2014","9.6994","9.7151","9.7434","9.6885","","-0.24%"
"12/19/2014","9.7226","9.7388","9.7616","9.7054","","-0.17%"
"12/18/2014","9.7387","9.6515","9.7434","9.6438","","0.90%"
"12/17/2014","9.6518","9.7479","9.7531","9.6333","","-0.99%"
"12/16/2014","9.7481","9.6807","9.7710","9.6615","","0.70%"
"12/15/2014","9.6804","9.7264","9.7444","9.6575","","-0.47%"
"12/12/2014","9.7261","9.7359","9.7474","9.7097","","-0.10%"
"12/11/2014","9.7356","9.7068","9.7387","9.6855","","0.29%"
"12/10/2014","9.7070","9.6969","9.7104","9.6642","","0.11%"
"12/09/2014","9.6968","9.6635","9.7263","9.6515","","0.35%"
"12/08/2014","9.6626","9.5866","9.6793","9.5703","","0.82%"
"12/05/2014","9.5841","9.6461","9.6537","9.5749","","-0.64%"
"12/04/2014","9.6461","9.6471","9.6794","9.6273","","-0.01%"
"12/03/2014","9.6471","9.6157","9.6681","9.6031","","0.33%"
"12/02/2014","9.6154","9.6774","9.6860","9.6120","","-0.64%"
"12/01/2014","9.6771","9.6144","9.6983","9.5750","","0.67%"
"11/28/2014","9.6131","9.6602","9.6728","9.5913","","-0.49%"
"11/27/2014","9.6602","9.6951","9.7157","9.6482","","-0.36%"
"11/26/2014","9.6948","9.6395","9.7040","9.6251","","0.58%"
"11/25/2014","9.6392","9.6471","9.6567","9.6046","","-0.07%"
"11/24/2014","9.6459","9.5913","9.6523","9.5748","","0.60%"
"11/21/2014","9.5888","9.6090","9.6194","9.5711","","-0.23%"
"11/20/2014","9.6105","9.5966","9.6369","9.5742","","0.14%"
"11/19/2014","9.5966","9.5688","9.6208","9.5400","","0.28%"
"11/18/2014","9.5697","9.5790","9.5985","9.5670","","-0.10%"
"11/17/2014","9.5790","9.6052","9.6408","9.5659","","-0.27%"
"11/14/2014","9.6046","9.6230","9.6239","9.5574","","-0.19%"
"11/13/2014","9.6227","9.6681","9.6687","9.6120","","-0.47%"
"11/12/2014","9.6680","9.7505","9.7662","9.6644","","-0.84%"
"11/11/2014","9.7496","9.6945","9.7658","9.6911","","0.57%"
"11/10/2014","9.6945","9.7202","9.7401","9.6930","","-0.25%"
"11/07/2014","9.7189","9.6761","9.7275","9.6678","","0.44%"
"11/06/2014","9.6761","9.7677","9.7828","9.6709","","-0.94%"
"11/05/2014","9.7680","9.7862","9.7933","9.7020","","-0.19%"
"11/04/2014","9.7865","9.7722","9.7948","9.7676","","0.15%"
"11/03/2014","9.7721","9.7665","9.8019","9.7356","","-0.07%"
"10/31/2014","9.7787","9.7838","9.7930","9.7448","","-0.05%"
"10/30/2014","9.7835","9.7862","9.8074","9.7533","","-0.01%"
"10/29/2014","9.7846","9.8628","9.8773","9.7792","","-0.77%"
"10/28/2014","9.8610","9.8601","9.8937","9.8347","","0.01%"
"10/27/2014","9.8601","9.8472","9.8776","9.8353","","0.18%"
"10/24/2014","9.8426","9.8102","9.8482","9.7985","","0.33%"
"10/23/2014","9.8102","9.8198","9.8285","9.7875","","-0.10%"
"10/22/2014","9.8201","9.8616","9.8702","9.7955","","-0.42%"
"10/21/2014","9.8618","9.8988","9.9081","9.8603","","-0.37%"
"10/20/2014","9.8987","9.8559","9.9082","9.8461","","0.43%"
"10/17/2014","9.8562","9.8514","9.8761","9.8187","","0.05%"
"10/16/2014","9.8511","9.8146","9.8572","9.7611","","0.37%"
"10/15/2014","9.8146","9.7420","9.8444","9.7233","","0.74%"
"10/14/2014","9.7423","9.8532","9.8645","9.7374","","-1.12%"
"10/13/2014","9.8528","9.8572","9.8842","9.8318","","-0.04%"
"10/10/2014","9.8572","9.8815","9.8960","9.8146","","-0.25%"
"10/09/2014","9.8815","9.9264","9.9477","9.8717","","-0.44%"
"10/08/2014","9.9255","9.8814","9.9345","9.8411","","0.45%"
"10/07/2014","9.8810","9.8734","9.9022","9.8378","","0.07%"
"10/06/2014","9.8740","9.7979","9.8835","9.7871","","0.75%"
"10/03/2014","9.8006","9.9100","9.9199","9.7930","","-1.10%"
"10/02/2014","9.9097","9.9355","9.9757","9.8900","","-0.26%"
"10/01/2014","9.9358","9.9527","9.9766","9.9208","","-0.17%"
"09/30/2014","9.9526","9.9883","10.0116","9.9232","","-0.36%"
"09/29/2014","9.9885","9.9544","10.0095","9.9360","","0.34%"
"09/26/2014","9.9547","10.0133","10.0223","9.9483","","-0.58%"
"09/25/2014","10.0124","10.0269","10.0301","9.9873","","-0.14%"
"09/24/2014","10.0269","10.0590","10.0735","10.0189","","-0.32%"
"09/23/2014","10.0590","10.0468","10.0765","10.0077","","0.12%"
"09/22/2014","10.0465","10.0032","10.0517","10.0023","","0.44%"
"09/19/2014","10.0025","10.0714","10.1488","9.9995","","-0.68%"
"09/18/2014","10.0713","9.9921","10.0763","9.9731","","0.80%"
"09/17/2014","9.9915","10.0042","10.0428","9.9750","","-0.12%"
"09/16/2014","10.0039","9.9700","10.0255","9.9330","","0.34%"
"09/15/2014","9.9700","9.9826","9.9931","9.9572","","-0.10%"
"09/12/2014","9.9801","9.9644","9.9832","9.9409","","0.16%"
"09/11/2014","9.9643","9.9372","9.9742","9.9232","","0.27%"
"09/10/2014","9.9373","9.8837","9.9484","9.8386","","0.54%"
"09/09/2014","9.8837","9.8896","9.9156","9.8546","","-0.06%"
"09/08/2014","9.8896","9.9479","9.9688","9.8850","","-1.36%"
"09/05/2014","10.0256","10.0258","10.0339","9.9973","","0.00%"
"09/04/2014","10.0258","10.1091","10.1124","10.0239","","-0.83%"
"09/03/2014","10.1097","10.1265","10.1331","10.0950","","-0.17%"
"09/02/2014","10.1265","10.2004","10.2097","10.1240","","-0.72%"
"09/01/2014","10.2003","10.1952","10.2282","10.1876","","0.03%"
"08/29/2014","10.1970","10.1891","10.2072","10.1749","","0.08%"
"08/28/2014","10.1888","10.1834","10.2089","10.1764","","0.05%"
"08/27/2014","10.1833","10.1772","10.2021","10.1684","","0.07%"
"08/26/2014","10.1763","10.2031","10.2128","10.1754","","-0.26%"
"08/25/2014","10.2031","10.1937","10.2163","10.1663","","0.09%"
"08/22/2014","10.1937","10.1986","10.2190","10.1871","","-0.05%"
"08/21/2014","10.1989","10.1897","10.2149","10.1829","","0.09%"
"08/20/2014","10.1896","10.2050","10.2440","10.1860","","-0.15%"
"08/19/2014","10.2053","10.2770","10.2772","10.2010","","-0.69%"
"08/18/2014","10.2760","10.2798","10.2905","10.2659","","0.12%"
"08/15/2014","10.2638","10.2663","10.2694","10.2530","","-0.03%"
"08/14/2014","10.2667","10.2701","10.2735","10.2478","","-0.02%"
"08/13/2014","10.2691","10.3534","10.3703","10.2670","","-0.82%"
"08/12/2014","10.3538","10.3298","10.3563","10.3147","","0.23%"
"08/11/2014","10.3298","10.3329","10.3379","10.3210","","0.04%"
"08/08/2014","10.3261","10.3729","10.3742","10.3212","","-0.45%"
"08/07/2014","10.3729","10.3865","10.3933","10.3665","","-0.14%"
"08/06/2014","10.3874","10.4199","10.4217","10.3665","","-0.31%"
"08/05/2014","10.4199","10.4188","10.4241","10.3956","","0.01%"
"08/04/2014","10.4188","10.3951","10.4201","10.3876","","0.23%"
"08/01/2014","10.3947","10.4258","10.4365","10.3917","","-0.29%"
"07/31/2014","10.4254","10.4387","10.4529","10.4072","","-0.13%"
"07/30/2014","10.4387","10.4726","10.4831","10.4227","","-0.32%"
"07/29/2014","10.4726","10.5088","10.5126","10.4652","","-0.35%"
"07/28/2014","10.5089","10.5094","10.5197","10.4989","","-0.01%"
"07/25/2014","10.5100","10.5227","10.5343","10.5017","","-0.12%"
"07/24/2014","10.5226","10.5652","10.5659","10.5100","","-0.40%"
"07/23/2014","10.5649","10.5851","10.6019","10.5519","","-0.19%"
"07/22/2014","10.5851","10.6033","10.6064","10.5706","","-0.17%"
"07/21/2014","10.6027","10.6113","10.6146","10.5896","","-0.05%"
"07/18/2014","10.6082","10.6088","10.6282","10.5757","","-0.01%"
"07/17/2014","10.6088","10.6321","10.6372","10.5992","","-0.22%"
"07/16/2014","10.6321","10.6421","10.6478","10.6186","","-0.10%"
"07/15/2014","10.6424","10.6027","10.6731","10.5894","","0.37%"
"07/14/2014","10.6027","10.6192","10.6409","10.5934","","-0.19%"
"07/11/2014","10.6233","10.6270","10.6440","10.6072","","-0.03%"
"07/10/2014","10.6266","10.6375","10.6439","10.6090","","-0.10%"
"07/09/2014","10.6375","10.6241","10.6406","10.5978","","0.13%"
"07/08/2014","10.6241","10.6256","10.6383","10.5946","","-0.01%"
"07/07/2014","10.6256","10.6477","10.6536","10.6132","","-0.19%"
"07/04/2014","10.6458","10.6564","10.6655","10.6276","","-0.10%"
"07/03/2014","10.6564","10.6614","10.6693","10.6256","","-0.04%"
"07/02/2014","10.6608","10.6327","10.6683","10.6277","","0.26%"
"07/01/2014","10.6330","10.6119","10.6439","10.6017","","0.20%"
"06/30/2014","10.6122","10.5870","10.6187","10.5497","","0.18%"
"06/27/2014","10.5932","10.5973","10.6096","10.5755","","-0.04%"
"06/26/2014","10.5979","10.5888","10.6063","10.5698","","0.09%"
"06/25/2014","10.5881","10.5839","10.6022","10.5680","","0.04%"
"06/24/2014","10.5838","10.6008","10.6156","10.5711","","-0.16%"
"06/23/2014","10.6005","10.5907","10.6194","10.5838","","0.10%"
"06/20/2014","10.5894","10.6136","10.6308","10.5826","","-0.24%"
"06/19/2014","10.6148","10.5890","10.6294","10.5743","","0.24%"
"06/18/2014","10.5890","10.5634","10.5956","10.5469","","0.24%"
"06/17/2014","10.5640","10.5759","10.5932","10.5469","","-0.11%"
"06/16/2014","10.5756","10.5385","10.5831","10.5366","","0.39%"
"06/13/2014","10.5341","10.5270","10.5511","10.5124","","0.07%"
"06/12/2014","10.5270","10.4557","10.5292","10.4465","","0.68%"
"06/11/2014","10.4557","10.4307","10.4707","10.4189","","0.25%"
"06/10/2014","10.4298","10.4853","10.4899","10.4214","","-0.53%"
"06/09/2014","10.4856","10.5015","10.5096","10.4728","","-0.16%"
"06/06/2014","10.5024","10.5243","10.5296","10.4887","","-0.21%"
"06/05/2014","10.5243","10.4613","10.5277","10.4594","","0.60%"
"06/04/2014","10.4613","10.4765","10.4819","10.4327","","-0.14%"
"06/03/2014","10.4762","10.4630","10.4961","10.4553","","0.13%"
"06/02/2014","10.4627","10.4752","10.4793","10.4493","","-0.04%"
"05/30/2014","10.4665","10.4278","10.4831","10.4256","","0.37%"
"05/29/2014","10.4278","10.4511","10.4724","10.4203","","-0.23%"
"05/28/2014","10.4514","10.5051","10.5291","10.4426","","-0.51%"
"05/27/2014","10.5051","10.5088","10.5502","10.4872","","-0.04%"
"05/26/2014","10.5088","10.4993","10.5168","10.4933","","0.09%"
"05/23/2014","10.4989","10.5189","10.5294","10.4846","","-0.19%"
"05/22/2014","10.5189","10.5347","10.5474","10.5064","","-0.16%"
"05/21/2014","10.5360","10.5037","10.5488","10.4990","","0.31%"
"05/20/2014","10.5037","10.4874","10.5209","10.4814","","0.16%"
"05/19/2014","10.4874","10.4794","10.5082","10.4778","","0.05%"
"05/16/2014","10.4819","10.4615","10.4975","10.4537","","0.20%"
"05/15/2014","10.4607","10.4438","10.4719","10.4196","","0.16%"
"05/14/2014","10.4438","10.4808","10.5147","10.4354","","-0.36%"
"05/13/2014","10.4811","10.5218","10.5343","10.4761","","-0.39%"
"05/12/2014","10.5218","10.4902","10.5443","10.4852","","0.26%"
"05/09/2014","10.4942","10.5468","10.5569","10.4820","","-0.49%"
"05/08/2014","10.5460","10.5701","10.5783","10.5398","","-0.22%"
"05/07/2014","10.5697","10.5697","10.5918","10.5535","","0.01%"
"05/06/2014","10.5688","10.5331","10.5826","10.5174","","0.33%"
"05/05/2014","10.5338","10.5583","10.5720","10.5247","","-0.22%"
"05/02/2014","10.5573","10.5739","10.5771","10.5295","","-0.16%"
"05/01/2014","10.5739","10.5611","10.5914","10.5589","","0.12%"
"04/30/2014","10.5614","10.5308","10.5793","10.5119","","0.29%"
"04/29/2014","10.5307","10.5103","10.5442","10.5085","","0.20%"
"04/28/2014","10.5097","10.5034","10.5413","10.4860","","0.00%"
"04/25/2014","10.5093","10.5010","10.5249","10.4969","","0.07%"
"04/24/2014","10.5016","10.4690","10.5025","10.4640","","0.32%"
"04/23/2014","10.4684","10.4935","10.5134","10.4553","","-0.24%"
"04/22/2014","10.4937","10.4567","10.5047","10.4524","","0.35%"
"04/21/2014","10.4571","10.4490","10.4865","10.4453","","-0.04%"
"04/18/2014","10.4614","10.4443","10.4614","10.4316","","0.17%"
"04/17/2014","10.4437","10.4501","10.4774","10.4393","","-0.07%"
"04/16/2014","10.4507","10.4103","10.4641","10.4021","","0.40%"
"04/15/2014","10.4094","10.4043","10.4218","10.3774","","0.05%"
"04/14/2014","10.4043","10.3801","10.4136","10.3770","","0.10%"
"04/11/2014","10.3938","10.4278","10.4322","10.3838","","-0.33%"
"04/10/2014","10.4278","10.4129","10.4340","10.4060","","0.14%"
"04/09/2014","10.4129","10.3782","10.4179","10.3579","","0.33%"
"04/08/2014","10.3785","10.3190","10.3835","10.3096","","0.58%"
"04/07/2014","10.3186","10.2963","10.3280","10.2901","","0.18%"
"04/04/2014","10.2997","10.3082","10.3170","10.2836","","-0.09%"
"04/03/2014","10.3088","10.3181","10.3439","10.2908","","-0.09%"
"04/02/2014","10.3178","10.3193","10.3408","10.3057","","-0.04%"
"04/01/2014","10.3218","10.3585","10.3703","10.3144","","-0.37%"
"03/31/2014","10.3600","10.3433","10.3737","10.3277","","0.23%"
"03/28/2014","10.3359","10.3187","10.3449","10.3110","","0.15%"
"03/27/2014","10.3208","10.2977","10.3438","10.2800","","0.21%"
"03/26/2014","10.2992","10.2505","10.3070","10.2401","","0.47%"
"03/25/2014","10.2508","10.2226","10.2641","10.1911","","0.29%"
"03/24/2014","10.2216","10.2648","10.2701","10.2018","","-0.40%"
"03/21/2014","10.2629","10.2789","10.2889","10.2509","","-0.16%"
"03/20/2014","10.2789","10.2488","10.3197","10.2383","","0.29%"
"03/19/2014","10.2487","10.2745","10.3185","10.2270","","-0.25%"
"03/18/2014","10.2745","10.2777","10.2997","10.2448","","-0.04%"
"03/17/2014","10.2783","10.2358","10.2972","10.2248","","0.39%"
"03/14/2014","10.2380","10.2011","10.2404","10.1928","","0.36%"
"03/13/2014","10.2013","10.2128","10.2581","10.1916","","-0.12%"
"03/12/2014","10.2134","10.2023","10.2252","10.1808","","0.10%"
"03/11/2014","10.2032","10.2176","10.2226","10.1900","","-0.15%"
"03/10/2014","10.2189","10.2416","10.2883","10.2032","","-0.19%"
"03/07/2014","10.2387","10.2428","10.2838","10.2069","","-0.03%"
"03/06/2014","10.2421","10.2480","10.2651","10.2085","","-0.05%"
"03/05/2014","10.2474","10.2380","10.2602","10.2022","","0.10%"
"03/04/2014","10.2376","10.2440","10.2748","10.2294","","-0.06%"
"03/03/2014","10.2440","10.2912","10.3111","10.2357","","-0.45%"
"02/28/2014","10.2902","10.2265","10.3053","10.2225","","0.61%"
"02/27/2014","10.2274","10.2122","10.2339","10.1833","","0.15%"
"02/26/2014","10.2116","10.2158","10.2315","10.1801","","-0.04%"
"02/25/2014","10.2160","10.1579","10.2451","10.1505","","0.57%"
"02/24/2014","10.1579","10.1249","10.1723","10.1128","","0.36%"
"02/21/2014","10.1218","10.1292","10.1886","10.1188","","-0.07%"
"02/20/2014","10.1292","10.1359","10.1588","10.1140","","-0.07%"
"02/19/2014","10.1358","10.1228","10.1682","10.1091","","0.13%"
"02/18/2014","10.1230","10.1358","10.1545","10.1052","","-0.12%"
"02/17/2014","10.1355","10.1598","10.2019","10.1237","","-0.24%"
"02/14/2014","10.1598","10.1014","10.1663","10.0880","","0.58%"
"02/13/2014","10.1017","10.0608","10.1105","10.0588","","0.41%"
"02/12/2014","10.0609","9.9703","10.0642","9.9572","","0.91%"
"02/11/2014","9.9697","9.9383","9.9931","9.9339","","0.32%"
"02/10/2014","9.9382","9.9501","9.9572","9.9264","","-0.13%"
"02/07/2014","9.9509","9.8930","9.9558","9.8837","","0.59%"
"02/06/2014","9.8930","9.8851","9.9094","9.8621","","0.08%"
"02/05/2014","9.8851","9.8948","9.9054","9.8500","","-0.10%"
"02/04/2014","9.8948","9.8830","9.9070","9.8532","","0.13%"
"02/03/2014","9.8824","9.9682","9.9688","9.8727","","-0.79%"
"01/31/2014","9.9615","9.9912","10.0000","9.9564","","-0.30%"
"01/30/2014","9.9915","10.0296","10.0359","9.9670","","-0.38%"
"01/29/2014","10.0296","10.0314","10.0572","10.0072","","-0.02%"
"01/28/2014","10.0317","10.0304","10.0587","10.0054","","0.01%"
"01/27/2014","10.0304","9.9706","10.0334","9.9646","","0.60%"
"01/24/2014","9.9706","10.0683","10.0822","9.9676","","-0.97%"
"01/23/2014","10.0683","10.0300","10.0728","10.0189","","0.38%"
"01/22/2014","10.0300","9.9689","10.0373","9.9539","","0.61%"
"01/21/2014","9.9689","9.9456","9.9752","9.9226","","0.23%"
"01/20/2014","9.9456","9.9357","9.9588","9.9197","","0.08%"
"01/17/2014","9.9372","9.9039","9.9581","9.8672","","0.34%"
"01/16/2014","9.9036","9.8979","9.9209","9.8779","","0.05%"
"01/15/2014","9.8982","9.9315","9.9387","9.8683","","-0.34%"
"01/14/2014","9.9320","9.9008","9.9469","9.8869","","0.32%"
"01/13/2014","9.9005","9.9739","9.9836","9.8793","","-0.75%"
"01/10/2014","9.9754","9.9793","9.9973","9.9258","","-0.04%"
"01/09/2014","9.9793","9.9534","9.9887","9.9489","","0.26%"
"01/08/2014","9.9531","9.9261","9.9682","9.9097","","0.28%"
"01/07/2014","9.9258","9.9297","9.9478","9.9080","","-0.04%"
"01/06/2014","9.9297","9.9315","9.9476","9.8885","","-0.05%"
"01/03/2014","9.9345","9.9549","9.9702","9.9215","","-0.21%"
"01/02/2014","9.9557","10.0293","10.0527","9.9306","","-0.73%"
"01/01/2014","10.0293","10.0239","10.0362","10.0054","","0.05%"