"Date","Price","Open","High","Low","Vol.","Change %"
"12/31/2025","1.1473","1.1464","1.1476","1.1433","","0.08%"
"12/30/2025","1.1464","1.1477","1.1492","1.1444","","-0.10%"
"12/29/2025","1.1475","1.1469","1.1484","1.1441","","0.07%"
"12/26/2025","1.1467","1.1479","1.1482","1.1445","","-0.13%"
"12/25/2025","1.1482","1.1462","1.1489","1.1461","","0.13%"
"12/24/2025","1.1467","1.1463","1.1473","1.1444","","0.05%"
"12/23/2025","1.1461","1.1452","1.1470","1.1441","","0.12%"
"12/22/2025","1.1447","1.1423","1.1462","1.1410","","0.18%"
"12/19/2025","1.1426","1.1415","1.1430","1.1395","","0.09%"
"12/18/2025","1.1416","1.1393","1.1450","1.1378","","0.20%"
"12/17/2025","1.1393","1.1427","1.1431","1.1366","","-0.31%"
"12/16/2025","1.1428","1.1381","1.1434","1.1365","","0.42%"
"12/15/2025","1.1380","1.1389","1.1406","1.1376","","-0.09%"
"12/12/2025","1.1390","1.1405","1.1416","1.1372","","-0.13%"
"12/11/2025","1.1405","1.1443","1.1449","1.1400","","-0.33%"
"12/10/2025","1.1443","1.1442","1.1458","1.1426","","0.05%"
"12/09/2025","1.1437","1.1448","1.1471","1.1431","","-0.09%"
"12/08/2025","1.1447","1.1448","1.1468","1.1419","","-0.03%"
"12/05/2025","1.1450","1.1445","1.1469","1.1437","","0.04%"
"12/04/2025","1.1445","1.1442","1.1467","1.1420","","0.04%"
"12/03/2025","1.1440","1.1366","1.1447","1.1359","","0.63%"
"12/02/2025","1.1368","1.1380","1.1390","1.1360","","-0.12%"
"12/01/2025","1.1382","1.1416","1.1425","1.1370","","-0.30%"
"11/28/2025","1.1416","1.1418","1.1435","1.1396","","-0.02%"
"11/27/2025","1.1418","1.1420","1.1436","1.1401","","-0.02%"
"11/26/2025","1.1420","1.1379","1.1425","1.1339","","0.36%"
"11/25/2025","1.1379","1.1374","1.1410","1.1363","","0.04%"
"11/24/2025","1.1374","1.1373","1.1387","1.1336","","-0.03%"
"11/21/2025","1.1377","1.1340","1.1391","1.1323","","0.33%"
"11/20/2025","1.1340","1.1319","1.1372","1.1310","","0.19%"
"11/19/2025","1.1319","1.1351","1.1363","1.1312","","-0.28%"
"11/18/2025","1.1351","1.1350","1.1360","1.1332","","0.02%"
"11/17/2025","1.1349","1.1335","1.1375","1.1311","","0.12%"
"11/14/2025","1.1335","1.1340","1.1349","1.1277","","-0.04%"
"11/13/2025","1.1340","1.1329","1.1346","1.1306","","0.11%"
"11/12/2025","1.1328","1.1355","1.1361","1.1313","","-0.24%"
"11/11/2025","1.1355","1.1400","1.1405","1.1345","","-0.39%"
"11/10/2025","1.1399","1.1379","1.1406","1.1358","","0.18%"
"11/07/2025","1.1379","1.1376","1.1388","1.1341","","0.03%"
"11/06/2025","1.1376","1.1356","1.1382","1.1337","","0.18%"
"11/05/2025","1.1355","1.1341","1.1367","1.1324","","0.12%"
"11/04/2025","1.1341","1.1407","1.1414","1.1334","","-0.57%"
"11/03/2025","1.1406","1.1397","1.1414","1.1381","","0.02%"
"10/31/2025","1.1404","1.1374","1.1405","1.1339","","0.26%"
"10/30/2025","1.1374","1.1374","1.1383","1.1345","","0.01%"
"10/29/2025","1.1373","1.1391","1.1397","1.1338","","-0.16%"
"10/28/2025","1.1391","1.1452","1.1462","1.1375","","-0.53%"
"10/27/2025","1.1452","1.1451","1.1473","1.1440","","0.01%"
"10/24/2025","1.1451","1.1471","1.1489","1.1430","","-0.17%"
"10/23/2025","1.1471","1.1504","1.1519","1.1464","","-0.29%"
"10/22/2025","1.1504","1.1528","1.1536","1.1475","","-0.21%"
"10/21/2025","1.1528","1.1515","1.1536","1.1500","","0.11%"
"10/20/2025","1.1515","1.1511","1.1528","1.1498","","-0.07%"
"10/17/2025","1.1523","1.1494","1.1529","1.1460","","0.25%"
"10/16/2025","1.1494","1.1507","1.1544","1.1487","","-0.11%"
"10/15/2025","1.1507","1.1475","1.1517","1.1464","","0.28%"
"10/14/2025","1.1475","1.1523","1.1541","1.1463","","-0.43%"
"10/13/2025","1.1524","1.1497","1.1532","1.1467","","0.23%"
"10/10/2025","1.1497","1.1505","1.1515","1.1459","","-0.07%"
"10/09/2025","1.1505","1.1532","1.1536","1.1494","","-0.21%"
"10/08/2025","1.1529","1.1517","1.1555","1.1511","","0.10%"
"10/07/2025","1.1517","1.1516","1.1526","1.1486","","0.02%"
"10/06/2025","1.1515","1.1479","1.1532","1.1452","","0.31%"
"10/03/2025","1.1479","1.1471","1.1487","1.1453","","0.07%"
"10/02/2025","1.1471","1.1490","1.1496","1.1452","","-0.17%"
"10/01/2025","1.1490","1.1459","1.1515","1.1437","","0.27%"
"09/30/2025","1.1459","1.1450","1.1467","1.1433","","0.08%"
"09/29/2025","1.1450","1.1455","1.1477","1.1431","","-0.04%"
"09/26/2025","1.1455","1.1439","1.1469","1.1429","","0.14%"
"09/25/2025","1.1439","1.1455","1.1466","1.1420","","-0.14%"
"09/24/2025","1.1455","1.1449","1.1466","1.1433","","0.06%"
"09/23/2025","1.1448","1.1450","1.1473","1.1431","","-0.01%"
"09/22/2025","1.1449","1.1468","1.1488","1.1446","","-0.17%"
"09/19/2025","1.1468","1.1500","1.1509","1.1455","","-0.28%"
"09/18/2025","1.1500","1.1536","1.1545","1.1494","","-0.30%"
"09/17/2025","1.1535","1.1500","1.1551","1.1494","","0.30%"
"09/16/2025","1.1500","1.1560","1.1569","1.1496","","-0.54%"
"09/15/2025","1.1563","1.1555","1.1586","1.1545","","0.07%"
"09/12/2025","1.1555","1.1569","1.1576","1.1538","","-0.12%"
"09/11/2025","1.1569","1.1570","1.1584","1.1541","","-0.01%"
"09/10/2025","1.1570","1.1553","1.1595","1.1545","","0.14%"
"09/09/2025","1.1554","1.1514","1.1557","1.1512","","0.34%"
"09/08/2025","1.1515","1.1528","1.1546","1.1513","","-0.11%"
"09/05/2025","1.1528","1.1532","1.1566","1.1505","","-0.03%"
"09/04/2025","1.1532","1.1530","1.1553","1.1517","","0.02%"
"09/03/2025","1.1530","1.1507","1.1534","1.1475","","0.20%"
"09/02/2025","1.1507","1.1566","1.1574","1.1475","","-0.52%"
"09/01/2025","1.1567","1.1556","1.1580","1.1530","","0.10%"
"08/29/2025","1.1556","1.1567","1.1585","1.1527","","-0.10%"
"08/28/2025","1.1567","1.1597","1.1610","1.1561","","-0.26%"
"08/27/2025","1.1597","1.1578","1.1616","1.1569","","0.15%"
"08/26/2025","1.1580","1.1581","1.1600","1.1558","","-0.01%"
"08/25/2025","1.1581","1.1545","1.1593","1.1527","","0.31%"
"08/22/2025","1.1545","1.1556","1.1599","1.1529","","-0.10%"
"08/21/2025","1.1557","1.1555","1.1574","1.1538","","0.06%"
"08/20/2025","1.1550","1.1584","1.1618","1.1536","","-0.28%"
"08/19/2025","1.1583","1.1580","1.1593","1.1562","","0.02%"
"08/18/2025","1.1581","1.1590","1.1605","1.1564","","-0.04%"
"08/15/2025","1.1586","1.1618","1.1623","1.1576","","-0.28%"
"08/14/2025","1.1619","1.1597","1.1642","1.1586","","0.19%"
"08/13/2025","1.1597","1.1564","1.1606","1.1553","","0.28%"
"08/12/2025","1.1565","1.1563","1.1609","1.1553","","0.01%"
"08/11/2025","1.1564","1.1554","1.1574","1.1525","","0.08%"
"08/08/2025","1.1555","1.1524","1.1560","1.1516","","0.27%"
"08/07/2025","1.1524","1.1456","1.1545","1.1435","","0.59%"
"08/06/2025","1.1456","1.1492","1.1502","1.1449","","-0.30%"
"08/05/2025","1.1490","1.1482","1.1525","1.1474","","0.07%"
"08/04/2025","1.1482","1.1469","1.1516","1.1445","","0.17%"
"08/01/2025","1.1462","1.1570","1.1578","1.1454","","-0.93%"
"07/31/2025","1.1570","1.1604","1.1617","1.1546","","-0.32%"
"07/30/2025","1.1607","1.1565","1.1614","1.1546","","0.37%"
"07/29/2025","1.1564","1.1530","1.1574","1.1511","","0.33%"
"07/28/2025","1.1526","1.1439","1.1543","1.1408","","0.71%"
"07/25/2025","1.1445","1.1500","1.1517","1.1435","","-0.48%"
"07/24/2025","1.1500","1.1533","1.1542","1.1478","","-0.32%"
"07/23/2025","1.1537","1.1513","1.1568","1.1504","","0.21%"
"07/22/2025","1.1513","1.1533","1.1548","1.1500","","-0.20%"
"07/21/2025","1.1536","1.1530","1.1569","1.1517","","0.03%"
"07/18/2025","1.1533","1.1570","1.1579","1.1529","","-0.32%"
"07/17/2025","1.1570","1.1534","1.1582","1.1519","","0.29%"
"07/16/2025","1.1536","1.1536","1.1566","1.1492","","0.00%"
"07/15/2025","1.1536","1.1512","1.1550","1.1497","","0.21%"
"07/14/2025","1.1512","1.1581","1.1594","1.1497","","-0.32%"
"07/11/2025","1.1549","1.1603","1.1618","1.1532","","-0.47%"
"07/10/2025","1.1604","1.1593","1.1618","1.1578","","0.09%"
"07/09/2025","1.1593","1.1593","1.1624","1.1582","","0.00%"
"07/08/2025","1.1593","1.1615","1.1628","1.1568","","-0.19%"
"07/07/2025","1.1615","1.1592","1.1635","1.1566","","0.21%"
"07/04/2025","1.1591","1.1615","1.1618","1.1576","","-0.22%"
"07/03/2025","1.1616","1.1557","1.1637","1.1553","","0.52%"
"07/02/2025","1.1556","1.1643","1.1660","1.1532","","-0.75%"
"07/01/2025","1.1643","1.1652","1.1688","1.1626","","-0.08%"
"06/30/2025","1.1652","1.1708","1.1715","1.1644","","-0.44%"
"06/27/2025","1.1703","1.1736","1.1755","1.1689","","-0.26%"
"06/26/2025","1.1734","1.1720","1.1744","1.1708","","0.13%"
"06/25/2025","1.1719","1.1727","1.1750","1.1710","","-0.08%"
"06/24/2025","1.1728","1.1682","1.1740","1.1665","","0.39%"
"06/23/2025","1.1682","1.1715","1.1717","1.1659","","0.08%"
"06/20/2025","1.1673","1.1716","1.1731","1.1668","","-0.37%"
"06/19/2025","1.1716","1.1696","1.1729","1.1680","","0.22%"
"06/18/2025","1.1690","1.1696","1.1709","1.1675","","-0.05%"
"06/17/2025","1.1696","1.1746","1.1752","1.1687","","-0.40%"
"06/16/2025","1.1743","1.1766","1.1770","1.1718","","0.00%"
"06/13/2025","1.1743","1.1751","1.1776","1.1719","","-0.07%"
"06/12/2025","1.1751","1.1799","1.1802","1.1698","","-0.35%"
"06/11/2025","1.1792","1.1814","1.1835","1.1778","","-0.19%"
"06/10/2025","1.1814","1.1864","1.1885","1.1806","","-0.41%"
"06/09/2025","1.1863","1.1865","1.1887","1.1858","","-0.06%"
"06/06/2025","1.1870","1.1858","1.1884","1.1843","","0.11%"
"06/05/2025","1.1857","1.1874","1.1892","1.1835","","-0.12%"
"06/04/2025","1.1871","1.1887","1.1896","1.1856","","-0.14%"
"06/03/2025","1.1888","1.1838","1.1894","1.1830","","0.43%"
"06/02/2025","1.1837","1.1867","1.1875","1.1833","","-0.21%"
"05/30/2025","1.1862","1.1869","1.1902","1.1850","","-0.01%"
"05/29/2025","1.1863","1.1931","1.1973","1.1858","","-0.53%"
"05/28/2025","1.1926","1.1923","1.1936","1.1899","","0.03%"
"05/27/2025","1.1923","1.1912","1.1947","1.1903","","0.10%"
"05/26/2025","1.1911","1.1911","1.1925","1.1885","","-0.01%"
"05/23/2025","1.1912","1.1896","1.1937","1.1875","","0.13%"
"05/22/2025","1.1896","1.1843","1.1913","1.1833","","0.44%"
"05/21/2025","1.1844","1.1871","1.1875","1.1814","","-0.23%"
"05/20/2025","1.1871","1.1884","1.1899","1.1859","","-0.11%"
"05/19/2025","1.1884","1.1884","1.1903","1.1854","","-0.06%"
"05/16/2025","1.1891","1.1888","1.1917","1.1855","","0.03%"
"05/15/2025","1.1888","1.1869","1.1902","1.1844","","0.16%"
"05/14/2025","1.1869","1.1898","1.1902","1.1851","","-0.24%"
"05/13/2025","1.1897","1.1884","1.1908","1.1864","","0.11%"
"05/12/2025","1.1884","1.1860","1.1900","1.1816","","0.46%"
"05/09/2025","1.1830","1.1798","1.1831","1.1772","","0.26%"
"05/08/2025","1.1799","1.1762","1.1826","1.1731","","0.34%"
"05/07/2025","1.1759","1.1757","1.1795","1.1731","","0.02%"
"05/06/2025","1.1757","1.1749","1.1820","1.1734","","0.07%"
"05/05/2025","1.1749","1.1743","1.1761","1.1716","","-0.01%"
"05/02/2025","1.1750","1.1762","1.1783","1.1706","","-0.10%"
"05/01/2025","1.1762","1.1768","1.1796","1.1749","","-0.05%"
"04/30/2025","1.1768","1.1775","1.1793","1.1711","","-0.07%"
"04/29/2025","1.1776","1.1768","1.1786","1.1746","","0.07%"
"04/28/2025","1.1768","1.1713","1.1777","1.1685","","0.44%"
"04/25/2025","1.1717","1.1715","1.1753","1.1697","","0.02%"
"04/24/2025","1.1715","1.1715","1.1722","1.1672","","0.02%"
"04/23/2025","1.1713","1.1676","1.1726","1.1648","","0.34%"
"04/22/2025","1.1673","1.1618","1.1679","1.1610","","0.47%"
"04/21/2025","1.1618","1.1675","1.1676","1.1593","","-0.46%"
"04/18/2025","1.1672","1.1673","1.1689","1.1649","","-0.01%"
"04/17/2025","1.1673","1.1621","1.1690","1.1600","","0.48%"
"04/16/2025","1.1617","1.1727","1.1730","1.1606","","-0.95%"
"04/15/2025","1.1728","1.1622","1.1732","1.1606","","0.91%"
"04/14/2025","1.1622","1.1589","1.1631","1.1499","","0.93%"
"04/11/2025","1.1515","1.1582","1.1593","1.1440","","-0.58%"
"04/10/2025","1.1582","1.1702","1.1741","1.1545","","-1.03%"
"04/09/2025","1.1702","1.1651","1.1722","1.1541","","0.44%"
"04/08/2025","1.1651","1.1665","1.1727","1.1632","","-0.12%"
"04/07/2025","1.1665","1.1730","1.1796","1.1637","","-0.87%"
"04/04/2025","1.1767","1.1854","1.1861","1.1730","","-0.73%"
"04/03/2025","1.1854","1.1982","1.2018","1.1834","","-1.07%"
"04/02/2025","1.1982","1.1970","1.2011","1.1920","","0.08%"
"04/01/2025","1.1973","1.1942","1.1978","1.1932","","0.26%"
"03/31/2025","1.1942","1.1938","1.1979","1.1933","","-0.09%"
"03/28/2025","1.1953","1.1988","1.2028","1.1944","","-0.29%"
"03/27/2025","1.1988","1.1985","1.2017","1.1974","","0.03%"
"03/26/2025","1.1985","1.1994","1.2003","1.1938","","-0.08%"
"03/25/2025","1.1995","1.1964","1.1999","1.1955","","0.25%"
"03/24/2025","1.1965","1.1936","1.1985","1.1915","","0.18%"
"03/21/2025","1.1944","1.1949","1.1954","1.1923","","-0.04%"
"03/20/2025","1.1949","1.1919","1.1977","1.1915","","0.18%"
"03/19/2025","1.1927","1.1879","1.1934","1.1873","","0.40%"
"03/18/2025","1.1879","1.1894","1.1902","1.1862","","-0.13%"
"03/17/2025","1.1894","1.1891","1.1910","1.1878","","0.06%"
"03/14/2025","1.1887","1.1932","1.1945","1.1863","","-0.38%"
"03/13/2025","1.1932","1.1907","1.1945","1.1896","","0.21%"
"03/12/2025","1.1907","1.1861","1.1919","1.1844","","0.39%"
"03/11/2025","1.1861","1.1888","1.1893","1.1832","","-0.22%"
"03/10/2025","1.1887","1.1926","1.1940","1.1877","","-0.34%"
"03/07/2025","1.1927","1.1946","1.1950","1.1874","","-0.16%"
"03/06/2025","1.1946","1.1950","1.1964","1.1887","","-0.04%"
"03/05/2025","1.1951","1.2041","1.2052","1.1929","","-0.75%"
"03/04/2025","1.2041","1.2107","1.2123","1.2037","","-0.56%"
"03/03/2025","1.2109","1.2131","1.2131","1.2091","","-0.12%"
"02/28/2025","1.2123","1.2117","1.2135","1.2092","","0.05%"
"02/27/2025","1.2117","1.2088","1.2136","1.2083","","0.24%"
"02/26/2025","1.2088","1.2048","1.2101","1.2039","","0.33%"
"02/25/2025","1.2048","1.2061","1.2071","1.2043","","-0.11%"
"02/24/2025","1.2061","1.2038","1.2105","1.2038","","-0.13%"
"02/21/2025","1.2077","1.2064","1.2102","1.2058","","0.11%"
"02/20/2025","1.2064","1.2077","1.2095","1.2057","","-0.10%"
"02/19/2025","1.2076","1.2074","1.2100","1.2062","","0.02%"
"02/18/2025","1.2074","1.2041","1.2079","1.2032","","0.27%"
"02/17/2025","1.2041","1.1995","1.2054","1.1989","","0.38%"
"02/14/2025","1.1995","1.2009","1.2028","1.1992","","-0.12%"
"02/13/2025","1.2009","1.1980","1.2032","1.1965","","0.20%"
"02/12/2025","1.1985","1.2013","1.2020","1.1951","","-0.22%"
"02/11/2025","1.2012","1.2001","1.2018","1.1970","","0.09%"
"02/10/2025","1.2001","1.2005","1.2060","1.1994","","-0.13%"
"02/07/2025","1.2017","1.1977","1.2024","1.1960","","0.33%"
"02/06/2025","1.1977","1.2024","1.2030","1.1933","","-0.38%"
"02/05/2025","1.2023","1.2024","1.2044","1.1994","","-0.01%"
"02/04/2025","1.2024","1.2036","1.2055","1.1999","","-0.10%"
"02/03/2025","1.2036","1.1959","1.2069","1.1957","","0.64%"
"01/31/2025","1.1959","1.1953","1.1973","1.1938","","0.05%"
"01/30/2025","1.1953","1.1949","1.1966","1.1916","","0.03%"
"01/29/2025","1.1949","1.1929","1.1958","1.1919","","0.17%"
"01/28/2025","1.1929","1.1911","1.1938","1.1905","","0.15%"
"01/27/2025","1.1911","1.1891","1.1919","1.1873","","0.14%"
"01/24/2025","1.1894","1.1858","1.1900","1.1813","","0.29%"
"01/23/2025","1.1860","1.1834","1.1865","1.1822","","0.22%"
"01/22/2025","1.1834","1.1847","1.1863","1.1813","","-0.11%"
"01/21/2025","1.1847","1.1833","1.1853","1.1814","","0.12%"
"01/20/2025","1.1833","1.1853","1.1860","1.1799","","-0.11%"
"01/17/2025","1.1846","1.1886","1.1889","1.1829","","-0.34%"
"01/16/2025","1.1886","1.1900","1.1903","1.1849","","-0.12%"
"01/15/2025","1.1900","1.1851","1.1917","1.1829","","0.41%"
"01/14/2025","1.1851","1.1910","1.1930","1.1823","","-0.50%"
"01/13/2025","1.1910","1.1903","1.1927","1.1869","","-0.05%"
"01/10/2025","1.1916","1.1951","1.2010","1.1911","","-0.28%"
"01/09/2025","1.1949","1.1980","1.1989","1.1893","","-0.26%"
"01/08/2025","1.1980","1.2067","1.2074","1.1972","","-0.72%"
"01/07/2025","1.2067","1.2050","1.2077","1.2037","","0.13%"
"01/06/2025","1.2051","1.2056","1.2071","1.2020","","0.01%"
"01/03/2025","1.2050","1.2062","1.2073","1.2041","","-0.10%"
"01/02/2025","1.2062","1.2085","1.2098","1.2010","","-0.21%"
"01/01/2025","1.2087","1.2086","1.2110","1.2081","","0.01%"
"12/31/2024","1.2086","1.2060","1.2104","1.2035","","0.22%"
"12/30/2024","1.2060","1.2058","1.2090","1.2045","","-0.04%"
"12/27/2024","1.2065","1.2018","1.2075","1.2006","","0.39%"
"12/26/2024","1.2018","1.2063","1.2070","1.2011","","-0.40%"
"12/25/2024","1.2066","1.2067","1.2072","1.2043","","-0.01%"
"12/24/2024","1.2067","1.2048","1.2087","1.2041","","0.17%"
"12/23/2024","1.2047","1.2050","1.2084","1.2025","","-0.05%"
"12/20/2024","1.2053","1.2065","1.2092","1.2027","","-0.10%"
"12/19/2024","1.2065","1.2144","1.2163","1.2056","","-0.66%"
"12/18/2024","1.2145","1.2114","1.2155","1.2079","","0.25%"
"12/17/2024","1.2115","1.2065","1.2124","1.2052","","0.42%"
"12/16/2024","1.2064","1.2010","1.2091","1.2006","","0.40%"
"12/13/2024","1.2016","1.2108","1.2115","1.2012","","-0.76%"
"12/12/2024","1.2108","1.2149","1.2158","1.2086","","-0.34%"
"12/11/2024","1.2149","1.2131","1.2161","1.2105","","0.15%"
"12/10/2024","1.2131","1.2081","1.2140","1.2070","","0.41%"
"12/09/2024","1.2081","1.2064","1.2095","1.2050","","0.20%"
"12/06/2024","1.2057","1.2052","1.2080","1.2034","","0.04%"
"12/05/2024","1.2052","1.2086","1.2093","1.2044","","-0.27%"
"12/04/2024","1.2085","1.2059","1.2095","1.2044","","0.22%"
"12/03/2024","1.2058","1.2056","1.2071","1.2027","","0.02%"
"12/02/2024","1.2056","1.2044","1.2095","1.2030","","0.10%"
"11/29/2024","1.2044","1.2022","1.2048","1.2001","","0.18%"
"11/28/2024","1.2022","1.2001","1.2030","1.1989","","0.17%"
"11/27/2024","1.2001","1.1985","1.2005","1.1967","","0.14%"
"11/26/2024","1.1984","1.1978","1.2008","1.1953","","0.05%"
"11/25/2024","1.1978","1.2038","1.2092","1.1957","","-0.40%"
"11/22/2024","1.2026","1.2018","1.2098","1.1973","","0.07%"
"11/21/2024","1.2018","1.1997","1.2026","1.1987","","0.16%"
"11/20/2024","1.1999","1.1968","1.2031","1.1962","","0.25%"
"11/19/2024","1.1969","1.1961","1.2005","1.1937","","0.05%"
"11/18/2024","1.1963","1.1979","1.1993","1.1942","","-0.08%"
"11/15/2024","1.1972","1.2026","1.2034","1.1961","","-0.47%"
"11/14/2024","1.2028","1.2029","1.2042","1.2011","","-0.01%"
"11/13/2024","1.2029","1.1999","1.2040","1.1977","","0.25%"
"11/12/2024","1.1999","1.2079","1.2086","1.1995","","-0.65%"
"11/11/2024","1.2077","1.2051","1.2108","1.2043","","0.17%"
"11/08/2024","1.2056","1.2022","1.2062","1.2009","","0.31%"
"11/07/2024","1.2019","1.2004","1.2041","1.1988","","0.12%"
"11/06/2024","1.2004","1.1931","1.2030","1.1923","","0.61%"
"11/05/2024","1.1931","1.1912","1.1938","1.1905","","0.16%"
"11/04/2024","1.1912","1.1890","1.1929","1.1875","","-0.18%"
"11/01/2024","1.1933","1.1852","1.1953","1.1842","","0.68%"
"10/31/2024","1.1852","1.1941","1.1973","1.1835","","-0.74%"
"10/30/2024","1.1940","1.2031","1.2037","1.1936","","-0.76%"
"10/29/2024","1.2031","1.1998","1.2053","1.1987","","0.27%"
"10/28/2024","1.1999","1.2005","1.2022","1.1984","","-0.07%"
"10/25/2024","1.2007","1.1985","1.2014","1.1974","","0.21%"
"10/24/2024","1.1982","1.1984","1.2031","1.1970","","-0.02%"
"10/23/2024","1.1984","1.2023","1.2045","1.1982","","-0.32%"
"10/22/2024","1.2023","1.2006","1.2030","1.1980","","0.14%"
"10/21/2024","1.2006","1.2017","1.2018","1.1989","","-0.04%"
"10/18/2024","1.2011","1.2013","1.2056","1.1995","","0.00%"
"10/17/2024","1.2011","1.1959","1.2024","1.1945","","0.43%"
"10/16/2024","1.1959","1.2004","1.2012","1.1931","","-0.37%"
"10/15/2024","1.2003","1.1971","1.2015","1.1965","","0.27%"
"10/14/2024","1.1971","1.1953","1.1981","1.1940","","0.20%"
"10/11/2024","1.1947","1.1942","1.1957","1.1926","","0.04%"
"10/10/2024","1.1942","1.1949","1.1979","1.1922","","-0.05%"
"10/09/2024","1.1948","1.1934","1.1953","1.1919","","0.13%"
"10/08/2024","1.1933","1.1921","1.1945","1.1896","","0.10%"
"10/07/2024","1.1921","1.1953","1.1971","1.1904","","-0.26%"
"10/04/2024","1.1952","1.1896","1.1974","1.1890","","0.45%"
"10/03/2024","1.1898","1.2013","1.2017","1.1855","","-0.96%"
"10/02/2024","1.2013","1.2004","1.2020","1.1991","","0.08%"
"10/01/2024","1.2003","1.2012","1.2035","1.1980","","-0.07%"
"09/30/2024","1.2012","1.1975","1.2032","1.1959","","0.27%"
"09/27/2024","1.1980","1.2003","1.2018","1.1974","","-0.19%"
"09/26/2024","1.2003","1.1968","1.2012","1.1959","","0.29%"
"09/25/2024","1.1968","1.1996","1.2003","1.1942","","-0.23%"
"09/24/2024","1.1996","1.2011","1.2025","1.1989","","-0.12%"
"09/23/2024","1.2011","1.1934","1.2016","1.1918","","0.65%"
"09/20/2024","1.1934","1.1902","1.1938","1.1892","","0.27%"
"09/19/2024","1.1902","1.1884","1.1919","1.1870","","0.16%"
"09/18/2024","1.1883","1.1841","1.1908","1.1828","","0.34%"
"09/17/2024","1.1843","1.1872","1.1881","1.1827","","-0.24%"
"09/16/2024","1.1872","1.1849","1.1879","1.1839","","0.20%"
"09/13/2024","1.1848","1.1852","1.1868","1.1829","","-0.03%"
"09/12/2024","1.1851","1.1845","1.1859","1.1825","","0.06%"
"09/11/2024","1.1844","1.1870","1.1884","1.1814","","-0.22%"
"09/10/2024","1.1870","1.1848","1.1872","1.1835","","0.19%"
"09/09/2024","1.1848","1.1845","1.1862","1.1831","","0.06%"
"09/06/2024","1.1841","1.1862","1.1893","1.1835","","-0.17%"
"09/05/2024","1.1861","1.1862","1.1881","1.1849","","-0.01%"
"09/04/2024","1.1862","1.1874","1.1894","1.1853","","-0.11%"
"09/03/2024","1.1875","1.1877","1.1899","1.1853","","-0.02%"
"09/02/2024","1.1877","1.1886","1.1892","1.1856","","-0.07%"
"08/30/2024","1.1885","1.1885","1.1907","1.1864","","-0.03%"
"08/29/2024","1.1888","1.1864","1.1905","1.1854","","0.22%"
"08/28/2024","1.1862","1.1856","1.1893","1.1850","","0.06%"
"08/27/2024","1.1855","1.1818","1.1862","1.1807","","0.31%"
"08/26/2024","1.1818","1.1810","1.1837","1.1796","","0.10%"
"08/23/2024","1.1806","1.1780","1.1837","1.1773","","0.21%"
"08/22/2024","1.1781","1.1743","1.1798","1.1731","","0.32%"
"08/21/2024","1.1743","1.1710","1.1755","1.1701","","0.28%"
"08/20/2024","1.1710","1.1719","1.1746","1.1708","","-0.08%"
"08/19/2024","1.1719","1.1743","1.1756","1.1716","","-0.16%"
"08/16/2024","1.1738","1.1715","1.1753","1.1712","","0.20%"
"08/15/2024","1.1715","1.1648","1.1719","1.1643","","0.58%"
"08/14/2024","1.1648","1.1702","1.1712","1.1636","","-0.44%"
"08/13/2024","1.1700","1.1678","1.1724","1.1673","","0.19%"
"08/12/2024","1.1678","1.1686","1.1707","1.1668","","-0.12%"
"08/09/2024","1.1692","1.1677","1.1698","1.1655","","0.13%"
"08/08/2024","1.1677","1.1620","1.1685","1.1593","","0.49%"
"08/07/2024","1.1620","1.1610","1.1662","1.1606","","0.08%"
"08/06/2024","1.1611","1.1666","1.1683","1.1605","","-0.46%"
"08/05/2024","1.1665","1.1718","1.1734","1.1598","","-0.56%"
"08/02/2024","1.1731","1.1808","1.1816","1.1715","","-0.64%"
"08/01/2024","1.1806","1.1875","1.1881","1.1801","","-0.59%"
"07/31/2024","1.1876","1.1868","1.1883","1.1833","","0.07%"
"07/30/2024","1.1868","1.1886","1.1892","1.1860","","-0.14%"
"07/29/2024","1.1885","1.1856","1.1890","1.1816","","0.29%"
"07/26/2024","1.1851","1.1848","1.1868","1.1833","","0.02%"
"07/25/2024","1.1849","1.1907","1.1917","1.1846","","-0.49%"
"07/24/2024","1.1907","1.1893","1.1917","1.1877","","0.12%"
"07/23/2024","1.1893","1.1873","1.1911","1.1864","","0.17%"
"07/22/2024","1.1873","1.1875","1.1888","1.1856","","-0.03%"
"07/19/2024","1.1877","1.1881","1.1890","1.1856","","-0.03%"
"07/18/2024","1.1881","1.1894","1.1902","1.1871","","-0.10%"
"07/17/2024","1.1893","1.1903","1.1931","1.1888","","-0.03%"
"07/16/2024","1.1897","1.1903","1.1912","1.1887","","-0.06%"
"07/15/2024","1.1904","1.1913","1.1923","1.1881","","-0.08%"
"07/12/2024","1.1913","1.1883","1.1919","1.1872","","0.26%"
"07/11/2024","1.1882","1.1864","1.1889","1.1825","","0.16%"
"07/10/2024","1.1863","1.1824","1.1871","1.1818","","0.33%"
"07/09/2024","1.1824","1.1827","1.1848","1.1818","","-0.07%"
"07/08/2024","1.1832","1.1852","1.1856","1.1818","","0.07%"
"07/05/2024","1.1824","1.1801","1.1835","1.1792","","0.18%"
"07/04/2024","1.1803","1.1812","1.1827","1.1798","","-0.09%"
"07/03/2024","1.1814","1.1797","1.1835","1.1793","","0.08%"
"07/02/2024","1.1805","1.1778","1.1814","1.1769","","0.23%"
"07/01/2024","1.1778","1.1785","1.1818","1.1764","","-0.19%"
"06/28/2024","1.1800","1.1810","1.1833","1.1787","","-0.08%"
"06/27/2024","1.1810","1.1817","1.1832","1.1796","","-0.06%"
"06/26/2024","1.1817","1.1840","1.1860","1.1813","","-0.19%"
"06/25/2024","1.1839","1.1815","1.1865","1.1809","","0.14%"
"06/24/2024","1.1822","1.1827","1.1839","1.1793","","-0.04%"
"06/21/2024","1.1827","1.1828","1.1847","1.1805","","0.00%"
"06/20/2024","1.1827","1.1839","1.1859","1.1816","","-0.09%"
"06/19/2024","1.1838","1.1833","1.1865","1.1821","","0.04%"
"06/18/2024","1.1833","1.1835","1.1846","1.1812","","-0.02%"
"06/17/2024","1.1835","1.1854","1.1856","1.1816","","-0.16%"
"06/14/2024","1.1854","1.1885","1.1911","1.1845","","-0.26%"
"06/13/2024","1.1885","1.1841","1.1890","1.1820","","0.38%"
"06/12/2024","1.1840","1.1862","1.1881","1.1813","","-0.17%"
"06/11/2024","1.1860","1.1826","1.1881","1.1807","","0.29%"
"06/10/2024","1.1826","1.1778","1.1851","1.1778","","0.41%"
"06/07/2024","1.1778","1.1745","1.1782","1.1708","","0.28%"
"06/06/2024","1.1745","1.1765","1.1770","1.1727","","-0.17%"
"06/05/2024","1.1765","1.1738","1.1772","1.1731","","0.24%"
"06/04/2024","1.1737","1.1745","1.1762","1.1729","","-0.06%"
"06/03/2024","1.1744","1.1744","1.1755","1.1713","","-0.07%"
"05/31/2024","1.1752","1.1754","1.1766","1.1707","","-0.01%"
"05/30/2024","1.1753","1.1757","1.1767","1.1738","","-0.04%"
"05/29/2024","1.1758","1.1755","1.1790","1.1740","","0.03%"
"05/28/2024","1.1755","1.1759","1.1773","1.1737","","-0.03%"
"05/27/2024","1.1759","1.1740","1.1772","1.1732","","0.14%"
"05/24/2024","1.1743","1.1743","1.1751","1.1719","","0.00%"
"05/23/2024","1.1743","1.1750","1.1774","1.1706","","-0.06%"
"05/22/2024","1.1750","1.1709","1.1763","1.1703","","0.34%"
"05/21/2024","1.1710","1.1703","1.1721","1.1692","","0.06%"
"05/20/2024","1.1703","1.1682","1.1710","1.1667","","0.18%"
"05/17/2024","1.1682","1.1659","1.1692","1.1652","","0.21%"
"05/16/2024","1.1658","1.1651","1.1665","1.1642","","0.02%"
"05/15/2024","1.1656","1.1638","1.1664","1.1624","","0.15%"
"05/14/2024","1.1638","1.1642","1.1648","1.1606","","-0.02%"
"05/13/2024","1.1640","1.1627","1.1643","1.1614","","0.11%"
"05/10/2024","1.1627","1.1616","1.1638","1.1606","","0.09%"
"05/09/2024","1.1616","1.1629","1.1643","1.1599","","-0.10%"
"05/08/2024","1.1628","1.1631","1.1643","1.1602","","-0.03%"
"05/07/2024","1.1631","1.1665","1.1675","1.1627","","-0.30%"
"05/06/2024","1.1666","1.1658","1.1689","1.1651","","0.04%"
"05/03/2024","1.1661","1.1687","1.1720","1.1645","","-0.22%"
"05/02/2024","1.1687","1.1695","1.1704","1.1674","","-0.06%"
"05/01/2024","1.1694","1.1712","1.1717","1.1682","","-0.15%"
"04/30/2024","1.1712","1.1716","1.1725","1.1676","","-0.05%"
"04/29/2024","1.1718","1.1680","1.1723","1.1666","","0.33%"
"04/26/2024","1.1680","1.1661","1.1696","1.1647","","0.14%"
"04/25/2024","1.1664","1.1650","1.1692","1.1636","","0.12%"
"04/24/2024","1.1650","1.1634","1.1652","1.1625","","0.14%"
"04/23/2024","1.1634","1.1591","1.1639","1.1565","","0.37%"
"04/22/2024","1.1591","1.1612","1.1619","1.1567","","-0.18%"
"04/19/2024","1.1612","1.1685","1.1694","1.1604","","-0.62%"
"04/18/2024","1.1684","1.1669","1.1698","1.1663","","0.13%"
"04/17/2024","1.1669","1.1702","1.1738","1.1663","","-0.28%"
"04/16/2024","1.1702","1.1715","1.1729","1.1694","","-0.11%"
"04/15/2024","1.1715","1.1700","1.1730","1.1689","","0.15%"
"04/12/2024","1.1698","1.1704","1.1728","1.1691","","-0.05%"
"04/11/2024","1.1704","1.1674","1.1710","1.1664","","0.26%"
"04/10/2024","1.1674","1.1677","1.1706","1.1656","","-0.03%"
"04/09/2024","1.1677","1.1654","1.1683","1.1648","","0.20%"
"04/08/2024","1.1654","1.1662","1.1666","1.1646","","-0.07%"
"04/05/2024","1.1662","1.1667","1.1687","1.1644","","-0.03%"
"04/04/2024","1.1666","1.1677","1.1683","1.1651","","-0.09%"
"04/03/2024","1.1677","1.1680","1.1689","1.1643","","-0.02%"
"04/02/2024","1.1679","1.1684","1.1711","1.1659","","-0.03%"
"04/01/2024","1.1683","1.1702","1.1713","1.1675","","-0.12%"
"03/29/2024","1.1697","1.1700","1.1726","1.1687","","-0.03%"
"03/28/2024","1.1701","1.1674","1.1706","1.1664","","0.23%"
"03/27/2024","1.1674","1.1658","1.1678","1.1646","","0.15%"
"03/26/2024","1.1657","1.1662","1.1672","1.1642","","-0.03%"
"03/25/2024","1.1660","1.1661","1.1677","1.1647","","-0.02%"
"03/22/2024","1.1662","1.1655","1.1675","1.1623","","0.06%"
"03/21/2024","1.1655","1.1709","1.1727","1.1649","","-0.46%"
"03/20/2024","1.1709","1.1708","1.1723","1.1683","","0.01%"
"03/19/2024","1.1708","1.1708","1.1723","1.1685","","0.01%"
"03/18/2024","1.1707","1.1696","1.1713","1.1676","","0.05%"
"03/15/2024","1.1701","1.1718","1.1723","1.1689","","-0.15%"
"03/14/2024","1.1718","1.1692","1.1721","1.1680","","0.24%"
"03/13/2024","1.1690","1.1709","1.1715","1.1681","","-0.15%"
"03/12/2024","1.1708","1.1728","1.1733","1.1668","","-0.17%"
"03/11/2024","1.1728","1.1760","1.1762","1.1714","","-0.23%"
"03/08/2024","1.1755","1.1699","1.1762","1.1695","","0.48%"
"03/07/2024","1.1699","1.1683","1.1734","1.1675","","0.15%"
"03/06/2024","1.1681","1.1703","1.1711","1.1675","","-0.18%"
"03/05/2024","1.1702","1.1691","1.1724","1.1679","","0.09%"
"03/04/2024","1.1692","1.1677","1.1698","1.1668","","0.16%"
"03/01/2024","1.1673","1.1684","1.1692","1.1645","","-0.09%"
"02/29/2024","1.1684","1.1686","1.1698","1.1665","","0.00%"
"02/28/2024","1.1684","1.1698","1.1704","1.1672","","-0.10%"
"02/27/2024","1.1696","1.1692","1.1701","1.1670","","0.04%"
"02/26/2024","1.1691","1.1706","1.1721","1.1678","","-0.18%"
"02/23/2024","1.1712","1.1694","1.1728","1.1691","","0.14%"
"02/22/2024","1.1696","1.1681","1.1703","1.1658","","0.13%"
"02/21/2024","1.1681","1.1682","1.1690","1.1664","","-0.01%"
"02/20/2024","1.1682","1.1685","1.1704","1.1655","","-0.03%"
"02/19/2024","1.1685","1.1696","1.1715","1.1679","","-0.07%"
"02/16/2024","1.1693","1.1696","1.1712","1.1673","","-0.03%"
"02/15/2024","1.1696","1.1714","1.1718","1.1664","","-0.15%"
"02/14/2024","1.1713","1.1759","1.1770","1.1696","","-0.39%"
"02/13/2024","1.1759","1.1726","1.1767","1.1694","","0.29%"
"02/12/2024","1.1725","1.1707","1.1729","1.1698","","0.13%"
"02/09/2024","1.1710","1.1706","1.1723","1.1694","","0.03%"
"02/08/2024","1.1707","1.1720","1.1727","1.1701","","-0.12%"
"02/07/2024","1.1721","1.1713","1.1745","1.1706","","0.06%"
"02/06/2024","1.1714","1.1670","1.1721","1.1661","","0.40%"
"02/05/2024","1.1667","1.1714","1.1727","1.1664","","-0.38%"
"02/02/2024","1.1712","1.1722","1.1740","1.1681","","-0.09%"
"02/01/2024","1.1722","1.1729","1.1739","1.1675","","-0.05%"
"01/31/2024","1.1728","1.1710","1.1740","1.1696","","0.16%"
"01/30/2024","1.1709","1.1732","1.1744","1.1668","","-0.19%"
"01/29/2024","1.1731","1.1711","1.1749","1.1697","","0.23%"
"01/26/2024","1.1704","1.1721","1.1734","1.1696","","-0.11%"
"01/25/2024","1.1717","1.1691","1.1738","1.1674","","0.22%"
"01/24/2024","1.1691","1.1692","1.1717","1.1662","","0.01%"
"01/23/2024","1.1690","1.1679","1.1703","1.1673","","0.09%"
"01/22/2024","1.1679","1.1663","1.1692","1.1648","","0.21%"
"01/19/2024","1.1655","1.1683","1.1693","1.1635","","-0.24%"
"01/18/2024","1.1683","1.1648","1.1692","1.1637","","0.30%"
"01/17/2024","1.1648","1.1616","1.1674","1.1601","","0.26%"
"01/16/2024","1.1618","1.1623","1.1644","1.1598","","-0.04%"
"01/15/2024","1.1623","1.1642","1.1649","1.1610","","-0.20%"
"01/12/2024","1.1646","1.1631","1.1649","1.1615","","0.15%"
"01/11/2024","1.1629","1.1612","1.1648","1.1601","","0.15%"
"01/10/2024","1.1612","1.1628","1.1637","1.1598","","-0.13%"
"01/09/2024","1.1627","1.1641","1.1649","1.1615","","-0.13%"
"01/08/2024","1.1642","1.1626","1.1648","1.1597","","0.16%"
"01/05/2024","1.1623","1.1587","1.1631","1.1569","","0.32%"
"01/04/2024","1.1586","1.1597","1.1616","1.1571","","-0.08%"
"01/03/2024","1.1595","1.1525","1.1608","1.1522","","0.55%"
"01/02/2024","1.1532","1.1524","1.1568","1.1513","","0.08%"
"01/01/2024","1.1523","1.1535","1.1545","1.1509","","-0.10%"
"12/29/2023","1.1535","1.1511","1.1550","1.1490","","0.21%"
"12/28/2023","1.1511","1.1526","1.1538","1.1471","","-0.12%"
"12/27/2023","1.1525","1.1526","1.1540","1.1494","","0.00%"
"12/26/2023","1.1525","1.1530","1.1540","1.1510","","-0.03%"
"12/25/2023","1.1528","1.1529","1.1556","1.1517","","-0.05%"
"12/22/2023","1.1534","1.1526","1.1565","1.1511","","0.07%"
"12/21/2023","1.1526","1.1553","1.1563","1.1511","","-0.23%"
"12/20/2023","1.1553","1.1595","1.1606","1.1534","","-0.35%"
"12/19/2023","1.1593","1.1575","1.1633","1.1569","","0.14%"
"12/18/2023","1.1577","1.1629","1.1641","1.1564","","-0.52%"
"12/15/2023","1.1637","1.1612","1.1670","1.1601","","0.20%"
"12/14/2023","1.1614","1.1605","1.1647","1.1579","","0.09%"
"12/13/2023","1.1604","1.1639","1.1649","1.1586","","-0.30%"
"12/12/2023","1.1639","1.1664","1.1688","1.1614","","-0.21%"
"12/11/2023","1.1664","1.1654","1.1701","1.1641","","0.05%"
"12/08/2023","1.1658","1.1667","1.1690","1.1641","","-0.09%"
"12/07/2023","1.1668","1.1663","1.1693","1.1647","","-0.01%"
"12/06/2023","1.1669","1.1667","1.1696","1.1657","","0.04%"
"12/05/2023","1.1664","1.1658","1.1689","1.1641","","0.08%"
"12/04/2023","1.1655","1.1667","1.1685","1.1645","","-0.21%"
"12/01/2023","1.1679","1.1595","1.1687","1.1578","","0.72%"
"11/30/2023","1.1595","1.1571","1.1612","1.1559","","0.20%"
"11/29/2023","1.1572","1.1552","1.1581","1.1542","","0.20%"
"11/28/2023","1.1549","1.1529","1.1557","1.1514","","0.19%"
"11/27/2023","1.1527","1.1513","1.1553","1.1506","","0.05%"
"11/24/2023","1.1521","1.1495","1.1534","1.1482","","0.23%"
"11/23/2023","1.1494","1.1475","1.1513","1.1458","","0.17%"
"11/22/2023","1.1474","1.1492","1.1508","1.1459","","-0.16%"
"11/21/2023","1.1492","1.1432","1.1494","1.1422","","0.53%"
"11/20/2023","1.1431","1.1420","1.1441","1.1406","","0.05%"
"11/17/2023","1.1425","1.1434","1.1450","1.1409","","-0.08%"
"11/16/2023","1.1434","1.1449","1.1456","1.1406","","-0.10%"
"11/15/2023","1.1446","1.1489","1.1494","1.1437","","-0.37%"
"11/14/2023","1.1489","1.1477","1.1511","1.1452","","0.10%"
"11/13/2023","1.1478","1.1441","1.1487","1.1428","","0.31%"
"11/10/2023","1.1442","1.1458","1.1473","1.1420","","-0.15%"
"11/09/2023","1.1459","1.1473","1.1506","1.1452","","-0.12%"
"11/08/2023","1.1473","1.1496","1.1504","1.1469","","-0.18%"
"11/07/2023","1.1494","1.1519","1.1528","1.1486","","-0.21%"
"11/06/2023","1.1518","1.1528","1.1564","1.1510","","-0.14%"
"11/03/2023","1.1534","1.1487","1.1545","1.1464","","0.40%"
"11/02/2023","1.1488","1.1496","1.1511","1.1444","","-0.07%"
"11/01/2023","1.1496","1.1494","1.1520","1.1470","","0.05%"
"10/31/2023","1.1490","1.1466","1.1498","1.1420","","0.23%"
"10/30/2023","1.1464","1.1469","1.1487","1.1439","","-0.10%"
"10/27/2023","1.1475","1.1483","1.1503","1.1457","","-0.07%"
"10/26/2023","1.1483","1.1459","1.1508","1.1447","","0.17%"
"10/25/2023","1.1464","1.1482","1.1490","1.1456","","-0.17%"
"10/24/2023","1.1483","1.1482","1.1520","1.1468","","0.02%"
"10/23/2023","1.1481","1.1482","1.1498","1.1459","","-0.01%"
"10/20/2023","1.1482","1.1475","1.1487","1.1439","","0.07%"
"10/19/2023","1.1474","1.1525","1.1532","1.1469","","-0.42%"
"10/18/2023","1.1522","1.1519","1.1549","1.1507","","0.06%"
"10/17/2023","1.1515","1.1568","1.1574","1.1503","","-0.48%"
"10/16/2023","1.1571","1.1548","1.1576","1.1529","","0.14%"
"10/13/2023","1.1555","1.1572","1.1586","1.1539","","-0.08%"
"10/12/2023","1.1564","1.1595","1.1613","1.1556","","-0.27%"
"10/11/2023","1.1595","1.1586","1.1614","1.1569","","0.08%"
"10/10/2023","1.1586","1.1582","1.1591","1.1551","","0.05%"
"10/09/2023","1.1580","1.1548","1.1587","1.1528","","0.16%"
"10/06/2023","1.1561","1.1556","1.1576","1.1535","","0.04%"
"10/05/2023","1.1556","1.1553","1.1569","1.1527","","0.08%"
"10/04/2023","1.1547","1.1535","1.1576","1.1515","","0.08%"
"10/03/2023","1.1538","1.1540","1.1561","1.1504","","0.02%"
"10/02/2023","1.1536","1.1544","1.1559","1.1525","","-0.03%"
"09/29/2023","1.1539","1.1552","1.1574","1.1518","","-0.10%"
"09/28/2023","1.1551","1.1555","1.1589","1.1544","","-0.04%"
"09/27/2023","1.1556","1.1504","1.1559","1.1489","","0.49%"
"09/26/2023","1.1500","1.1528","1.1538","1.1485","","-0.25%"
"09/25/2023","1.1529","1.1488","1.1540","1.1488","","0.35%"
"09/22/2023","1.1489","1.1536","1.1555","1.1489","","-0.41%"
"09/21/2023","1.1536","1.1581","1.1593","1.1500","","-0.37%"
"09/20/2023","1.1579","1.1604","1.1609","1.1536","","-0.22%"
"09/19/2023","1.1604","1.1582","1.1610","1.1576","","0.18%"
"09/18/2023","1.1583","1.1621","1.1631","1.1580","","-0.32%"
"09/15/2023","1.1620","1.1660","1.1672","1.1605","","-0.34%"
"09/14/2023","1.1660","1.1638","1.1668","1.1606","","0.16%"
"09/13/2023","1.1641","1.1614","1.1644","1.1585","","0.24%"
"09/12/2023","1.1613","1.1637","1.1671","1.1608","","-0.20%"
"09/11/2023","1.1636","1.1666","1.1687","1.1633","","-0.13%"
"09/08/2023","1.1651","1.1656","1.1673","1.1635","","-0.08%"
"09/07/2023","1.1660","1.1658","1.1667","1.1626","","0.01%"
"09/06/2023","1.1659","1.1719","1.1730","1.1651","","-0.44%"
"09/05/2023","1.1711","1.1692","1.1734","1.1658","","0.13%"
"09/04/2023","1.1696","1.1682","1.1707","1.1673","","0.10%"
"09/01/2023","1.1684","1.1689","1.1701","1.1662","","-0.05%"
"08/31/2023","1.1690","1.1643","1.1694","1.1628","","0.41%"
"08/30/2023","1.1642","1.1622","1.1652","1.1612","","0.18%"
"08/29/2023","1.1621","1.1656","1.1677","1.1611","","-0.26%"
"08/28/2023","1.1651","1.1646","1.1665","1.1628","","0.05%"
"08/25/2023","1.1645","1.1656","1.1685","1.1644","","-0.09%"
"08/24/2023","1.1656","1.1723","1.1723","1.1652","","-0.54%"
"08/23/2023","1.1719","1.1737","1.1778","1.1673","","-0.17%"
"08/22/2023","1.1739","1.1711","1.1747","1.1700","","0.25%"
"08/21/2023","1.1710","1.1710","1.1721","1.1676","","-0.08%"
"08/18/2023","1.1719","1.1722","1.1732","1.1684","","-0.04%"
"08/17/2023","1.1724","1.1703","1.1734","1.1685","","0.18%"
"08/16/2023","1.1703","1.1649","1.1705","1.1632","","0.45%"
"08/15/2023","1.1651","1.1631","1.1665","1.1613","","0.18%"
"08/14/2023","1.1630","1.1591","1.1638","1.1582","","0.27%"
"08/11/2023","1.1599","1.1544","1.1605","1.1533","","0.48%"
"08/10/2023","1.1544","1.1588","1.1601","1.1537","","-0.40%"
"08/09/2023","1.1590","1.1636","1.1645","1.1578","","-0.40%"
"08/08/2023","1.1636","1.1621","1.1639","1.1592","","0.16%"
"08/07/2023","1.1617","1.1572","1.1623","1.1572","","0.33%"
"08/04/2023","1.1579","1.1615","1.1628","1.1561","","-0.32%"
"08/03/2023","1.1616","1.1621","1.1636","1.1550","","-0.05%"
"08/02/2023","1.1622","1.1633","1.1652","1.1587","","-0.09%"
"08/01/2023","1.1633","1.1675","1.1697","1.1616","","-0.34%"
"07/31/2023","1.1673","1.1658","1.1690","1.1637","","0.05%"
"07/28/2023","1.1667","1.1656","1.1698","1.1639","","0.07%"
"07/27/2023","1.1659","1.1679","1.1706","1.1626","","-0.13%"
"07/26/2023","1.1674","1.1671","1.1685","1.1644","","0.03%"
"07/25/2023","1.1671","1.1599","1.1677","1.1576","","0.61%"
"07/24/2023","1.1600","1.1559","1.1605","1.1545","","0.35%"
"07/21/2023","1.1559","1.1561","1.1584","1.1519","","-0.02%"
"07/20/2023","1.1561","1.1553","1.1564","1.1493","","0.07%"
"07/19/2023","1.1553","1.1611","1.1619","1.1490","","-0.50%"
"07/18/2023","1.1611","1.1635","1.1661","1.1607","","-0.19%"
"07/17/2023","1.1633","1.1655","1.1669","1.1629","","-0.21%"
"07/14/2023","1.1658","1.1698","1.1712","1.1654","","-0.37%"
"07/13/2023","1.1701","1.1668","1.1719","1.1658","","0.27%"
"07/12/2023","1.1669","1.1749","1.1759","1.1658","","-0.68%"
"07/11/2023","1.1749","1.1691","1.1762","1.1678","","0.50%"
"07/10/2023","1.1690","1.1702","1.1711","1.1647","","-0.12%"
"07/07/2023","1.1704","1.1702","1.1754","1.1689","","0.03%"
"07/06/2023","1.1700","1.1700","1.1739","1.1673","","-0.05%"
"07/05/2023","1.1706","1.1686","1.1708","1.1658","","0.16%"
"07/04/2023","1.1687","1.1631","1.1691","1.1625","","0.48%"
"07/03/2023","1.1631","1.1627","1.1656","1.1618","","-0.11%"
"06/30/2023","1.1644","1.1610","1.1662","1.1601","","0.31%"
"06/29/2023","1.1608","1.1580","1.1616","1.1564","","0.24%"
"06/28/2023","1.1580","1.1630","1.1638","1.1548","","-0.43%"
"06/27/2023","1.1630","1.1654","1.1674","1.1609","","-0.24%"
"06/26/2023","1.1658","1.1667","1.1707","1.1633","","-0.13%"
"06/23/2023","1.1673","1.1635","1.1718","1.1615","","0.34%"
"06/22/2023","1.1634","1.1625","1.1663","1.1578","","0.09%"
"06/21/2023","1.1624","1.1692","1.1733","1.1614","","-0.58%"
"06/20/2023","1.1692","1.1711","1.1729","1.1651","","-0.17%"
"06/19/2023","1.1712","1.1723","1.1742","1.1696","","-0.06%"
"06/16/2023","1.1719","1.1679","1.1737","1.1673","","0.34%"
"06/15/2023","1.1679","1.1693","1.1706","1.1637","","-0.09%"
"06/14/2023","1.1689","1.1686","1.1711","1.1662","","0.03%"
"06/13/2023","1.1685","1.1635","1.1694","1.1610","","0.46%"
"06/12/2023","1.1631","1.1692","1.1712","1.1617","","-0.54%"
"06/09/2023","1.1694","1.1644","1.1711","1.1638","","0.44%"
"06/08/2023","1.1643","1.1624","1.1653","1.1607","","0.15%"
"06/07/2023","1.1625","1.1621","1.1652","1.1609","","0.04%"
"06/06/2023","1.1620","1.1610","1.1635","1.1593","","0.09%"
"06/05/2023","1.1610","1.1623","1.1633","1.1578","","-0.15%"
"06/02/2023","1.1627","1.1643","1.1661","1.1608","","-0.15%"
"06/01/2023","1.1644","1.1637","1.1675","1.1620","","0.06%"
"05/31/2023","1.1637","1.1565","1.1653","1.1553","","0.63%"
"05/30/2023","1.1564","1.1538","1.1593","1.1527","","0.23%"
"05/29/2023","1.1537","1.1509","1.1542","1.1498","","0.23%"
"05/26/2023","1.1510","1.1496","1.1529","1.1480","","0.14%"
"05/25/2023","1.1494","1.1503","1.1542","1.1485","","-0.08%"
"05/24/2023","1.1503","1.1524","1.1564","1.1479","","-0.20%"
"05/23/2023","1.1526","1.1503","1.1538","1.1468","","0.22%"
"05/22/2023","1.1501","1.1509","1.1524","1.1486","","-0.16%"
"05/19/2023","1.1520","1.1522","1.1539","1.1498","","-0.02%"
"05/18/2023","1.1522","1.1520","1.1535","1.1490","","0.02%"
"05/17/2023","1.1520","1.1496","1.1537","1.1465","","0.22%"
"05/16/2023","1.1495","1.1517","1.1525","1.1468","","-0.23%"
"05/15/2023","1.1522","1.1477","1.1527","1.1462","","0.34%"
"05/12/2023","1.1483","1.1463","1.1506","1.1450","","0.20%"
"05/11/2023","1.1460","1.1496","1.1549","1.1447","","-0.32%"
"05/10/2023","1.1497","1.1515","1.1558","1.1491","","-0.14%"
"05/09/2023","1.1513","1.1465","1.1524","1.1462","","0.41%"
"05/08/2023","1.1466","1.1471","1.1475","1.1432","","0.01%"
"05/05/2023","1.1465","1.1415","1.1480","1.1403","","0.43%"
"05/04/2023","1.1416","1.1351","1.1439","1.1345","","0.48%"
"05/03/2023","1.1361","1.1334","1.1374","1.1307","","0.26%"
"05/02/2023","1.1331","1.1385","1.1391","1.1330","","-0.47%"
"05/01/2023","1.1385","1.1394","1.1418","1.1369","","-0.11%"
"04/28/2023","1.1397","1.1324","1.1414","1.1309","","0.57%"
"04/27/2023","1.1332","1.1290","1.1336","1.1270","","0.35%"
"04/26/2023","1.1292","1.1309","1.1319","1.1267","","-0.15%"
"04/25/2023","1.1309","1.1303","1.1314","1.1265","","0.03%"
"04/24/2023","1.1306","1.1311","1.1334","1.1284","","-0.06%"
"04/21/2023","1.1313","1.1344","1.1349","1.1282","","-0.28%"
"04/20/2023","1.1345","1.1355","1.1361","1.1329","","-0.09%"
"04/19/2023","1.1355","1.1327","1.1376","1.1313","","0.27%"
"04/18/2023","1.1324","1.1329","1.1354","1.1318","","-0.02%"
"04/17/2023","1.1326","1.1296","1.1339","1.1280","","0.36%"
"04/14/2023","1.1285","1.1339","1.1344","1.1284","","-0.49%"
"04/13/2023","1.1340","1.1357","1.1377","1.1312","","-0.16%"
"04/12/2023","1.1358","1.1386","1.1391","1.1331","","-0.25%"
"04/11/2023","1.1386","1.1401","1.1414","1.1375","","-0.13%"
"04/10/2023","1.1401","1.1398","1.1412","1.1372","","0.09%"
"04/07/2023","1.1391","1.1390","1.1414","1.1364","","0.02%"
"04/06/2023","1.1389","1.1427","1.1445","1.1380","","-0.32%"
"04/05/2023","1.1425","1.1414","1.1437","1.1381","","0.11%"
"04/04/2023","1.1413","1.1390","1.1461","1.1380","","0.18%"
"04/03/2023","1.1393","1.1372","1.1403","1.1351","","0.13%"
"03/31/2023","1.1378","1.1358","1.1397","1.1351","","0.15%"
"03/30/2023","1.1361","1.1355","1.1394","1.1324","","0.07%"
"03/29/2023","1.1353","1.1382","1.1391","1.1346","","-0.24%"
"03/28/2023","1.1380","1.1378","1.1404","1.1352","","0.01%"
"03/27/2023","1.1379","1.1361","1.1398","1.1347","","0.11%"
"03/24/2023","1.1367","1.1346","1.1395","1.1327","","0.21%"
"03/23/2023","1.1343","1.1300","1.1347","1.1279","","0.40%"
"03/22/2023","1.1298","1.1346","1.1403","1.1293","","-0.40%"
"03/21/2023","1.1343","1.1452","1.1459","1.1310","","-0.95%"
"03/20/2023","1.1452","1.1384","1.1460","1.1381","","0.33%"
"03/17/2023","1.1414","1.1414","1.1442","1.1384","","-0.02%"
"03/16/2023","1.1416","1.1409","1.1435","1.1338","","0.06%"
"03/15/2023","1.1409","1.1330","1.1476","1.1306","","0.71%"
"03/14/2023","1.1329","1.1353","1.1395","1.1315","","-0.21%"
"03/13/2023","1.1353","1.1300","1.1367","1.1281","","0.45%"
"03/10/2023","1.1302","1.1269","1.1346","1.1243","","0.29%"
"03/09/2023","1.1269","1.1231","1.1282","1.1217","","0.34%"
"03/08/2023","1.1231","1.1214","1.1244","1.1202","","0.12%"
"03/07/2023","1.1218","1.1260","1.1296","1.1203","","-0.36%"
"03/06/2023","1.1259","1.1320","1.1336","1.1250","","-0.57%"
"03/03/2023","1.1324","1.1269","1.1332","1.1266","","0.49%"
"03/02/2023","1.1269","1.1276","1.1294","1.1245","","-0.05%"
"03/01/2023","1.1275","1.1365","1.1391","1.1238","","-0.79%"
"02/28/2023","1.1365","1.1376","1.1426","1.1345","","-0.06%"
"02/27/2023","1.1372","1.1332","1.1380","1.1315","","0.43%"
"02/24/2023","1.1323","1.1338","1.1368","1.1303","","-0.14%"
"02/23/2023","1.1339","1.1361","1.1376","1.1330","","-0.19%"
"02/22/2023","1.1361","1.1380","1.1387","1.1334","","-0.12%"
"02/21/2023","1.1375","1.1267","1.1380","1.1248","","0.94%"
"02/20/2023","1.1269","1.1268","1.1275","1.1245","","0.12%"
"02/17/2023","1.1256","1.1239","1.1273","1.1197","","0.11%"
"02/16/2023","1.1244","1.1252","1.1276","1.1218","","-0.07%"
"02/15/2023","1.1252","1.1336","1.1346","1.1231","","-0.74%"
"02/14/2023","1.1336","1.1321","1.1364","1.1300","","0.13%"
"02/13/2023","1.1321","1.1293","1.1335","1.1266","","0.28%"
"02/10/2023","1.1289","1.1290","1.1338","1.1264","","-0.01%"
"02/09/2023","1.1290","1.1271","1.1316","1.1252","","0.17%"
"02/08/2023","1.1271","1.1233","1.1271","1.1220","","0.36%"
"02/07/2023","1.1231","1.1205","1.1241","1.1183","","0.29%"
"02/06/2023","1.1199","1.1172","1.1222","1.1151","","0.30%"
"02/03/2023","1.1166","1.1206","1.1252","1.1133","","-0.33%"
"02/02/2023","1.1203","1.1263","1.1269","1.1164","","-0.53%"
"02/01/2023","1.1263","1.1341","1.1349","1.1254","","-0.70%"
"01/31/2023","1.1342","1.1388","1.1403","1.1323","","-0.41%"
"01/30/2023","1.1389","1.1408","1.1415","1.1357","","-0.17%"
"01/27/2023","1.1408","1.1392","1.1413","1.1355","","0.13%"
"01/26/2023","1.1393","1.1360","1.1401","1.1342","","0.30%"
"01/25/2023","1.1359","1.1330","1.1367","1.1295","170.99K","0.21%"
"01/24/2023","1.1335","1.1387","1.1411","1.1297","167.95K","-0.44%"
"01/23/2023","1.1385","1.1425","1.1426","1.1342","174.27K","-0.30%"
"01/20/2023","1.1419","1.1442","1.1444","1.1379","223.41K","-0.20%"
"01/19/2023","1.1442","1.1442","1.1468","1.1374","273.89K","0.02%"
"01/18/2023","1.1440","1.1391","1.1453","1.1355","274.31K","0.43%"
"01/17/2023","1.1391","1.1267","1.1394","1.1250","272.85K","1.06%"
"01/16/2023","1.1271","1.1289","1.1306","1.1260","183.39K","-0.19%"
"01/13/2023","1.1293","1.1254","1.1300","1.1237","263.01K","0.36%"
"01/12/2023","1.1252","1.1291","1.1324","1.1215","228.29K","-0.33%"
"01/11/2023","1.1289","1.1323","1.1329","1.1256","222.76K","-0.31%"
"01/10/2023","1.1324","1.1361","1.1366","1.1302","269.28K","-0.28%"
"01/09/2023","1.1356","1.1361","1.1406","1.1331","231.69K","-0.04%"
"01/06/2023","1.1361","1.1323","1.1371","1.1271","259.72K","0.39%"
"01/05/2023","1.1317","1.1372","1.1381","1.1279","216.96K","-0.47%"
"01/04/2023","1.1370","1.1343","1.1388","1.1332","271.31K","0.27%"
"01/03/2023","1.1339","1.1297","1.1389","1.1281","253.89K","0.38%"
"01/02/2023","1.1296","1.1302","1.1320","1.1264","39.61K","-0.06%"
"12/30/2022","1.1303","1.1306","1.1337","1.1262","210.07K","-0.04%"
"12/29/2022","1.1307","1.1327","1.1337","1.1284","176.86K","-0.16%"
"12/28/2022","1.1325","1.1298","1.1374","1.1284","162.84K","0.22%"
"12/27/2022","1.1300","1.1342","1.1366","1.1280","186.05K","-0.37%"
"12/26/2022","1.1342","1.1366","1.1379","1.1339","23.03K","-0.16%"
"12/23/2022","1.1360","1.1368","1.1389","1.1330","236.38K","-0.07%"
"12/22/2022","1.1368","1.1393","1.1410","1.1319","240.90K","-0.24%"
"12/21/2022","1.1395","1.1469","1.1477","1.1374","224.66K","-0.65%"
"12/20/2022","1.1470","1.1456","1.1487","1.1397","297.59K","0.14%"
"12/19/2022","1.1454","1.1480","1.1509","1.1442","231.94K","-0.17%"
"12/16/2022","1.1473","1.1459","1.1494","1.1397","225.29K","0.13%"
"12/15/2022","1.1458","1.1629","1.1641","1.1454","242.54K","-1.48%"
"12/14/2022","1.1630","1.1624","1.1664","1.1599","262.75K","0.07%"
"12/13/2022","1.1622","1.1649","1.1684","1.1592","217.87K","-0.22%"
"12/12/2022","1.1648","1.1642","1.1668","1.1602","199.31K","0.09%"
"12/09/2022","1.1638","1.1587","1.1682","1.1566","225.03K","0.42%"
"12/08/2022","1.1589","1.1611","1.1624","1.1564","262.73K","-0.21%"
"12/07/2022","1.1613","1.1591","1.1633","1.1566","280.18K","0.17%"
"12/06/2022","1.1593","1.1622","1.1663","1.1581","238.33K","-0.22%"
"12/05/2022","1.1618","1.1638","1.1675","1.1578","254.76K","-0.38%"
"12/02/2022","1.1662","1.1645","1.1692","1.1581","229.49K","0.25%"
"12/01/2022","1.1633","1.1586","1.1705","1.1568","279.93K","0.41%"
"11/30/2022","1.1586","1.1571","1.1604","1.1542","281.65K","0.10%"
"11/29/2022","1.1574","1.1568","1.1621","1.1555","207.28K","0.09%"
"11/28/2022","1.1564","1.1650","1.1651","1.1524","205.87K","-0.59%"
"11/25/2022","1.1633","1.1636","1.1662","1.1604","181.63K","-0.03%"
"11/24/2022","1.1636","1.1593","1.1668","1.1578","215.40K","0.35%"
"11/23/2022","1.1595","1.1534","1.1649","1.1491","204.38K","0.53%"
"11/22/2022","1.1534","1.1545","1.1588","1.1517","217.17K","-0.08%"
"11/21/2022","1.1543","1.1516","1.1553","1.1494","226.46K","0.24%"
"11/18/2022","1.1515","1.1449","1.1526","1.1440","253.61K","0.57%"
"11/17/2022","1.1450","1.1463","1.1504","1.1395","253.96K","-0.08%"
"11/16/2022","1.1459","1.1466","1.1479","1.1393","266.59K","-0.01%"
"11/15/2022","1.1460","1.1384","1.1485","1.1353","277.50K","0.69%"
"11/14/2022","1.1382","1.1419","1.1461","1.1331","257.10K","-0.44%"
"11/11/2022","1.1432","1.1476","1.1494","1.1386","285.20K","-0.37%"
"11/10/2022","1.1475","1.1345","1.1562","1.1338","294.16K","1.16%"
"11/09/2022","1.1343","1.1458","1.1477","1.1325","273.27K","-0.97%"
"11/08/2022","1.1454","1.1490","1.1508","1.1433","254.89K","-0.31%"
"11/07/2022","1.1490","1.1347","1.1510","1.1346","246.15K","0.60%"
"11/04/2022","1.1421","1.1454","1.1498","1.1379","242.49K","-0.25%"
"11/03/2022","1.1450","1.1602","1.1620","1.1435","216.15K","-1.31%"
"11/02/2022","1.1602","1.1631","1.1651","1.1581","207.38K","-0.25%"
"11/01/2022","1.1631","1.1608","1.1635","1.1591","202.13K","0.23%"
"10/31/2022","1.1604","1.1649","1.1669","1.1590","209.06K","-0.43%"
"10/28/2022","1.1654","1.1608","1.1669","1.1555","218.93K","0.40%"
"10/27/2022","1.1608","1.1538","1.1618","1.1508","282.52K","0.61%"
"10/26/2022","1.1538","1.1515","1.1570","1.1490","240.55K","0.23%"
"10/25/2022","1.1511","1.1424","1.1545","1.1412","219.01K","0.80%"
"10/24/2022","1.1420","1.1517","1.1552","1.1408","256.81K","-0.38%"
"10/21/2022","1.1463","1.1482","1.1493","1.1383","244.40K","-0.23%"
"10/20/2022","1.1490","1.1484","1.1533","1.1416","275.79K","0.10%"
"10/19/2022","1.1479","1.1488","1.1524","1.1452","252.82K","-0.06%"
"10/18/2022","1.1486","1.1542","1.1588","1.1450","279.88K","-0.52%"
"10/17/2022","1.1546","1.1498","1.1661","1.1497","248.23K","0.47%"
"10/14/2022","1.1492","1.1589","1.1616","1.1466","300.49K","-0.83%"
"10/13/2022","1.1588","1.1442","1.1620","1.1403","257.14K","1.35%"
"10/12/2022","1.1434","1.1301","1.1459","1.1275","272.78K","1.18%"
"10/11/2022","1.1301","1.1396","1.1466","1.1284","299.16K","-0.82%"
"10/10/2022","1.1395","1.1376","1.1437","1.1342","279.26K","0.14%"
"10/07/2022","1.1379","1.1402","1.1486","1.1351","234.10K","-0.18%"
"10/06/2022","1.1399","1.1462","1.1473","1.1339","264.94K","-0.55%"
"10/05/2022","1.1462","1.1491","1.1508","1.1391","263.21K","-0.26%"
"10/04/2022","1.1492","1.1523","1.1564","1.1433","248.31K","-0.28%"
"10/03/2022","1.1524","1.1387","1.1536","1.1320","269.63K","1.19%"
"09/30/2022","1.1389","1.1325","1.1428","1.1297","263.09K","0.57%"
"09/29/2022","1.1325","1.1187","1.1341","1.1133","267.23K","1.24%"
"09/28/2022","1.1186","1.1187","1.1298","1.1026","293.07K","-0.02%"
"09/27/2022","1.1188","1.1121","1.1243","1.1102","289.99K","0.59%"
"09/26/2022","1.1122","1.1203","1.1299","1.0816","290.39K","-0.72%"
"09/23/2022","1.1203","1.1449","1.1482","1.1183","246.78K","-2.11%"
"09/22/2022","1.1445","1.1454","1.1509","1.1413","272.48K","-0.08%"
"09/21/2022","1.1454","1.1413","1.1482","1.1400","219.81K","0.35%"
"09/20/2022","1.1414","1.1406","1.1466","1.1383","196.01K","0.06%"
"09/19/2022","1.1407","1.1398","1.1435","1.1376","160.21K","0.11%"
"09/16/2022","1.1395","1.1465","1.1480","1.1382","203.89K","-0.60%"
"09/15/2022","1.1464","1.1557","1.1576","1.1464","189.93K","-0.79%"
"09/14/2022","1.1555","1.1526","1.1596","1.1513","229.66K","0.23%"
"09/13/2022","1.1528","1.1545","1.1568","1.1464","205.85K","-0.16%"
"09/12/2022","1.1546","1.1549","1.1565","1.1462","159.25K","0.03%"
"09/09/2022","1.1542","1.1507","1.1551","1.1482","212.44K","0.30%"
"09/08/2022","1.1508","1.1529","1.1557","1.1475","225.34K","-0.17%"
"09/07/2022","1.1528","1.1631","1.1637","1.1505","220.48K","-0.86%"
"09/06/2022","1.1628","1.1599","1.1677","1.1593","265.04K","0.27%"
"09/05/2022","1.1597","1.1573","1.1610","1.1529","187.06K","0.29%"
"09/02/2022","1.1564","1.1607","1.1612","1.1521","192.30K","-0.40%"
"09/01/2022","1.1610","1.1560","1.1614","1.1530","228.28K","0.48%"
"08/31/2022","1.1555","1.1641","1.1672","1.1553","218.99K","-0.72%"
"08/30/2022","1.1639","1.1714","1.1739","1.1619","232.60K","-0.63%"
"08/29/2022","1.1713","1.1769","1.1784","1.1692","159.33K","-0.68%"
"08/26/2022","1.1793","1.1862","1.1871","1.1759","158.40K","-0.59%"
"08/25/2022","1.1863","1.1841","1.1874","1.1816","214.31K","0.19%"
"08/24/2022","1.1841","1.1868","1.1896","1.1822","178.86K","-0.24%"
"08/23/2022","1.1870","1.1833","1.1885","1.1826","209.07K","0.30%"
"08/22/2022","1.1835","1.1781","1.1858","1.1771","222.74K","0.41%"
"08/19/2022","1.1787","1.1823","1.1837","1.1745","214.98K","-0.33%"
"08/18/2022","1.1826","1.1834","1.1873","1.1809","216.14K","-0.07%"
"08/17/2022","1.1834","1.1891","1.1924","1.1831","214.78K","-0.48%"
"08/16/2022","1.1891","1.1864","1.1900","1.1846","186.03K","0.23%"
"08/15/2022","1.1864","1.1826","1.1881","1.1803","165.75K","0.33%"
"08/12/2022","1.1825","1.1832","1.1842","1.1772","222.87K","-0.10%"
"08/11/2022","1.1837","1.1873","1.1879","1.1803","223.03K","-0.29%"
"08/10/2022","1.1872","1.1826","1.1890","1.1804","253.67K","0.36%"
"08/09/2022","1.1830","1.1846","1.1867","1.1815","223.09K","-0.14%"
"08/08/2022","1.1847","1.1856","1.1894","1.1838","178.04K","-0.08%"
"08/05/2022","1.1856","1.1872","1.1893","1.1827","213.07K","-0.13%"
"08/04/2022","1.1872","1.1947","1.1970","1.1848","213.82K","-0.64%"
"08/03/2022","1.1949","1.1974","1.1992","1.1935","212.28K","-0.20%"
"08/02/2022","1.1973","1.1938","1.1993","1.1902","253.78K","0.31%"
"08/01/2022","1.1936","1.1903","1.1979","1.1900","216.11K","0.25%"
"07/29/2022","1.1906","1.1937","1.1951","1.1874","212.04K","-0.33%"
"07/28/2022","1.1945","1.1905","1.1986","1.1896","254.63K","0.27%"
"07/27/2022","1.1913","1.1889","1.1940","1.1865","192.35K","0.20%"
"07/26/2022","1.1889","1.1782","1.1900","1.1773","203.18K","0.90%"
"07/25/2022","1.1783","1.1755","1.1803","1.1727","204.52K","0.24%"
"07/22/2022","1.1755","1.1726","1.1787","1.1721","188.81K","0.26%"
"07/21/2022","1.1725","1.1762","1.1773","1.1642","244.49K","-0.31%"
"07/20/2022","1.1761","1.1730","1.1777","1.1701","227.49K","0.26%"
"07/19/2022","1.1730","1.1787","1.1799","1.1707","201.87K","-0.46%"
"07/18/2022","1.1784","1.1772","1.1827","1.1752","191.05K","0.29%"
"07/15/2022","1.1750","1.1803","1.1816","1.1741","207.80K","-0.45%"
"07/14/2022","1.1803","1.1818","1.1850","1.1756","233.48K","-0.11%"
"07/13/2022","1.1816","1.1841","1.1903","1.1806","219.65K","-0.21%"
"07/12/2022","1.1841","1.1844","1.1861","1.1785","221.65K","-0.02%"
"07/11/2022","1.1843","1.1811","1.1850","1.1776","201.23K","0.27%"
"07/08/2022","1.1811","1.1834","1.1851","1.1796","239.47K","-0.19%"
"07/07/2022","1.1833","1.1712","1.1843","1.1688","235.99K","1.03%"
"07/06/2022","1.1712","1.1647","1.1722","1.1622","254.74K","0.54%"
"07/05/2022","1.1649","1.1618","1.1708","1.1594","232.98K","0.30%"
"07/04/2022","1.1614","1.1607","1.1637","1.1589","182.36K","0.14%"
"07/01/2022","1.1598","1.1616","1.1624","1.1520","182.84K","-0.15%"
"06/30/2022","1.1616","1.1615","1.1698","1.1597","212.53K","0.01%"
"06/29/2022","1.1615","1.1584","1.1627","1.1543","231.22K","0.28%"
"06/28/2022","1.1582","1.1588","1.1616","1.1563","243.50K","-0.06%"
"06/27/2022","1.1589","1.1618","1.1660","1.1588","212.70K","-0.25%"
"06/24/2022","1.1618","1.1647","1.1682","1.1618","202.65K","-0.27%"
"06/23/2022","1.1649","1.1611","1.1667","1.1569","269.29K","0.34%"
"06/22/2022","1.1610","1.1661","1.1666","1.1591","203.03K","-0.45%"
"06/21/2022","1.1663","1.1661","1.1673","1.1611","193.56K","0.06%"
"06/20/2022","1.1656","1.1675","1.1675","1.1610","185.92K","0.11%"
"06/17/2022","1.1643","1.1711","1.1736","1.1633","247.77K","-0.57%"
"06/16/2022","1.1710","1.1662","1.1750","1.1581","315.73K","0.41%"
"06/15/2022","1.1662","1.1519","1.1679","1.1463","246.37K","1.25%"
"06/14/2022","1.1518","1.1662","1.1696","1.1471","225.21K","-1.18%"
"06/13/2022","1.1656","1.1715","1.1725","1.1633","191.19K","-0.47%"
"06/10/2022","1.1711","1.1768","1.1782","1.1694","181.66K","-0.48%"
"06/09/2022","1.1767","1.1703","1.1787","1.1635","183.44K","0.55%"
"06/08/2022","1.1703","1.1768","1.1772","1.1674","160.94K","-0.53%"
"06/07/2022","1.1765","1.1718","1.1777","1.1648","171.29K","0.39%"
"06/06/2022","1.1719","1.1656","1.1732","1.1641","160.67K","0.58%"
"06/03/2022","1.1651","1.1704","1.1714","1.1646","107.92K","-0.44%"
"06/02/2022","1.1703","1.1731","1.1753","1.1694","135.58K","-0.22%"
"06/01/2022","1.1729","1.1741","1.1765","1.1702","157.12K","-0.09%"
"05/31/2022","1.1739","1.1740","1.1783","1.1725","185.48K","0.01%"
"05/30/2022","1.1738","1.1753","1.1774","1.1723","139.55K","-0.20%"
"05/27/2022","1.1761","1.1746","1.1793","1.1731","171.83K","0.15%"
"05/26/2022","1.1743","1.1762","1.1789","1.1723","183.42K","-0.18%"
"05/25/2022","1.1764","1.1673","1.1786","1.1670","209.54K","0.78%"
"05/24/2022","1.1673","1.1775","1.1795","1.1643","192.25K","-0.87%"
"05/23/2022","1.1775","1.1813","1.1861","1.1757","179.84K","-0.41%"
"05/20/2022","1.1824","1.1769","1.1840","1.1768","198.52K","0.47%"
"05/19/2022","1.1769","1.1788","1.1841","1.1769","215.44K","-0.17%"
"05/18/2022","1.1789","1.1844","1.1858","1.1768","202.21K","-0.45%"
"05/17/2022","1.1842","1.1807","1.1917","1.1797","203.55K","0.29%"
"05/16/2022","1.1808","1.1786","1.1814","1.1716","183.13K","0.27%"
"05/13/2022","1.1776","1.1755","1.1786","1.1723","197.06K","0.19%"
"05/12/2022","1.1754","1.1654","1.1778","1.1601","259.26K","0.86%"
"05/11/2022","1.1654","1.1706","1.1733","1.1635","239.00K","-0.44%"
"05/10/2022","1.1705","1.1681","1.1719","1.1655","208.40K","0.20%"
"05/09/2022","1.1682","1.1692","1.1745","1.1665","172.23K","-0.09%"
"05/06/2022","1.1692","1.1729","1.1755","1.1635","221.33K","-0.32%"
"05/05/2022","1.1730","1.1883","1.1899","1.1701","219.71K","-1.29%"
"05/04/2022","1.1883","1.1881","1.1913","1.1832","172.30K","0.03%"
"05/03/2022","1.1879","1.1892","1.1947","1.1860","170.55K","-0.13%"
"05/02/2022","1.1894","1.1940","1.1955","1.1878","123.04K","-0.27%"
"04/29/2022","1.1926","1.1869","1.1934","1.1855","209.81K","0.51%"
"04/28/2022","1.1865","1.1893","1.1934","1.1816","196.65K","-0.19%"
"04/27/2022","1.1888","1.1823","1.1924","1.1808","192.98K","0.55%"
"04/26/2022","1.1823","1.1894","1.1918","1.1814","212.59K","-0.60%"
"04/25/2022","1.1894","1.1843","1.1912","1.1842","229.97K","0.00%"
"04/22/2022","1.1894","1.2023","1.2032","1.1880","187.61K","-1.06%"
"04/21/2022","1.2021","1.2042","1.2056","1.1949","228.06K","-0.17%"
"04/20/2022","1.2041","1.2049","1.2075","1.1995","204.46K","-0.07%"
"04/19/2022","1.2050","1.2067","1.2081","1.2024","179.74K","-0.15%"
"04/18/2022","1.2068","1.2084","1.2087","1.2050","109.36K","-0.13%"
"04/15/2022","1.2084","1.2068","1.2106","1.2062","169.13K","0.15%"
"04/14/2022","1.2066","1.2047","1.2124","1.2025","201.23K","0.15%"
"04/13/2022","1.2048","1.2008","1.2049","1.1983","188.33K","0.34%"
"04/12/2022","1.2007","1.1974","1.2022","1.1958","149.97K","0.30%"
"04/11/2022","1.1971","1.1919","1.1989","1.1900","141.19K","-0.08%"
"04/08/2022","1.1980","1.2018","1.2039","1.1957","143.99K","-0.32%"
"04/07/2022","1.2018","1.1996","1.2030","1.1953","149.70K","0.19%"
"04/06/2022","1.1995","1.1997","1.2014","1.1969","155.93K","0.07%"
"04/05/2022","1.1987","1.1952","1.2010","1.1940","134.26K","0.28%"
"04/04/2022","1.1953","1.1863","1.1961","1.1857","167.12K","0.76%"
"04/01/2022","1.1863","1.1871","1.1896","1.1844","240.49K","-0.06%"
"03/31/2022","1.1870","1.1770","1.1880","1.1745","177.77K","0.86%"
"03/30/2022","1.1769","1.1808","1.1835","1.1766","187.70K","-0.33%"
"03/29/2022","1.1808","1.1917","1.1929","1.1788","204.81K","-0.91%"
"03/28/2022","1.1917","1.2009","1.2020","1.1903","152.83K","-0.70%"
"03/25/2022","1.2001","1.1992","1.2016","1.1945","149.64K","0.08%"
"03/24/2022","1.1992","1.2000","1.2027","1.1973","145.15K","-0.06%"
"03/23/2022","1.1999","1.2024","1.2056","1.1991","156.23K","-0.21%"
"03/22/2022","1.2024","1.1952","1.2039","1.1940","174.14K","0.58%"
"03/21/2022","1.1955","1.1922","1.1965","1.1880","146.03K","0.24%"
"03/18/2022","1.1926","1.1855","1.1939","1.1849","147.90K","0.60%"
"03/17/2022","1.1855","1.1915","1.1957","1.1820","192.47K","-0.53%"
"03/16/2022","1.1918","1.1907","1.1940","1.1862","206.85K","0.11%"
"03/15/2022","1.1905","1.1885","1.1931","1.1824","204.43K","0.17%"
"03/14/2022","1.1885","1.1949","1.1965","1.1860","167.72K","-0.54%"
"03/11/2022","1.1949","1.1914","1.1964","1.1874","216.57K","0.30%"
"03/10/2022","1.1913","1.1902","1.1954","1.1853","214.91K","0.11%"
"03/09/2022","1.1900","1.2021","1.2027","1.1877","231.48K","-1.01%"
"03/08/2022","1.2022","1.2073","1.2081","1.1976","235.51K","-0.43%"
"03/07/2022","1.2074","1.2105","1.2194","1.2039","238.04K","-0.26%"
"03/04/2022","1.2105","1.2063","1.2153","1.2055","209.45K","0.34%"
"03/03/2022","1.2064","1.2054","1.2088","1.2046","195.28K","0.08%"
"03/02/2022","1.2054","1.1974","1.2060","1.1959","186.85K","0.65%"
"03/01/2022","1.1976","1.1964","1.2026","1.1947","211.96K","0.13%"
"02/28/2022","1.1961","1.1897","1.1991","1.1866","205.16K","0.54%"
"02/25/2022","1.1897","1.1952","1.1985","1.1891","187.03K","-0.45%"
"02/24/2022","1.1951","1.1974","1.2042","1.1933","248.45K","-0.19%"
"02/23/2022","1.1974","1.1993","1.2014","1.1968","162.08K","-0.18%"
"02/22/2022","1.1995","1.2022","1.2036","1.1928","194.49K","-0.24%"
"02/21/2022","1.2024","1.2013","1.2033","1.1970","128.53K","0.17%"
"02/18/2022","1.2004","1.1983","1.2012","1.1965","165.30K","0.14%"
"02/17/2022","1.1987","1.1944","1.2001","1.1934","193.22K","0.35%"
"02/16/2022","1.1945","1.1917","1.1958","1.1900","174.58K","0.22%"
"02/15/2022","1.1919","1.1964","1.1977","1.1903","171.92K","-0.38%"
"02/14/2022","1.1964","1.1948","1.1988","1.1921","182.90K","0.13%"
"02/11/2022","1.1948","1.1861","1.1964","1.1858","199.21K","0.72%"
"02/10/2022","1.1863","1.1847","1.1892","1.1837","191.48K","0.14%"
"02/09/2022","1.1847","1.1862","1.1889","1.1831","154.02K","-0.14%"
"02/08/2022","1.1864","1.1831","1.1889","1.1820","211.56K","0.29%"
"02/07/2022","1.1830","1.1818","1.1854","1.1793","179.11K","0.09%"
"02/04/2022","1.1819","1.1888","1.1898","1.1804","197.10K","-0.57%"
"02/03/2022","1.1887","1.2011","1.2073","1.1879","168.85K","-1.06%"
"02/02/2022","1.2014","1.1992","1.2015","1.1973","123.29K","0.14%"
"02/01/2022","1.1997","1.1971","1.2024","1.1959","133.78K","0.23%"
"01/31/2022","1.1970","1.2023","1.2043","1.1962","138.32K","-0.49%"
"01/28/2022","1.2029","1.2006","1.2043","1.1997","159.42K","0.14%"
"01/27/2022","1.2012","1.1979","1.2022","1.1963","167.75K","0.27%"
"01/26/2022","1.1980","1.1944","1.1990","1.1940","158.03K","0.25%"
"01/25/2022","1.1950","1.1910","1.1967","1.1900","191.30K","0.34%"
"01/24/2022","1.1909","1.1952","1.1978","1.1871","210.10K","-0.36%"
"01/21/2022","1.1952","1.2022","1.2028","1.1936","161.76K","-0.58%"
"01/20/2022","1.2022","1.1998","1.2043","1.1990","170.51K","0.21%"
"01/19/2022","1.1997","1.2003","1.2033","1.1985","205.62K","-0.05%"
"01/18/2022","1.2003","1.1961","1.2012","1.1933","233.28K","0.35%"
"01/17/2022","1.1961","1.1979","1.1990","1.1957","151.96K","-0.15%"
"01/14/2022","1.1979","1.1964","1.1991","1.1956","156.50K","0.11%"
"01/13/2022","1.1966","1.1975","1.1997","1.1959","147.19K","-0.07%"
"01/12/2022","1.1974","1.1994","1.2011","1.1966","133.85K","-0.18%"
"01/11/2022","1.1996","1.1987","1.2015","1.1974","129.77K","0.06%"
"01/10/2022","1.1989","1.1961","1.2004","1.1951","125.77K","0.23%"
"01/07/2022","1.1961","1.1982","1.1996","1.1952","106.10K","-0.18%"
"01/06/2022","1.1982","1.1982","1.1990","1.1942","159.35K","0.02%"
"01/05/2022","1.1980","1.1987","1.1999","1.1942","104.07K","-0.06%"
"01/04/2022","1.1987","1.1925","1.1998","1.1910","108.84K","0.50%"
"01/03/2022","1.1927","1.1900","1.1946","1.1875","79.86K","0.23%"
"12/31/2021","1.1900","1.1918","1.1952","1.1880","89.63K","-0.15%"
"12/30/2021","1.1918","1.1885","1.1936","1.1879","90.88K","0.28%"
"12/29/2021","1.1885","1.1879","1.1903","1.1869","100.31K","0.05%"
"12/28/2021","1.1879","1.1864","1.1904","1.1856","100.12K","0.10%"
"12/27/2021","1.1867","1.1827","1.1873","1.1826","78.54K","0.34%"
"12/24/2021","1.1827","1.1835","1.1864","1.1810","138.36K","-0.08%"
"12/23/2021","1.1837","1.1789","1.1885","1.1766","131.69K","0.42%"
"12/22/2021","1.1788","1.1764","1.1795","1.1741","133.01K","0.26%"
"12/21/2021","1.1757","1.1712","1.1766","1.1696","166.01K","0.38%"
"12/20/2021","1.1712","1.1784","1.1788","1.1694","171.55K","-0.56%"
"12/17/2021","1.1778","1.1759","1.1784","1.1725","161.52K","0.18%"
"12/16/2021","1.1757","1.1753","1.1832","1.1725","160.11K","0.04%"
"12/15/2021","1.1752","1.1759","1.1786","1.1724","204.16K","-0.06%"
"12/14/2021","1.1759","1.1714","1.1759","1.1689","252.53K","0.38%"
"12/13/2021","1.1714","1.1728","1.1766","1.1694","172.85K","-0.15%"
"12/10/2021","1.1732","1.1706","1.1733","1.1690","189.67K","0.21%"
"12/09/2021","1.1707","1.1642","1.1712","1.1633","197.72K","0.51%"
"12/08/2021","1.1648","1.1755","1.1759","1.1627","284.56K","-0.91%"
"12/07/2021","1.1755","1.1753","1.1783","1.1740","291.28K","0.02%"
"12/06/2021","1.1753","1.1689","1.1766","1.1676","221.81K","0.50%"
"12/03/2021","1.1695","1.1776","1.1777","1.1690","173.97K","-0.69%"
"12/02/2021","1.1776","1.1732","1.1782","1.1724","188.64K","0.38%"
"12/01/2021","1.1731","1.1730","1.1776","1.1721","246.37K","0.01%"
"11/30/2021","1.1730","1.1792","1.1804","1.1710","279.34K","-0.53%"
"11/29/2021","1.1792","1.1787","1.1842","1.1773","183.17K","0.07%"
"11/26/2021","1.1784","1.1886","1.1890","1.1768","258.08K","-0.86%"
"11/25/2021","1.1886","1.1902","1.1907","1.1853","189.01K","-0.13%"
"11/24/2021","1.1902","1.1894","1.1929","1.1882","186.36K","0.07%"
"11/23/2021","1.1894","1.1922","1.1928","1.1860","223.84K","-0.24%"
"11/22/2021","1.1923","1.1919","1.1934","1.1896","280.48K","0.04%"
"11/19/2021","1.1918","1.1864","1.1929","1.1861","153.62K","0.42%"
"11/18/2021","1.1868","1.1912","1.1932","1.1862","218.73K","-0.36%"
"11/17/2021","1.1911","1.1864","1.1929","1.1852","205.86K","0.41%"
"11/16/2021","1.1862","1.1807","1.1869","1.1788","185.73K","0.49%"
"11/15/2021","1.1804","1.1722","1.1809","1.1712","165.91K","0.77%"
"11/12/2021","1.1714","1.1677","1.1732","1.1668","149.49K","0.32%"
"11/11/2021","1.1677","1.1677","1.1707","1.1662","142.58K","0.01%"
"11/10/2021","1.1676","1.1695","1.1723","1.1673","177.00K","-0.15%"
"11/09/2021","1.1694","1.1701","1.1739","1.1679","148.55K","-0.07%"
"11/08/2021","1.1702","1.1669","1.1717","1.1641","155.56K","0.29%"
"11/05/2021","1.1668","1.1683","1.1700","1.1633","159.21K","-0.15%"
"11/04/2021","1.1685","1.1787","1.1818","1.1674","207.73K","-0.86%"
"11/03/2021","1.1786","1.1756","1.1805","1.1745","198.12K","0.23%"
"11/02/2021","1.1759","1.1772","1.1790","1.1744","186.05K","-0.13%"
"11/01/2021","1.1774","1.1833","1.1847","1.1764","175.73K","-0.57%"
"10/29/2021","1.1842","1.1806","1.1860","1.1801","175.53K","0.31%"
"10/28/2021","1.1805","1.1847","1.1875","1.1797","195.90K","-0.35%"
"10/27/2021","1.1847","1.1873","1.1879","1.1813","151.19K","-0.23%"
"10/26/2021","1.1874","1.1861","1.1903","1.1853","141.78K","0.10%"
"10/25/2021","1.1862","1.1818","1.1868","1.1809","158.36K","0.47%"
"10/22/2021","1.1806","1.1867","1.1878","1.1806","154.03K","-0.51%"
"10/21/2021","1.1867","1.1865","1.1875","1.1840","138.04K","0.01%"
"10/20/2021","1.1866","1.1858","1.1874","1.1818","132.24K","0.07%"
"10/19/2021","1.1858","1.1824","1.1873","1.1814","124.82K","0.30%"
"10/18/2021","1.1823","1.1853","1.1872","1.1813","151.61K","-0.27%"
"10/15/2021","1.1855","1.1792","1.1873","1.1780","154.91K","0.53%"
"10/14/2021","1.1793","1.1780","1.1830","1.1776","112.42K","0.08%"
"10/13/2021","1.1784","1.1786","1.1804","1.1766","184.28K","-0.02%"
"10/12/2021","1.1786","1.1767","1.1804","1.1738","126.46K","0.14%"
"10/11/2021","1.1770","1.1767","1.1807","1.1757","134.38K","0.03%"
"10/08/2021","1.1767","1.1788","1.1796","1.1759","127.13K","-0.20%"
"10/07/2021","1.1790","1.1753","1.1801","1.1731","141.64K","0.33%"
"10/06/2021","1.1751","1.1748","1.1775","1.1726","165.92K","-0.02%"
"10/05/2021","1.1753","1.1712","1.1763","1.1700","174.62K","0.35%"
"10/04/2021","1.1712","1.1683","1.1723","1.1663","128.58K","0.25%"
"10/01/2021","1.1683","1.1633","1.1706","1.1594","135.79K","0.43%"
"09/30/2021","1.1633","1.1579","1.1660","1.1569","175.86K","0.48%"
"09/29/2021","1.1578","1.1586","1.1612","1.1548","159.13K","-0.07%"
"09/28/2021","1.1586","1.1712","1.1731","1.1571","176.98K","-1.08%"
"09/27/2021","1.1713","1.1677","1.1729","1.1648","132.64K","0.35%"
"09/24/2021","1.1672","1.1689","1.1700","1.1658","142.39K","-0.13%"
"09/23/2021","1.1687","1.1659","1.1716","1.1640","155.83K","0.24%"
"09/22/2021","1.1659","1.1649","1.1665","1.1608","166.24K","0.07%"
"09/21/2021","1.1651","1.1648","1.1679","1.1633","147.93K","0.03%"
"09/20/2021","1.1648","1.1712","1.1727","1.1633","141.85K","-0.61%"
"09/17/2021","1.1720","1.1724","1.1736","1.1690","129.56K","0.00%"
"09/16/2021","1.1720","1.1711","1.1766","1.1697","172.14K","0.09%"
"09/15/2021","1.1710","1.1698","1.1726","1.1677","139.27K","0.08%"
"09/14/2021","1.1701","1.1714","1.1752","1.1692","150.01K","-0.14%"
"09/13/2021","1.1717","1.1716","1.1752","1.1706","118.73K","0.02%"
"09/10/2021","1.1715","1.1701","1.1739","1.1696","153.72K","0.13%"
"09/09/2021","1.1700","1.1654","1.1734","1.1642","138.51K","0.38%"
"09/08/2021","1.1656","1.1645","1.1659","1.1622","169.96K","0.09%"
"09/07/2021","1.1646","1.1656","1.1665","1.1608","162.89K","-0.09%"
"09/06/2021","1.1656","1.1667","1.1675","1.1646","105.42K","-0.11%"
"09/03/2021","1.1669","1.1649","1.1682","1.1633","160.70K","0.17%"
"09/02/2021","1.1649","1.1629","1.1662","1.1625","132.28K","0.15%"
"09/01/2021","1.1631","1.1647","1.1665","1.1622","154.04K","-0.15%"
"08/31/2021","1.1649","1.1665","1.1677","1.1626","143.56K","-0.13%"
"08/30/2021","1.1664","1.1667","1.1674","1.1651","97.65K","-0.01%"
"08/27/2021","1.1665","1.1658","1.1703","1.1642","179.62K","0.06%"
"08/26/2021","1.1658","1.1690","1.1698","1.1649","144.68K","-0.27%"
"08/25/2021","1.1690","1.1679","1.1697","1.1667","132.46K","0.09%"
"08/24/2021","1.1679","1.1679","1.1708","1.1663","93.44K","-0.02%"
"08/23/2021","1.1681","1.1658","1.1696","1.1635","113.24K","0.30%"
"08/20/2021","1.1646","1.1684","1.1692","1.1639","139.97K","-0.31%"
"08/19/2021","1.1682","1.1747","1.1759","1.1673","160.37K","-0.54%"
"08/18/2021","1.1746","1.1734","1.1759","1.1717","137.36K","0.10%"
"08/17/2021","1.1734","1.1759","1.1763","1.1713","129.34K","-0.22%"
"08/16/2021","1.1760","1.1757","1.1789","1.1728","135.67K","0.03%"
"08/13/2021","1.1757","1.1772","1.1780","1.1738","119.26K","-0.12%"
"08/12/2021","1.1771","1.1818","1.1823","1.1757","139.05K","-0.40%"
"08/11/2021","1.1818","1.1813","1.1822","1.1786","127.72K","0.04%"
"08/10/2021","1.1813","1.1796","1.1835","1.1790","215.08K","0.15%"
"08/09/2021","1.1795","1.1801","1.1820","1.1782","135.90K","0.00%"
"08/06/2021","1.1795","1.1771","1.1809","1.1765","125.34K","0.20%"
"08/05/2021","1.1771","1.1734","1.1780","1.1724","149.88K","0.30%"
"08/04/2021","1.1736","1.1730","1.1761","1.1718","140.25K","0.03%"
"08/03/2021","1.1732","1.1697","1.1732","1.1685","125.54K","0.30%"
"08/02/2021","1.1697","1.1713","1.1724","1.1684","107.20K","-0.13%"
"07/30/2021","1.1712","1.1746","1.1753","1.1711","135.75K","-0.27%"
"07/29/2021","1.1744","1.1735","1.1766","1.1731","162.88K","0.07%"
"07/28/2021","1.1736","1.1744","1.1769","1.1732","179.21K","-0.08%"
"07/27/2021","1.1745","1.1709","1.1751","1.1686","139.41K","0.30%"
"07/26/2021","1.1710","1.1683","1.1716","1.1662","111.40K","0.30%"
"07/23/2021","1.1675","1.1696","1.1703","1.1648","145.95K","-0.18%"
"07/22/2021","1.1696","1.1628","1.1710","1.1613","147.09K","0.59%"
"07/21/2021","1.1627","1.1567","1.1633","1.1547","143.95K","0.51%"
"07/20/2021","1.1568","1.1588","1.1603","1.1530","203.52K","-0.18%"
"07/19/2021","1.1589","1.1665","1.1676","1.1570","184.34K","-0.62%"
"07/16/2021","1.1661","1.1707","1.1733","1.1654","162.96K","-0.39%"
"07/15/2021","1.1707","1.1708","1.1751","1.1670","165.82K","-0.02%"
"07/14/2021","1.1709","1.1731","1.1762","1.1703","130.81K","-0.19%"
"07/13/2021","1.1731","1.1707","1.1736","1.1665","130.85K","0.23%"
"07/12/2021","1.1704","1.1710","1.1717","1.1672","177.56K","-0.02%"
"07/09/2021","1.1706","1.1640","1.1713","1.1628","146.08K","0.57%"
"07/08/2021","1.1640","1.1705","1.1710","1.1602","154.91K","-0.56%"
"07/07/2021","1.1706","1.1673","1.1708","1.1651","146.26K","0.28%"
"07/06/2021","1.1673","1.1673","1.1718","1.1658","209.02K","0.00%"
"07/05/2021","1.1673","1.1654","1.1681","1.1649","114.57K","0.20%"
"07/02/2021","1.1650","1.1618","1.1664","1.1608","131.29K","0.28%"
"07/01/2021","1.1618","1.1664","1.1677","1.1606","126.08K","-0.39%"
"06/30/2021","1.1664","1.1633","1.1672","1.1612","140.36K","0.28%"
"06/29/2021","1.1631","1.1643","1.1647","1.1614","133.79K","-0.10%"
"06/28/2021","1.1643","1.1632","1.1675","1.1627","113.85K","0.12%"
"06/25/2021","1.1629","1.1670","1.1674","1.1619","138.46K","-0.34%"
"06/24/2021","1.1669","1.1707","1.1720","1.1637","164.87K","-0.33%"
"06/23/2021","1.1708","1.1682","1.1727","1.1675","137.92K","0.21%"
"06/22/2021","1.1683","1.1691","1.1700","1.1651","159.31K","-0.08%"
"06/21/2021","1.1692","1.1643","1.1698","1.1621","203.92K","0.42%"
"06/18/2021","1.1643","1.1690","1.1708","1.1626","222.59K","-0.41%"
"06/17/2021","1.1691","1.1662","1.1709","1.1654","182.89K","0.24%"
"06/16/2021","1.1663","1.1615","1.1666","1.1608","156.20K","0.40%"
"06/15/2021","1.1616","1.1646","1.1652","1.1588","138.60K","-0.24%"
"06/14/2021","1.1644","1.1656","1.1667","1.1618","129.47K","-0.07%"
"06/11/2021","1.1652","1.1649","1.1673","1.1617","147.54K","0.03%"
"06/10/2021","1.1648","1.1592","1.1650","1.1569","153.70K","0.47%"
"06/09/2021","1.1593","1.1631","1.1645","1.1574","130.83K","-0.32%"
"06/08/2021","1.1630","1.1635","1.1638","1.1589","143.60K","-0.03%"
"06/07/2021","1.1633","1.1629","1.1659","1.1610","124.63K","-0.02%"
"06/04/2021","1.1635","1.1632","1.1677","1.1620","140.90K","0.02%"
"06/03/2021","1.1633","1.1606","1.1648","1.1599","139.79K","0.24%"
"06/02/2021","1.1605","1.1585","1.1630","1.1573","173.20K","0.16%"
"06/01/2021","1.1586","1.1625","1.1649","1.1566","168.52K","-0.33%"
"05/31/2021","1.1624","1.1633","1.1642","1.1607","165.99K","-0.11%"
"05/28/2021","1.1637","1.1647","1.1664","1.1617","154.50K","-0.09%"
"05/27/2021","1.1647","1.1582","1.1654","1.1563","220.42K","0.56%"
"05/26/2021","1.1582","1.1549","1.1591","1.1538","202.44K","0.28%"
"05/25/2021","1.1550","1.1591","1.1605","1.1530","211.92K","-0.35%"
"05/24/2021","1.1591","1.1627","1.1629","1.1559","185.95K","-0.22%"
"05/21/2021","1.1616","1.1605","1.1652","1.1586","207.82K","0.09%"
"05/20/2021","1.1606","1.1597","1.1614","1.1569","206.00K","0.09%"
"05/19/2021","1.1595","1.1610","1.1616","1.1568","216.96K","-0.12%"
"05/18/2021","1.1609","1.1628","1.1654","1.1601","207.57K","-0.19%"
"05/17/2021","1.1631","1.1607","1.1638","1.1583","164.21K","0.17%"
"05/14/2021","1.1611","1.1633","1.1637","1.1590","159.13K","-0.19%"
"05/13/2021","1.1633","1.1643","1.1654","1.1602","197.72K","-0.07%"
"05/12/2021","1.1641","1.1641","1.1684","1.1630","194.61K","-0.01%"
"05/11/2021","1.1642","1.1639","1.1654","1.1608","233.09K","-0.02%"
"05/10/2021","1.1644","1.1498","1.1646","1.1493","221.42K","1.36%"
"05/07/2021","1.1488","1.1510","1.1542","1.1487","176.36K","-0.19%"
"05/06/2021","1.1510","1.1583","1.1591","1.1494","208.02K","-0.62%"
"05/05/2021","1.1582","1.1560","1.1599","1.1555","227.98K","0.22%"
"05/04/2021","1.1557","1.1532","1.1568","1.1507","213.12K","0.22%"
"05/03/2021","1.1532","1.1494","1.1543","1.1474","138.80K","0.33%"
"04/30/2021","1.1494","1.1502","1.1521","1.1471","194.11K","-0.08%"
"04/29/2021","1.1503","1.1496","1.1531","1.1489","185.13K","0.10%"
"04/28/2021","1.1492","1.1507","1.1515","1.1483","174.81K","-0.14%"
"04/27/2021","1.1508","1.1507","1.1530","1.1490","221.67K","0.02%"
"04/26/2021","1.1506","1.1466","1.1519","1.1466","196.57K","0.33%"
"04/23/2021","1.1468","1.1517","1.1534","1.1467","179.67K","-0.43%"
"04/22/2021","1.1517","1.1574","1.1584","1.1490","213.33K","-0.49%"
"04/21/2021","1.1574","1.1579","1.1612","1.1566","210.55K","-0.06%"
"04/20/2021","1.1581","1.1621","1.1625","1.1569","203.60K","-0.35%"
"04/19/2021","1.1622","1.1543","1.1646","1.1530","167.39K","0.70%"
"04/16/2021","1.1541","1.1519","1.1555","1.1468","210.22K","0.17%"
"04/15/2021","1.1521","1.1505","1.1536","1.1494","234.79K","0.16%"
"04/14/2021","1.1503","1.1508","1.1536","1.1494","205.00K","-0.03%"
"04/13/2021","1.1507","1.1538","1.1576","1.1476","198.59K","-0.27%"
"04/12/2021","1.1538","1.1538","1.1577","1.1498","192.56K","0.18%"
"04/09/2021","1.1517","1.1528","1.1567","1.1496","172.27K","-0.10%"
"04/08/2021","1.1529","1.1575","1.1600","1.1517","186.99K","-0.35%"
"04/07/2021","1.1570","1.1641","1.1655","1.1541","226.99K","-0.61%"
"04/06/2021","1.1641","1.1769","1.1787","1.1637","177.96K","-1.06%"
"04/05/2021","1.1766","1.1757","1.1805","1.1748","111.27K","0.06%"
"04/02/2021","1.1759","1.1746","1.1766","1.1733","123.28K","0.11%"
"04/01/2021","1.1746","1.1750","1.1776","1.1717","242.72K","-0.03%"
"03/31/2021","1.1750","1.1729","1.1763","1.1712","235.84K","0.18%"
"03/30/2021","1.1729","1.1699","1.1734","1.1686","176.05K","0.26%"
"03/29/2021","1.1699","1.1694","1.1757","1.1677","200.79K","0.07%"
"03/26/2021","1.1691","1.1675","1.1717","1.1663","200.01K","0.15%"
"03/25/2021","1.1674","1.1587","1.1682","1.1570","219.90K","0.75%"
"03/24/2021","1.1587","1.1604","1.1613","1.1566","245.21K","-0.16%"
"03/23/2021","1.1605","1.1616","1.1632","1.1565","210.56K","-0.09%"
"03/22/2021","1.1616","1.1653","1.1665","1.1589","190.11K","-0.33%"
"03/19/2021","1.1654","1.1685","1.1718","1.1638","232.37K","-0.27%"
"03/18/2021","1.1685","1.1658","1.1721","1.1642","228.83K","0.23%"
"03/17/2021","1.1658","1.1671","1.1711","1.1618","218.74K","-0.12%"
"03/16/2021","1.1672","1.1648","1.1687","1.1572","200.32K","0.21%"
"03/15/2021","1.1647","1.1643","1.1692","1.1626","217.46K","-0.01%"
"03/12/2021","1.1648","1.1672","1.1692","1.1627","245.89K","-0.21%"
"03/11/2021","1.1673","1.1681","1.1700","1.1651","231.76K","-0.07%"
"03/10/2021","1.1681","1.1675","1.1699","1.1655","251.28K","0.04%"
"03/09/2021","1.1676","1.1671","1.1698","1.1645","286.15K","0.03%"
"03/08/2021","1.1673","1.1611","1.1675","1.1588","277.04K","0.49%"
"03/05/2021","1.1616","1.1611","1.1626","1.1557","271.95K","0.04%"
"03/04/2021","1.1611","1.1568","1.1636","1.1554","297.39K","0.37%"
"03/03/2021","1.1568","1.1542","1.1601","1.1536","278.29K","0.23%"
"03/02/2021","1.1542","1.1557","1.1580","1.1536","269.07K","-0.11%"
"03/01/2021","1.1555","1.1543","1.1603","1.1536","301.12K","0.15%"
"02/26/2021","1.1538","1.1509","1.1554","1.1452","336.07K","0.25%"
"02/25/2021","1.1509","1.1625","1.1635","1.1496","369.00K","-1.01%"
"02/24/2021","1.1627","1.1614","1.1708","1.1605","267.72K","0.10%"
"02/23/2021","1.1615","1.1570","1.1622","1.1553","296.13K","0.39%"
"02/22/2021","1.1570","1.1567","1.1585","1.1544","232.59K","0.03%"
"02/19/2021","1.1566","1.1559","1.1575","1.1522","267.53K","0.05%"
"02/18/2021","1.1560","1.1506","1.1574","1.1492","279.74K","0.47%"
"02/17/2021","1.1506","1.1485","1.1523","1.1468","317.75K","0.19%"
"02/16/2021","1.1484","1.1465","1.1500","1.1441","293.91K","0.17%"
"02/15/2021","1.1464","1.1425","1.1473","1.1421","210.07K","0.37%"
"02/12/2021","1.1422","1.1389","1.1439","1.1374","234.31K","0.29%"
"02/11/2021","1.1389","1.1414","1.1426","1.1378","264.56K","-0.22%"
"02/10/2021","1.1414","1.1401","1.1429","1.1387","316.04K","0.11%"
"02/09/2021","1.1401","1.1404","1.1416","1.1366","291.95K","-0.04%"
"02/08/2021","1.1405","1.1402","1.1416","1.1370","289.18K","0.01%"
"02/05/2021","1.1404","1.1430","1.1445","1.1391","257.92K","-0.22%"
"02/04/2021","1.1429","1.1341","1.1433","1.1311","259.82K","0.78%"
"02/03/2021","1.1340","1.1348","1.1370","1.1329","273.71K","-0.08%"
"02/02/2021","1.1349","1.1330","1.1372","1.1315","312.29K","0.17%"
"02/01/2021","1.1330","1.1296","1.1361","1.1285","300.58K","0.36%"
"01/29/2021","1.1289","1.1318","1.1339","1.1271","367.37K","-0.27%"
"01/28/2021","1.1319","1.1302","1.1331","1.1254","378.54K","0.17%"
"01/27/2021","1.1300","1.1298","1.1349","1.1288","315.83K","0.01%"
"01/26/2021","1.1299","1.1265","1.1305","1.1228","234.49K","0.29%"
"01/25/2021","1.1266","1.1242","1.1277","1.1237","249.27K","0.16%"
"01/22/2021","1.1248","1.1290","1.1294","1.1211","280.90K","-0.37%"
"01/21/2021","1.1290","1.1280","1.1327","1.1271","295.00K","0.09%"
"01/20/2021","1.1280","1.1237","1.1317","1.1231","271.12K","0.37%"
"01/19/2021","1.1238","1.1249","1.1258","1.1212","251.21K","-0.10%"
"01/18/2021","1.1249","1.1244","1.1261","1.1203","225.39K","0.01%"
"01/15/2021","1.1248","1.1259","1.1280","1.1225","259.82K","-0.11%"
"01/14/2021","1.1260","1.1220","1.1277","1.1210","260.14K","0.37%"
"01/13/2021","1.1219","1.1195","1.1259","1.1187","259.92K","0.21%"
"01/12/2021","1.1196","1.1123","1.1212","1.1111","273.81K","0.64%"
"01/11/2021","1.1125","1.1104","1.1128","1.1064","272.77K","0.21%"
"01/08/2021","1.1102","1.1053","1.1122","1.1049","239.36K","0.43%"
"01/07/2021","1.1054","1.1040","1.1094","1.1016","266.54K","0.13%"
"01/06/2021","1.1040","1.1080","1.1091","1.1005","259.85K","-0.35%"
"01/05/2021","1.1079","1.1080","1.1096","1.1042","262.94K","0.00%"
"01/04/2021","1.1079","1.1174","1.1182","1.1050","232.33K","-1.64%"
"01/01/2021","1.1264","1.1193","1.1264","1.1193","1.47K","0.61%"
"12/31/2020","1.1196","1.1079","1.1197","1.1065","241.30K","1.05%"
"12/30/2020","1.1080","1.1023","1.1097","1.1005","251.71K","0.52%"
"12/29/2020","1.1023","1.1010","1.1043","1.0996","231.61K","0.12%"
"12/28/2020","1.1010","1.1109","1.1139","1.0998","183.71K","-0.83%"
"12/25/2020","1.1102","1.1120","1.1151","1.1096","16.11K","-0.16%"
"12/24/2020","1.1120","1.1074","1.1171","1.1066","292.90K","0.42%"
"12/23/2020","1.1073","1.0986","1.1111","1.0978","371.23K","0.79%"
"12/22/2020","1.0986","1.1000","1.1010","1.0923","350.23K","-0.14%"
"12/21/2020","1.1001","1.0993","1.1026","1.0848","332.12K","-0.28%"
"12/18/2020","1.1032","1.1075","1.1082","1.1006","262.46K","-0.37%"
"12/17/2020","1.1073","1.1075","1.1134","1.1048","274.72K","-0.02%"
"12/16/2020","1.1075","1.1079","1.1122","1.1041","286.80K","-0.03%"
"12/15/2020","1.1078","1.0972","1.1085","1.0929","243.00K","0.98%"
"12/14/2020","1.0971","1.0965","1.1058","1.0948","201.24K","0.49%"
"12/11/2020","1.0918","1.0954","1.0972","1.0833","225.01K","-0.32%"
"12/10/2020","1.0953","1.1089","1.1104","1.0937","233.41K","-1.24%"
"12/09/2020","1.1090","1.1035","1.1133","1.1008","253.76K","0.50%"
"12/08/2020","1.1035","1.1048","1.1050","1.0965","288.69K","-0.12%"
"12/07/2020","1.1048","1.1090","1.1090","1.0941","265.22K","-0.35%"
"12/04/2020","1.1087","1.1071","1.1134","1.1027","281.80K","0.13%"
"12/03/2020","1.1073","1.1031","1.1115","1.1021","297.10K","0.38%"
"12/02/2020","1.1031","1.1116","1.1131","1.1006","249.05K","-0.76%"
"12/01/2020","1.1115","1.1170","1.1202","1.1099","236.70K","-0.47%"
"11/30/2020","1.1168","1.1132","1.1181","1.1107","207.81K","0.34%"
"11/27/2020","1.1130","1.1214","1.1220","1.1109","220.03K","-0.73%"
"11/26/2020","1.1212","1.1232","1.1236","1.1191","209.10K","-0.19%"
"11/25/2020","1.1233","1.1237","1.1250","1.1185","255.74K","-0.04%"
"11/24/2020","1.1237","1.1254","1.1270","1.1218","237.37K","-0.13%"
"11/23/2020","1.1252","1.1198","1.1280","1.1195","230.27K","0.41%"
"11/20/2020","1.1206","1.1168","1.1214","1.1154","251.09K","0.34%"
"11/19/2020","1.1168","1.1197","1.1208","1.1155","276.57K","-0.26%"
"11/18/2020","1.1197","1.1165","1.1219","1.1161","279.02K","0.29%"
"11/17/2020","1.1165","1.1134","1.1179","1.1123","244.12K","0.30%"
"11/16/2020","1.1132","1.1147","1.1172","1.1115","223.60K","-0.12%"
"11/13/2020","1.1145","1.1111","1.1158","1.1105","273.25K","0.32%"
"11/12/2020","1.1109","1.1226","1.1233","1.1104","311.12K","-1.05%"
"11/11/2020","1.1227","1.1231","1.1290","1.1210","305.42K","-0.05%"
"11/10/2020","1.1233","1.1143","1.1258","1.1130","338.05K","0.81%"
"11/09/2020","1.1143","1.1082","1.1147","1.1050","313.16K","0.56%"
"11/06/2020","1.1081","1.1113","1.1127","1.1040","316.68K","-0.30%"
"11/05/2020","1.1114","1.1078","1.1122","1.1025","307.58K","0.33%"
"11/04/2020","1.1077","1.1149","1.1184","1.1068","318.93K","-0.65%"
"11/03/2020","1.1149","1.1098","1.1153","1.1078","232.11K","0.47%"
"11/02/2020","1.1097","1.1109","1.1119","1.1049","223.38K","-0.13%"
"10/30/2020","1.1111","1.1074","1.1133","1.1045","289.21K","0.33%"
"10/29/2020","1.1075","1.1058","1.1104","1.1037","314.13K","0.19%"
"10/28/2020","1.1054","1.1059","1.1096","1.1017","272.99K","-0.05%"
"10/27/2020","1.1059","1.1028","1.1067","1.1006","220.11K","0.27%"
"10/26/2020","1.1029","1.1002","1.1062","1.0980","218.31K","0.30%"
"10/23/2020","1.0996","1.1070","1.1087","1.0979","253.16K","-0.67%"
"10/22/2020","1.1070","1.1088","1.1096","1.1053","248.71K","-0.16%"
"10/21/2020","1.1088","1.0949","1.1099","1.0941","250.95K","1.27%"
"10/20/2020","1.0949","1.1002","1.1014","1.0929","223.96K","-0.51%"
"10/19/2020","1.1005","1.1025","1.1085","1.0989","205.19K","-0.15%"
"10/16/2020","1.1021","1.1031","1.1059","1.0976","228.20K","-0.09%"
"10/15/2020","1.1031","1.1075","1.1092","1.1014","233.37K","-0.42%"
"10/14/2020","1.1078","1.1012","1.1105","1.0963","239.50K","0.59%"
"10/13/2020","1.1013","1.1061","1.1088","1.1006","259.95K","-0.41%"
"10/12/2020","1.1058","1.1040","1.1079","1.1012","217.66K","0.23%"
"10/09/2020","1.1033","1.1000","1.1035","1.0949","239.10K","0.30%"
"10/08/2020","1.1000","1.0984","1.1028","1.0961","288.54K","0.14%"
"10/07/2020","1.0985","1.0976","1.0998","1.0911","273.74K","0.08%"
"10/06/2020","1.0976","1.1016","1.1039","1.0956","264.90K","-0.35%"
"10/05/2020","1.1015","1.1039","1.1065","1.0997","210.25K","-0.25%"
"10/02/2020","1.1043","1.0974","1.1059","1.0958","302.48K","0.65%"
"10/01/2020","1.0972","1.1023","1.1037","1.0920","304.28K","-0.47%"
"09/30/2020","1.1024","1.0954","1.1033","1.0918","255.91K","0.65%"
"09/29/2020","1.0953","1.0998","1.1037","1.0933","229.99K","-0.45%"
"09/28/2020","1.1002","1.0959","1.1079","1.0953","210.54K","0.39%"
"09/25/2020","1.0959","1.0926","1.0968","1.0907","274.36K","0.33%"
"09/24/2020","1.0923","1.0912","1.0976","1.0890","313.97K","0.11%"
"09/23/2020","1.0911","1.0875","1.0946","1.0846","301.93K","0.32%"
"09/22/2020","1.0876","1.0888","1.0939","1.0844","272.02K","-0.11%"
"09/21/2020","1.0888","1.0907","1.0934","1.0871","270.81K","-0.20%"
"09/18/2020","1.0910","1.0949","1.0973","1.0894","270.89K","-0.36%"
"09/17/2020","1.0949","1.0974","1.1010","1.0904","298.58K","-0.24%"
"09/16/2020","1.0975","1.0880","1.0998","1.0859","233.72K","0.88%"
"09/15/2020","1.0879","1.0824","1.0890","1.0799","186.59K","0.50%"
"09/14/2020","1.0825","1.0805","1.0870","1.0789","160.58K","0.21%"
"09/11/2020","1.0802","1.0834","1.0860","1.0762","222.35K","-0.33%"
"09/10/2020","1.0838","1.1016","1.1021","1.0785","234.49K","-1.62%"
"09/09/2020","1.1016","1.1024","1.1037","1.0951","228.74K","-0.07%"
"09/08/2020","1.1024","1.1144","1.1157","1.1021","227.61K","-1.07%"
"09/07/2020","1.1143","1.1217","1.1227","1.1117","162.86K","-0.69%"
"09/04/2020","1.1220","1.1208","1.1238","1.1168","227.31K","0.11%"
"09/03/2020","1.1208","1.1264","1.1282","1.1191","238.84K","-0.48%"
"09/02/2020","1.1262","1.1235","1.1271","1.1222","215.82K","0.24%"
"09/01/2020","1.1235","1.1198","1.1254","1.1176","223.53K","0.29%"
"08/31/2020","1.1203","1.1221","1.1221","1.1151","192.96K","-0.12%"
"08/28/2020","1.1216","1.1167","1.1227","1.1140","234.95K","0.44%"
"08/27/2020","1.1167","1.1165","1.1202","1.1153","236.15K","0.01%"
"08/26/2020","1.1166","1.1113","1.1179","1.1105","207.24K","0.48%"
"08/25/2020","1.1113","1.1086","1.1133","1.1064","208.34K","0.27%"
"08/24/2020","1.1083","1.1097","1.1111","1.1056","186.34K","-0.12%"
"08/21/2020","1.1096","1.1142","1.1183","1.1090","233.99K","-0.40%"
"08/20/2020","1.1141","1.1066","1.1150","1.1026","254.27K","0.67%"
"08/19/2020","1.1067","1.1094","1.1109","1.1054","232.76K","-0.27%"
"08/18/2020","1.1097","1.1035","1.1102","1.1026","216.57K","0.53%"
"08/17/2020","1.1039","1.1052","1.1075","1.1022","189.16K","-0.10%"
"08/14/2020","1.1050","1.1057","1.1111","1.1045","190.01K","-0.07%"
"08/13/2020","1.1058","1.1061","1.1075","1.1045","207.80K","-0.03%"
"08/12/2020","1.1061","1.1119","1.1127","1.1043","180.63K","-0.49%"
"08/11/2020","1.1115","1.1136","1.1151","1.1098","208.65K","-0.19%"
"08/10/2020","1.1136","1.1063","1.1141","1.1061","185.49K","0.57%"
"08/07/2020","1.1073","1.1075","1.1094","1.1055","221.44K","0.02%"
"08/06/2020","1.1071","1.1054","1.1132","1.1045","243.62K","0.14%"
"08/05/2020","1.1055","1.1075","1.1099","1.1037","209.72K","-0.17%"
"08/04/2020","1.1074","1.1115","1.1124","1.1059","201.16K","-0.37%"
"08/03/2020","1.1115","1.1103","1.1136","1.1090","212.91K","0.05%"
"07/31/2020","1.1109","1.1054","1.1137","1.1031","256.77K","0.50%"
"07/30/2020","1.1054","1.1022","1.1094","1.1012","262.60K","0.30%"
"07/29/2020","1.1021","1.1038","1.1070","1.1001","224.74K","-0.15%"
"07/28/2020","1.1038","1.0963","1.1048","1.0946","233.63K","0.68%"
"07/27/2020","1.0963","1.0976","1.0996","1.0930","232.20K","-0.12%"
"07/24/2020","1.0976","1.0987","1.1010","1.0957","252.62K","-0.11%"
"07/23/2020","1.0988","1.1006","1.1017","1.0958","244.74K","-0.16%"
"07/22/2020","1.1006","1.1045","1.1050","1.0943","227.91K","-0.35%"
"07/21/2020","1.1045","1.1063","1.1113","1.1039","217.94K","-0.16%"
"07/20/2020","1.1063","1.1001","1.1077","1.0941","207.65K","0.60%"
"07/17/2020","1.0997","1.1026","1.1042","1.0945","222.91K","-0.25%"
"07/16/2020","1.1025","1.1027","1.1044","1.0993","248.42K","-0.01%"
"07/15/2020","1.1026","1.1013","1.1060","1.1005","243.97K","0.13%"
"07/14/2020","1.1012","1.1071","1.1078","1.0970","246.99K","-0.52%"
"07/13/2020","1.1070","1.1164","1.1181","1.1062","205.18K","-0.90%"
"07/10/2020","1.1170","1.1172","1.1191","1.1147","208.70K","0.00%"
"07/09/2020","1.1170","1.1130","1.1181","1.1109","229.20K","0.34%"
"07/08/2020","1.1132","1.1126","1.1145","1.1096","230.70K","0.04%"
"07/07/2020","1.1127","1.1047","1.1155","1.1038","238.27K","0.72%"
"07/06/2020","1.1047","1.1107","1.1108","1.1026","202.88K","-0.47%"
"07/03/2020","1.1099","1.1093","1.1111","1.1073","234.83K","0.05%"
"07/02/2020","1.1093","1.1088","1.1109","1.1068","245.87K","0.05%"
"07/01/2020","1.1087","1.1041","1.1097","1.1012","221.85K","0.43%"
"06/30/2020","1.1040","1.0940","1.1043","1.0934","255.79K","0.91%"
"06/29/2020","1.0940","1.0987","1.1009","1.0894","248.77K","-0.50%"
"06/26/2020","1.0995","1.1067","1.1083","1.0987","252.27K","-0.67%"
"06/25/2020","1.1069","1.1039","1.1112","1.1029","275.94K","0.28%"
"06/24/2020","1.1038","1.1071","1.1092","1.1019","274.77K","-0.30%"
"06/23/2020","1.1071","1.1069","1.1090","1.1012","283.08K","0.02%"
"06/22/2020","1.1069","1.1046","1.1088","1.1022","254.11K","0.11%"
"06/19/2020","1.1057","1.1091","1.1105","1.1020","269.14K","-0.30%"
"06/18/2020","1.1090","1.1167","1.1176","1.1057","278.01K","-0.69%"
"06/17/2020","1.1167","1.1166","1.1191","1.1122","298.26K","0.01%"
"06/16/2020","1.1166","1.1132","1.1225","1.1122","278.00K","0.31%"
"06/15/2020","1.1131","1.1140","1.1161","1.1080","273.89K","-0.10%"
"06/12/2020","1.1142","1.1152","1.1177","1.1113","290.89K","-0.10%"
"06/11/2020","1.1153","1.1208","1.1214","1.1090","310.51K","-0.51%"
"06/10/2020","1.1210","1.1222","1.1260","1.1195","276.17K","-0.14%"
"06/09/2020","1.1226","1.1266","1.1283","1.1182","263.14K","-0.35%"
"06/08/2020","1.1265","1.1233","1.1276","1.1199","222.64K","0.38%"
"06/05/2020","1.1222","1.1109","1.1256","1.1101","258.37K","1.02%"
"06/04/2020","1.1109","1.1193","1.1203","1.1100","262.44K","-0.75%"
"06/03/2020","1.1193","1.1235","1.1265","1.1185","284.71K","-0.37%"
"06/02/2020","1.1235","1.1219","1.1280","1.1207","272.94K","0.12%"
"06/01/2020","1.1221","1.1120","1.1235","1.1079","230.98K","0.87%"
"05/29/2020","1.1124","1.1122","1.1140","1.1043","262.16K","0.02%"
"05/28/2020","1.1122","1.1134","1.1161","1.1115","267.14K","-0.10%"
"05/27/2020","1.1133","1.1229","1.1254","1.1117","264.61K","-0.87%"
"05/26/2020","1.1231","1.1184","1.1266","1.1177","232.48K","0.43%"
"05/25/2020","1.1183","1.1168","1.1203","1.1163","152.09K","0.13%"
"05/22/2020","1.1168","1.1164","1.1203","1.1145","248.08K","0.04%"
"05/21/2020","1.1163","1.1149","1.1183","1.1108","224.56K","0.13%"
"05/20/2020","1.1149","1.1212","1.1225","1.1130","244.46K","-0.62%"
"05/19/2020","1.1218","1.1174","1.1234","1.1160","238.11K","0.39%"
"05/18/2020","1.1174","1.1174","1.1246","1.1156","195.83K","-0.17%"
"05/15/2020","1.1193","1.1317","1.1327","1.1183","227.99K","-1.10%"
"05/14/2020","1.1317","1.1305","1.1332","1.1271","258.64K","0.10%"
"05/13/2020","1.1306","1.1303","1.1355","1.1263","251.80K","0.03%"
"05/12/2020","1.1303","1.1416","1.1430","1.1296","262.58K","-0.97%"
"05/11/2020","1.1414","1.1442","1.1475","1.1354","217.35K","-0.29%"
"05/08/2020","1.1447","1.1411","1.1481","1.1399","236.77K","0.32%"
"05/07/2020","1.1411","1.1434","1.1485","1.1374","240.79K","-0.20%"
"05/06/2020","1.1434","1.1471","1.1498","1.1418","214.08K","-0.36%"
"05/05/2020","1.1475","1.1409","1.1509","1.1399","199.62K","0.59%"
"05/04/2020","1.1408","1.1383","1.1424","1.1343","179.72K","0.18%"
"05/01/2020","1.1388","1.1495","1.1508","1.1367","215.15K","-0.92%"
"04/30/2020","1.1494","1.1465","1.1537","1.1435","264.40K","0.24%"
"04/29/2020","1.1466","1.1484","1.1505","1.1419","258.63K","-0.16%"
"04/28/2020","1.1484","1.1479","1.1511","1.1458","255.70K","0.06%"
"04/27/2020","1.1477","1.1431","1.1483","1.1423","226.53K","0.41%"
"04/24/2020","1.1430","1.1454","1.1480","1.1403","249.55K","-0.30%"
"04/23/2020","1.1464","1.1395","1.1484","1.1385","254.15K","0.60%"
"04/22/2020","1.1396","1.1324","1.1400","1.1313","237.96K","0.64%"
"04/21/2020","1.1323","1.1450","1.1461","1.1280","246.69K","-1.10%"
"04/20/2020","1.1449","1.1500","1.1509","1.1435","229.40K","-0.41%"
"04/17/2020","1.1496","1.1497","1.1518","1.1460","249.54K","0.01%"
"04/16/2020","1.1495","1.1471","1.1502","1.1454","252.52K","0.19%"
"04/15/2020","1.1473","1.1496","1.1501","1.1432","236.20K","-0.20%"
"04/14/2020","1.1496","1.1463","1.1519","1.1441","226.72K","0.28%"
"04/13/2020","1.1464","1.1389","1.1487","1.1369","149.68K","0.66%"
"04/10/2020","1.1389","1.1397","1.1419","1.1380","121.38K","-0.08%"
"04/09/2020","1.1398","1.1406","1.1463","1.1379","254.74K","-0.09%"
"04/08/2020","1.1408","1.1323","1.1436","1.1313","265.75K","0.75%"
"04/07/2020","1.1323","1.1332","1.1364","1.1279","300.01K","-0.08%"
"04/06/2020","1.1332","1.1349","1.1412","1.1290","251.90K","-0.11%"
"04/03/2020","1.1344","1.1415","1.1443","1.1314","272.71K","-0.62%"
"04/02/2020","1.1415","1.1288","1.1444","1.1280","295.06K","1.11%"
"04/01/2020","1.1290","1.1259","1.1384","1.1220","268.28K","0.28%"
"03/31/2020","1.1259","1.1242","1.1349","1.1144","277.10K","0.18%"
"03/30/2020","1.1239","1.1179","1.1279","1.1121","259.05K","0.52%"
"03/27/2020","1.1181","1.1065","1.1231","1.0994","304.76K","1.05%"
"03/26/2020","1.1065","1.0924","1.1070","1.0820","290.20K","1.35%"
"03/25/2020","1.0918","1.0899","1.1046","1.0779","286.13K","0.17%"
"03/24/2020","1.0899","1.0770","1.0937","1.0723","286.87K","1.19%"
"03/23/2020","1.0771","1.0905","1.0976","1.0649","266.74K","-1.06%"
"03/20/2020","1.0886","1.0744","1.1118","1.0704","306.15K","1.32%"
"03/19/2020","1.0744","1.0642","1.0964","1.0522","313.27K","0.98%"
"03/18/2020","1.0640","1.0960","1.1029","1.0601","284.35K","-2.92%"
"03/17/2020","1.0960","1.0972","1.1033","1.0936","279.46K","-0.09%"
"03/16/2020","1.0970","1.1066","1.1130","1.0927","279.82K","-0.78%"
"03/13/2020","1.1056","1.1241","1.1309","1.1048","306.99K","-1.65%"
"03/12/2020","1.1241","1.1374","1.1398","1.1217","285.97K","-1.21%"
"03/11/2020","1.1379","1.1440","1.1479","1.1309","258.95K","-0.56%"
"03/10/2020","1.1443","1.1474","1.1521","1.1383","259.75K","-0.24%"
"03/09/2020","1.1471","1.1554","1.1563","1.1395","267.84K","-0.80%"
"03/06/2020","1.1563","1.1535","1.1566","1.1469","251.14K","0.23%"
"03/05/2020","1.1536","1.1559","1.1601","1.1510","215.04K","-0.20%"
"03/04/2020","1.1559","1.1468","1.1564","1.1435","209.32K","0.80%"
"03/03/2020","1.1467","1.1454","1.1521","1.1434","237.21K","0.11%"
"03/02/2020","1.1454","1.1652","1.1652","1.1437","238.32K","-1.50%"
"02/28/2020","1.1628","1.1714","1.1736","1.1571","235.85K","-0.74%"
"02/27/2020","1.1715","1.1857","1.1865","1.1704","233.58K","-1.22%"
"02/26/2020","1.1860","1.1953","1.1970","1.1844","223.57K","-0.78%"
"02/25/2020","1.1953","1.1915","1.1995","1.1900","216.01K","0.39%"
"02/24/2020","1.1907","1.1954","1.1986","1.1892","196.29K","-0.44%"
"02/21/2020","1.1960","1.1944","1.1988","1.1925","179.91K","0.13%"
"02/20/2020","1.1945","1.1958","1.1967","1.1881","189.73K","-0.10%"
"02/19/2020","1.1957","1.2044","1.2058","1.1949","181.20K","-0.74%"
"02/18/2020","1.2046","1.2003","1.2077","1.1977","179.84K","0.34%"
"02/17/2020","1.2005","1.2032","1.2051","1.1995","145.09K","-0.34%"
"02/14/2020","1.2046","1.2035","1.2051","1.1983","181.65K","0.10%"
"02/13/2020","1.2034","1.1919","1.2056","1.1903","193.76K","0.96%"
"02/12/2020","1.1920","1.1866","1.1933","1.1858","173.27K","0.46%"
"02/11/2020","1.1866","1.1837","1.1878","1.1820","177.68K","0.24%"
"02/10/2020","1.1837","1.1776","1.1847","1.1757","189.51K","0.48%"
"02/07/2020","1.1780","1.1773","1.1820","1.1766","175.83K","0.03%"
"02/06/2020","1.1776","1.1820","1.1825","1.1767","186.58K","-0.38%"
"02/05/2020","1.1821","1.1799","1.1858","1.1776","173.03K","0.19%"
"02/04/2020","1.1799","1.1750","1.1816","1.1711","176.20K","0.42%"
"02/03/2020","1.1750","1.1915","1.1915","1.1738","169.92K","-1.25%"
"01/31/2020","1.1899","1.1871","1.1925","1.1856","180.64K","0.24%"
"01/30/2020","1.1871","1.1827","1.1889","1.1780","182.06K","0.38%"
"01/29/2020","1.1826","1.1820","1.1841","1.1807","164.03K","0.05%"
"01/28/2020","1.1820","1.1849","1.1858","1.1793","168.46K","-0.24%"
"01/27/2020","1.1848","1.1860","1.1894","1.1833","172.69K","-0.12%"
"01/24/2020","1.1862","1.1872","1.1922","1.1841","166.38K","-0.08%"
"01/23/2020","1.1872","1.1847","1.1883","1.1822","130.94K","0.21%"
"01/22/2020","1.1847","1.1774","1.1873","1.1761","166.92K","0.62%"
"01/21/2020","1.1774","1.1729","1.1778","1.1714","158.88K","0.40%"
"01/20/2020","1.1727","1.1720","1.1738","1.1690","148.56K","-0.03%"
"01/17/2020","1.1731","1.1745","1.1783","1.1718","158.61K","-0.11%"
"01/16/2020","1.1744","1.1692","1.1754","1.1679","178.86K","0.44%"
"01/15/2020","1.1692","1.1697","1.1715","1.1657","175.38K","-0.04%"
"01/14/2020","1.1697","1.1666","1.1712","1.1630","178.45K","0.28%"
"01/13/2020","1.1664","1.1743","1.1748","1.1650","174.25K","-0.67%"
"01/10/2020","1.1743","1.1766","1.1795","1.1735","172.37K","-0.20%"
"01/09/2020","1.1766","1.1797","1.1806","1.1718","180.38K","-0.25%"
"01/08/2020","1.1795","1.1768","1.1829","1.1740","205.29K","0.24%"
"01/07/2020","1.1767","1.1763","1.1814","1.1726","175.67K","0.07%"
"01/06/2020","1.1759","1.1709","1.1778","1.1701","153.76K","0.29%"
"01/03/2020","1.1725","1.1767","1.1776","1.1704","163.54K","-0.35%"
"01/02/2020","1.1766","1.1822","1.1823","1.1743","133.23K","-0.47%"
"01/01/2020","1.1822","1.1828","1.1837","1.1798","10.32K","-0.11%"
"12/31/2019","1.1835","1.1713","1.1835","1.1692","151.97K","1.06%"
"12/30/2019","1.1711","1.1689","1.1750","1.1685","147.91K","0.09%"
"12/27/2019","1.1701","1.1707","1.1753","1.1673","136.93K","-0.06%"
"12/26/2019","1.1708","1.1686","1.1726","1.1677","130.61K","0.19%"
"12/25/2019","1.1686","1.1676","1.1718","1.1640","51.17K","0.09%"
"12/24/2019","1.1675","1.1667","1.1706","1.1647","163.99K","0.07%"
"12/23/2019","1.1667","1.1726","1.1759","1.1637","145.38K","-0.60%"
"12/20/2019","1.1738","1.1698","1.1799","1.1690","154.84K","0.35%"
"12/19/2019","1.1697","1.1769","1.1799","1.1686","158.98K","-0.60%"
"12/18/2019","1.1768","1.1776","1.1789","1.1739","156.82K","-0.07%"
"12/17/2019","1.1776","1.1964","1.1971","1.1749","156.02K","-1.56%"
"12/16/2019","1.1963","1.1985","1.2047","1.1953","161.52K","-0.18%"
"12/13/2019","1.1984","1.1831","1.2083","1.1824","219.75K","1.32%"
"12/12/2019","1.1828","1.1862","1.1876","1.1751","190.78K","-0.23%"
"12/11/2019","1.1855","1.1861","1.1891","1.1816","162.97K","-0.04%"
"12/10/2019","1.1860","1.1886","1.1911","1.1856","137.72K","-0.18%"
"12/09/2019","1.1881","1.1886","1.1917","1.1865","131.63K","0.02%"
"12/06/2019","1.1879","1.1850","1.1890","1.1808","145.02K","0.25%"
"12/05/2019","1.1849","1.1828","1.1864","1.1825","151.92K","0.17%"
"12/04/2019","1.1829","1.1723","1.1834","1.1721","164.79K","0.90%"
"12/03/2019","1.1724","1.1677","1.1749","1.1667","155.12K","0.40%"
"12/02/2019","1.1677","1.1731","1.1746","1.1661","156.21K","-0.54%"
"11/29/2019","1.1740","1.1728","1.1751","1.1704","155.33K","0.09%"
"11/28/2019","1.1730","1.1749","1.1768","1.1718","169.54K","-0.15%"
"11/27/2019","1.1748","1.1675","1.1751","1.1648","161.61K","0.63%"
"11/26/2019","1.1675","1.1712","1.1725","1.1652","162.21K","-0.32%"
"11/25/2019","1.1712","1.1639","1.1726","1.1639","158.57K","0.63%"
"11/22/2019","1.1639","1.1677","1.1683","1.1619","168.96K","-0.34%"
"11/21/2019","1.1679","1.1672","1.1705","1.1653","176.58K","0.06%"
"11/20/2019","1.1672","1.1669","1.1684","1.1650","172.13K","0.04%"
"11/19/2019","1.1667","1.1700","1.1715","1.1652","159.54K","-0.28%"
"11/18/2019","1.1700","1.1677","1.1736","1.1666","156.95K","0.23%"
"11/15/2019","1.1673","1.1686","1.1698","1.1662","164.60K","-0.11%"
"11/14/2019","1.1686","1.1675","1.1705","1.1651","169.35K","0.09%"
"11/13/2019","1.1675","1.1671","1.1687","1.1641","146.27K","0.06%"
"11/12/2019","1.1668","1.1651","1.1687","1.1618","148.73K","0.15%"
"11/11/2019","1.1651","1.1593","1.1686","1.1593","131.26K","0.52%"
"11/08/2019","1.1591","1.1596","1.1632","1.1585","158.51K","-0.05%"
"11/07/2019","1.1597","1.1616","1.1627","1.1549","207.00K","-0.18%"
"11/06/2019","1.1618","1.1635","1.1642","1.1603","162.88K","-0.15%"
"11/05/2019","1.1635","1.1578","1.1650","1.1565","185.86K","0.49%"
"11/04/2019","1.1578","1.1602","1.1602","1.1564","163.96K","-0.05%"
"11/01/2019","1.1584","1.1605","1.1635","1.1577","176.96K","-0.18%"
"10/31/2019","1.1605","1.1571","1.1629","1.1563","203.41K","0.29%"
"10/30/2019","1.1572","1.1579","1.1613","1.1561","172.90K","-0.06%"
"10/29/2019","1.1579","1.1590","1.1620","1.1559","159.34K","-0.09%"
"10/28/2019","1.1590","1.1574","1.1609","1.1556","142.30K","0.15%"
"10/25/2019","1.1573","1.1574","1.1588","1.1532","172.88K","-0.01%"
"10/24/2019","1.1574","1.1606","1.1630","1.1525","201.05K","-0.28%"
"10/23/2019","1.1606","1.1570","1.1609","1.1546","199.29K","0.29%"
"10/22/2019","1.1572","1.1623","1.1660","1.1565","193.91K","-0.46%"
"10/21/2019","1.1625","1.1595","1.1659","1.1545","188.52K","0.11%"
"10/18/2019","1.1612","1.1588","1.1626","1.1541","202.10K","0.21%"
"10/17/2019","1.1588","1.1590","1.1667","1.1490","229.39K","-0.02%"
"10/16/2019","1.1590","1.1590","1.1632","1.1471","213.36K","-0.01%"
"10/15/2019","1.1591","1.1433","1.1593","1.1426","212.38K","1.39%"
"10/14/2019","1.1432","1.1453","1.1476","1.1348","185.61K","-0.19%"
"10/11/2019","1.1454","1.1304","1.1504","1.1272","225.68K","1.31%"
"10/10/2019","1.1306","1.1126","1.1326","1.1085","212.59K","1.62%"
"10/09/2019","1.1126","1.1153","1.1188","1.1115","166.27K","-0.24%"
"10/08/2019","1.1153","1.1204","1.1210","1.1108","176.02K","-0.46%"
"10/07/2019","1.1204","1.1230","1.1235","1.1191","135.86K","-0.27%"
"10/04/2019","1.1234","1.1247","1.1263","1.1187","181.03K","-0.09%"
"10/03/2019","1.1244","1.1225","1.1304","1.1207","184.30K","0.17%"
"10/02/2019","1.1225","1.1254","1.1263","1.1204","164.06K","-0.30%"
"10/01/2019","1.1259","1.1275","1.1306","1.1188","178.27K","-0.16%"
"09/30/2019","1.1277","1.1234","1.1325","1.1224","159.90K","0.38%"
"09/27/2019","1.1234","1.1284","1.1306","1.1228","184.55K","-0.43%"
"09/26/2019","1.1283","1.1288","1.1308","1.1252","196.37K","-0.04%"
"09/25/2019","1.1287","1.1334","1.1347","1.1258","178.37K","-0.41%"
"09/24/2019","1.1334","1.1307","1.1363","1.1294","177.88K","0.23%"
"09/23/2019","1.1308","1.1323","1.1346","1.1290","153.56K","-0.16%"
"09/20/2019","1.1326","1.1349","1.1382","1.1304","192.18K","-0.15%"
"09/19/2019","1.1343","1.1308","1.1360","1.1243","188.76K","0.31%"
"09/18/2019","1.1308","1.1291","1.1340","1.1259","183.26K","0.16%"
"09/17/2019","1.1290","1.1304","1.1315","1.1248","195.58K","-0.07%"
"09/16/2019","1.1298","1.1287","1.1307","1.1233","195.59K","0.09%"
"09/13/2019","1.1288","1.1150","1.1292","1.1140","206.07K","1.25%"
"09/12/2019","1.1149","1.1196","1.1256","1.1137","221.61K","-0.43%"
"09/11/2019","1.1197","1.1182","1.1231","1.1170","187.66K","0.13%"
"09/10/2019","1.1182","1.1176","1.1212","1.1142","184.42K","0.05%"
"09/09/2019","1.1176","1.1156","1.1232","1.1092","184.59K","0.36%"
"09/06/2019","1.1136","1.1177","1.1183","1.1126","219.01K","-0.36%"
"09/05/2019","1.1176","1.1104","1.1179","1.1072","237.50K","0.66%"
"09/04/2019","1.1103","1.1013","1.1110","1.1005","225.97K","0.82%"
"09/03/2019","1.1013","1.1001","1.1047","1.0930","224.87K","0.09%"
"09/02/2019","1.1003","1.1051","1.1080","1.0976","166.41K","-0.53%"
"08/30/2019","1.1062","1.1016","1.1088","1.1006","208.54K","0.34%"
"08/29/2019","1.1025","1.1024","1.1050","1.0995","209.47K","0.01%"
"08/28/2019","1.1024","1.1081","1.1085","1.0961","207.32K","-0.51%"
"08/27/2019","1.1081","1.1005","1.1094","1.0994","197.01K","0.69%"
"08/26/2019","1.1005","1.0997","1.1036","1.0976","206.99K","-0.12%"
"08/23/2019","1.1018","1.1059","1.1069","1.0994","226.14K","-0.37%"
"08/22/2019","1.1059","1.0941","1.1079","1.0918","202.38K","1.08%"
"08/21/2019","1.0941","1.0964","1.0972","1.0913","197.15K","-0.21%"
"08/20/2019","1.0964","1.0946","1.0991","1.0887","202.50K","0.16%"
"08/19/2019","1.0947","1.0956","1.0976","1.0904","177.37K","-0.09%"
"08/16/2019","1.0957","1.0881","1.1001","1.0872","184.07K","0.69%"
"08/15/2019","1.0882","1.0827","1.0927","1.0808","207.08K","0.51%"
"08/14/2019","1.0827","1.0796","1.0837","1.0779","211.01K","0.29%"
"08/13/2019","1.0796","1.0768","1.0822","1.0756","210.82K","0.26%"
"08/12/2019","1.0768","1.0744","1.0815","1.0723","183.21K","0.24%"
"08/09/2019","1.0742","1.0852","1.0862","1.0730","201.01K","-1.01%"
"08/08/2019","1.0852","1.0842","1.0864","1.0789","220.55K","0.09%"
"08/07/2019","1.0842","1.0865","1.0884","1.0808","231.89K","-0.21%"
"08/06/2019","1.0865","1.0838","1.0924","1.0810","229.67K","0.24%"
"08/05/2019","1.0839","1.0932","1.0957","1.0833","225.52K","-0.94%"
"08/02/2019","1.0942","1.0946","1.0960","1.0903","221.38K","-0.04%"
"08/01/2019","1.0946","1.0979","1.0996","1.0929","234.25K","-0.29%"
"07/31/2019","1.0978","1.0893","1.1006","1.0888","205.15K","0.78%"
"07/30/2019","1.0893","1.0965","1.0973","1.0880","204.56K","-0.65%"
"07/29/2019","1.0964","1.1132","1.1134","1.0960","173.80K","-1.47%"
"07/26/2019","1.1128","1.1179","1.1182","1.1123","173.51K","-0.48%"
"07/25/2019","1.1182","1.1206","1.1249","1.1159","199.38K","-0.22%"
"07/24/2019","1.1207","1.1153","1.1229","1.1148","192.02K","0.49%"
"07/23/2019","1.1152","1.1130","1.1171","1.1103","191.52K","0.20%"
"07/22/2019","1.1130","1.1148","1.1163","1.1109","167.70K","-0.09%"
"07/19/2019","1.1140","1.1129","1.1167","1.1113","197.46K","0.10%"
"07/18/2019","1.1129","1.1077","1.1140","1.1062","203.91K","0.47%"
"07/17/2019","1.1077","1.1067","1.1094","1.1046","181.67K","0.09%"
"07/16/2019","1.1067","1.1118","1.1121","1.1052","182.95K","-0.46%"
"07/15/2019","1.1118","1.1158","1.1166","1.1108","166.11K","-0.35%"
"07/12/2019","1.1157","1.1126","1.1168","1.1122","211.35K","0.28%"
"07/11/2019","1.1126","1.1109","1.1155","1.1102","215.90K","0.14%"
"07/10/2019","1.1111","1.1124","1.1133","1.1097","201.36K","-0.12%"
"07/09/2019","1.1124","1.1158","1.1167","1.1107","182.29K","-0.30%"
"07/08/2019","1.1158","1.1153","1.1172","1.1142","167.49K","0.01%"
"07/05/2019","1.1157","1.1147","1.1166","1.1128","202.97K","0.09%"
"07/04/2019","1.1147","1.1148","1.1160","1.1136","170.68K","-0.02%"
"07/03/2019","1.1149","1.1158","1.1164","1.1123","187.26K","-0.09%"
"07/02/2019","1.1159","1.1200","1.1212","1.1143","195.82K","-0.37%"
"07/01/2019","1.1200","1.1163","1.1207","1.1130","193.19K","0.30%"
"06/28/2019","1.1166","1.1151","1.1188","1.1120","189.85K","0.14%"
"06/27/2019","1.1150","1.1162","1.1191","1.1132","188.92K","-0.10%"
"06/26/2019","1.1161","1.1165","1.1186","1.1139","196.62K","-0.04%"
"06/25/2019","1.1166","1.1178","1.1217","1.1155","185.00K","-0.11%"
"06/24/2019","1.1178","1.1211","1.1214","1.1158","166.99K","-0.27%"
"06/21/2019","1.1208","1.1247","1.1260","1.1176","209.81K","-0.35%"
"06/20/2019","1.1247","1.1261","1.1272","1.1204","220.33K","-0.12%"
"06/19/2019","1.1261","1.1220","1.1271","1.1201","171.70K","0.37%"
"06/18/2019","1.1219","1.1173","1.1225","1.1142","181.50K","0.41%"
"06/17/2019","1.1173","1.1237","1.1248","1.1170","166.91K","-0.54%"
"06/14/2019","1.1234","1.1233","1.1254","1.1212","209.86K","-0.04%"
"06/13/2019","1.1239","1.1240","1.1266","1.1209","226.08K","0.00%"
"06/12/2019","1.1239","1.1229","1.1273","1.1214","230.36K","0.09%"
"06/11/2019","1.1229","1.1212","1.1249","1.1193","223.19K","0.15%"
"06/10/2019","1.1212","1.1249","1.1263","1.1197","187.98K","-0.23%"
"06/07/2019","1.1238","1.1264","1.1301","1.1232","190.94K","-0.23%"
"06/06/2019","1.1264","1.1297","1.1323","1.1245","240.69K","-0.37%"
"06/05/2019","1.1306","1.1286","1.1313","1.1262","238.64K","0.19%"
"06/04/2019","1.1285","1.1267","1.1299","1.1233","244.07K","0.16%"
"06/03/2019","1.1267","1.1306","1.1333","1.1248","212.83K","-0.28%"
"05/31/2019","1.1299","1.1324","1.1337","1.1264","287.45K","-0.26%"
"05/30/2019","1.1328","1.1346","1.1355","1.1308","242.51K","-0.14%"
"05/29/2019","1.1344","1.1338","1.1368","1.1320","265.35K","0.05%"
"05/28/2019","1.1338","1.1322","1.1359","1.1308","248.61K","0.14%"
"05/27/2019","1.1322","1.1366","1.1391","1.1313","208.87K","-0.22%"
"05/24/2019","1.1347","1.1318","1.1364","1.1296","245.37K","0.24%"
"05/23/2019","1.1320","1.1354","1.1379","1.1309","255.45K","-0.29%"
"05/22/2019","1.1353","1.1378","1.1403","1.1310","231.77K","-0.28%"
"05/21/2019","1.1385","1.1393","1.1462","1.1372","243.97K","-0.07%"
"05/20/2019","1.1393","1.1400","1.1431","1.1381","189.82K","-0.06%"
"05/17/2019","1.1400","1.1452","1.1462","1.1389","225.22K","-0.45%"
"05/16/2019","1.1452","1.1471","1.1482","1.1428","226.91K","-0.17%"
"05/15/2019","1.1471","1.1511","1.1538","1.1443","247.58K","-0.35%"
"05/14/2019","1.1511","1.1545","1.1559","1.1504","231.22K","-0.29%"
"05/13/2019","1.1545","1.1566","1.1597","1.1517","217.53K","-0.22%"
"05/10/2019","1.1571","1.1597","1.1622","1.1566","272.13K","-0.25%"
"05/09/2019","1.1600","1.1623","1.1635","1.1561","274.94K","-0.21%"
"05/08/2019","1.1624","1.1684","1.1692","1.1593","272.84K","-0.51%"
"05/07/2019","1.1684","1.1695","1.1719","1.1652","285.36K","-0.09%"
"05/06/2019","1.1695","1.1706","1.1778","1.1685","235.22K","-0.55%"
"05/03/2019","1.1760","1.1661","1.1772","1.1643","238.95K","0.85%"
"05/02/2019","1.1661","1.1649","1.1677","1.1629","231.57K","0.04%"
"05/01/2019","1.1656","1.1622","1.1661","1.1615","205.03K","0.29%"
"04/30/2019","1.1622","1.1565","1.1643","1.1554","248.36K","0.49%"
"04/29/2019","1.1565","1.1591","1.1606","1.1556","202.29K","-0.20%"
"04/26/2019","1.1588","1.1587","1.1604","1.1571","300.93K","0.01%"
"04/25/2019","1.1587","1.1567","1.1595","1.1553","302.77K","0.16%"
"04/24/2019","1.1568","1.1524","1.1589","1.1512","322.44K","0.39%"
"04/23/2019","1.1523","1.1532","1.1585","1.1514","289.22K","-0.08%"
"04/22/2019","1.1532","1.1557","1.1572","1.1523","199.90K","-0.20%"
"04/19/2019","1.1555","1.1564","1.1579","1.1541","255.62K","-0.16%"
"04/18/2019","1.1574","1.1548","1.1582","1.1532","299.31K","0.23%"
"04/17/2019","1.1548","1.1567","1.1574","1.1515","283.59K","-0.16%"
"04/16/2019","1.1567","1.1589","1.1601","1.1545","280.97K","-0.14%"
"04/15/2019","1.1583","1.1572","1.1605","1.1559","229.97K","0.06%"
"04/12/2019","1.1576","1.1601","1.1613","1.1548","291.30K","-0.23%"
"04/11/2019","1.1603","1.1614","1.1630","1.1579","299.98K","-0.08%"
"04/10/2019","1.1612","1.1598","1.1642","1.1572","287.30K","0.12%"
"04/09/2019","1.1598","1.1591","1.1637","1.1555","292.72K","-0.03%"
"04/08/2019","1.1602","1.1621","1.1643","1.1565","234.78K","-0.19%"
"04/05/2019","1.1624","1.1656","1.1688","1.1576","320.87K","-0.27%"
"04/04/2019","1.1655","1.1715","1.1741","1.1634","326.51K","-0.51%"
"04/03/2019","1.1715","1.1722","1.1764","1.1683","344.34K","-0.03%"
"04/02/2019","1.1719","1.1680","1.1740","1.1615","343.87K","0.30%"
"04/01/2019","1.1684","1.1611","1.1732","1.1588","269.96K","0.57%"
"03/29/2019","1.1618","1.1616","1.1696","1.1559","345.32K","-0.01%"
"03/28/2019","1.1619","1.1727","1.1751","1.1612","355.45K","-0.95%"
"03/27/2019","1.1731","1.1722","1.1789","1.1692","345.22K","0.05%"
"03/26/2019","1.1725","1.1672","1.1740","1.1632","319.23K","0.45%"
"03/25/2019","1.1672","1.1672","1.1715","1.1628","254.82K","-0.04%"
"03/22/2019","1.1677","1.1524","1.1722","1.1511","357.29K","1.32%"
"03/21/2019","1.1525","1.1563","1.1580","1.1462","341.98K","-0.33%"
"03/20/2019","1.1563","1.1690","1.1702","1.1536","330.06K","-1.09%"
"03/19/2019","1.1690","1.1694","1.1721","1.1667","306.74K","-0.03%"
"03/18/2019","1.1694","1.1735","1.1751","1.1631","231.80K","-0.37%"
"03/15/2019","1.1738","1.1714","1.1755","1.1660","345.32K","0.20%"
"03/14/2019","1.1715","1.1776","1.1779","1.1677","387.98K","-0.52%"
"03/13/2019","1.1776","1.1583","1.1808","1.1568","352.13K","1.68%"
"03/12/2019","1.1582","1.1692","1.1801","1.1552","380.21K","-0.94%"
"03/11/2019","1.1692","1.1584","1.1721","1.1522","300.17K","0.96%"
"03/08/2019","1.1581","1.1690","1.1701","1.1552","308.05K","-0.92%"
"03/07/2019","1.1689","1.1648","1.1715","1.1591","307.07K","0.35%"
"03/06/2019","1.1648","1.1655","1.1658","1.1599","325.12K","-0.05%"
"03/05/2019","1.1654","1.1631","1.1663","1.1564","316.78K","0.20%"
"03/04/2019","1.1631","1.1606","1.1688","1.1591","270.78K","0.21%"
"03/01/2019","1.1607","1.1663","1.1676","1.1594","352.79K","-0.49%"
"02/28/2019","1.1664","1.1707","1.1723","1.1644","357.42K","-0.36%"
"02/27/2019","1.1706","1.1633","1.1726","1.1624","345.43K","0.68%"
"02/26/2019","1.1627","1.1523","1.1682","1.1515","321.45K","0.84%"
"02/25/2019","1.1530","1.1532","1.1547","1.1494","281.90K","0.19%"
"02/22/2019","1.1508","1.1508","1.1527","1.1454","315.59K","-0.04%"
"02/21/2019","1.1513","1.1511","1.1543","1.1486","350.37K","0.02%"
"02/20/2019","1.1511","1.1519","1.1532","1.1473","328.41K","-0.07%"
"02/19/2019","1.1519","1.1427","1.1534","1.1410","288.68K","0.81%"
"02/18/2019","1.1427","1.1422","1.1458","1.1403","240.53K","0.12%"
"02/15/2019","1.1413","1.1333","1.1427","1.1315","323.49K","0.63%"
"02/14/2019","1.1342","1.1408","1.1428","1.1309","314.17K","-0.58%"
"02/13/2019","1.1408","1.1383","1.1441","1.1367","318.19K","0.22%"
"02/12/2019","1.1383","1.1393","1.1426","1.1374","318.34K","-0.12%"
"02/11/2019","1.1397","1.1432","1.1443","1.1391","252.11K","-0.27%"
"02/08/2019","1.1428","1.1424","1.1443","1.1406","313.16K","0.10%"
"02/07/2019","1.1417","1.1384","1.1461","1.1344","327.70K","0.29%"
"02/06/2019","1.1384","1.1345","1.1402","1.1334","361.80K","0.39%"
"02/05/2019","1.1340","1.1395","1.1434","1.1332","344.59K","-0.50%"
"02/04/2019","1.1397","1.1423","1.1462","1.1391","256.46K","-0.18%"
"02/01/2019","1.1418","1.1452","1.1463","1.1370","334.03K","-0.30%"
"01/31/2019","1.1452","1.1426","1.1482","1.1403","351.56K","0.22%"
"01/30/2019","1.1427","1.1431","1.1477","1.1408","365.08K","-0.03%"
"01/29/2019","1.1430","1.1515","1.1555","1.1417","360.63K","-0.76%"
"01/28/2019","1.1517","1.1567","1.1587","1.1496","316.92K","-0.48%"
"01/25/2019","1.1572","1.1559","1.1608","1.1517","358.92K","0.13%"
"01/24/2019","1.1557","1.1484","1.1561","1.1458","333.05K","0.64%"
"01/23/2019","1.1484","1.1408","1.1499","1.1385","319.63K","0.68%"
"01/22/2019","1.1407","1.1341","1.1418","1.1324","334.56K","0.56%"
"01/21/2019","1.1343","1.1332","1.1358","1.1281","299.39K","0.11%"
"01/18/2019","1.1330","1.1394","1.1411","1.1310","331.91K","-0.59%"
"01/17/2019","1.1397","1.1304","1.1414","1.1271","367.25K","0.84%"
"01/16/2019","1.1302","1.1266","1.1315","1.1246","","0.30%"
"01/15/2019","1.1268","1.1208","1.1297","1.1127","","0.52%"
"01/14/2019","1.1210","1.1202","1.1270","1.1168","","0.04%"
"01/11/2019","1.1205","1.1087","1.1210","1.1033","","1.07%"
"01/10/2019","1.1086","1.1080","1.1099","1.1035","","0.05%"
"01/09/2019","1.1081","1.1114","1.1144","1.1057","","-0.32%"
"01/08/2019","1.1117","1.1138","1.1177","1.1101","17.38K","-0.19%"
"01/07/2019","1.1138","1.1172","1.1175","1.1119","15.51K","-0.29%"
"01/04/2019","1.1170","1.1088","1.1184","1.1072","0.00K","0.76%"
"01/03/2019","1.1086","1.1112","1.1128","1.0947","20.96K","-0.27%"
"01/02/2019","1.1116","1.1123","1.1136","1.1070","18.82K","-0.07%"
"01/01/2019","1.1124","1.1128","1.1168","1.1042","10.17K","0.00%"
"12/31/2018","1.1124","1.1083","1.1204","1.1078","0.30K","0.17%"
"12/28/2018","1.1105","1.1062","1.1112","1.1034","","0.40%"
"12/27/2018","1.1061","1.1128","1.1149","1.1036","21.60K","-0.60%"
"12/26/2018","1.1128","1.1166","1.1184","1.1099","16.24K","-0.34%"
"12/25/2018","1.1166","1.1162","1.1245","1.1088","19.00K","0.04%"
"12/24/2018","1.1162","1.1127","1.1172","1.1076","6.74K","0.50%"
"12/21/2018","1.1107","1.1059","1.1133","1.1046","","0.43%"
"12/20/2018","1.1059","1.1084","1.1110","1.1042","21.49K","-0.23%"
"12/19/2018","1.1084","1.1131","1.1141","1.1058","","-0.41%"
"12/18/2018","1.1130","1.1125","1.1160","1.1097","","0.02%"
"12/17/2018","1.1128","1.1135","1.1157","1.1103","","0.01%"
"12/14/2018","1.1127","1.1140","1.1163","1.1100","","-0.11%"
"12/13/2018","1.1139","1.1111","1.1172","1.1089","","0.27%"
"12/12/2018","1.1109","1.1033","1.1151","1.1025","","0.67%"
"12/11/2018","1.1035","1.1063","1.1107","1.1024","","-0.22%"
"12/10/2018","1.1059","1.1187","1.1210","1.1002","","-1.14%"
"12/07/2018","1.1187","1.1237","1.1264","1.1149","","-0.46%"
"12/06/2018","1.1239","1.1225","1.1254","1.1199","","0.12%"
"12/05/2018","1.1225","1.1214","1.1271","1.1193","","0.12%"
"12/04/2018","1.1212","1.1207","1.1252","1.1177","","0.04%"
"12/03/2018","1.1207","1.1283","1.1288","1.1201","","-0.59%"
"11/30/2018","1.1273","1.1229","1.1289","1.1203","","0.38%"
"11/29/2018","1.1230","1.1284","1.1291","1.1208","","-0.48%"
"11/28/2018","1.1284","1.1292","1.1352","1.1264","","-0.09%"
"11/27/2018","1.1294","1.1330","1.1334","1.1248","","-0.32%"
"11/26/2018","1.1330","1.1332","1.1340","1.1273","","0.27%"
"11/23/2018","1.1299","1.1289","1.1322","1.1261","","0.09%"
"11/22/2018","1.1289","1.1224","1.1313","1.1205","","0.59%"
"11/21/2018","1.1223","1.1246","1.1269","1.1203","","-0.20%"
"11/20/2018","1.1246","1.1222","1.1270","1.1206","","0.22%"
"11/19/2018","1.1221","1.1233","1.1280","1.1195","","-0.20%"
"11/16/2018","1.1243","1.1278","1.1335","1.1227","","-0.38%"
"11/15/2018","1.1286","1.1492","1.1502","1.1248","","-1.78%"
"11/14/2018","1.1491","1.1490","1.1540","1.1417","","0.03%"
"11/13/2018","1.1487","1.1454","1.1555","1.1437","","0.29%"
"11/12/2018","1.1454","1.1437","1.1485","1.1395","","0.06%"
"11/09/2018","1.1447","1.1494","1.1511","1.1435","","-0.41%"
"11/08/2018","1.1494","1.1489","1.1508","1.1443","","0.05%"
"11/07/2018","1.1488","1.1463","1.1494","1.1431","","0.22%"
"11/06/2018","1.1463","1.1431","1.1481","1.1418","","0.28%"
"11/05/2018","1.1431","1.1435","1.1456","1.1397","","0.33%"
"11/02/2018","1.1393","1.1407","1.1416","1.1361","","-0.11%"
"11/01/2018","1.1406","1.1286","1.1426","1.1275","","1.06%"
"10/31/2018","1.1286","1.1201","1.1313","1.1192","","0.76%"
"10/30/2018","1.1201","1.1248","1.1265","1.1184","","-0.43%"
"10/29/2018","1.1249","1.1246","1.1279","1.1233","","-0.03%"
"10/26/2018","1.1252","1.1267","1.1288","1.1239","","-0.13%"
"10/25/2018","1.1267","1.1309","1.1327","1.1255","","-0.35%"
"10/24/2018","1.1307","1.1317","1.1347","1.1299","","-0.09%"
"10/23/2018","1.1317","1.1306","1.1368","1.1300","","0.10%"
"10/22/2018","1.1306","1.1360","1.1361","1.1288","","-0.41%"
"10/19/2018","1.1352","1.1367","1.1397","1.1319","","-0.13%"
"10/18/2018","1.1367","1.1402","1.1410","1.1353","","-0.32%"
"10/17/2018","1.1404","1.1389","1.1416","1.1351","","0.10%"
"10/16/2018","1.1393","1.1358","1.1428","1.1342","","0.30%"
"10/15/2018","1.1359","1.1360","1.1386","1.1324","","-0.17%"
"10/12/2018","1.1378","1.1416","1.1437","1.1369","","-0.32%"
"10/11/2018","1.1415","1.1454","1.1466","1.1396","","-0.34%"
"10/10/2018","1.1454","1.1439","1.1467","1.1421","","0.13%"
"10/09/2018","1.1439","1.1391","1.1452","1.1373","","0.42%"
"10/08/2018","1.1391","1.1379","1.1402","1.1353","","0.03%"
"10/05/2018","1.1388","1.1308","1.1397","1.1298","","0.70%"
"10/04/2018","1.1309","1.1275","1.1321","1.1265","","0.32%"
"10/03/2018","1.1273","1.1239","1.1292","1.1210","","0.30%"
"10/02/2018","1.1239","1.1265","1.1280","1.1216","","-0.24%"
"10/01/2018","1.1266","1.1227","1.1287","1.1212","","0.37%"
"09/28/2018","1.1225","1.1237","1.1275","1.1216","","-0.10%"
"09/27/2018","1.1236","1.1215","1.1259","1.1188","","0.18%"
"09/26/2018","1.1216","1.1205","1.1237","1.1176","","0.15%"
"09/25/2018","1.1199","1.1169","1.1212","1.1139","","0.27%"
"09/24/2018","1.1169","1.1130","1.1193","1.1110","","0.35%"
"09/21/2018","1.1130","1.1267","1.1277","1.1115","","-1.21%"
"09/20/2018","1.1266","1.1261","1.1305","1.1245","","0.05%"
"09/19/2018","1.1260","1.1270","1.1288","1.1208","","-0.08%"
"09/18/2018","1.1269","1.1262","1.1275","1.1222","","0.05%"
"09/17/2018","1.1263","1.1243","1.1269","1.1227","","0.25%"
"09/14/2018","1.1235","1.1212","1.1251","1.1193","","0.21%"
"09/13/2018","1.1212","1.1223","1.1248","1.1195","","-0.10%"
"09/12/2018","1.1223","1.1235","1.1260","1.1187","","-0.07%"
"09/11/2018","1.1231","1.1236","1.1267","1.1184","","-0.04%"
"09/10/2018","1.1235","1.1193","1.1245","1.1162","","0.44%"
"09/07/2018","1.1186","1.1128","1.1223","1.1101","","0.52%"
"09/06/2018","1.1128","1.1098","1.1145","1.1085","","0.27%"
"09/05/2018","1.1098","1.1101","1.1168","1.1046","","-0.03%"
"09/04/2018","1.1101","1.1069","1.1127","1.1067","","0.25%"
"09/03/2018","1.1073","1.1186","1.1189","1.1069","","-0.89%"
"08/31/2018","1.1172","1.1149","1.1191","1.1124","","0.21%"
"08/30/2018","1.1149","1.1127","1.1170","1.1118","","0.21%"
"08/29/2018","1.1126","1.1012","1.1135","1.0997","","1.04%"
"08/28/2018","1.1011","1.1041","1.1048","1.0988","","-0.27%"
"08/27/2018","1.1041","1.1042","1.1072","1.1028","","-0.17%"
"08/24/2018","1.1060","1.1107","1.1113","1.1046","","-0.42%"
"08/23/2018","1.1107","1.1134","1.1151","1.1080","","-0.23%"
"08/22/2018","1.1133","1.1150","1.1163","1.1104","","-0.16%"
"08/21/2018","1.1151","1.1147","1.1176","1.1105","","0.04%"
"08/20/2018","1.1146","1.1119","1.1188","1.1119","","-0.04%"
"08/17/2018","1.1150","1.1177","1.1194","1.1136","","-0.27%"
"08/16/2018","1.1180","1.1191","1.1200","1.1158","","-0.12%"
"08/15/2018","1.1193","1.1220","1.1238","1.1184","","-0.22%"
"08/14/2018","1.1218","1.1190","1.1244","1.1179","","0.24%"
"08/13/2018","1.1191","1.1210","1.1235","1.1174","","0.01%"
"08/10/2018","1.1190","1.1125","1.1206","1.1119","","0.58%"
"08/09/2018","1.1125","1.1094","1.1138","1.1072","","0.28%"
"08/08/2018","1.1094","1.1155","1.1166","1.1088","","-0.56%"
"08/07/2018","1.1156","1.1204","1.1214","1.1151","","-0.42%"
"08/06/2018","1.1203","1.1242","1.1253","1.1188","","-0.37%"
"08/03/2018","1.1245","1.1239","1.1247","1.1210","","0.05%"
"08/02/2018","1.1239","1.1258","1.1296","1.1203","","-0.17%"
"08/01/2018","1.1258","1.1229","1.1261","1.1212","","0.27%"
"07/31/2018","1.1228","1.1220","1.1235","1.1189","","0.07%"
"07/30/2018","1.1220","1.1231","1.1263","1.1210","","-0.25%"
"07/27/2018","1.1248","1.1260","1.1271","1.1235","","-0.11%"
"07/26/2018","1.1260","1.1245","1.1283","1.1237","","0.13%"
"07/25/2018","1.1245","1.1248","1.1273","1.1231","","-0.03%"
"07/24/2018","1.1248","1.1204","1.1258","1.1200","","0.37%"
"07/23/2018","1.1207","1.1205","1.1226","1.1176","","0.00%"
"07/20/2018","1.1207","1.1177","1.1212","1.1161","","0.26%"
"07/19/2018","1.1178","1.1229","1.1237","1.1166","","-0.49%"
"07/18/2018","1.1233","1.1247","1.1271","1.1194","","-0.12%"
"07/17/2018","1.1247","1.1302","1.1315","1.1216","","-0.50%"
"07/16/2018","1.1303","1.1329","1.1345","1.1292","","-0.20%"
"07/13/2018","1.1326","1.1314","1.1334","1.1277","","0.11%"
"07/12/2018","1.1314","1.1312","1.1340","1.1297","","0.03%"
"07/11/2018","1.1311","1.1307","1.1328","1.1281","","0.05%"
"07/10/2018","1.1305","1.1284","1.1340","1.1266","","0.19%"
"07/09/2018","1.1284","1.1330","1.1350","1.1232","","-0.23%"
"07/06/2018","1.1310","1.1314","1.1322","1.1273","","-0.03%"
"07/05/2018","1.1313","1.1352","1.1366","1.1287","","-0.33%"
"07/04/2018","1.1351","1.1320","1.1367","1.1306","","0.29%"
"07/03/2018","1.1318","1.1292","1.1329","1.1281","","0.23%"
"07/02/2018","1.1292","1.1309","1.1330","1.1273","","-0.11%"
"06/29/2018","1.1304","1.1305","1.1318","1.1247","","-0.01%"
"06/28/2018","1.1305","1.1351","1.1355","1.1270","","-0.39%"
"06/27/2018","1.1349","1.1356","1.1372","1.1325","","-0.05%"
"06/26/2018","1.1355","1.1344","1.1368","1.1331","","0.10%"
"06/25/2018","1.1344","1.1381","1.1391","1.1336","","-0.35%"
"06/22/2018","1.1384","1.1421","1.1435","1.1355","","-0.32%"
"06/21/2018","1.1421","1.1387","1.1463","1.1362","","0.33%"
"06/20/2018","1.1384","1.1372","1.1407","1.1359","","0.11%"
"06/19/2018","1.1372","1.1395","1.1427","1.1364","","-0.20%"
"06/18/2018","1.1395","1.1441","1.1460","1.1389","","-0.43%"
"06/15/2018","1.1444","1.1464","1.1473","1.1418","","-0.17%"
"06/14/2018","1.1464","1.1345","1.1471","1.1334","","1.05%"
"06/13/2018","1.1345","1.1386","1.1391","1.1328","","-0.36%"
"06/12/2018","1.1386","1.1351","1.1405","1.1320","","0.31%"
"06/11/2018","1.1351","1.1393","1.1414","1.1321","","-0.40%"
"06/08/2018","1.1397","1.1376","1.1420","1.1363","","0.18%"
"06/07/2018","1.1376","1.1393","1.1397","1.1313","","-0.15%"
"06/06/2018","1.1393","1.1433","1.1445","1.1378","","-0.35%"
"06/05/2018","1.1433","1.1381","1.1466","1.1371","","0.47%"
"06/04/2018","1.1380","1.1443","1.1452","1.1378","","-0.59%"
"06/01/2018","1.1448","1.1375","1.1462","1.1349","","0.63%"
"05/31/2018","1.1376","1.1395","1.1424","1.1362","","-0.18%"
"05/30/2018","1.1396","1.1486","1.1501","1.1383","","-0.77%"
"05/29/2018","1.1485","1.1452","1.1500","1.1437","","0.27%"
"05/28/2018","1.1454","1.1421","1.1464","1.1368","","0.28%"
"05/25/2018","1.1422","1.1418","1.1444","1.1387","","0.04%"
"05/24/2018","1.1418","1.1410","1.1447","1.1391","","0.07%"
"05/23/2018","1.1410","1.1407","1.1444","1.1364","","0.03%"
"05/22/2018","1.1407","1.1391","1.1420","1.1375","","0.15%"
"05/21/2018","1.1390","1.1453","1.1463","1.1383","","-0.44%"
"05/18/2018","1.1440","1.1461","1.1465","1.1423","","-0.17%"
"05/17/2018","1.1460","1.1425","1.1479","1.1418","","0.32%"
"05/16/2018","1.1423","1.1409","1.1454","1.1384","","0.11%"
"05/15/2018","1.1410","1.1366","1.1414","1.1339","","0.39%"
"05/14/2018","1.1366","1.1347","1.1368","1.1327","","0.24%"
"05/11/2018","1.1339","1.1345","1.1381","1.1327","","-0.07%"
"05/10/2018","1.1347","1.1431","1.1459","1.1315","","-0.73%"
"05/09/2018","1.1431","1.1419","1.1460","1.1405","","0.11%"
"05/08/2018","1.1418","1.1372","1.1426","1.1349","","0.41%"
"05/07/2018","1.1371","1.1320","1.1393","1.1309","","0.49%"
"05/04/2018","1.1315","1.1324","1.1347","1.1305","","-0.08%"
"05/03/2018","1.1324","1.1363","1.1370","1.1311","","-0.34%"
"05/02/2018","1.1363","1.1351","1.1388","1.1322","","0.11%"
"05/01/2018","1.1351","1.1393","1.1416","1.1333","","-0.45%"
"04/30/2018","1.1402","1.1367","1.1410","1.1328","","0.36%"
"04/27/2018","1.1361","1.1500","1.1519","1.1355","","-1.23%"
"04/26/2018","1.1503","1.1457","1.1522","1.1426","","0.41%"
"04/25/2018","1.1456","1.1427","1.1459","1.1422","","0.26%"
"04/24/2018","1.1426","1.1418","1.1444","1.1406","","0.06%"
"04/23/2018","1.1419","1.1403","1.1437","1.1391","","0.19%"
"04/20/2018","1.1397","1.1414","1.1451","1.1374","","-0.15%"
"04/19/2018","1.1414","1.1479","1.1511","1.1401","","-0.57%"
"04/18/2018","1.1479","1.1551","1.1571","1.1463","","-0.61%"
"04/17/2018","1.1550","1.1583","1.1602","1.1544","","-0.27%"
"04/16/2018","1.1581","1.1551","1.1593","1.1534","","0.28%"
"04/13/2018","1.1549","1.1542","1.1593","1.1538","","0.06%"
"04/12/2018","1.1542","1.1463","1.1571","1.1454","","0.69%"
"04/11/2018","1.1463","1.1473","1.1497","1.1440","","-0.08%"
"04/10/2018","1.1472","1.1470","1.1506","1.1456","","0.02%"
"04/09/2018","1.1470","1.1482","1.1498","1.1462","","-0.03%"
"04/06/2018","1.1473","1.1441","1.1496","1.1427","","0.28%"
"04/05/2018","1.1441","1.1466","1.1475","1.1427","","-0.24%"
"04/04/2018","1.1469","1.1458","1.1477","1.1415","","0.10%"
"04/03/2018","1.1458","1.1416","1.1479","1.1409","","0.36%"
"04/02/2018","1.1417","1.1387","1.1429","1.1373","","0.36%"
"03/30/2018","1.1376","1.1395","1.1415","1.1368","","-0.18%"
"03/29/2018","1.1396","1.1437","1.1443","1.1394","","-0.37%"
"03/28/2018","1.1438","1.1414","1.1450","1.1404","","0.21%"
"03/27/2018","1.1414","1.1437","1.1438","1.1366","","-0.18%"
"03/26/2018","1.1435","1.1447","1.1474","1.1410","","-0.05%"
"03/23/2018","1.1441","1.1459","1.1484","1.1422","","-0.16%"
"03/22/2018","1.1459","1.1462","1.1538","1.1437","","-0.03%"
"03/21/2018","1.1462","1.1435","1.1487","1.1415","","0.24%"
"03/20/2018","1.1435","1.1370","1.1439","1.1363","","0.57%"
"03/19/2018","1.1370","1.1346","1.1437","1.1334","","0.24%"
"03/16/2018","1.1343","1.1327","1.1353","1.1311","","0.14%"
"03/15/2018","1.1327","1.1289","1.1336","1.1268","","0.34%"
"03/14/2018","1.1289","1.1269","1.1309","1.1259","","0.18%"
"03/13/2018","1.1269","1.1273","1.1299","1.1252","","-0.04%"
"03/12/2018","1.1274","1.1252","1.1303","1.1238","","0.20%"
"03/09/2018","1.1252","1.1219","1.1269","1.1202","","0.29%"
"03/08/2018","1.1219","1.1201","1.1231","1.1162","","0.16%"
"03/07/2018","1.1201","1.1196","1.1214","1.1149","","0.04%"
"03/06/2018","1.1196","1.1227","1.1231","1.1179","","-0.28%"
"03/05/2018","1.1227","1.1188","1.1257","1.1167","","0.17%"
"03/02/2018","1.1208","1.1230","1.1243","1.1168","","-0.20%"
"03/01/2018","1.1230","1.1285","1.1317","1.1223","","-0.49%"
"02/28/2018","1.1285","1.1370","1.1393","1.1277","","-0.75%"
"02/27/2018","1.1370","1.1341","1.1384","1.1305","","0.26%"
"02/26/2018","1.1340","1.1368","1.1403","1.1332","","-0.19%"
"02/23/2018","1.1362","1.1317","1.1384","1.1311","","0.34%"
"02/22/2018","1.1323","1.1331","1.1336","1.1280","","-0.06%"
"02/21/2018","1.1330","1.1345","1.1359","1.1290","","-0.11%"
"02/20/2018","1.1343","1.1287","1.1359","1.1273","","0.49%"
"02/19/2018","1.1288","1.1310","1.1311","1.1273","","-0.27%"
"02/16/2018","1.1319","1.1273","1.1319","1.1248","","0.41%"
"02/15/2018","1.1273","1.1244","1.1292","1.1231","","0.26%"
"02/14/2018","1.1244","1.1249","1.1271","1.1210","","-0.03%"
"02/13/2018","1.1247","1.1257","1.1292","1.1220","","-0.10%"
"02/12/2018","1.1258","1.1287","1.1309","1.1244","","-0.46%"
"02/09/2018","1.1310","1.1363","1.1394","1.1260","","-0.45%"
"02/08/2018","1.1361","1.1319","1.1452","1.1309","","0.38%"
"02/07/2018","1.1318","1.1270","1.1323","1.1236","","0.43%"
"02/06/2018","1.1270","1.1288","1.1294","1.1221","","-0.15%"
"02/05/2018","1.1287","1.1340","1.1353","1.1267","","-0.41%"
"02/02/2018","1.1333","1.1403","1.1422","1.1327","","-0.61%"
"02/01/2018","1.1403","1.1433","1.1475","1.1395","","-0.20%"
"01/31/2018","1.1426","1.1407","1.1441","1.1341","","0.17%"
"01/30/2018","1.1407","1.1366","1.1424","1.1319","","0.35%"
"01/29/2018","1.1367","1.1397","1.1408","1.1342","","-0.37%"
"01/26/2018","1.1409","1.1412","1.1464","1.1386","","0.01%"
"01/25/2018","1.1408","1.1479","1.1513","1.1381","","-0.62%"
"01/24/2018","1.1479","1.1384","1.1497","1.1378","","0.83%"
"01/23/2018","1.1384","1.1407","1.1416","1.1368","","-0.21%"
"01/22/2018","1.1408","1.1306","1.1414","1.1306","","0.65%"
"01/19/2018","1.1334","1.1354","1.1359","1.1304","","-0.16%"
"01/18/2018","1.1352","1.1347","1.1363","1.1313","","0.04%"
"01/17/2018","1.1347","1.1250","1.1355","1.1224","","0.86%"
"01/16/2018","1.1250","1.1246","1.1286","1.1231","","0.03%"
"01/15/2018","1.1247","1.1260","1.1272","1.1221","","-0.17%"
"01/12/2018","1.1266","1.1251","1.1293","1.1199","","0.12%"
"01/11/2018","1.1252","1.1306","1.1309","1.1217","","-0.48%"
"01/10/2018","1.1306","1.1344","1.1349","1.1269","","-0.33%"
"01/09/2018","1.1343","1.1341","1.1353","1.1318","","0.04%"
"01/08/2018","1.1338","1.1282","1.1345","1.1264","","0.51%"
"01/05/2018","1.1281","1.1229","1.1282","1.1218","","0.45%"
"01/04/2018","1.1231","1.1250","1.1263","1.1204","","-0.16%"
"01/03/2018","1.1249","1.1269","1.1304","1.1231","","-0.17%"
"01/02/2018","1.1268","1.1247","1.1290","1.1211","","0.21%"
"01/01/2018","1.1244","1.1260","1.1269","1.1240","","-0.18%"
"12/29/2017","1.1264","1.1256","1.1290","1.1242","","0.07%"
"12/28/2017","1.1256","1.1270","1.1281","1.1242","","-0.12%"
"12/27/2017","1.1269","1.1278","1.1296","1.1250","","-0.08%"
"12/26/2017","1.1278","1.1265","1.1284","1.1244","","0.12%"
"12/25/2017","1.1264","1.1265","1.1300","1.1247","","-0.04%"
"12/22/2017","1.1269","1.1273","1.1319","1.1256","","-0.04%"
"12/21/2017","1.1273","1.1267","1.1279","1.1246","","0.05%"
"12/20/2017","1.1267","1.1305","1.1329","1.1261","","-0.34%"
"12/19/2017","1.1305","1.1360","1.1363","1.1277","","-0.48%"
"12/18/2017","1.1360","1.1338","1.1374","1.1309","","0.23%"
"12/15/2017","1.1334","1.1404","1.1416","1.1285","","-0.61%"
"12/14/2017","1.1404","1.1347","1.1416","1.1317","","0.49%"
"12/13/2017","1.1348","1.1342","1.1388","1.1318","","0.05%"
"12/12/2017","1.1342","1.1334","1.1376","1.1304","","0.05%"
"12/11/2017","1.1336","1.1381","1.1399","1.1305","","-0.41%"
"12/08/2017","1.1383","1.1447","1.1510","1.1354","","-0.54%"
"12/07/2017","1.1445","1.1353","1.1452","1.1296","","0.81%"
"12/06/2017","1.1353","1.1367","1.1372","1.1293","","-0.13%"
"12/05/2017","1.1368","1.1360","1.1391","1.1275","","0.07%"
"12/04/2017","1.1360","1.1339","1.1423","1.1317","","0.26%"
"12/01/2017","1.1330","1.1363","1.1380","1.1305","","-0.29%"
"11/30/2017","1.1363","1.1318","1.1395","1.1311","","0.39%"
"11/29/2017","1.1319","1.1266","1.1345","1.1262","","0.47%"
"11/28/2017","1.1266","1.1193","1.1305","1.1132","","0.65%"
"11/27/2017","1.1193","1.1172","1.1207","1.1150","","0.12%"
"11/24/2017","1.1180","1.1229","1.1246","1.1156","","-0.44%"
"11/23/2017","1.1229","1.1271","1.1278","1.1219","","-0.39%"
"11/22/2017","1.1273","1.1279","1.1296","1.1245","","-0.05%"
"11/21/2017","1.1279","1.1281","1.1311","1.1252","","-0.02%"
"11/20/2017","1.1281","1.1203","1.1292","1.1202","","0.70%"
"11/17/2017","1.1203","1.1210","1.1240","1.1167","","-0.06%"
"11/16/2017","1.1210","1.1170","1.1223","1.1150","","0.36%"
"11/15/2017","1.1170","1.1159","1.1174","1.1092","","0.10%"
"11/14/2017","1.1159","1.1242","1.1251","1.1140","","-0.75%"
"11/13/2017","1.1243","1.1303","1.1317","1.1206","","-0.57%"
"11/10/2017","1.1308","1.1292","1.1349","1.1267","","0.14%"
"11/09/2017","1.1292","1.1311","1.1334","1.1263","","-0.17%"
"11/08/2017","1.1311","1.1364","1.1368","1.1281","","-0.47%"
"11/07/2017","1.1364","1.1346","1.1376","1.1317","","0.16%"
"11/06/2017","1.1346","1.1269","1.1353","1.1246","","0.73%"
"11/03/2017","1.1264","1.1202","1.1271","1.1191","","0.55%"
"11/02/2017","1.1202","1.1401","1.1409","1.1186","","-1.75%"
"11/01/2017","1.1401","1.1406","1.1452","1.1384","","-0.04%"
"10/31/2017","1.1406","1.1338","1.1409","1.1330","","0.61%"
"10/30/2017","1.1337","1.1311","1.1375","1.1293","","0.25%"
"10/27/2017","1.1309","1.1297","1.1332","1.1232","","0.12%"
"10/26/2017","1.1296","1.1229","1.1301","1.1163","","0.60%"
"10/25/2017","1.1229","1.1170","1.1263","1.1142","","0.53%"
"10/24/2017","1.1170","1.1233","1.1245","1.1140","","-0.56%"
"10/23/2017","1.1233","1.1203","1.1256","1.1197","","0.38%"
"10/20/2017","1.1191","1.1104","1.1208","1.1081","","0.79%"
"10/19/2017","1.1103","1.1203","1.1207","1.1094","","-0.89%"
"10/18/2017","1.1203","1.1211","1.1236","1.1176","","-0.08%"
"10/17/2017","1.1212","1.1232","1.1291","1.1197","","-0.18%"
"10/16/2017","1.1232","1.1260","1.1293","1.1205","","-0.05%"
"10/13/2017","1.1238","1.1210","1.1268","1.1198","","0.25%"
"10/12/2017","1.1210","1.1149","1.1219","1.1069","","0.53%"
"10/11/2017","1.1151","1.1183","1.1190","1.1124","","-0.30%"
"10/10/2017","1.1184","1.1195","1.1206","1.1167","","-0.09%"
"10/09/2017","1.1194","1.1144","1.1229","1.1131","","0.53%"
"10/06/2017","1.1135","1.1203","1.1208","1.1119","","-0.61%"
"10/05/2017","1.1203","1.1265","1.1271","1.1192","","-0.54%"
"10/04/2017","1.1264","1.1273","1.1301","1.1259","","-0.08%"
"10/03/2017","1.1273","1.1317","1.1336","1.1258","","-0.38%"
"10/02/2017","1.1316","1.1321","1.1366","1.1275","","-0.21%"
"09/29/2017","1.1340","1.1405","1.1409","1.1309","","-0.58%"
"09/28/2017","1.1406","1.1398","1.1418","1.1349","","0.08%"
"09/27/2017","1.1397","1.1412","1.1437","1.1367","","-0.13%"
"09/26/2017","1.1412","1.1367","1.1427","1.1359","","0.40%"
"09/25/2017","1.1367","1.1288","1.1397","1.1280","","0.65%"
"09/22/2017","1.1294","1.1373","1.1379","1.1254","","-0.69%"
"09/21/2017","1.1372","1.1347","1.1387","1.1318","","0.22%"
"09/20/2017","1.1347","1.1264","1.1372","1.1249","","0.74%"
"09/19/2017","1.1264","1.1290","1.1311","1.1235","","-0.22%"
"09/18/2017","1.1289","1.1365","1.1393","1.1281","","-0.82%"
"09/15/2017","1.1382","1.1240","1.1398","1.1225","","1.26%"
"09/14/2017","1.1240","1.1114","1.1281","1.1058","","1.13%"
"09/13/2017","1.1114","1.1101","1.1134","1.1063","","0.12%"
"09/12/2017","1.1101","1.1014","1.1134","1.1008","","0.80%"
"09/11/2017","1.1013","1.0966","1.1023","1.0953","","0.42%"
"09/08/2017","1.0967","1.0897","1.0979","1.0865","","0.64%"
"09/07/2017","1.0897","1.0945","1.0970","1.0864","","-0.44%"
"09/06/2017","1.0945","1.0940","1.0961","1.0909","","0.05%"
"09/05/2017","1.0940","1.0871","1.0951","1.0852","","0.63%"
"09/04/2017","1.0871","1.0929","1.0932","1.0837","","-0.46%"
"09/01/2017","1.0921","1.0858","1.0932","1.0829","","0.59%"
"08/31/2017","1.0857","1.0878","1.0888","1.0824","","-0.17%"
"08/30/2017","1.0876","1.0791","1.0880","1.0786","","0.79%"
"08/29/2017","1.0791","1.0795","1.0816","1.0743","","-0.05%"
"08/28/2017","1.0796","1.0821","1.0844","1.0787","","-0.12%"
"08/25/2017","1.0809","1.0848","1.0878","1.0787","","-0.36%"
"08/24/2017","1.0848","1.0841","1.0884","1.0826","","0.06%"
"08/23/2017","1.0841","1.0903","1.0919","1.0824","","-0.57%"
"08/22/2017","1.0903","1.0919","1.0926","1.0894","","-0.15%"
"08/21/2017","1.0919","1.0940","1.0978","1.0912","","-0.26%"
"08/18/2017","1.0947","1.0975","1.1002","1.0928","","-0.27%"
"08/17/2017","1.0977","1.0953","1.1035","1.0942","","0.19%"
"08/16/2017","1.0956","1.0967","1.1011","1.0935","","-0.11%"
"08/15/2017","1.0968","1.1006","1.1050","1.0947","","-0.35%"
"08/14/2017","1.1006","1.1005","1.1026","1.0989","","-0.02%"
"08/11/2017","1.1008","1.1024","1.1051","1.0965","","-0.13%"
"08/10/2017","1.1022","1.1057","1.1104","1.1016","","-0.34%"
"08/09/2017","1.1060","1.1057","1.1103","1.1041","","0.05%"
"08/08/2017","1.1054","1.1050","1.1067","1.1002","","0.03%"
"08/07/2017","1.1051","1.1076","1.1085","1.1035","","-0.21%"
"08/04/2017","1.1074","1.1069","1.1118","1.1042","","0.05%"
"08/03/2017","1.1069","1.1153","1.1207","1.1048","","-0.75%"
"08/02/2017","1.1153","1.1188","1.1198","1.1123","","-0.31%"
"08/01/2017","1.1188","1.1160","1.1210","1.1152","","0.25%"
"07/31/2017","1.1160","1.1183","1.1196","1.1139","","-0.16%"
"07/28/2017","1.1178","1.1189","1.1203","1.1146","","-0.10%"
"07/27/2017","1.1189","1.1183","1.1248","1.1163","","0.06%"
"07/26/2017","1.1182","1.1179","1.1233","1.1165","","0.04%"
"07/25/2017","1.1178","1.1191","1.1203","1.1159","","-0.12%"
"07/24/2017","1.1191","1.1130","1.1212","1.1128","","0.43%"
"07/21/2017","1.1143","1.1154","1.1188","1.1115","","-0.11%"
"07/20/2017","1.1155","1.1308","1.1323","1.1138","","-1.33%"
"07/19/2017","1.1305","1.1286","1.1328","1.1280","","0.17%"
"07/18/2017","1.1286","1.1375","1.1389","1.1235","","-0.77%"
"07/17/2017","1.1374","1.1418","1.1439","1.1364","","-0.39%"
"07/14/2017","1.1418","1.1351","1.1439","1.1340","","0.58%"
"07/13/2017","1.1352","1.1290","1.1363","1.1267","","0.55%"
"07/12/2017","1.1290","1.1206","1.1315","1.1172","","0.77%"
"07/11/2017","1.1204","1.1300","1.1346","1.1192","","-0.85%"
"07/10/2017","1.1300","1.1315","1.1323","1.1286","","-0.07%"
"07/07/2017","1.1308","1.1355","1.1370","1.1284","","-0.41%"
"07/06/2017","1.1355","1.1393","1.1423","1.1339","","-0.34%"
"07/05/2017","1.1394","1.1386","1.1415","1.1351","","0.05%"
"07/04/2017","1.1388","1.1384","1.1412","1.1373","","0.04%"
"07/03/2017","1.1384","1.1399","1.1422","1.1374","","-0.15%"
"06/30/2017","1.1401","1.1370","1.1412","1.1346","","0.27%"
"06/29/2017","1.1370","1.1361","1.1395","1.1350","","0.08%"
"06/28/2017","1.1361","1.1304","1.1403","1.1255","","0.51%"
"06/27/2017","1.1303","1.1376","1.1388","1.1281","","-0.64%"
"06/26/2017","1.1376","1.1366","1.1402","1.1351","","0.12%"
"06/23/2017","1.1362","1.1371","1.1412","1.1353","","-0.09%"
"06/22/2017","1.1372","1.1346","1.1385","1.1325","","0.23%"
"06/21/2017","1.1346","1.1344","1.1403","1.1303","","0.02%"
"06/20/2017","1.1344","1.1425","1.1449","1.1317","","-0.71%"
"06/19/2017","1.1425","1.1419","1.1450","1.1361","","0.13%"
"06/16/2017","1.1410","1.1445","1.1471","1.1405","","-0.31%"
"06/15/2017","1.1445","1.1368","1.1466","1.1351","","0.68%"
"06/14/2017","1.1368","1.1377","1.1409","1.1315","","-0.08%"
"06/13/2017","1.1377","1.1300","1.1391","1.1290","","0.70%"
"06/12/2017","1.1298","1.1368","1.1391","1.1277","","-0.76%"
"06/09/2017","1.1384","1.1552","1.1563","1.1286","","-1.45%"
"06/08/2017","1.1551","1.1513","1.1562","1.1492","","0.33%"
"06/07/2017","1.1513","1.1448","1.1527","1.1436","","0.56%"
"06/06/2017","1.1449","1.1465","1.1506","1.1418","","-0.14%"
"06/05/2017","1.1465","1.1400","1.1503","1.1389","","0.38%"
"06/02/2017","1.1422","1.1489","1.1503","1.1404","","-0.58%"
"06/01/2017","1.1489","1.1465","1.1517","1.1421","","0.21%"
"05/31/2017","1.1465","1.1496","1.1504","1.1429","","-0.27%"
"05/30/2017","1.1496","1.1501","1.1555","1.1483","","-0.05%"
"05/29/2017","1.1502","1.1455","1.1507","1.1448","","0.46%"
"05/26/2017","1.1449","1.1543","1.1553","1.1427","","-0.81%"
"05/25/2017","1.1543","1.1563","1.1573","1.1533","","-0.18%"
"05/24/2017","1.1564","1.1591","1.1626","1.1549","","-0.23%"
"05/23/2017","1.1591","1.1569","1.1606","1.1525","","0.19%"
"05/22/2017","1.1569","1.1615","1.1630","1.1557","","-0.53%"
"05/19/2017","1.1631","1.1654","1.1672","1.1622","","-0.15%"
"05/18/2017","1.1649","1.1622","1.1733","1.1610","","0.22%"
"05/17/2017","1.1623","1.1656","1.1683","1.1606","","-0.28%"
"05/16/2017","1.1656","1.1751","1.1762","1.1631","","-0.78%"
"05/15/2017","1.1748","1.1792","1.1826","1.1740","","-0.38%"
"05/12/2017","1.1793","1.1864","1.1873","1.1778","","-0.60%"
"05/11/2017","1.1864","1.1904","1.1914","1.1830","","-0.34%"
"05/10/2017","1.1905","1.1895","1.1930","1.1879","","0.08%"
"05/09/2017","1.1895","1.1845","1.1905","1.1836","","0.42%"
"05/08/2017","1.1845","1.1804","1.1858","1.1768","","0.35%"
"05/05/2017","1.1804","1.1765","1.1814","1.1749","","0.33%"
"05/04/2017","1.1765","1.1821","1.1829","1.1759","","-0.47%"
"05/03/2017","1.1821","1.1838","1.1855","1.1793","","-0.14%"
"05/02/2017","1.1837","1.1823","1.1874","1.1784","","0.12%"
"05/01/2017","1.1823","1.1874","1.1884","1.1818","","-0.52%"
"04/28/2017","1.1885","1.1869","1.1900","1.1816","","0.14%"
"04/27/2017","1.1868","1.1784","1.1885","1.1768","","0.75%"
"04/26/2017","1.1780","1.1753","1.1826","1.1719","","0.23%"
"04/25/2017","1.1753","1.1772","1.1797","1.1719","","-0.16%"
"04/24/2017","1.1772","1.1766","1.1835","1.1748","","-1.44%"
"04/21/2017","1.1944","1.1956","1.1975","1.1921","","-0.11%"
"04/20/2017","1.1957","1.1930","1.1966","1.1881","","0.22%"
"04/19/2017","1.1931","1.1966","1.1995","1.1917","","-0.28%"
"04/18/2017","1.1964","1.1806","1.2029","1.1747","","1.35%"
"04/17/2017","1.1805","1.1816","1.1822","1.1775","","0.02%"
"04/14/2017","1.1803","1.1781","1.1813","1.1769","","0.20%"
"04/13/2017","1.1780","1.1758","1.1802","1.1747","","0.20%"
"04/12/2017","1.1757","1.1782","1.1799","1.1746","","-0.20%"
"04/11/2017","1.1781","1.1716","1.1785","1.1696","","0.55%"
"04/10/2017","1.1716","1.1683","1.1733","1.1672","","0.27%"
"04/07/2017","1.1685","1.1715","1.1726","1.1654","","-0.26%"
"04/06/2017","1.1715","1.1707","1.1752","1.1669","","0.07%"
"04/05/2017","1.1707","1.1655","1.1722","1.1637","","0.44%"
"04/04/2017","1.1656","1.1702","1.1716","1.1642","","-0.42%"
"04/03/2017","1.1705","1.1760","1.1776","1.1684","","-0.68%"
"03/31/2017","1.1785","1.1681","1.1787","1.1631","","0.88%"
"03/30/2017","1.1682","1.1549","1.1690","1.1543","","1.16%"
"03/29/2017","1.1548","1.1514","1.1597","1.1446","","0.30%"
"03/28/2017","1.1514","1.1561","1.1606","1.1508","","-0.40%"
"03/27/2017","1.1560","1.1562","1.1596","1.1505","","0.10%"
"03/24/2017","1.1548","1.1612","1.1618","1.1542","","-0.55%"
"03/23/2017","1.1612","1.1562","1.1624","1.1550","","0.42%"
"03/22/2017","1.1563","1.1543","1.1572","1.1492","","0.17%"
"03/21/2017","1.1543","1.1507","1.1565","1.1456","","0.30%"
"03/20/2017","1.1508","1.1547","1.1551","1.1482","","-0.29%"
"03/17/2017","1.1542","1.1481","1.1550","1.1444","","0.53%"
"03/16/2017","1.1481","1.1451","1.1538","1.1414","","0.26%"
"03/15/2017","1.1451","1.1462","1.1538","1.1443","","-0.10%"
"03/14/2017","1.1462","1.1469","1.1481","1.1381","","-0.07%"
"03/13/2017","1.1470","1.1403","1.1486","1.1376","","0.56%"
"03/10/2017","1.1406","1.1503","1.1508","1.1382","","-0.84%"
"03/09/2017","1.1503","1.1543","1.1555","1.1468","","-0.36%"
"03/08/2017","1.1545","1.1546","1.1560","1.1499","","-0.01%"
"03/07/2017","1.1546","1.1563","1.1578","1.1515","","-0.16%"
"03/06/2017","1.1564","1.1582","1.1598","1.1531","","-0.09%"
"03/03/2017","1.1574","1.1675","1.1686","1.1570","","-0.87%"
"03/02/2017","1.1675","1.1656","1.1701","1.1639","","0.16%"
"03/01/2017","1.1656","1.1706","1.1753","1.1640","","-0.42%"
"02/28/2017","1.1705","1.1753","1.1759","1.1693","","-0.40%"
"02/27/2017","1.1752","1.1804","1.1822","1.1708","","-0.43%"
"02/24/2017","1.1803","1.1865","1.1876","1.1774","","-0.52%"
"02/23/2017","1.1865","1.1793","1.1877","1.1767","","0.59%"
"02/22/2017","1.1795","1.1835","1.1903","1.1772","","-0.35%"
"02/21/2017","1.1836","1.1741","1.1848","1.1734","","0.81%"
"02/20/2017","1.1741","1.1690","1.1753","1.1682","","0.38%"
"02/17/2017","1.1696","1.1702","1.1740","1.1637","","-0.03%"
"02/16/2017","1.1700","1.1753","1.1786","1.1690","","-0.45%"
"02/15/2017","1.1753","1.1789","1.1816","1.1734","","-0.31%"
"02/14/2017","1.1789","1.1820","1.1829","1.1721","","-0.25%"
"02/13/2017","1.1818","1.1757","1.1829","1.1727","","0.67%"
"02/10/2017","1.1739","1.1732","1.1764","1.1692","","0.06%"
"02/09/2017","1.1732","1.1719","1.1776","1.1696","","0.09%"
"02/08/2017","1.1721","1.1712","1.1755","1.1689","","0.09%"
"02/07/2017","1.1710","1.1599","1.1723","1.1571","","0.96%"
"02/06/2017","1.1599","1.1586","1.1642","1.1561","","0.16%"
"02/03/2017","1.1580","1.1644","1.1666","1.1568","","-0.56%"
"02/02/2017","1.1645","1.1753","1.1768","1.1589","","-0.92%"
"02/01/2017","1.1753","1.1650","1.1778","1.1633","","0.89%"
"01/31/2017","1.1649","1.1673","1.1704","1.1579","","-0.22%"
"01/30/2017","1.1675","1.1739","1.1782","1.1654","","-0.51%"
"01/27/2017","1.1735","1.1789","1.1807","1.1705","","-0.46%"
"01/26/2017","1.1789","1.1755","1.1810","1.1715","","0.29%"
"01/25/2017","1.1755","1.1668","1.1772","1.1654","","0.75%"
"01/24/2017","1.1668","1.1645","1.1678","1.1557","","0.20%"
"01/23/2017","1.1645","1.1551","1.1651","1.1539","","0.72%"
"01/20/2017","1.1562","1.1572","1.1589","1.1529","","-0.10%"
"01/19/2017","1.1574","1.1535","1.1618","1.1520","","0.36%"
"01/18/2017","1.1532","1.1588","1.1595","1.1484","","-0.47%"
"01/17/2017","1.1587","1.1367","1.1595","1.1336","","1.96%"
"01/16/2017","1.1364","1.1335","1.1414","1.1289","","-0.68%"
"01/13/2017","1.1442","1.1458","1.1504","1.1402","","-0.14%"
"01/12/2017","1.1458","1.1540","1.1557","1.1428","","-0.71%"
"01/11/2017","1.1540","1.1538","1.1569","1.1486","","0.03%"
"01/10/2017","1.1537","1.1502","1.1545","1.1408","","0.30%"
"01/09/2017","1.1503","1.1637","1.1654","1.1493","","-1.39%"
"01/06/2017","1.1665","1.1709","1.1724","1.1639","","-0.38%"
"01/05/2017","1.1709","1.1749","1.1761","1.1651","","-0.33%"
"01/04/2017","1.1748","1.1760","1.1795","1.1711","","-0.12%"
"01/03/2017","1.1762","1.1736","1.1837","1.1720","","0.22%"
"01/02/2017","1.1736","1.1740","1.1776","1.1707","","0.03%"
"12/30/2016","1.1733","1.1688","1.1747","1.1536","","0.38%"
"12/29/2016","1.1689","1.1740","1.1757","1.1648","","-0.44%"
"12/28/2016","1.1741","1.1735","1.1783","1.1710","","0.05%"
"12/27/2016","1.1735","1.1752","1.1768","1.1707","","-0.14%"
"12/26/2016","1.1752","1.1738","1.1784","1.1722","","-0.03%"
"12/23/2016","1.1756","1.1770","1.1783","1.1708","","-0.12%"
"12/22/2016","1.1770","1.1851","1.1865","1.1748","","-0.68%"
"12/21/2016","1.1851","1.1902","1.1913","1.1825","","-0.44%"
"12/20/2016","1.1903","1.1918","1.1943","1.1865","","-0.15%"
"12/19/2016","1.1921","1.1962","1.1980","1.1832","","-0.31%"
"12/16/2016","1.1958","1.1926","1.1971","1.1864","","0.28%"
"12/15/2016","1.1925","1.1926","1.2005","1.1896","","0.00%"
"12/14/2016","1.1925","1.1912","1.1978","1.1872","","0.12%"
"12/13/2016","1.1911","1.1923","1.1991","1.1889","","-0.07%"
"12/12/2016","1.1919","1.1919","1.1963","1.1858","","0.09%"
"12/09/2016","1.1908","1.1856","1.1948","1.1820","","0.44%"
"12/08/2016","1.1856","1.1742","1.1873","1.1662","","0.98%"
"12/07/2016","1.1741","1.1829","1.1838","1.1692","","-0.74%"
"12/06/2016","1.1829","1.1830","1.1898","1.1810","","-0.01%"
"12/05/2016","1.1830","1.1922","1.2046","1.1790","","-0.81%"
"12/02/2016","1.1927","1.1809","1.1943","1.1783","","1.00%"
"12/01/2016","1.1809","1.1810","1.1951","1.1781","","-0.03%"
"11/30/2016","1.1812","1.1728","1.1831","1.1654","","0.71%"
"11/29/2016","1.1729","1.1698","1.1814","1.1679","","0.27%"
"11/28/2016","1.1697","1.1766","1.1779","1.1672","","-0.75%"
"11/25/2016","1.1785","1.1799","1.1812","1.1698","","-0.14%"
"11/24/2016","1.1801","1.1788","1.1823","1.1754","","0.14%"
"11/23/2016","1.1785","1.1692","1.1819","1.1634","","0.80%"
"11/22/2016","1.1691","1.1753","1.1773","1.1663","","-0.54%"
"11/21/2016","1.1754","1.1680","1.1782","1.1572","","0.81%"
"11/18/2016","1.1660","1.1686","1.1732","1.1576","","-0.22%"
"11/17/2016","1.1686","1.1638","1.1705","1.1592","","0.40%"
"11/16/2016","1.1639","1.1618","1.1669","1.1589","","0.18%"
"11/15/2016","1.1618","1.1630","1.1672","1.1483","","-0.14%"
"11/14/2016","1.1634","1.1607","1.1656","1.1577","","0.22%"
"11/11/2016","1.1608","1.1526","1.1675","1.1502","","0.71%"
"11/10/2016","1.1526","1.1372","1.1548","1.1328","","1.35%"
"11/09/2016","1.1372","1.1229","1.1414","1.1076","","1.30%"
"11/08/2016","1.1226","1.1229","1.1259","1.1192","","-0.03%"
"11/07/2016","1.1229","1.1236","1.1293","1.1187","","-0.07%"
"11/04/2016","1.1237","1.1222","1.1292","1.1208","","0.14%"
"11/03/2016","1.1221","1.1086","1.1290","1.1076","","1.21%"
"11/02/2016","1.1087","1.1074","1.1137","1.1049","","0.12%"
"11/01/2016","1.1074","1.1149","1.1178","1.1054","","-0.68%"
"10/31/2016","1.1150","1.1092","1.1170","1.1052","","0.53%"
"10/28/2016","1.1091","1.1163","1.1182","1.1085","","-0.64%"
"10/27/2016","1.1162","1.1228","1.1245","1.1134","","-0.57%"
"10/26/2016","1.1226","1.1194","1.1233","1.1151","","0.29%"
"10/25/2016","1.1194","1.1248","1.1254","1.1133","","-0.48%"
"10/24/2016","1.1248","1.1229","1.1259","1.1200","","0.04%"
"10/21/2016","1.1243","1.1210","1.1263","1.1183","","0.29%"
"10/20/2016","1.1210","1.1196","1.1227","1.1076","","0.12%"
"10/19/2016","1.1197","1.1199","1.1238","1.1163","","-0.02%"
"10/18/2016","1.1199","1.1077","1.1221","1.1067","","1.10%"
"10/17/2016","1.1077","1.1107","1.1112","1.1038","","-0.29%"
"10/14/2016","1.1109","1.1084","1.1145","1.1051","","0.23%"
"10/13/2016","1.1084","1.1091","1.1113","1.1026","","-0.05%"
"10/12/2016","1.1089","1.0967","1.1155","1.0949","","1.11%"
"10/11/2016","1.0967","1.1101","1.1118","1.0939","","-1.20%"
"10/10/2016","1.1100","1.1102","1.1138","1.1061","","-0.01%"
"10/07/2016","1.1101","1.1315","1.1328","1.0604","","-1.87%"
"10/06/2016","1.1313","1.1374","1.1387","1.1296","","-0.56%"
"10/05/2016","1.1377","1.1360","1.1397","1.1306","","0.16%"
"10/04/2016","1.1359","1.1456","1.1486","1.1347","","-0.85%"
"10/03/2016","1.1456","1.1521","1.1529","1.1431","","-0.76%"
"09/30/2016","1.1544","1.1556","1.1625","1.1528","","-0.10%"
"09/29/2016","1.1556","1.1607","1.1639","1.1534","","-0.45%"
"09/28/2016","1.1608","1.1612","1.1645","1.1572","","-0.03%"
"09/27/2016","1.1611","1.1530","1.1619","1.1500","","0.70%"
"09/26/2016","1.1530","1.1541","1.1567","1.1470","","-0.23%"
"09/23/2016","1.1557","1.1669","1.1686","1.1519","","-0.96%"
"09/22/2016","1.1669","1.1637","1.1682","1.1611","","0.22%"
"09/21/2016","1.1643","1.1644","1.1675","1.1614","","-0.02%"
"09/20/2016","1.1645","1.1660","1.1679","1.1584","","-0.13%"
"09/19/2016","1.1660","1.1645","1.1719","1.1642","","0.07%"
"09/16/2016","1.1652","1.1773","1.1787","1.1644","","-1.04%"
"09/15/2016","1.1774","1.1765","1.1811","1.1700","","0.08%"
"09/14/2016","1.1765","1.1762","1.1790","1.1700","","0.05%"
"09/13/2016","1.1759","1.1871","1.1879","1.1715","","-0.96%"
"09/12/2016","1.1873","1.1812","1.1879","1.1784","","0.52%"
"09/09/2016","1.1811","1.1808","1.1851","1.1784","","0.03%"
"09/08/2016","1.1807","1.1870","1.1877","1.1767","","-0.51%"
"09/07/2016","1.1867","1.1941","1.1948","1.1853","","-0.61%"
"09/06/2016","1.1940","1.1935","1.2004","1.1925","","0.03%"
"09/05/2016","1.1936","1.1929","1.1976","1.1894","","0.18%"
"09/02/2016","1.1915","1.1849","1.1942","1.1835","","0.55%"
"09/01/2016","1.1850","1.1775","1.1930","1.1764","","0.65%"
"08/31/2016","1.1774","1.1740","1.1805","1.1726","","0.29%"
"08/30/2016","1.1740","1.1716","1.1771","1.1691","","0.25%"
"08/29/2016","1.1711","1.1747","1.1747","1.1692","","-0.17%"
"08/26/2016","1.1731","1.1691","1.1750","1.1673","","0.34%"
"08/25/2016","1.1691","1.1749","1.1767","1.1671","","-0.49%"
"08/24/2016","1.1749","1.1673","1.1786","1.1654","","0.63%"
"08/23/2016","1.1675","1.1607","1.1682","1.1587","","0.57%"
"08/22/2016","1.1609","1.1553","1.1618","1.1522","","0.55%"
"08/19/2016","1.1545","1.1599","1.1617","1.1503","","-0.45%"
"08/18/2016","1.1597","1.1555","1.1642","1.1530","","0.38%"
"08/17/2016","1.1553","1.1568","1.1593","1.1528","","-0.12%"
"08/16/2016","1.1567","1.1515","1.1574","1.1460","","0.43%"
"08/15/2016","1.1517","1.1572","1.1601","1.1489","","-0.54%"
"08/12/2016","1.1579","1.1634","1.1656","1.1555","","-0.46%"
"08/11/2016","1.1632","1.1642","1.1663","1.1593","","-0.09%"
"08/10/2016","1.1642","1.1696","1.1744","1.1629","","-0.44%"
"08/09/2016","1.1694","1.1759","1.1778","1.1672","","-0.52%"
"08/08/2016","1.1755","1.1811","1.1814","1.1750","","-0.32%"
"08/05/2016","1.1793","1.1778","1.1851","1.1757","","0.13%"
"08/04/2016","1.1778","1.1953","1.1987","1.1768","","-1.47%"
"08/03/2016","1.1954","1.1900","1.1957","1.1857","","0.48%"
"08/02/2016","1.1897","1.1807","1.1905","1.1774","","0.77%"
"08/01/2016","1.1806","1.1843","1.1881","1.1780","","-0.25%"
"07/29/2016","1.1836","1.1887","1.1920","1.1792","","-0.43%"
"07/28/2016","1.1887","1.1956","1.1968","1.1830","","-0.57%"
"07/27/2016","1.1955","1.1952","1.1980","1.1885","","0.03%"
"07/26/2016","1.1952","1.1952","1.1976","1.1865","","-0.01%"
"07/25/2016","1.1953","1.1961","1.1995","1.1927","","0.07%"
"07/22/2016","1.1945","1.2002","1.2050","1.1875","","-0.49%"
"07/21/2016","1.2004","1.1995","1.2047","1.1925","","0.09%"
"07/20/2016","1.1993","1.1895","1.2007","1.1869","","0.82%"
"07/19/2016","1.1895","1.1970","1.1992","1.1864","","-0.63%"
"07/18/2016","1.1971","1.1949","1.2020","1.1899","","0.13%"
"07/15/2016","1.1955","1.1999","1.2107","1.1879","","-0.37%"
"07/14/2016","1.1999","1.1851","1.2121","1.1805","","1.21%"
"07/13/2016","1.1855","1.1973","1.2051","1.1831","","-0.99%"
"07/12/2016","1.1974","1.1748","1.1999","1.1728","","1.90%"
"07/11/2016","1.1751","1.1722","1.1788","1.1654","","0.26%"
"07/08/2016","1.1721","1.1671","1.1763","1.1643","","0.44%"
"07/07/2016","1.1670","1.1650","1.1779","1.1607","","0.17%"
"07/06/2016","1.1650","1.1754","1.1774","1.1590","","-0.92%"
"07/05/2016","1.1758","1.1917","1.1924","1.1697","","-1.32%"
"07/04/2016","1.1915","1.1915","1.1973","1.1888","","0.05%"
"07/01/2016","1.1909","1.1986","1.2027","1.1893","","-0.64%"
"06/30/2016","1.1986","1.2073","1.2138","1.1926","","-0.68%"
"06/29/2016","1.2068","1.2056","1.2189","1.2008","","0.10%"
"06/28/2016","1.2056","1.1992","1.2115","1.1976","","0.48%"
"06/27/2016","1.1999","1.2250","1.2272","1.1931","","-2.49%"
"06/24/2016","1.2305","1.3062","1.3163","1.2020","","-5.82%"
"06/23/2016","1.3065","1.3019","1.3120","1.2972","","0.35%"
"06/22/2016","1.3019","1.3030","1.3064","1.2955","","-0.08%"
"06/21/2016","1.3030","1.2992","1.3065","1.2910","","0.29%"
"06/20/2016","1.2992","1.2713","1.3003","1.2707","","2.04%"
"06/17/2016","1.2732","1.2653","1.2754","1.2641","","0.63%"
"06/16/2016","1.2652","1.2617","1.2680","1.2507","","0.28%"
"06/15/2016","1.2617","1.2596","1.2672","1.2544","","0.17%"
"06/14/2016","1.2596","1.2639","1.2643","1.2540","","-0.34%"
"06/13/2016","1.2639","1.2647","1.2689","1.2519","","-0.27%"
"06/10/2016","1.2673","1.2778","1.2808","1.2605","","-0.82%"
"06/09/2016","1.2778","1.2730","1.2810","1.2689","","0.39%"
"06/08/2016","1.2728","1.2805","1.2830","1.2719","","-0.60%"
"06/07/2016","1.2805","1.2721","1.2889","1.2710","","0.68%"
"06/06/2016","1.2719","1.2772","1.2801","1.2648","","-0.43%"
"06/03/2016","1.2774","1.2936","1.2973","1.2755","","-1.24%"
"06/02/2016","1.2934","1.2885","1.2956","1.2858","","0.39%"
"06/01/2016","1.2884","1.3006","1.3040","1.2870","","-0.93%"
"05/31/2016","1.3005","1.3143","1.3206","1.2990","","-0.97%"
"05/30/2016","1.3133","1.3142","1.3179","1.3100","","-0.19%"
"05/27/2016","1.3158","1.3106","1.3164","1.3080","","0.40%"
"05/26/2016","1.3106","1.3175","1.3197","1.3094","","-0.52%"
"05/25/2016","1.3174","1.3137","1.3222","1.3089","","0.28%"
"05/24/2016","1.3137","1.2909","1.3144","1.2898","","1.75%"
"05/23/2016","1.2911","1.2932","1.2982","1.2894","","-0.07%"
"05/20/2016","1.2920","1.3043","1.3054","1.2911","","-0.94%"
"05/19/2016","1.3043","1.3015","1.3075","1.2979","","0.22%"
"05/18/2016","1.3015","1.2784","1.3021","1.2763","","1.81%"
"05/17/2016","1.2784","1.2721","1.2822","1.2713","","0.48%"
"05/16/2016","1.2723","1.2689","1.2728","1.2666","","0.17%"
"05/13/2016","1.2702","1.2701","1.2729","1.2681","","0.01%"
"05/12/2016","1.2701","1.2647","1.2747","1.2626","","0.43%"
"05/11/2016","1.2647","1.2699","1.2716","1.2624","","-0.43%"
"05/10/2016","1.2702","1.2658","1.2707","1.2649","","0.36%"
"05/09/2016","1.2657","1.2657","1.2712","1.2612","","0.03%"
"05/06/2016","1.2653","1.2697","1.2717","1.2627","","-0.38%"
"05/05/2016","1.2701","1.2615","1.2723","1.2612","","0.67%"
"05/04/2016","1.2616","1.2642","1.2670","1.2582","","-0.20%"
"05/03/2016","1.2641","1.2720","1.2752","1.2622","","-0.63%"
"05/02/2016","1.2721","1.2761","1.2788","1.2711","","-0.28%"
"04/29/2016","1.2757","1.2868","1.2887","1.2747","","-0.87%"
"04/28/2016","1.2869","1.2846","1.2898","1.2810","","0.18%"
"04/27/2016","1.2846","1.2906","1.2924","1.2824","","-0.46%"
"04/26/2016","1.2906","1.2855","1.2931","1.2838","","0.42%"
"04/25/2016","1.2852","1.2839","1.2902","1.2800","","0.24%"
"04/22/2016","1.2821","1.2689","1.2854","1.2676","","1.04%"
"04/21/2016","1.2689","1.2688","1.2735","1.2659","","0.01%"
"04/20/2016","1.2688","1.2674","1.2721","1.2632","","0.12%"
"04/19/2016","1.2673","1.2616","1.2690","1.2608","","0.45%"
"04/18/2016","1.2616","1.2597","1.2639","1.2508","","0.28%"
"04/15/2016","1.2581","1.2561","1.2603","1.2535","","0.16%"
"04/14/2016","1.2561","1.2599","1.2609","1.2525","","-0.29%"
"04/13/2016","1.2598","1.2538","1.2620","1.2520","","0.49%"
"04/12/2016","1.2537","1.2481","1.2563","1.2451","","0.44%"
"04/11/2016","1.2482","1.2393","1.2510","1.2359","","0.74%"
"04/08/2016","1.2390","1.2354","1.2428","1.2343","","0.28%"
"04/07/2016","1.2356","1.2389","1.2432","1.2318","","-0.26%"
"04/06/2016","1.2388","1.2439","1.2466","1.2335","","-0.41%"
"04/05/2016","1.2439","1.2520","1.2537","1.2413","","-0.65%"
"04/04/2016","1.2520","1.2481","1.2567","1.2470","","0.22%"
"04/01/2016","1.2493","1.2620","1.2638","1.2464","","-1.01%"
"03/31/2016","1.2620","1.2681","1.2698","1.2583","","-0.50%"
"03/30/2016","1.2683","1.2742","1.2767","1.2673","","-0.45%"
"03/29/2016","1.2740","1.2731","1.2774","1.2701","","0.07%"
"03/28/2016","1.2731","1.2659","1.2746","1.2643","","0.51%"
"03/25/2016","1.2666","1.2666","1.2684","1.2636","","0.00%"
"03/24/2016","1.2666","1.2626","1.2689","1.2582","","0.35%"
"03/23/2016","1.2622","1.2667","1.2690","1.2603","","-0.35%"
"03/22/2016","1.2666","1.2784","1.2800","1.2646","","-0.91%"
"03/21/2016","1.2782","1.2845","1.2850","1.2756","","-0.52%"
"03/18/2016","1.2849","1.2793","1.2864","1.2769","","0.45%"
"03/17/2016","1.2792","1.2704","1.2811","1.2638","","0.69%"
"03/16/2016","1.2704","1.2740","1.2755","1.2680","","-0.28%"
"03/15/2016","1.2740","1.2878","1.2893","1.2720","","-1.06%"
"03/14/2016","1.2877","1.2899","1.2929","1.2867","","-0.10%"
"03/11/2016","1.2890","1.2774","1.2925","1.2740","","0.91%"
"03/10/2016","1.2774","1.2921","1.3068","1.2739","","-1.15%"
"03/09/2016","1.2922","1.2914","1.2988","1.2890","","0.10%"
"03/08/2016","1.2909","1.2953","1.2960","1.2831","","-0.34%"
"03/07/2016","1.2953","1.2932","1.2969","1.2902","","0.18%"
"03/04/2016","1.2930","1.2939","1.2954","1.2864","","-0.05%"
"03/03/2016","1.2937","1.2955","1.2981","1.2902","","-0.13%"
"03/02/2016","1.2954","1.2835","1.3004","1.2798","","0.92%"
"03/01/2016","1.2836","1.2800","1.2893","1.2780","","0.29%"
"02/29/2016","1.2799","1.2688","1.2838","1.2660","","0.90%"
"02/26/2016","1.2685","1.2666","1.2753","1.2621","","0.15%"
"02/25/2016","1.2666","1.2645","1.2694","1.2610","","0.16%"
"02/24/2016","1.2646","1.2725","1.2739","1.2615","","-0.62%"
"02/23/2016","1.2725","1.2830","1.2862","1.2713","","-0.82%"
"02/22/2016","1.2830","1.2944","1.2944","1.2749","","-0.84%"
"02/19/2016","1.2939","1.2908","1.2948","1.2828","","0.24%"
"02/18/2016","1.2908","1.2847","1.2976","1.2791","","0.47%"
"02/17/2016","1.2847","1.2837","1.2887","1.2744","","0.08%"
"02/16/2016","1.2837","1.2942","1.2997","1.2797","","-0.80%"
"02/15/2016","1.2940","1.2884","1.2993","1.2881","","0.44%"
"02/12/2016","1.2883","1.2780","1.2918","1.2773","","0.77%"
"02/11/2016","1.2784","1.2863","1.2898","1.2659","","-0.61%"
"02/10/2016","1.2863","1.2815","1.2969","1.2788","","0.37%"
"02/09/2016","1.2815","1.2890","1.2936","1.2735","","-0.57%"
"02/08/2016","1.2889","1.2996","1.3054","1.2871","","-0.83%"
"02/05/2016","1.2997","1.3017","1.3039","1.2957","","-0.15%"
"02/04/2016","1.3017","1.3153","1.3175","1.2984","","-1.03%"
"02/03/2016","1.3152","1.3198","1.3289","1.3129","","-0.35%"
"02/02/2016","1.3198","1.3255","1.3263","1.3129","","-0.44%"
"02/01/2016","1.3256","1.3144","1.3264","1.3116","","0.82%"
"01/29/2016","1.3148","1.3129","1.3226","1.3070","","0.14%"
"01/28/2016","1.3129","1.3066","1.3171","1.3049","","0.48%"
"01/27/2016","1.3066","1.3202","1.3222","1.3042","","-1.03%"
"01/26/2016","1.3202","1.3134","1.3249","1.3046","","0.52%"
"01/25/2016","1.3134","1.3214","1.3242","1.3122","","-0.59%"
"01/22/2016","1.3212","1.3078","1.3289","1.3068","","1.02%"
"01/21/2016","1.3078","1.3030","1.3131","1.2914","","0.37%"
"01/20/2016","1.3030","1.2979","1.3040","1.2892","","0.42%"
"01/19/2016","1.2975","1.3077","1.3188","1.2963","","-0.77%"
"01/18/2016","1.3076","1.3062","1.3167","1.3031","","0.11%"
"01/15/2016","1.3061","1.3264","1.3291","1.2995","","-1.55%"
"01/14/2016","1.3266","1.3245","1.3296","1.3144","","0.16%"
"01/13/2016","1.3245","1.3306","1.3393","1.3239","","-0.46%"
"01/12/2016","1.3306","1.3392","1.3419","1.3247","","-0.63%"
"01/11/2016","1.3390","1.3285","1.3437","1.3232","","0.81%"
"01/08/2016","1.3283","1.3370","1.3477","1.3276","","-0.63%"
"01/07/2016","1.3367","1.3567","1.3587","1.3358","","-1.47%"
"01/06/2016","1.3567","1.3651","1.3664","1.3547","","-0.64%"
"01/05/2016","1.3654","1.3588","1.3677","1.3576","","0.49%"
"01/04/2016","1.3588","1.3582","1.3614","1.3479","","0.06%"
"01/01/2016","1.3580","1.3571","1.3632","1.3565","","0.07%"
"12/31/2015","1.3571","1.3550","1.3636","1.3541","","0.13%"
"12/30/2015","1.3553","1.3565","1.3609","1.3533","","-0.10%"
"12/29/2015","1.3567","1.3565","1.3603","1.3495","","0.02%"
"12/28/2015","1.3564","1.3586","1.3626","1.3544","","-0.29%"
"12/25/2015","1.3604","1.3593","1.3655","1.3571","","0.06%"
"12/24/2015","1.3596","1.3632","1.3665","1.3564","","-0.26%"
"12/23/2015","1.3632","1.3536","1.3687","1.3526","","0.73%"
"12/22/2015","1.3533","1.3637","1.3663","1.3483","","-0.78%"
"12/21/2015","1.3639","1.3714","1.3741","1.3611","","-0.48%"
"12/18/2015","1.3705","1.3765","1.3814","1.3691","","-0.43%"
"12/17/2015","1.3764","1.3750","1.3798","1.3700","","0.11%"
"12/16/2015","1.3749","1.3758","1.3779","1.3667","","-0.10%"
"12/15/2015","1.3763","1.3775","1.3861","1.3694","","-0.09%"
"12/14/2015","1.3775","1.3853","1.3878","1.3694","","-0.53%"
"12/11/2015","1.3848","1.3852","1.3876","1.3790","","-0.05%"
"12/10/2015","1.3855","1.3768","1.3884","1.3758","","0.62%"
"12/09/2015","1.3769","1.3780","1.3853","1.3745","","-0.06%"
"12/08/2015","1.3777","1.3895","1.3904","1.3734","","-0.83%"
"12/07/2015","1.3893","1.3907","1.3960","1.3864","","0.08%"
"12/04/2015","1.3882","1.3847","1.3931","1.3816","","0.26%"
"12/03/2015","1.3846","1.4086","1.4173","1.3787","","-1.70%"
"12/02/2015","1.4086","1.4183","1.4228","1.4059","","-0.70%"
"12/01/2015","1.4186","1.4252","1.4274","1.4175","","-0.46%"
"11/30/2015","1.4252","1.4203","1.4263","1.4178","","0.39%"
"11/27/2015","1.4196","1.4234","1.4252","1.4173","","-0.27%"
"11/26/2015","1.4235","1.4238","1.4257","1.4194","","-0.01%"
"11/25/2015","1.4236","1.4175","1.4282","1.4122","","0.41%"
"11/24/2015","1.4178","1.4219","1.4256","1.4122","","-0.30%"
"11/23/2015","1.4220","1.4270","1.4305","1.4210","","-0.35%"
"11/20/2015","1.4270","1.4245","1.4318","1.4228","","0.18%"
"11/19/2015","1.4245","1.4295","1.4324","1.4229","","-0.34%"
"11/18/2015","1.4294","1.4292","1.4323","1.4242","","0.01%"
"11/17/2015","1.4293","1.4227","1.4318","1.4213","","0.49%"
"11/16/2015","1.4223","1.4178","1.4246","1.4122","","0.64%"
"11/13/2015","1.4132","1.4082","1.4204","1.4077","","0.37%"
"11/12/2015","1.4080","1.4156","1.4205","1.4063","","-0.56%"
"11/11/2015","1.4160","1.4097","1.4187","1.4074","","0.45%"
"11/10/2015","1.4097","1.4058","1.4152","1.4027","","0.25%"
"11/09/2015","1.4062","1.4030","1.4072","1.3976","","0.36%"
"11/06/2015","1.4011","1.3971","1.4066","1.3869","","0.29%"
"11/05/2015","1.3971","1.4160","1.4204","1.3964","","-1.34%"
"11/04/2015","1.4161","1.4061","1.4180","1.4052","","0.70%"
"11/03/2015","1.4062","1.3992","1.4089","1.3986","","0.50%"
"11/02/2015","1.3992","1.3990","1.4071","1.3961","","-0.19%"
"10/30/2015","1.4019","1.3947","1.4041","1.3887","","0.50%"
"10/29/2015","1.3949","1.3970","1.4000","1.3903","","-0.19%"
"10/28/2015","1.3975","1.3845","1.4000","1.3790","","0.94%"
"10/27/2015","1.3845","1.3881","1.3908","1.3835","","-0.28%"
"10/26/2015","1.3884","1.3916","1.3940","1.3866","","-0.12%"
"10/23/2015","1.3900","1.3858","1.3951","1.3827","","0.28%"
"10/22/2015","1.3861","1.3599","1.3869","1.3587","","1.93%"
"10/21/2015","1.3599","1.3609","1.3639","1.3559","","-0.07%"
"10/20/2015","1.3608","1.3651","1.3675","1.3592","","-0.33%"
"10/19/2015","1.3653","1.3601","1.3693","1.3562","","0.36%"
"10/16/2015","1.3604","1.3575","1.3630","1.3552","","0.18%"
"10/15/2015","1.3579","1.3487","1.3623","1.3468","","0.67%"
"10/14/2015","1.3489","1.3399","1.3514","1.3377","","0.69%"
"10/13/2015","1.3396","1.3516","1.3529","1.3342","","-0.87%"
"10/12/2015","1.3514","1.3485","1.3521","1.3466","","0.29%"
"10/09/2015","1.3475","1.3609","1.3634","1.3457","","-0.98%"
"10/08/2015","1.3609","1.3630","1.3637","1.3550","","-0.18%"
"10/07/2015","1.3634","1.3508","1.3640","1.3503","","0.93%"
"10/06/2015","1.3509","1.3533","1.3571","1.3495","","-0.23%"
"10/05/2015","1.3540","1.3541","1.3567","1.3468","","-0.03%"
"10/02/2015","1.3544","1.3516","1.3640","1.3434","","0.22%"
"10/01/2015","1.3514","1.3537","1.3597","1.3510","","-0.16%"
"09/30/2015","1.3536","1.3470","1.3586","1.3456","","0.50%"
"09/29/2015","1.3468","1.3494","1.3550","1.3445","","-0.19%"
"09/28/2015","1.3493","1.3562","1.3634","1.3489","","-0.52%"
"09/25/2015","1.3563","1.3571","1.3696","1.3515","","-0.07%"
"09/24/2015","1.3572","1.3629","1.3661","1.3493","","-0.41%"
"09/23/2015","1.3628","1.3818","1.3823","1.3609","","-1.38%"
"09/22/2015","1.3819","1.3859","1.3897","1.3777","","-0.29%"
"09/21/2015","1.3859","1.3737","1.3864","1.3723","","0.87%"
"09/18/2015","1.3739","1.3632","1.3773","1.3621","","0.78%"
"09/17/2015","1.3632","1.3723","1.3748","1.3622","","-0.67%"
"09/16/2015","1.3724","1.3619","1.3764","1.3586","","0.78%"
"09/15/2015","1.3618","1.3627","1.3676","1.3587","","-0.07%"
"09/14/2015","1.3627","1.3604","1.3653","1.3587","","0.15%"
"09/11/2015","1.3607","1.3693","1.3710","1.3590","","-0.64%"
"09/10/2015","1.3694","1.3710","1.3809","1.3660","","-0.13%"
"09/09/2015","1.3712","1.3748","1.3815","1.3700","","-0.26%"
"09/08/2015","1.3748","1.3670","1.3812","1.3641","","0.54%"
"09/07/2015","1.3674","1.3592","1.3702","1.3586","","0.46%"
"09/04/2015","1.3611","1.3716","1.3732","1.3596","","-0.77%"
"09/03/2015","1.3717","1.3627","1.3745","1.3561","","0.65%"
"09/02/2015","1.3629","1.3529","1.3643","1.3517","","0.76%"
"09/01/2015","1.3526","1.3682","1.3698","1.3516","","-1.14%"
"08/31/2015","1.3682","1.3776","1.3799","1.3655","","-0.63%"
"08/28/2015","1.3769","1.3695","1.3781","1.3595","","0.54%"
"08/27/2015","1.3695","1.3662","1.3745","1.3632","","0.23%"
"08/26/2015","1.3663","1.3621","1.3716","1.3575","","0.30%"
"08/25/2015","1.3622","1.3573","1.3778","1.3571","","0.36%"
"08/24/2015","1.3573","1.3783","1.3820","1.3470","","-1.52%"
"08/21/2015","1.3782","1.3952","1.3986","1.3771","","-1.25%"
"08/20/2015","1.3956","1.4100","1.4112","1.3948","","-1.03%"
"08/19/2015","1.4101","1.4211","1.4214","1.4087","","-0.77%"
"08/18/2015","1.4211","1.4069","1.4234","1.4050","","1.01%"
"08/17/2015","1.4069","1.4085","1.4158","1.4054","","-0.11%"
"08/14/2015","1.4084","1.4002","1.4097","1.3967","","0.58%"
"08/13/2015","1.4003","1.3996","1.4084","1.3971","","0.05%"
"08/12/2015","1.3996","1.4105","1.4122","1.3944","","-0.78%"
"08/11/2015","1.4106","1.4145","1.4208","1.4047","","-0.30%"
"08/10/2015","1.4149","1.4129","1.4182","1.4088","","0.15%"
"08/07/2015","1.4128","1.4199","1.4255","1.4093","","-0.49%"
"08/06/2015","1.4198","1.4302","1.4352","1.4189","","-0.75%"
"08/05/2015","1.4306","1.4305","1.4389","1.4282","","0.02%"
"08/04/2015","1.4303","1.4231","1.4309","1.4189","","0.48%"
"08/03/2015","1.4234","1.4246","1.4264","1.4199","","0.11%"
"07/31/2015","1.4219","1.4270","1.4280","1.4086","","-0.36%"
"07/30/2015","1.4271","1.4204","1.4317","1.4194","","0.47%"
"07/29/2015","1.4204","1.4115","1.4223","1.4083","","0.62%"
"07/28/2015","1.4116","1.4025","1.4145","1.4018","","0.65%"
"07/27/2015","1.4025","1.4112","1.4153","1.3959","","-0.71%"
"07/24/2015","1.4125","1.4126","1.4178","1.4097","","-0.01%"
"07/23/2015","1.4126","1.4282","1.4310","1.4078","","-1.08%"
"07/22/2015","1.4280","1.4225","1.4364","1.4201","","0.38%"
"07/21/2015","1.4226","1.4379","1.4396","1.4191","","-1.05%"
"07/20/2015","1.4377","1.4410","1.4415","1.4329","","-0.26%"
"07/17/2015","1.4415","1.4354","1.4419","1.4305","","0.43%"
"07/16/2015","1.4353","1.4285","1.4368","1.4260","","0.49%"
"07/15/2015","1.4283","1.4200","1.4303","1.4145","","0.58%"
"07/14/2015","1.4200","1.4076","1.4214","1.4008","","0.88%"
"07/13/2015","1.4076","1.3986","1.4112","1.3883","","1.22%"
"07/10/2015","1.3907","1.3934","1.3945","1.3840","","-0.19%"
"07/09/2015","1.3933","1.3865","1.3966","1.3844","","0.48%"
"07/08/2015","1.3867","1.4040","1.4070","1.3841","","-1.23%"
"07/07/2015","1.4040","1.4115","1.4156","1.4008","","-0.52%"
"07/06/2015","1.4114","1.4179","1.4181","1.4038","","0.74%"
"07/03/2015","1.4010","1.4082","1.4093","1.4004","","-0.51%"
"07/02/2015","1.4082","1.4130","1.4146","1.4030","","-0.34%"
"07/01/2015","1.4130","1.4106","1.4164","1.4024","","0.18%"
"06/30/2015","1.4105","1.4007","1.4139","1.3994","","0.69%"
"06/29/2015","1.4008","1.4268","1.4322","1.3948","","-0.70%"
"06/26/2015","1.4107","1.4054","1.4137","1.4029","","0.38%"
"06/25/2015","1.4053","1.4017","1.4087","1.3987","","0.26%"
"06/24/2015","1.4017","1.4083","1.4117","1.3994","","-0.46%"
"06/23/2015","1.4082","1.3954","1.4126","1.3927","","0.92%"
"06/22/2015","1.3954","1.3979","1.4017","1.3866","","-0.26%"
"06/19/2015","1.3991","1.3981","1.4037","1.3941","","0.08%"
"06/18/2015","1.3980","1.3965","1.3983","1.3885","","0.11%"
"06/17/2015","1.3965","1.3912","1.4000","1.3862","","0.37%"
"06/16/2015","1.3913","1.3827","1.3939","1.3790","","0.62%"
"06/15/2015","1.3827","1.3861","1.3884","1.3794","","0.15%"
"06/12/2015","1.3806","1.3784","1.3897","1.3776","","0.16%"
"06/11/2015","1.3784","1.3714","1.3818","1.3668","","0.53%"
"06/10/2015","1.3712","1.3635","1.3762","1.3575","","0.56%"
"06/09/2015","1.3636","1.3595","1.3649","1.3531","","0.29%"
"06/08/2015","1.3596","1.3742","1.3766","1.3577","","-1.06%"
"06/05/2015","1.3742","1.3672","1.3762","1.3583","","0.51%"
"06/04/2015","1.3672","1.3609","1.3688","1.3539","","0.46%"
"06/03/2015","1.3609","1.3756","1.3792","1.3589","","-1.07%"
"06/02/2015","1.3756","1.3910","1.3931","1.3691","","-1.11%"
"06/01/2015","1.3911","1.3918","1.3998","1.3892","","-0.04%"
"05/29/2015","1.3916","1.3990","1.4009","1.3883","","-0.52%"
"05/28/2015","1.3989","1.4082","1.4093","1.3979","","-0.65%"
"05/27/2015","1.4081","1.4150","1.4175","1.4050","","-0.48%"
"05/26/2015","1.4149","1.4093","1.4166","1.4078","","0.40%"
"05/25/2015","1.4093","1.4063","1.4139","1.4053","","0.24%"
"05/22/2015","1.4059","1.4094","1.4109","1.3959","","-0.25%"
"05/21/2015","1.4094","1.4006","1.4105","1.3947","","0.62%"
"05/20/2015","1.4007","1.3911","1.4033","1.3900","","0.69%"
"05/19/2015","1.3911","1.3832","1.3988","1.3824","","0.57%"
"05/18/2015","1.3832","1.3727","1.3858","1.3726","","0.75%"
"05/15/2015","1.3729","1.3827","1.3881","1.3728","","-0.71%"
"05/14/2015","1.3827","1.3863","1.3883","1.3802","","-0.27%"
"05/13/2015","1.3864","1.3969","1.4041","1.3832","","-0.79%"
"05/12/2015","1.3974","1.3973","1.3986","1.3835","","0.01%"
"05/11/2015","1.3972","1.3808","1.4007","1.3778","","1.28%"
"05/08/2015","1.3795","1.3531","1.3841","1.3530","","1.94%"
"05/07/2015","1.3532","1.3434","1.3553","1.3359","","0.77%"
"05/06/2015","1.3428","1.3573","1.3580","1.3420","","-1.07%"
"05/05/2015","1.3573","1.3566","1.3672","1.3542","","0.05%"
"05/04/2015","1.3566","1.3523","1.3605","1.3514","","0.36%"
"05/01/2015","1.3517","1.3677","1.3701","1.3478","","-1.17%"
"04/30/2015","1.3677","1.3870","1.3914","1.3630","","-1.38%"
"04/29/2015","1.3869","1.3967","1.4015","1.3831","","-0.70%"
"04/28/2015","1.3967","1.3989","1.4025","1.3940","","-0.20%"
"04/27/2015","1.3995","1.3970","1.4006","1.3942","","0.19%"
"04/24/2015","1.3968","1.3908","1.3992","1.3864","","0.42%"
"04/23/2015","1.3909","1.4021","1.4053","1.3889","","-0.78%"
"04/22/2015","1.4018","1.3904","1.4044","1.3874","","0.82%"
"04/21/2015","1.3904","1.3880","1.3950","1.3865","","0.17%"
"04/20/2015","1.3881","1.3827","1.3920","1.3799","","0.27%"
"04/17/2015","1.3844","1.3878","1.3952","1.3829","","-0.25%"
"04/16/2015","1.3879","1.3889","1.3961","1.3827","","-0.07%"
"04/15/2015","1.3889","1.3874","1.3958","1.3854","","0.11%"
"04/14/2015","1.3874","1.3889","1.3927","1.3811","","-0.10%"
"04/13/2015","1.3888","1.3801","1.3896","1.3752","","0.65%"
"04/10/2015","1.3798","1.3803","1.3845","1.3773","","-0.04%"
"04/09/2015","1.3804","1.3790","1.3825","1.3740","","0.10%"
"04/08/2015","1.3790","1.3691","1.3839","1.3669","","0.72%"
"04/07/2015","1.3692","1.3626","1.3731","1.3602","","0.51%"
"04/06/2015","1.3623","1.3576","1.3638","1.3548","","0.23%"
"04/03/2015","1.3592","1.3625","1.3670","1.3548","","-0.24%"
"04/02/2015","1.3625","1.3771","1.3789","1.3601","","-1.06%"
"04/01/2015","1.3771","1.3803","1.3831","1.3700","","-0.28%"
"03/31/2015","1.3809","1.3671","1.3847","1.3653","","1.00%"
"03/30/2015","1.3672","1.3663","1.3712","1.3623","","0.06%"
"03/27/2015","1.3664","1.3645","1.3765","1.3616","","0.15%"
"03/26/2015","1.3644","1.3563","1.3664","1.3540","","0.60%"
"03/25/2015","1.3563","1.3592","1.3621","1.3539","","-0.21%"
"03/24/2015","1.3592","1.3658","1.3694","1.3561","","-0.50%"
"03/23/2015","1.3660","1.3837","1.3840","1.3637","","-1.12%"
"03/20/2015","1.3815","1.3840","1.3855","1.3761","","-0.18%"
"03/19/2015","1.3840","1.3783","1.3980","1.3745","","0.41%"
"03/18/2015","1.3784","1.3914","1.3948","1.3707","","-0.92%"
"03/17/2015","1.3912","1.4031","1.4050","1.3855","","-0.85%"
"03/16/2015","1.4031","1.4051","1.4099","1.3955","","-0.14%"
"03/13/2015","1.4050","1.3993","1.4078","1.3939","","0.41%"
"03/12/2015","1.3993","1.4155","1.4221","1.3990","","-1.14%"
"03/11/2015","1.4154","1.4083","1.4259","1.4069","","0.48%"
"03/10/2015","1.4087","1.3940","1.4103","1.3926","","1.05%"
"03/09/2015","1.3940","1.3885","1.3949","1.3849","","0.53%"
"03/06/2015","1.3867","1.3816","1.3926","1.3809","","0.36%"
"03/05/2015","1.3817","1.3778","1.3853","1.3722","","0.28%"
"03/04/2015","1.3778","1.3745","1.3822","1.3732","","0.24%"
"03/03/2015","1.3745","1.3739","1.3779","1.3717","","0.06%"
"03/02/2015","1.3737","1.3796","1.3824","1.3694","","-0.36%"
"02/27/2015","1.3787","1.3759","1.3804","1.3701","","0.21%"
"02/26/2015","1.3758","1.3668","1.3777","1.3647","","0.66%"
"02/25/2015","1.3668","1.3628","1.3677","1.3612","","0.30%"
"02/24/2015","1.3627","1.3640","1.3669","1.3605","","-0.09%"
"02/23/2015","1.3639","1.3527","1.3653","1.3496","","0.78%"
"02/20/2015","1.3533","1.3561","1.3628","1.3458","","-0.20%"
"02/19/2015","1.3560","1.3542","1.3594","1.3493","","0.13%"
"02/18/2015","1.3543","1.3453","1.3628","1.3442","","0.66%"
"02/17/2015","1.3454","1.3529","1.3563","1.3432","","-0.57%"
"02/16/2015","1.3531","1.3525","1.3556","1.3462","","0.04%"
"02/13/2015","1.3526","1.3491","1.3531","1.3451","","0.26%"
"02/12/2015","1.3491","1.3445","1.3567","1.3411","","0.34%"
"02/11/2015","1.3445","1.3475","1.3542","1.3423","","-0.22%"
"02/10/2015","1.3474","1.3436","1.3501","1.3427","","0.28%"
"02/09/2015","1.3436","1.3476","1.3493","1.3404","","-0.27%"
"02/06/2015","1.3473","1.3357","1.3484","1.3338","","0.88%"
"02/05/2015","1.3355","1.3382","1.3428","1.3312","","-0.19%"
"02/04/2015","1.3381","1.3210","1.3409","1.3199","","1.29%"
"02/03/2015","1.3210","1.3260","1.3291","1.3168","","-0.38%"
"02/02/2015","1.3261","1.3353","1.3378","1.3219","","-0.65%"
"01/30/2015","1.3348","1.3310","1.3365","1.3268","","0.29%"
"01/29/2015","1.3310","1.3411","1.3439","1.3280","","-0.74%"
"01/28/2015","1.3409","1.3352","1.3432","1.3337","","0.42%"
"01/27/2015","1.3353","1.3419","1.3451","1.3311","","-0.48%"
"01/26/2015","1.3418","1.3399","1.3506","1.3321","","0.33%"
"01/23/2015","1.3374","1.3206","1.3464","1.3186","","1.28%"
"01/22/2015","1.3205","1.3043","1.3241","1.3022","","1.24%"
"01/21/2015","1.3043","1.3112","1.3131","1.2963","","-0.53%"
"01/20/2015","1.3112","1.3021","1.3139","1.2998","","0.69%"
"01/19/2015","1.3022","1.3118","1.3132","1.3012","","-0.56%"
"01/16/2015","1.3095","1.3057","1.3169","1.3030","","0.26%"
"01/15/2015","1.3061","1.2922","1.3112","1.2907","","1.09%"
"01/14/2015","1.2920","1.2878","1.2934","1.2847","","0.33%"
"01/13/2015","1.2877","1.2822","1.2895","1.2767","","0.43%"
"01/12/2015","1.2822","1.2804","1.2847","1.2767","","0.15%"
"01/09/2015","1.2803","1.2795","1.2849","1.2777","","0.05%"
"01/08/2015","1.2796","1.2763","1.2814","1.2727","","0.26%"
"01/07/2015","1.2763","1.2743","1.2800","1.2729","","0.15%"
"01/06/2015","1.2744","1.2779","1.2791","1.2697","","-0.27%"
"01/05/2015","1.2779","1.2771","1.2904","1.2740","","0.06%"
"01/02/2015","1.2771","1.2843","1.2914","1.2765","","-0.56%"
"01/01/2015","1.2843","1.2874","1.2880","1.2840","","-0.24%"
"12/31/2014","1.2874","1.2800","1.2889","1.2790","","0.59%"
"12/30/2014","1.2798","1.2767","1.2806","1.2746","","0.24%"
"12/29/2014","1.2767","1.2766","1.2788","1.2731","","-0.07%"
"12/26/2014","1.2776","1.2713","1.2790","1.2708","","0.50%"
"12/25/2014","1.2713","1.2759","1.2771","1.2678","","-0.37%"
"12/24/2014","1.2760","1.2753","1.2767","1.2711","","0.06%"
"12/23/2014","1.2752","1.2748","1.2760","1.2706","","0.04%"
"12/22/2014","1.2747","1.2748","1.2748","1.2746","","-0.28%"
"12/19/2014","1.2783","1.2756","1.2800","1.2721","","0.22%"
"12/18/2014","1.2755","1.2618","1.2764","1.2613","","1.08%"
"12/17/2014","1.2619","1.2588","1.2647","1.2569","","0.25%"
"12/16/2014","1.2587","1.2573","1.2605","1.2488","","0.11%"
"12/15/2014","1.2573","1.2615","1.2649","1.2542","","-0.33%"
"12/12/2014","1.2615","1.2675","1.2704","1.2592","","-0.48%"
"12/11/2014","1.2676","1.2625","1.2696","1.2567","","0.40%"
"12/10/2014","1.2625","1.2664","1.2685","1.2618","","-0.31%"
"12/09/2014","1.2664","1.2709","1.2719","1.2607","","-0.35%"
"12/08/2014","1.2709","1.2759","1.2759","1.2654","","0.19%"
"12/05/2014","1.2685","1.2660","1.2748","1.2620","","0.19%"
"12/04/2014","1.2661","1.2741","1.2758","1.2620","","-0.64%"
"12/03/2014","1.2742","1.2628","1.2769","1.2622","","0.91%"
"12/02/2014","1.2627","1.2615","1.2644","1.2590","","0.10%"
"12/01/2014","1.2615","1.2567","1.2626","1.2535","","0.38%"
"11/28/2014","1.2567","1.2622","1.2639","1.2543","","-0.44%"
"11/27/2014","1.2622","1.2626","1.2650","1.2589","","-0.05%"
"11/26/2014","1.2628","1.2593","1.2664","1.2577","","0.29%"
"11/25/2014","1.2592","1.2622","1.2634","1.2586","","-0.24%"
"11/24/2014","1.2622","1.2652","1.2657","1.2599","","-0.11%"
"11/21/2014","1.2636","1.2514","1.2651","1.2491","","0.96%"
"11/20/2014","1.2516","1.2492","1.2547","1.2456","","0.19%"
"11/19/2014","1.2492","1.2470","1.2519","1.2437","","0.18%"
"11/18/2014","1.2470","1.2563","1.2573","1.2466","","-0.74%"
"11/17/2014","1.2563","1.2509","1.2574","1.2494","","0.40%"
"11/14/2014","1.2513","1.2593","1.2605","1.2498","","-0.64%"
"11/13/2014","1.2593","1.2687","1.2692","1.2582","","-0.74%"
"11/12/2014","1.2687","1.2761","1.2819","1.2673","","-0.58%"
"11/11/2014","1.2761","1.2755","1.2788","1.2740","","0.05%"
"11/10/2014","1.2755","1.2751","1.2776","1.2716","","0.07%"
"11/07/2014","1.2746","1.2793","1.2807","1.2723","","-0.37%"
"11/06/2014","1.2793","1.2795","1.2826","1.2714","","-0.02%"
"11/05/2014","1.2796","1.2756","1.2809","1.2714","","0.31%"
"11/04/2014","1.2757","1.2796","1.2801","1.2730","","-0.30%"
"11/03/2014","1.2796","1.2780","1.2822","1.2761","","0.18%"
"10/31/2014","1.2773","1.2687","1.2786","1.2681","","0.69%"
"10/30/2014","1.2686","1.2677","1.2723","1.2649","","0.09%"
"10/29/2014","1.2675","1.2669","1.2680","1.2632","","0.06%"
"10/28/2014","1.2667","1.2695","1.2706","1.2654","","-0.22%"
"10/27/2014","1.2695","1.2689","1.2721","1.2666","","-0.04%"
"10/24/2014","1.2700","1.2676","1.2708","1.2654","","0.19%"
"10/23/2014","1.2676","1.2689","1.2718","1.2629","","-0.10%"
"10/22/2014","1.2689","1.2670","1.2704","1.2614","","0.14%"
"10/21/2014","1.2671","1.2628","1.2697","1.2588","","0.32%"
"10/20/2014","1.2630","1.2615","1.2654","1.2605","","0.15%"
"10/17/2014","1.2611","1.2559","1.2620","1.2527","","0.41%"
"10/16/2014","1.2559","1.2481","1.2586","1.2455","","0.62%"
"10/15/2014","1.2481","1.2563","1.2603","1.2426","","-0.66%"
"10/14/2014","1.2564","1.2613","1.2651","1.2560","","-0.39%"
"10/13/2014","1.2613","1.2724","1.2735","1.2603","","-0.93%"
"10/10/2014","1.2732","1.2702","1.2740","1.2664","","0.24%"
"10/09/2014","1.2702","1.2698","1.2735","1.2662","","0.04%"
"10/08/2014","1.2697","1.2704","1.2726","1.2648","","-0.06%"
"10/07/2014","1.2704","1.2709","1.2761","1.2698","","-0.05%"
"10/06/2014","1.2710","1.2754","1.2776","1.2696","","-0.34%"
"10/03/2014","1.2754","1.2744","1.2788","1.2706","","0.09%"
"10/02/2014","1.2743","1.2821","1.2841","1.2723","","-0.62%"
"10/01/2014","1.2822","1.2836","1.2877","1.2819","","-0.10%"
"09/30/2014","1.2835","1.2805","1.2878","1.2790","","0.24%"
"09/29/2014","1.2804","1.2811","1.2823","1.2771","","-0.04%"
"09/26/2014","1.2809","1.2799","1.2824","1.2780","","0.09%"
"09/25/2014","1.2798","1.2785","1.2847","1.2768","","0.10%"
"09/24/2014","1.2785","1.2757","1.2801","1.2735","","0.22%"
"09/23/2014","1.2757","1.2733","1.2761","1.2674","","0.19%"
"09/22/2014","1.2733","1.2699","1.2750","1.2692","","0.28%"
"09/19/2014","1.2697","1.2692","1.2807","1.2683","","0.04%"
"09/18/2014","1.2692","1.2652","1.2734","1.2633","","0.32%"
"09/17/2014","1.2651","1.2560","1.2659","1.2544","","0.73%"
"09/16/2014","1.2559","1.2543","1.2567","1.2484","","0.13%"
"09/15/2014","1.2543","1.2540","1.2589","1.2523","","-0.04%"
"09/12/2014","1.2548","1.2576","1.2597","1.2527","","-0.22%"
"09/11/2014","1.2576","1.2551","1.2593","1.2533","","0.20%"
"09/10/2014","1.2551","1.2450","1.2573","1.2395","","0.81%"
"09/09/2014","1.2450","1.2488","1.2533","1.2439","","-0.30%"
"09/08/2014","1.2488","1.2517","1.2535","1.2439","","-0.94%"
"09/05/2014","1.2607","1.2617","1.2626","1.2569","","-0.08%"
"09/04/2014","1.2617","1.2517","1.2658","1.2509","","0.79%"
"09/03/2014","1.2518","1.2543","1.2557","1.2504","","-0.18%"
"09/02/2014","1.2541","1.2650","1.2657","1.2537","","-0.87%"
"09/01/2014","1.2651","1.2632","1.2674","1.2628","","0.09%"
"08/29/2014","1.2639","1.2582","1.2643","1.2565","","0.45%"
"08/28/2014","1.2582","1.2565","1.2599","1.2551","","0.14%"
"08/27/2014","1.2565","1.2561","1.2599","1.2554","","0.05%"
"08/26/2014","1.2559","1.2567","1.2573","1.2548","","-0.06%"
"08/25/2014","1.2567","1.2536","1.2577","1.2512","","0.43%"
"08/22/2014","1.2513","1.2483","1.2531","1.2472","","0.24%"
"08/21/2014","1.2483","1.2515","1.2523","1.2480","","-0.26%"
"08/20/2014","1.2515","1.2476","1.2548","1.2471","","0.31%"
"08/19/2014","1.2476","1.2519","1.2529","1.2455","","-0.34%"
"08/18/2014","1.2519","1.2495","1.2527","1.2476","","0.47%"
"08/15/2014","1.2461","1.2485","1.2494","1.2448","","-0.20%"
"08/14/2014","1.2486","1.2488","1.2500","1.2441","","-0.01%"
"08/13/2014","1.2487","1.2576","1.2622","1.2466","","-0.71%"
"08/12/2014","1.2576","1.2541","1.2588","1.2529","","0.28%"
"08/11/2014","1.2541","1.2519","1.2548","1.2506","","0.27%"
"08/08/2014","1.2507","1.2594","1.2602","1.2502","","-0.69%"
"08/07/2014","1.2594","1.2595","1.2622","1.2567","","-0.01%"
"08/06/2014","1.2595","1.2624","1.2636","1.2584","","-0.23%"
"08/05/2014","1.2624","1.2563","1.2629","1.2551","","0.49%"
"08/04/2014","1.2563","1.2525","1.2567","1.2523","","0.31%"
"08/01/2014","1.2524","1.2612","1.2620","1.2523","","-0.70%"
"07/31/2014","1.2612","1.2626","1.2637","1.2591","","-0.11%"
"07/30/2014","1.2626","1.2638","1.2645","1.2616","","-0.08%"
"07/29/2014","1.2636","1.2637","1.2649","1.2614","","-0.01%"
"07/28/2014","1.2637","1.2636","1.2653","1.2628","","-0.01%"
"07/25/2014","1.2638","1.2616","1.2651","1.2602","","0.17%"
"07/24/2014","1.2616","1.2660","1.2679","1.2594","","-0.33%"
"07/23/2014","1.2658","1.2673","1.2702","1.2639","","-0.12%"
"07/22/2014","1.2673","1.2626","1.2676","1.2619","","0.37%"
"07/21/2014","1.2626","1.2635","1.2641","1.2611","","-0.07%"
"07/18/2014","1.2635","1.2642","1.2654","1.2603","","-0.06%"
"07/17/2014","1.2642","1.2670","1.2678","1.2634","","-0.22%"
"07/16/2014","1.2670","1.2631","1.2675","1.2627","","0.30%"
"07/15/2014","1.2632","1.2544","1.2643","1.2529","","0.70%"
"07/14/2014","1.2544","1.2588","1.2593","1.2530","","-0.31%"
"07/11/2014","1.2583","1.2588","1.2601","1.2564","","-0.04%"
"07/10/2014","1.2588","1.2575","1.2605","1.2548","","0.11%"
"07/09/2014","1.2574","1.2586","1.2591","1.2557","","-0.09%"
"07/08/2014","1.2585","1.2589","1.2617","1.2561","","-0.03%"
"07/07/2014","1.2589","1.2621","1.2636","1.2581","","-0.26%"
"07/04/2014","1.2622","1.2603","1.2630","1.2601","","0.15%"
"07/03/2014","1.2603","1.2567","1.2611","1.2540","","0.29%"
"07/02/2014","1.2566","1.2537","1.2579","1.2529","","0.23%"
"07/01/2014","1.2537","1.2495","1.2544","1.2485","","0.35%"
"06/30/2014","1.2493","1.2475","1.2503","1.2456","","0.10%"
"06/27/2014","1.2481","1.2510","1.2514","1.2469","","-0.23%"
"06/26/2014","1.2510","1.2461","1.2527","1.2448","","0.40%"
"06/25/2014","1.2460","1.2485","1.2490","1.2445","","-0.20%"
"06/24/2014","1.2485","1.2515","1.2527","1.2460","","-0.25%"
"06/23/2014","1.2516","1.2513","1.2539","1.2501","","0.05%"
"06/20/2014","1.2510","1.2521","1.2551","1.2504","","-0.09%"
"06/19/2014","1.2521","1.2499","1.2529","1.2460","","0.18%"
"06/18/2014","1.2499","1.2523","1.2550","1.2468","","-0.21%"
"06/17/2014","1.2525","1.2512","1.2533","1.2484","","0.10%"
"06/16/2014","1.2512","1.2537","1.2565","1.2507","","-0.12%"
"06/13/2014","1.2527","1.2491","1.2545","1.2486","","0.29%"
"06/12/2014","1.2491","1.2406","1.2497","1.2397","","0.69%"
"06/11/2014","1.2405","1.2369","1.2421","1.2365","","0.30%"
"06/10/2014","1.2368","1.2361","1.2403","1.2353","","0.06%"
"06/09/2014","1.2361","1.2313","1.2365","1.2306","","0.36%"
"06/06/2014","1.2317","1.2314","1.2347","1.2300","","0.02%"
"06/05/2014","1.2314","1.2308","1.2402","1.2298","","0.04%"
"06/04/2014","1.2309","1.2290","1.2318","1.2269","","0.15%"
"06/03/2014","1.2291","1.2317","1.2340","1.2270","","-0.20%"
"06/02/2014","1.2316","1.2293","1.2325","1.2279","","0.21%"
"05/30/2014","1.2290","1.2290","1.2317","1.2283","","0.00%"
"05/29/2014","1.2290","1.2297","1.2304","1.2264","","-0.05%"
"05/28/2014","1.2296","1.2330","1.2340","1.2278","","-0.28%"
"05/27/2014","1.2330","1.2342","1.2369","1.2317","","-0.10%"
"05/26/2014","1.2342","1.2355","1.2370","1.2335","","-0.06%"
"05/23/2014","1.2349","1.2354","1.2376","1.2337","","-0.04%"
"05/22/2014","1.2354","1.2347","1.2369","1.2325","","0.04%"
"05/21/2014","1.2349","1.2288","1.2369","1.2276","","0.48%"
"05/20/2014","1.2290","1.2264","1.2317","1.2258","","0.21%"
"05/19/2014","1.2264","1.2272","1.2287","1.2256","","-0.12%"
"05/16/2014","1.2279","1.2246","1.2287","1.2236","","0.28%"
"05/15/2014","1.2245","1.2225","1.2281","1.2220","","0.16%"
"05/14/2014","1.2225","1.2277","1.2307","1.2218","","-0.43%"
"05/13/2014","1.2278","1.2262","1.2295","1.2233","","0.13%"
"05/12/2014","1.2262","1.2246","1.2281","1.2235","","0.12%"
"05/09/2014","1.2247","1.2235","1.2256","1.2218","","0.11%"
"05/08/2014","1.2234","1.2187","1.2246","1.2119","","0.39%"
"05/07/2014","1.2187","1.2191","1.2207","1.2172","","-0.02%"
"05/06/2014","1.2189","1.2154","1.2206","1.2153","","0.28%"
"05/05/2014","1.2155","1.2161","1.2176","1.2144","","-0.03%"
"05/02/2014","1.2159","1.2180","1.2197","1.2146","","-0.17%"
"05/01/2014","1.2180","1.2167","1.2192","1.2152","","0.10%"
"04/30/2014","1.2168","1.2183","1.2203","1.2142","","-0.13%"
"04/29/2014","1.2184","1.2136","1.2195","1.2107","","0.40%"
"04/28/2014","1.2136","1.2138","1.2172","1.2128","","-0.11%"
"04/25/2014","1.2149","1.2149","1.2161","1.2132","","0.00%"
"04/24/2014","1.2149","1.2147","1.2166","1.2127","","0.02%"
"04/23/2014","1.2147","1.2186","1.2194","1.2125","","-0.33%"
"04/22/2014","1.2187","1.2175","1.2200","1.2168","","0.10%"
"04/21/2014","1.2175","1.2165","1.2182","1.2146","","0.07%"
"04/18/2014","1.2167","1.2157","1.2170","1.2135","","0.10%"
"04/17/2014","1.2155","1.2158","1.2175","1.2123","","-0.03%"
"04/16/2014","1.2159","1.2112","1.2168","1.2093","","0.40%"
"04/15/2014","1.2111","1.2105","1.2130","1.2076","","0.05%"
"04/14/2014","1.2105","1.2093","1.2119","1.2067","","0.44%"
"04/11/2014","1.2052","1.2086","1.2093","1.2032","","-0.28%"
"04/10/2014","1.2086","1.2121","1.2136","1.2075","","-0.29%"
"04/09/2014","1.2121","1.2140","1.2151","1.2109","","-0.16%"
"04/08/2014","1.2140","1.2089","1.2148","1.2081","","0.43%"
"04/07/2014","1.2088","1.2102","1.2109","1.2068","","-0.09%"
"04/04/2014","1.2099","1.2098","1.2129","1.2079","","0.01%"
"04/03/2014","1.2098","1.2077","1.2108","1.2025","","0.17%"
"04/02/2014","1.2077","1.2056","1.2093","1.2032","","0.17%"
"04/01/2014","1.2056","1.2098","1.2110","1.2035","","-0.36%"
"03/31/2014","1.2100","1.2106","1.2115","1.2050","","0.02%"
"03/28/2014","1.2098","1.2088","1.2128","1.2072","","0.07%"
"03/27/2014","1.2089","1.2035","1.2104","1.2014","","0.46%"
"03/26/2014","1.2034","1.1954","1.2035","1.1952","","0.67%"
"03/25/2014","1.1954","1.1921","1.1999","1.1911","","0.28%"
"03/24/2014","1.1921","1.1957","1.1986","1.1916","","-0.26%"
"03/21/2014","1.1952","1.1979","1.1987","1.1944","","-0.22%"
"03/20/2014","1.1978","1.1959","1.2008","1.1947","","0.16%"
"03/19/2014","1.1959","1.1909","1.1982","1.1902","","0.42%"
"03/18/2014","1.1909","1.1950","1.1961","1.1902","","-0.34%"
"03/17/2014","1.1950","1.1961","1.1990","1.1936","","-0.11%"
"03/14/2014","1.1963","1.1987","1.1999","1.1922","","-0.21%"
"03/13/2014","1.1988","1.1954","1.2006","1.1933","","0.28%"
"03/12/2014","1.1954","1.1989","1.2015","1.1940","","-0.30%"
"03/11/2014","1.1990","1.1995","1.2019","1.1978","","-0.04%"
"03/10/2014","1.1995","1.2048","1.2073","1.1974","","-0.42%"
"03/07/2014","1.2045","1.2078","1.2087","1.2043","","-0.26%"
"03/06/2014","1.2077","1.2178","1.2187","1.2065","","-0.81%"
"03/05/2014","1.2176","1.2125","1.2190","1.2123","","0.42%"
"03/04/2014","1.2125","1.2135","1.2155","1.2102","","-0.08%"
"03/03/2014","1.2135","1.2148","1.2162","1.2121","","0.02%"
"02/28/2014","1.2132","1.2174","1.2211","1.2093","","-0.34%"
"02/27/2014","1.2174","1.2181","1.2201","1.2159","","-0.05%"
"02/26/2014","1.2180","1.2136","1.2184","1.2119","","0.36%"
"02/25/2014","1.2136","1.2127","1.2162","1.2110","","0.07%"
"02/24/2014","1.2127","1.2100","1.2137","1.2066","","0.27%"
"02/21/2014","1.2094","1.2138","1.2172","1.2094","","-0.35%"
"02/20/2014","1.2137","1.2146","1.2174","1.2115","","-0.07%"
"02/19/2014","1.2146","1.2127","1.2166","1.2103","","0.16%"
"02/18/2014","1.2127","1.2193","1.2212","1.2119","","-0.55%"
"02/17/2014","1.2194","1.2239","1.2260","1.2180","","-0.29%"
"02/14/2014","1.2230","1.2177","1.2234","1.2154","","0.44%"
"02/13/2014","1.2177","1.2208","1.2228","1.2153","","-0.25%"
"02/12/2014","1.2208","1.2062","1.2213","1.2047","","1.21%"
"02/11/2014","1.2062","1.2019","1.2070","1.1993","","0.36%"
"02/10/2014","1.2019","1.2036","1.2056","1.2009","","-0.15%"
"02/07/2014","1.2037","1.2011","1.2067","1.2001","","0.22%"
"02/06/2014","1.2010","1.2052","1.2079","1.1975","","-0.35%"
"02/05/2014","1.2052","1.2075","1.2099","1.1999","","-0.19%"
"02/04/2014","1.2075","1.2056","1.2098","1.2010","","0.16%"
"02/03/2014","1.2056","1.2191","1.2197","1.2044","","-1.07%"
"01/31/2014","1.2187","1.2161","1.2216","1.2135","","0.21%"
"01/30/2014","1.2161","1.2123","1.2176","1.2091","","0.32%"
"01/29/2014","1.2122","1.2129","1.2167","1.2106","","-0.06%"
"01/28/2014","1.2129","1.2129","1.2163","1.2117","","-0.01%"
"01/27/2014","1.2130","1.2052","1.2141","1.2037","","0.65%"
"01/24/2014","1.2052","1.2149","1.2182","1.2043","","-0.80%"
"01/23/2014","1.2149","1.2235","1.2239","1.2123","","-0.70%"
"01/22/2014","1.2235","1.2150","1.2245","1.2140","","0.71%"
"01/21/2014","1.2149","1.2125","1.2176","1.2112","","0.20%"
"01/20/2014","1.2125","1.2126","1.2149","1.2101","","-0.04%"
"01/17/2014","1.2130","1.2008","1.2146","1.1989","","1.03%"
"01/16/2014","1.2006","1.2033","1.2038","1.1987","","-0.22%"
"01/15/2014","1.2033","1.2017","1.2070","1.2002","","0.12%"
"01/14/2014","1.2018","1.1984","1.2039","1.1980","","0.30%"
"01/13/2014","1.1982","1.2056","1.2073","1.1976","","-0.63%"
"01/10/2014","1.2058","1.2111","1.2115","1.2020","","-0.45%"
"01/09/2014","1.2113","1.2116","1.2154","1.2079","","-0.02%"
"01/08/2014","1.2116","1.2047","1.2136","1.2023","","0.57%"
"01/07/2014","1.2047","1.2038","1.2063","1.2017","","0.07%"
"01/06/2014","1.2038","1.2079","1.2081","1.2002","","-0.36%"
"01/03/2014","1.2081","1.2036","1.2085","1.2023","","0.38%"
"01/02/2014","1.2035","1.2045","1.2092","1.2018","","-0.08%"
"01/01/2014","1.2045","1.2049","1.2054","1.2005","","-0.01%"