"Date","Price","Open","High","Low","Vol.","Change %"
"12/31/2025","9,931.38","9,940.70","9,950.11","9,916.70","176.05M","-0.09%"
"12/30/2025","9,940.71","9,866.53","9,954.32","9,859.77","364.74M","0.75%"
"12/29/2025","9,866.53","9,870.69","9,892.79","9,858.46","341.17M","-0.04%"
"12/24/2025","9,870.68","9,889.20","9,893.15","9,862.04","163.41M","-0.19%"
"12/23/2025","9,889.22","9,865.94","9,901.48","9,846.29","534.19M","0.24%"
"12/22/2025","9,865.97","9,897.39","9,897.96","9,829.38","460.10M","-0.32%"
"12/19/2025","9,897.42","9,837.76","9,903.13","9,819.44","1.61B","0.61%"
"12/18/2025","9,837.77","9,774.32","9,845.10","9,748.26","701.42M","0.65%"
"12/17/2025","9,774.32","9,684.84","9,853.13","9,684.84","842.80M","0.92%"
"12/16/2025","9,684.79","9,751.31","9,764.77","9,655.73","759.47M","-0.68%"
"12/15/2025","9,751.31","9,649.00","9,769.02","9,649.00","656.25M","1.06%"
"12/12/2025","9,649.03","9,703.19","9,761.47","9,639.29","593.95M","-0.56%"
"12/11/2025","9,703.16","9,655.55","9,715.34","9,635.30","637.67M","0.49%"
"12/10/2025","9,655.53","9,642.01","9,689.47","9,622.74","923.67M","0.14%"
"12/09/2025","9,642.01","9,645.10","9,673.16","9,630.85","787.10M","-0.03%"
"12/08/2025","9,645.09","9,667.05","9,692.36","9,629.19","777.50M","-0.23%"
"12/05/2025","9,667.01","9,710.87","9,738.26","9,667.01","579.99M","-0.45%"
"12/04/2025","9,710.87","9,692.08","9,727.57","9,674.78","880.34M","0.19%"
"12/03/2025","9,692.07","9,701.79","9,711.34","9,677.67","742.06M","-0.10%"
"12/02/2025","9,701.80","9,702.52","9,744.82","9,682.27","648.05M","-0.01%"
"12/01/2025","9,702.53","9,720.55","9,735.35","9,686.88","807.28M","-0.18%"
"11/28/2025","9,720.51","9,693.95","9,740.24","9,693.95","537.32M","0.27%"
"11/27/2025","9,693.93","9,691.56","9,699.82","9,658.86","749.95M","0.02%"
"11/26/2025","9,691.58","9,609.56","9,704.25","9,593.26","985.97M","0.85%"
"11/25/2025","9,609.53","9,534.89","9,615.57","9,521.45","781.11M","0.78%"
"11/24/2025","9,534.91","9,539.72","9,592.55","9,524.74","1.67B","-0.05%"
"11/21/2025","9,539.71","9,527.68","9,541.24","9,423.90","803.02M","0.13%"
"11/20/2025","9,527.65","9,507.40","9,593.83","9,507.40","807.73M","0.21%"
"11/19/2025","9,507.41","9,552.31","9,568.47","9,507.41","858.87M","-0.47%"
"11/18/2025","9,552.30","9,675.44","9,675.64","9,511.73","798.03M","-1.27%"
"11/17/2025","9,675.43","9,698.35","9,707.67","9,667.91","803.29M","-0.24%"
"11/14/2025","9,698.37","9,807.72","9,807.72","9,610.45","712.69M","-1.11%"
"11/13/2025","9,807.68","9,911.44","9,913.23","9,804.76","624.19M","-1.05%"
"11/12/2025","9,911.42","9,899.62","9,930.09","9,878.33","714.96M","0.12%"
"11/11/2025","9,899.60","9,787.20","9,912.85","9,787.20","837.10M","1.15%"
"11/10/2025","9,787.15","9,682.57","9,800.35","9,682.57","716.01M","1.08%"
"11/07/2025","9,682.57","9,735.75","9,735.75","9,638.98","747.38M","-0.55%"
"11/06/2025","9,735.78","9,777.10","9,786.13","9,723.85","934.53M","-0.42%"
"11/05/2025","9,777.08","9,714.98","9,786.80","9,680.51","862.02M","0.64%"
"11/04/2025","9,714.96","9,701.40","9,714.96","9,574.15","1.02B","0.14%"
"11/03/2025","9,701.37","9,717.26","9,745.64","9,695.92","842.05M","-0.16%"
"10/31/2025","9,717.25","9,760.06","9,761.82","9,696.96","588.38M","-0.44%"
"10/30/2025","9,760.06","9,756.13","9,763.42","9,690.02","893.08M","0.04%"
"10/29/2025","9,756.14","9,696.77","9,787.63","9,696.75","750.22M","0.61%"
"10/28/2025","9,696.74","9,653.83","9,727.09","9,645.42","688.35M","0.44%"
"10/27/2025","9,653.82","9,645.59","9,672.74","9,632.83","703.77M","0.09%"
"10/24/2025","9,645.62","9,578.57","9,645.62","9,560.52","769.99M","0.70%"
"10/23/2025","9,578.57","9,515.00","9,594.82","9,505.72","774.88M","0.67%"
"10/22/2025","9,515.00","9,427.05","9,545.23","9,427.05","1.02B","0.93%"
"10/21/2025","9,426.99","9,403.57","9,441.24","9,403.50","611.81M","0.25%"
"10/20/2025","9,403.57","9,354.54","9,416.44","9,354.54","599.20M","0.52%"
"10/17/2025","9,354.57","9,436.11","9,436.11","9,276.91","731.78M","-0.86%"
"10/16/2025","9,436.09","9,424.76","9,436.09","9,389.65","451.41M","0.12%"
"10/15/2025","9,424.75","9,452.75","9,474.31","9,395.05","606.21M","-0.30%"
"10/14/2025","9,452.77","9,442.94","9,454.29","9,384.24","714.80M","0.10%"
"10/13/2025","9,442.87","9,427.46","9,459.89","9,409.67","845.46M","0.16%"
"10/10/2025","9,427.47","9,509.42","9,519.96","9,414.59","633.31M","-0.86%"
"10/09/2025","9,509.40","9,548.93","9,565.49","9,501.09","968.08M","-0.41%"
"10/08/2025","9,548.87","9,483.56","9,577.08","9,483.55","799.29M","0.69%"
"10/07/2025","9,483.58","9,479.13","9,507.11","9,473.11","641.97M","0.05%"
"10/06/2025","9,479.14","9,491.22","9,516.83","9,465.42","607.29M","-0.13%"
"10/03/2025","9,491.25","9,427.74","9,494.64","9,425.03","596.43M","0.67%"
"10/02/2025","9,427.73","9,446.44","9,475.07","9,417.62","650.74M","-0.20%"
"10/01/2025","9,446.43","9,350.46","9,457.91","9,347.59","835.52M","1.03%"
"09/30/2025","9,350.43","9,299.84","9,363.57","9,266.29","756.48M","0.54%"
"09/29/2025","9,299.84","9,284.82","9,354.61","9,284.82","535.42M","0.16%"
"09/26/2025","9,284.83","9,213.97","9,292.11","9,208.52","687.66M","0.77%"
"09/25/2025","9,213.98","9,250.43","9,251.15","9,203.17","643.11M","-0.39%"
"09/24/2025","9,250.43","9,223.34","9,266.43","9,177.09","628.54M","0.29%"
"09/23/2025","9,223.32","9,226.70","9,266.87","9,223.32","689.43M","-0.04%"
"09/22/2025","9,226.68","9,216.67","9,234.60","9,194.32","601.46M","0.11%"
"09/19/2025","9,216.67","9,228.11","9,250.99","9,207.70","1.72B","-0.12%"
"09/18/2025","9,228.11","9,208.37","9,245.24","9,208.33","635.95M","0.21%"
"09/17/2025","9,208.37","9,195.66","9,245.70","9,195.66","541.35M","0.14%"
"09/16/2025","9,195.66","9,277.03","9,282.13","9,195.66","1.16B","-0.88%"
"09/15/2025","9,277.03","9,283.29","9,314.42","9,262.67","876.76M","-0.07%"
"09/12/2025","9,283.29","9,297.58","9,340.70","9,283.29","638.35M","-0.15%"
"09/11/2025","9,297.58","9,225.39","9,297.58","9,225.39","614.40M","0.78%"
"09/10/2025","9,225.39","9,242.53","9,290.55","9,222.35","1.10B","-0.19%"
"09/09/2025","9,242.53","9,221.44","9,254.30","9,221.44","673.08M","0.23%"
"09/08/2025","9,221.44","9,208.21","9,234.91","9,190.55","473.46M","0.14%"
"09/05/2025","9,208.21","9,216.87","9,253.53","9,197.56","521.97M","-0.09%"
"09/04/2025","9,216.87","9,177.99","9,231.42","9,155.50","487.39M","0.42%"
"09/03/2025","9,177.99","9,116.69","9,179.62","9,107.40","705.34M","0.67%"
"09/02/2025","9,116.69","9,196.34","9,196.46","9,108.23","704.17M","-0.87%"
"09/01/2025","9,196.34","9,187.34","9,226.57","9,179.83","431.99M","0.10%"
"08/29/2025","9,187.34","9,216.82","9,223.14","9,179.18","782.84M","-0.32%"
"08/28/2025","9,216.82","9,255.50","9,269.95","9,207.39","545.76M","-0.42%"
"08/27/2025","9,255.50","9,265.80","9,301.86","9,230.61","579.73M","-0.11%"
"08/26/2025","9,265.80","9,321.40","9,325.94","9,249.61","1.23B","-0.60%"
"08/22/2025","9,321.40","9,309.20","9,357.51","9,285.64","503.75M","0.13%"
"08/21/2025","9,309.20","9,288.14","9,309.20","9,257.45","469.88M","0.23%"
"08/20/2025","9,288.14","9,189.22","9,301.19","9,166.76","732.52M","1.08%"
"08/19/2025","9,189.22","9,157.74","9,197.12","9,154.81","638.08M","0.34%"
"08/18/2025","9,157.74","9,138.90","9,165.67","9,126.88","899.40M","0.21%"
"08/15/2025","9,138.90","9,177.24","9,222.07","9,129.52","637.53M","-0.42%"
"08/14/2025","9,177.24","9,165.23","9,177.24","9,133.73","558.21M","0.13%"
"08/13/2025","9,165.23","9,147.81","9,182.74","9,142.37","667.75M","0.19%"
"08/12/2025","9,147.81","9,129.71","9,165.03","9,119.42","617.54M","0.20%"
"08/11/2025","9,129.71","9,095.73","9,137.70","9,093.18","572.43M","0.37%"
"08/08/2025","9,095.73","9,100.77","9,127.13","9,079.94","873.79M","-0.06%"
"08/07/2025","9,100.77","9,164.31","9,164.31","9,084.54","857.85M","-0.69%"
"08/06/2025","9,164.31","9,142.73","9,184.19","9,142.73","902.69M","0.24%"
"08/05/2025","9,142.73","9,128.30","9,177.95","9,126.62","814.68M","0.16%"
"08/04/2025","9,128.30","9,068.58","9,129.10","9,068.07","1.26B","0.66%"
"08/01/2025","9,068.58","9,132.81","9,132.81","9,027.94","750.47M","-0.70%"
"07/31/2025","9,132.81","9,136.94","9,190.73","9,115.78","925.63M","-0.05%"
"07/30/2025","9,136.94","9,136.32","9,146.79","9,091.54","767.40M","0.01%"
"07/29/2025","9,136.32","9,081.44","9,163.24","9,076.38","712.91M","0.60%"
"07/28/2025","9,081.44","9,120.31","9,169.01","9,058.42","539.89M","-0.43%"
"07/25/2025","9,120.31","9,138.37","9,145.02","9,094.67","1.05B","-0.20%"
"07/24/2025","9,138.37","9,061.49","9,158.21","9,060.71","792.14M","0.85%"
"07/23/2025","9,061.49","9,023.81","9,080.09","9,023.27","715.00M","0.42%"
"07/22/2025","9,023.81","9,012.99","9,035.37","8,995.11","628.52M","0.12%"
"07/21/2025","9,012.99","8,992.12","9,012.99","8,975.22","765.36M","0.23%"
"07/18/2025","8,992.12","8,972.64","9,016.36","8,969.09","677.00M","0.22%"
"07/17/2025","8,972.64","8,926.55","8,982.84","8,926.55","562.28M","0.52%"
"07/16/2025","8,926.55","8,938.32","8,972.29","8,926.55","626.75M","-0.13%"
"07/15/2025","8,938.32","8,998.06","9,016.98","8,938.32","672.75M","-0.66%"
"07/14/2025","8,998.06","8,941.12","8,999.22","8,931.09","513.38M","0.64%"
"07/11/2025","8,941.12","8,975.66","8,984.14","8,918.49","673.21M","-0.38%"
"07/10/2025","8,975.66","8,867.02","8,979.41","8,867.02","749.97M","1.23%"
"07/09/2025","8,867.02","8,854.18","8,887.70","8,854.18","707.38M","0.15%"
"07/08/2025","8,854.18","8,806.53","8,854.18","8,803.27","687.25M","0.54%"
"07/07/2025","8,806.53","8,822.91","8,836.88","8,798.66","576.85M","-0.19%"
"07/04/2025","8,822.91","8,823.20","8,830.93","8,782.06","443.44M","0.00%"
"07/03/2025","8,823.20","8,774.69","8,837.75","8,774.66","650.91M","0.55%"
"07/02/2025","8,774.69","8,785.33","8,828.16","8,738.99","1.10B","-0.12%"
"07/01/2025","8,785.33","8,760.96","8,790.84","8,726.92","684.29M","0.28%"
"06/30/2025","8,760.96","8,798.91","8,818.44","8,760.96","713.20M","-0.43%"
"06/27/2025","8,798.91","8,735.60","8,798.91","8,735.60","704.80M","0.72%"
"06/26/2025","8,735.60","8,718.75","8,757.10","8,707.65","767.83M","0.19%"
"06/25/2025","8,718.75","8,758.99","8,792.43","8,716.19","676.44M","-0.46%"
"06/24/2025","8,758.99","8,758.04","8,831.90","8,757.97","1.05B","0.01%"
"06/23/2025","8,758.04","8,774.65","8,787.06","8,741.40","600.90M","-0.19%"
"06/20/2025","8,774.65","8,791.80","8,847.28","8,772.32","1.81B","-0.20%"
"06/19/2025","8,791.80","8,843.47","8,844.12","8,788.77","481.02M","-0.58%"
"06/18/2025","8,843.47","8,834.03","8,858.56","8,820.42","657.81M","0.11%"
"06/17/2025","8,834.03","8,875.22","8,875.22","8,809.91","848.33M","-0.46%"
"06/16/2025","8,875.22","8,850.63","8,902.40","8,850.63","840.44M","0.28%"
"06/13/2025","8,850.63","8,884.92","8,898.63","8,822.20","707.86M","-0.39%"
"06/12/2025","8,884.92","8,864.35","8,896.88","8,843.63","767.39M","0.23%"
"06/11/2025","8,864.35","8,853.08","8,885.38","8,847.30","718.74M","0.13%"
"06/10/2025","8,853.08","8,832.28","8,886.06","8,832.28","714.50M","0.24%"
"06/09/2025","8,832.28","8,837.91","8,850.87","8,812.06","549.57M","-0.06%"
"06/06/2025","8,837.91","8,811.04","8,851.38","8,805.57","696.03M","0.30%"
"06/05/2025","8,811.04","8,801.29","8,838.84","8,782.08","692.19M","0.11%"
"06/04/2025","8,801.29","8,787.02","8,821.42","8,780.36","735.58M","0.16%"
"06/03/2025","8,787.02","8,774.26","8,801.46","8,738.45","690.26M","0.15%"
"06/02/2025","8,774.26","8,772.38","8,792.08","8,730.64","669.21M","0.02%"
"05/30/2025","8,772.38","8,716.45","8,790.45","8,715.64","1.74B","0.64%"
"05/29/2025","8,716.45","8,726.01","8,776.27","8,709.11","971.24M","-0.11%"
"05/28/2025","8,726.01","8,778.05","8,799.77","8,726.01","807.57M","-0.59%"
"05/27/2025","8,778.05","8,717.97","8,824.00","8,717.97","836.74M","0.69%"
"05/23/2025","8,717.97","8,739.26","8,779.36","8,604.80","1.04B","-0.24%"
"05/22/2025","8,739.26","8,786.46","8,786.46","8,689.44","815.29M","-0.54%"
"05/21/2025","8,786.46","8,781.12","8,798.46","8,761.95","918.42M","0.06%"
"05/20/2025","8,781.12","8,699.31","8,789.43","8,698.05","949.85M","0.94%"
"05/19/2025","8,699.31","8,684.56","8,699.31","8,613.47","889.62M","0.17%"
"05/16/2025","8,684.56","8,633.75","8,697.00","8,633.63","948.31M","0.59%"
"05/15/2025","8,633.75","8,585.01","8,634.56","8,531.06","1.22B","0.57%"
"05/14/2025","8,585.01","8,602.92","8,616.13","8,558.24","855.91M","-0.21%"
"05/13/2025","8,602.92","8,604.98","8,623.78","8,583.92","685.43M","-0.02%"
"05/12/2025","8,604.98","8,554.80","8,646.32","8,546.25","804.04M","0.59%"
"05/09/2025","8,554.80","8,531.61","8,581.53","8,531.61","690.73M","0.27%"
"05/08/2025","8,531.61","8,559.33","8,607.71","8,514.04","884.33M","-0.32%"
"05/07/2025","8,559.33","8,597.42","8,599.95","8,533.57","1.27B","-0.44%"
"05/06/2025","8,597.42","8,596.35","8,641.68","8,569.11","980.01M","0.01%"
"05/02/2025","8,596.35","8,496.80","8,622.14","8,496.80","908.35M","1.17%"
"05/01/2025","8,496.80","8,494.85","8,505.28","8,468.26","527.54M","0.02%"
"04/30/2025","8,494.85","8,463.46","8,494.85","8,430.48","1.57B","0.37%"
"04/29/2025","8,463.46","8,417.34","8,470.40","8,404.10","654.78M","0.55%"
"04/28/2025","8,417.34","8,415.25","8,452.62","8,415.24","714.11M","0.02%"
"04/25/2025","8,415.25","8,407.44","8,442.65","8,397.07","785.91M","0.09%"
"04/24/2025","8,407.44","8,403.18","8,415.12","8,361.79","1.08B","0.05%"
"04/23/2025","8,403.18","8,328.60","8,467.79","8,328.31","1.03B","0.90%"
"04/22/2025","8,328.60","8,275.66","8,337.67","8,262.49","981.69M","0.64%"
"04/17/2025","8,275.66","8,275.60","8,295.07","8,195.66","735.76M","0.00%"
"04/16/2025","8,275.60","8,249.12","8,281.09","8,177.04","803.86M","0.32%"
"04/15/2025","8,249.12","8,134.34","8,257.77","8,134.01","830.47M","1.41%"
"04/14/2025","8,134.34","7,964.18","8,160.21","7,964.18","711.69M","2.14%"
"04/11/2025","7,964.18","7,913.25","8,000.78","7,862.72","1.17B","0.64%"
"04/10/2025","7,913.25","7,679.48","8,166.53","7,679.48","1.43B","3.04%"
"04/09/2025","7,679.48","7,910.53","7,910.53","7,599.56","1.35B","-2.92%"
"04/08/2025","7,910.53","7,702.08","7,984.19","7,702.08","1.34B","2.71%"
"04/07/2025","7,702.08","8,054.98","8,054.98","7,544.83","2.00B","-4.38%"
"04/04/2025","8,054.98","8,474.74","8,474.74","8,023.45","1.57B","-4.95%"
"04/03/2025","8,474.74","8,608.48","8,608.48","8,453.22","1.40B","-1.55%"
"04/02/2025","8,608.48","8,634.80","8,634.80","8,548.32","600.63M","-0.30%"
"04/01/2025","8,634.80","8,582.81","8,671.91","8,581.91","682.39M","0.61%"
"03/31/2025","8,582.81","8,658.85","8,658.88","8,530.98","923.24M","-0.88%"
"03/28/2025","8,658.85","8,666.12","8,694.19","8,636.92","746.96M","-0.08%"
"03/27/2025","8,666.12","8,689.59","8,689.70","8,611.42","702.85M","-0.27%"
"03/26/2025","8,689.59","8,663.80","8,714.81","8,656.39","703.01M","0.30%"
"03/25/2025","8,663.80","8,638.01","8,717.03","8,638.01","1.02B","0.30%"
"03/24/2025","8,638.01","8,646.79","8,695.60","8,616.42","616.03M","-0.10%"
"03/21/2025","8,646.79","8,701.99","8,701.99","8,615.96","1.91B","-0.63%"
"03/20/2025","8,701.99","8,706.66","8,742.75","8,665.26","886.65M","-0.05%"
"03/19/2025","8,706.66","8,705.23","8,718.74","8,662.56","823.55M","0.02%"
"03/18/2025","8,705.23","8,680.29","8,726.95","8,680.29","1.11B","0.29%"
"03/17/2025","8,680.29","8,632.33","8,688.41","8,625.04","842.70M","0.56%"
"03/14/2025","8,632.33","8,542.56","8,642.79","8,538.07","750.19M","1.05%"
"03/13/2025","8,542.56","8,540.97","8,581.57","8,513.65","767.96M","0.02%"
"03/12/2025","8,540.97","8,495.99","8,565.45","8,495.99","974.80M","0.53%"
"03/11/2025","8,495.99","8,600.22","8,603.93","8,481.11","1.04B","-1.21%"
"03/10/2025","8,600.22","8,679.88","8,700.79","8,591.58","1.52B","-0.92%"
"03/07/2025","8,679.88","8,682.84","8,701.31","8,627.30","900.63M","-0.03%"
"03/06/2025","8,682.84","8,755.84","8,778.19","8,645.84","1.03B","-0.83%"
"03/05/2025","8,755.84","8,759.00","8,835.72","8,752.46","1.24B","-0.04%"
"03/04/2025","8,759.00","8,871.31","8,873.67","8,746.01","1.07B","-1.27%"
"03/03/2025","8,871.31","8,809.74","8,908.82","8,809.74","1.23B","0.70%"
"02/28/2025","8,809.74","8,756.21","8,810.50","8,715.43","2.22B","0.61%"
"02/27/2025","8,756.21","8,731.46","8,768.05","8,680.55","1.17B","0.28%"
"02/26/2025","8,731.46","8,668.67","8,738.28","8,668.67","981.87M","0.72%"
"02/25/2025","8,668.67","8,658.98","8,712.17","8,628.11","878.15M","0.11%"
"02/24/2025","8,658.98","8,659.37","8,688.26","8,614.08","792.02M","0.00%"
"02/21/2025","8,659.37","8,662.97","8,684.78","8,638.63","986.56M","-0.04%"
"02/20/2025","8,662.97","8,712.53","8,712.66","8,650.80","1.28B","-0.57%"
"02/19/2025","8,712.53","8,766.73","8,771.22","8,696.94","763.33M","-0.62%"
"02/18/2025","8,766.73","8,768.01","8,787.66","8,757.82","659.92M","-0.01%"
"02/17/2025","8,768.01","8,732.46","8,769.07","8,725.27","628.96M","0.41%"
"02/14/2025","8,732.46","8,764.72","8,767.73","8,717.54","893.55M","-0.37%"
"02/13/2025","8,764.72","8,807.44","8,820.93","8,729.57","846.52M","-0.49%"
"02/12/2025","8,807.44","8,777.39","8,810.62","8,759.38","841.92M","0.34%"
"02/11/2025","8,777.39","8,767.80","8,789.58","8,750.53","875.63M","0.11%"
"02/10/2025","8,767.80","8,700.53","8,785.85","8,694.55","832.11M","0.77%"
"02/07/2025","8,700.53","8,727.28","8,728.94","8,685.78","992.47M","-0.31%"
"02/06/2025","8,727.28","8,623.29","8,767.50","8,623.29","871.96M","1.21%"
"02/05/2025","8,623.29","8,570.77","8,623.29","8,550.24","787.61M","0.61%"
"02/04/2025","8,570.77","8,583.56","8,583.59","8,524.66","1.13B","-0.15%"
"02/03/2025","8,583.56","8,673.96","8,673.96","8,520.20","774.95M","-1.04%"
"01/31/2025","8,673.96","8,646.88","8,692.84","8,646.88","1.13B","0.31%"
"01/30/2025","8,646.88","8,557.81","8,655.19","8,547.86","641.23M","1.04%"
"01/29/2025","8,557.81","8,533.87","8,584.07","8,518.27","769.55M","0.28%"
"01/28/2025","8,533.87","8,503.71","8,572.96","8,503.62","703.54M","0.35%"
"01/27/2025","8,503.71","8,502.35","8,514.17","8,462.18","684.09M","0.02%"
"01/24/2025","8,502.35","8,565.20","8,586.68","8,492.73","699.39M","-0.73%"
"01/23/2025","8,565.20","8,545.13","8,572.51","8,532.07","1.03B","0.23%"
"01/22/2025","8,545.13","8,548.29","8,584.73","8,527.79","992.84M","-0.04%"
"01/21/2025","8,548.29","8,520.54","8,550.41","8,513.42","761.21M","0.33%"
"01/20/2025","8,520.54","8,505.22","8,548.59","8,501.82","718.32M","0.18%"
"01/17/2025","8,505.22","8,391.90","8,533.43","8,391.83","1.07B","1.35%"
"01/16/2025","8,391.90","8,301.13","8,391.90","8,301.13","748.67M","1.09%"
"01/15/2025","8,301.13","8,201.54","8,307.56","8,199.57","1.02B","1.21%"
"01/14/2025","8,201.54","8,224.19","8,244.31","8,193.54","946.04M","-0.28%"
"01/13/2025","8,224.19","8,248.49","8,254.00","8,192.31","895.89M","-0.29%"
"01/10/2025","8,248.49","8,319.69","8,326.32","8,247.61","912.29M","-0.86%"
"01/09/2025","8,319.69","8,251.03","8,322.59","8,243.15","822.70M","0.83%"
"01/08/2025","8,251.03","8,245.28","8,267.38","8,189.50","899.62M","0.07%"
"01/07/2025","8,245.28","8,249.66","8,251.79","8,190.50","741.25M","-0.05%"
"01/06/2025","8,249.66","8,223.98","8,249.66","8,197.50","765.87M","0.31%"
"01/03/2025","8,223.98","8,260.09","8,268.97","8,219.73","697.09M","-0.44%"
"01/02/2025","8,260.09","8,173.02","8,270.60","8,160.60","422.20M","1.07%"
"12/31/2024","8,173.02","8,121.01","8,180.38","8,096.65","203.36M","0.64%"
"12/30/2024","8,121.01","8,149.78","8,149.78","8,094.88","325.04M","-0.35%"
"12/27/2024","8,149.78","8,136.99","8,151.28","8,112.29","327.26M","0.16%"
"12/24/2024","8,136.99","8,102.72","8,152.01","8,102.72","243.25M","0.42%"
"12/23/2024","8,102.72","8,084.61","8,111.41","8,051.92","573.77M","0.22%"
"12/20/2024","8,084.61","8,105.32","8,105.83","8,002.34","1.58B","-0.26%"
"12/19/2024","8,105.32","8,199.11","8,199.11","8,078.98","797.75M","-1.14%"
"12/18/2024","8,199.11","8,195.20","8,231.84","8,191.61","833.58M","0.05%"
"12/17/2024","8,195.20","8,262.05","8,262.05","8,190.17","1.13B","-0.81%"
"12/16/2024","8,262.05","8,300.33","8,305.21","8,254.06","617.61M","-0.46%"
"12/13/2024","8,300.33","8,311.76","8,331.85","8,282.40","650.04M","-0.14%"
"12/12/2024","8,311.76","8,301.62","8,331.05","8,300.18","580.49M","0.12%"
"12/11/2024","8,301.62","8,280.36","8,318.88","8,248.42","1.27B","0.26%"
"12/10/2024","8,280.36","8,352.08","8,352.13","8,274.50","605.60M","-0.86%"
"12/09/2024","8,352.08","8,308.61","8,372.05","8,308.61","726.16M","0.52%"
"12/06/2024","8,308.61","8,349.38","8,357.58","8,303.48","885.40M","-0.49%"
"12/05/2024","8,349.38","8,335.81","8,350.67","8,321.64","850.09M","0.16%"
"12/04/2024","8,335.81","8,359.41","8,362.75","8,322.84","748.11M","-0.28%"
"12/03/2024","8,359.41","8,312.89","8,388.37","8,311.85","813.15M","0.56%"
"12/02/2024","8,312.89","8,287.30","8,332.00","8,274.66","821.54M","0.31%"
"11/29/2024","8,287.30","8,281.22","8,292.45","8,252.89","588.24M","0.07%"
"11/28/2024","8,281.22","8,274.75","8,303.77","8,271.85","515.67M","0.08%"
"11/27/2024","8,274.75","8,258.61","8,280.02","8,237.70","635.23M","0.20%"
"11/26/2024","8,258.61","8,291.68","8,291.68","8,245.76","770.92M","-0.40%"
"11/25/2024","8,291.68","8,262.08","8,307.27","8,261.78","1.94B","0.36%"
"11/22/2024","8,262.08","8,149.27","8,274.84","8,149.27","789.58M","1.38%"
"11/21/2024","8,149.27","8,085.07","8,152.86","8,065.22","830.00M","0.79%"
"11/20/2024","8,085.07","8,099.02","8,128.44","8,074.22","740.12M","-0.17%"
"11/19/2024","8,099.02","8,109.32","8,145.86","8,052.02","702.38M","-0.13%"
"11/18/2024","8,109.32","8,063.61","8,109.32","8,054.07","789.29M","0.57%"
"11/15/2024","8,063.61","8,071.19","8,091.89","8,030.01","738.23M","-0.09%"
"11/14/2024","8,071.19","8,030.33","8,083.12","8,012.83","661.21M","0.51%"
"11/13/2024","8,030.33","8,025.77","8,062.73","7,995.87","988.58M","0.06%"
"11/12/2024","8,025.77","8,125.19","8,125.19","8,018.55","954.31M","-1.22%"
"11/11/2024","8,125.19","8,072.39","8,148.18","8,072.39","640.39M","0.65%"
"11/08/2024","8,072.39","8,140.74","8,156.45","8,060.94","833.52M","-0.84%"
"11/07/2024","8,140.74","8,166.68","8,195.30","8,140.74","959.17M","-0.32%"
"11/06/2024","8,166.68","8,172.39","8,301.78","8,144.25","1.01B","-0.07%"
"11/05/2024","8,172.39","8,184.24","8,215.84","8,148.34","840.88M","-0.14%"
"11/04/2024","8,184.24","8,177.15","8,239.88","8,175.76","915.58M","0.09%"
"11/01/2024","8,177.15","8,110.10","8,202.55","8,105.30","864.61M","0.83%"
"10/31/2024","8,110.10","8,159.63","8,159.63","8,071.72","1.02B","-0.61%"
"10/30/2024","8,159.63","8,219.61","8,219.61","8,153.75","1.05B","-0.73%"
"10/29/2024","8,219.61","8,285.62","8,325.54","8,215.30","1.07B","-0.80%"
"10/28/2024","8,285.62","8,248.84","8,293.62","8,208.91","1.03B","0.45%"
"10/25/2024","8,248.84","8,269.38","8,278.11","8,246.23","963.71M","-0.25%"
"10/24/2024","8,269.38","8,258.64","8,337.68","8,256.77","1.01B","0.13%"
"10/23/2024","8,258.64","8,306.54","8,323.24","8,252.38","738.40M","-0.58%"
"10/22/2024","8,306.54","8,318.24","8,318.24","8,252.40","626.98M","-0.14%"
"10/21/2024","8,318.24","8,358.25","8,391.81","8,318.24","632.70M","-0.48%"
"10/18/2024","8,358.25","8,385.13","8,385.13","8,315.85","789.47M","-0.32%"
"10/17/2024","8,385.13","8,329.07","8,395.58","8,322.12","828.20M","0.67%"
"10/16/2024","8,329.07","8,249.28","8,346.55","8,249.28","944.68M","0.97%"
"10/15/2024","8,249.28","8,292.66","8,306.15","8,241.96","835.72M","-0.52%"
"10/14/2024","8,292.66","8,253.65","8,292.66","8,237.70","647.08M","0.47%"
"10/11/2024","8,253.65","8,237.73","8,265.71","8,211.92","519.07M","0.19%"
"10/10/2024","8,237.73","8,243.74","8,272.46","8,218.36","674.67M","-0.07%"
"10/09/2024","8,243.74","8,190.61","8,244.36","8,188.71","500.12M","0.65%"
"10/08/2024","8,190.61","8,303.62","8,303.62","8,184.03","754.57M","-1.36%"
"10/07/2024","8,303.62","8,280.63","8,323.41","8,260.11","644.90M","0.28%"
"10/04/2024","8,280.63","8,282.52","8,300.66","8,234.17","721.48M","-0.02%"
"10/03/2024","8,282.52","8,290.86","8,332.68","8,261.96","918.35M","-0.10%"
"10/02/2024","8,290.86","8,276.65","8,322.59","8,267.60","804.30M","0.17%"
"10/01/2024","8,276.65","8,236.95","8,291.10","8,226.18","923.65M","0.48%"
"09/30/2024","8,236.95","8,320.76","8,324.61","8,233.99","828.80M","-1.01%"
"09/27/2024","8,320.76","8,284.91","8,334.55","8,283.52","795.73M","0.43%"
"09/26/2024","8,284.91","8,268.70","8,332.87","8,262.03","834.98M","0.20%"
"09/25/2024","8,268.70","8,282.76","8,319.41","8,242.99","712.92M","-0.17%"
"09/24/2024","8,282.76","8,259.71","8,309.75","8,259.51","1.01B","0.28%"
"09/23/2024","8,259.71","8,229.99","8,262.53","8,210.07","630.16M","0.36%"
"09/20/2024","8,229.99","8,328.72","8,328.72","8,223.76","1.56B","-1.19%"
"09/19/2024","8,328.72","8,253.68","8,370.47","8,253.68","836.44M","0.91%"
"09/18/2024","8,253.68","8,309.86","8,309.95","8,245.70","784.84M","-0.68%"
"09/17/2024","8,309.86","8,278.44","8,351.72","8,278.44","745.50M","0.38%"
"09/16/2024","8,278.44","8,273.09","8,290.00","8,247.92","451.46M","0.06%"
"09/13/2024","8,273.09","8,240.97","8,287.90","8,230.75","534.85M","0.39%"
"09/12/2024","8,240.97","8,193.94","8,301.36","8,193.94","1.01B","0.57%"
"09/11/2024","8,193.94","8,205.98","8,232.76","8,169.96","864.25M","-0.15%"
"09/10/2024","8,205.98","8,270.84","8,271.12","8,195.13","814.87M","-0.78%"
"09/09/2024","8,270.84","8,181.47","8,274.68","8,181.47","626.21M","1.09%"
"09/06/2024","8,181.47","8,241.71","8,260.68","8,168.42","703.52M","-0.73%"
"09/05/2024","8,241.71","8,269.60","8,285.55","8,241.71","736.36M","-0.34%"
"09/04/2024","8,269.60","8,298.46","8,298.46","8,219.26","724.92M","-0.35%"
"09/03/2024","8,298.46","8,363.84","8,380.98","8,286.60","1.02B","-0.78%"
"09/02/2024","8,363.84","8,376.63","8,380.08","8,353.18","510.80M","-0.15%"
"08/30/2024","8,376.63","8,379.64","8,414.37","8,363.74","1.08B","-0.04%"
"08/29/2024","8,379.64","8,343.85","8,392.40","8,336.58","590.01M","0.43%"
"08/28/2024","8,343.85","8,345.46","8,362.74","8,322.28","608.50M","-0.02%"
"08/27/2024","8,345.46","8,327.78","8,400.43","8,327.78","772.31M","0.21%"
"08/23/2024","8,327.78","8,288.00","8,331.90","8,288.00","614.51M","0.48%"
"08/22/2024","8,288.00","8,283.43","8,318.55","8,276.99","796.91M","0.06%"
"08/21/2024","8,283.43","8,273.32","8,295.94","8,263.01","824.97M","0.12%"
"08/20/2024","8,273.32","8,356.94","8,356.94","8,270.69","490.22M","-1.00%"
"08/19/2024","8,356.94","8,311.41","8,374.02","8,286.50","637.83M","0.55%"
"08/16/2024","8,311.41","8,347.35","8,350.35","8,292.01","515.44M","-0.43%"
"08/15/2024","8,347.35","8,281.05","8,366.98","8,277.08","842.33M","0.80%"
"08/14/2024","8,281.05","8,235.23","8,288.72","8,230.68","592.00M","0.56%"
"08/13/2024","8,235.23","8,210.25","8,244.41","8,187.98","532.21M","0.30%"
"08/12/2024","8,210.25","8,168.10","8,223.48","8,168.10","1.65B","0.52%"
"08/09/2024","8,168.10","8,144.97","8,203.46","8,144.43","873.75M","0.28%"
"08/08/2024","8,144.97","8,166.88","8,166.88","8,064.34","754.06M","-0.27%"
"08/07/2024","8,166.88","8,026.69","8,176.99","8,026.69","786.25M","1.75%"
"08/06/2024","8,026.69","8,008.23","8,058.31","7,949.85","1.28B","0.23%"
"08/05/2024","8,008.23","8,174.71","8,174.71","7,915.94","1.57B","-2.04%"
"08/02/2024","8,174.71","8,283.36","8,283.36","8,158.03","1.23B","-1.31%"
"08/01/2024","8,283.36","8,367.98","8,405.24","8,268.14","884.95M","-1.01%"
"07/31/2024","8,367.98","8,274.41","8,399.88","8,274.41","838.71M","1.13%"
"07/30/2024","8,274.41","8,292.35","8,297.92","8,235.55","683.08M","-0.22%"
"07/29/2024","8,292.35","8,285.71","8,368.38","8,285.71","779.76M","0.08%"
"07/26/2024","8,285.71","8,186.35","8,290.33","8,181.23","658.57M","1.21%"
"07/25/2024","8,186.35","8,153.69","8,187.51","8,056.01","975.43M","0.40%"
"07/24/2024","8,153.69","8,167.37","8,170.68","8,112.03","596.37M","-0.17%"
"07/23/2024","8,167.37","8,198.78","8,228.10","8,151.46","871.90M","-0.38%"
"07/22/2024","8,198.78","8,155.72","8,240.40","8,155.72","772.11M","0.53%"
"07/19/2024","8,155.72","8,150.09","8,184.26","8,135.08","664.05M","-0.60%"
"07/18/2024","8,204.89","8,187.46","8,267.78","8,187.46","541.48M","0.21%"
"07/17/2024","8,187.46","8,164.90","8,204.29","8,132.02","746.44M","0.28%"
"07/16/2024","8,164.90","8,182.96","8,182.96","8,126.07","565.23M","-0.22%"
"07/15/2024","8,182.96","8,252.91","8,252.91","8,174.62","547.59M","-0.85%"
"07/12/2024","8,252.91","8,223.34","8,276.31","8,223.34","515.47M","0.36%"
"07/11/2024","8,223.34","8,193.51","8,231.78","8,190.81","581.05M","0.36%"
"07/10/2024","8,193.51","8,139.81","8,194.85","8,138.18","677.92M","0.66%"
"07/09/2024","8,139.81","8,193.49","8,217.10","8,132.49","1.04B","-0.66%"
"07/08/2024","8,193.49","8,203.93","8,232.81","8,175.26","703.74M","-0.13%"
"07/05/2024","8,203.93","8,241.26","8,279.75","8,182.70","999.39M","-0.45%"
"07/04/2024","8,241.26","8,171.12","8,257.95","8,170.97","558.64M","0.86%"
"07/03/2024","8,171.12","8,121.20","8,177.98","8,121.20","807.24M","0.61%"
"07/02/2024","8,121.20","8,166.76","8,166.76","8,106.79","756.85M","-0.56%"
"07/01/2024","8,166.76","8,164.12","8,225.08","8,164.12","662.72M","0.03%"
"06/28/2024","8,164.12","8,179.68","8,237.36","8,162.68","789.22M","-0.19%"
"06/27/2024","8,179.68","8,225.33","8,232.87","8,179.68","753.67M","-0.55%"
"06/26/2024","8,225.33","8,247.79","8,302.04","8,205.04","1.09B","-0.27%"
"06/25/2024","8,247.79","8,281.55","8,294.24","8,245.66","858.84M","-0.41%"
"06/24/2024","8,281.55","8,237.72","8,307.93","8,217.39","874.04M","0.53%"
"06/21/2024","8,237.72","8,272.46","8,282.66","8,188.12","1.82B","-0.42%"
"06/20/2024","8,272.46","8,205.11","8,272.46","8,203.62","909.74M","0.82%"
"06/19/2024","8,205.11","8,191.29","8,212.65","8,164.48","695.73M","0.17%"
"06/18/2024","8,191.29","8,142.15","8,199.95","8,142.15","707.06M","0.60%"
"06/17/2024","8,142.15","8,146.86","8,187.25","8,120.89","823.28M","-0.06%"
"06/14/2024","8,146.86","8,163.67","8,178.21","8,112.93","804.34M","-0.21%"
"06/13/2024","8,163.67","8,215.48","8,215.48","8,147.44","834.34M","-0.63%"
"06/12/2024","8,215.48","8,147.81","8,243.22","8,147.81","1.29B","0.83%"
"06/11/2024","8,147.81","8,228.48","8,261.74","8,114.84","1.11B","-0.98%"
"06/10/2024","8,228.48","8,245.37","8,245.37","8,183.47","638.07M","-0.20%"
"06/07/2024","8,245.37","8,285.34","8,297.01","8,210.23","758.57M","-0.48%"
"06/06/2024","8,285.34","8,246.95","8,287.07","8,246.95","846.43M","0.47%"
"06/05/2024","8,246.95","8,232.04","8,276.55","8,232.04","869.15M","0.18%"
"06/04/2024","8,232.04","8,262.75","8,263.38","8,200.26","1.10B","-0.37%"
"06/03/2024","8,262.75","8,275.38","8,371.72","8,258.86","1.00B","-0.15%"
"05/31/2024","8,275.38","8,231.05","8,289.22","8,231.05","2.23B","0.54%"
"05/30/2024","8,231.05","8,183.07","8,236.25","8,148.49","985.04M","0.59%"
"05/29/2024","8,183.07","8,254.18","8,255.39","8,180.03","1.01B","-0.86%"
"05/28/2024","8,254.18","8,317.59","8,335.46","8,241.33","1.20B","-0.76%"
"05/24/2024","8,317.59","8,339.23","8,339.23","8,263.77","776.93M","-0.26%"
"05/23/2024","8,339.23","8,370.33","8,385.23","8,332.27","1.20B","-0.37%"
"05/22/2024","8,370.33","8,416.45","8,416.45","8,343.36","1.13B","-0.55%"
"05/21/2024","8,416.45","8,424.20","8,424.20","8,379.12","999.13M","-0.09%"
"05/20/2024","8,424.20","8,420.26","8,451.64","8,417.95","739.02M","0.05%"
"05/17/2024","8,420.26","8,438.65","8,441.68","8,401.40","1.01B","-0.22%"
"05/16/2024","8,438.65","8,445.80","8,455.66","8,406.69","889.77M","-0.08%"
"05/15/2024","8,445.80","8,428.13","8,474.41","8,427.92","924.33M","0.21%"
"05/14/2024","8,428.13","8,414.99","8,448.67","8,406.96","1.16B","0.16%"
"05/13/2024","8,414.99","8,433.76","8,446.46","8,409.15","974.77M","-0.22%"
"05/10/2024","8,433.76","8,381.35","8,455.77","8,381.35","697.31M","0.63%"
"05/09/2024","8,381.35","8,354.05","8,396.25","8,349.83","1.04B","0.33%"
"05/08/2024","8,354.05","8,313.67","8,365.28","8,313.67","1.21B","0.49%"
"05/07/2024","8,313.67","8,213.49","8,335.68","8,213.49","1.21B","1.22%"
"05/03/2024","8,213.49","8,172.15","8,248.73","8,172.15","593.36M","0.51%"
"05/02/2024","8,172.15","8,121.24","8,178.76","8,119.85","849.98M","0.63%"
"05/01/2024","8,121.24","8,144.13","8,178.95","8,111.38","562.09M","-0.28%"
"04/30/2024","8,144.13","8,147.03","8,199.95","8,138.14","857.15M","-0.04%"
"04/29/2024","8,147.03","8,139.83","8,189.14","8,136.71","755.83M","0.09%"
"04/26/2024","8,139.83","8,078.86","8,146.79","8,078.86","801.60M","0.75%"
"04/25/2024","8,078.86","8,040.38","8,105.59","8,030.05","1.12B","0.48%"
"04/24/2024","8,040.38","8,044.81","8,092.20","8,031.79","1.24B","-0.06%"
"04/23/2024","8,044.81","8,023.87","8,076.52","8,021.67","933.44M","0.26%"
"04/22/2024","8,023.87","7,895.85","8,042.81","7,895.85","990.46M","1.62%"
"04/19/2024","7,895.85","7,877.05","7,900.51","7,809.68","898.82M","0.24%"
"04/18/2024","7,877.05","7,847.99","7,898.77","7,845.89","1.15B","0.37%"
"04/17/2024","7,847.99","7,820.36","7,893.62","7,798.57","860.49M","0.35%"
"04/16/2024","7,820.36","7,965.53","7,965.53","7,793.91","973.75M","-1.82%"
"04/15/2024","7,965.53","7,995.58","8,009.52","7,952.14","710.69M","-0.38%"
"04/12/2024","7,995.58","7,923.80","8,044.98","7,923.80","838.70M","0.91%"
"04/11/2024","7,923.80","7,961.21","7,970.09","7,886.89","1.06B","-0.47%"
"04/10/2024","7,961.21","7,934.79","7,999.84","7,916.53","1.12B","0.33%"
"04/09/2024","7,934.79","7,943.47","7,962.78","7,917.47","919.54M","-0.11%"
"04/08/2024","7,943.47","7,911.16","7,953.16","7,887.92","781.29M","0.41%"
"04/05/2024","7,911.16","7,975.89","7,975.89","7,884.45","874.08M","-0.81%"
"04/04/2024","7,975.89","7,937.44","7,990.41","7,937.37","1.07B","0.48%"
"04/03/2024","7,937.44","7,935.09","7,937.44","7,882.68","1.04B","0.03%"
"04/02/2024","7,935.09","7,952.62","8,015.63","7,928.59","984.93M","-0.22%"
"03/28/2024","7,952.62","7,931.98","7,975.38","7,931.36","906.58M","0.26%"
"03/27/2024","7,931.98","7,930.96","7,938.14","7,893.00","891.54M","0.01%"
"03/26/2024","7,930.96","7,917.57","7,934.37","7,892.08","1.18B","0.17%"
"03/25/2024","7,917.57","7,930.92","7,939.38","7,891.72","977.20M","-0.17%"
"03/22/2024","7,930.92","7,882.55","7,961.43","7,882.19","978.39M","0.61%"
"03/21/2024","7,882.55","7,737.38","7,901.80","7,737.38","1.28B","1.88%"
"03/20/2024","7,737.38","7,738.30","7,749.39","7,711.46","969.75M","-0.01%"
"03/19/2024","7,738.30","7,722.55","7,739.67","7,699.57","1.01B","0.20%"
"03/18/2024","7,722.55","7,727.42","7,750.17","7,714.90","944.57M","-0.06%"
"03/15/2024","7,727.42","7,743.15","7,761.06","7,727.42","2.58B","-0.20%"
"03/14/2024","7,743.15","7,772.17","7,778.39","7,719.11","872.90M","-0.37%"
"03/13/2024","7,772.17","7,747.81","7,785.73","7,738.73","1.14B","0.31%"
"03/12/2024","7,747.81","7,669.23","7,764.58","7,669.23","1.07B","1.02%"
"03/11/2024","7,669.23","7,659.74","7,669.23","7,612.62","1.04B","0.12%"
"03/08/2024","7,659.74","7,692.46","7,693.89","7,646.20","845.83M","-0.43%"
"03/07/2024","7,692.46","7,679.31","7,711.78","7,645.06","1.35B","0.17%"
"03/06/2024","7,679.31","7,646.16","7,701.25","7,639.03","1.29B","0.43%"
"03/05/2024","7,646.16","7,640.33","7,654.81","7,598.47","843.70M","0.08%"
"03/04/2024","7,640.33","7,682.50","7,682.64","7,623.22","979.61M","-0.55%"
"03/01/2024","7,682.50","7,630.02","7,695.61","7,630.02","1.22B","0.69%"
"02/29/2024","7,630.02","7,624.98","7,677.69","7,622.87","1.87B","0.07%"
"02/28/2024","7,624.98","7,683.02","7,693.18","7,620.37","1.15B","-0.76%"
"02/27/2024","7,683.02","7,684.30","7,698.29","7,669.71","1.06B","-0.02%"
"02/26/2024","7,684.30","7,706.28","7,710.78","7,676.75","1.15B","-0.29%"
"02/23/2024","7,706.28","7,684.49","7,713.39","7,675.19","992.96M","0.28%"
"02/22/2024","7,684.49","7,662.51","7,702.86","7,651.65","1.32B","0.29%"
"02/21/2024","7,662.51","7,719.21","7,719.21","7,642.75","1.19B","-0.73%"
"02/20/2024","7,719.21","7,728.50","7,748.73","7,705.98","819.03M","-0.12%"
"02/19/2024","7,728.50","7,711.71","7,733.54","7,692.48","575.04M","0.22%"
"02/16/2024","7,711.71","7,597.53","7,720.72","7,597.53","996.23M","1.50%"
"02/15/2024","7,597.53","7,568.40","7,612.34","7,562.10","651.78M","0.38%"
"02/14/2024","7,568.40","7,512.28","7,590.13","7,512.28","1.14B","0.75%"
"02/13/2024","7,512.28","7,573.69","7,585.31","7,492.98","1.10B","-0.81%"
"02/12/2024","7,573.69","7,572.58","7,590.45","7,555.47","767.12M","0.01%"
"02/09/2024","7,572.58","7,595.48","7,608.74","7,557.35","1.03B","-0.30%"
"02/08/2024","7,595.48","7,628.75","7,653.40","7,593.57","650.74M","-0.44%"
"02/07/2024","7,628.75","7,681.01","7,694.90","7,626.23","920.83M","-0.68%"
"02/06/2024","7,681.01","7,612.86","7,693.60","7,612.86","1.44B","0.90%"
"02/05/2024","7,612.86","7,615.54","7,667.82","7,598.66","1.29B","-0.04%"
"02/02/2024","7,615.54","7,622.16","7,670.91","7,609.29","777.00M","-0.09%"
"02/01/2024","7,622.16","7,630.57","7,673.67","7,607.90","848.08M","-0.11%"
"01/31/2024","7,630.57","7,666.31","7,689.69","7,630.57","887.42M","-0.47%"
"01/30/2024","7,666.31","7,632.74","7,684.24","7,632.74","703.83M","0.44%"
"01/29/2024","7,632.74","7,635.09","7,664.92","7,630.76","597.18M","-0.03%"
"01/26/2024","7,635.09","7,529.73","7,651.75","7,529.69","985.33M","1.40%"
"01/25/2024","7,529.73","7,527.67","7,544.46","7,507.03","660.66M","0.03%"
"01/24/2024","7,527.67","7,485.73","7,538.89","7,485.73","810.48M","0.56%"
"01/23/2024","7,485.73","7,487.71","7,525.13","7,465.12","973.74M","-0.03%"
"01/22/2024","7,487.71","7,461.93","7,503.61","7,455.97","734.80M","0.35%"
"01/19/2024","7,461.93","7,459.09","7,521.05","7,450.86","1.13B","0.04%"
"01/18/2024","7,459.09","7,446.29","7,471.66","7,426.60","814.58M","0.17%"
"01/17/2024","7,446.29","7,558.34","7,558.34","7,404.08","769.96M","-1.48%"
"01/16/2024","7,558.34","7,594.91","7,594.91","7,538.85","1.09B","-0.48%"
"01/15/2024","7,594.91","7,624.93","7,637.79","7,578.33","692.82M","-0.39%"
"01/12/2024","7,624.93","7,576.59","7,655.19","7,576.59","738.50M","0.64%"
"01/11/2024","7,576.59","7,651.76","7,693.90","7,576.59","1.17B","-0.98%"
"01/10/2024","7,651.76","7,683.96","7,683.96","7,647.37","612.40M","-0.42%"
"01/09/2024","7,683.96","7,694.19","7,717.50","7,675.07","658.39M","-0.13%"
"01/08/2024","7,694.19","7,689.61","7,694.19","7,636.05","1.02B","0.06%"
"01/05/2024","7,689.61","7,723.07","7,723.07","7,642.86","610.45M","-0.43%"
"01/04/2024","7,723.07","7,682.33","7,728.17","7,678.84","925.46M","0.53%"
"01/03/2024","7,682.33","7,721.52","7,744.55","7,650.30","721.53M","-0.51%"
"01/02/2024","7,721.52","7,733.24","7,764.37","7,689.02","647.24M","-0.15%"
"12/29/2023","7,733.24","7,722.74","7,746.91","7,719.02","225.64M","0.14%"
"12/28/2023","7,722.74","7,724.95","7,745.99","7,708.74","316.82M","-0.03%"
"12/27/2023","7,724.95","7,697.51","7,759.74","7,697.51","409.46M","0.36%"
"12/22/2023","7,697.51","7,694.73","7,715.21","7,676.43","320.56M","0.04%"
"12/21/2023","7,694.73","7,715.68","7,715.68","7,668.41","562.95M","-0.27%"
"12/20/2023","7,715.68","7,638.03","7,762.88","7,637.93","875.63M","1.02%"
"12/19/2023","7,638.03","7,614.48","7,642.15","7,605.35","935.13M","0.31%"
"12/18/2023","7,614.48","7,576.36","7,630.57","7,557.24","661.07M","0.50%"
"12/15/2023","7,576.36","7,648.98","7,668.22","7,569.00","1.58B","-0.95%"
"12/14/2023","7,648.98","7,548.44","7,724.81","7,548.44","1.44B","1.33%"
"12/13/2023","7,548.44","7,542.77","7,584.88","7,542.68","888.29M","0.08%"
"12/12/2023","7,542.77","7,544.89","7,607.51","7,542.37","788.54M","-0.03%"
"12/11/2023","7,544.89","7,554.47","7,557.40","7,493.59","811.93M","-0.13%"
"12/08/2023","7,554.47","7,513.72","7,581.32","7,509.83","779.76M","0.54%"
"12/07/2023","7,513.72","7,515.38","7,523.57","7,480.49","789.53M","-0.02%"
"12/06/2023","7,515.38","7,489.84","7,542.57","7,486.80","1.42B","0.34%"
"12/05/2023","7,489.84","7,512.96","7,512.96","7,460.21","661.29M","-0.31%"
"12/04/2023","7,512.96","7,529.35","7,533.81","7,476.85","818.38M","-0.22%"
"12/01/2023","7,529.35","7,453.75","7,538.71","7,453.75","549.09M","1.01%"
"11/30/2023","7,453.75","7,423.46","7,497.68","7,387.09","1.27B","0.41%"
"11/29/2023","7,423.46","7,455.24","7,457.48","7,408.79","531.53M","-0.43%"
"11/28/2023","7,455.24","7,460.70","7,461.13","7,403.25","599.93M","-0.07%"
"11/27/2023","7,460.70","7,488.20","7,488.26","7,452.18","398.90M","-0.37%"
"11/24/2023","7,488.20","7,483.58","7,494.72","7,450.12","528.51M","0.06%"
"11/23/2023","7,483.58","7,469.51","7,494.77","7,450.60","607.42M","0.19%"
"11/22/2023","7,469.51","7,481.99","7,504.51","7,452.00","627.38M","-0.17%"
"11/21/2023","7,481.99","7,496.36","7,496.86","7,446.68","518.87M","-0.19%"
"11/20/2023","7,496.36","7,504.25","7,506.00","7,472.65","466.75M","-0.11%"
"11/17/2023","7,504.25","7,410.97","7,509.00","7,410.00","667.07M","1.26%"
"11/16/2023","7,410.97","7,486.91","7,492.84","7,409.40","750.61M","-1.01%"
"11/15/2023","7,486.91","7,440.47","7,533.77","7,440.47","738.50M","0.62%"
"11/14/2023","7,440.47","7,425.83","7,456.63","7,386.66","881.44M","0.20%"
"11/13/2023","7,425.83","7,360.55","7,426.14","7,360.55","648.85M","0.89%"
"11/10/2023","7,360.55","7,455.67","7,455.67","7,319.96","833.64M","-1.28%"
"11/09/2023","7,455.67","7,401.72","7,465.31","7,367.21","657.63M","0.73%"
"11/08/2023","7,401.72","7,410.04","7,442.09","7,384.51","686.12M","-0.11%"
"11/07/2023","7,410.04","7,417.76","7,431.14","7,397.40","592.27M","-0.10%"
"11/06/2023","7,417.76","7,417.73","7,448.36","7,403.51","711.28M","0.00%"
"11/03/2023","7,417.73","7,446.53","7,482.73","7,396.57","750.57M","-0.39%"
"11/02/2023","7,446.53","7,342.43","7,469.75","7,342.43","972.52M","1.42%"
"11/01/2023","7,342.43","7,321.72","7,385.39","7,304.89","726.06M","0.28%"
"10/31/2023","7,321.72","7,327.39","7,373.53","7,309.04","805.34M","-0.08%"
"10/30/2023","7,327.39","7,291.28","7,361.50","7,291.28","1.01B","0.50%"
"10/27/2023","7,291.28","7,354.57","7,380.33","7,279.86","642.46M","-0.86%"
"10/26/2023","7,354.57","7,414.34","7,414.34","7,342.48","792.37M","-0.81%"
"10/25/2023","7,414.34","7,389.70","7,428.11","7,368.38","607.64M","0.33%"
"10/24/2023","7,389.70","7,374.83","7,405.26","7,324.99","697.31M","0.20%"
"10/23/2023","7,374.83","7,402.14","7,402.20","7,338.59","502.73M","-0.37%"
"10/20/2023","7,402.14","7,499.53","7,499.62","7,395.57","832.45M","-1.30%"
"10/19/2023","7,499.53","7,588.00","7,588.00","7,490.46","727.00M","-1.17%"
"10/18/2023","7,588.00","7,675.21","7,681.50","7,579.26","613.43M","-1.14%"
"10/17/2023","7,675.21","7,630.63","7,682.63","7,616.77","663.55M","0.58%"
"10/16/2023","7,630.63","7,599.60","7,651.27","7,584.64","522.40M","0.41%"
"10/13/2023","7,599.60","7,644.78","7,660.05","7,590.72","567.09M","-0.59%"
"10/12/2023","7,644.78","7,620.03","7,687.91","7,620.03","657.76M","0.32%"
"10/11/2023","7,620.03","7,628.21","7,651.98","7,608.67","623.85M","-0.11%"
"10/10/2023","7,628.21","7,492.21","7,637.41","7,492.21","702.69M","1.82%"
"10/09/2023","7,492.21","7,494.58","7,540.57","7,473.19","737.06M","-0.03%"
"10/06/2023","7,494.58","7,451.54","7,496.42","7,423.36","611.66M","0.58%"
"10/05/2023","7,451.54","7,412.45","7,488.60","7,409.74","615.22M","0.53%"
"10/04/2023","7,412.45","7,470.16","7,490.18","7,384.20","1.08B","-0.77%"
"10/03/2023","7,470.16","7,510.72","7,545.67","7,466.62","534.75M","-0.54%"
"10/02/2023","7,510.72","7,608.08","7,630.41","7,491.30","570.11M","-1.28%"
"09/29/2023","7,608.08","7,601.85","7,674.19","7,601.85","633.59M","0.08%"
"09/28/2023","7,601.85","7,593.22","7,605.55","7,524.11","633.80M","0.11%"
"09/27/2023","7,593.22","7,625.72","7,645.55","7,577.23","711.17M","-0.43%"
"09/26/2023","7,625.72","7,623.99","7,656.94","7,593.54","545.49M","0.02%"
"09/25/2023","7,623.99","7,683.91","7,684.82","7,580.81","538.94M","-0.78%"
"09/22/2023","7,683.91","7,678.62","7,735.16","7,640.80","984.62M","0.07%"
"09/21/2023","7,678.62","7,731.65","7,746.53","7,674.70","1.00B","-0.69%"
"09/20/2023","7,731.65","7,660.20","7,741.90","7,659.61","805.82M","0.93%"
"09/19/2023","7,660.20","7,652.94","7,682.38","7,642.36","595.49M","0.09%"
"09/18/2023","7,652.94","7,711.38","7,720.14","7,641.76","461.13M","-0.76%"
"09/15/2023","7,711.38","7,673.08","7,745.82","7,673.08","1.80B","0.50%"
"09/14/2023","7,673.08","7,525.99","7,686.96","7,525.99","740.69M","1.95%"
"09/13/2023","7,525.99","7,527.53","7,545.16","7,490.37","684.59M","-0.02%"
"09/12/2023","7,527.53","7,496.87","7,550.24","7,496.34","661.20M","0.41%"
"09/11/2023","7,496.87","7,478.19","7,549.34","7,467.35","564.85M","0.25%"
"09/08/2023","7,478.19","7,441.72","7,480.64","7,402.10","651.30M","0.49%"
"09/07/2023","7,441.72","7,426.14","7,462.18","7,385.92","453.22M","0.21%"
"09/06/2023","7,426.14","7,437.93","7,447.94","7,369.64","448.10M","-0.16%"
"09/05/2023","7,437.93","7,452.76","7,481.35","7,389.80","484.03M","-0.20%"
"09/04/2023","7,452.76","7,464.54","7,523.40","7,448.31","391.51M","-0.16%"
"09/01/2023","7,464.54","7,439.13","7,492.63","7,439.13","680.28M","0.34%"
"08/31/2023","7,439.13","7,473.67","7,500.44","7,439.13","1.14B","-0.46%"
"08/30/2023","7,473.67","7,464.99","7,509.36","7,464.73","533.76M","0.12%"
"08/29/2023","7,464.99","7,338.58","7,471.14","7,338.58","1.11B","1.72%"
"08/25/2023","7,338.58","7,333.63","7,389.40","7,326.97","363.80M","0.07%"
"08/24/2023","7,333.63","7,320.53","7,386.08","7,320.53","377.23M","0.18%"
"08/23/2023","7,320.53","7,270.76","7,348.84","7,270.76","874.76M","0.68%"
"08/22/2023","7,270.76","7,257.82","7,310.52","7,257.58","745.82M","0.18%"
"08/21/2023","7,257.82","7,262.43","7,315.97","7,250.88","469.44M","-0.06%"
"08/18/2023","7,262.43","7,310.21","7,310.21","7,215.76","571.46M","-0.65%"
"08/17/2023","7,310.21","7,356.88","7,356.96","7,305.00","438.19M","-0.63%"
"08/16/2023","7,356.88","7,389.64","7,398.20","7,338.53","686.64M","-0.44%"
"08/15/2023","7,389.64","7,507.15","7,508.58","7,369.69","463.07M","-1.57%"
"08/14/2023","7,507.15","7,524.16","7,530.25","7,476.45","1.14B","-0.23%"
"08/11/2023","7,524.16","7,618.60","7,618.60","7,507.84","487.00M","-1.24%"
"08/10/2023","7,618.60","7,587.30","7,622.92","7,572.61","636.54M","0.41%"
"08/09/2023","7,587.30","7,527.42","7,600.79","7,527.42","788.32M","0.80%"
"08/08/2023","7,527.42","7,554.49","7,554.49","7,487.47","862.21M","-0.36%"
"08/07/2023","7,554.49","7,564.37","7,564.95","7,505.15","483.36M","-0.13%"
"08/04/2023","7,564.37","7,529.16","7,569.55","7,487.36","503.24M","0.47%"
"08/03/2023","7,529.16","7,561.63","7,562.13","7,437.88","1.24B","-0.43%"
"08/02/2023","7,561.63","7,666.27","7,666.27","7,522.24","745.64M","-1.36%"
"08/01/2023","7,666.27","7,699.41","7,715.24","7,650.15","556.25M","-0.43%"
"07/31/2023","7,699.41","7,694.27","7,722.92","7,667.81","593.69M","0.07%"
"07/28/2023","7,694.27","7,692.76","7,716.82","7,680.19","710.94M","0.02%"
"07/27/2023","7,692.76","7,676.89","7,709.66","7,662.40","963.65M","0.21%"
"07/26/2023","7,676.89","7,691.80","7,702.74","7,630.00","807.17M","-0.19%"
"07/25/2023","7,691.80","7,678.59","7,702.35","7,676.50","433.68M","0.17%"
"07/24/2023","7,678.59","7,663.73","7,684.97","7,633.29","521.47M","0.19%"
"07/21/2023","7,663.73","7,646.05","7,674.23","7,639.45","506.40M","0.23%"
"07/20/2023","7,646.05","7,588.20","7,661.87","7,585.85","631.30M","0.76%"
"07/19/2023","7,588.20","7,453.69","7,625.14","7,453.69","841.73M","1.80%"
"07/18/2023","7,453.69","7,406.42","7,459.15","7,398.53","464.63M","0.64%"
"07/17/2023","7,406.42","7,434.57","7,437.61","7,395.67","435.68M","-0.38%"
"07/14/2023","7,434.57","7,440.21","7,480.43","7,421.31","497.56M","-0.08%"
"07/13/2023","7,440.21","7,416.11","7,457.20","7,409.25","584.51M","0.32%"
"07/12/2023","7,416.11","7,282.52","7,425.10","7,282.52","994.05M","1.83%"
"07/11/2023","7,282.52","7,273.79","7,285.33","7,239.23","495.97M","0.12%"
"07/10/2023","7,273.79","7,256.94","7,306.09","7,238.72","428.03M","0.23%"
"07/07/2023","7,256.94","7,280.50","7,280.50","7,229.57","493.78M","-0.32%"
"07/06/2023","7,280.50","7,442.10","7,442.10","7,267.62","743.92M","-2.17%"
"07/05/2023","7,442.10","7,519.72","7,519.72","7,434.66","690.59M","-1.03%"
"07/04/2023","7,519.72","7,527.26","7,547.38","7,518.36","588.11M","-0.10%"
"07/03/2023","7,527.26","7,531.53","7,561.26","7,513.93","533.59M","-0.06%"
"06/30/2023","7,531.53","7,471.69","7,551.59","7,471.69","729.20M","0.80%"
"06/29/2023","7,471.69","7,500.49","7,505.61","7,460.53","607.91M","-0.38%"
"06/28/2023","7,500.49","7,461.46","7,518.33","7,461.46","639.84M","0.52%"
"06/27/2023","7,461.46","7,453.58","7,495.88","7,428.11","673.46M","0.11%"
"06/26/2023","7,453.58","7,461.87","7,476.45","7,401.18","850.08M","-0.11%"
"06/23/2023","7,461.87","7,502.03","7,502.03","7,439.72","620.87M","-0.54%"
"06/22/2023","7,502.03","7,559.18","7,559.18","7,458.35","654.66M","-0.76%"
"06/21/2023","7,559.18","7,569.31","7,577.60","7,520.92","610.36M","-0.13%"
"06/20/2023","7,569.31","7,588.48","7,607.53","7,566.33","580.00M","-0.25%"
"06/19/2023","7,588.48","7,642.72","7,642.72","7,581.84","437.65M","-0.71%"
"06/16/2023","7,642.72","7,628.26","7,687.61","7,627.83","2.01B","0.19%"
"06/15/2023","7,628.26","7,602.74","7,632.67","7,584.78","837.69M","0.34%"
"06/14/2023","7,602.74","7,594.78","7,639.79","7,579.27","677.23M","0.10%"
"06/13/2023","7,594.78","7,570.69","7,610.77","7,556.32","1.00B","0.32%"
"06/12/2023","7,570.69","7,562.36","7,599.87","7,556.81","538.22M","0.11%"
"06/09/2023","7,562.36","7,599.74","7,621.72","7,546.50","562.14M","-0.49%"
"06/08/2023","7,599.74","7,624.34","7,638.61","7,587.99","528.47M","-0.32%"
"06/07/2023","7,624.34","7,628.10","7,642.40","7,604.42","612.86M","-0.05%"
"06/06/2023","7,628.10","7,599.99","7,636.06","7,556.16","666.96M","0.37%"
"06/05/2023","7,599.99","7,607.28","7,654.84","7,594.13","548.34M","-0.10%"
"06/02/2023","7,607.28","7,490.27","7,614.89","7,490.02","632.69M","1.56%"
"06/01/2023","7,490.27","7,446.14","7,498.59","7,445.30","962.69M","0.59%"
"05/31/2023","7,446.14","7,522.07","7,522.07","7,446.14","2.28B","-1.01%"
"05/30/2023","7,522.07","7,627.20","7,628.12","7,516.52","837.72M","-1.38%"
"05/26/2023","7,627.20","7,570.87","7,643.56","7,556.92","687.53M","0.74%"
"05/25/2023","7,570.87","7,627.10","7,629.08","7,569.17","723.91M","-0.74%"
"05/24/2023","7,627.10","7,762.95","7,762.95","7,590.24","988.49M","-1.75%"
"05/23/2023","7,762.95","7,770.99","7,800.85","7,747.09","697.20M","-0.10%"
"05/22/2023","7,770.99","7,756.87","7,783.40","7,750.53","960.83M","0.18%"
"05/19/2023","7,756.87","7,742.30","7,790.92","7,742.13","631.10M","0.19%"
"05/18/2023","7,742.30","7,723.23","7,776.58","7,723.23","751.79M","0.25%"
"05/17/2023","7,723.23","7,751.08","7,758.15","7,713.03","665.41M","-0.36%"
"05/16/2023","7,751.08","7,777.70","7,804.93","7,741.29","1.08B","-0.34%"
"05/15/2023","7,777.70","7,754.62","7,794.89","7,754.62","731.05M","0.30%"
"05/12/2023","7,754.62","7,730.58","7,772.79","7,729.01","744.75M","0.31%"
"05/11/2023","7,730.58","7,741.33","7,784.28","7,679.61","883.22M","-0.14%"
"05/10/2023","7,741.33","7,764.09","7,778.98","7,727.12","711.30M","-0.29%"
"05/09/2023","7,764.09","7,778.38","7,792.35","7,735.08","949.73M","-0.18%"
"05/05/2023","7,778.38","7,778.38","7,778.38","7,778.38","607.79M","0.98%"
"05/04/2023","7,702.64","7,788.37","7,788.37","7,691.25","773.16M","-1.10%"
"05/03/2023","7,788.37","7,773.03","7,819.66","7,773.03","896.77M","0.20%"
"05/02/2023","7,773.03","7,870.57","7,898.69","7,773.03","980.26M","-1.24%"
"04/28/2023","7,870.57","7,831.58","7,870.57","7,791.63","942.97M","0.50%"
"04/27/2023","7,831.58","7,852.64","7,865.73","7,816.83","668.18M","-0.27%"
"04/26/2023","7,852.64","7,891.13","7,893.95","7,825.93","901.07M","-0.49%"
"04/25/2023","7,891.13","7,912.20","7,912.52","7,863.85","646.70M","-0.27%"
"04/24/2023","7,912.20","7,914.13","7,927.11","7,877.58","719.42M","-0.02%"
"04/21/2023","7,914.13","7,902.61","7,936.11","7,886.46","627.24M","0.15%"
"04/20/2023","7,902.61","7,898.77","7,902.95","7,876.35","918.03M","0.05%"
"04/19/2023","7,898.77","7,909.44","7,909.44","7,871.43","504.39M","-0.13%"
"04/18/2023","7,909.44","7,879.51","7,912.73","7,879.51","530.24M","0.38%"
"04/17/2023","7,879.51","7,871.91","7,916.67","7,871.91","590.69M","0.10%"
"04/14/2023","7,871.91","7,843.38","7,904.04","7,843.38","859.07M","0.36%"
"04/13/2023","7,843.38","7,824.84","7,851.57","7,814.11","723.49M","0.24%"
"04/12/2023","7,824.84","7,785.72","7,859.67","7,783.40","714.51M","0.50%"
"04/11/2023","7,785.72","7,741.56","7,806.39","7,741.56","999.45M","0.57%"
"04/06/2023","7,741.56","7,662.94","7,742.11","7,654.54","589.45M","1.03%"
"04/05/2023","7,662.94","7,634.52","7,678.45","7,634.26","658.65M","0.37%"
"04/04/2023","7,634.52","7,673.00","7,726.85","7,634.52","790.99M","-0.50%"
"04/03/2023","7,673.00","7,631.74","7,698.15","7,631.74","917.72M","0.54%"
"03/31/2023","7,631.74","7,620.43","7,654.41","7,616.09","815.85M","0.15%"
"03/30/2023","7,620.43","7,564.27","7,638.49","7,564.27","666.44M","0.74%"
"03/29/2023","7,564.27","7,484.25","7,566.80","7,484.21","635.25M","1.07%"
"03/28/2023","7,484.25","7,471.77","7,524.55","7,464.61","1.15B","0.17%"
"03/27/2023","7,471.77","7,405.45","7,491.74","7,405.45","698.81M","0.90%"
"03/24/2023","7,405.45","7,499.60","7,499.60","7,335.71","859.01M","-1.26%"
"03/23/2023","7,499.60","7,566.84","7,566.84","7,476.13","1.22B","-0.89%"
"03/22/2023","7,566.84","7,536.22","7,585.57","7,505.48","892.03M","0.41%"
"03/21/2023","7,536.22","7,403.85","7,557.55","7,403.85","801.62M","1.79%"
"03/20/2023","7,403.85","7,335.40","7,426.24","7,206.82","1.08B","0.93%"
"03/17/2023","7,335.40","7,410.03","7,510.47","7,309.30","2.09B","-1.01%"
"03/16/2023","7,410.03","7,344.45","7,458.64","7,331.49","1.20B","0.89%"
"03/15/2023","7,344.45","7,637.11","7,637.39","7,333.35","1.33B","-3.83%"
"03/14/2023","7,637.11","7,548.63","7,641.55","7,503.25","873.33M","1.17%"
"03/13/2023","7,548.63","7,748.35","7,752.43","7,546.02","1.19B","-2.58%"
"03/10/2023","7,748.35","7,879.98","7,879.98","7,708.32","970.83M","-1.67%"
"03/09/2023","7,879.98","7,929.92","7,930.26","7,862.01","839.62M","-0.63%"
"03/08/2023","7,929.92","7,919.48","7,946.62","7,891.42","769.83M","0.13%"
"03/07/2023","7,919.48","7,929.79","7,959.77","7,909.77","862.02M","-0.13%"
"03/06/2023","7,929.79","7,947.11","7,948.67","7,897.45","629.33M","-0.22%"
"03/03/2023","7,947.11","7,944.04","7,974.40","7,920.07","640.58M","0.04%"
"03/02/2023","7,944.04","7,914.93","7,945.82","7,875.03","885.59M","0.37%"
"03/01/2023","7,914.93","7,876.28","7,950.69","7,874.34","1.12B","0.49%"
"02/28/2023","7,876.28","7,935.11","7,935.11","7,854.82","1.25B","-0.74%"
"02/27/2023","7,935.11","7,878.66","7,949.97","7,878.66","755.86M","0.72%"
"02/24/2023","7,878.66","7,907.72","7,939.17","7,870.39","877.16M","-0.37%"
"02/23/2023","7,907.72","7,930.63","7,935.56","7,888.88","974.84M","-0.29%"
"02/22/2023","7,930.63","7,977.75","7,977.75","7,879.03","682.44M","-0.59%"
"02/21/2023","7,977.75","8,014.31","8,014.40","7,952.48","889.16M","-0.46%"
"02/20/2023","8,014.31","8,004.36","8,020.13","7,995.46","692.41M","0.12%"
"02/17/2023","8,004.36","8,012.53","8,012.53","7,957.69","1.27B","-0.10%"
"02/16/2023","8,012.53","7,997.83","8,047.06","7,978.61","728.87M","0.18%"
"02/15/2023","7,997.83","7,953.85","8,003.65","7,921.32","840.60M","0.55%"
"02/14/2023","7,953.85","7,947.60","7,996.35","7,947.60","697.52M","0.08%"
"02/13/2023","7,947.60","7,882.45","7,947.60","7,881.86","570.00M","0.83%"
"02/10/2023","7,882.45","7,911.15","7,913.31","7,850.94","974.19M","-0.36%"
"02/09/2023","7,911.15","7,885.17","7,949.57","7,874.23","1.03B","0.33%"
"02/08/2023","7,885.17","7,864.71","7,934.30","7,864.66","586.89M","0.26%"
"02/07/2023","7,864.71","7,836.71","7,890.82","7,835.36","777.24M","0.36%"
"02/06/2023","7,836.71","7,901.80","7,901.80","7,808.39","665.68M","-0.82%"
"02/03/2023","7,901.80","7,820.16","7,906.58","7,806.85","713.86M","1.04%"
"02/02/2023","7,820.16","7,761.11","7,837.84","7,758.51","726.66M","0.76%"
"02/01/2023","7,761.11","7,771.70","7,798.51","7,745.43","922.17M","-0.14%"
"01/31/2023","7,771.70","7,784.87","7,784.87","7,708.34","828.92M","-0.17%"
"01/30/2023","7,784.87","7,765.15","7,790.69","7,718.33","1.12B","0.25%"
"01/27/2023","7,765.15","7,761.11","7,777.40","7,742.12","709.92M","0.05%"
"01/26/2023","7,761.11","7,744.87","7,787.57","7,744.87","828.46M","0.21%"
"01/25/2023","7,744.87","7,757.36","7,773.57","7,710.78","715.29M","-0.16%"
"01/24/2023","7,757.36","7,784.67","7,800.89","7,741.75","697.62M","-0.35%"
"01/23/2023","7,784.67","7,770.59","7,811.17","7,768.47","561.95M","0.18%"
"01/20/2023","7,770.59","7,747.29","7,790.87","7,747.29","801.06M","0.30%"
"01/19/2023","7,747.29","7,830.70","7,830.80","7,726.23","723.12M","-1.07%"
"01/18/2023","7,830.70","7,851.03","7,867.43","7,824.73","962.44M","-0.26%"
"01/17/2023","7,851.03","7,860.07","7,875.58","7,830.35","985.55M","-0.12%"
"01/16/2023","7,860.07","7,844.07","7,867.23","7,841.91","528.53M","0.20%"
"01/13/2023","7,844.07","7,794.04","7,864.95","7,793.55","752.68M","0.64%"
"01/12/2023","7,794.04","7,724.98","7,809.13","7,724.55","737.14M","0.89%"
"01/11/2023","7,724.98","7,694.49","7,772.37","7,694.35","1.03B","0.40%"
"01/10/2023","7,694.49","7,724.94","7,724.94","7,684.35","933.07M","-0.39%"
"01/09/2023","7,724.94","7,699.49","7,725.74","7,688.69","844.76M","0.33%"
"01/06/2023","7,699.49","7,633.45","7,700.81","7,633.45","787.76M","0.87%"
"01/05/2023","7,633.45","7,585.19","7,658.79","7,564.70","883.30M","0.64%"
"01/04/2023","7,585.19","7,554.09","7,609.25","7,545.18","748.68M","0.41%"
"01/03/2023","7,554.09","7,451.74","7,626.40","7,448.69","913.39M","1.37%"
"12/30/2022","7,451.74","7,512.72","7,512.92","7,451.74","253.96M","-0.81%"
"12/29/2022","7,512.72","7,497.19","7,516.36","7,434.64","351.68M","0.21%"
"12/28/2022","7,497.19","7,473.01","7,547.00","7,473.01","416.73M","0.32%"
"12/23/2022","7,473.01","7,469.28","7,496.40","7,462.80","222.85M","0.05%"
"12/22/2022","7,469.28","7,497.32","7,540.31","7,463.54","402.11M","-0.37%"
"12/21/2022","7,497.32","7,370.62","7,498.48","7,368.72","498.97M","1.72%"
"12/20/2022","7,370.62","7,361.31","7,389.92","7,302.82","788.28M","0.13%"
"12/19/2022","7,361.31","7,332.12","7,385.38","7,332.12","517.59M","0.40%"
"12/16/2022","7,332.12","7,426.17","7,429.29","7,305.72","1.83B","-1.27%"
"12/15/2022","7,426.17","7,495.93","7,495.93","7,411.07","616.55M","-0.93%"
"12/14/2022","7,495.93","7,502.89","7,504.49","7,461.68","744.83M","-0.09%"
"12/13/2022","7,502.89","7,445.97","7,553.36","7,428.98","687.82M","0.76%"
"12/12/2022","7,445.97","7,476.63","7,476.63","7,438.87","599.81M","-0.41%"
"12/09/2022","7,476.63","7,472.17","7,498.04","7,431.44","669.40M","0.06%"
"12/08/2022","7,472.17","7,489.19","7,507.98","7,469.12","637.24M","-0.23%"
"12/07/2022","7,489.19","7,521.39","7,567.23","7,489.19","726.99M","-0.43%"
"12/06/2022","7,521.39","7,567.54","7,567.64","7,521.39","805.28M","-0.61%"
"12/05/2022","7,567.54","7,556.23","7,598.21","7,547.76","509.14M","0.15%"
"12/02/2022","7,556.23","7,558.49","7,570.46","7,507.98","540.21M","-0.03%"
"12/01/2022","7,558.49","7,573.05","7,599.70","7,552.29","642.83M","-0.19%"
"11/30/2022","7,573.05","7,512.00","7,599.27","7,512.00","1.39B","0.81%"
"11/29/2022","7,512.00","7,474.02","7,543.09","7,473.99","712.72M","0.51%"
"11/28/2022","7,474.02","7,486.67","7,496.80","7,420.00","661.71M","-0.17%"
"11/25/2022","7,486.67","7,466.60","7,497.23","7,461.78","501.39M","0.27%"
"11/24/2022","7,466.60","7,465.24","7,488.07","7,443.46","418.29M","0.02%"
"11/23/2022","7,465.24","7,452.84","7,498.34","7,452.84","867.36M","0.17%"
"11/22/2022","7,452.84","7,376.85","7,458.88","7,373.56","574.08M","1.03%"
"11/21/2022","7,376.85","7,385.52","7,402.79","7,343.37","666.22M","-0.12%"
"11/18/2022","7,385.52","7,346.54","7,423.51","7,343.50","844.25M","0.53%"
"11/17/2022","7,346.54","7,351.19","7,354.07","7,294.75","751.94M","-0.06%"
"11/16/2022","7,351.19","7,369.44","7,394.42","7,341.59","764.63M","-0.25%"
"11/15/2022","7,369.44","7,385.17","7,413.01","7,344.85","930.14M","-0.21%"
"11/14/2022","7,385.17","7,318.04","7,413.82","7,317.57","730.72M","0.92%"
"11/11/2022","7,318.04","7,375.34","7,408.61","7,316.84","931.07M","-0.78%"
"11/10/2022","7,375.34","7,296.25","7,405.09","7,253.36","769.32M","1.08%"
"11/09/2022","7,296.25","7,306.14","7,307.80","7,263.46","529.92M","-0.14%"
"11/08/2022","7,306.14","7,299.99","7,313.46","7,244.83","788.99M","0.08%"
"11/07/2022","7,299.99","7,334.84","7,346.66","7,288.00","718.25M","-0.48%"
"11/04/2022","7,334.84","7,188.63","7,376.23","7,188.63","907.02M","2.03%"
"11/03/2022","7,188.63","7,144.14","7,188.63","7,076.47","710.16M","0.62%"
"11/02/2022","7,144.14","7,186.16","7,205.07","7,130.50","686.59M","-0.58%"
"11/01/2022","7,186.16","7,094.53","7,221.32","7,094.53","879.61M","1.29%"
"10/31/2022","7,094.53","7,047.67","7,132.85","7,030.12","863.93M","0.66%"
"10/28/2022","7,047.67","7,073.69","7,073.69","6,997.54","683.67M","-0.37%"
"10/27/2022","7,073.69","7,056.07","7,093.05","7,034.24","920.15M","0.25%"
"10/26/2022","7,056.07","7,013.48","7,057.42","6,960.11","1.02B","0.61%"
"10/25/2022","7,013.48","7,013.99","7,025.22","6,949.24","619.92M","-0.01%"
"10/24/2022","7,013.99","6,969.73","7,047.37","6,914.66","619.99M","0.64%"
"10/21/2022","6,969.73","6,943.91","6,976.19","6,864.13","668.39M","0.37%"
"10/20/2022","6,943.91","6,924.99","6,954.21","6,894.85","812.74M","0.27%"
"10/19/2022","6,924.99","6,936.74","6,968.33","6,890.66","699.52M","-0.17%"
"10/18/2022","6,936.74","6,920.24","7,017.40","6,920.24","798.46M","0.24%"
"10/17/2022","6,920.24","6,858.79","6,959.71","6,850.43","951.02M","0.90%"
"10/14/2022","6,858.79","6,850.27","6,976.30","6,850.27","881.17M","0.12%"
"10/13/2022","6,850.27","6,826.15","6,872.90","6,707.62","1.12B","0.35%"
"10/12/2022","6,826.15","6,885.23","6,916.94","6,793.77","970.01M","-0.86%"
"10/11/2022","6,885.23","6,959.31","6,959.43","6,860.31","813.48M","-1.06%"
"10/10/2022","6,959.31","6,991.09","6,999.20","6,922.94","918.37M","-0.45%"
"10/07/2022","6,991.09","6,997.27","7,022.41","6,960.36","769.47M","-0.09%"
"10/06/2022","6,997.27","7,052.62","7,079.74","6,961.10","995.42M","-0.78%"
"10/05/2022","7,052.62","7,086.46","7,086.46","6,977.95","866.09M","-0.48%"
"10/04/2022","7,086.46","6,908.76","7,088.17","6,908.67","1.09B","2.57%"
"10/03/2022","6,908.76","6,893.81","6,923.75","6,797.37","1.22B","0.22%"
"09/30/2022","6,893.81","6,881.59","6,954.92","6,840.07","1.17B","0.18%"
"09/29/2022","6,881.59","7,005.39","7,005.39","6,829.29","1.16B","-1.77%"
"09/28/2022","7,005.39","6,984.59","7,011.50","6,836.28","1.52B","0.30%"
"09/27/2022","6,984.59","7,020.95","7,073.96","6,984.59","1.22B","-0.52%"
"09/26/2022","7,020.95","7,018.60","7,071.11","6,937.40","1.16B","0.03%"
"09/23/2022","7,018.60","7,159.52","7,169.12","6,981.50","971.11M","-1.97%"
"09/22/2022","7,159.52","7,237.64","7,243.90","7,149.59","904.88M","-1.08%"
"09/21/2022","7,237.64","7,192.66","7,258.87","7,170.69","1.44B","0.63%"
"09/20/2022","7,192.66","7,236.68","7,326.54","7,171.24","1.05B","-0.61%"
"09/16/2022","7,236.68","7,282.07","7,297.10","7,236.17","2.14B","-0.62%"
"09/15/2022","7,282.07","7,277.30","7,329.00","7,258.67","843.74M","0.07%"
"09/14/2022","7,277.30","7,385.86","7,385.86","7,259.24","1.02B","-1.47%"
"09/13/2022","7,385.86","7,473.03","7,514.04","7,385.86","712.02M","-1.17%"
"09/12/2022","7,473.03","7,351.07","7,483.00","7,351.07","901.66M","1.66%"
"09/09/2022","7,351.07","7,262.06","7,386.59","7,262.06","703.94M","1.23%"
"09/08/2022","7,262.06","7,237.83","7,273.01","7,175.75","658.61M","0.33%"
"09/07/2022","7,237.83","7,300.44","7,300.44","7,186.56","1.17B","-0.86%"
"09/06/2022","7,300.44","7,287.43","7,324.19","7,256.51","833.65M","0.18%"
"09/05/2022","7,287.43","7,281.19","7,288.46","7,191.17","670.76M","0.09%"
"09/02/2022","7,281.19","7,148.50","7,288.72","7,148.50","820.84M","1.86%"
"09/01/2022","7,148.50","7,284.15","7,284.15","7,131.69","739.22M","-1.86%"
"08/31/2022","7,284.15","7,361.63","7,378.44","7,263.62","1.15B","-1.05%"
"08/30/2022","7,361.63","7,427.31","7,486.40","7,351.12","1.12B","-0.88%"
"08/26/2022","7,427.31","7,479.74","7,530.65","7,422.02","627.20M","-0.70%"
"08/25/2022","7,479.74","7,471.51","7,535.70","7,469.17","438.29M","0.11%"
"08/24/2022","7,471.51","7,488.11","7,488.12","7,410.40","579.00M","-0.22%"
"08/23/2022","7,488.11","7,533.79","7,533.79","7,467.56","672.51M","-0.61%"
"08/22/2022","7,533.79","7,550.37","7,550.41","7,491.26","575.33M","-0.22%"
"08/19/2022","7,550.37","7,541.85","7,578.85","7,513.26","698.78M","0.11%"
"08/18/2022","7,541.85","7,515.75","7,541.89","7,493.66","590.65M","0.35%"
"08/17/2022","7,515.75","7,536.06","7,554.04","7,501.54","505.66M","-0.27%"
"08/16/2022","7,536.06","7,509.15","7,563.67","7,509.15","513.90M","0.36%"
"08/15/2022","7,509.15","7,500.89","7,539.21","7,463.51","460.48M","0.11%"
"08/12/2022","7,500.89","7,465.91","7,516.83","7,464.12","497.63M","0.47%"
"08/11/2022","7,465.91","7,507.11","7,515.00","7,460.11","629.90M","-0.55%"
"08/10/2022","7,507.11","7,488.15","7,520.72","7,468.64","741.05M","0.25%"
"08/09/2022","7,488.15","7,482.37","7,504.64","7,475.04","648.38M","0.08%"
"08/08/2022","7,482.37","7,439.74","7,513.76","7,439.74","626.01M","0.57%"
"08/05/2022","7,439.74","7,448.06","7,470.63","7,420.16","598.72M","-0.11%"
"08/04/2022","7,448.06","7,445.68","7,491.74","7,417.49","856.62M","0.03%"
"08/03/2022","7,445.68","7,409.11","7,445.90","7,372.71","878.40M","0.49%"
"08/02/2022","7,409.11","7,413.42","7,433.34","7,386.76","622.64M","-0.06%"
"08/01/2022","7,413.42","7,446.01","7,471.87","7,408.94","551.73M","-0.13%"
"07/29/2022","7,423.43","7,345.25","7,441.20","7,345.25","883.36M","1.06%"
"07/28/2022","7,345.25","7,348.23","7,396.20","7,308.99","744.54M","-0.04%"
"07/27/2022","7,348.23","7,306.28","7,365.22","7,306.28","1.19B","0.57%"
"07/26/2022","7,306.28","7,306.30","7,365.37","7,301.19","730.91M","0.00%"
"07/25/2022","7,306.30","7,276.37","7,309.65","7,242.90","711.40M","0.41%"
"07/22/2022","7,276.37","7,270.51","7,315.34","7,254.02","606.88M","0.08%"
"07/21/2022","7,270.51","7,264.31","7,274.73","7,200.14","797.90M","0.09%"
"07/20/2022","7,264.31","7,296.28","7,347.60","7,253.56","1.06B","-0.44%"
"07/19/2022","7,296.28","7,223.24","7,308.99","7,174.40","665.79M","1.01%"
"07/18/2022","7,223.24","7,159.01","7,268.88","7,159.01","668.12M","0.90%"
"07/15/2022","7,159.01","7,039.81","7,167.85","7,038.15","782.83M","1.69%"
"07/14/2022","7,039.81","7,156.37","7,157.62","7,007.09","848.22M","-1.63%"
"07/13/2022","7,156.37","7,209.86","7,209.86","7,104.06","805.87M","-0.74%"
"07/12/2022","7,209.86","7,196.59","7,216.90","7,143.31","851.98M","0.18%"
"07/11/2022","7,196.59","7,196.24","7,204.06","7,097.42","674.30M","0.00%"
"07/08/2022","7,196.24","7,189.08","7,210.58","7,129.15","604.18M","0.10%"
"07/07/2022","7,189.08","7,107.77","7,213.05","7,107.77","1.09B","1.14%"
"07/06/2022","7,107.77","7,025.47","7,198.72","7,025.35","929.87M","1.17%"
"07/05/2022","7,025.47","7,232.65","7,260.30","7,016.78","1.10B","-2.86%"
"07/04/2022","7,232.65","7,168.65","7,258.46","7,168.65","416.52M","0.89%"
"07/01/2022","7,168.65","7,169.28","7,214.82","7,101.38","676.87M","-0.01%"
"06/30/2022","7,169.28","7,312.32","7,312.32","7,110.70","903.28M","-1.96%"
"06/29/2022","7,312.32","7,323.41","7,345.45","7,263.54","717.60M","-0.15%"
"06/28/2022","7,323.41","7,258.32","7,362.37","7,258.32","735.14M","0.90%"
"06/27/2022","7,258.32","7,208.81","7,284.48","7,208.52","801.39M","0.69%"
"06/24/2022","7,208.81","7,020.45","7,211.07","7,016.02","771.05M","2.68%"
"06/23/2022","7,020.45","7,089.22","7,115.80","7,014.19","763.77M","-0.97%"
"06/22/2022","7,089.22","7,152.05","7,152.05","7,030.03","1.20B","-0.88%"
"06/21/2022","7,152.05","7,121.81","7,193.90","7,119.25","580.24M","0.42%"
"06/20/2022","7,121.81","7,016.25","7,129.64","7,016.15","666.46M","1.50%"
"06/17/2022","7,016.25","7,044.98","7,130.62","6,998.17","1.90B","-0.41%"
"06/16/2022","7,044.98","7,273.41","7,273.41","7,039.47","1.14B","-3.14%"
"06/15/2022","7,273.41","7,187.46","7,313.70","7,186.50","1.09B","1.20%"
"06/14/2022","7,187.46","7,205.81","7,271.85","7,135.15","864.70M","-0.25%"
"06/13/2022","7,205.81","7,317.52","7,317.52","7,174.02","979.94M","-1.53%"
"06/10/2022","7,317.52","7,476.21","7,476.21","7,294.20","911.37M","-2.12%"
"06/09/2022","7,476.21","7,593.00","7,593.00","7,472.29","771.94M","-1.54%"
"06/08/2022","7,593.00","7,598.93","7,616.22","7,550.65","776.34M","-0.08%"
"06/07/2022","7,598.93","7,608.22","7,617.53","7,570.67","750.10M","-0.12%"
"06/06/2022","7,608.22","7,532.95","7,646.66","7,532.84","694.54M","1.00%"
"06/01/2022","7,532.95","7,607.66","7,639.21","7,529.23","728.80M","-0.98%"
"05/31/2022","7,607.66","7,600.06","7,648.26","7,591.84","1.62B","0.10%"
"05/30/2022","7,600.06","7,585.46","7,625.63","7,576.37","1.01B","0.19%"
"05/27/2022","7,585.46","7,564.92","7,597.64","7,542.78","705.20M","0.27%"
"05/26/2022","7,564.92","7,522.75","7,575.53","7,512.45","709.53M","0.56%"
"05/25/2022","7,522.75","7,484.35","7,546.41","7,484.35","896.38M","0.51%"
"05/24/2022","7,484.35","7,513.44","7,529.65","7,434.46","1.11B","-0.39%"
"05/23/2022","7,513.44","7,389.98","7,513.44","7,389.98","805.45M","1.67%"
"05/20/2022","7,389.98","7,302.74","7,453.49","7,302.74","789.83M","1.19%"
"05/19/2022","7,302.74","7,438.09","7,438.09","7,228.67","1.04B","-1.82%"
"05/18/2022","7,438.09","7,518.35","7,526.14","7,438.09","829.89M","-1.07%"
"05/17/2022","7,518.35","7,464.80","7,538.68","7,464.80","811.23M","0.72%"
"05/16/2022","7,464.80","7,418.15","7,464.80","7,361.72","814.21M","0.63%"
"05/13/2022","7,418.15","7,233.34","7,421.95","7,233.34","871.81M","2.55%"
"05/12/2022","7,233.34","7,347.66","7,347.66","7,158.53","964.33M","-1.56%"
"05/11/2022","7,347.66","7,243.22","7,349.70","7,238.97","1.17B","1.44%"
"05/10/2022","7,243.22","7,216.58","7,311.65","7,216.58","919.89M","0.37%"
"05/09/2022","7,216.58","7,387.94","7,391.59","7,216.58","795.91M","-2.32%"
"05/06/2022","7,387.94","7,503.27","7,503.27","7,354.06","1.09B","-1.54%"
"05/05/2022","7,503.27","7,493.45","7,619.39","7,493.45","930.90M","0.13%"
"05/04/2022","7,493.45","7,561.33","7,572.65","7,493.45","686.24M","-0.90%"
"05/03/2022","7,561.33","7,544.55","7,561.33","7,475.69","1.34B","0.22%"
"04/29/2022","7,544.55","7,509.19","7,569.80","7,509.19","980.48M","0.47%"
"04/28/2022","7,509.19","7,425.61","7,519.70","7,425.61","911.15M","1.13%"
"04/27/2022","7,425.61","7,386.19","7,458.24","7,344.89","958.20M","0.53%"
"04/26/2022","7,386.19","7,380.54","7,463.15","7,380.54","847.40M","0.08%"
"04/25/2022","7,380.54","7,521.68","7,521.68","7,339.53","739.45M","-1.88%"
"04/22/2022","7,521.68","7,627.95","7,628.03","7,521.68","694.60M","-1.39%"
"04/21/2022","7,627.95","7,629.22","7,656.47","7,596.29","763.26M","-0.02%"
"04/20/2022","7,629.22","7,601.28","7,637.87","7,590.62","1.18B","0.37%"
"04/19/2022","7,601.28","7,616.38","7,624.90","7,565.81","846.78M","-0.20%"
"04/14/2022","7,616.38","7,580.80","7,622.41","7,551.39","1.01B","0.47%"
"04/13/2022","7,580.80","7,576.66","7,597.85","7,550.94","742.67M","0.05%"
"04/12/2022","7,576.66","7,618.31","7,618.31","7,543.03","772.40M","-0.55%"
"04/11/2022","7,618.31","7,669.56","7,669.56","7,611.68","751.36M","-0.67%"
"04/08/2022","7,669.56","7,551.81","7,669.56","7,551.81","919.25M","1.56%"
"04/07/2022","7,551.81","7,587.70","7,601.52","7,537.25","1.15B","-0.47%"
"04/06/2022","7,587.70","7,613.72","7,614.13","7,536.20","1.10B","-0.34%"
"04/05/2022","7,613.72","7,558.92","7,613.72","7,536.21","1.21B","0.72%"
"04/04/2022","7,558.92","7,537.90","7,574.33","7,532.23","837.40M","0.28%"
"04/01/2022","7,537.90","7,515.68","7,552.46","7,508.92","811.32M","0.30%"
"03/31/2022","7,515.68","7,578.75","7,595.42","7,515.68","925.36M","-0.83%"
"03/30/2022","7,578.75","7,537.25","7,578.75","7,523.82","996.86M","0.55%"
"03/29/2022","7,537.25","7,473.14","7,584.11","7,473.14","1.17B","0.86%"
"03/28/2022","7,473.14","7,483.35","7,539.30","7,471.47","763.98M","-0.14%"
"03/25/2022","7,483.35","7,467.38","7,502.67","7,441.28","866.85M","0.21%"
"03/24/2022","7,467.38","7,460.63","7,492.00","7,453.25","701.68M","0.09%"
"03/23/2022","7,460.63","7,476.72","7,521.14","7,459.36","857.90M","-0.22%"
"03/22/2022","7,476.72","7,442.39","7,490.46","7,442.39","1.03B","0.46%"
"03/21/2022","7,442.39","7,404.73","7,464.95","7,402.60","798.50M","0.51%"
"03/18/2022","7,404.73","7,385.34","7,406.13","7,318.90","2.27B","0.26%"
"03/17/2022","7,385.34","7,291.68","7,385.34","7,260.51","1.09B","1.28%"
"03/16/2022","7,291.68","7,175.70","7,312.23","7,175.70","1.91B","1.62%"
"03/15/2022","7,175.70","7,193.47","7,193.47","7,075.82","870.28M","-0.25%"
"03/14/2022","7,193.47","7,155.64","7,222.87","7,143.95","915.52M","0.53%"
"03/11/2022","7,155.64","7,099.09","7,260.40","7,099.03","973.20M","0.80%"
"03/10/2022","7,099.09","7,190.72","7,192.75","7,065.96","1.14B","-1.27%"
"03/09/2022","7,190.72","6,964.11","7,190.72","6,964.11","1.24B","3.25%"
"03/08/2022","6,964.11","6,959.48","7,013.51","6,893.55","1.44B","0.07%"
"03/07/2022","6,959.48","6,987.14","7,030.74","6,787.98","2.11B","-0.40%"
"03/04/2022","6,987.14","7,238.85","7,238.85","6,980.86","1.56B","-3.48%"
"03/03/2022","7,238.85","7,429.56","7,468.83","7,231.51","1.23B","-2.57%"
"03/02/2022","7,429.56","7,330.20","7,462.22","7,320.77","1.33B","1.36%"
"03/01/2022","7,330.20","7,458.25","7,499.33","7,327.79","1.34B","-1.72%"
"02/28/2022","7,458.25","7,489.46","7,489.46","7,361.59","1.58B","-0.42%"
"02/25/2022","7,489.46","7,207.38","7,497.94","7,207.38","1.37B","3.91%"
"02/24/2022","7,207.38","7,498.18","7,498.18","7,204.74","1.95B","-3.88%"
"02/23/2022","7,498.18","7,494.21","7,549.98","7,490.54","862.65M","0.05%"
"02/22/2022","7,494.21","7,484.33","7,531.32","7,365.04","1.02B","0.13%"
"02/21/2022","7,484.33","7,513.62","7,571.07","7,446.43","622.64M","-0.39%"
"02/18/2022","7,513.62","7,537.37","7,570.56","7,508.73","768.99M","-0.32%"
"02/17/2022","7,537.37","7,603.78","7,607.24","7,499.86","776.93M","-0.87%"
"02/16/2022","7,603.78","7,608.92","7,630.72","7,560.94","1.13B","-0.07%"
"02/15/2022","7,608.92","7,531.59","7,608.92","7,513.16","808.11M","1.03%"
"02/14/2022","7,531.59","7,661.02","7,661.02","7,483.36","925.23M","-1.69%"
"02/11/2022","7,661.02","7,672.40","7,672.40","7,596.11","909.14M","-0.15%"
"02/10/2022","7,672.40","7,643.42","7,687.27","7,622.74","831.34M","0.38%"
"02/09/2022","7,643.42","7,567.07","7,657.93","7,567.07","992.00M","1.01%"
"02/08/2022","7,567.07","7,573.47","7,631.31","7,548.19","804.06M","-0.08%"
"02/07/2022","7,573.47","7,516.40","7,591.65","7,508.48","1.07B","0.76%"
"02/04/2022","7,516.40","7,528.84","7,599.73","7,497.21","883.70M","-0.17%"
"02/03/2022","7,528.84","7,583.00","7,605.75","7,528.69","911.77M","-0.71%"
"02/02/2022","7,583.00","7,535.78","7,605.64","7,535.78","719.79M","0.63%"
"02/01/2022","7,535.78","7,464.37","7,549.29","7,463.01","746.04M","0.96%"
"01/31/2022","7,464.37","7,466.07","7,523.95","7,450.89","760.52M","-0.02%"
"01/28/2022","7,466.07","7,554.31","7,554.31","7,420.20","1.53B","-1.17%"
"01/27/2022","7,554.31","7,469.78","7,596.70","7,388.80","1.01B","1.13%"
"01/26/2022","7,469.78","7,371.46","7,525.58","7,371.46","783.18M","1.33%"
"01/25/2022","7,371.46","7,297.15","7,382.60","7,297.15","851.98M","1.02%"
"01/24/2022","7,297.15","7,494.13","7,494.13","7,283.38","1.29B","-2.63%"
"01/21/2022","7,494.13","7,585.01","7,585.01","7,450.49","818.94M","-1.20%"
"01/20/2022","7,585.01","7,589.66","7,619.01","7,549.87","777.76M","-0.06%"
"01/19/2022","7,589.66","7,563.55","7,614.93","7,525.15","864.60M","0.35%"
"01/18/2022","7,563.55","7,611.23","7,613.05","7,531.96","953.23M","-0.63%"
"01/17/2022","7,611.23","7,542.95","7,616.06","7,542.95","791.22M","0.91%"
"01/14/2022","7,542.95","7,563.85","7,568.16","7,523.02","790.08M","-0.28%"
"01/13/2022","7,563.85","7,551.72","7,566.46","7,530.12","776.33M","0.16%"
"01/12/2022","7,551.72","7,491.37","7,564.20","7,491.37","872.40M","0.81%"
"01/11/2022","7,491.37","7,445.25","7,497.12","7,445.25","725.79M","0.62%"
"01/10/2022","7,445.25","7,485.28","7,496.12","7,422.94","1.05B","-0.53%"
"01/07/2022","7,485.28","7,450.37","7,485.28","7,431.86","705.19M","0.47%"
"01/06/2022","7,450.37","7,516.87","7,516.87","7,419.95","843.73M","-0.88%"
"01/05/2022","7,516.87","7,505.15","7,529.97","7,484.28","707.51M","0.16%"
"01/04/2022","7,505.15","7,384.54","7,520.79","7,384.54","934.18M","1.63%"
"12/31/2021","7,384.54","7,403.01","7,403.01","7,357.10","179.34M","-0.25%"
"12/30/2021","7,403.01","7,420.69","7,433.39","7,403.01","266.40M","-0.24%"
"12/29/2021","7,420.69","7,372.10","7,457.14","7,372.10","445.97M","0.66%"
"12/24/2021","7,372.10","7,373.34","7,403.65","7,368.83","126.01M","-0.02%"
"12/23/2021","7,373.34","7,341.66","7,385.42","7,331.05","422.35M","0.43%"
"12/22/2021","7,341.66","7,297.41","7,341.66","7,273.45","514.77M","0.61%"
"12/21/2021","7,297.41","7,198.03","7,297.41","7,198.03","683.67M","1.38%"
"12/20/2021","7,198.03","7,269.92","7,269.92","7,101.04","925.05M","-0.99%"
"12/17/2021","7,269.92","7,260.61","7,286.50","7,236.17","1.40B","0.13%"
"12/16/2021","7,260.61","7,170.75","7,273.34","7,170.75","1.04B","1.25%"
"12/15/2021","7,170.75","7,218.64","7,224.85","7,166.83","720.99M","-0.66%"
"12/14/2021","7,218.64","7,231.44","7,284.47","7,218.64","662.21M","-0.18%"
"12/13/2021","7,231.44","7,291.78","7,309.23","7,226.63","1.17B","-0.83%"
"12/10/2021","7,291.78","7,321.26","7,331.58","7,284.82","533.84M","-0.40%"
"12/09/2021","7,321.26","7,337.05","7,366.10","7,302.96","615.19M","-0.22%"
"12/08/2021","7,337.05","7,339.90","7,378.92","7,333.56","775.60M","-0.04%"
"12/07/2021","7,339.90","7,232.28","7,344.69","7,232.28","783.61M","1.49%"
"12/06/2021","7,232.28","7,122.32","7,246.25","7,122.32","637.27M","1.54%"
"12/03/2021","7,122.32","7,129.21","7,196.05","7,105.29","867.11M","-0.10%"
"12/02/2021","7,129.21","7,168.68","7,168.68","7,083.21","723.06M","-0.55%"
"12/01/2021","7,168.68","7,059.45","7,182.01","7,059.35","776.70M","1.55%"
"11/30/2021","7,059.45","7,109.95","7,109.95","6,989.66","1.40B","-0.71%"
"11/29/2021","7,109.95","7,044.03","7,161.91","7,044.03","945.04M","0.94%"
"11/26/2021","7,044.03","7,310.37","7,310.37","7,042.12","1.66B","-3.64%"
"11/25/2021","7,310.37","7,286.32","7,311.94","7,286.32","472.10M","0.33%"
"11/24/2021","7,286.32","7,266.69","7,307.89","7,245.98","610.56M","0.27%"
"11/23/2021","7,266.69","7,255.46","7,293.07","7,204.37","624.61M","0.15%"
"11/22/2021","7,255.46","7,223.57","7,272.63","7,207.81","638.19M","0.44%"
"11/19/2021","7,223.57","7,255.96","7,289.51","7,198.76","1.14B","-0.45%"
"11/18/2021","7,255.96","7,291.20","7,291.26","7,241.99","582.17M","-0.48%"
"11/17/2021","7,291.20","7,326.97","7,326.97","7,289.98","974.73M","-0.49%"
"11/16/2021","7,326.97","7,351.86","7,368.25","7,324.13","798.26M","-0.34%"
"11/15/2021","7,351.86","7,347.91","7,363.48","7,324.11","603.83M","0.05%"
"11/12/2021","7,347.91","7,384.18","7,402.68","7,340.49","730.84M","-0.49%"
"11/11/2021","7,384.18","7,340.15","7,394.41","7,329.68","672.66M","0.60%"
"11/10/2021","7,340.15","7,274.04","7,340.15","7,270.11","864.17M","0.91%"
"11/09/2021","7,274.04","7,300.40","7,314.13","7,268.79","780.38M","-0.36%"
"11/08/2021","7,300.40","7,303.96","7,316.54","7,293.50","617.44M","-0.05%"
"11/05/2021","7,303.96","7,279.91","7,331.25","7,270.03","751.64M","0.33%"
"11/04/2021","7,279.91","7,248.89","7,292.96","7,247.59","983.13M","0.43%"
"11/03/2021","7,248.89","7,274.81","7,277.64","7,235.32","729.03M","-0.36%"
"11/02/2021","7,274.81","7,288.62","7,288.62","7,240.02","787.96M","-0.19%"
"11/01/2021","7,288.62","7,237.57","7,303.39","7,237.57","643.73M","0.71%"
"10/29/2021","7,237.57","7,249.47","7,249.47","7,192.05","874.75M","-0.16%"
"10/28/2021","7,249.47","7,253.27","7,257.85","7,219.71","676.36M","-0.05%"
"10/27/2021","7,253.27","7,277.62","7,280.45","7,247.25","606.50M","-0.33%"
"10/26/2021","7,277.62","7,222.82","7,281.17","7,222.82","670.41M","0.76%"
"10/25/2021","7,222.82","7,204.55","7,247.53","7,204.55","590.62M","0.25%"
"10/22/2021","7,204.55","7,190.30","7,235.19","7,190.30","482.74M","0.20%"
"10/21/2021","7,190.30","7,223.10","7,227.06","7,181.70","615.50M","-0.45%"
"10/20/2021","7,223.10","7,217.53","7,229.26","7,199.29","624.84M","0.08%"
"10/19/2021","7,217.53","7,203.83","7,223.29","7,189.50","677.32M","0.19%"
"10/18/2021","7,203.83","7,234.03","7,234.03","7,180.20","580.84M","-0.42%"
"10/15/2021","7,234.03","7,207.71","7,243.85","7,206.26","812.23M","0.37%"
"10/14/2021","7,207.71","7,141.82","7,216.15","7,141.82","785.96M","0.92%"
"10/13/2021","7,141.82","7,130.23","7,152.87","7,087.93","1.04B","0.16%"
"10/12/2021","7,130.23","7,146.85","7,146.85","7,063.43","815.61M","-0.23%"
"10/11/2021","7,146.85","7,095.55","7,146.85","7,085.85","709.51M","0.72%"
"10/08/2021","7,095.55","7,078.04","7,109.34","7,070.53","704.10M","0.25%"
"10/07/2021","7,078.04","6,995.87","7,094.93","6,995.87","709.62M","1.17%"
"10/06/2021","6,995.87","7,077.10","7,077.10","6,945.50","939.50M","-1.15%"
"10/05/2021","7,077.10","7,011.01","7,084.52","7,011.01","824.59M","0.94%"
"10/04/2021","7,011.01","7,027.07","7,072.48","7,002.72","792.85M","-0.23%"
"10/01/2021","7,027.07","7,086.42","7,086.42","6,989.64","815.42M","-0.84%"
"09/30/2021","7,086.42","7,108.16","7,159.61","7,072.57","867.45M","-0.31%"
"09/29/2021","7,108.16","7,028.10","7,117.52","7,026.85","810.52M","1.14%"
"09/28/2021","7,028.10","7,063.40","7,071.36","7,015.58","818.88M","-0.50%"
"09/27/2021","7,063.40","7,051.48","7,122.09","7,043.21","900.05M","0.17%"
"09/24/2021","7,051.48","7,078.35","7,080.23","7,041.34","817.65M","-0.38%"
"09/23/2021","7,078.35","7,083.37","7,131.43","7,070.68","731.21M","-0.07%"
"09/22/2021","7,083.37","6,980.98","7,090.48","6,980.98","623.00M","1.47%"
"09/21/2021","6,980.98","6,903.91","7,004.88","6,903.91","811.46M","1.12%"
"09/20/2021","6,903.91","6,963.64","6,963.64","6,828.28","905.91M","-0.86%"
"09/17/2021","6,963.64","7,027.48","7,092.69","6,941.69","1.63B","-0.91%"
"09/16/2021","7,027.48","7,016.49","7,058.99","7,016.32","667.61M","0.16%"
"09/15/2021","7,016.49","7,034.06","7,047.27","7,016.49","772.56M","-0.25%"
"09/14/2021","7,034.06","7,068.43","7,068.45","7,020.10","677.35M","-0.49%"
"09/13/2021","7,068.43","7,029.20","7,090.81","7,029.20","545.72M","0.56%"
"09/10/2021","7,029.20","7,024.21","7,055.22","7,014.42","492.66M","0.07%"
"09/09/2021","7,024.21","7,095.53","7,095.53","6,998.62","695.39M","-1.01%"
"09/08/2021","7,095.53","7,149.37","7,149.37","7,061.13","567.99M","-0.75%"
"09/07/2021","7,149.37","7,187.18","7,187.18","7,147.94","466.82M","-0.53%"
"09/06/2021","7,187.18","7,138.35","7,195.62","7,138.35","300.46M","0.68%"
"09/03/2021","7,138.35","7,163.90","7,182.23","7,123.87","499.09M","-0.36%"
"09/02/2021","7,163.90","7,149.84","7,168.78","7,129.71","536.01M","0.20%"
"09/01/2021","7,149.84","7,119.70","7,187.34","7,119.70","522.90M","0.42%"
"08/31/2021","7,119.70","7,148.01","7,160.49","7,092.03","1.00B","-0.40%"
"08/27/2021","7,148.01","7,124.98","7,157.60","7,108.53","425.08M","0.32%"
"08/26/2021","7,124.98","7,150.12","7,150.12","7,095.43","391.71M","-0.35%"
"08/25/2021","7,150.12","7,125.78","7,151.75","7,121.29","510.48M","0.34%"
"08/24/2021","7,125.78","7,109.02","7,129.66","7,076.06","582.75M","0.24%"
"08/23/2021","7,109.02","7,087.90","7,147.80","7,087.90","493.20M","0.30%"
"08/20/2021","7,087.90","7,058.86","7,095.61","7,032.45","549.55M","0.41%"
"08/19/2021","7,058.86","7,169.32","7,169.32","6,993.06","602.76M","-1.54%"
"08/18/2021","7,169.32","7,181.11","7,198.79","7,143.55","792.00M","-0.16%"
"08/17/2021","7,181.11","7,153.98","7,188.55","7,118.67","573.60M","0.38%"
"08/16/2021","7,153.98","7,218.71","7,218.71","7,117.78","522.26M","-0.90%"
"08/13/2021","7,218.71","7,193.23","7,224.46","7,193.13","501.18M","0.35%"
"08/12/2021","7,193.23","7,220.14","7,220.70","7,182.92","574.94M","-0.37%"
"08/11/2021","7,220.14","7,161.04","7,220.14","7,157.74","536.44M","0.83%"
"08/10/2021","7,161.04","7,132.30","7,166.67","7,115.87","559.14M","0.40%"
"08/09/2021","7,132.30","7,122.95","7,138.80","7,089.74","525.14M","0.13%"
"08/06/2021","7,122.95","7,120.43","7,135.39","7,103.71","677.36M","0.04%"
"08/05/2021","7,120.43","7,123.86","7,130.35","7,099.03","814.80M","-0.05%"
"08/04/2021","7,123.86","7,105.72","7,142.54","7,105.72","618.71M","0.26%"
"08/03/2021","7,105.72","7,081.72","7,119.19","7,074.32","613.95M","0.34%"
"08/02/2021","7,081.72","7,032.30","7,111.66","7,032.30","519.68M","0.70%"
"07/30/2021","7,032.30","7,078.42","7,078.42","6,996.93","674.95M","-0.65%"
"07/29/2021","7,078.42","7,016.63","7,093.93","7,008.65","789.49M","0.88%"
"07/28/2021","7,016.63","6,996.08","7,023.35","6,974.80","595.32M","0.29%"
"07/27/2021","6,996.08","7,025.43","7,028.37","6,929.64","515.48M","-0.42%"
"07/26/2021","7,025.43","7,027.58","7,038.65","6,980.67","524.70M","-0.03%"
"07/23/2021","7,027.58","6,968.30","7,033.27","6,968.30","461.68M","0.85%"
"07/22/2021","6,968.30","6,998.28","7,018.95","6,956.24","497.51M","-0.43%"
"07/21/2021","6,998.28","6,881.13","7,007.75","6,881.13","784.90M","1.70%"
"07/20/2021","6,881.13","6,844.39","6,929.89","6,827.26","941.99M","0.54%"
"07/19/2021","6,844.39","7,008.09","7,008.09","6,813.03","817.24M","-2.34%"
"07/16/2021","7,008.09","7,012.02","7,056.73","6,978.06","617.56M","-0.06%"
"07/15/2021","7,012.02","7,091.19","7,111.77","7,005.02","612.97M","-1.12%"
"07/14/2021","7,091.19","7,124.72","7,124.72","7,073.59","565.38M","-0.47%"
"07/13/2021","7,124.72","7,125.42","7,152.44","7,116.26","613.84M","-0.01%"
"07/12/2021","7,125.42","7,121.88","7,134.87","7,066.20","484.70M","0.05%"
"07/09/2021","7,121.88","7,030.66","7,121.88","7,030.22","577.54M","1.30%"
"07/08/2021","7,030.66","7,151.02","7,151.02","6,981.57","741.08M","-1.68%"
"07/07/2021","7,151.02","7,100.88","7,153.68","7,100.88","573.30M","0.71%"
"07/06/2021","7,100.88","7,164.91","7,170.60","7,075.73","635.76M","-0.89%"
"07/05/2021","7,164.91","7,123.27","7,168.03","7,111.51","384.45M","0.58%"
"07/02/2021","7,123.27","7,125.16","7,162.16","7,110.30","494.81M","-0.03%"
"07/01/2021","7,125.16","7,037.47","7,134.21","7,037.47","631.27M","1.25%"
"06/30/2021","7,037.47","7,087.55","7,100.71","7,010.57","659.20M","-0.71%"
"06/29/2021","7,087.55","7,072.97","7,120.77","7,071.86","516.41M","0.21%"
"06/28/2021","7,072.97","7,136.07","7,136.22","7,071.95","682.53M","-0.88%"
"06/25/2021","7,136.07","7,109.97","7,139.08","7,109.79","609.04M","0.37%"
"06/24/2021","7,109.97","7,074.06","7,119.41","7,070.90","726.33M","0.51%"
"06/23/2021","7,074.06","7,090.01","7,129.40","7,074.06","567.37M","-0.22%"
"06/22/2021","7,090.01","7,062.29","7,098.67","7,061.13","522.52M","0.39%"
"06/21/2021","7,062.29","7,017.47","7,065.05","6,948.63","820.50M","0.64%"
"06/18/2021","7,017.47","7,153.43","7,154.63","7,008.74","1.56B","-1.90%"
"06/17/2021","7,153.43","7,184.95","7,184.95","7,132.96","724.68M","-0.44%"
"06/16/2021","7,184.95","7,172.48","7,217.54","7,169.21","722.08M","0.17%"
"06/15/2021","7,172.48","7,146.68","7,189.63","7,142.71","778.54M","0.36%"
"06/14/2021","7,146.68","7,134.06","7,188.26","7,131.79","551.24M","0.18%"
"06/11/2021","7,134.06","7,088.18","7,140.70","7,088.18","509.04M","0.65%"
"06/10/2021","7,088.18","7,081.01","7,117.74","7,080.02","574.89M","0.10%"
"06/09/2021","7,081.01","7,095.09","7,095.72","7,046.02","575.13M","-0.20%"
"06/08/2021","7,095.09","7,077.22","7,120.73","7,074.94","549.99M","0.25%"
"06/07/2021","7,077.22","7,069.04","7,098.31","7,042.19","963.10M","0.12%"
"06/04/2021","7,069.04","7,064.35","7,071.81","7,039.74","425.22M","0.07%"
"06/03/2021","7,064.35","7,108.00","7,108.04","7,013.85","617.18M","-0.61%"
"06/02/2021","7,108.00","7,080.46","7,122.54","7,074.06","570.34M","0.39%"
"06/01/2021","7,080.46","7,022.61","7,118.03","7,022.61","726.70M","0.82%"
"05/28/2021","7,022.61","7,019.67","7,054.91","7,019.58","786.61M","0.04%"
"05/27/2021","7,019.67","7,026.93","7,044.01","7,008.53","1.42B","-0.10%"
"05/26/2021","7,026.93","7,029.79","7,050.88","6,998.19","619.32M","-0.04%"
"05/25/2021","7,029.79","7,051.59","7,067.60","7,029.79","619.37M","-0.31%"
"05/24/2021","7,051.59","7,018.05","7,054.63","7,013.51","422.93M","0.48%"
"05/21/2021","7,018.05","7,019.79","7,028.17","6,973.31","803.61M","-0.02%"
"05/20/2021","7,019.79","6,950.20","7,019.79","6,926.85","626.00M","1.00%"
"05/19/2021","6,950.20","7,034.24","7,034.24","6,897.06","729.25M","-1.19%"
"05/18/2021","7,034.24","7,032.85","7,102.57","7,030.37","736.33M","0.02%"
"05/17/2021","7,032.85","7,043.61","7,066.76","6,989.11","582.73M","-0.15%"
"05/14/2021","7,043.61","6,963.33","7,048.67","6,963.33","845.95M","1.15%"
"05/13/2021","6,963.33","7,004.63","7,004.63","6,823.60","660.81M","-0.59%"
"05/12/2021","7,004.63","6,947.99","7,028.10","6,945.33","743.55M","0.82%"
"05/11/2021","6,947.99","7,123.68","7,123.68","6,912.36","931.23M","-2.47%"
"05/10/2021","7,123.68","7,129.71","7,164.18","7,104.40","742.07M","-0.08%"
"05/07/2021","7,129.71","7,076.17","7,143.46","7,076.17","624.30M","0.76%"
"05/06/2021","7,076.17","7,039.30","7,076.17","7,026.75","764.40M","0.52%"
"05/05/2021","7,039.30","6,923.17","7,047.75","6,923.17","734.98M","1.68%"
"05/04/2021","6,923.17","6,969.81","7,034.26","6,912.28","911.98M","-0.67%"
"04/30/2021","6,969.81","6,961.48","7,009.47","6,946.04","831.63M","0.12%"
"04/29/2021","6,961.48","6,963.67","7,019.76","6,953.87","657.93M","-0.03%"
"04/28/2021","6,963.67","6,944.97","6,986.70","6,944.06","990.23M","0.27%"
"04/27/2021","6,944.97","6,963.12","6,975.07","6,929.77","657.41M","-0.26%"
"04/26/2021","6,963.12","6,938.56","6,971.52","6,913.39","511.63M","0.35%"
"04/23/2021","6,938.56","6,938.24","6,938.56","6,891.75","535.29M","0.00%"
"04/22/2021","6,938.24","6,895.29","6,941.11","6,889.32","647.00M","0.62%"
"04/21/2021","6,895.29","6,859.87","6,914.88","6,859.61","659.74M","0.52%"
"04/20/2021","6,859.87","7,000.08","7,001.27","6,857.07","825.25M","-2.00%"
"04/19/2021","7,000.08","7,019.53","7,040.26","6,979.23","529.71M","-0.28%"
"04/16/2021","7,019.53","6,983.50","7,037.65","6,983.50","742.51M","0.52%"
"04/15/2021","6,983.50","6,939.58","6,994.90","6,939.26","651.28M","0.63%"
"04/14/2021","6,939.58","6,890.49","6,942.33","6,880.67","596.77M","0.71%"
"04/13/2021","6,890.49","6,889.12","6,895.13","6,859.72","572.41M","0.02%"
"04/12/2021","6,889.12","6,915.75","6,916.08","6,853.75","639.36M","-0.39%"
"04/09/2021","6,915.75","6,942.22","6,949.56","6,906.37","615.05M","-0.38%"
"04/08/2021","6,942.22","6,885.32","6,942.22","6,884.79","788.61M","0.83%"
"04/07/2021","6,885.32","6,823.55","6,898.38","6,823.55","708.27M","0.91%"
"04/06/2021","6,823.55","6,737.30","6,843.73","6,737.30","773.87M","1.28%"
"04/01/2021","6,737.30","6,713.63","6,766.52","6,713.63","592.33M","0.35%"
"03/31/2021","6,713.63","6,772.12","6,775.67","6,713.63","854.82M","-0.86%"
"03/30/2021","6,772.12","6,736.17","6,792.23","6,729.46","664.39M","0.53%"
"03/29/2021","6,736.17","6,740.59","6,758.78","6,705.42","624.49M","-0.07%"
"03/26/2021","6,740.59","6,674.83","6,742.14","6,674.83","742.30M","0.99%"
"03/25/2021","6,674.83","6,712.89","6,729.92","6,618.61","768.54M","-0.57%"
"03/24/2021","6,712.89","6,699.19","6,722.61","6,649.37","928.13M","0.20%"
"03/23/2021","6,699.19","6,726.10","6,726.10","6,664.76","860.30M","-0.40%"
"03/22/2021","6,726.10","6,708.71","6,732.67","6,650.96","752.39M","0.26%"
"03/19/2021","6,708.71","6,779.68","6,779.68","6,664.56","1.82B","-1.05%"
"03/18/2021","6,779.68","6,762.67","6,791.76","6,740.53","825.20M","0.25%"
"03/17/2021","6,762.67","6,803.61","6,805.73","6,753.82","834.82M","-0.60%"
"03/16/2021","6,803.61","6,749.70","6,812.78","6,749.64","849.48M","0.80%"
"03/15/2021","6,749.70","6,761.47","6,804.91","6,723.67","670.77M","-0.17%"
"03/12/2021","6,761.47","6,736.96","6,766.44","6,709.00","706.13M","0.36%"
"03/11/2021","6,736.96","6,725.60","6,755.32","6,699.34","714.71M","0.17%"
"03/10/2021","6,725.60","6,730.34","6,740.77","6,677.02","725.80M","-0.07%"
"03/09/2021","6,730.34","6,719.13","6,786.80","6,689.90","952.95M","0.17%"
"03/08/2021","6,719.13","6,630.52","6,726.40","6,612.74","972.76M","1.34%"
"03/05/2021","6,630.52","6,650.88","6,710.80","6,560.79","1.03B","-0.31%"
"03/04/2021","6,650.88","6,675.47","6,675.47","6,581.19","938.81M","-0.37%"
"03/03/2021","6,675.47","6,613.75","6,705.30","6,613.75","937.33M","0.93%"
"03/02/2021","6,613.75","6,588.53","6,660.82","6,560.91","682.61M","0.38%"
"03/01/2021","6,588.53","6,483.43","6,612.74","6,483.43","708.30M","1.62%"
"02/26/2021","6,483.43","6,651.96","6,651.96","6,465.57","1.28B","-2.53%"
"02/25/2021","6,651.96","6,658.97","6,702.88","6,644.68","852.47M","-0.11%"
"02/24/2021","6,658.97","6,625.94","6,669.86","6,572.28","1.14B","0.50%"
"02/23/2021","6,625.94","6,612.24","6,675.42","6,555.88","1.15B","0.21%"
"02/22/2021","6,612.24","6,624.02","6,624.71","6,545.93","846.35M","-0.18%"
"02/19/2021","6,624.02","6,617.15","6,646.16","6,600.59","963.92M","0.10%"
"02/18/2021","6,617.15","6,710.90","6,721.76","6,591.43","846.71M","-1.40%"
"02/17/2021","6,710.90","6,748.86","6,760.29","6,701.59","755.36M","-0.56%"
"02/16/2021","6,748.86","6,756.11","6,799.92","6,736.85","817.27M","-0.11%"
"02/15/2021","6,756.11","6,589.79","6,775.37","6,589.79","817.31M","2.52%"
"02/12/2021","6,589.79","6,528.72","6,589.79","6,485.13","490.54M","0.94%"
"02/11/2021","6,528.72","6,524.36","6,554.15","6,514.92","673.19M","0.07%"
"02/10/2021","6,524.36","6,531.56","6,577.00","6,481.02","782.04M","-0.11%"
"02/09/2021","6,531.56","6,523.53","6,540.97","6,501.02","544.65M","0.12%"
"02/08/2021","6,523.53","6,489.33","6,567.70","6,489.33","776.32M","0.53%"
"02/05/2021","6,489.33","6,503.72","6,518.65","6,457.60","984.40M","-0.22%"
"02/04/2021","6,503.72","6,507.82","6,553.37","6,478.15","989.92M","-0.06%"
"02/03/2021","6,507.82","6,516.65","6,573.10","6,489.51","717.52M","-0.14%"
"02/02/2021","6,516.65","6,466.42","6,523.51","6,466.42","719.05M","0.78%"
"02/01/2021","6,466.42","6,407.46","6,495.56","6,407.46","746.04M","0.92%"
"01/29/2021","6,407.46","6,526.15","6,526.15","6,397.24","870.67M","-1.82%"
"01/28/2021","6,526.15","6,567.37","6,567.37","6,439.55","865.83M","-0.63%"
"01/27/2021","6,567.37","6,654.01","6,661.31","6,505.84","982.45M","-1.30%"
"01/26/2021","6,654.01","6,638.85","6,702.35","6,636.34","683.49M","0.23%"
"01/25/2021","6,638.85","6,695.07","6,714.61","6,610.26","761.26M","-0.84%"
"01/22/2021","6,695.07","6,715.42","6,715.66","6,651.71","693.96M","-0.30%"
"01/21/2021","6,715.42","6,740.39","6,776.92","6,715.42","612.55M","-0.37%"
"01/20/2021","6,740.39","6,712.95","6,751.81","6,697.46","687.50M","0.41%"
"01/19/2021","6,712.95","6,720.65","6,770.66","6,697.67","618.15M","-0.11%"
"01/18/2021","6,720.65","6,735.71","6,741.47","6,709.33","359.83M","-0.22%"
"01/15/2021","6,735.71","6,801.96","6,802.05","6,676.55","740.67M","-0.97%"
"01/14/2021","6,801.96","6,745.52","6,801.96","6,736.78","674.89M","0.84%"
"01/13/2021","6,745.52","6,754.11","6,772.57","6,736.01","619.31M","-0.13%"
"01/12/2021","6,754.11","6,798.48","6,816.65","6,738.21","648.16M","-0.65%"
"01/11/2021","6,798.48","6,873.26","6,873.26","6,768.72","707.80M","-1.09%"
"01/08/2021","6,873.26","6,856.96","6,886.34","6,836.08","850.78M","0.24%"
"01/07/2021","6,856.96","6,841.86","6,903.61","6,795.11","939.65M","0.22%"
"01/06/2021","6,841.86","6,612.25","6,859.14","6,611.87","1.25B","3.47%"
"01/05/2021","6,612.25","6,571.88","6,622.77","6,544.25","718.95M","0.61%"
"01/04/2021","6,571.88","6,460.52","6,662.66","6,460.52","957.24M","1.72%"
"12/31/2020","6,460.52","6,555.82","6,555.82","6,439.41","316.94M","-1.45%"
"12/30/2020","6,555.82","6,602.65","6,622.98","6,552.46","425.49M","-0.71%"
"12/29/2020","6,602.65","6,502.11","6,676.60","6,502.11","823.98M","1.55%"
"12/24/2020","6,502.11","6,495.75","6,530.28","6,479.59","477.47M","0.10%"
"12/23/2020","6,495.75","6,453.16","6,497.28","6,431.21","781.64M","0.66%"
"12/22/2020","6,453.16","6,416.32","6,457.47","6,382.61","613.67M","0.57%"
"12/21/2020","6,416.32","6,529.18","6,529.18","6,315.34","1.11B","-1.73%"
"12/18/2020","6,529.18","6,551.06","6,604.54","6,518.25","1.20B","-0.33%"
"12/17/2020","6,551.06","6,570.91","6,601.63","6,551.06","725.53M","-0.30%"
"12/16/2020","6,570.91","6,513.32","6,598.42","6,513.32","860.33M","0.88%"
"12/15/2020","6,513.32","6,531.83","6,558.24","6,484.04","737.40M","-0.28%"
"12/14/2020","6,531.83","6,546.75","6,583.70","6,524.70","870.27M","-0.23%"
"12/11/2020","6,546.75","6,599.76","6,607.44","6,520.54","1.07B","-0.80%"
"12/10/2020","6,599.76","6,564.29","6,640.74","6,561.11","1.11B","0.54%"
"12/09/2020","6,564.29","6,558.82","6,623.03","6,558.82","769.12M","0.08%"
"12/08/2020","6,558.82","6,555.39","6,567.59","6,518.37","757.85M","0.05%"
"12/07/2020","6,555.39","6,550.23","6,601.11","6,519.82","1.05B","0.08%"
"12/04/2020","6,550.23","6,490.27","6,559.18","6,489.75","1.07B","0.92%"
"12/03/2020","6,490.27","6,463.39","6,491.49","6,430.27","943.21M","0.42%"
"12/02/2020","6,463.39","6,384.73","6,468.64","6,367.51","936.84M","1.23%"
"12/01/2020","6,384.73","6,266.19","6,400.24","6,263.60","839.85M","1.89%"
"11/30/2020","6,266.19","6,367.58","6,404.02","6,266.19","1.36B","-1.59%"
"11/27/2020","6,367.58","6,362.93","6,375.91","6,302.22","1.44B","0.07%"
"11/26/2020","6,362.93","6,391.09","6,412.65","6,349.53","735.75M","-0.44%"
"11/25/2020","6,391.09","6,432.17","6,468.73","6,375.25","1.13B","-0.64%"
"11/24/2020","6,432.17","6,333.84","6,432.42","6,333.72","1.30B","1.55%"
"11/23/2020","6,333.84","6,351.45","6,392.08","6,325.24","943.54M","-0.28%"
"11/20/2020","6,351.45","6,334.35","6,386.70","6,324.60","821.11M","0.27%"
"11/19/2020","6,334.35","6,385.24","6,385.24","6,314.26","919.87M","-0.80%"
"11/18/2020","6,385.24","6,365.33","6,395.91","6,326.74","979.74M","0.31%"
"11/17/2020","6,365.33","6,421.29","6,424.53","6,308.99","1.23B","-0.87%"
"11/16/2020","6,421.29","6,316.39","6,463.51","6,316.39","1.29B","1.66%"
"11/13/2020","6,316.39","6,338.94","6,338.97","6,280.40","960.71M","-0.36%"
"11/12/2020","6,338.94","6,382.10","6,382.10","6,295.79","1.01B","-0.68%"
"11/11/2020","6,382.10","6,296.85","6,397.28","6,293.21","1.28B","1.35%"
"11/10/2020","6,296.85","6,186.29","6,307.00","6,180.47","1.71B","1.79%"
"11/09/2020","6,186.29","5,910.02","6,258.31","5,910.02","2.07B","4.67%"
"11/06/2020","5,910.02","5,906.18","5,950.22","5,858.48","848.48M","0.07%"
"11/05/2020","5,906.18","5,883.26","5,933.05","5,881.87","900.00M","0.39%"
"11/04/2020","5,883.26","5,786.77","5,885.67","5,711.21","781.52M","1.67%"
"11/03/2020","5,786.77","5,654.97","5,787.61","5,654.97","803.79M","2.33%"
"11/02/2020","5,654.97","5,577.27","5,665.30","5,554.73","755.07M","1.39%"
"10/30/2020","5,577.27","5,581.75","5,593.40","5,534.08","823.61M","-0.08%"
"10/29/2020","5,581.75","5,582.80","5,616.58","5,534.66","964.96M","-0.02%"
"10/28/2020","5,582.80","5,728.99","5,728.99","5,525.52","1.11B","-2.55%"
"10/27/2020","5,728.99","5,792.01","5,806.23","5,728.18","756.73M","-1.09%"
"10/26/2020","5,792.01","5,860.28","5,868.36","5,782.37","870.05M","-1.16%"
"10/23/2020","5,860.28","5,785.65","5,885.38","5,781.78","852.80M","1.29%"
"10/22/2020","5,785.65","5,776.50","5,796.44","5,716.40","664.92M","0.16%"
"10/21/2020","5,776.50","5,889.22","5,903.38","5,769.62","632.35M","-1.91%"
"10/20/2020","5,889.22","5,884.65","5,915.47","5,861.81","576.52M","0.08%"
"10/19/2020","5,884.65","5,919.58","5,959.67","5,871.95","522.72M","-0.59%"
"10/16/2020","5,919.58","5,832.52","5,933.81","5,832.52","669.81M","1.49%"
"10/15/2020","5,832.52","5,935.06","5,935.06","5,786.20","665.02M","-1.73%"
"10/14/2020","5,935.06","5,969.71","6,009.81","5,926.49","612.91M","-0.58%"
"10/13/2020","5,969.71","6,001.38","6,008.04","5,949.97","786.88M","-0.53%"
"10/12/2020","6,001.38","6,016.65","6,037.08","5,995.11","600.96M","-0.25%"
"10/09/2020","6,016.65","5,978.03","6,040.47","5,978.03","676.78M","0.65%"
"10/08/2020","5,978.03","5,946.25","6,004.15","5,929.41","741.67M","0.53%"
"10/07/2020","5,946.25","5,949.94","5,977.15","5,929.16","761.63M","-0.06%"
"10/06/2020","5,949.94","5,942.94","5,971.48","5,903.40","911.38M","0.12%"
"10/05/2020","5,942.94","5,902.12","5,974.22","5,902.12","637.08M","0.69%"
"10/02/2020","5,902.12","5,879.45","5,902.12","5,809.61","701.24M","0.39%"
"10/01/2020","5,879.45","5,866.10","5,925.77","5,849.82","729.25M","0.23%"
"09/30/2020","5,866.10","5,897.50","5,931.37","5,854.46","831.98M","-0.53%"
"09/29/2020","5,897.50","5,927.93","5,927.93","5,862.93","677.62M","-0.51%"
"09/28/2020","5,927.93","5,842.67","5,954.42","5,842.67","915.07M","1.46%"
"09/25/2020","5,842.67","5,822.78","5,843.72","5,771.49","742.75M","0.34%"
"09/24/2020","5,822.78","5,899.26","5,899.26","5,805.28","707.13M","-1.30%"
"09/23/2020","5,899.26","5,829.46","5,974.88","5,829.46","745.61M","1.20%"
"09/22/2020","5,829.46","5,804.29","5,871.28","5,794.54","793.99M","0.43%"
"09/21/2020","5,804.29","6,007.05","6,007.05","5,779.24","989.72M","-3.38%"
"09/18/2020","6,007.05","6,049.92","6,055.24","6,006.28","1.61B","-0.71%"
"09/17/2020","6,049.92","6,078.48","6,078.48","5,998.69","614.99M","-0.47%"
"09/16/2020","6,078.48","6,105.54","6,119.24","6,057.63","712.22M","-0.44%"
"09/15/2020","6,105.54","6,026.25","6,123.69","6,026.17","682.66M","1.32%"
"09/14/2020","6,026.25","6,032.09","6,080.02","6,011.83","599.03M","-0.10%"
"09/11/2020","6,032.09","6,003.32","6,057.69","5,992.93","532.21M","0.48%"
"09/10/2020","6,003.32","6,012.84","6,028.76","5,950.62","602.95M","-0.16%"
"09/09/2020","6,012.84","5,930.30","6,031.25","5,923.43","670.41M","1.39%"
"09/08/2020","5,930.30","5,937.40","5,985.26","5,868.87","740.82M","-0.12%"
"09/07/2020","5,937.40","5,799.08","5,946.93","5,798.47","542.56M","2.39%"
"09/04/2020","5,799.08","5,850.86","5,904.16","5,778.40","672.21M","-0.88%"
"09/03/2020","5,850.86","5,940.95","5,996.24","5,838.02","698.95M","-1.52%"
"09/02/2020","5,940.95","5,862.05","5,974.70","5,862.05","670.60M","1.35%"
"09/01/2020","5,862.05","5,963.57","5,972.52","5,824.04","1.04B","-1.70%"
"08/28/2020","5,963.57","5,999.99","6,033.04","5,962.46","917.31M","-0.61%"
"08/27/2020","5,999.99","6,045.60","6,062.52","5,999.99","496.43M","-0.75%"
"08/26/2020","6,045.60","6,037.01","6,050.81","5,992.22","405.66M","0.14%"
"08/25/2020","6,037.01","6,104.73","6,173.48","6,032.10","538.99M","-1.11%"
"08/24/2020","6,104.73","6,001.89","6,119.80","6,001.89","452.72M","1.71%"
"08/21/2020","6,001.89","6,013.34","6,036.51","5,948.80","545.21M","-0.19%"
"08/20/2020","6,013.34","6,111.98","6,111.98","6,009.61","505.17M","-1.61%"
"08/19/2020","6,111.98","6,076.62","6,114.83","6,045.00","425.04M","0.58%"
"08/18/2020","6,076.62","6,127.44","6,162.66","6,062.58","502.24M","-0.83%"
"08/17/2020","6,127.44","6,090.04","6,140.19","6,061.46","499.81M","0.61%"
"08/14/2020","6,090.04","6,185.62","6,185.62","6,036.13","513.44M","-1.55%"
"08/13/2020","6,185.62","6,280.12","6,280.12","6,185.62","515.77M","-1.50%"
"08/12/2020","6,280.12","6,154.34","6,297.20","6,151.64","680.85M","2.04%"
"08/11/2020","6,154.34","6,050.59","6,206.00","6,050.59","758.79M","1.71%"
"08/10/2020","6,050.59","6,032.18","6,099.48","6,028.49","558.06M","0.31%"
"08/07/2020","6,032.18","6,026.94","6,046.02","5,996.73","540.97M","0.09%"
"08/06/2020","6,026.94","6,104.72","6,104.72","5,980.44","629.09M","-1.27%"
"08/05/2020","6,104.72","6,036.00","6,111.50","6,036.00","715.56M","1.14%"
"08/04/2020","6,036.00","6,032.85","6,056.47","5,986.77","766.67M","0.05%"
"08/03/2020","6,032.85","5,897.76","6,038.76","5,857.06","948.54M","2.29%"
"07/31/2020","5,897.76","5,989.99","6,046.33","5,897.76","1.01B","-1.54%"
"07/30/2020","5,989.99","6,131.46","6,145.83","5,924.70","1.23B","-2.31%"
"07/29/2020","6,131.46","6,129.26","6,155.06","6,116.72","718.09M","0.04%"
"07/28/2020","6,129.26","6,104.88","6,149.86","6,083.65","612.57M","0.40%"
"07/27/2020","6,104.88","6,123.82","6,127.62","6,086.64","704.38M","-0.31%"
"07/24/2020","6,123.82","6,211.44","6,211.44","6,099.06","679.82M","-1.41%"
"07/23/2020","6,211.44","6,207.10","6,273.63","6,202.90","605.74M","0.07%"
"07/22/2020","6,207.10","6,269.73","6,270.96","6,197.45","745.24M","-1.00%"
"07/21/2020","6,269.73","6,261.52","6,315.68","6,253.90","753.53M","0.13%"
"07/20/2020","6,261.52","6,290.30","6,297.64","6,222.15","494.26M","-0.46%"
"07/17/2020","6,290.30","6,250.69","6,293.68","6,230.01","687.10M","0.63%"
"07/16/2020","6,250.69","6,292.65","6,296.78","6,227.33","521.66M","-0.67%"
"07/15/2020","6,292.65","6,179.75","6,323.55","6,179.75","747.30M","1.83%"
"07/14/2020","6,179.75","6,176.19","6,179.75","6,093.23","717.55M","0.06%"
"07/13/2020","6,176.19","6,095.41","6,187.33","6,095.41","603.07M","1.33%"
"07/10/2020","6,095.41","6,049.62","6,108.20","6,003.19","684.87M","0.76%"
"07/09/2020","6,049.62","6,156.16","6,176.84","6,040.26","670.97M","-1.73%"
"07/08/2020","6,156.16","6,189.90","6,208.43","6,144.52","625.80M","-0.55%"
"07/07/2020","6,189.90","6,285.94","6,285.94","6,179.97","600.36M","-1.53%"
"07/06/2020","6,285.94","6,157.30","6,304.19","6,157.30","696.67M","2.09%"
"07/03/2020","6,157.30","6,240.36","6,262.71","6,137.09","504.57M","-1.33%"
"07/02/2020","6,240.36","6,157.96","6,258.60","6,157.96","806.19M","1.34%"
"07/01/2020","6,157.96","6,169.74","6,201.95","6,084.48","724.50M","-0.19%"
"06/30/2020","6,169.74","6,225.77","6,237.51","6,146.98","827.28M","-0.90%"
"06/29/2020","6,225.77","6,159.30","6,251.96","6,122.95","720.43M","1.08%"
"06/26/2020","6,159.30","6,147.14","6,262.13","6,147.14","698.91M","0.20%"
"06/25/2020","6,147.14","6,123.69","6,162.44","6,029.25","770.24M","0.38%"
"06/24/2020","6,123.69","6,320.12","6,320.12","6,123.69","768.66M","-3.11%"
"06/23/2020","6,320.12","6,244.62","6,342.19","6,244.62","685.33M","1.21%"
"06/22/2020","6,244.62","6,292.60","6,309.04","6,225.53","793.21M","-0.76%"
"06/19/2020","6,292.60","6,224.07","6,319.81","6,224.07","1.68B","1.10%"
"06/18/2020","6,224.07","6,253.25","6,284.96","6,184.88","782.89M","-0.47%"
"06/17/2020","6,253.25","6,242.79","6,309.74","6,233.24","863.31M","0.17%"
"06/16/2020","6,242.79","6,064.70","6,299.02","6,064.70","1.03B","2.94%"
"06/15/2020","6,064.70","6,105.18","6,105.18","5,952.44","835.34M","-0.66%"
"06/12/2020","6,105.18","6,076.70","6,184.29","5,993.20","1.06B","0.47%"
"06/11/2020","6,076.70","6,329.13","6,329.13","6,076.70","1.12B","-3.99%"
"06/10/2020","6,329.13","6,335.72","6,387.35","6,293.83","1.12B","-0.10%"
"06/09/2020","6,335.72","6,472.59","6,475.01","6,325.07","1.29B","-2.11%"
"06/08/2020","6,472.59","6,484.30","6,511.84","6,423.06","1.30B","-0.18%"
"06/05/2020","6,484.30","6,341.44","6,489.99","6,341.44","1.40B","2.25%"
"06/04/2020","6,341.44","6,382.41","6,402.57","6,314.59","1.04B","-0.64%"
"06/03/2020","6,382.41","6,220.14","6,394.70","6,220.14","1.23B","2.61%"
"06/02/2020","6,220.14","6,166.42","6,238.25","6,165.05","1.19B","0.87%"
"06/01/2020","6,166.42","6,076.60","6,179.34","6,076.60","739.93M","1.48%"
"05/29/2020","6,076.60","6,218.79","6,218.79","6,060.16","2.25B","-2.29%"
"05/28/2020","6,218.79","6,144.25","6,234.04","6,144.25","1.21B","1.21%"
"05/27/2020","6,144.25","6,067.76","6,167.96","6,067.76","1.54B","1.26%"
"05/26/2020","6,067.76","5,993.28","6,130.12","5,993.28","1.25B","1.24%"
"05/22/2020","5,993.28","6,015.25","6,015.25","5,888.58","985.50M","-0.37%"
"05/21/2020","6,015.25","6,067.16","6,093.74","6,004.10","1.01B","-0.86%"
"05/20/2020","6,067.16","6,002.23","6,074.46","5,961.56","925.38M","1.08%"
"05/19/2020","6,002.23","6,048.59","6,111.96","5,965.10","1.00B","-0.77%"
"05/18/2020","6,048.59","5,799.77","6,058.17","5,799.61","930.32M","4.29%"
"05/15/2020","5,799.77","5,741.54","5,837.88","5,741.54","927.43M","1.01%"
"05/14/2020","5,741.54","5,904.05","5,904.05","5,661.14","1.15B","-2.75%"
"05/13/2020","5,904.05","5,994.77","5,994.77","5,893.35","1.06B","-1.51%"
"05/12/2020","5,994.77","5,939.73","6,012.98","5,911.37","939.77M","0.93%"
"05/11/2020","5,939.73","5,935.98","5,999.13","5,898.32","1.04B","0.06%"
"05/07/2020","5,935.98","5,853.76","5,941.86","5,853.60","965.87M","1.40%"
"05/06/2020","5,853.76","5,849.42","5,897.44","5,839.57","973.10M","0.07%"
"05/05/2020","5,849.42","5,753.78","5,869.45","5,753.78","968.60M","1.66%"
"05/04/2020","5,753.78","5,763.06","5,792.85","5,702.03","1.04B","-0.16%"
"05/01/2020","5,763.06","5,901.21","5,901.21","5,746.06","781.33M","-2.34%"
"04/30/2020","5,901.21","6,115.25","6,151.58","5,897.91","1.93B","-3.50%"
"04/29/2020","6,115.25","5,958.50","6,129.60","5,950.83","1.29B","2.63%"
"04/28/2020","5,958.50","5,846.79","5,977.76","5,835.92","1.20B","1.91%"
"04/27/2020","5,846.79","5,752.23","5,855.61","5,752.23","792.25M","1.64%"
"04/24/2020","5,752.23","5,826.61","5,827.24","5,728.80","807.87M","-1.28%"
"04/23/2020","5,826.61","5,770.63","5,843.61","5,735.93","882.12M","0.97%"
"04/22/2020","5,770.63","5,641.03","5,777.06","5,641.03","867.00M","2.30%"
"04/21/2020","5,641.03","5,812.83","5,812.83","5,641.03","888.66M","-2.96%"
"04/20/2020","5,812.83","5,786.96","5,823.93","5,707.73","822.61M","0.45%"
"04/17/2020","5,786.96","5,628.43","5,839.33","5,628.43","1.20B","2.82%"
"04/16/2020","5,628.43","5,597.65","5,657.63","5,577.78","1.07B","0.55%"
"04/15/2020","5,597.65","5,791.31","5,791.71","5,576.35","1.38B","-3.34%"
"04/14/2020","5,791.31","5,842.66","5,894.71","5,778.98","1.06B","-0.88%"
"04/09/2020","5,842.66","5,677.73","5,842.66","5,677.68","1.28B","2.90%"
"04/08/2020","5,677.73","5,704.45","5,704.45","5,589.73","1.10B","-0.47%"
"04/07/2020","5,704.45","5,582.39","5,780.21","5,582.39","1.56B","2.19%"
"04/06/2020","5,582.39","5,415.50","5,590.58","5,415.50","1.21B","3.08%"
"04/03/2020","5,415.50","5,480.22","5,486.29","5,396.66","1.18B","-1.18%"
"04/02/2020","5,480.22","5,454.57","5,552.36","5,395.07","1.55B","0.47%"
"04/01/2020","5,454.57","5,671.96","5,671.96","5,414.72","1.67B","-3.83%"
"03/31/2020","5,671.96","5,563.74","5,702.66","5,545.85","1.60B","1.95%"
"03/30/2020","5,563.74","5,510.33","5,567.20","5,351.84","1.13B","0.97%"
"03/27/2020","5,510.33","5,815.73","5,815.73","5,407.06","1.46B","-5.25%"
"03/26/2020","5,815.73","5,688.20","5,815.73","5,503.35","1.54B","2.24%"
"03/25/2020","5,688.20","5,446.01","5,741.42","5,400.47","1.86B","4.45%"
"03/24/2020","5,446.01","4,993.89","5,446.01","4,993.89","1.58B","9.05%"
"03/23/2020","4,993.89","5,190.78","5,194.83","4,922.76","1.63B","-3.79%"
"03/20/2020","5,190.78","5,151.61","5,419.30","5,151.61","2.59B","0.76%"
"03/19/2020","5,151.61","5,080.58","5,181.04","4,942.37","1.96B","1.40%"
"03/18/2020","5,080.58","5,294.90","5,294.90","5,006.20","1.84B","-4.05%"
"03/17/2020","5,294.90","5,151.08","5,308.95","4,978.84","1.94B","2.79%"
"03/16/2020","5,151.08","5,366.11","5,366.11","4,898.79","2.11B","-4.01%"
"03/13/2020","5,366.11","5,237.48","5,696.48","5,237.48","1.94B","2.46%"
"03/12/2020","5,237.48","5,876.52","5,876.52","5,237.48","2.21B","-10.87%"
"03/11/2020","5,876.52","5,960.23","6,088.50","5,860.75","1.51B","-1.40%"
"03/10/2020","5,960.23","5,965.77","6,231.06","5,927.85","1.73B","-0.09%"
"03/09/2020","5,965.77","6,462.55","6,462.55","5,891.56","2.10B","-7.69%"
"03/06/2020","6,462.55","6,705.43","6,705.43","6,431.44","1.38B","-3.62%"
"03/05/2020","6,705.43","6,815.59","6,834.12","6,662.61","1.15B","-1.62%"
"03/04/2020","6,815.59","6,718.20","6,856.27","6,700.23","1.12B","1.45%"
"03/03/2020","6,718.20","6,654.89","6,846.28","6,654.89","1.28B","0.95%"
"03/02/2020","6,654.89","6,580.61","6,775.18","6,496.01","1.76B","1.13%"
"02/28/2020","6,580.61","6,796.40","6,796.40","6,460.08","1.98B","-3.18%"
"02/27/2020","6,796.40","7,042.47","7,042.47","6,729.99","1.22B","-3.49%"
"02/26/2020","7,042.47","7,017.88","7,044.66","6,871.85","982.16M","0.35%"
"02/25/2020","7,017.88","7,156.83","7,198.23","7,004.94","976.46M","-1.94%"
"02/24/2020","7,156.83","7,403.92","7,403.92","7,114.45","1.08B","-3.34%"
"02/21/2020","7,403.92","7,436.64","7,436.70","7,370.63","872.32M","-0.44%"
"02/20/2020","7,436.64","7,457.02","7,480.49","7,436.64","779.37M","-0.27%"
"02/19/2020","7,457.02","7,382.01","7,462.01","7,382.01","602.97M","1.02%"
"02/18/2020","7,382.01","7,433.25","7,433.25","7,353.41","786.11M","-0.69%"
"02/17/2020","7,433.25","7,409.13","7,449.95","7,409.13","394.57M","0.33%"
"02/14/2020","7,409.13","7,452.03","7,472.85","7,403.69","629.85M","-0.58%"
"02/13/2020","7,452.03","7,534.37","7,534.37","7,406.94","820.27M","-1.09%"
"02/12/2020","7,534.37","7,499.44","7,547.65","7,499.01","573.04M","0.47%"
"02/11/2020","7,499.44","7,446.88","7,529.54","7,446.88","697.68M","0.71%"
"02/10/2020","7,446.88","7,466.70","7,466.70","7,427.85","597.28M","-0.27%"
"02/07/2020","7,466.70","7,504.79","7,506.26","7,441.14","705.97M","-0.51%"
"02/06/2020","7,504.79","7,482.48","7,533.57","7,482.48","673.95M","0.30%"
"02/05/2020","7,482.48","7,439.82","7,512.41","7,408.45","818.91M","0.57%"
"02/04/2020","7,439.82","7,326.31","7,442.08","7,326.31","696.70M","1.55%"
"02/03/2020","7,326.31","7,286.01","7,359.98","7,285.16","645.84M","0.55%"
"01/31/2020","7,286.01","7,381.96","7,398.34","7,275.03","714.04M","-1.30%"
"01/30/2020","7,381.96","7,483.57","7,483.57","7,357.62","684.60M","-1.36%"
"01/29/2020","7,483.57","7,480.69","7,514.73","7,462.21","524.38M","0.04%"
"01/28/2020","7,480.69","7,412.05","7,491.44","7,410.37","530.18M","0.93%"
"01/27/2020","7,412.05","7,585.98","7,585.98","7,392.83","679.45M","-2.29%"
"01/24/2020","7,585.98","7,507.67","7,642.21","7,507.59","605.76M","1.04%"
"01/23/2020","7,507.67","7,571.92","7,572.13","7,503.17","668.61M","-0.85%"
"01/22/2020","7,571.92","7,610.70","7,637.35","7,563.52","604.63M","-0.51%"
"01/21/2020","7,610.70","7,651.44","7,651.44","7,550.47","656.51M","-0.53%"
"01/20/2020","7,651.44","7,674.56","7,682.77","7,639.62","358.97M","-0.30%"
"01/17/2020","7,674.56","7,609.81","7,689.67","7,609.81","631.97M","0.85%"
"01/16/2020","7,609.81","7,642.80","7,653.58","7,595.31","573.56M","-0.43%"
"01/15/2020","7,642.80","7,622.35","7,642.80","7,609.44","730.57M","0.27%"
"01/14/2020","7,622.35","7,617.60","7,650.69","7,588.81","697.64M","0.06%"
"01/13/2020","7,617.60","7,587.85","7,635.77","7,582.51","657.73M","0.39%"
"01/10/2020","7,587.85","7,598.12","7,631.96","7,585.07","651.31M","-0.14%"
"01/09/2020","7,598.12","7,574.93","7,627.76","7,574.93","652.92M","0.31%"
"01/08/2020","7,574.93","7,573.85","7,579.48","7,524.96","606.22M","0.01%"
"01/07/2020","7,573.85","7,575.34","7,604.59","7,562.14","511.56M","-0.02%"
"01/06/2020","7,575.34","7,622.40","7,622.40","7,528.08","516.78M","-0.62%"
"01/03/2020","7,622.40","7,604.30","7,626.41","7,551.00","449.69M","0.24%"
"01/02/2020","7,604.30","7,542.44","7,624.78","7,542.44","482.21M","0.82%"
"12/31/2019","7,542.44","7,587.05","7,587.41","7,532.38","212.14M","-0.59%"
"12/30/2019","7,587.05","7,644.90","7,644.90","7,587.05","304.24M","-0.76%"
"12/27/2019","7,644.90","7,632.24","7,665.40","7,622.46","311.11M","0.17%"
"12/24/2019","7,632.24","7,623.59","7,636.16","7,608.22","185.67M","0.11%"
"12/23/2019","7,623.59","7,582.48","7,628.20","7,559.63","539.14M","0.54%"
"12/20/2019","7,582.48","7,573.82","7,599.52","7,564.59","1.16B","0.11%"
"12/19/2019","7,573.82","7,540.75","7,575.90","7,526.10","661.08M","0.44%"
"12/18/2019","7,540.75","7,525.28","7,557.05","7,515.17","679.28M","0.21%"
"12/17/2019","7,525.28","7,519.05","7,537.66","7,497.15","1.10B","0.08%"
"12/16/2019","7,519.05","7,353.44","7,552.65","7,353.18","1.05B","2.25%"
"12/13/2019","7,353.44","7,273.47","7,429.04","7,223.42","1.91B","1.10%"
"12/12/2019","7,273.47","7,216.25","7,307.36","7,216.08","727.08M","0.79%"
"12/11/2019","7,216.25","7,213.76","7,250.67","7,195.49","820.83M","0.03%"
"12/10/2019","7,213.76","7,233.90","7,234.40","7,137.84","703.52M","-0.28%"
"12/09/2019","7,233.90","7,239.66","7,255.73","7,217.80","619.39M","-0.08%"
"12/06/2019","7,239.66","7,137.85","7,241.50","7,137.85","516.37M","1.43%"
"12/05/2019","7,137.85","7,188.50","7,194.78","7,131.16","650.61M","-0.70%"
"12/04/2019","7,188.50","7,158.76","7,190.04","7,139.91","688.01M","0.42%"
"12/03/2019","7,158.76","7,285.94","7,285.94","7,134.93","822.94M","-1.75%"
"12/02/2019","7,285.94","7,346.53","7,400.27","7,277.02","924.43M","-0.82%"
"11/29/2019","7,346.53","7,416.43","7,421.40","7,346.53","627.33M","-0.94%"
"11/28/2019","7,416.43","7,429.78","7,429.78","7,385.32","605.36M","-0.18%"
"11/27/2019","7,429.78","7,403.14","7,446.00","7,400.38","625.05M","0.36%"
"11/26/2019","7,403.14","7,396.29","7,421.30","7,384.96","1.05B","0.09%"
"11/25/2019","7,396.29","7,326.81","7,401.78","7,326.81","570.98M","0.95%"
"11/22/2019","7,326.81","7,238.55","7,343.26","7,238.47","611.24M","1.22%"
"11/21/2019","7,238.55","7,262.49","7,262.49","7,197.33","608.18M","-0.33%"
"11/20/2019","7,262.49","7,323.80","7,323.80","7,219.11","814.23M","-0.84%"
"11/19/2019","7,323.80","7,307.70","7,404.47","7,307.70","605.67M","0.22%"
"11/18/2019","7,307.70","7,302.94","7,335.36","7,293.40","764.23M","0.07%"
"11/15/2019","7,302.94","7,292.76","7,335.55","7,243.15","770.47M","0.14%"
"11/14/2019","7,292.76","7,351.21","7,351.28","7,292.76","675.22M","-0.80%"
"11/13/2019","7,351.21","7,365.44","7,365.44","7,301.71","694.52M","-0.19%"
"11/12/2019","7,365.44","7,328.54","7,390.00","7,328.18","738.72M","0.50%"
"11/11/2019","7,328.54","7,359.38","7,359.38","7,258.46","821.77M","-0.42%"
"11/08/2019","7,359.38","7,406.41","7,406.83","7,349.12","535.07M","-0.63%"
"11/07/2019","7,406.41","7,396.65","7,431.94","7,396.00","668.25M","0.13%"
"11/06/2019","7,396.65","7,388.08","7,398.78","7,363.55","601.83M","0.12%"
"11/05/2019","7,388.08","7,369.69","7,402.79","7,369.61","673.19M","0.25%"
"11/04/2019","7,369.69","7,302.42","7,392.73","7,302.42","582.16M","0.92%"
"11/01/2019","7,302.42","7,248.38","7,307.18","7,248.38","582.08M","0.75%"
"10/31/2019","7,248.38","7,330.78","7,335.16","7,245.23","847.65M","-1.12%"
"10/30/2019","7,330.78","7,306.26","7,334.04","7,278.18","672.19M","0.34%"
"10/29/2019","7,306.26","7,331.28","7,335.73","7,264.74","710.02M","-0.34%"
"10/28/2019","7,331.28","7,324.47","7,346.92","7,291.59","676.04M","0.09%"
"10/25/2019","7,324.47","7,328.25","7,331.17","7,279.78","580.30M","-0.05%"
"10/24/2019","7,328.25","7,260.74","7,338.87","7,255.46","733.23M","0.93%"
"10/23/2019","7,260.74","7,212.49","7,265.86","7,194.13","764.42M","0.67%"
"10/22/2019","7,212.49","7,163.64","7,230.17","7,146.69","800.69M","0.68%"
"10/21/2019","7,163.64","7,150.57","7,197.53","7,139.38","853.63M","0.18%"
"10/18/2019","7,150.57","7,182.32","7,197.14","7,146.11","869.34M","-0.44%"
"10/17/2019","7,182.32","7,167.95","7,237.78","7,162.04","1.13B","0.20%"
"10/16/2019","7,167.95","7,211.64","7,217.63","7,149.84","1.00B","-0.61%"
"10/15/2019","7,211.64","7,213.45","7,242.37","7,176.67","1.12B","-0.03%"
"10/14/2019","7,213.45","7,247.08","7,251.80","7,194.21","780.57M","-0.46%"
"10/11/2019","7,247.08","7,186.36","7,250.09","7,144.66","1.51B","0.84%"
"10/10/2019","7,186.36","7,166.50","7,212.90","7,130.52","700.02M","0.28%"
"10/09/2019","7,166.50","7,143.15","7,196.41","7,139.90","582.02M","0.33%"
"10/08/2019","7,143.15","7,197.88","7,223.86","7,143.15","691.68M","-0.76%"
"10/07/2019","7,197.88","7,155.38","7,206.89","7,132.98","551.39M","0.59%"
"10/04/2019","7,155.38","7,077.64","7,157.75","7,077.40","588.78M","1.10%"
"10/03/2019","7,077.64","7,122.54","7,129.02","7,004.43","635.55M","-0.63%"
"10/02/2019","7,122.54","7,360.32","7,360.32","7,119.72","747.80M","-3.23%"
"10/01/2019","7,360.32","7,408.21","7,433.24","7,352.83","734.56M","-0.65%"
"09/30/2019","7,408.21","7,426.21","7,439.62","7,402.20","655.55M","-0.24%"
"09/27/2019","7,426.21","7,351.08","7,440.77","7,351.00","583.85M","1.02%"
"09/26/2019","7,351.08","7,289.99","7,387.09","7,277.15","704.71M","0.84%"
"09/25/2019","7,289.99","7,291.43","7,292.00","7,212.96","704.55M","-0.02%"
"09/24/2019","7,291.43","7,326.08","7,348.97","7,281.91","588.77M","-0.47%"
"09/23/2019","7,326.08","7,344.92","7,362.30","7,284.75","489.65M","-0.26%"
"09/20/2019","7,344.92","7,356.42","7,376.31","7,322.01","1.66B","-0.16%"
"09/19/2019","7,356.42","7,314.05","7,373.08","7,290.69","632.74M","0.58%"
"09/18/2019","7,314.05","7,320.40","7,350.52","7,300.37","642.71M","-0.09%"
"09/17/2019","7,320.40","7,321.41","7,350.24","7,292.23","698.42M","-0.01%"
"09/16/2019","7,321.41","7,367.46","7,378.32","7,321.41","908.26M","-0.63%"
"09/13/2019","7,367.46","7,344.67","7,380.29","7,318.23","1.00B","0.31%"
"09/12/2019","7,344.67","7,338.03","7,369.34","7,303.17","725.26M","0.09%"
"09/11/2019","7,338.03","7,267.95","7,346.71","7,267.95","829.12M","0.96%"
"09/10/2019","7,267.95","7,235.81","7,270.50","7,199.40","1.03B","0.44%"
"09/09/2019","7,235.81","7,282.34","7,325.21","7,205.98","794.83M","-0.64%"
"09/06/2019","7,282.34","7,271.17","7,284.11","7,244.13","692.28M","0.15%"
"09/05/2019","7,271.17","7,311.26","7,330.71","7,250.63","711.30M","-0.55%"
"09/04/2019","7,311.26","7,268.19","7,334.55","7,268.19","677.43M","0.59%"
"09/03/2019","7,268.19","7,281.94","7,301.47","7,239.10","626.09M","-0.19%"
"09/02/2019","7,281.94","7,207.18","7,315.26","7,206.90","497.75M","1.04%"
"08/30/2019","7,207.18","7,184.32","7,240.37","7,179.70","727.84M","0.32%"
"08/29/2019","7,184.32","7,114.71","7,199.20","7,103.12","635.67M","0.98%"
"08/28/2019","7,114.71","7,089.58","7,131.21","7,050.00","675.63M","0.35%"
"08/27/2019","7,089.58","7,094.98","7,110.76","7,044.73","851.39M","-0.08%"
"08/23/2019","7,094.98","7,128.18","7,188.59","7,094.98","643.00M","-0.47%"
"08/22/2019","7,128.18","7,203.97","7,203.97","7,103.67","653.34M","-1.05%"
"08/21/2019","7,203.97","7,125.00","7,215.53","7,122.12","604.70M","1.11%"
"08/20/2019","7,125.00","7,189.65","7,231.65","7,121.24","766.07M","-0.90%"
"08/19/2019","7,189.65","7,117.15","7,214.23","7,117.15","612.86M","1.02%"
"08/16/2019","7,117.15","7,067.01","7,125.90","7,067.01","651.94M","0.71%"
"08/15/2019","7,067.01","7,147.88","7,148.75","7,020.22","806.74M","-1.13%"
"08/14/2019","7,147.88","7,250.90","7,268.73","7,112.05","811.52M","-1.42%"
"08/13/2019","7,250.90","7,226.72","7,281.14","7,166.86","698.40M","0.33%"
"08/12/2019","7,226.72","7,253.85","7,305.56","7,207.46","585.46M","-0.37%"
"08/09/2019","7,253.85","7,285.90","7,297.28","7,237.13","819.38M","-0.44%"
"08/08/2019","7,285.90","7,198.70","7,285.90","7,191.25","748.51M","1.21%"
"08/07/2019","7,198.70","7,171.69","7,237.88","7,153.89","758.26M","0.38%"
"08/06/2019","7,171.69","7,223.85","7,241.57","7,166.98","816.23M","-0.72%"
"08/05/2019","7,223.85","7,407.06","7,407.06","7,200.54","1.28B","-2.47%"
"08/02/2019","7,407.06","7,584.87","7,585.24","7,397.91","1.06B","-2.34%"
"08/01/2019","7,584.87","7,586.78","7,609.98","7,535.90","843.10M","-0.03%"
"07/31/2019","7,586.78","7,646.77","7,648.20","7,576.12","1.13B","-0.78%"
"07/30/2019","7,646.77","7,686.61","7,727.49","7,643.65","847.75M","-0.52%"
"07/29/2019","7,686.61","7,549.06","7,711.34","7,548.86","782.74M","1.82%"
"07/26/2019","7,549.06","7,489.05","7,553.55","7,486.74","799.73M","0.80%"
"07/25/2019","7,489.05","7,501.46","7,542.64","7,462.73","651.31M","-0.17%"
"07/24/2019","7,501.46","7,556.86","7,558.01","7,479.07","657.12M","-0.73%"
"07/23/2019","7,556.86","7,514.93","7,598.60","7,514.93","654.56M","0.56%"
"07/22/2019","7,514.93","7,508.70","7,549.71","7,491.79","528.99M","0.08%"
"07/19/2019","7,508.70","7,493.09","7,546.65","7,475.49","593.42M","0.21%"
"07/18/2019","7,493.09","7,535.46","7,535.46","7,482.60","519.63M","-0.56%"
"07/17/2019","7,535.46","7,577.20","7,577.20","7,519.22","594.49M","-0.55%"
"07/16/2019","7,577.20","7,531.72","7,590.07","7,524.52","625.96M","0.60%"
"07/15/2019","7,531.72","7,505.97","7,548.33","7,487.44","497.44M","0.34%"
"07/12/2019","7,505.97","7,509.82","7,537.10","7,493.80","516.64M","-0.05%"
"07/11/2019","7,509.82","7,530.69","7,558.34","7,501.66","611.47M","-0.28%"
"07/10/2019","7,530.69","7,536.47","7,559.12","7,515.61","559.06M","-0.08%"
"07/09/2019","7,536.47","7,549.27","7,553.30","7,517.94","559.72M","-0.17%"
"07/08/2019","7,549.27","7,553.14","7,571.34","7,538.67","554.95M","-0.05%"
"07/05/2019","7,553.14","7,603.58","7,603.61","7,541.86","537.93M","-0.66%"
"07/04/2019","7,603.58","7,609.32","7,622.58","7,601.33","502.80M","-0.08%"
"07/03/2019","7,609.32","7,559.19","7,621.02","7,558.47","703.62M","0.66%"
"07/02/2019","7,559.19","7,497.50","7,565.27","7,497.50","573.57M","0.82%"
"07/01/2019","7,497.50","7,425.63","7,530.24","7,425.63","654.27M","0.97%"
"06/28/2019","7,425.63","7,402.33","7,436.18","7,398.92","730.44M","0.31%"
"06/27/2019","7,402.33","7,416.39","7,439.43","7,375.51","665.86M","-0.19%"
"06/26/2019","7,416.39","7,422.43","7,435.90","7,405.54","673.95M","-0.08%"
"06/25/2019","7,422.43","7,416.69","7,429.72","7,373.22","626.13M","0.08%"
"06/24/2019","7,416.69","7,407.50","7,435.54","7,399.56","646.88M","0.12%"
"06/21/2019","7,407.50","7,424.44","7,456.79","7,382.94","1.49B","-0.23%"
"06/20/2019","7,424.44","7,403.54","7,460.83","7,403.54","698.66M","0.28%"
"06/19/2019","7,403.54","7,443.04","7,454.93","7,399.17","774.63M","-0.53%"
"06/18/2019","7,443.04","7,357.31","7,469.19","7,345.55","823.67M","1.17%"
"06/17/2019","7,357.31","7,345.78","7,370.70","7,324.54","548.16M","0.16%"
"06/14/2019","7,345.78","7,368.57","7,368.80","7,316.44","629.60M","-0.31%"
"06/13/2019","7,368.57","7,367.62","7,398.61","7,350.98","627.57M","0.01%"
"06/12/2019","7,367.62","7,398.45","7,398.45","7,329.26","824.87M","-0.42%"
"06/11/2019","7,398.45","7,375.54","7,420.73","7,375.54","690.48M","0.31%"
"06/10/2019","7,375.54","7,331.94","7,380.14","7,331.94","460.89M","0.59%"
"06/07/2019","7,331.94","7,259.85","7,347.41","7,258.16","610.88M","0.99%"
"06/06/2019","7,259.85","7,220.22","7,275.66","7,218.67","640.48M","0.55%"
"06/05/2019","7,220.22","7,216.74","7,259.24","7,201.36","768.03M","0.08%"
"06/04/2019","7,214.29","7,184.80","7,223.96","7,138.14","855.20M","0.41%"
"06/03/2019","7,184.80","7,161.71","7,186.71","7,079.71","733.57M","0.32%"
"05/31/2019","7,161.71","7,218.16","7,218.16","7,130.85","870.74M","-0.78%"
"05/30/2019","7,218.16","7,185.30","7,236.68","7,180.57","658.19M","0.46%"
"05/29/2019","7,185.30","7,268.95","7,268.95","7,151.37","673.07M","-1.15%"
"05/28/2019","7,268.95","7,277.73","7,314.85","7,262.80","1.19B","-0.12%"
"05/24/2019","7,277.73","7,231.04","7,303.04","7,231.01","653.15M","0.65%"
"05/23/2019","7,231.04","7,334.19","7,334.19","7,211.33","819.67M","-1.41%"
"05/22/2019","7,334.19","7,328.92","7,373.27","7,313.55","825.72M","0.07%"
"05/21/2019","7,328.92","7,310.88","7,370.02","7,310.88","772.49M","0.25%"
"05/20/2019","7,310.88","7,348.62","7,360.34","7,268.63","755.12M","-0.51%"
"05/17/2019","7,348.62","7,353.51","7,354.22","7,307.33","763.92M","-0.07%"
"05/16/2019","7,353.51","7,296.95","7,353.51","7,265.77","676.25M","0.78%"
"05/15/2019","7,296.95","7,241.60","7,303.73","7,223.08","834.95M","0.76%"
"05/14/2019","7,241.60","7,163.68","7,241.60","7,163.68","743.86M","1.09%"
"05/13/2019","7,163.68","7,203.29","7,217.12","7,150.89","797.46M","-0.55%"
"05/10/2019","7,203.29","7,207.41","7,268.17","7,189.88","637.29M","-0.06%"
"05/09/2019","7,207.41","7,271.00","7,271.00","7,192.18","880.88M","-0.87%"
"05/08/2019","7,271.00","7,260.47","7,278.26","7,222.88","834.24M","0.15%"
"05/07/2019","7,260.47","7,380.64","7,380.64","7,251.03","907.82M","-1.63%"
"05/03/2019","7,380.64","7,351.31","7,418.17","7,350.01","476.58M","0.40%"
"05/02/2019","7,351.31","7,385.26","7,393.94","7,339.45","637.48M","-0.46%"
"05/01/2019","7,385.26","7,418.22","7,446.46","7,379.65","347.13M","-0.44%"
"04/30/2019","7,418.22","7,440.66","7,451.32","7,394.07","774.32M","-0.30%"
"04/29/2019","7,440.66","7,428.19","7,456.49","7,406.53","506.41M","0.17%"
"04/26/2019","7,428.19","7,434.13","7,442.21","7,398.57","865.75M","-0.08%"
"04/25/2019","7,434.13","7,471.75","7,473.32","7,405.99","695.23M","-0.50%"
"04/24/2019","7,471.75","7,523.07","7,523.79","7,456.74","703.75M","-0.68%"
"04/23/2019","7,523.07","7,459.88","7,528.93","7,459.88","795.96M","0.85%"
"04/18/2019","7,459.88","7,471.32","7,475.91","7,437.87","536.60M","-0.15%"
"04/17/2019","7,471.32","7,469.92","7,478.95","7,445.12","665.16M","0.02%"
"04/16/2019","7,469.92","7,436.87","7,485.93","7,436.87","642.95M","0.44%"
"04/15/2019","7,436.87","7,437.06","7,447.08","7,420.27","527.42M","0.00%"
"04/12/2019","7,437.06","7,417.95","7,454.78","7,415.00","718.44M","0.26%"
"04/11/2019","7,417.95","7,421.91","7,441.89","7,383.47","649.07M","-0.05%"
"04/10/2019","7,421.91","7,425.57","7,441.36","7,409.39","587.36M","-0.05%"
"04/09/2019","7,425.57","7,451.89","7,477.62","7,413.27","672.46M","-0.35%"
"04/08/2019","7,451.89","7,446.87","7,459.93","7,420.41","588.84M","0.07%"
"04/05/2019","7,446.87","7,401.94","7,461.39","7,400.79","700.98M","0.61%"
"04/04/2019","7,401.94","7,418.28","7,418.43","7,367.44","696.56M","-0.22%"
"04/03/2019","7,418.28","7,391.12","7,418.31","7,380.93","908.00M","0.37%"
"04/02/2019","7,391.12","7,317.38","7,403.56","7,316.81","742.82M","1.01%"
"04/01/2019","7,317.38","7,279.19","7,352.15","7,279.19","718.29M","0.52%"
"03/29/2019","7,279.19","7,234.33","7,287.72","7,223.30","818.95M","0.62%"
"03/28/2019","7,234.33","7,194.19","7,265.47","7,190.87","585.60M","0.56%"
"03/27/2019","7,194.19","7,196.29","7,222.64","7,160.14","699.73M","-0.03%"
"03/26/2019","7,196.29","7,177.58","7,221.02","7,169.37","649.06M","0.26%"
"03/25/2019","7,177.58","7,207.59","7,208.09","7,146.83","604.28M","-0.42%"
"03/22/2019","7,207.59","7,355.31","7,356.37","7,192.76","716.21M","-2.01%"
"03/21/2019","7,355.31","7,291.01","7,370.61","7,290.62","731.35M","0.88%"
"03/20/2019","7,291.01","7,324.00","7,341.57","7,291.01","771.73M","-0.45%"
"03/19/2019","7,324.00","7,299.19","7,350.10","7,294.50","617.24M","0.34%"
"03/18/2019","7,299.19","7,228.28","7,299.19","7,228.19","662.83M","0.98%"
"03/15/2019","7,228.28","7,185.43","7,243.80","7,185.43","1.38B","0.60%"
"03/14/2019","7,185.43","7,159.19","7,215.45","7,148.08","815.71M","0.37%"
"03/13/2019","7,159.19","7,151.15","7,181.85","7,128.71","767.65M","0.11%"
"03/12/2019","7,151.15","7,130.62","7,166.55","7,083.22","775.29M","0.29%"
"03/11/2019","7,130.62","7,104.31","7,181.61","7,104.31","695.14M","0.37%"
"03/08/2019","7,104.31","7,157.55","7,157.55","7,077.93","640.78M","-0.74%"
"03/07/2019","7,157.55","7,196.00","7,196.00","7,126.57","712.68M","-0.53%"
"03/06/2019","7,196.00","7,183.43","7,211.83","7,170.25","816.15M","0.17%"
"03/05/2019","7,183.43","7,134.39","7,191.65","7,127.18","819.86M","0.69%"
"03/04/2019","7,134.39","7,106.73","7,166.19","7,106.73","654.23M","0.39%"
"03/01/2019","7,106.73","7,074.73","7,129.72","7,074.73","722.48M","0.45%"
"02/28/2019","7,074.73","7,107.20","7,107.20","7,041.03","1.01B","-0.46%"
"02/27/2019","7,107.20","7,151.12","7,151.12","7,082.62","897.62M","-0.61%"
"02/26/2019","7,151.12","7,183.74","7,183.79","7,091.59","892.46M","-0.45%"
"02/25/2019","7,183.74","7,178.60","7,210.70","7,158.19","664.87M","0.07%"
"02/22/2019","7,178.60","7,167.39","7,220.52","7,162.37","666.72M","0.16%"
"02/21/2019","7,167.39","7,228.62","7,228.78","7,141.85","822.59M","-0.85%"
"02/20/2019","7,228.62","7,179.17","7,234.16","7,177.95","887.89M","0.69%"
"02/19/2019","7,179.17","7,219.47","7,219.53","7,162.80","643.41M","-0.56%"
"02/18/2019","7,219.47","7,236.68","7,242.09","7,209.70","453.43M","-0.24%"
"02/15/2019","7,236.68","7,197.01","7,261.63","7,185.23","709.70M","0.55%"
"02/14/2019","7,197.01","7,190.84","7,232.83","7,183.01","535.04M","0.09%"
"02/13/2019","7,190.84","7,133.14","7,205.07","7,133.14","578.84M","0.81%"
"02/12/2019","7,133.14","7,129.11","7,168.61","7,121.72","542.97M","0.06%"
"02/11/2019","7,129.11","7,071.18","7,149.23","7,071.18","565.26M","0.82%"
"02/08/2019","7,071.18","7,093.58","7,115.83","7,064.90","548.73M","-0.32%"
"02/07/2019","7,093.58","7,173.09","7,187.51","7,093.58","669.72M","-1.11%"
"02/06/2019","7,173.09","7,177.37","7,184.22","7,146.65","618.00M","-0.06%"
"02/05/2019","7,177.37","7,034.13","7,180.71","7,033.57","683.46M","2.04%"
"02/04/2019","7,034.13","7,020.22","7,046.58","7,002.42","630.90M","0.20%"
"02/01/2019","7,020.22","6,968.85","7,024.45","6,968.85","645.35M","0.74%"
"01/31/2019","6,968.85","6,941.63","6,994.88","6,941.09","893.09M","0.39%"
"01/30/2019","6,941.63","6,833.93","6,967.70","6,833.93","771.90M","1.58%"
"01/29/2019","6,833.93","6,747.10","6,860.34","6,747.10","718.59M","1.29%"
"01/28/2019","6,747.10","6,809.22","6,812.53","6,734.00","668.24M","-0.91%"
"01/25/2019","6,809.22","6,818.95","6,858.19","6,806.77","749.99M","-0.14%"
"01/24/2019","6,818.95","6,842.88","6,854.59","6,802.03","618.51M","-0.35%"
"01/23/2019","6,842.88","6,901.39","6,901.63","6,834.30","666.01M","-0.85%"
"01/22/2019","6,901.39","6,970.59","6,970.59","6,880.69","583.46M","-0.99%"
"01/21/2019","6,970.59","6,968.33","6,987.93","6,954.52","488.78M","0.03%"
"01/18/2019","6,968.33","6,834.92","6,984.36","6,834.92","820.33M","1.95%"
"01/17/2019","6,834.92","6,862.68","6,862.68","6,799.03","600.66M","-0.40%"
"01/16/2019","6,862.68","6,895.02","6,912.44","6,848.57","811.96M","-0.47%"
"01/15/2019","6,895.02","6,855.02","6,910.45","6,849.63","708.58M","0.58%"
"01/14/2019","6,855.02","6,918.18","6,918.21","6,841.74","704.57M","-0.91%"
"01/11/2019","6,918.18","6,942.87","7,001.94","6,902.65","701.51M","-0.36%"
"01/10/2019","6,942.87","6,906.63","6,948.18","6,860.82","630.32M","0.52%"
"01/09/2019","6,906.63","6,861.60","6,938.31","6,861.60","887.29M","0.66%"
"01/08/2019","6,861.60","6,810.88","6,901.48","6,804.89","672.10M","0.74%"
"01/07/2019","6,810.88","6,837.42","6,874.11","6,778.01","759.33M","-0.39%"
"01/04/2019","6,837.42","6,692.66","6,850.37","6,692.50","658.88M","2.16%"
"01/03/2019","6,692.66","6,734.23","6,753.14","6,685.09","694.92M","-0.62%"
"01/02/2019","6,734.23","6,728.13","6,753.29","6,599.48","633.24M","0.09%"
"12/31/2018","6,728.13","6,733.97","6,752.54","6,718.32","232.27M","-0.09%"
"12/28/2018","6,733.97","6,584.68","6,742.48","6,584.68","515.16M","2.27%"
"12/27/2018","6,584.68","6,685.99","6,728.49","6,536.53","608.36M","-1.52%"
"12/24/2018","6,685.99","6,721.17","6,721.17","6,661.04","198.77M","-0.52%"
"12/21/2018","6,721.17","6,711.93","6,733.00","6,653.65","1.65B","0.14%"
"12/20/2018","6,711.93","6,765.94","6,765.94","6,646.45","929.57M","-0.80%"
"12/19/2018","6,765.94","6,701.59","6,785.16","6,698.15","777.37M","0.96%"
"12/18/2018","6,701.59","6,773.24","6,773.24","6,701.59","880.78M","-1.06%"
"12/17/2018","6,773.24","6,845.17","6,845.17","6,761.38","734.72M","-1.05%"
"12/14/2018","6,845.17","6,877.50","6,877.50","6,788.65","736.01M","-0.47%"
"12/13/2018","6,877.50","6,880.19","6,908.48","6,848.98","757.82M","-0.04%"
"12/12/2018","6,880.19","6,806.94","6,902.19","6,806.94","1.10B","1.08%"
"12/11/2018","6,806.94","6,721.54","6,857.58","6,721.54","867.26M","1.27%"
"12/10/2018","6,721.54","6,778.11","6,815.84","6,719.17","891.07M","-0.83%"
"12/07/2018","6,778.11","6,704.05","6,868.27","6,704.05","845.32M","1.10%"
"12/06/2018","6,704.05","6,921.84","6,921.84","6,673.57","1.06B","-3.15%"
"12/05/2018","6,921.84","7,022.76","7,028.65","6,921.84","813.44M","-1.44%"
"12/04/2018","7,022.76","7,062.41","7,095.01","7,002.71","844.63M","-0.56%"
"12/03/2018","7,062.41","6,980.24","7,145.49","6,980.24","891.14M","1.18%"
"11/30/2018","6,980.24","7,038.95","7,042.07","6,965.60","1.22B","-0.83%"
"11/29/2018","7,038.95","7,004.52","7,078.37","7,004.52","797.79M","0.49%"
"11/28/2018","7,004.52","7,016.85","7,057.03","6,987.25","825.36M","-0.18%"
"11/27/2018","7,016.85","7,036.00","7,043.70","6,983.98","855.62M","-0.27%"
"11/26/2018","7,036.00","6,952.86","7,050.96","6,952.86","826.83M","1.20%"
"11/23/2018","6,952.86","6,960.32","6,987.53","6,912.30","707.66M","-0.11%"
"11/22/2018","6,960.32","7,050.23","7,050.43","6,944.95","786.80M","-1.28%"
"11/21/2018","7,050.23","6,947.92","7,058.56","6,947.92","864.50M","1.47%"
"11/20/2018","6,947.92","7,000.89","7,010.10","6,904.21","851.71M","-0.76%"
"11/19/2018","7,000.89","7,013.88","7,070.46","6,997.83","800.44M","-0.19%"
"11/16/2018","7,013.88","7,038.01","7,092.44","6,968.99","1.04B","-0.34%"
"11/15/2018","7,038.01","7,033.79","7,081.88","6,979.57","1.29B","0.06%"
"11/14/2018","7,033.79","7,053.76","7,113.59","6,979.68","953.79M","-0.28%"
"11/13/2018","7,053.76","7,053.08","7,103.97","7,016.64","1.08B","0.01%"
"11/12/2018","7,053.08","7,105.34","7,186.31","7,053.08","730.62M","-0.74%"
"11/09/2018","7,105.34","7,140.68","7,140.68","7,070.80","672.89M","-0.49%"
"11/08/2018","7,140.68","7,117.28","7,171.69","7,115.01","697.80M","0.33%"
"11/07/2018","7,117.28","7,040.68","7,136.75","7,040.68","698.98M","1.09%"
"11/06/2018","7,040.68","7,103.84","7,117.50","7,027.45","666.52M","-0.89%"
"11/05/2018","7,103.84","7,094.12","7,140.37","7,077.40","570.49M","0.14%"
"11/02/2018","7,094.12","7,114.66","7,196.39","7,094.12","824.95M","-0.29%"
"11/01/2018","7,114.66","7,128.10","7,165.61","7,085.74","1.06B","-0.19%"
"10/31/2018","7,128.10","7,035.85","7,161.54","7,035.85","923.08M","1.31%"
"10/30/2018","7,035.85","7,026.32","7,060.06","6,983.68","774.72M","0.14%"
"10/29/2018","7,026.32","6,939.56","7,085.88","6,939.56","804.71M","1.25%"
"10/26/2018","6,939.56","7,004.10","7,004.16","6,851.59","803.06M","-0.92%"
"10/25/2018","7,004.10","6,962.98","7,004.10","6,885.99","853.93M","0.59%"
"10/24/2018","6,962.98","6,955.21","7,049.83","6,955.21","797.99M","0.11%"
"10/23/2018","6,955.21","7,042.80","7,042.80","6,928.65","1.01B","-1.24%"
"10/22/2018","7,042.80","7,049.80","7,114.12","7,042.05","806.70M","-0.10%"
"10/19/2018","7,049.80","7,026.99","7,070.38","7,012.56","800.35M","0.32%"
"10/18/2018","7,026.99","7,054.60","7,078.76","7,026.74","692.86M","-0.39%"
"10/17/2018","7,054.60","7,059.40","7,089.03","7,019.41","707.14M","-0.07%"
"10/16/2018","7,059.40","7,029.22","7,062.08","6,998.93","786.10M","0.43%"
"10/15/2018","7,029.22","6,995.91","7,038.23","6,961.28","674.96M","0.48%"
"10/12/2018","6,995.91","7,006.93","7,073.99","6,994.78","903.68M","-0.16%"
"10/11/2018","7,006.93","7,145.74","7,145.74","6,998.02","1.21B","-1.94%"
"10/10/2018","7,145.74","7,237.59","7,242.31","7,145.74","1.06B","-1.27%"
"10/09/2018","7,237.59","7,233.33","7,247.64","7,184.28","789.69M","0.06%"
"10/08/2018","7,233.33","7,318.54","7,319.84","7,233.33","695.80M","-1.16%"
"10/05/2018","7,318.54","7,418.34","7,421.12","7,318.54","758.63M","-1.35%"
"10/04/2018","7,418.34","7,510.28","7,510.28","7,411.31","826.76M","-1.22%"
"10/03/2018","7,510.28","7,474.55","7,524.06","7,474.55","849.12M","0.48%"
"10/02/2018","7,474.55","7,495.67","7,495.67","7,444.80","843.12M","-0.28%"
"10/01/2018","7,495.67","7,510.20","7,526.20","7,466.67","746.18M","-0.19%"
"09/28/2018","7,510.20","7,545.44","7,548.36","7,474.67","943.92M","-0.47%"
"09/27/2018","7,545.44","7,511.49","7,552.02","7,490.94","666.22M","0.45%"
"09/26/2018","7,511.49","7,507.56","7,522.06","7,490.20","693.15M","0.05%"
"09/25/2018","7,507.56","7,458.41","7,515.94","7,455.22","791.70M","0.66%"
"09/24/2018","7,458.41","7,490.23","7,491.25","7,450.53","710.21M","-0.42%"
"09/21/2018","7,490.23","7,367.32","7,495.26","7,367.32","1.55B","1.67%"
"09/20/2018","7,367.32","7,331.12","7,368.43","7,324.01","891.66M","0.49%"
"09/19/2018","7,331.12","7,300.23","7,346.11","7,279.92","785.95M","0.42%"
"09/18/2018","7,300.23","7,302.10","7,320.07","7,281.98","722.03M","-0.03%"
"09/17/2018","7,302.10","7,304.04","7,318.77","7,267.83","640.19M","-0.03%"
"09/14/2018","7,304.04","7,281.57","7,323.83","7,281.57","595.14M","0.31%"
"09/13/2018","7,281.57","7,313.36","7,319.57","7,275.14","681.15M","-0.43%"
"09/12/2018","7,313.36","7,273.54","7,325.25","7,250.84","698.11M","0.55%"
"09/11/2018","7,273.54","7,279.30","7,280.48","7,220.50","664.03M","-0.08%"
"09/10/2018","7,279.30","7,277.70","7,307.85","7,256.51","717.86M","0.02%"
"09/07/2018","7,277.70","7,318.96","7,328.30","7,227.07","889.09M","-0.56%"
"09/06/2018","7,318.96","7,383.28","7,397.74","7,313.12","743.69M","-0.87%"
"09/05/2018","7,383.28","7,457.86","7,457.86","7,357.98","792.99M","-1.00%"
"09/04/2018","7,457.86","7,504.60","7,535.12","7,437.65","672.99M","-0.62%"
"09/03/2018","7,504.60","7,432.42","7,516.06","7,432.18","468.85M","0.97%"
"08/31/2018","7,432.42","7,516.03","7,516.46","7,428.67","838.07M","-1.11%"
"08/30/2018","7,516.03","7,563.21","7,563.21","7,497.54","642.44M","-0.62%"
"08/29/2018","7,563.21","7,617.22","7,635.74","7,545.08","709.98M","-0.71%"
"08/28/2018","7,617.22","7,577.49","7,636.72","7,577.49","603.83M","0.52%"
"08/24/2018","7,577.49","7,563.22","7,587.19","7,557.67","523.57M","0.19%"
"08/23/2018","7,563.22","7,574.24","7,602.10","7,560.85","592.64M","-0.15%"
"08/22/2018","7,574.24","7,565.70","7,607.23","7,531.24","630.16M","0.11%"
"08/21/2018","7,565.70","7,591.26","7,601.65","7,557.34","560.35M","-0.34%"
"08/20/2018","7,591.26","7,558.59","7,616.15","7,558.59","576.84M","0.43%"
"08/17/2018","7,558.59","7,556.38","7,577.68","7,514.26","621.37M","0.03%"
"08/16/2018","7,556.38","7,497.87","7,565.18","7,497.87","795.28M","0.78%"
"08/15/2018","7,497.87","7,611.64","7,632.07","7,477.05","994.26M","-1.49%"
"08/14/2018","7,611.64","7,642.45","7,665.24","7,599.66","787.26M","-0.40%"
"08/13/2018","7,642.45","7,667.01","7,667.33","7,614.48","612.15M","-0.32%"
"08/10/2018","7,667.01","7,741.77","7,741.77","7,657.72","684.69M","-0.97%"
"08/09/2018","7,741.77","7,776.65","7,776.77","7,714.52","582.94M","-0.45%"
"08/08/2018","7,776.65","7,718.48","7,790.17","7,707.30","621.15M","0.75%"
"08/07/2018","7,718.48","7,663.78","7,752.08","7,663.20","696.34M","0.71%"
"08/06/2018","7,663.78","7,659.10","7,681.86","7,636.60","838.43M","0.06%"
"08/03/2018","7,659.10","7,575.93","7,665.16","7,575.93","670.04M","1.10%"
"08/02/2018","7,575.93","7,652.91","7,652.91","7,549.34","1.04B","-1.01%"
"08/01/2018","7,652.91","7,748.76","7,751.10","7,634.66","1.01B","-1.24%"
"07/31/2018","7,748.76","7,700.85","7,782.90","7,695.76","943.37M","0.62%"
"07/30/2018","7,700.85","7,701.31","7,718.06","7,659.91","755.66M","-0.01%"
"07/27/2018","7,701.31","7,663.17","7,717.22","7,663.16","788.38M","0.50%"
"07/26/2018","7,663.17","7,658.26","7,684.72","7,640.94","607.06M","0.06%"
"07/25/2018","7,658.26","7,709.05","7,710.25","7,640.59","698.48M","-0.66%"
"07/24/2018","7,709.05","7,655.79","7,740.64","7,648.59","878.89M","0.70%"
"07/23/2018","7,655.79","7,678.79","7,678.79","7,621.75","591.25M","-0.30%"
"07/20/2018","7,678.79","7,683.97","7,705.80","7,631.66","706.25M","-0.07%"
"07/19/2018","7,683.97","7,676.28","7,702.85","7,660.02","716.90M","0.10%"
"07/18/2018","7,676.28","7,626.33","7,685.68","7,625.75","671.52M","0.65%"
"07/17/2018","7,626.33","7,600.45","7,641.10","7,581.83","746.77M","0.34%"
"07/16/2018","7,600.45","7,661.87","7,667.71","7,564.96","608.96M","-0.80%"
"07/13/2018","7,661.87","7,651.33","7,716.24","7,651.33","592.17M","0.14%"
"07/12/2018","7,651.33","7,591.96","7,662.96","7,591.96","769.26M","0.78%"
"07/11/2018","7,591.96","7,692.04","7,692.04","7,578.18","816.82M","-1.30%"
"07/10/2018","7,692.04","7,687.99","7,715.07","7,677.06","723.21M","0.05%"
"07/09/2018","7,687.99","7,617.70","7,697.46","7,617.70","697.51M","0.92%"
"07/06/2018","7,617.70","7,603.22","7,631.19","7,569.70","684.00M","0.19%"
"07/05/2018","7,603.22","7,573.09","7,624.82","7,572.69","631.12M","0.40%"
"07/04/2018","7,573.09","7,593.29","7,593.29","7,560.81","591.92M","-0.27%"
"07/03/2018","7,593.29","7,547.85","7,632.12","7,544.98","1.05B","0.60%"
"07/02/2018","7,547.85","7,636.93","7,636.93","7,540.71","802.39M","-1.17%"
"06/29/2018","7,636.93","7,615.63","7,706.64","7,615.63","926.73M","0.28%"
"06/28/2018","7,615.63","7,621.69","7,632.17","7,576.01","815.21M","-0.08%"
"06/27/2018","7,621.69","7,537.92","7,633.92","7,512.03","1.69B","1.11%"
"06/26/2018","7,537.92","7,509.84","7,564.05","7,509.84","1.12B","0.37%"
"06/25/2018","7,509.84","7,682.27","7,682.27","7,508.32","815.82M","-2.24%"
"06/22/2018","7,682.27","7,556.44","7,689.44","7,556.20","738.42M","1.67%"
"06/21/2018","7,556.44","7,627.40","7,670.78","7,548.12","801.61M","-0.93%"
"06/20/2018","7,627.40","7,603.85","7,705.20","7,603.85","870.10M","0.31%"
"06/19/2018","7,603.85","7,631.33","7,631.33","7,548.84","921.29M","-0.36%"
"06/18/2018","7,631.33","7,633.91","7,645.47","7,601.60","683.91M","-0.03%"
"06/15/2018","7,633.91","7,765.79","7,781.00","7,633.91","1.76B","-1.70%"
"06/14/2018","7,765.79","7,703.71","7,793.45","7,650.16","1.15B","0.81%"
"06/13/2018","7,703.71","7,703.81","7,746.70","7,677.17","877.98M","0.00%"
"06/12/2018","7,703.81","7,737.43","7,762.77","7,701.33","797.69M","-0.43%"
"06/11/2018","7,737.43","7,681.07","7,756.02","7,681.07","758.83M","0.73%"
"06/08/2018","7,681.07","7,704.40","7,714.32","7,637.52","778.85M","-0.30%"
"06/07/2018","7,704.40","7,712.37","7,756.66","7,698.15","1.09B","-0.10%"
"06/06/2018","7,712.37","7,686.80","7,730.48","7,671.62","909.67M","0.33%"
"06/05/2018","7,686.80","7,741.29","7,744.46","7,686.61","962.54M","-0.70%"
"06/04/2018","7,741.29","7,701.77","7,772.12","7,701.70","743.52M","0.51%"
"06/01/2018","7,701.77","7,678.20","7,746.73","7,678.20","807.70M","0.31%"
"05/31/2018","7,678.20","7,689.57","7,727.45","7,651.12","1.59B","-0.15%"
"05/30/2018","7,689.57","7,632.64","7,689.57","7,618.12","950.54M","0.75%"
"05/29/2018","7,632.64","7,730.28","7,730.28","7,610.66","1.33B","-1.26%"
"05/25/2018","7,730.28","7,716.74","7,753.32","7,703.26","852.47M","0.18%"
"05/24/2018","7,716.74","7,788.44","7,803.45","7,716.74","917.82M","-0.92%"
"05/23/2018","7,788.44","7,877.45","7,877.45","7,765.32","944.43M","-1.13%"
"05/22/2018","7,877.45","7,859.17","7,903.50","7,854.58","829.87M","0.23%"
"05/21/2018","7,859.17","7,778.79","7,868.12","7,778.12","713.10M","1.03%"
"05/18/2018","7,778.79","7,787.97","7,791.41","7,753.27","927.55M","-0.12%"
"05/17/2018","7,787.97","7,734.20","7,788.23","7,713.85","802.62M","0.70%"
"05/16/2018","7,734.20","7,722.98","7,745.53","7,717.76","959.90M","0.15%"
"05/15/2018","7,722.98","7,710.98","7,752.02","7,687.49","1.06B","0.16%"
"05/14/2018","7,710.98","7,724.55","7,727.96","7,688.57","772.86M","-0.18%"
"05/11/2018","7,724.55","7,700.97","7,728.89","7,691.69","754.16M","0.31%"
"05/10/2018","7,700.97","7,662.52","7,706.87","7,631.58","901.48M","0.50%"
"05/09/2018","7,662.52","7,565.75","7,662.52","7,565.75","918.68M","1.28%"
"05/08/2018","7,565.75","7,567.14","7,598.51","7,550.44","896.88M","-0.02%"
"05/04/2018","7,567.14","7,502.69","7,570.22","7,502.69","886.34M","0.86%"
"05/03/2018","7,502.69","7,543.20","7,555.18","7,492.39","745.26M","-0.54%"
"05/02/2018","7,543.20","7,520.36","7,572.98","7,519.62","855.11M","0.30%"
"05/01/2018","7,520.36","7,509.30","7,549.07","7,506.57","584.61M","0.15%"
"04/30/2018","7,509.30","7,502.21","7,546.16","7,497.11","1.02B","0.09%"
"04/27/2018","7,502.21","7,421.43","7,507.12","7,421.28","773.11M","1.09%"
"04/26/2018","7,421.43","7,379.32","7,421.43","7,355.00","839.86M","0.57%"
"04/25/2018","7,379.32","7,425.40","7,427.13","7,334.64","906.77M","-0.62%"
"04/24/2018","7,425.40","7,398.87","7,439.58","7,397.29","862.03M","0.36%"
"04/23/2018","7,398.87","7,368.17","7,404.11","7,359.73","799.46M","0.42%"
"04/20/2018","7,368.17","7,328.92","7,368.17","7,323.31","792.27M","0.54%"
"04/19/2018","7,328.92","7,317.34","7,340.73","7,309.42","811.86M","0.16%"
"04/18/2018","7,317.34","7,226.05","7,325.59","7,226.05","904.18M","1.26%"
"04/17/2018","7,226.05","7,198.20","7,240.41","7,189.85","735.88M","0.39%"
"04/16/2018","7,198.20","7,264.56","7,265.83","7,195.46","889.30M","-0.91%"
"04/13/2018","7,264.56","7,258.34","7,274.99","7,249.07","677.12M","0.09%"
"04/12/2018","7,258.34","7,257.14","7,266.64","7,240.76","687.15M","0.02%"
"04/11/2018","7,257.14","7,266.75","7,270.28","7,243.32","789.65M","-0.13%"
"04/10/2018","7,266.75","7,194.75","7,266.75","7,194.75","778.17M","1.00%"
"04/09/2018","7,194.75","7,183.64","7,209.68","7,145.57","691.58M","0.15%"
"04/06/2018","7,183.64","7,199.50","7,214.02","7,163.11","676.29M","-0.22%"
"04/05/2018","7,199.50","7,034.01","7,199.50","7,034.01","819.22M","2.35%"
"04/04/2018","7,034.01","7,030.46","7,046.26","6,971.75","818.65M","0.05%"
"04/03/2018","7,030.46","7,056.61","7,064.98","6,996.76","814.72M","-0.37%"
"03/29/2018","7,056.61","7,044.74","7,109.93","7,042.73","900.25M","0.17%"
"03/28/2018","7,044.74","7,000.14","7,044.74","6,923.33","785.93M","0.64%"
"03/27/2018","7,000.14","6,888.69","7,042.37","6,888.69","712.08M","1.62%"
"03/26/2018","6,888.69","6,921.94","6,958.47","6,866.94","788.73M","-0.48%"
"03/23/2018","6,921.94","6,952.59","6,952.82","6,876.96","906.20M","-0.44%"
"03/22/2018","6,952.59","7,038.97","7,038.97","6,914.45","887.62M","-1.23%"
"03/21/2018","7,038.97","7,061.27","7,065.66","7,016.79","785.55M","-0.32%"
"03/20/2018","7,061.27","7,042.93","7,081.50","7,042.60","764.83M","0.26%"
"03/19/2018","7,042.93","7,164.14","7,164.19","7,034.91","750.73M","-1.69%"
"03/16/2018","7,164.14","7,139.76","7,187.27","7,131.31","1.42B","0.34%"
"03/15/2018","7,139.76","7,132.69","7,162.58","7,127.08","833.05M","0.10%"
"03/14/2018","7,132.69","7,138.78","7,176.51","7,122.76","775.44M","-0.09%"
"03/13/2018","7,138.78","7,214.76","7,224.13","7,125.60","790.45M","-1.05%"
"03/12/2018","7,214.76","7,224.51","7,254.87","7,198.18","631.27M","-0.13%"
"03/09/2018","7,224.51","7,203.24","7,225.28","7,189.74","671.26M","0.30%"
"03/08/2018","7,203.24","7,157.84","7,212.14","7,145.70","734.71M","0.63%"
"03/07/2018","7,157.84","7,146.75","7,180.71","7,109.56","889.06M","0.16%"
"03/06/2018","7,146.75","7,115.98","7,197.80","7,115.60","810.45M","0.43%"
"03/05/2018","7,115.98","7,069.90","7,119.21","7,062.13","956.92M","0.65%"
"03/02/2018","7,069.90","7,175.64","7,175.64","7,063.42","938.59M","-1.47%"
"03/01/2018","7,175.64","7,231.91","7,231.91","7,153.39","886.34M","-0.78%"
"02/28/2018","7,231.91","7,282.45","7,293.36","7,231.91","948.41M","-0.69%"
"02/27/2018","7,282.45","7,289.58","7,326.02","7,272.87","740.36M","-0.10%"
"02/26/2018","7,289.58","7,244.41","7,312.98","7,244.31","603.89M","0.62%"
"02/23/2018","7,244.41","7,252.39","7,262.05","7,220.81","695.74M","-0.11%"
"02/22/2018","7,252.39","7,281.57","7,281.57","7,187.76","952.98M","-0.40%"
"02/21/2018","7,281.57","7,246.77","7,291.80","7,220.55","930.80M","0.48%"
"02/20/2018","7,246.77","7,247.66","7,264.78","7,202.14","699.56M","-0.01%"
"02/19/2018","7,247.66","7,294.70","7,306.21","7,239.98","520.05M","-0.64%"
"02/16/2018","7,294.70","7,234.81","7,307.97","7,234.81","671.91M","0.83%"
"02/15/2018","7,234.81","7,213.97","7,267.96","7,206.69","770.03M","0.29%"
"02/14/2018","7,213.97","7,168.01","7,243.15","7,145.73","969.40M","0.64%"
"02/13/2018","7,168.01","7,177.06","7,202.99","7,165.83","740.99M","-0.13%"
"02/12/2018","7,177.06","7,092.43","7,199.93","7,092.43","737.67M","1.19%"
"02/09/2018","7,092.43","7,170.69","7,170.69","7,073.03","955.73M","-1.09%"
"02/08/2018","7,170.69","7,279.42","7,279.42","7,161.31","1.00B","-1.49%"
"02/07/2018","7,279.42","7,141.40","7,311.50","7,141.40","1.06B","1.93%"
"02/06/2018","7,141.40","7,334.98","7,334.98","7,079.41","1.40B","-2.64%"
"02/05/2018","7,334.98","7,443.43","7,443.43","7,334.79","916.49M","-1.46%"
"02/02/2018","7,443.43","7,490.39","7,494.76","7,432.25","898.53M","-0.63%"
"02/01/2018","7,490.39","7,533.55","7,554.73","7,476.51","899.49M","-0.57%"
"01/31/2018","7,533.55","7,587.98","7,599.01","7,521.77","907.20M","-0.72%"
"01/30/2018","7,587.98","7,671.53","7,671.67","7,587.12","823.71M","-1.09%"
"01/29/2018","7,671.53","7,665.54","7,689.15","7,663.93","631.88M","0.08%"
"01/26/2018","7,665.54","7,615.84","7,667.40","7,615.84","735.67M","0.65%"
"01/25/2018","7,615.84","7,643.43","7,662.35","7,608.53","735.31M","-0.36%"
"01/24/2018","7,643.43","7,731.83","7,731.98","7,643.43","769.85M","-1.14%"
"01/23/2018","7,731.83","7,715.44","7,745.22","7,710.03","765.38M","0.21%"
"01/22/2018","7,715.44","7,730.79","7,739.35","7,703.67","752.61M","-0.20%"
"01/19/2018","7,730.79","7,700.96","7,731.82","7,694.66","820.00M","0.39%"
"01/18/2018","7,700.96","7,725.43","7,739.54","7,683.71","789.20M","-0.32%"
"01/17/2018","7,725.43","7,755.93","7,755.93","7,711.11","847.95M","-0.39%"
"01/16/2018","7,755.93","7,769.14","7,791.83","7,740.55","849.62M","-0.17%"
"01/15/2018","7,769.14","7,778.64","7,783.61","7,763.43","568.97M","-0.12%"
"01/12/2018","7,778.64","7,762.94","7,792.56","7,752.63","1.17B","0.20%"
"01/11/2018","7,762.94","7,748.51","7,768.96","7,734.64","1.01B","0.19%"
"01/10/2018","7,748.51","7,731.02","7,756.11","7,716.21","885.66M","0.23%"
"01/09/2018","7,731.02","7,696.51","7,733.12","7,696.50","728.23M","0.45%"
"01/08/2018","7,696.51","7,724.22","7,733.39","7,691.77","654.44M","-0.36%"
"01/05/2018","7,724.22","7,695.88","7,727.73","7,689.81","655.71M","0.37%"
"01/04/2018","7,695.88","7,671.11","7,702.51","7,671.11","727.69M","0.32%"
"01/03/2018","7,671.11","7,648.10","7,689.86","7,640.53","589.34M","0.30%"
"01/02/2018","7,648.10","7,687.77","7,691.34","7,624.14","594.07M","-0.52%"
"12/29/2017","7,687.77","7,622.88","7,697.62","7,620.01","298.18M","0.85%"
"12/28/2017","7,622.88","7,620.68","7,633.55","7,609.77","321.52M","0.03%"
"12/27/2017","7,620.68","7,592.66","7,632.71","7,586.42","472.51M","0.37%"
"12/22/2017","7,592.66","7,603.98","7,614.40","7,585.47","251.37M","-0.15%"
"12/21/2017","7,603.98","7,525.22","7,609.69","7,517.88","640.56M","1.05%"
"12/20/2017","7,525.22","7,544.09","7,550.60","7,511.45","679.71M","-0.25%"
"12/19/2017","7,544.09","7,537.01","7,563.49","7,534.08","695.72M","0.09%"
"12/18/2017","7,537.01","7,490.57","7,544.26","7,490.57","585.56M","0.62%"
"12/15/2017","7,490.57","7,448.12","7,490.57","7,433.78","1.22B","0.57%"
"12/14/2017","7,448.12","7,496.51","7,496.70","7,448.12","924.06M","-0.65%"
"12/13/2017","7,496.51","7,500.41","7,510.77","7,492.58","1.03B","-0.05%"
"12/12/2017","7,500.41","7,453.48","7,501.52","7,448.31","1.02B","0.63%"
"12/11/2017","7,453.48","7,393.96","7,458.40","7,393.58","933.60M","0.80%"
"12/08/2017","7,393.96","7,320.75","7,412.21","7,314.23","1.04B","1.00%"
"12/07/2017","7,320.75","7,348.03","7,371.73","7,314.60","823.88M","-0.37%"
"12/06/2017","7,348.03","7,327.50","7,369.71","7,289.36","692.98M","0.28%"
"12/05/2017","7,327.50","7,338.97","7,373.90","7,326.57","903.63M","-0.16%"
"12/04/2017","7,338.97","7,300.49","7,369.65","7,300.49","768.16M","0.53%"
"12/01/2017","7,300.49","7,326.67","7,355.43","7,288.73","865.25M","-0.36%"
"11/30/2017","7,326.67","7,393.56","7,416.26","7,326.67","1.38B","-0.90%"
"11/29/2017","7,393.56","7,460.65","7,460.65","7,386.67","1.11B","-0.90%"
"11/28/2017","7,460.65","7,383.90","7,469.61","7,373.95","946.12M","1.04%"
"11/27/2017","7,383.90","7,409.64","7,438.39","7,383.90","656.44M","-0.35%"
"11/24/2017","7,409.64","7,417.24","7,425.19","7,389.54","561.89M","-0.10%"
"11/23/2017","7,417.24","7,419.02","7,422.73","7,373.31","577.46M","-0.02%"
"11/22/2017","7,419.02","7,411.34","7,460.91","7,410.38","859.39M","0.10%"
"11/21/2017","7,411.34","7,389.46","7,422.18","7,367.86","753.29M","0.30%"
"11/20/2017","7,389.46","7,380.68","7,397.39","7,350.37","738.28M","0.12%"
"11/17/2017","7,380.68","7,386.94","7,406.53","7,356.16","731.96M","-0.08%"
"11/16/2017","7,386.94","7,372.61","7,393.28","7,368.14","926.68M","0.19%"
"11/15/2017","7,372.61","7,414.42","7,415.09","7,357.06","919.47M","-0.56%"
"11/14/2017","7,414.42","7,415.18","7,436.57","7,396.92","1.18B","-0.01%"
"11/13/2017","7,415.18","7,432.99","7,469.30","7,402.95","759.79M","-0.24%"
"11/10/2017","7,432.99","7,484.10","7,500.29","7,421.73","694.70M","-0.68%"
"11/09/2017","7,484.10","7,529.72","7,532.20","7,476.89","860.71M","-0.61%"
"11/08/2017","7,529.72","7,513.11","7,534.49","7,504.77","807.97M","0.22%"
"11/07/2017","7,513.11","7,562.28","7,582.85","7,507.83","747.48M","-0.65%"
"11/06/2017","7,562.28","7,560.35","7,572.90","7,544.20","632.91M","0.03%"
"11/03/2017","7,560.35","7,555.32","7,580.95","7,541.91","672.31M","0.07%"
"11/02/2017","7,555.32","7,487.96","7,562.26","7,478.88","1.03B","0.90%"
"11/01/2017","7,487.96","7,493.08","7,532.36","7,487.96","1.21B","-0.07%"
"10/31/2017","7,493.08","7,487.81","7,516.85","7,483.97","730.56M","0.07%"
"10/30/2017","7,487.81","7,505.03","7,507.02","7,478.41","749.41M","-0.23%"
"10/27/2017","7,505.03","7,486.50","7,520.76","7,485.24","870.03M","0.25%"
"10/26/2017","7,486.50","7,447.21","7,488.26","7,440.11","1.02B","0.53%"
"10/25/2017","7,447.21","7,526.54","7,528.46","7,437.42","922.39M","-1.05%"
"10/24/2017","7,526.54","7,524.45","7,535.22","7,508.50","676.61M","0.03%"
"10/23/2017","7,524.45","7,523.23","7,542.00","7,511.77","565.83M","0.02%"
"10/20/2017","7,523.23","7,523.04","7,560.04","7,517.07","752.95M","0.00%"
"10/19/2017","7,523.04","7,542.87","7,542.87","7,485.42","828.89M","-0.26%"
"10/18/2017","7,542.87","7,516.17","7,555.24","7,516.17","645.75M","0.36%"
"10/17/2017","7,516.17","7,526.97","7,550.44","7,506.31","1.03B","-0.14%"
"10/16/2017","7,526.97","7,535.44","7,557.00","7,526.73","738.06M","-0.11%"
"10/13/2017","7,535.44","7,556.24","7,556.24","7,521.09","686.92M","-0.28%"
"10/12/2017","7,556.24","7,533.81","7,565.11","7,526.33","722.80M","0.30%"
"10/11/2017","7,533.81","7,538.27","7,550.17","7,519.60","1.25B","-0.06%"
"10/10/2017","7,538.27","7,507.89","7,543.88","7,504.56","821.71M","0.40%"
"10/09/2017","7,507.89","7,522.87","7,523.65","7,493.68","695.85M","-0.20%"
"10/06/2017","7,522.87","7,507.99","7,527.72","7,507.99","694.72M","0.20%"
"10/05/2017","7,507.99","7,467.58","7,507.99","7,464.40","775.86M","0.54%"
"10/04/2017","7,467.58","7,468.11","7,476.33","7,456.61","945.11M","-0.01%"
"10/03/2017","7,468.11","7,438.84","7,469.82","7,426.67","718.75M","0.39%"
"10/02/2017","7,438.84","7,372.76","7,438.84","7,372.73","891.03M","0.90%"
"09/29/2017","7,372.76","7,322.82","7,382.67","7,321.64","750.78M","0.68%"
"09/28/2017","7,322.82","7,313.51","7,323.33","7,289.75","748.36M","0.13%"
"09/27/2017","7,313.51","7,285.74","7,327.50","7,285.74","857.13M","0.38%"
"09/26/2017","7,285.74","7,301.29","7,311.82","7,273.32","707.67M","-0.21%"
"09/25/2017","7,301.29","7,310.64","7,312.45","7,272.49","601.76M","-0.13%"
"09/22/2017","7,310.64","7,263.90","7,320.28","7,242.23","644.90M","0.64%"
"09/21/2017","7,263.90","7,271.95","7,289.16","7,260.05","807.48M","-0.11%"
"09/20/2017","7,271.95","7,275.25","7,289.93","7,249.58","794.23M","-0.05%"
"09/19/2017","7,275.25","7,253.28","7,285.67","7,243.59","797.45M","0.30%"
"09/18/2017","7,253.28","7,215.47","7,257.45","7,215.47","734.33M","0.52%"
"09/15/2017","7,215.47","7,295.39","7,295.39","7,196.58","1.46B","-1.10%"
"09/14/2017","7,295.39","7,379.70","7,390.70","7,287.73","1.26B","-1.14%"
"09/13/2017","7,379.70","7,400.69","7,401.30","7,336.23","870.09M","-0.28%"
"09/12/2017","7,400.69","7,413.59","7,435.84","7,386.98","768.76M","-0.17%"
"09/11/2017","7,413.59","7,377.60","7,434.07","7,377.60","633.81M","0.49%"
"09/08/2017","7,377.60","7,396.98","7,396.98","7,358.42","619.11M","-0.26%"
"09/07/2017","7,396.98","7,354.13","7,412.68","7,348.38","663.67M","0.58%"
"09/06/2017","7,354.13","7,372.92","7,372.92","7,322.42","697.15M","-0.25%"
"09/05/2017","7,372.92","7,411.47","7,437.51","7,369.58","558.08M","-0.52%"
"09/04/2017","7,411.47","7,438.50","7,438.50","7,404.05","398.67M","-0.36%"
"09/01/2017","7,438.50","7,430.62","7,460.52","7,430.06","552.91M","0.11%"
"08/31/2017","7,430.62","7,365.26","7,443.68","7,365.01","784.89M","0.89%"
"08/30/2017","7,365.26","7,337.43","7,381.33","7,337.43","686.61M","0.38%"
"08/29/2017","7,337.43","7,401.46","7,401.62","7,289.20","757.21M","-0.87%"
"08/25/2017","7,401.46","7,407.06","7,439.53","7,401.46","513.07M","-0.08%"
"08/24/2017","7,407.06","7,382.65","7,437.87","7,382.16","756.85M","0.33%"
"08/23/2017","7,382.65","7,381.74","7,394.52","7,360.33","611.96M","0.01%"
"08/22/2017","7,381.74","7,318.88","7,387.55","7,318.88","676.38M","0.86%"
"08/21/2017","7,318.88","7,323.98","7,331.95","7,296.80","552.91M","-0.07%"
"08/18/2017","7,323.98","7,387.87","7,387.87","7,302.47","741.56M","-0.86%"
"08/17/2017","7,387.87","7,433.03","7,433.74","7,382.16","593.94M","-0.61%"
"08/16/2017","7,433.03","7,383.85","7,444.98","7,383.85","586.26M","0.67%"
"08/15/2017","7,383.85","7,353.89","7,399.35","7,353.89","510.54M","0.41%"
"08/14/2017","7,353.89","7,309.96","7,377.66","7,309.96","553.29M","0.60%"
"08/11/2017","7,309.96","7,389.94","7,389.96","7,296.49","767.62M","-1.08%"
"08/10/2017","7,389.94","7,498.06","7,498.06","7,376.66","735.23M","-1.44%"
"08/09/2017","7,498.06","7,542.73","7,542.73","7,475.83","803.93M","-0.59%"
"08/08/2017","7,542.73","7,531.94","7,551.85","7,518.45","615.74M","0.14%"
"08/07/2017","7,531.94","7,511.71","7,533.74","7,511.71","632.19M","0.27%"
"08/04/2017","7,511.71","7,474.77","7,519.06","7,465.12","776.41M","0.49%"
"08/03/2017","7,474.77","7,411.43","7,484.53","7,384.22","819.30M","0.85%"
"08/02/2017","7,411.43","7,423.66","7,434.71","7,388.91","731.35M","-0.16%"
"08/01/2017","7,423.66","7,372.00","7,440.14","7,372.00","740.61M","0.70%"
"07/31/2017","7,372.00","7,368.37","7,425.52","7,367.86","927.04M","0.05%"
"07/28/2017","7,368.37","7,443.01","7,443.01","7,339.44","822.65M","-1.00%"
"07/27/2017","7,443.01","7,452.32","7,461.85","7,410.85","1.01B","-0.12%"
"07/26/2017","7,452.32","7,434.82","7,487.05","7,434.68","774.93M","0.24%"
"07/25/2017","7,434.82","7,377.73","7,453.74","7,377.73","798.83M","0.77%"
"07/24/2017","7,377.73","7,452.91","7,453.22","7,357.50","1.11B","-1.01%"
"07/21/2017","7,452.91","7,487.87","7,515.12","7,433.89","722.77M","-0.47%"
"07/20/2017","7,487.87","7,430.91","7,502.73","7,430.91","728.09M","0.77%"
"07/19/2017","7,430.91","7,390.22","7,442.84","7,379.33","660.42M","0.55%"
"07/18/2017","7,390.22","7,404.13","7,418.53","7,357.77","634.51M","-0.19%"
"07/17/2017","7,404.13","7,378.39","7,426.37","7,378.30","613.97M","0.35%"
"07/14/2017","7,378.39","7,413.44","7,419.81","7,363.77","852.44M","-0.47%"
"07/13/2017","7,413.44","7,416.93","7,428.24","7,403.75","970.71M","-0.05%"
"07/12/2017","7,416.93","7,329.76","7,439.08","7,329.76","821.52M","1.19%"
"07/11/2017","7,329.76","7,370.03","7,386.88","7,304.77","683.49M","-0.55%"
"07/10/2017","7,370.03","7,350.92","7,388.02","7,344.31","615.60M","0.26%"
"07/07/2017","7,350.92","7,337.28","7,359.48","7,314.69","690.33M","0.19%"
"07/06/2017","7,337.28","7,367.60","7,373.85","7,303.46","791.24M","-0.41%"
"07/05/2017","7,367.60","7,357.23","7,386.92","7,347.52","952.88M","0.14%"
"07/04/2017","7,357.23","7,377.09","7,383.45","7,336.75","600.30M","-0.27%"
"07/03/2017","7,377.09","7,312.72","7,386.11","7,312.26","726.60M","0.88%"
"06/30/2017","7,312.72","7,350.32","7,377.38","7,302.71","1.01B","-0.51%"
"06/29/2017","7,350.32","7,387.80","7,451.95","7,341.75","959.17M","-0.51%"
"06/28/2017","7,387.80","7,434.36","7,445.31","7,381.36","859.43M","-0.63%"
"06/27/2017","7,434.36","7,446.80","7,451.68","7,411.36","725.03M","-0.17%"
"06/26/2017","7,446.80","7,424.13","7,480.95","7,424.13","714.44M","0.31%"
"06/23/2017","7,424.13","7,439.29","7,441.79","7,396.75","627.79M","-0.20%"
"06/22/2017","7,439.29","7,447.79","7,448.48","7,398.83","813.13M","-0.11%"
"06/21/2017","7,447.79","7,472.71","7,477.17","7,417.45","869.74M","-0.33%"
"06/20/2017","7,472.71","7,523.81","7,561.07","7,472.71","1.04B","-0.68%"
"06/19/2017","7,523.81","7,463.54","7,537.84","7,463.54","568.21M","0.81%"
"06/16/2017","7,463.54","7,419.36","7,478.99","7,419.36","1.95B","0.60%"
"06/15/2017","7,419.36","7,474.40","7,474.51","7,377.86","1.01B","-0.74%"
"06/14/2017","7,474.40","7,500.44","7,545.07","7,474.40","972.22M","-0.35%"
"06/13/2017","7,500.44","7,511.87","7,540.05","7,491.86","782.43M","-0.15%"
"06/12/2017","7,511.87","7,527.33","7,540.53","7,483.61","712.64M","-0.21%"
"06/09/2017","7,527.33","7,449.98","7,545.12","7,449.73","1.11B","1.04%"
"06/08/2017","7,449.98","7,478.62","7,489.66","7,449.98","893.77M","-0.38%"
"06/07/2017","7,478.62","7,524.95","7,555.62","7,476.33","901.56M","-0.62%"
"06/06/2017","7,524.95","7,525.76","7,527.64","7,502.83","867.65M","-0.01%"
"06/05/2017","7,525.76","7,547.63","7,562.00","7,519.06","624.06M","-0.29%"
"06/02/2017","7,547.63","7,543.77","7,598.99","7,539.96","823.79M","0.05%"
"06/01/2017","7,543.77","7,519.95","7,558.63","7,518.32","884.73M","0.32%"
"05/31/2017","7,519.95","7,526.51","7,586.45","7,519.68","1.89B","-0.09%"
"05/30/2017","7,526.51","7,547.63","7,547.65","7,497.07","760.55M","-0.28%"
"05/26/2017","7,547.63","7,517.71","7,554.21","7,514.39","797.46M","0.40%"
"05/25/2017","7,517.71","7,514.90","7,529.74","7,497.07","638.44M","0.04%"
"05/24/2017","7,514.90","7,485.29","7,519.58","7,475.11","848.44M","0.40%"
"05/23/2017","7,485.29","7,496.34","7,521.94","7,485.29","699.94M","-0.15%"
"05/22/2017","7,496.34","7,470.71","7,518.12","7,470.71","691.51M","0.34%"
"05/19/2017","7,470.71","7,436.42","7,480.28","7,436.42","845.28M","0.46%"
"05/18/2017","7,436.42","7,503.47","7,503.68","7,389.26","1.01B","-0.89%"
"05/17/2017","7,503.47","7,522.03","7,532.95","7,478.88","1.02B","-0.25%"
"05/16/2017","7,522.03","7,454.37","7,533.70","7,452.44","1.04B","0.91%"
"05/15/2017","7,454.37","7,435.39","7,460.20","7,434.24","857.70M","0.26%"
"05/12/2017","7,435.39","7,386.63","7,435.39","7,381.74","879.09M","0.66%"
"05/11/2017","7,386.63","7,385.24","7,396.19","7,369.23","985.41M","0.02%"
"05/10/2017","7,385.24","7,342.21","7,398.58","7,331.30","848.26M","0.59%"
"05/09/2017","7,342.21","7,300.86","7,359.61","7,300.86","729.08M","0.57%"
"05/08/2017","7,300.86","7,297.43","7,322.32","7,285.76","738.84M","0.05%"
"05/05/2017","7,297.43","7,248.10","7,297.43","7,222.81","908.53M","0.68%"
"05/04/2017","7,248.10","7,234.53","7,280.70","7,226.07","947.13M","0.19%"
"05/03/2017","7,234.53","7,250.05","7,250.05","7,218.56","790.04M","-0.21%"
"05/02/2017","7,250.05","7,203.94","7,254.32","7,203.94","939.01M","0.64%"
"04/28/2017","7,203.94","7,237.17","7,243.31","7,197.28","1.18B","-0.46%"
"04/27/2017","7,237.17","7,288.72","7,289.38","7,224.35","1.13B","-0.71%"
"04/26/2017","7,288.72","7,275.64","7,302.57","7,262.32","887.07M","0.18%"
"04/25/2017","7,275.64","7,264.68","7,290.82","7,258.74","861.21M","0.15%"
"04/24/2017","7,264.68","7,114.55","7,273.90","7,114.55","1.06B","2.11%"
"04/21/2017","7,114.55","7,118.54","7,134.53","7,104.22","924.44M","-0.06%"
"04/20/2017","7,118.54","7,114.36","7,127.58","7,096.83","856.40M","0.06%"
"04/19/2017","7,114.36","7,147.50","7,151.18","7,114.36","1.05B","-0.46%"
"04/18/2017","7,147.50","7,327.59","7,327.59","7,147.50","1.07B","-2.46%"
"04/13/2017","7,327.59","7,348.99","7,348.99","7,298.85","738.07M","-0.29%"
"04/12/2017","7,348.99","7,365.50","7,402.42","7,348.84","915.89M","-0.22%"
"04/11/2017","7,365.50","7,348.94","7,406.35","7,332.59","820.61M","0.23%"
"04/10/2017","7,348.94","7,349.37","7,359.25","7,337.01","689.47M","-0.01%"
"04/07/2017","7,349.37","7,303.20","7,349.37","7,284.73","804.73M","0.63%"
"04/06/2017","7,303.20","7,331.68","7,331.68","7,258.11","912.35M","-0.39%"
"04/05/2017","7,331.68","7,321.82","7,362.59","7,321.82","772.84M","0.13%"
"04/04/2017","7,321.82","7,282.69","7,324.60","7,282.69","810.27M","0.54%"
"04/03/2017","7,282.69","7,322.92","7,350.30","7,280.76","769.00M","-0.55%"
"03/31/2017","7,322.92","7,369.52","7,369.55","7,322.92","986.61M","-0.63%"
"03/30/2017","7,369.52","7,373.72","7,384.80","7,340.25","784.50M","-0.06%"
"03/29/2017","7,373.72","7,343.42","7,373.72","7,313.90","803.45M","0.41%"
"03/28/2017","7,343.42","7,293.50","7,349.59","7,285.80","815.61M","0.68%"
"03/27/2017","7,293.50","7,336.82","7,336.82","7,255.78","802.85M","-0.59%"
"03/24/2017","7,336.82","7,340.71","7,351.60","7,322.86","652.71M","-0.05%"
"03/23/2017","7,340.71","7,324.72","7,346.40","7,307.65","807.60M","0.22%"
"03/22/2017","7,324.72","7,378.34","7,378.40","7,301.83","932.57M","-0.73%"
"03/21/2017","7,378.34","7,429.81","7,440.85","7,360.67","873.16M","-0.69%"
"03/20/2017","7,429.81","7,424.96","7,433.68","7,399.97","629.94M","0.07%"
"03/17/2017","7,424.96","7,415.95","7,447.00","7,402.64","1.56B","0.12%"
"03/16/2017","7,415.95","7,368.64","7,444.62","7,368.64","1.12B","0.64%"
"03/15/2017","7,368.64","7,357.85","7,383.33","7,357.58","845.71M","0.15%"
"03/14/2017","7,357.85","7,367.08","7,386.17","7,339.27","868.57M","-0.13%"
"03/13/2017","7,367.08","7,343.08","7,377.41","7,342.02","708.55M","0.33%"
"03/10/2017","7,343.08","7,314.96","7,373.00","7,314.96","948.17M","0.38%"
"03/09/2017","7,314.96","7,334.61","7,336.26","7,263.62","1.08B","-0.27%"
"03/08/2017","7,334.61","7,338.99","7,354.47","7,315.86","893.03M","-0.06%"
"03/07/2017","7,338.99","7,350.12","7,363.74","7,335.27","870.64M","-0.15%"
"03/06/2017","7,350.12","7,374.26","7,374.26","7,338.94","758.39M","-0.33%"
"03/03/2017","7,374.26","7,382.35","7,382.36","7,353.64","876.91M","-0.11%"
"03/02/2017","7,382.35","7,382.90","7,394.61","7,372.68","955.78M","-0.01%"
"03/01/2017","7,382.90","7,263.44","7,383.05","7,263.44","1.07B","1.64%"
"02/28/2017","7,263.44","7,253.00","7,284.20","7,246.60","1.01B","0.14%"
"02/27/2017","7,253.00","7,243.70","7,285.19","7,239.66","856.82M","0.13%"
"02/24/2017","7,243.70","7,271.37","7,271.86","7,192.45","881.80M","-0.38%"
"02/23/2017","7,271.37","7,302.25","7,310.05","7,262.94","1.10B","-0.42%"
"02/22/2017","7,302.25","7,274.83","7,314.26","7,274.71","1.18B","0.38%"
"02/21/2017","7,274.83","7,299.86","7,318.98","7,267.49","924.70M","-0.34%"
"02/20/2017","7,299.86","7,299.96","7,329.56","7,283.29","655.61M","0.00%"
"02/17/2017","7,299.96","7,277.92","7,307.14","7,253.16","826.58M","0.30%"
"02/16/2017","7,277.92","7,302.41","7,302.41","7,260.74","705.21M","-0.34%"
"02/15/2017","7,302.41","7,268.56","7,313.44","7,268.56","738.32M","0.47%"
"02/14/2017","7,268.56","7,278.92","7,292.65","7,251.81","779.70M","-0.14%"
"02/13/2017","7,278.92","7,258.75","7,298.47","7,257.67","665.38M","0.28%"
"02/10/2017","7,258.75","7,229.50","7,274.80","7,229.45","902.73M","0.40%"
"02/09/2017","7,229.50","7,188.82","7,238.74","7,183.14","805.92M","0.57%"
"02/08/2017","7,188.82","7,186.22","7,195.94","7,147.18","963.91M","0.04%"
"02/07/2017","7,186.22","7,172.15","7,227.22","7,159.57","793.59M","0.20%"
"02/06/2017","7,172.15","7,188.30","7,208.73","7,165.17","633.43M","-0.22%"
"02/03/2017","7,188.30","7,140.75","7,202.37","7,133.63","810.15M","0.67%"
"02/02/2017","7,140.75","7,107.65","7,163.94","7,093.57","907.25M","0.47%"
"02/01/2017","7,107.65","7,099.15","7,170.24","7,099.15","809.59M","0.12%"
"01/31/2017","7,099.15","7,118.48","7,162.53","7,099.15","983.51M","-0.27%"
"01/30/2017","7,118.48","7,184.49","7,184.70","7,105.67","915.51M","-0.92%"
"01/27/2017","7,184.49","7,161.49","7,184.73","7,150.76","903.60M","0.32%"
"01/26/2017","7,161.49","7,164.43","7,184.75","7,151.34","933.67M","-0.04%"
"01/25/2017","7,164.43","7,150.34","7,205.68","7,150.34","1.02B","0.20%"
"01/24/2017","7,150.34","7,151.18","7,190.15","7,144.44","1.10B","-0.01%"
"01/23/2017","7,151.18","7,198.44","7,198.44","7,131.46","736.25M","-0.66%"
"01/20/2017","7,198.44","7,208.44","7,221.01","7,193.73","819.06M","-0.14%"
"01/19/2017","7,208.44","7,247.61","7,249.63","7,191.67","771.56M","-0.54%"
"01/18/2017","7,247.61","7,220.38","7,260.47","7,218.41","820.14M","0.38%"
"01/17/2017","7,220.38","7,327.13","7,329.27","7,220.38","879.28M","-1.46%"
"01/16/2017","7,327.13","7,337.81","7,354.14","7,320.47","633.74M","-0.15%"
"01/13/2017","7,337.81","7,292.37","7,338.49","7,292.37","836.37M","0.62%"
"01/12/2017","7,292.37","7,290.49","7,302.34","7,263.42","857.07M","0.03%"
"01/11/2017","7,290.49","7,275.47","7,328.51","7,257.15","905.71M","0.21%"
"01/10/2017","7,275.47","7,237.77","7,284.81","7,237.29","961.63M","0.52%"
"01/09/2017","7,237.77","7,210.05","7,243.76","7,207.40","725.81M","0.38%"
"01/06/2017","7,210.05","7,195.31","7,210.05","7,180.64","715.80M","0.20%"
"01/05/2017","7,195.31","7,189.74","7,211.96","7,172.77","792.50M","0.08%"
"01/04/2017","7,189.74","7,177.89","7,189.74","7,168.77","765.00M","0.17%"
"01/03/2017","7,177.89","7,142.83","7,205.45","7,142.83","820.16M","0.49%"
"12/30/2016","7,142.83","7,120.26","7,142.83","7,087.54","326.49M","0.32%"
"12/29/2016","7,120.26","7,106.08","7,120.26","7,074.47","395.48M","0.20%"
"12/28/2016","7,106.08","7,068.17","7,109.37","7,060.85","470.76M","0.54%"
"12/23/2016","7,068.17","7,063.68","7,071.11","7,054.64","191.92M","0.06%"
"12/22/2016","7,063.68","7,041.42","7,063.68","7,020.13","483.16M","0.32%"
"12/21/2016","7,041.42","7,043.96","7,056.98","7,025.68","618.99M","-0.04%"
"12/20/2016","7,043.96","7,017.16","7,045.22","6,992.62","744.31M","0.38%"
"12/19/2016","7,017.16","7,011.64","7,025.74","6,986.44","645.42M","0.08%"
"12/16/2016","7,011.64","6,999.01","7,038.43","6,990.35","1.15B","0.18%"
"12/15/2016","6,999.01","6,949.19","7,010.48","6,925.88","1.10B","0.72%"
"12/14/2016","6,949.19","6,968.57","6,970.52","6,941.95","1.00B","-0.28%"
"12/13/2016","6,968.57","6,890.42","6,977.99","6,877.52","930.15M","1.13%"
"12/12/2016","6,890.42","6,954.21","6,976.78","6,875.43","946.23M","-0.92%"
"12/09/2016","6,954.21","6,931.55","6,962.25","6,929.46","827.89M","0.33%"
"12/08/2016","6,931.55","6,902.23","6,937.51","6,892.17","1.05B","0.42%"
"12/07/2016","6,902.23","6,779.84","6,902.23","6,779.84","1.16B","1.81%"
"12/06/2016","6,779.84","6,746.83","6,785.32","6,723.05","871.54M","0.49%"
"12/05/2016","6,746.83","6,730.72","6,799.50","6,697.65","814.97M","0.24%"
"12/02/2016","6,730.72","6,752.93","6,752.93","6,678.74","708.45M","-0.33%"
"12/01/2016","6,752.93","6,783.79","6,789.30","6,688.41","966.72M","-0.45%"
"11/30/2016","6,783.79","6,772.00","6,845.74","6,765.23","1.33B","0.17%"
"11/29/2016","6,772.00","6,799.47","6,800.91","6,729.36","772.23M","-0.40%"
"11/28/2016","6,799.47","6,840.75","6,840.96","6,769.77","709.67M","-0.60%"
"11/25/2016","6,840.75","6,829.20","6,852.14","6,818.12","477.58M","0.17%"
"11/24/2016","6,829.20","6,817.71","6,831.23","6,790.69","491.42M","0.17%"
"11/23/2016","6,817.71","6,819.72","6,880.74","6,779.45","796.85M","-0.03%"
"11/22/2016","6,819.72","6,777.96","6,851.37","6,777.96","896.75M","0.62%"
"11/21/2016","6,777.96","6,775.77","6,820.90","6,754.16","781.74M","0.03%"
"11/18/2016","6,775.77","6,794.71","6,811.62","6,740.34","866.73M","-0.28%"
"11/17/2016","6,794.71","6,749.72","6,798.75","6,745.08","826.25M","0.67%"
"11/16/2016","6,749.72","6,792.74","6,810.53","6,735.69","877.28M","-0.63%"
"11/15/2016","6,792.74","6,753.18","6,820.52","6,753.18","1.16B","0.59%"
"11/14/2016","6,753.18","6,730.43","6,814.19","6,730.43","1.05B","0.34%"
"11/11/2016","6,730.43","6,827.98","6,849.04","6,709.72","1.11B","-1.43%"
"11/10/2016","6,827.98","6,911.84","6,997.25","6,799.05","1.74B","-1.21%"
"11/09/2016","6,911.84","6,843.13","6,911.84","6,696.33","1.36B","1.00%"
"11/08/2016","6,843.13","6,806.90","6,849.31","6,795.06","832.26M","0.53%"
"11/07/2016","6,806.90","6,693.26","6,806.90","6,693.26","862.19M","1.70%"
"11/04/2016","6,693.26","6,790.51","6,790.52","6,676.56","875.84M","-1.43%"
"11/03/2016","6,790.51","6,845.42","6,873.21","6,790.51","1.08B","-0.80%"
"11/02/2016","6,845.42","6,917.14","6,917.14","6,845.42","773.90M","-1.04%"
"11/01/2016","6,917.14","6,954.22","6,993.79","6,903.61","780.87M","-0.53%"
"10/31/2016","6,954.22","6,996.26","6,996.26","6,945.29","810.76M","-0.60%"
"10/28/2016","6,996.26","6,986.57","7,006.43","6,927.21","956.62M","0.14%"
"10/27/2016","6,986.57","6,958.09","7,003.93","6,924.05","961.78M","0.41%"
"10/26/2016","6,958.09","7,017.64","7,017.64","6,917.77","939.84M","-0.85%"
"10/25/2016","7,017.64","6,986.40","7,067.23","6,985.92","861.00M","0.45%"
"10/24/2016","6,986.40","7,020.47","7,067.34","6,983.40","677.60M","-0.49%"
"10/21/2016","7,020.47","7,026.90","7,058.39","7,011.09","757.85M","-0.09%"
"10/20/2016","7,026.90","7,021.92","7,047.55","6,998.84","843.64M","0.07%"
"10/19/2016","7,021.92","7,000.06","7,031.20","6,975.92","823.09M","0.31%"
"10/18/2016","7,000.06","6,947.55","7,033.02","6,946.39","795.84M","0.76%"
"10/17/2016","6,947.55","7,013.55","7,013.55","6,937.43","727.72M","-0.94%"
"10/14/2016","7,013.55","6,977.74","7,055.18","6,977.74","872.17M","0.51%"
"10/13/2016","6,977.74","7,024.01","7,024.01","6,930.04","1.04B","-0.66%"
"10/12/2016","7,024.01","7,070.88","7,079.42","7,015.76","937.94M","-0.66%"
"10/11/2016","7,070.88","7,097.50","7,129.83","7,061.36","983.13M","-0.38%"
"10/10/2016","7,097.50","7,044.39","7,104.49","7,024.08","874.92M","0.75%"
"10/07/2016","7,044.39","6,999.96","7,079.25","6,999.96","1.40B","0.63%"
"10/06/2016","6,999.96","7,033.25","7,049.34","6,999.96","821.63M","-0.47%"
"10/05/2016","7,033.25","7,074.34","7,076.71","7,024.13","970.16M","-0.58%"
"10/04/2016","7,074.34","6,983.52","7,121.93","6,983.52","1.45B","1.30%"
"10/03/2016","6,983.52","6,899.33","6,996.43","6,898.09","745.41M","1.22%"
"09/30/2016","6,899.33","6,919.42","6,919.42","6,809.51","1.18B","-0.29%"
"09/29/2016","6,919.42","6,849.38","6,941.09","6,849.38","859.07M","1.02%"
"09/28/2016","6,849.38","6,807.67","6,878.21","6,807.67","758.30M","0.61%"
"09/27/2016","6,807.67","6,818.04","6,865.45","6,768.86","847.95M","-0.15%"
"09/26/2016","6,818.04","6,909.43","6,909.63","6,806.47","795.94M","-1.32%"
"09/23/2016","6,909.43","6,911.40","6,920.23","6,882.62","760.91M","-0.03%"
"09/22/2016","6,911.40","6,834.77","6,937.33","6,834.77","756.01M","1.12%"
"09/21/2016","6,834.77","6,830.79","6,879.81","6,830.47","722.08M","0.06%"
"09/20/2016","6,830.79","6,813.55","6,869.10","6,798.02","715.57M","0.25%"
"09/19/2016","6,813.55","6,710.28","6,813.95","6,710.28","706.09M","1.54%"
"09/16/2016","6,710.28","6,730.30","6,746.29","6,692.73","1.39B","-0.30%"
"09/15/2016","6,730.30","6,673.31","6,736.84","6,654.82","770.12M","0.85%"
"09/14/2016","6,673.31","6,665.63","6,720.29","6,665.63","695.11M","0.12%"
"09/13/2016","6,665.63","6,700.90","6,724.74","6,665.63","864.67M","-0.53%"
"09/12/2016","6,700.90","6,776.95","6,776.95","6,654.48","887.97M","-1.12%"
"09/09/2016","6,776.95","6,858.70","6,862.38","6,762.30","792.45M","-1.19%"
"09/08/2016","6,858.70","6,846.58","6,889.64","6,819.82","807.43M","0.18%"
"09/07/2016","6,846.58","6,826.05","6,856.12","6,814.87","938.66M","0.30%"
"09/06/2016","6,826.05","6,879.42","6,887.92","6,818.96","687.09M","-0.78%"
"09/05/2016","6,879.42","6,894.60","6,910.66","6,867.08","556.66M","-0.22%"
"09/02/2016","6,894.60","6,745.97","6,928.25","6,745.97","1.18B","2.20%"
"09/01/2016","6,745.97","6,781.51","6,826.22","6,723.21","991.76M","-0.52%"
"08/31/2016","6,781.51","6,820.79","6,832.89","6,779.54","942.42M","-0.58%"
"08/30/2016","6,820.79","6,838.05","6,851.83","6,808.07","741.10M","-0.25%"
"08/26/2016","6,838.05","6,816.90","6,857.29","6,798.82","532.51M","0.31%"
"08/25/2016","6,816.90","6,835.78","6,836.22","6,779.15","657.67M","-0.28%"
"08/24/2016","6,835.78","6,868.51","6,868.51","6,825.22","748.05M","-0.48%"
"08/23/2016","6,868.51","6,828.54","6,885.39","6,828.54","722.22M","0.59%"
"08/22/2016","6,828.54","6,858.95","6,884.61","6,812.07","616.67M","-0.44%"
"08/19/2016","6,858.95","6,868.96","6,871.48","6,840.94","702.48M","-0.15%"
"08/18/2016","6,868.96","6,859.15","6,893.35","6,850.61","579.27M","0.14%"
"08/17/2016","6,859.15","6,893.92","6,920.76","6,849.90","716.29M","-0.50%"
"08/16/2016","6,893.92","6,941.19","6,941.19","6,893.92","643.22M","-0.68%"
"08/15/2016","6,941.19","6,916.02","6,955.34","6,907.17","551.50M","0.36%"
"08/12/2016","6,916.02","6,914.71","6,931.04","6,896.04","686.79M","0.02%"
"08/11/2016","6,914.71","6,866.42","6,914.71","6,812.73","758.10M","0.70%"
"08/10/2016","6,866.42","6,851.30","6,866.42","6,820.04","736.64M","0.22%"
"08/09/2016","6,851.30","6,809.13","6,863.10","6,807.76","869.31M","0.62%"
"08/08/2016","6,809.13","6,793.47","6,829.47","6,781.47","754.48M","0.23%"
"08/05/2016","6,793.47","6,740.16","6,802.41","6,738.57","880.80M","0.79%"
"08/04/2016","6,740.16","6,634.40","6,749.67","6,615.83","1.00B","1.59%"
"08/03/2016","6,634.40","6,645.40","6,673.63","6,621.42","797.08M","-0.17%"
"08/02/2016","6,645.40","6,693.95","6,694.14","6,630.76","822.03M","-0.73%"
"08/01/2016","6,693.95","6,724.43","6,769.41","6,678.45","727.71M","-0.45%"
"07/29/2016","6,724.43","6,721.06","6,740.47","6,691.13","921.70M","0.05%"
"07/28/2016","6,721.06","6,750.43","6,762.72","6,718.90","1.20B","-0.44%"
"07/27/2016","6,750.43","6,724.03","6,780.05","6,723.71","786.51M","0.39%"
"07/26/2016","6,724.03","6,710.13","6,744.80","6,708.58","737.76M","0.21%"
"07/25/2016","6,710.13","6,730.48","6,756.13","6,691.03","682.06M","-0.30%"
"07/22/2016","6,730.48","6,699.89","6,735.94","6,663.72","716.11M","0.46%"
"07/21/2016","6,699.89","6,728.99","6,732.07","6,694.52","809.67M","-0.43%"
"07/20/2016","6,728.99","6,697.37","6,736.57","6,694.36","767.73M","0.47%"
"07/19/2016","6,697.37","6,695.42","6,711.69","6,660.87","634.74M","0.03%"
"07/18/2016","6,695.42","6,669.24","6,715.58","6,653.67","878.07M","0.39%"
"07/15/2016","6,669.24","6,654.47","6,669.24","6,616.51","839.25M","0.22%"
"07/14/2016","6,654.47","6,670.40","6,743.42","6,648.40","924.14M","-0.24%"
"07/13/2016","6,670.40","6,680.69","6,717.17","6,654.64","1.06B","-0.15%"
"07/12/2016","6,680.69","6,682.86","6,703.09","6,663.66","1.17B","-0.03%"
"07/11/2016","6,682.86","6,590.64","6,695.07","6,590.64","968.34M","1.40%"
"07/08/2016","6,590.64","6,533.79","6,605.83","6,515.24","937.84M","0.87%"
"07/07/2016","6,533.79","6,463.59","6,579.25","6,463.59","1.05B","1.09%"
"07/06/2016","6,463.59","6,545.37","6,580.32","6,432.47","1.61B","-1.25%"
"07/05/2016","6,545.37","6,522.26","6,561.58","6,472.25","1.18B","0.35%"
"07/04/2016","6,522.26","6,577.83","6,612.13","6,514.81","748.24M","-0.84%"
"07/01/2016","6,577.83","6,504.33","6,587.44","6,498.56","1.10B","1.13%"
"06/30/2016","6,504.33","6,360.06","6,504.33","6,309.98","1.56B","2.27%"
"06/29/2016","6,360.06","6,140.39","6,360.06","6,140.39","1.50B","3.58%"
"06/28/2016","6,140.39","5,982.20","6,170.26","5,982.20","1.59B","2.64%"
"06/27/2016","5,982.20","6,138.69","6,138.69","5,958.66","2.51B","-2.55%"
"06/24/2016","6,138.69","6,338.10","6,338.55","5,788.74","3.88B","-3.15%"
"06/23/2016","6,338.10","6,261.19","6,380.58","6,261.19","915.16M","1.23%"
"06/22/2016","6,261.19","6,226.55","6,315.62","6,222.01","884.65M","0.56%"
"06/21/2016","6,226.55","6,204.00","6,250.19","6,156.23","842.01M","0.36%"
"06/20/2016","6,204.00","6,021.09","6,236.53","6,021.09","1.01B","3.04%"
"06/17/2016","6,021.09","5,950.48","6,046.10","5,950.48","1.31B","1.19%"
"06/16/2016","5,950.48","5,966.80","5,966.80","5,899.97","815.96M","-0.27%"
"06/15/2016","5,966.80","5,923.53","6,007.49","5,923.39","868.08M","0.73%"
"06/14/2016","5,923.53","6,044.97","6,044.97","5,921.72","983.53M","-2.01%"
"06/13/2016","6,044.97","6,115.76","6,115.76","6,044.97","852.84M","-1.16%"
"06/10/2016","6,115.76","6,231.89","6,231.89","6,097.24","748.34M","-1.86%"
"06/09/2016","6,231.89","6,301.52","6,301.73","6,229.07","668.49M","-1.10%"
"06/08/2016","6,301.52","6,284.53","6,304.51","6,263.80","663.11M","0.27%"
"06/07/2016","6,284.53","6,273.40","6,322.60","6,273.40","690.00M","0.18%"
"06/06/2016","6,273.40","6,209.63","6,301.56","6,209.63","732.58M","1.03%"
"06/03/2016","6,209.63","6,185.61","6,251.74","6,168.19","660.72M","0.39%"
"06/02/2016","6,185.61","6,191.93","6,220.27","6,173.05","892.21M","-0.10%"
"06/01/2016","6,191.93","6,230.79","6,233.18","6,151.90","887.24M","-0.62%"
"05/31/2016","6,230.79","6,270.79","6,290.07","6,230.11","1.33B","-0.64%"
"05/27/2016","6,270.79","6,265.65","6,275.90","6,250.27","577.10M","0.08%"
"05/26/2016","6,265.65","6,262.85","6,281.73","6,243.49","665.57M","0.04%"
"05/25/2016","6,262.85","6,219.26","6,270.25","6,219.26","870.44M","0.70%"
"05/24/2016","6,219.26","6,136.43","6,231.85","6,109.58","833.81M","1.35%"
"05/23/2016","6,136.43","6,156.32","6,173.06","6,122.57","653.01M","-0.32%"
"05/20/2016","6,156.32","6,053.35","6,156.50","6,053.35","780.58M","1.70%"
"05/19/2016","6,053.35","6,165.80","6,165.80","6,050.21","936.49M","-1.82%"
"05/18/2016","6,165.80","6,167.77","6,169.33","6,115.99","887.53M","-0.03%"
"05/17/2016","6,167.77","6,151.40","6,215.88","6,147.16","758.81M","0.27%"
"05/16/2016","6,151.40","6,138.50","6,157.24","6,092.21","445.33M","0.21%"
"05/13/2016","6,138.50","6,104.19","6,138.50","6,060.10","646.36M","0.56%"
"05/12/2016","6,104.19","6,162.49","6,193.21","6,094.14","698.76M","-0.95%"
"05/11/2016","6,162.49","6,156.65","6,172.72","6,131.22","573.06M","0.09%"
"05/10/2016","6,156.65","6,114.81","6,180.19","6,114.81","652.99M","0.68%"
"05/09/2016","6,114.81","6,125.70","6,177.60","6,108.37","669.49M","-0.18%"
"05/06/2016","6,125.70","6,117.25","6,129.90","6,054.74","720.35M","0.14%"
"05/05/2016","6,117.25","6,112.02","6,152.59","6,102.29","713.23M","0.09%"
"05/04/2016","6,112.02","6,185.59","6,185.59","6,100.76","775.56M","-1.19%"
"05/03/2016","6,185.59","6,241.89","6,270.03","6,159.86","895.10M","-0.90%"
"04/29/2016","6,241.89","6,322.40","6,322.40","6,241.89","865.55M","-1.27%"
"04/28/2016","6,322.40","6,319.91","6,322.40","6,224.47","861.76M","0.04%"
"04/27/2016","6,319.91","6,284.52","6,319.91","6,255.20","822.36M","0.56%"
"04/26/2016","6,284.52","6,260.92","6,297.88","6,260.92","776.83M","0.38%"
"04/25/2016","6,260.92","6,310.44","6,324.60","6,249.34","688.68M","-0.78%"
"04/22/2016","6,310.44","6,381.44","6,381.58","6,289.34","675.93M","-1.11%"
"04/21/2016","6,381.44","6,410.26","6,427.32","6,352.93","831.61M","-0.45%"
"04/20/2016","6,410.26","6,405.35","6,421.91","6,367.36","814.75M","0.08%"
"04/19/2016","6,405.35","6,353.52","6,418.25","6,353.49","808.48M","0.82%"
"04/18/2016","6,353.52","6,343.75","6,354.88","6,261.71","613.39M","0.15%"
"04/15/2016","6,343.75","6,365.10","6,372.52","6,328.19","780.84M","-0.34%"
"04/14/2016","6,365.10","6,362.89","6,373.93","6,335.40","853.11M","0.03%"
"04/13/2016","6,362.89","6,242.39","6,362.89","6,242.39","957.14M","1.93%"
"04/12/2016","6,242.39","6,200.12","6,248.27","6,176.28","690.14M","0.68%"
"04/11/2016","6,200.12","6,204.41","6,229.66","6,165.46","552.59M","-0.07%"
"04/08/2016","6,204.41","6,136.89","6,216.28","6,136.89","622.13M","1.10%"
"04/07/2016","6,136.89","6,161.63","6,204.11","6,119.38","761.73M","-0.40%"
"04/06/2016","6,161.63","6,091.23","6,161.63","6,091.23","738.66M","1.16%"
"04/05/2016","6,091.23","6,164.72","6,164.74","6,061.85","826.02M","-1.19%"
"04/04/2016","6,164.72","6,146.05","6,201.95","6,132.90","546.68M","0.30%"
"04/01/2016","6,146.05","6,174.90","6,174.90","6,076.89","747.48M","-0.47%"
"03/31/2016","6,174.90","6,203.17","6,203.39","6,149.82","746.40M","-0.46%"
"03/30/2016","6,203.17","6,105.90","6,221.80","6,105.90","803.81M","1.59%"
"03/29/2016","6,105.90","6,106.48","6,156.67","6,070.77","596.33M","-0.01%"
"03/24/2016","6,106.48","6,199.11","6,199.11","6,090.03","625.28M","-1.49%"
"03/23/2016","6,199.11","6,192.74","6,216.76","6,171.13","621.50M","0.10%"
"03/22/2016","6,192.74","6,184.58","6,193.47","6,110.39","738.98M","0.13%"
"03/21/2016","6,184.58","6,189.64","6,215.30","6,154.12","532.07M","-0.08%"
"03/18/2016","6,189.64","6,201.12","6,237.02","6,186.24","1.13B","-0.19%"
"03/17/2016","6,201.12","6,175.49","6,220.02","6,125.70","832.61M","0.42%"
"03/16/2016","6,175.49","6,139.97","6,186.18","6,134.27","700.76M","0.58%"
"03/15/2016","6,139.97","6,174.57","6,174.57","6,114.77","700.31M","-0.56%"
"03/14/2016","6,174.57","6,139.79","6,197.83","6,139.79","688.59M","0.57%"
"03/11/2016","6,139.79","6,036.70","6,150.88","6,036.70","721.70M","1.71%"
"03/10/2016","6,036.70","6,146.32","6,203.40","6,036.70","1.06B","-1.78%"
"03/09/2016","6,146.32","6,125.44","6,174.82","6,118.23","758.33M","0.34%"
"03/08/2016","6,125.44","6,182.40","6,182.45","6,101.89","913.52M","-0.92%"
"03/07/2016","6,182.40","6,199.43","6,216.10","6,125.64","817.96M","-0.27%"
"03/04/2016","6,199.43","6,130.46","6,204.14","6,130.46","866.05M","1.13%"
"03/03/2016","6,130.46","6,147.06","6,173.70","6,108.35","902.84M","-0.27%"
"03/02/2016","6,147.06","6,152.88","6,194.01","6,097.77","904.55M","-0.09%"
"03/01/2016","6,152.88","6,097.09","6,153.75","6,070.51","933.63M","0.92%"
"02/29/2016","6,097.09","6,096.01","6,104.98","6,033.21","941.71M","0.02%"
"02/26/2016","6,096.01","6,012.81","6,115.37","6,012.81","858.94M","1.38%"
"02/25/2016","6,012.81","5,867.18","6,028.97","5,867.18","999.96M","2.48%"
"02/24/2016","5,867.18","5,962.31","5,966.73","5,845.55","834.68M","-1.60%"
"02/23/2016","5,962.31","6,037.73","6,037.73","5,954.18","747.39M","-1.25%"
"02/22/2016","6,037.73","5,950.23","6,065.81","5,950.23","822.11M","1.47%"
"02/19/2016","5,950.23","5,971.95","6,001.22","5,916.26","692.90M","-0.36%"
"02/18/2016","5,971.95","6,030.32","6,036.46","5,948.25","809.87M","-0.97%"
"02/17/2016","6,030.32","5,862.17","6,030.32","5,862.17","948.75M","2.87%"
"02/16/2016","5,862.17","5,824.28","5,880.72","5,812.49","771.10M","0.65%"
"02/15/2016","5,824.28","5,707.60","5,844.53","5,707.60","724.66M","2.04%"
"02/12/2016","5,707.60","5,536.97","5,707.60","5,536.97","1.08B","3.08%"
"02/11/2016","5,536.97","5,672.30","5,672.30","5,499.51","1.07B","-2.39%"
"02/10/2016","5,672.30","5,632.19","5,712.78","5,616.88","994.63M","0.71%"
"02/09/2016","5,632.19","5,689.36","5,739.25","5,596.26","1.15B","-1.00%"
"02/08/2016","5,689.36","5,848.06","5,882.43","5,666.13","995.84M","-2.71%"
"02/05/2016","5,848.06","5,898.76","5,945.90","5,839.36","983.67M","-0.86%"
"02/04/2016","5,898.76","5,837.14","5,938.12","5,831.12","1.05B","1.06%"
"02/03/2016","5,837.14","5,922.01","5,924.58","5,791.04","1.03B","-1.43%"
"02/02/2016","5,922.01","6,060.10","6,060.45","5,889.60","1.02B","-2.28%"
"02/01/2016","6,060.10","6,083.79","6,115.11","5,993.84","833.65M","-0.39%"
"01/29/2016","6,083.79","5,931.78","6,083.79","5,931.78","1.02B","2.56%"
"01/28/2016","5,931.78","5,990.37","6,020.54","5,889.37","918.48M","-0.98%"
"01/27/2016","5,990.37","5,911.46","5,990.37","5,870.75","902.09M","1.33%"
"01/26/2016","5,911.46","5,877.00","5,919.17","5,771.37","878.66M","0.59%"
"01/25/2016","5,877.00","5,900.01","5,933.47","5,851.83","828.64M","-0.39%"
"01/22/2016","5,900.01","5,773.79","5,926.94","5,773.79","906.98M","2.19%"
"01/21/2016","5,773.79","5,673.58","5,781.24","5,659.15","1.12B","1.77%"
"01/20/2016","5,673.58","5,876.80","5,876.80","5,639.88","1.07B","-3.46%"
"01/19/2016","5,876.80","5,779.92","5,915.69","5,779.92","833.71M","1.68%"
"01/18/2016","5,779.92","5,804.10","5,852.09","5,766.50","741.11M","-0.42%"
"01/15/2016","5,804.10","5,918.23","5,934.62","5,769.23","1.12B","-1.93%"
"01/14/2016","5,918.23","5,960.97","5,960.97","5,829.26","1.10B","-0.72%"
"01/13/2016","5,960.97","5,929.24","6,011.13","5,929.24","834.54M","0.54%"
"01/12/2016","5,929.24","5,871.83","5,985.80","5,866.67","831.69M","0.98%"
"01/11/2016","5,871.83","5,912.44","5,941.93","5,871.83","841.79M","-0.69%"
"01/08/2016","5,912.44","5,954.08","6,013.38","5,912.44","835.01M","-0.70%"
"01/07/2016","5,954.08","6,073.38","6,073.38","5,887.97","1.09B","-1.96%"
"01/06/2016","6,073.38","6,137.24","6,137.24","6,018.65","721.61M","-1.04%"
"01/05/2016","6,137.24","6,093.43","6,166.26","6,079.23","643.37M","0.72%"
"01/04/2016","6,093.43","6,242.32","6,242.32","6,071.01","707.34M","-2.39%"
"12/31/2015","6,242.32","6,274.05","6,278.31","6,233.03","166.42M","-0.51%"
"12/30/2015","6,274.05","6,314.57","6,314.57","6,261.48","337.96M","-0.64%"
"12/29/2015","6,314.57","6,254.64","6,314.57","6,245.24","462.31M","0.96%"
"12/24/2015","6,254.64","6,240.98","6,259.86","6,236.85","112.22M","0.22%"
"12/23/2015","6,240.98","6,083.10","6,248.50","6,083.10","596.53M","2.60%"
"12/22/2015","6,083.10","6,034.84","6,090.58","6,031.82","437.45M","0.80%"
"12/21/2015","6,034.84","6,052.42","6,113.96","6,034.84","561.86M","-0.29%"
"12/18/2015","6,052.42","6,102.54","6,105.57","6,051.74","1.27B","-0.82%"
"12/17/2015","6,102.54","6,061.19","6,160.78","6,061.19","747.55M","0.68%"
"12/16/2015","6,061.19","6,017.79","6,089.31","6,016.25","773.63M","0.72%"
"12/15/2015","6,017.79","5,874.06","6,036.68","5,874.06","836.32M","2.45%"
"12/14/2015","5,874.06","5,952.78","6,009.92","5,871.88","805.17M","-1.32%"
"12/11/2015","5,952.78","6,088.05","6,088.05","5,949.84","830.91M","-2.22%"
"12/10/2015","6,088.05","6,126.68","6,127.09","6,079.96","864.01M","-0.63%"
"12/09/2015","6,126.68","6,135.22","6,175.75","6,101.22","775.11M","-0.14%"
"12/08/2015","6,135.22","6,223.52","6,224.86","6,120.68","814.51M","-1.42%"
"12/07/2015","6,223.52","6,238.29","6,287.23","6,215.17","559.03M","-0.24%"
"12/04/2015","6,238.29","6,275.00","6,277.59","6,219.50","683.05M","-0.59%"
"12/03/2015","6,275.00","6,420.93","6,444.72","6,275.00","817.89M","-2.27%"
"12/02/2015","6,420.93","6,395.65","6,447.34","6,395.20","583.61M","0.40%"
"12/01/2015","6,395.65","6,356.09","6,402.36","6,356.09","809.01M","0.62%"
"11/30/2015","6,356.09","6,375.15","6,387.11","6,329.92","855.38M","-0.30%"
"11/27/2015","6,375.15","6,393.13","6,393.13","6,345.30","486.35M","-0.28%"
"11/26/2015","6,393.13","6,337.64","6,395.33","6,333.92","467.83M","0.88%"
"11/25/2015","6,337.64","6,277.23","6,348.05","6,277.23","694.08M","0.96%"
"11/24/2015","6,277.23","6,305.49","6,305.49","6,221.33","880.47M","-0.45%"
"11/23/2015","6,305.49","6,334.63","6,334.63","6,267.05","603.42M","-0.46%"
"11/20/2015","6,334.63","6,329.93","6,360.73","6,311.76","832.32M","0.07%"
"11/19/2015","6,329.93","6,278.97","6,366.85","6,278.97","772.70M","0.81%"
"11/18/2015","6,278.97","6,268.76","6,283.90","6,228.15","634.12M","0.16%"
"11/17/2015","6,268.76","6,146.38","6,269.44","6,146.38","719.06M","1.99%"
"11/16/2015","6,146.38","6,118.28","6,161.90","6,079.79","621.59M","0.46%"
"11/13/2015","6,118.28","6,178.68","6,178.95","6,088.76","702.65M","-0.98%"
"11/12/2015","6,178.68","6,297.20","6,300.90","6,178.68","852.48M","-1.88%"
"11/11/2015","6,297.20","6,275.28","6,327.16","6,272.69","636.99M","0.35%"
"11/10/2015","6,275.28","6,295.16","6,329.69","6,250.31","748.09M","-0.32%"
"11/09/2015","6,295.16","6,353.83","6,380.42","6,292.05","678.63M","-0.92%"
"11/06/2015","6,353.83","6,364.90","6,395.19","6,332.73","733.58M","-0.17%"
"11/05/2015","6,364.90","6,412.88","6,421.81","6,358.12","722.04M","-0.75%"
"11/04/2015","6,412.88","6,383.61","6,459.46","6,383.04","782.76M","0.46%"
"11/03/2015","6,383.61","6,361.80","6,383.61","6,344.70","627.80M","0.34%"
"11/02/2015","6,361.80","6,361.09","6,364.42","6,317.29","522.27M","0.01%"
"10/30/2015","6,361.09","6,395.80","6,410.28","6,337.65","738.50M","-0.54%"
"10/29/2015","6,395.80","6,437.80","6,437.85","6,358.16","852.19M","-0.65%"
"10/28/2015","6,437.80","6,365.27","6,448.46","6,355.78","819.72M","1.14%"
"10/27/2015","6,365.27","6,417.02","6,419.62","6,365.27","564.36M","-0.81%"
"10/26/2015","6,417.02","6,444.08","6,453.00","6,405.38","454.68M","-0.42%"
"10/23/2015","6,444.08","6,376.28","6,487.89","6,376.28","749.54M","1.06%"
"10/22/2015","6,376.28","6,348.42","6,387.28","6,321.65","740.62M","0.44%"
"10/21/2015","6,348.42","6,345.13","6,387.29","6,316.30","615.20M","0.05%"
"10/20/2015","6,345.13","6,352.33","6,367.75","6,319.25","592.20M","-0.11%"
"10/19/2015","6,352.33","6,378.04","6,408.09","6,336.27","476.84M","-0.40%"
"10/16/2015","6,378.04","6,338.67","6,398.23","6,338.67","610.63M","0.62%"
"10/15/2015","6,338.67","6,269.61","6,351.43","6,269.61","644.98M","1.10%"
"10/14/2015","6,269.61","6,342.28","6,342.28","6,268.29","638.45M","-1.15%"
"10/13/2015","6,342.28","6,371.18","6,371.18","6,303.02","722.57M","-0.45%"
"10/12/2015","6,371.18","6,416.16","6,416.16","6,351.34","552.28M","-0.70%"
"10/09/2015","6,416.16","6,374.82","6,453.22","6,374.82","768.20M","0.65%"
"10/08/2015","6,374.82","6,336.35","6,380.30","6,303.46","742.31M","0.61%"
"10/07/2015","6,336.35","6,326.16","6,396.34","6,319.77","1.02B","0.16%"
"10/06/2015","6,326.16","6,298.92","6,343.71","6,255.10","737.90M","0.43%"
"10/05/2015","6,298.92","6,129.98","6,301.05","6,129.98","890.10M","2.76%"
"10/02/2015","6,129.98","6,072.47","6,176.20","6,051.62","888.46M","0.95%"
"10/01/2015","6,072.47","6,061.61","6,172.78","6,053.26","873.58M","0.18%"
"09/30/2015","6,061.61","5,909.24","6,061.61","5,909.24","1.05B","2.58%"
"09/29/2015","5,909.24","5,958.86","5,958.86","5,877.08","1.03B","-0.83%"
"09/28/2015","5,958.86","6,109.01","6,110.31","5,958.86","997.74M","-2.46%"
"09/25/2015","6,109.01","5,961.49","6,120.67","5,961.49","863.42M","2.47%"
"09/24/2015","5,961.49","6,032.24","6,055.64","5,947.19","894.32M","-1.17%"
"09/23/2015","6,032.24","5,935.84","6,067.56","5,933.23","748.15M","1.62%"
"09/22/2015","5,935.84","6,108.71","6,111.57","5,935.84","970.78M","-2.83%"
"09/21/2015","6,108.71","6,104.11","6,168.74","6,083.64","719.11M","0.08%"
"09/18/2015","6,104.11","6,186.99","6,188.74","6,053.87","1.55B","-1.34%"
"09/17/2015","6,186.99","6,229.21","6,239.86","6,182.63","861.35M","-0.68%"
"09/16/2015","6,229.21","6,137.60","6,244.94","6,137.60","844.32M","1.49%"
"09/15/2015","6,137.60","6,084.59","6,158.08","6,019.92","728.37M","0.87%"
"09/14/2015","6,084.59","6,117.76","6,191.82","6,065.43","617.18M","-0.54%"
"09/11/2015","6,117.76","6,155.81","6,174.28","6,113.10","584.62M","-0.62%"
"09/10/2015","6,155.81","6,229.01","6,229.01","6,127.52","772.72M","-1.18%"
"09/09/2015","6,229.01","6,146.10","6,284.17","6,146.10","756.98M","1.35%"
"09/08/2015","6,146.10","6,074.52","6,196.47","6,074.52","685.13M","1.18%"
"09/07/2015","6,074.52","6,042.92","6,125.67","6,042.92","479.13M","0.52%"
"09/04/2015","6,042.92","6,194.10","6,194.10","6,040.49","766.16M","-2.44%"
"09/03/2015","6,194.10","6,083.31","6,215.74","6,083.31","758.47M","1.82%"
"09/02/2015","6,083.31","6,058.54","6,161.68","6,021.36","791.46M","0.41%"
"09/01/2015","6,058.54","6,247.94","6,247.94","6,028.71","1.03B","-3.03%"
"08/28/2015","6,247.94","6,192.03","6,247.94","6,152.01","895.70M","0.90%"
"08/27/2015","6,192.03","5,979.20","6,212.48","5,979.20","1.06B","3.56%"
"08/26/2015","5,979.20","6,081.34","6,095.05","5,949.94","1.02B","-1.68%"
"08/25/2015","6,081.34","5,898.87","6,115.74","5,898.87","1.38B","3.09%"
"08/24/2015","5,898.87","6,187.65","6,187.65","5,768.22","1.71B","-4.67%"
"08/21/2015","6,187.65","6,367.89","6,367.89","6,187.65","832.21M","-2.83%"
"08/20/2015","6,367.89","6,403.45","6,408.61","6,359.71","750.76M","-0.56%"
"08/19/2015","6,403.45","6,526.29","6,526.52","6,403.45","721.08M","-1.88%"
"08/18/2015","6,526.29","6,550.30","6,564.55","6,505.69","555.00M","-0.37%"
"08/17/2015","6,550.30","6,550.74","6,585.88","6,507.76","485.85M","-0.01%"
"08/14/2015","6,550.74","6,568.33","6,603.17","6,544.42","595.48M","-0.27%"
"08/13/2015","6,568.33","6,571.19","6,634.71","6,553.45","689.59M","-0.04%"
"08/12/2015","6,571.19","6,664.54","6,664.54","6,536.41","1.12B","-1.40%"
"08/11/2015","6,664.54","6,736.22","6,736.22","6,663.98","727.57M","-1.06%"
"08/10/2015","6,736.22","6,718.49","6,751.49","6,653.65","789.15M","0.26%"
"08/07/2015","6,718.49","6,747.09","6,754.77","6,718.49","614.01M","-0.42%"
"08/06/2015","6,747.09","6,752.41","6,763.34","6,717.49","713.00M","-0.08%"
"08/05/2015","6,752.41","6,686.57","6,764.82","6,686.57","873.48M","0.98%"
"08/04/2015","6,686.57","6,688.62","6,715.51","6,644.65","1.44B","-0.03%"
"08/03/2015","6,688.62","6,696.28","6,710.79","6,668.18","700.91M","-0.11%"
"07/31/2015","6,696.28","6,668.87","6,705.42","6,646.26","958.42M","0.41%"
"07/30/2015","6,668.87","6,631.00","6,697.40","6,631.00","802.15M","0.57%"
"07/29/2015","6,631.00","6,555.28","6,634.04","6,555.28","845.40M","1.16%"
"07/28/2015","6,555.28","6,505.13","6,569.45","6,505.13","730.87M","0.77%"
"07/27/2015","6,505.13","6,579.81","6,589.48","6,495.67","686.74M","-1.13%"
"07/24/2015","6,579.81","6,655.01","6,684.81","6,573.96","664.74M","-1.13%"
"07/23/2015","6,655.01","6,667.34","6,711.49","6,644.85","651.24M","-0.18%"
"07/22/2015","6,667.34","6,769.07","6,769.07","6,653.39","714.92M","-1.50%"
"07/21/2015","6,769.07","6,788.69","6,800.13","6,758.75","573.51M","-0.29%"
"07/20/2015","6,788.69","6,775.08","6,813.41","6,772.09","431.75M","0.20%"
"07/17/2015","6,775.08","6,796.45","6,799.78","6,764.80","602.28M","-0.31%"
"07/16/2015","6,796.45","6,753.75","6,805.14","6,752.09","605.23M","0.63%"
"07/15/2015","6,753.75","6,753.75","6,775.91","6,728.49","566.43M","0.00%"
"07/14/2015","6,753.75","6,737.95","6,753.75","6,710.62","595.32M","0.23%"
"07/13/2015","6,737.95","6,673.38","6,743.05","6,673.38","661.87M","0.97%"
"07/10/2015","6,673.38","6,581.63","6,687.57","6,581.63","720.75M","1.39%"
"07/09/2015","6,581.63","6,490.70","6,594.18","6,490.70","788.63M","1.40%"
"07/08/2015","6,490.70","6,432.21","6,515.06","6,430.36","941.35M","0.91%"
"07/07/2015","6,432.21","6,535.68","6,543.80","6,432.21","789.93M","-1.58%"
"07/06/2015","6,535.68","6,585.78","6,585.78","6,506.71","629.53M","-0.76%"
"07/03/2015","6,585.78","6,630.47","6,630.75","6,572.46","462.88M","-0.67%"
"07/02/2015","6,630.47","6,608.59","6,647.70","6,600.37","608.68M","0.33%"
"07/01/2015","6,608.59","6,520.98","6,637.34","6,520.98","814.01M","1.34%"
"06/30/2015","6,520.98","6,620.48","6,620.75","6,520.98","909.53M","-1.50%"
"06/29/2015","6,620.48","6,753.70","6,753.70","6,598.64","786.02M","-1.97%"
"06/26/2015","6,753.70","6,807.82","6,807.82","6,731.13","613.76M","-0.79%"
"06/25/2015","6,807.82","6,844.80","6,869.04","6,798.80","675.60M","-0.54%"
"06/24/2015","6,844.80","6,834.87","6,873.43","6,834.32","688.93M","0.15%"
"06/23/2015","6,834.87","6,825.67","6,856.49","6,825.67","598.08M","0.13%"
"06/22/2015","6,825.67","6,710.45","6,825.67","6,710.45","772.66M","1.72%"
"06/19/2015","6,710.45","6,707.88","6,759.29","6,691.82","1.27B","0.04%"
"06/18/2015","6,707.88","6,680.55","6,707.88","6,625.16","797.21M","0.41%"
"06/17/2015","6,680.55","6,710.10","6,731.54","6,665.95","706.47M","-0.44%"
"06/16/2015","6,710.10","6,710.52","6,723.49","6,656.90","740.51M","-0.01%"
"06/15/2015","6,710.52","6,784.92","6,784.92","6,708.50","574.23M","-1.10%"
"06/12/2015","6,784.92","6,846.74","6,846.74","6,760.06","610.75M","-0.90%"
"06/11/2015","6,846.74","6,830.27","6,870.19","6,807.29","699.56M","0.24%"
"06/10/2015","6,830.27","6,753.80","6,843.57","6,734.15","843.90M","1.13%"
"06/09/2015","6,753.80","6,790.04","6,803.75","6,736.88","702.83M","-0.53%"
"06/08/2015","6,790.04","6,804.60","6,827.16","6,781.66","555.75M","-0.21%"
"06/05/2015","6,804.60","6,859.24","6,859.24","6,785.15","777.84M","-0.80%"
"06/04/2015","6,859.24","6,950.46","6,950.46","6,838.95","807.84M","-1.31%"
"06/03/2015","6,950.46","6,928.27","6,985.69","6,901.79","722.28M","0.32%"
"06/02/2015","6,928.27","6,953.58","6,972.25","6,872.12","891.35M","-0.36%"
"06/01/2015","6,953.58","6,984.43","7,037.58","6,942.66","715.73M","-0.44%"
"05/29/2015","6,984.43","7,040.92","7,069.93","6,967.92","1.21B","-0.80%"
"05/28/2015","7,040.92","7,033.33","7,049.62","7,005.88","625.45M","0.11%"
"05/27/2015","7,033.33","6,948.99","7,054.14","6,948.62","668.80M","1.21%"
"05/26/2015","6,948.99","7,031.72","7,039.55","6,930.28","692.15M","-1.18%"
"05/22/2015","7,031.72","7,013.47","7,061.66","7,013.47","641.04M","0.26%"
"05/21/2015","7,013.47","7,007.26","7,026.01","6,994.26","582.84M","0.09%"
"05/20/2015","7,007.26","6,995.10","7,018.70","6,962.06","850.67M","0.17%"
"05/19/2015","6,995.10","6,968.87","7,011.35","6,968.87","801.43M","0.38%"
"05/18/2015","6,968.87","6,960.49","7,015.49","6,931.64","633.21M","0.12%"
"05/15/2015","6,960.49","6,973.04","7,009.41","6,937.12","723.61M","-0.18%"
"05/14/2015","6,973.04","6,949.63","6,977.93","6,884.63","622.17M","0.34%"
"05/13/2015","6,949.63","6,933.80","6,989.91","6,920.65","820.35M","0.23%"
"05/12/2015","6,933.80","7,029.85","7,029.85","6,887.52","865.97M","-1.37%"
"05/11/2015","7,029.85","7,046.82","7,083.72","7,025.17","816.71M","-0.24%"
"05/08/2015","7,046.82","6,886.95","7,046.82","6,885.79","1.43B","2.32%"
"05/07/2015","6,886.95","6,933.74","6,933.74","6,810.05","973.56M","-0.67%"
"05/06/2015","6,933.74","6,927.58","6,974.82","6,913.46","910.98M","0.09%"
"05/05/2015","6,927.58","6,985.95","7,053.18","6,927.58","1.05B","-0.84%"
"05/01/2015","6,985.95","6,960.63","6,995.41","6,919.39","863.40M","0.36%"
"04/30/2015","6,960.63","6,946.28","6,970.34","6,906.24","934.30M","0.21%"
"04/29/2015","6,946.28","7,030.53","7,058.19","6,945.56","791.05M","-1.20%"
"04/28/2015","7,030.53","7,103.98","7,103.99","6,983.97","821.00M","-1.03%"
"04/27/2015","7,103.98","7,070.70","7,122.74","7,025.27","700.79M","0.47%"
"04/24/2015","7,070.70","7,053.67","7,102.59","7,051.17","821.32M","0.24%"
"04/23/2015","7,053.67","7,028.24","7,055.15","6,995.79","736.40M","0.36%"
"04/22/2015","7,028.24","7,062.93","7,092.34","6,997.15","809.07M","-0.49%"
"04/21/2015","7,062.93","7,052.13","7,105.13","7,030.00","676.07M","0.15%"
"04/20/2015","7,052.13","6,994.63","7,067.84","6,994.63","601.95M","0.82%"
"04/17/2015","6,994.63","7,060.45","7,093.52","6,979.32","800.54M","-0.93%"
"04/16/2015","7,060.45","7,096.78","7,119.35","7,057.74","773.86M","-0.51%"
"04/15/2015","7,096.78","7,075.26","7,111.72","7,058.34","744.94M","0.30%"
"04/14/2015","7,075.26","7,064.30","7,086.06","7,044.60","690.65M","0.16%"
"04/13/2015","7,064.30","7,089.77","7,089.84","7,046.68","610.97M","-0.36%"
"04/10/2015","7,089.77","7,015.36","7,095.36","7,015.36","826.73M","1.06%"
"04/09/2015","7,015.36","6,937.41","7,016.99","6,937.41","720.21M","1.12%"
"04/08/2015","6,937.41","6,961.77","7,012.06","6,931.59","892.29M","-0.35%"
"04/07/2015","6,961.77","6,833.46","6,967.69","6,833.46","725.88M","1.88%"
"04/02/2015","6,833.46","6,809.50","6,849.91","6,801.27","593.71M","0.35%"
"04/01/2015","6,809.50","6,773.04","6,856.43","6,765.40","809.44M","0.54%"
"03/31/2015","6,773.04","6,891.43","6,910.07","6,765.05","928.18M","-1.72%"
"03/30/2015","6,891.43","6,855.02","6,914.60","6,855.02","659.07M","0.53%"
"03/27/2015","6,855.02","6,895.33","6,910.55","6,839.88","759.28M","-0.58%"
"03/26/2015","6,895.33","6,990.97","6,990.97","6,876.84","965.48M","-1.37%"
"03/25/2015","6,990.97","7,019.68","7,035.11","6,983.94","665.75M","-0.41%"
"03/24/2015","7,019.68","7,037.67","7,065.08","7,012.51","722.19M","-0.26%"
"03/23/2015","7,037.67","7,022.51","7,037.67","6,991.43","694.42M","0.22%"
"03/20/2015","7,022.51","6,962.32","7,024.21","6,960.81","1.46B","0.86%"
"03/19/2015","6,962.32","6,945.20","6,982.79","6,929.73","834.20M","0.25%"
"03/18/2015","6,945.20","6,837.61","6,945.20","6,837.26","796.53M","1.57%"
"03/17/2015","6,837.61","6,804.08","6,846.90","6,798.47","780.79M","0.49%"
"03/16/2015","6,804.08","6,740.58","6,809.08","6,740.58","706.94M","0.94%"
"03/13/2015","6,740.58","6,761.07","6,777.77","6,713.50","732.04M","-0.30%"
"03/12/2015","6,761.07","6,721.51","6,799.84","6,721.51","872.09M","0.59%"
"03/11/2015","6,721.51","6,702.84","6,738.95","6,693.80","769.93M","0.28%"
"03/10/2015","6,702.84","6,876.47","6,876.86","6,702.84","914.71M","-2.52%"
"03/09/2015","6,876.47","6,911.80","6,911.80","6,859.81","691.32M","-0.51%"
"03/06/2015","6,911.80","6,961.14","6,961.23","6,911.80","771.79M","-0.71%"
"03/05/2015","6,961.14","6,919.24","6,968.64","6,914.06","823.10M","0.61%"
"03/04/2015","6,919.24","6,889.13","6,919.24","6,862.87","764.09M","0.44%"
"03/03/2015","6,889.13","6,940.64","6,963.55","6,889.13","808.29M","-0.74%"
"03/02/2015","6,940.64","6,946.66","6,974.26","6,924.33","802.78M","-0.09%"
"02/27/2015","6,946.66","6,949.73","6,967.24","6,929.84","908.71M","-0.04%"
"02/26/2015","6,949.73","6,935.38","6,949.98","6,920.54","806.28M","0.21%"
"02/25/2015","6,935.38","6,949.63","6,955.41","6,904.88","718.03M","-0.21%"
"02/24/2015","6,949.63","6,912.16","6,958.89","6,899.59","857.36M","0.54%"
"02/23/2015","6,912.16","6,915.20","6,943.61","6,885.89","700.28M","-0.04%"
"02/20/2015","6,915.20","6,888.90","6,920.51","6,884.77","787.66M","0.38%"
"02/19/2015","6,888.90","6,898.08","6,907.30","6,858.67","661.61M","-0.13%"
"02/18/2015","6,898.08","6,898.13","6,921.32","6,876.30","698.36M","0.00%"
"02/17/2015","6,898.13","6,857.05","6,898.13","6,819.78","631.89M","0.60%"
"02/16/2015","6,857.05","6,873.52","6,878.66","6,851.77","428.64M","-0.24%"
"02/13/2015","6,873.52","6,828.11","6,887.57","6,828.11","757.58M","0.67%"
"02/12/2015","6,828.11","6,818.17","6,854.62","6,817.23","834.91M","0.15%"
"02/11/2015","6,818.17","6,829.12","6,838.33","6,786.12","641.79M","-0.16%"
"02/10/2015","6,829.12","6,837.15","6,843.90","6,788.89","795.91M","-0.12%"
"02/09/2015","6,837.15","6,853.44","6,853.44","6,777.99","639.89M","-0.24%"
"02/06/2015","6,853.44","6,865.93","6,886.22","6,835.48","668.59M","-0.18%"
"02/05/2015","6,865.93","6,860.02","6,870.10","6,808.19","753.81M","0.09%"
"02/04/2015","6,860.02","6,871.80","6,883.49","6,804.10","835.23M","-0.17%"
"02/03/2015","6,871.80","6,782.55","6,886.31","6,782.39","882.17M","1.32%"
"02/02/2015","6,782.55","6,749.40","6,795.52","6,731.99","780.98M","0.49%"
"01/30/2015","6,749.40","6,810.60","6,843.98","6,749.40","823.48M","-0.90%"
"01/29/2015","6,810.60","6,825.94","6,825.94","6,750.22","726.31M","-0.22%"
"01/28/2015","6,825.94","6,811.61","6,863.00","6,777.08","803.72M","0.21%"
"01/27/2015","6,811.61","6,852.40","6,864.97","6,773.54","735.99M","-0.60%"
"01/26/2015","6,852.40","6,832.83","6,855.92","6,790.13","630.84M","0.29%"
"01/23/2015","6,832.83","6,796.63","6,841.73","6,796.58","863.80M","0.53%"
"01/22/2015","6,796.63","6,728.04","6,808.18","6,726.24","954.66M","1.02%"
"01/21/2015","6,728.04","6,620.10","6,728.04","6,620.10","873.75M","1.63%"
"01/20/2015","6,620.10","6,585.53","6,640.44","6,585.53","697.94M","0.52%"
"01/19/2015","6,585.53","6,550.27","6,598.89","6,548.00","554.55M","0.54%"
"01/16/2015","6,550.27","6,498.78","6,553.20","6,443.28","830.66M","0.79%"
"01/15/2015","6,498.78","6,388.46","6,498.78","6,298.15","1.01B","1.73%"
"01/14/2015","6,388.46","6,542.20","6,542.20","6,353.65","1.00B","-2.35%"
"01/13/2015","6,542.20","6,501.42","6,558.83","6,465.19","694.41M","0.63%"
"01/12/2015","6,501.42","6,501.14","6,542.43","6,447.91","620.94M","0.00%"
"01/09/2015","6,501.14","6,569.96","6,570.24","6,471.38","761.33M","-1.05%"
"01/08/2015","6,569.96","6,419.83","6,580.82","6,419.83","910.04M","2.34%"
"01/07/2015","6,419.83","6,366.51","6,459.74","6,366.51","709.50M","0.84%"
"01/06/2015","6,366.51","6,417.16","6,452.66","6,328.59","793.26M","-0.79%"
"01/05/2015","6,417.16","6,547.80","6,576.74","6,404.49","750.52M","-2.00%"
"01/02/2015","6,547.80","6,566.09","6,607.89","6,510.60","378.93M","-0.28%"
"12/31/2014","6,566.09","6,547.00","6,578.24","6,547.00","129.45M","0.29%"
"12/30/2014","6,547.00","6,633.51","6,633.51","6,528.89","348.40M","-1.30%"
"12/29/2014","6,633.51","6,609.93","6,651.96","6,587.87","361.18M","0.36%"
"12/24/2014","6,609.93","6,598.18","6,618.09","6,586.05","261.33M","0.18%"
"12/23/2014","6,598.18","6,576.74","6,620.47","6,576.74","392.04M","0.33%"
"12/22/2014","6,576.74","6,545.27","6,620.95","6,545.27","498.58M","0.48%"
"12/19/2014","6,545.27","6,466.00","6,566.90","6,466.00","1.18B","1.23%"
"12/18/2014","6,466.00","6,336.48","6,466.00","6,336.48","967.41M","2.04%"
"12/17/2014","6,336.48","6,331.83","6,359.68","6,240.32","745.85M","0.07%"
"12/16/2014","6,331.83","6,182.72","6,331.83","6,144.72","1.04B","2.41%"
"12/15/2014","6,182.72","6,300.63","6,356.34","6,182.72","985.78M","-1.87%"
"12/12/2014","6,300.63","6,461.70","6,461.70","6,297.44","793.97M","-2.49%"
"12/11/2014","6,461.70","6,500.04","6,521.66","6,441.28","757.39M","-0.59%"
"12/10/2014","6,500.04","6,529.47","6,565.77","6,500.04","692.35M","-0.45%"
"12/09/2014","6,529.47","6,672.15","6,672.15","6,529.47","950.81M","-2.14%"
"12/08/2014","6,672.15","6,742.84","6,742.84","6,672.15","513.90M","-1.05%"
"12/05/2014","6,742.84","6,679.37","6,751.32","6,679.37","678.46M","0.95%"
"12/04/2014","6,679.37","6,716.63","6,733.96","6,672.67","699.90M","-0.55%"
"12/03/2014","6,716.63","6,742.10","6,753.19","6,713.81","706.05M","-0.38%"
"12/02/2014","6,742.10","6,656.37","6,744.31","6,656.37","654.95M","1.29%"
"12/01/2014","6,656.37","6,722.62","6,722.62","6,637.39","726.57M","-0.99%"
"11/28/2014","6,722.62","6,723.42","6,734.71","6,667.08","839.39M","-0.01%"
"11/27/2014","6,723.42","6,729.17","6,749.91","6,713.76","517.21M","-0.09%"
"11/26/2014","6,729.17","6,731.14","6,765.01","6,718.53","586.89M","-0.03%"
"11/25/2014","6,731.14","6,729.79","6,750.87","6,709.31","907.29M","0.02%"
"11/24/2014","6,729.79","6,750.76","6,763.97","6,720.09","675.41M","-0.31%"
"11/21/2014","6,750.76","6,678.90","6,773.14","6,678.90","845.58M","1.08%"
"11/20/2014","6,678.90","6,696.60","6,696.82","6,641.14","640.50M","-0.26%"
"11/19/2014","6,696.60","6,709.13","6,718.88","6,678.13","802.69M","-0.19%"
"11/18/2014","6,709.13","6,671.97","6,714.12","6,671.75","653.23M","0.56%"
"11/17/2014","6,671.97","6,654.37","6,681.55","6,616.12","537.37M","0.26%"
"11/14/2014","6,654.37","6,635.45","6,654.37","6,610.13","627.54M","0.29%"
"11/13/2014","6,635.45","6,611.04","6,645.90","6,596.89","721.39M","0.37%"
"11/12/2014","6,611.04","6,627.40","6,629.33","6,588.93","702.77M","-0.25%"
"11/11/2014","6,627.40","6,611.25","6,632.57","6,605.34","764.95M","0.24%"
"11/10/2014","6,611.25","6,567.24","6,611.25","6,566.78","575.42M","0.67%"
"11/07/2014","6,567.24","6,551.15","6,608.23","6,551.15","764.96M","0.25%"
"11/06/2014","6,551.15","6,539.14","6,580.21","6,503.81","799.91M","0.18%"
"11/05/2014","6,539.14","6,453.97","6,539.14","6,453.97","769.26M","1.32%"
"11/04/2014","6,453.97","6,487.97","6,510.31","6,444.89","816.65M","-0.52%"
"11/03/2014","6,487.97","6,546.47","6,559.56","6,478.49","712.57M","-0.89%"
"10/31/2014","6,546.47","6,463.55","6,553.37","6,463.55","1.06B","1.28%"
"10/30/2014","6,463.55","6,453.87","6,483.24","6,378.15","815.85M","0.15%"
"10/29/2014","6,453.87","6,402.17","6,475.35","6,402.17","700.84M","0.81%"
"10/28/2014","6,402.17","6,363.46","6,412.00","6,363.46","800.68M","0.61%"
"10/27/2014","6,363.46","6,388.73","6,443.76","6,336.06","781.57M","-0.40%"
"10/24/2014","6,388.73","6,419.15","6,419.15","6,372.43","717.83M","-0.47%"
"10/23/2014","6,419.15","6,399.73","6,430.32","6,313.32","840.40M","0.30%"
"10/22/2014","6,399.73","6,372.33","6,401.51","6,341.39","725.61M","0.43%"
"10/21/2014","6,372.33","6,267.07","6,372.33","6,229.40","855.94M","1.68%"
"10/20/2014","6,267.07","6,310.29","6,320.31","6,238.60","723.30M","-0.68%"
"10/17/2014","6,310.29","6,195.91","6,312.97","6,188.04","1.11B","1.85%"
"10/16/2014","6,195.91","6,211.64","6,282.95","6,072.68","1.70B","-0.25%"
"10/15/2014","6,211.64","6,392.68","6,404.96","6,211.64","1.14B","-2.83%"
"10/14/2014","6,392.68","6,366.24","6,403.43","6,304.27","830.85M","0.42%"
"10/13/2014","6,366.24","6,339.97","6,387.36","6,294.64","846.37M","0.41%"
"10/10/2014","6,339.97","6,431.85","6,431.85","6,328.39","893.11M","-1.43%"
"10/09/2014","6,431.85","6,482.24","6,544.21","6,425.16","864.39M","-0.78%"
"10/08/2014","6,482.24","6,495.58","6,502.36","6,453.81","822.97M","-0.21%"
"10/07/2014","6,495.58","6,563.65","6,563.84","6,495.58","858.00M","-1.04%"
"10/06/2014","6,563.65","6,527.91","6,588.31","6,527.91","722.22M","0.55%"
"10/03/2014","6,527.91","6,446.39","6,542.87","6,446.39","750.61M","1.26%"
"10/02/2014","6,446.39","6,557.52","6,557.67","6,446.39","805.72M","-1.69%"
"10/01/2014","6,557.52","6,622.72","6,622.81","6,539.73","789.71M","-0.98%"
"09/30/2014","6,622.72","6,646.60","6,658.91","6,601.62","882.27M","-0.36%"
"09/29/2014","6,646.60","6,649.39","6,653.94","6,608.66","564.79M","-0.04%"
"09/26/2014","6,649.39","6,639.71","6,664.00","6,615.12","588.72M","0.15%"
"09/25/2014","6,639.71","6,706.27","6,726.40","6,621.48","927.83M","-0.99%"
"09/24/2014","6,706.27","6,676.08","6,707.26","6,651.98","793.65M","0.45%"
"09/23/2014","6,676.08","6,773.63","6,777.27","6,647.21","762.69M","-1.44%"
"09/22/2014","6,773.63","6,837.92","6,838.35","6,766.89","674.06M","-0.94%"
"09/19/2014","6,837.92","6,819.29","6,876.00","6,819.29","1.54B","0.27%"
"09/18/2014","6,819.29","6,780.90","6,822.60","6,769.58","644.48M","0.57%"
"09/17/2014","6,780.90","6,792.24","6,816.89","6,780.90","596.03M","-0.17%"
"09/16/2014","6,792.24","6,804.21","6,804.34","6,748.09","592.89M","-0.18%"
"09/15/2014","6,804.21","6,806.96","6,813.87","6,771.69","529.23M","-0.04%"
"09/12/2014","6,806.96","6,799.62","6,832.16","6,799.39","552.97M","0.11%"
"09/11/2014","6,799.62","6,830.11","6,857.54","6,764.86","648.02M","-0.45%"
"09/10/2014","6,830.11","6,829.00","6,847.79","6,800.04","585.61M","0.02%"
"09/09/2014","6,829.00","6,834.77","6,846.18","6,812.50","580.80M","-0.08%"
"09/08/2014","6,834.77","6,855.10","6,855.10","6,773.78","752.27M","-0.30%"
"09/05/2014","6,855.10","6,877.97","6,884.96","6,829.10","596.55M","-0.33%"
"09/04/2014","6,877.97","6,873.58","6,904.86","6,866.25","688.90M","0.06%"
"09/03/2014","6,873.58","6,829.17","6,898.62","6,826.73","674.90M","0.65%"
"09/02/2014","6,829.17","6,825.31","6,849.28","6,812.31","820.23M","0.06%"
"09/01/2014","6,825.31","6,819.75","6,825.31","6,798.33","404.27M","0.08%"
"08/29/2014","6,819.75","6,805.80","6,828.92","6,782.63","720.98M","0.20%"
"08/28/2014","6,805.80","6,830.66","6,831.19","6,796.86","498.07M","-0.36%"
"08/27/2014","6,830.66","6,822.76","6,830.66","6,813.24","481.23M","0.12%"
"08/26/2014","6,822.76","6,775.25","6,827.32","6,775.25","538.32M","0.70%"
"08/22/2014","6,775.25","6,777.66","6,784.63","6,746.37","571.52M","-0.04%"
"08/21/2014","6,777.66","6,755.48","6,780.73","6,752.70","423.43M","0.33%"
"08/20/2014","6,755.48","6,779.31","6,781.23","6,739.76","466.21M","-0.35%"
"08/19/2014","6,779.31","6,741.25","6,782.90","6,740.65","459.71M","0.56%"
"08/18/2014","6,741.25","6,689.08","6,745.72","6,689.08","413.05M","0.78%"
"08/15/2014","6,689.08","6,685.26","6,742.82","6,685.25","545.28M","0.06%"
"08/14/2014","6,685.26","6,656.68","6,694.64","6,641.81","512.93M","0.43%"
"08/13/2014","6,656.68","6,632.42","6,664.34","6,625.98","527.73M","0.37%"
"08/12/2014","6,632.42","6,632.82","6,643.70","6,612.52","448.28M","-0.01%"
"08/11/2014","6,632.82","6,567.36","6,645.83","6,567.36","494.37M","1.00%"
"08/08/2014","6,567.36","6,597.37","6,597.37","6,528.73","645.42M","-0.45%"
"08/07/2014","6,597.37","6,636.16","6,649.05","6,589.78","565.63M","-0.58%"
"08/06/2014","6,636.16","6,682.48","6,682.48","6,588.43","803.80M","-0.69%"
"08/05/2014","6,682.48","6,677.52","6,713.52","6,671.46","512.85M","0.07%"
"08/04/2014","6,677.52","6,679.18","6,715.56","6,669.93","522.83M","-0.02%"
"08/01/2014","6,679.18","6,730.11","6,730.11","6,624.72","695.02M","-0.76%"
"07/31/2014","6,730.11","6,773.44","6,797.09","6,716.29","919.87M","-0.64%"
"07/30/2014","6,773.44","6,807.75","6,815.29","6,758.24","692.78M","-0.50%"
"07/29/2014","6,807.75","6,788.07","6,833.67","6,784.04","527.06M","0.29%"
"07/28/2014","6,788.07","6,791.55","6,809.61","6,761.77","528.42M","-0.05%"
"07/25/2014","6,791.55","6,821.46","6,830.77","6,780.65","661.62M","-0.44%"
"07/24/2014","6,821.46","6,798.15","6,821.46","6,767.33","541.59M","0.34%"
"07/23/2014","6,798.15","6,795.34","6,822.65","6,773.11","588.95M","0.04%"
"07/22/2014","6,795.34","6,728.44","6,801.84","6,728.44","537.78M","0.99%"
"07/21/2014","6,728.44","6,749.45","6,753.42","6,715.78","470.70M","-0.31%"
"07/18/2014","6,749.45","6,738.32","6,749.89","6,690.90","584.83M","0.17%"
"07/17/2014","6,738.32","6,784.67","6,784.67","6,727.71","631.29M","-0.68%"
"07/16/2014","6,784.67","6,710.45","6,792.55","6,710.45","610.71M","1.11%"
"07/15/2014","6,710.45","6,746.14","6,764.00","6,709.15","604.33M","-0.53%"
"07/14/2014","6,746.14","6,690.17","6,760.73","6,690.17","468.49M","0.84%"
"07/11/2014","6,690.17","6,672.37","6,696.10","6,663.67","533.17M","0.27%"
"07/10/2014","6,672.37","6,718.04","6,724.80","6,643.62","764.87M","-0.68%"
"07/09/2014","6,718.04","6,738.45","6,740.82","6,692.77","601.51M","-0.30%"
"07/08/2014","6,738.45","6,823.51","6,831.02","6,738.45","660.68M","-1.25%"
"07/07/2014","6,823.51","6,866.05","6,866.37","6,817.60","387.94M","-0.62%"
"07/04/2014","6,866.05","6,865.21","6,875.31","6,856.35","329.36M","0.01%"
"07/03/2014","6,865.21","6,816.37","6,866.56","6,815.45","523.96M","0.72%"
"07/02/2014","6,816.37","6,802.92","6,829.49","6,796.61","479.50M","0.20%"
"07/01/2014","6,802.92","6,743.94","6,805.90","6,743.94","513.05M","0.87%"
"06/30/2014","6,743.94","6,757.77","6,777.11","6,730.45","614.34M","-0.20%"
"06/27/2014","6,757.77","6,735.12","6,767.63","6,735.12","516.99M","0.34%"
"06/26/2014","6,735.12","6,733.62","6,753.25","6,701.59","902.55M","0.02%"
"06/25/2014","6,733.62","6,787.07","6,787.07","6,716.35","585.45M","-0.79%"
"06/24/2014","6,787.07","6,800.56","6,824.45","6,776.80","570.13M","-0.20%"
"06/23/2014","6,800.56","6,825.20","6,829.76","6,785.83","466.64M","-0.36%"
"06/20/2014","6,825.20","6,808.11","6,840.62","6,791.20","1.02B","0.25%"
"06/19/2014","6,808.11","6,778.56","6,837.57","6,778.56","563.40M","0.44%"
"06/18/2014","6,778.56","6,766.77","6,799.59","6,766.77","511.30M","0.17%"
"06/17/2014","6,766.77","6,754.64","6,774.87","6,736.11","572.51M","0.18%"
"06/16/2014","6,754.64","6,777.85","6,779.40","6,748.04","568.44M","-0.34%"
"06/13/2014","6,777.85","6,843.11","6,843.11","6,758.15","640.61M","-0.95%"
"06/12/2014","6,843.11","6,838.87","6,853.18","6,827.03","527.38M","0.06%"
"06/11/2014","6,838.87","6,873.55","6,873.55","6,825.24","675.33M","-0.50%"
"06/10/2014","6,873.55","6,875.00","6,875.24","6,835.80","534.39M","-0.02%"
"06/09/2014","6,875.00","6,858.21","6,878.96","6,857.70","388.13M","0.24%"
"06/06/2014","6,858.21","6,813.49","6,862.91","6,813.49","766.31M","0.66%"
"06/05/2014","6,813.49","6,818.63","6,847.00","6,795.27","626.57M","-0.08%"
"06/04/2014","6,818.63","6,836.30","6,840.60","6,800.10","560.72M","-0.26%"
"06/03/2014","6,836.30","6,864.10","6,865.38","6,817.96","504.99M","-0.41%"
"06/02/2014","6,864.10","6,844.51","6,874.38","6,844.51","573.72M","0.29%"
"05/30/2014","6,844.51","6,871.29","6,874.33","6,831.99","1.17B","-0.39%"
"05/29/2014","6,871.29","6,851.22","6,882.14","6,848.06","403.37M","0.29%"
"05/28/2014","6,851.22","6,844.94","6,855.83","6,833.61","577.49M","0.09%"
"05/27/2014","6,844.94","6,815.75","6,857.10","6,815.37","585.49M","0.43%"
"05/23/2014","6,815.75","6,820.56","6,825.53","6,793.47","485.85M","-0.07%"
"05/22/2014","6,820.56","6,821.04","6,846.57","6,810.19","564.13M","-0.01%"
"05/21/2014","6,821.04","6,802.00","6,821.04","6,782.80","733.75M","0.28%"
"05/20/2014","6,802.00","6,844.55","6,848.36","6,792.51","680.77M","-0.62%"
"05/19/2014","6,844.55","6,855.81","6,862.20","6,804.31","744.48M","-0.16%"
"05/16/2014","6,855.81","6,840.89","6,855.94","6,813.50","985.98M","0.22%"
"05/15/2014","6,840.89","6,878.49","6,894.88","6,821.66","896.97M","-0.55%"
"05/14/2014","6,878.49","6,873.08","6,880.07","6,854.02","529.68M","0.08%"
"05/13/2014","6,873.08","6,851.75","6,877.39","6,845.95","631.55M","0.31%"
"05/12/2014","6,851.75","6,814.57","6,851.75","6,814.57","565.08M","0.55%"
"05/09/2014","6,814.57","6,839.25","6,839.42","6,805.39","617.68M","-0.36%"
"05/08/2014","6,839.25","6,796.44","6,840.37","6,796.44","818.48M","0.63%"
"05/07/2014","6,796.44","6,798.56","6,799.34","6,766.84","768.89M","-0.03%"
"05/06/2014","6,798.56","6,822.42","6,828.62","6,785.32","732.62M","-0.35%"
"05/02/2014","6,822.42","6,808.87","6,838.17","6,798.61","746.45M","0.20%"
"05/01/2014","6,808.87","6,780.03","6,811.64","6,773.69","648.19M","0.43%"
"04/30/2014","6,780.03","6,769.91","6,794.88","6,748.76","773.11M","0.15%"
"04/29/2014","6,769.91","6,700.16","6,769.91","6,700.10","674.49M","1.04%"
"04/28/2014","6,700.16","6,685.69","6,720.33","6,682.90","652.39M","0.22%"
"04/25/2014","6,685.69","6,702.85","6,704.37","6,657.30","578.70M","-0.26%"
"04/24/2014","6,703.00","6,674.74","6,724.58","6,667.65","616.11M","0.42%"
"04/23/2014","6,674.74","6,681.76","6,694.82","6,661.42","637.85M","-0.11%"
"04/22/2014","6,681.76","6,625.25","6,706.19","6,625.25","840.73M","0.85%"
"04/17/2014","6,625.25","6,584.17","6,627.25","6,559.35","842.35M","0.62%"
"04/16/2014","6,584.17","6,541.61","6,596.99","6,541.61","686.34M","0.65%"
"04/15/2014","6,541.61","6,583.76","6,594.24","6,534.20","858.94M","-0.64%"
"04/14/2014","6,583.76","6,561.70","6,583.76","6,507.08","979.65M","0.34%"
"04/11/2014","6,561.70","6,641.97","6,641.97","6,538.75","817.95M","-1.21%"
"04/10/2014","6,641.97","6,635.61","6,688.28","6,620.39","670.60M","0.10%"
"04/09/2014","6,635.61","6,590.69","6,654.05","6,590.41","758.99M","0.68%"
"04/08/2014","6,590.69","6,622.84","6,625.19","6,549.75","1.06B","-0.49%"
"04/07/2014","6,622.84","6,695.55","6,695.55","6,614.73","666.07M","-1.09%"
"04/04/2014","6,695.55","6,649.14","6,706.34","6,649.14","876.23M","0.70%"
"04/03/2014","6,649.14","6,659.04","6,680.78","6,638.52","670.68M","-0.15%"
"04/02/2014","6,659.04","6,652.61","6,672.73","6,639.63","971.88M","0.10%"
"04/01/2014","6,652.61","6,598.37","6,660.27","6,598.37","853.49M","0.82%"
"03/31/2014","6,598.37","6,615.58","6,658.40","6,583.09","867.82M","-0.26%"
"03/28/2014","6,615.58","6,588.32","6,631.48","6,585.73","1.00B","0.41%"
"03/27/2014","6,588.32","6,605.30","6,605.30","6,561.39","850.23M","-0.26%"
"03/26/2014","6,605.30","6,604.89","6,643.58","6,601.78","1.43B","0.01%"
"03/25/2014","6,604.89","6,520.39","6,604.89","6,520.39","674.29M","1.30%"
"03/24/2014","6,520.39","6,557.17","6,568.96","6,506.42","762.85M","-0.56%"
"03/21/2014","6,557.17","6,542.44","6,572.09","6,537.89","1.50B","0.23%"
"03/20/2014","6,542.44","6,573.13","6,573.13","6,492.62","795.07M","-0.47%"
"03/19/2014","6,573.13","6,605.28","6,609.46","6,566.85","1.05B","-0.49%"
"03/18/2014","6,605.28","6,568.35","6,628.20","6,534.86","723.56M","0.56%"
"03/17/2014","6,568.35","6,527.89","6,592.37","6,527.87","692.71M","0.62%"
"03/14/2014","6,527.89","6,553.78","6,553.78","6,500.37","847.30M","-0.40%"
"03/13/2014","6,553.78","6,620.90","6,631.38","6,552.46","894.84M","-1.01%"
"03/12/2014","6,620.90","6,685.52","6,685.52","6,598.36","891.94M","-0.97%"
"03/11/2014","6,685.52","6,689.45","6,718.30","6,660.59","868.65M","-0.06%"
"03/10/2014","6,689.45","6,712.67","6,757.00","6,671.62","820.42M","-0.35%"
"03/07/2014","6,712.67","6,788.49","6,800.66","6,706.38","793.75M","-1.12%"
"03/06/2014","6,788.49","6,775.42","6,806.62","6,770.95","664.69M","0.19%"
"03/05/2014","6,775.42","6,823.77","6,824.16","6,771.50","623.86M","-0.71%"
"03/04/2014","6,823.77","6,708.35","6,827.22","6,708.35","734.14M","1.72%"
"03/03/2014","6,708.35","6,809.70","6,809.70","6,671.89","829.08M","-1.49%"
"02/28/2014","6,809.70","6,810.27","6,833.82","6,785.54","924.58M","-0.01%"
"02/27/2014","6,810.27","6,799.15","6,819.24","6,733.54","845.70M","0.16%"
"02/26/2014","6,799.15","6,830.50","6,834.09","6,785.28","739.00M","-0.46%"
"02/25/2014","6,830.50","6,862.73","6,866.35","6,790.93","1.16B","-0.52%"
"02/24/2014","6,865.86","6,838.06","6,865.86","6,797.83","1.07B","0.41%"
"02/21/2014","6,838.06","6,812.99","6,859.91","6,812.99","1.02B","0.37%"
"02/20/2014","6,812.99","6,796.71","6,812.99","6,732.03","742.46M","0.24%"
"02/19/2014","6,796.71","6,796.43","6,810.48","6,759.86","793.95M","0.00%"
"02/18/2014","6,796.43","6,736.00","6,802.89","6,716.64","826.63M","0.90%"
"02/17/2014","6,736.00","6,663.62","6,745.63","6,661.47","630.25M","1.09%"
"02/14/2014","6,663.62","6,659.42","6,672.21","6,646.47","912.78M","0.06%"
"02/13/2014","6,659.42","6,675.03","6,675.24","6,608.09","1.17B","-0.23%"
"02/12/2014","6,675.03","6,672.66","6,708.17","6,669.06","820.07M","0.04%"
"02/11/2014","6,672.66","6,591.55","6,672.66","6,591.55","934.91M","1.23%"
"02/10/2014","6,591.55","6,571.68","6,597.00","6,565.30","593.69M","0.30%"
"02/07/2014","6,571.68","6,558.28","6,596.28","6,540.81","708.47M","0.20%"
"02/06/2014","6,558.28","6,457.89","6,566.01","6,457.89","815.15M","1.55%"
"02/05/2014","6,457.89","6,449.27","6,483.73","6,423.79","810.17M","0.13%"
"02/04/2014","6,449.27","6,465.66","6,478.16","6,416.72","922.89M","-0.25%"
"02/03/2014","6,465.66","6,510.44","6,538.30","6,459.95","829.89M","-0.69%"
"01/31/2014","6,510.44","6,538.45","6,548.46","6,421.26","751.20M","-0.43%"
"01/30/2014","6,538.45","6,544.28","6,573.92","6,503.25","755.89M","-0.09%"
"01/29/2014","6,544.28","6,572.33","6,645.23","6,482.74","990.21M","-0.43%"
"01/28/2014","6,572.33","6,550.66","6,590.66","6,550.65","675.70M","0.33%"
"01/27/2014","6,550.66","6,663.74","6,665.39","6,539.33","985.29M","-1.70%"
"01/24/2014","6,663.74","6,773.28","6,784.42","6,654.86","844.75M","-1.62%"
"01/23/2014","6,773.28","6,826.33","6,837.21","6,760.63","668.66M","-0.78%"
"01/22/2014","6,826.33","6,834.26","6,864.87","6,821.80","548.74M","-0.12%"
"01/21/2014","6,834.26","6,836.73","6,867.42","6,822.31","618.28M","-0.04%"
"01/20/2014","6,836.73","6,829.30","6,837.53","6,810.62","424.81M","0.11%"
"01/17/2014","6,829.30","6,815.42","6,840.50","6,800.00","999.74M","0.20%"
"01/16/2014","6,815.42","6,819.86","6,831.74","6,811.16","714.15M","-0.07%"
"01/15/2014","6,819.86","6,766.86","6,825.20","6,766.86","693.72M","0.78%"
"01/14/2014","6,766.86","6,757.15","6,772.63","6,694.08","568.35M","0.14%"
"01/13/2014","6,757.15","6,739.94","6,765.60","6,730.97","598.03M","0.26%"
"01/10/2014","6,739.94","6,691.34","6,769.94","6,691.34","811.61M","0.73%"
"01/09/2014","6,691.34","6,721.78","6,746.41","6,679.31","782.90M","-0.45%"
"01/08/2014","6,721.78","6,755.45","6,755.53","6,713.39","720.03M","-0.50%"
"01/07/2014","6,755.45","6,730.73","6,768.89","6,718.07","672.38M","0.37%"
"01/06/2014","6,730.73","6,730.67","6,751.98","6,714.64","524.39M","0.00%"
"01/03/2014","6,730.67","6,717.91","6,747.33","6,699.27","374.84M","0.19%"
"01/02/2014","6,717.91","6,749.09","6,759.37","6,707.48","459.53M","-0.46%"