"Date","Price","Open","High","Low","Vol.","Change %"
"12/31/2025","211.11","210.58","211.26","210.24","","0.22%"
"12/30/2025","210.65","210.83","211.15","210.42","","-0.09%"
"12/29/2025","210.83","211.25","211.51","210.42","","-0.25%"
"12/26/2025","211.36","210.89","211.55","210.32","","0.31%"
"12/25/2025","210.70","210.48","210.88","210.33","","0.05%"
"12/24/2025","210.60","211.24","211.34","210.10","","-0.28%"
"12/23/2025","211.19","211.48","211.54","210.32","","-0.12%"
"12/22/2025","211.45","210.98","211.63","210.59","","0.18%"
"12/19/2025","211.08","208.14","211.11","208.04","","1.40%"
"12/18/2025","208.16","208.26","209.24","207.83","","-0.05%"
"12/17/2025","208.26","207.66","208.45","207.02","","0.27%"
"12/16/2025","207.69","207.56","208.11","206.73","","0.03%"
"12/15/2025","207.62","208.35","208.66","207.06","","-0.36%"
"12/12/2025","208.37","208.35","208.79","207.85","","0.03%"
"12/11/2025","208.31","208.85","208.89","207.88","","-0.24%"
"12/10/2025","208.82","208.69","208.93","208.20","","0.10%"
"12/09/2025","208.61","207.70","208.98","207.55","","0.43%"
"12/08/2025","207.71","206.88","207.85","206.56","","0.30%"
"12/05/2025","207.08","206.69","207.42","206.07","","0.19%"
"12/04/2025","206.69","207.31","207.41","206.20","","-0.30%"
"12/03/2025","207.31","205.97","207.39","205.71","","0.66%"
"12/02/2025","205.95","205.39","206.30","205.31","","0.25%"
"12/01/2025","205.43","206.64","206.91","205.18","","-0.63%"
"11/28/2025","206.74","206.96","207.24","206.13","","-0.10%"
"11/27/2025","206.95","207.20","207.26","206.42","","-0.13%"
"11/26/2025","207.21","205.48","207.26","205.28","","0.84%"
"11/25/2025","205.48","205.63","206.28","204.97","","-0.08%"
"11/24/2025","205.64","205.11","205.96","204.81","","0.39%"
"11/21/2025","204.85","205.88","206.14","204.26","","-0.50%"
"11/20/2025","205.88","205.25","206.90","204.79","","0.31%"
"11/19/2025","205.25","204.44","205.42","203.95","","0.40%"
"11/18/2025","204.44","204.27","204.79","203.67","","0.09%"
"11/17/2025","204.26","203.15","204.57","202.97","","0.33%"
"11/14/2025","203.58","203.90","204.13","202.32","","-0.16%"
"11/13/2025","203.90","203.32","204.11","202.94","","0.30%"
"11/12/2025","203.29","202.73","203.61","202.58","","0.28%"
"11/11/2025","202.73","203.10","203.33","202.31","","-0.17%"
"11/10/2025","203.08","201.78","203.27","201.76","","0.57%"
"11/07/2025","201.93","201.08","202.13","200.62","","0.42%"
"11/06/2025","201.08","201.15","201.42","200.27","","-0.02%"
"11/05/2025","201.13","200.12","201.28","199.04","","0.51%"
"11/04/2025","200.11","202.64","202.81","199.85","","-1.24%"
"11/03/2025","202.63","202.61","202.85","201.94","","0.01%"
"10/31/2025","202.60","202.73","202.96","201.82","","-0.06%"
"10/30/2025","202.73","201.52","203.31","200.97","","0.61%"
"10/29/2025","201.51","201.88","202.02","200.54","","-0.18%"
"10/28/2025","201.88","203.88","203.94","201.65","","-0.98%"
"10/27/2025","203.88","203.76","204.28","203.36","","0.18%"
"10/24/2025","203.52","203.33","204.04","203.07","","0.09%"
"10/23/2025","203.33","202.99","203.84","202.78","","0.16%"
"10/22/2025","203.01","203.15","203.33","201.90","","-0.07%"
"10/21/2025","203.15","202.09","203.58","201.80","","0.53%"
"10/20/2025","202.08","202.24","203.16","201.80","","-0.08%"
"10/17/2025","202.24","202.05","202.34","200.65","","0.08%"
"10/16/2025","202.08","202.44","203.48","201.69","","-0.19%"
"10/15/2025","202.46","202.24","202.77","201.56","","0.10%"
"10/14/2025","202.25","203.03","203.56","201.30","","-0.39%"
"10/13/2025","203.04","202.79","203.29","202.28","","0.53%"
"10/10/2025","201.97","203.68","203.89","201.85","","-0.83%"
"10/09/2025","203.66","204.75","204.92","203.27","","-0.50%"
"10/08/2025","204.68","203.94","205.37","203.73","","0.37%"
"10/07/2025","203.93","202.73","204.11","202.10","","0.58%"
"10/06/2025","202.76","201.16","202.86","200.21","","2.01%"
"10/03/2025","198.77","197.79","198.92","197.70","","0.44%"
"10/02/2025","197.90","198.21","198.65","197.46","","-0.16%"
"10/01/2025","198.21","198.88","199.27","197.89","","-0.34%"
"09/30/2025","198.88","199.52","199.83","198.55","","-0.32%"
"09/29/2025","199.52","200.37","200.49","199.29","","-0.44%"
"09/26/2025","200.41","199.90","200.57","199.65","","0.26%"
"09/25/2025","199.90","200.23","200.40","199.45","","-0.16%"
"09/24/2025","200.23","199.71","200.29","199.43","","0.26%"
"09/23/2025","199.71","199.62","200.00","199.13","","0.05%"
"09/22/2025","199.62","199.31","199.86","199.12","","0.16%"
"09/19/2025","199.31","200.62","200.67","199.19","","-0.65%"
"09/18/2025","200.62","200.30","201.31","200.00","","0.16%"
"09/17/2025","200.29","199.93","200.39","199.45","","0.18%"
"09/16/2025","199.93","200.47","200.76","199.76","","-0.26%"
"09/15/2025","200.45","200.33","200.79","199.80","","0.12%"
"09/12/2025","200.21","199.82","200.52","199.63","","0.20%"
"09/11/2025","199.82","199.53","200.22","199.29","","0.15%"
"09/10/2025","199.53","199.41","200.14","199.20","","0.06%"
"09/09/2025","199.42","199.83","199.95","198.77","","-0.21%"
"09/08/2025","199.83","199.01","200.40","198.98","","0.35%"
"09/05/2025","199.14","199.46","200.27","198.61","","-0.16%"
"09/04/2025","199.46","199.12","199.87","198.74","","0.17%"
"09/03/2025","199.12","198.74","199.77","198.46","","0.19%"
"09/02/2025","198.74","199.34","200.31","198.28","","-0.31%"
"09/01/2025","199.36","198.63","199.61","198.39","","0.39%"
"08/29/2025","198.58","198.55","198.72","197.93","","0.02%"
"08/28/2025","198.55","198.97","199.17","198.36","","-0.21%"
"08/27/2025","198.97","198.74","199.24","198.50","","0.13%"
"08/26/2025","198.71","198.85","199.13","198.25","","-0.07%"
"08/25/2025","198.84","198.74","199.33","198.36","","0.04%"
"08/22/2025","198.77","199.00","200.12","198.32","","-0.12%"
"08/21/2025","199.01","198.35","199.27","198.12","","0.37%"
"08/20/2025","198.27","199.23","199.48","197.83","","-0.48%"
"08/19/2025","199.23","199.68","199.94","198.79","","-0.24%"
"08/18/2025","199.70","199.43","200.31","199.17","","0.11%"
"08/15/2025","199.49","199.98","200.15","198.88","","-0.25%"
"08/14/2025","199.98","200.08","200.22","198.56","","-0.05%"
"08/13/2025","200.08","199.57","200.32","199.40","","0.26%"
"08/12/2025","199.57","199.00","200.57","198.85","","0.29%"
"08/11/2025","199.00","198.54","199.11","198.04","","0.15%"
"08/08/2025","198.70","197.78","198.87","197.36","","0.47%"
"08/07/2025","197.78","196.84","198.07","196.22","","0.48%"
"08/06/2025","196.83","196.33","197.11","196.06","","0.25%"
"08/05/2025","196.33","195.50","196.51","195.01","","0.47%"
"08/04/2025","195.41","195.68","196.58","195.00","","-0.15%"
"08/01/2025","195.71","199.09","199.35","195.30","","-1.70%"
"07/31/2025","199.10","197.86","199.56","196.94","","0.60%"
"07/30/2025","197.91","198.23","198.47","197.42","","-0.16%"
"07/29/2025","198.22","198.49","198.56","197.70","","-0.10%"
"07/28/2025","198.42","198.66","199.25","198.23","","-0.02%"
"07/25/2025","198.45","198.60","199.13","198.08","","-0.08%"
"07/24/2025","198.60","198.91","199.05","198.10","","-0.19%"
"07/23/2025","198.98","198.45","199.12","197.74","","0.27%"
"07/22/2025","198.45","198.80","199.33","197.41","","-0.21%"
"07/21/2025","198.86","198.55","199.50","198.32","","-0.35%"
"07/18/2025","199.56","199.29","200.02","199.14","","0.09%"
"07/17/2025","199.39","198.44","199.59","198.21","","0.45%"
"07/16/2025","198.49","199.25","199.78","197.87","","-0.38%"
"07/15/2025","199.25","198.36","199.56","198.18","","0.45%"
"07/14/2025","198.36","199.02","199.12","198.04","","-0.33%"
"07/11/2025","199.02","198.58","199.49","198.22","","0.23%"
"07/10/2025","198.57","198.83","199.30","198.35","","-0.13%"
"07/09/2025","198.83","199.23","199.86","198.71","","-0.20%"
"07/08/2025","199.23","198.62","199.51","198.48","","0.29%"
"07/07/2025","198.65","197.07","199.06","196.75","","0.64%"
"07/04/2025","197.38","197.90","197.98","196.87","","-0.26%"
"07/03/2025","197.90","195.95","198.14","195.70","","1.00%"
"07/02/2025","195.95","197.18","197.60","195.33","","-0.62%"
"07/01/2025","197.18","197.84","197.93","196.25","","-0.33%"
"06/30/2025","197.84","198.17","198.52","197.19","","-0.29%"
"06/27/2025","198.42","198.29","198.84","197.98","","0.09%"
"06/26/2025","198.25","198.50","198.64","197.68","","-0.13%"
"06/25/2025","198.50","197.32","198.62","197.01","","0.59%"
"06/24/2025","197.33","197.68","197.87","196.90","","-0.18%"
"06/23/2025","197.68","196.36","198.23","195.84","","0.60%"
"06/20/2025","196.50","195.91","196.75","195.62","","0.30%"
"06/19/2025","195.91","194.81","196.00","194.00","","0.59%"
"06/18/2025","194.77","195.13","195.40","194.31","","-0.16%"
"06/17/2025","195.08","196.55","196.88","194.88","","-0.73%"
"06/16/2025","196.51","195.30","196.73","195.08","","0.53%"
"06/13/2025","195.47","195.35","196.02","193.75","","0.06%"
"06/12/2025","195.35","195.81","195.94","194.68","","-0.23%"
"06/11/2025","195.81","195.53","196.55","195.27","","0.14%"
"06/10/2025","195.53","195.94","196.50","194.75","","-0.21%"
"06/09/2025","195.94","195.98","196.20","195.42","","0.00%"
"06/06/2025","195.94","194.90","196.24","194.62","","0.59%"
"06/05/2025","194.80","193.56","195.52","193.23","","0.67%"
"06/04/2025","193.50","194.66","195.28","193.42","","-0.60%"
"06/03/2025","194.67","193.19","194.83","192.71","","0.71%"
"06/02/2025","193.30","193.99","194.02","192.99","","-0.31%"
"05/30/2025","193.91","194.54","194.71","193.38","","-0.30%"
"05/29/2025","194.50","195.07","196.35","194.28","","-0.29%"
"05/28/2025","195.07","194.94","195.43","194.35","","0.06%"
"05/27/2025","194.95","193.76","195.67","193.03","","0.61%"
"05/26/2025","193.76","192.88","194.07","192.48","","0.39%"
"05/23/2025","193.00","193.26","193.64","192.08","","-0.13%"
"05/22/2025","193.26","192.82","193.64","191.87","","0.23%"
"05/21/2025","192.82","193.55","193.66","192.54","","-0.38%"
"05/20/2025","193.55","193.56","194.25","192.88","","-0.01%"
"05/19/2025","193.56","192.98","194.11","192.59","","0.12%"
"05/16/2025","193.32","193.76","193.93","193.03","","-0.23%"
"05/15/2025","193.76","194.65","194.81","193.40","","-0.46%"
"05/14/2025","194.65","196.26","196.46","194.20","","-0.82%"
"05/13/2025","196.26","195.61","196.43","194.76","","0.33%"
"05/12/2025","195.61","194.03","195.85","193.39","","1.14%"
"05/09/2025","193.41","193.31","193.51","192.32","","0.05%"
"05/08/2025","193.31","191.23","193.55","190.97","","1.12%"
"05/07/2025","191.17","190.42","191.72","190.29","","0.39%"
"05/06/2025","190.42","191.04","191.40","190.30","","-0.32%"
"05/05/2025","191.04","192.40","192.47","190.98","","-0.71%"
"05/02/2025","192.40","193.17","193.79","191.44","","-0.40%"
"05/01/2025","193.17","190.73","193.51","190.31","","1.28%"
"04/30/2025","190.73","190.85","191.31","189.96","","-0.07%"
"04/29/2025","190.87","190.78","191.38","190.37","","-0.01%"
"04/28/2025","190.88","191.34","191.60","190.64","","-0.24%"
"04/25/2025","191.33","190.31","191.75","190.03","","0.54%"
"04/24/2025","190.31","190.17","190.43","189.27","","0.09%"
"04/23/2025","190.13","188.80","190.35","188.29","","0.73%"
"04/22/2025","188.76","188.43","188.90","187.45","","0.18%"
"04/21/2025","188.42","189.06","189.06","187.97","","-0.31%"
"04/18/2025","189.00","188.95","189.22","188.67","","0.05%"
"04/17/2025","188.91","187.90","189.42","187.43","","0.61%"
"04/16/2025","187.77","189.52","189.79","187.63","","-0.91%"
"04/15/2025","189.49","188.61","189.63","188.44","","0.48%"
"04/14/2025","188.58","188.73","189.24","186.55","","0.46%"
"04/11/2025","187.71","187.35","188.23","185.99","","0.21%"
"04/10/2025","187.31","189.49","189.59","186.35","","-1.05%"
"04/09/2025","189.29","186.76","189.86","184.36","","1.37%"
"04/08/2025","186.73","188.05","188.99","186.54","","-0.69%"
"04/07/2025","188.02","188.80","190.13","186.14","","-0.70%"
"04/04/2025","189.35","191.36","191.79","187.50","","-1.01%"
"04/03/2025","191.28","194.13","194.13","191.14","","-1.45%"
"04/02/2025","194.09","193.30","195.80","192.96","","0.39%"
"04/01/2025","193.33","193.73","193.97","192.19","","-0.20%"
"03/31/2025","193.71","193.62","194.04","192.71","","-0.06%"
"03/28/2025","193.82","195.60","195.76","193.71","","-0.87%"
"03/27/2025","195.53","194.09","196.02","193.47","","0.78%"
"03/26/2025","194.02","194.04","194.87","193.46","","0.00%"
"03/25/2025","194.02","194.76","195.05","193.61","","-0.34%"
"03/24/2025","194.68","192.75","194.87","192.41","","0.96%"
"03/21/2025","192.83","192.93","193.62","192.01","","-0.02%"
"03/20/2025","192.86","193.21","193.63","192.05","","-0.22%"
"03/19/2025","193.28","194.07","194.75","193.21","","-0.39%"
"03/18/2025","194.04","193.85","194.97","193.69","","0.10%"
"03/17/2025","193.84","192.15","194.02","191.95","","0.85%"
"03/14/2025","192.20","191.42","192.78","191.33","","0.44%"
"03/13/2025","191.35","192.19","192.38","190.72","","-0.41%"
"03/12/2025","192.13","191.38","193.32","191.17","","0.43%"
"03/11/2025","191.30","189.66","191.72","188.77","","0.89%"
"03/10/2025","189.61","191.10","191.14","189.17","","-0.86%"
"03/07/2025","191.25","190.66","191.47","189.63","","0.36%"
"03/06/2025","190.56","191.99","192.57","189.86","","-0.72%"
"03/05/2025","191.95","191.67","192.36","190.86","","0.16%"
"03/04/2025","191.65","189.85","191.79","188.22","","0.95%"
"03/03/2025","189.85","189.59","192.05","188.81","","0.23%"
"02/28/2025","189.41","188.77","190.35","187.66","","0.36%"
"02/27/2025","188.73","188.96","190.16","188.56","","-0.10%"
"02/26/2025","188.91","188.78","189.92","188.40","","0.10%"
"02/25/2025","188.72","189.02","189.79","188.13","","-0.14%"
"02/24/2025","188.99","188.85","189.62","188.19","","0.23%"
"02/21/2025","188.55","189.56","190.99","188.13","","-0.50%"
"02/20/2025","189.50","190.65","190.68","188.67","","-0.59%"
"02/19/2025","190.62","191.79","192.20","190.43","","-0.59%"
"02/18/2025","191.75","191.27","191.99","190.82","","0.27%"
"02/17/2025","191.24","191.75","191.90","190.60","","-0.25%"
"02/14/2025","191.71","192.02","192.56","191.46","","-0.13%"
"02/13/2025","191.95","192.15","193.09","191.14","","-0.09%"
"02/12/2025","192.12","189.79","192.72","189.60","","1.26%"
"02/11/2025","189.73","188.02","189.97","187.23","","0.95%"
"02/10/2025","187.95","187.72","189.19","187.10","","0.04%"
"02/07/2025","187.87","188.34","189.92","187.02","","-0.23%"
"02/06/2025","188.30","190.86","191.00","188.06","","-1.33%"
"02/05/2025","190.83","192.61","192.82","190.27","","-0.91%"
"02/04/2025","192.59","192.69","193.21","191.76","","-0.04%"
"02/03/2025","192.66","192.35","192.88","190.00","","0.20%"
"01/31/2025","192.27","191.63","193.08","191.16","","0.37%"
"01/30/2025","191.56","193.29","193.35","191.43","","-0.84%"
"01/29/2025","193.18","193.52","193.80","192.47","","-0.16%"
"01/28/2025","193.48","193.09","194.08","192.70","","0.22%"
"01/27/2025","193.05","194.66","194.70","192.14","","-0.82%"
"01/24/2025","194.65","192.77","194.81","192.05","","0.99%"
"01/23/2025","192.75","192.76","193.06","192.21","","-0.02%"
"01/22/2025","192.78","192.16","193.07","191.68","","0.35%"
"01/21/2025","192.10","191.79","192.23","190.45","","0.19%"
"01/20/2025","191.73","190.19","192.06","189.86","","0.85%"
"01/17/2025","190.11","189.91","190.67","189.31","","0.14%"
"01/16/2025","189.85","191.59","191.60","189.75","","-0.87%"
"01/15/2025","191.52","192.99","193.03","191.06","","-0.74%"
"01/14/2025","192.95","192.16","193.07","191.47","","0.44%"
"01/13/2025","192.11","192.36","192.80","190.06","","-0.17%"
"01/10/2025","192.44","194.65","194.82","192.19","","-1.10%"
"01/09/2025","194.58","195.77","195.85","193.48","","-0.60%"
"01/08/2025","195.75","197.20","197.60","195.11","","-0.71%"
"01/07/2025","197.15","197.36","198.29","196.85","","-0.08%"
"01/06/2025","197.30","195.38","197.46","195.23","","1.01%"
"01/03/2025","195.33","195.03","195.59","194.62","","0.16%"
"01/02/2025","195.01","196.33","197.57","194.18","","-0.68%"
"01/01/2025","196.35","196.72","196.93","196.27","","-0.15%"
"12/31/2024","196.65","196.80","197.27","195.74","","-0.10%"
"12/30/2024","196.84","198.42","199.00","196.31","","-0.85%"
"12/27/2024","198.52","197.96","198.77","197.21","","0.31%"
"12/26/2024","197.90","197.60","198.06","196.99","","0.16%"
"12/25/2024","197.58","197.19","197.77","196.79","","0.22%"
"12/24/2024","197.14","197.04","197.81","196.67","","0.09%"
"12/23/2024","196.97","196.58","197.16","196.38","","0.19%"
"12/20/2024","196.59","196.85","197.34","195.73","","-0.09%"
"12/19/2024","196.77","194.71","199.00","194.03","","1.10%"
"12/18/2024","194.63","195.05","195.86","194.05","","-0.22%"
"12/17/2024","195.06","195.44","195.93","194.64","","-0.21%"
"12/16/2024","195.48","193.87","195.94","193.62","","0.84%"
"12/13/2024","193.86","193.44","194.49","192.83","","0.25%"
"12/12/2024","193.37","194.39","195.05","192.91","","-0.51%"
"12/11/2024","194.36","194.07","194.75","192.54","","0.18%"
"12/10/2024","194.01","192.81","194.15","192.43","","0.65%"
"12/09/2024","192.75","191.25","193.46","190.58","","0.83%"
"12/06/2024","191.17","191.53","192.63","190.71","","-0.16%"
"12/05/2024","191.47","191.34","192.24","190.31","","0.12%"
"12/04/2024","191.25","189.59","191.56","189.33","","0.90%"
"12/03/2024","189.54","189.34","190.42","188.06","","0.12%"
"12/02/2024","189.31","190.75","191.33","188.46","","-0.75%"
"11/29/2024","190.74","192.30","192.38","190.13","","-0.79%"
"11/28/2024","192.26","191.61","192.52","191.36","","0.37%"
"11/27/2024","191.56","192.45","192.67","190.67","","-0.45%"
"11/26/2024","192.42","193.87","193.90","192.02","","-0.71%"
"11/25/2024","193.80","194.08","194.95","193.24","","-0.03%"
"11/22/2024","193.86","194.55","194.85","192.82","","-0.31%"
"11/21/2024","194.47","196.64","196.73","194.34","","-1.09%"
"11/20/2024","196.62","196.14","197.82","195.92","","0.27%"
"11/19/2024","196.10","196.06","196.26","193.55","","0.04%"
"11/18/2024","196.03","194.88","196.19","194.35","","0.67%"
"11/15/2024","194.73","197.93","198.48","194.28","","-1.60%"
"11/14/2024","197.89","197.55","198.28","197.06","","0.21%"
"11/13/2024","197.47","197.11","197.89","196.64","","0.20%"
"11/12/2024","197.07","197.85","198.10","196.87","","-0.37%"
"11/11/2024","197.81","197.17","198.50","197.01","","0.30%"
"11/08/2024","197.21","198.66","198.96","196.72","","-0.69%"
"11/07/2024","198.59","199.16","199.59","198.30","","-0.27%"
"11/06/2024","199.13","197.74","199.58","197.32","","0.72%"
"11/05/2024","197.71","197.14","197.91","196.98","","0.30%"
"11/04/2024","197.11","197.77","197.89","196.48","","-0.32%"
"11/01/2024","197.74","196.11","198.42","195.75","","0.84%"
"10/31/2024","196.09","198.88","198.98","195.36","","-1.39%"
"10/30/2024","198.85","199.61","199.85","198.18","","-0.37%"
"10/29/2024","199.59","198.86","199.76","198.02","","0.38%"
"10/28/2024","198.83","197.49","199.38","197.44","","0.74%"
"10/25/2024","197.37","197.02","197.81","196.37","","0.22%"
"10/24/2024","196.94","197.38","197.67","196.41","","-0.21%"
"10/23/2024","197.35","196.15","198.46","195.88","","0.63%"
"10/22/2024","196.12","195.87","196.56","195.10","","0.14%"
"10/21/2024","195.84","195.03","195.92","194.54","","0.38%"
"10/18/2024","195.09","195.44","196.08","194.75","","-0.14%"
"10/17/2024","195.37","194.39","195.66","193.81","","0.52%"
"10/16/2024","194.36","195.07","195.32","193.68","","-0.34%"
"10/15/2024","195.02","195.58","195.77","194.63","","-0.28%"
"10/14/2024","195.56","194.88","195.84","194.62","","0.36%"
"10/11/2024","194.85","194.02","195.27","193.83","","0.44%"
"10/10/2024","193.99","195.16","195.54","193.56","","-0.58%"
"10/09/2024","195.12","194.21","195.30","193.58","","0.48%"
"10/08/2024","194.19","193.88","194.41","192.87","","0.17%"
"10/07/2024","193.86","195.12","195.67","193.33","","-0.61%"
"10/04/2024","195.05","192.84","195.56","191.72","","1.17%"
"10/03/2024","192.80","194.33","195.21","192.11","","-0.78%"
"10/02/2024","194.31","190.74","194.49","190.40","","1.88%"
"10/01/2024","190.72","192.11","193.39","189.84","","-0.68%"
"09/30/2024","192.02","190.10","192.37","189.54","","0.98%"
"09/27/2024","190.15","194.28","196.01","190.01","","-2.11%"
"09/26/2024","194.25","192.87","194.39","192.48","","0.73%"
"09/25/2024","192.85","192.11","193.31","191.76","","0.41%"
"09/24/2024","192.07","191.69","193.38","191.33","","0.22%"
"09/23/2024","191.65","191.75","192.49","190.12","","-0.03%"
"09/20/2024","191.70","189.48","192.04","188.71","","1.19%"
"09/19/2024","189.44","188.01","190.44","187.43","","0.78%"
"09/18/2024","187.97","187.43","188.52","185.81","","0.30%"
"09/17/2024","187.40","185.84","187.49","185.28","","0.85%"
"09/16/2024","185.82","184.83","186.12","183.76","","0.56%"
"09/13/2024","184.78","186.14","186.25","184.35","","-0.69%"
"09/12/2024","186.07","185.70","186.79","185.27","","0.23%"
"09/11/2024","185.65","186.35","186.42","183.70","","-0.34%"
"09/10/2024","186.28","187.19","188.13","185.72","","-0.46%"
"09/09/2024","187.15","186.69","188.17","186.41","","0.24%"
"09/06/2024","186.70","189.06","189.43","186.51","","-1.21%"
"09/05/2024","188.98","188.97","189.84","188.06","","0.05%"
"09/04/2024","188.89","190.76","190.90","188.93","","-0.96%"
"09/03/2024","190.73","193.22","193.39","190.32","","-1.26%"
"09/02/2024","193.16","191.95","193.51","191.32","","0.68%"
"08/30/2024","191.85","190.93","192.06","190.47","","0.49%"
"08/29/2024","190.91","190.73","191.58","190.23","","0.11%"
"08/28/2024","190.70","190.90","191.50","190.35","","-0.06%"
"08/27/2024","190.81","190.64","191.96","190.21","","0.10%"
"08/26/2024","190.62","190.81","190.95","189.50","","-0.04%"
"08/23/2024","190.70","191.49","192.12","190.27","","-0.37%"
"08/22/2024","191.41","190.22","192.00","189.64","","0.65%"
"08/21/2024","190.17","189.32","191.16","188.92","","0.49%"
"08/20/2024","189.25","190.45","191.31","189.20","","-0.61%"
"08/19/2024","190.41","190.93","191.66","188.22","","-0.32%"
"08/16/2024","191.03","191.89","192.06","190.35","","-0.40%"
"08/15/2024","191.80","188.98","192.04","188.74","","1.52%"
"08/14/2024","188.93","188.88","189.47","187.86","","0.08%"
"08/13/2024","188.78","187.92","189.54","187.57","","0.48%"
"08/12/2024","187.87","187.06","189.37","187.04","","0.43%"
"08/09/2024","187.06","187.77","188.44","186.46","","-0.36%"
"08/08/2024","187.74","186.17","187.93","184.46","","0.85%"
"08/07/2024","186.16","183.16","188.10","183.11","","1.65%"
"08/06/2024","183.13","184.22","187.11","182.81","","-0.59%"
"08/05/2024","184.21","187.69","187.76","180.09","","-1.78%"
"08/02/2024","187.54","190.32","190.64","187.37","","-1.43%"
"08/01/2024","190.27","192.83","193.30","190.18","","-1.32%"
"07/31/2024","192.81","196.08","197.43","192.17","","-1.65%"
"07/30/2024","196.05","198.08","199.51","195.95","","-1.00%"
"07/29/2024","198.04","197.91","198.65","196.76","","0.15%"
"07/26/2024","197.75","197.85","199.18","196.94","","-0.04%"
"07/25/2024","197.82","198.64","198.85","195.85","","-0.39%"
"07/24/2024","198.60","200.83","201.22","197.77","","-1.09%"
"07/23/2024","200.78","203.09","203.19","200.72","","-1.11%"
"07/22/2024","203.03","203.37","203.66","201.87","","-0.21%"
"07/19/2024","203.46","203.72","204.27","202.93","","-0.10%"
"07/18/2024","203.67","203.18","203.91","202.08","","0.27%"
"07/17/2024","203.13","205.34","205.72","203.00","","-1.05%"
"07/16/2024","205.29","204.92","205.84","204.84","","0.20%"
"07/15/2024","204.88","205.17","205.44","204.13","","-0.12%"
"07/12/2024","205.13","205.09","206.38","203.84","","0.05%"
"07/11/2024","205.03","207.75","208.91","203.83","","-1.27%"
"07/10/2024","207.67","206.31","207.86","206.13","","0.71%"
"07/09/2024","206.20","205.98","206.62","205.85","","0.15%"
"07/08/2024","205.90","205.58","206.71","205.27","","0.01%"
"07/05/2024","205.88","205.76","206.49","204.96","","0.07%"
"07/04/2024","205.74","206.05","206.19","205.27","","-0.13%"
"07/03/2024","206.00","204.82","206.51","204.58","","0.60%"
"07/02/2024","204.77","204.25","204.96","203.85","","0.28%"
"07/01/2024","204.20","203.42","205.17","203.12","","0.43%"
"06/28/2024","203.32","203.20","203.66","202.53","","0.09%"
"06/27/2024","203.14","202.98","203.48","202.48","","0.12%"
"06/26/2024","202.90","202.61","203.18","202.39","","0.18%"
"06/25/2024","202.53","202.40","202.76","201.96","","0.03%"
"06/24/2024","202.46","202.10","202.78","201.20","","0.20%"
"06/21/2024","202.05","201.17","202.14","200.48","","0.48%"
"06/20/2024","201.09","201.10","201.44","200.80","","0.02%"
"06/19/2024","201.05","200.64","201.19","200.39","","0.23%"
"06/18/2024","200.58","200.35","200.91","200.01","","0.12%"
"06/17/2024","200.34","199.66","200.49","199.04","","0.38%"
"06/14/2024","199.58","200.39","201.66","198.90","","-0.38%"
"06/13/2024","200.34","200.57","201.41","199.68","","-0.09%"
"06/12/2024","200.53","200.16","201.51","199.66","","0.21%"
"06/11/2024","200.11","199.94","200.46","199.67","","0.11%"
"06/10/2024","199.89","199.38","200.10","198.91","","0.28%"
"06/07/2024","199.34","199.03","199.85","198.38","","0.18%"
"06/06/2024","198.98","199.62","199.98","198.82","","-0.30%"
"06/05/2024","199.57","197.67","199.80","197.66","","0.97%"
"06/04/2024","197.66","199.93","200.45","197.19","","-1.11%"
"06/03/2024","199.87","200.46","200.69","199.20","","-0.26%"
"05/31/2024","200.40","199.67","200.55","199.21","","0.39%"
"05/30/2024","199.63","200.21","200.36","198.73","","-0.28%"
"05/29/2024","200.19","200.56","200.82","200.02","","-0.15%"
"05/28/2024","200.50","200.31","200.70","200.13","","0.11%"
"05/27/2024","200.28","200.10","200.46","199.58","","0.19%"
"05/24/2024","199.91","199.29","200.13","199.11","","0.33%"
"05/23/2024","199.25","199.39","199.96","198.99","","-0.04%"
"05/22/2024","199.33","198.49","199.58","198.35","","0.46%"
"05/21/2024","198.42","198.54","198.95","198.23","","-0.04%"
"05/20/2024","198.49","197.71","198.69","197.35","","0.42%"
"05/17/2024","197.66","196.88","197.96","196.77","","0.44%"
"05/16/2024","196.80","196.47","197.03","195.02","","0.18%"
"05/15/2024","196.45","196.97","197.13","195.88","","-0.23%"
"05/14/2024","196.90","196.19","197.19","195.70","","0.38%"
"05/13/2024","196.16","195.03","196.42","194.80","","0.61%"
"05/10/2024","194.98","194.71","195.40","194.44","","0.16%"
"05/09/2024","194.67","194.21","194.91","193.84","","0.19%"
"05/08/2024","194.30","193.50","194.56","193.32","","0.43%"
"05/07/2024","193.47","193.31","194.17","192.98","","0.09%"
"05/06/2024","193.29","191.96","193.70","191.70","","0.72%"
"05/03/2024","191.90","192.58","193.08","191.33","","-0.32%"
"05/02/2024","192.51","193.43","195.79","191.84","","-0.50%"
"05/01/2024","193.47","197.13","197.47","192.04","","-1.85%"
"04/30/2024","197.11","196.38","197.43","196.06","","0.38%"
"04/29/2024","196.37","197.79","200.41","193.58","","-0.69%"
"04/26/2024","197.73","194.88","197.96","193.96","","1.52%"
"04/25/2024","194.76","193.62","194.99","193.27","","0.61%"
"04/24/2024","193.57","192.77","193.68","192.40","","0.44%"
"04/23/2024","192.73","191.23","192.89","190.80","","0.79%"
"04/22/2024","191.21","191.33","191.74","190.30","","-0.04%"
"04/19/2024","191.29","192.32","192.76","190.29","","-0.51%"
"04/18/2024","192.28","192.27","192.83","191.89","","0.03%"
"04/17/2024","192.22","192.25","192.94","191.65","","0.01%"
"04/16/2024","192.21","192.03","192.86","191.61","","0.12%"
"04/15/2024","191.98","190.88","192.76","190.42","","0.62%"
"04/12/2024","190.80","192.42","192.50","189.98","","-0.81%"
"04/11/2024","192.35","192.08","192.62","191.54","","0.17%"
"04/10/2024","192.02","192.44","192.97","191.45","","-0.19%"
"04/09/2024","192.38","192.12","192.89","192.02","","0.16%"
"04/08/2024","192.07","191.62","192.23","191.33","","0.26%"
"04/05/2024","191.57","191.33","191.67","190.66","","0.15%"
"04/04/2024","191.28","191.94","192.30","191.00","","-0.32%"
"04/03/2024","191.89","190.64","191.98","190.41","","0.68%"
"04/02/2024","190.60","190.35","190.76","190.02","","0.16%"
"04/01/2024","190.29","191.02","191.39","190.15","","-0.39%"
"03/29/2024","191.03","191.08","191.30","190.79","","-0.02%"
"03/28/2024","191.06","191.28","191.41","190.60","","-0.09%"
"03/27/2024","191.24","191.40","191.69","190.61","","-0.05%"
"03/26/2024","191.33","191.33","191.72","191.09","","0.02%"
"03/25/2024","191.29","190.86","191.61","190.32","","0.26%"
"03/22/2024","190.80","191.91","192.26","190.36","","-0.56%"
"03/21/2024","191.88","193.41","193.56","191.81","","-0.76%"
"03/20/2024","193.35","191.96","193.62","191.77","","0.77%"
"03/19/2024","191.88","189.88","192.20","189.64","","1.09%"
"03/18/2024","189.82","189.76","190.21","189.53","","-0.01%"
"03/15/2024","189.84","189.16","190.07","188.56","","0.38%"
"03/14/2024","189.12","189.11","189.55","188.59","","0.05%"
"03/13/2024","189.03","188.92","189.57","188.39","","0.08%"
"03/12/2024","188.87","188.30","189.26","187.95","","0.32%"
"03/11/2024","188.26","189.21","189.25","187.95","","-0.44%"
"03/08/2024","189.09","189.63","189.74","188.37","","-0.25%"
"03/07/2024","189.57","190.36","190.36","188.22","","-0.29%"
"03/06/2024","190.13","190.64","190.78","189.83","","-0.25%"
"03/05/2024","190.60","191.05","191.11","190.28","","-0.21%"
"03/04/2024","191.00","189.99","191.25","189.75","","0.58%"
"03/01/2024","189.89","189.35","190.44","189.26","","0.30%"
"02/29/2024","189.32","190.80","190.87","189.02","","-0.75%"
"02/28/2024","190.76","190.93","190.99","190.24","","-0.06%"
"02/27/2024","190.88","191.18","191.23","190.30","","-0.13%"
"02/26/2024","191.12","190.64","191.37","190.32","","0.22%"
"02/23/2024","190.70","190.56","191.19","190.37","","0.09%"
"02/22/2024","190.53","189.94","190.88","189.83","","0.35%"
"02/21/2024","189.86","189.35","189.98","189.13","","0.32%"
"02/20/2024","189.26","189.08","189.77","188.99","","0.12%"
"02/19/2024","189.03","189.33","189.46","188.89","","-0.11%"
"02/16/2024","189.23","188.92","189.55","188.74","","0.18%"
"02/15/2024","188.89","189.21","189.26","187.98","","-0.15%"
"02/14/2024","189.18","189.91","189.94","188.74","","-0.35%"
"02/13/2024","189.84","188.62","190.12","188.41","","0.67%"
"02/12/2024","188.57","188.46","188.76","187.83","","0.03%"
"02/09/2024","188.51","188.47","188.92","188.12","","0.07%"
"02/08/2024","188.37","187.10","188.56","186.84","","0.69%"
"02/07/2024","187.08","186.38","187.32","186.18","","0.39%"
"02/06/2024","186.36","186.40","186.83","186.16","","0.03%"
"02/05/2024","186.31","187.40","187.68","186.01","","-0.58%"
"02/02/2024","187.39","186.62","187.77","186.42","","0.44%"
"02/01/2024","186.56","186.38","186.68","185.02","","0.13%"
"01/31/2024","186.32","187.45","187.78","185.83","","-0.59%"
"01/30/2024","187.42","187.47","187.55","186.34","","0.00%"
"01/29/2024","187.42","188.15","188.33","187.09","","-0.41%"
"01/26/2024","188.19","187.67","188.61","187.31","","0.30%"
"01/25/2024","187.63","187.73","188.27","187.12","","-0.02%"
"01/24/2024","187.67","188.10","188.51","187.10","","-0.22%"
"01/23/2024","188.08","188.24","188.95","187.35","","-0.07%"
"01/22/2024","188.22","188.34","188.44","187.75","","0.04%"
"01/19/2024","188.14","188.26","188.95","187.39","","-0.04%"
"01/18/2024","188.22","187.80","188.30","187.28","","0.26%"
"01/17/2024","187.74","185.97","188.15","185.84","","0.95%"
"01/16/2024","185.98","185.59","186.24","184.98","","0.29%"
"01/15/2024","185.44","184.75","185.78","184.61","","0.37%"
"01/12/2024","184.76","185.41","185.70","184.45","","-0.30%"
"01/11/2024","185.31","185.71","186.20","184.94","","-0.20%"
"01/10/2024","185.68","183.64","185.79","183.40","","1.14%"
"01/09/2024","183.58","183.85","184.00","182.71","","-0.12%"
"01/08/2024","183.80","184.03","184.26","183.00","","-0.06%"
"01/05/2024","183.91","183.41","184.73","183.28","","0.30%"
"01/04/2024","183.36","181.49","183.83","180.99","","1.06%"
"01/03/2024","181.43","179.13","181.79","178.99","","1.28%"
"01/02/2024","179.14","179.31","180.68","178.69","","-0.05%"
"01/01/2024","179.23","179.59","179.88","179.16","","-0.18%"
"12/29/2023","179.56","180.04","180.56","179.28","","-0.24%"
"12/28/2023","179.99","181.54","181.55","178.98","","-0.82%"
"12/27/2023","181.47","181.11","182.22","181.08","","0.15%"
"12/26/2023","181.19","180.69","181.33","180.49","","0.32%"
"12/25/2023","180.62","181.01","181.40","180.27","","-0.13%"
"12/22/2023","180.86","180.35","181.43","180.00","","0.31%"
"12/21/2023","180.30","181.46","181.51","179.78","","-0.62%"
"12/20/2023","181.42","183.13","183.37","181.26","","-0.91%"
"12/19/2023","183.08","180.52","184.23","180.02","","1.46%"
"12/18/2023","180.45","180.22","181.23","179.99","","0.15%"
"12/15/2023","180.18","181.12","181.77","179.82","","-0.51%"
"12/14/2023","181.11","180.29","181.26","178.35","","0.45%"
"12/13/2023","180.29","182.73","183.18","180.19","","-1.30%"
"12/12/2023","182.67","183.52","183.61","182.25","","-0.43%"
"12/11/2023","183.45","181.79","184.36","181.53","","0.89%"
"12/08/2023","181.83","181.39","182.08","179.53","","0.21%"
"12/07/2023","181.44","185.04","185.07","178.68","","-1.93%"
"12/06/2023","185.01","185.36","185.86","184.96","","-0.14%"
"12/05/2023","185.27","185.93","186.21","185.04","","-0.33%"
"12/04/2023","185.88","186.68","186.68","185.03","","-0.37%"
"12/01/2023","186.57","187.08","187.56","186.16","","-0.26%"
"11/30/2023","187.05","186.96","187.60","186.21","","0.07%"
"11/29/2023","186.91","187.24","187.59","186.60","","-0.14%"
"11/28/2023","187.18","187.75","187.95","187.03","","-0.28%"
"11/27/2023","187.70","188.39","188.56","187.58","","-0.34%"
"11/24/2023","188.34","187.48","188.69","187.08","","0.48%"
"11/23/2023","187.44","186.83","187.64","186.27","","0.35%"
"11/22/2023","186.79","186.09","187.07","185.62","","0.40%"
"11/21/2023","186.04","185.57","186.13","184.45","","0.29%"
"11/20/2023","185.51","186.50","186.81","184.61","","-0.50%"
"11/17/2023","186.44","187.00","187.19","185.30","","-0.28%"
"11/16/2023","186.97","188.00","188.03","186.81","","-0.50%"
"11/15/2023","187.91","187.98","188.32","187.09","","-0.01%"
"11/14/2023","187.93","186.31","188.36","186.02","","0.91%"
"11/13/2023","186.24","185.22","186.36","184.97","","0.58%"
"11/10/2023","185.16","185.00","185.39","184.62","","0.11%"
"11/09/2023","184.95","185.47","185.94","184.83","","-0.25%"
"11/08/2023","185.42","184.94","185.71","184.52","","0.28%"
"11/07/2023","184.90","185.25","185.53","184.62","","-0.18%"
"11/06/2023","185.23","184.87","185.99","184.67","","0.20%"
"11/03/2023","184.86","183.61","185.11","183.22","","0.71%"
"11/02/2023","183.55","183.43","183.79","182.74","","0.09%"
"11/01/2023","183.39","184.39","184.43","182.92","","-0.50%"
"10/31/2023","184.31","181.48","184.45","181.27","","1.59%"
"10/30/2023","181.42","181.30","181.93","180.74","","0.04%"
"10/27/2023","181.35","182.40","182.55","181.03","","-0.55%"
"10/26/2023","182.35","181.98","182.61","181.05","","0.26%"
"10/25/2023","181.87","182.39","182.50","181.61","","-0.22%"
"10/24/2023","182.28","183.40","183.77","182.04","","-0.58%"
"10/23/2023","183.35","182.20","183.46","182.07","","0.63%"
"10/20/2023","182.21","181.92","182.47","181.28","","0.19%"
"10/19/2023","181.87","182.03","182.55","181.17","","-0.07%"
"10/18/2023","182.00","182.52","182.87","181.84","","-0.24%"
"10/17/2023","182.43","182.65","182.87","181.58","","-0.13%"
"10/16/2023","182.66","181.54","182.83","181.29","","0.60%"
"10/13/2023","181.57","182.51","182.97","181.26","","-0.43%"
"10/12/2023","182.35","183.67","183.86","182.32","","-0.69%"
"10/11/2023","183.62","182.72","183.83","182.47","","0.51%"
"10/10/2023","182.68","181.73","182.83","181.53","","0.54%"
"10/09/2023","181.69","182.58","182.58","181.25","","-0.57%"
"10/06/2023","182.74","181.07","183.02","180.83","","0.95%"
"10/05/2023","181.02","180.98","181.20","180.28","","0.10%"
"10/04/2023","180.84","179.94","181.30","179.55","","0.50%"
"10/03/2023","179.94","181.14","181.45","178.15","","-0.64%"
"10/02/2023","181.10","182.35","182.85","181.11","","-0.58%"
"09/29/2023","182.16","182.15","183.05","181.87","","0.04%"
"09/28/2023","182.09","181.58","182.47","181.04","","0.29%"
"09/27/2023","181.56","181.23","181.72","180.87","","0.20%"
"09/26/2023","181.20","181.78","181.89","181.04","","-0.33%"
"09/25/2023","181.80","181.60","182.03","181.39","","0.12%"
"09/22/2023","181.58","181.47","182.36","181.19","","0.08%"
"09/21/2023","181.43","183.12","183.29","180.83","","-0.91%"
"09/20/2023","183.10","183.24","183.46","182.44","","-0.05%"
"09/19/2023","183.20","182.80","183.53","182.71","","0.25%"
"09/18/2023","182.75","183.10","183.37","182.70","","-0.17%"
"09/15/2023","183.06","183.02","183.95","182.76","","0.03%"
"09/14/2023","183.00","184.19","184.20","182.50","","-0.61%"
"09/13/2023","184.12","183.73","184.44","183.18","","0.26%"
"09/12/2023","183.64","183.37","183.98","182.93","","0.17%"
"09/11/2023","183.32","184.51","184.69","182.67","","-0.49%"
"09/08/2023","184.23","183.75","184.51","183.05","","0.28%"
"09/07/2023","183.71","184.68","184.79","183.37","","-0.53%"
"09/06/2023","184.68","185.63","185.69","184.12","","-0.48%"
"09/05/2023","185.57","184.91","185.83","184.06","","0.38%"
"09/04/2023","184.86","184.10","185.13","183.83","","0.43%"
"09/01/2023","184.07","184.47","184.62","183.51","","-0.20%"
"08/31/2023","184.43","186.00","186.08","184.06","","-0.84%"
"08/30/2023","185.99","184.39","186.10","184.36","","0.86%"
"08/29/2023","184.41","184.71","185.43","184.06","","-0.15%"
"08/28/2023","184.68","184.17","184.73","184.14","","0.29%"
"08/25/2023","184.14","183.76","184.47","183.38","","0.23%"
"08/24/2023","183.72","184.35","184.82","183.63","","-0.32%"
"08/23/2023","184.31","185.76","185.98","183.34","","-0.75%"
"08/22/2023","185.71","186.49","186.80","185.52","","-0.39%"
"08/21/2023","186.43","185.13","186.70","184.88","","0.70%"
"08/18/2023","185.13","185.87","185.98","184.54","","-0.39%"
"08/17/2023","185.86","186.34","186.50","185.55","","-0.21%"
"08/16/2023","186.25","184.99","186.37","184.68","","0.72%"
"08/15/2023","184.92","184.63","185.36","184.33","","0.19%"
"08/14/2023","184.57","184.07","184.76","183.45","","0.30%"
"08/11/2023","184.01","183.51","184.30","183.37","","0.31%"
"08/10/2023","183.45","182.79","184.27","182.67","","0.37%"
"08/09/2023","182.78","182.78","183.06","182.33","","0.02%"
"08/08/2023","182.75","182.18","183.04","181.36","","0.32%"
"08/07/2023","182.16","180.79","182.25","180.58","","0.81%"
"08/04/2023","180.70","181.29","181.78","180.63","","-0.28%"
"08/03/2023","181.21","182.18","182.80","180.45","","-0.53%"
"08/02/2023","182.17","183.14","183.19","181.74","","-0.52%"
"08/01/2023","183.13","182.69","183.35","182.57","","0.28%"
"07/31/2023","182.62","181.39","183.22","180.86","","0.68%"
"07/28/2023","181.38","178.44","181.54","176.31","","1.67%"
"07/27/2023","178.40","181.44","181.98","177.41","","-1.66%"
"07/26/2023","181.42","181.80","181.98","180.91","","-0.16%"
"07/25/2023","181.71","181.57","182.07","181.14","","0.12%"
"07/24/2023","181.50","182.35","182.39","180.74","","-0.42%"
"07/21/2023","182.27","180.24","182.57","179.90","","1.15%"
"07/20/2023","180.20","180.74","180.78","179.60","","-0.27%"
"07/19/2023","180.69","181.06","181.67","179.81","","-0.13%"
"07/18/2023","180.92","181.44","181.87","180.32","","-0.22%"
"07/17/2023","181.31","181.58","182.18","180.56","","-0.13%"
"07/14/2023","181.54","181.28","182.35","180.20","","0.15%"
"07/13/2023","181.27","179.89","181.55","179.49","","0.78%"
"07/12/2023","179.86","181.56","181.58","179.47","","-0.92%"
"07/11/2023","181.53","181.75","182.02","180.79","","-0.09%"
"07/10/2023","181.70","182.37","183.24","181.09","","-0.36%"
"07/07/2023","182.36","183.51","183.62","182.00","","-0.64%"
"07/06/2023","183.53","183.78","184.05","182.48","","-0.13%"
"07/05/2023","183.76","183.65","184.06","183.14","","0.08%"
"07/04/2023","183.62","183.66","183.99","183.23","","0.03%"
"07/03/2023","183.57","183.12","183.80","183.06","","0.13%"
"06/30/2023","183.34","182.60","183.92","182.19","","0.42%"
"06/29/2023","182.58","182.58","182.92","182.21","","0.02%"
"06/28/2023","182.54","183.74","183.76","182.12","","-0.59%"
"06/27/2023","183.63","182.45","183.83","182.21","","0.66%"
"06/26/2023","182.42","182.66","183.02","181.68","","-0.11%"
"06/23/2023","182.63","182.38","182.97","181.25","","0.12%"
"06/22/2023","182.41","181.20","182.61","180.70","","0.68%"
"06/21/2023","181.17","180.59","181.64","179.92","","0.38%"
"06/20/2023","180.49","181.63","182.11","179.91","","-0.61%"
"06/19/2023","181.59","181.82","182.16","181.21","","-0.10%"
"06/16/2023","181.77","179.33","182.08","178.80","","1.37%"
"06/15/2023","179.32","177.45","179.44","177.24","","1.10%"
"06/14/2023","177.37","176.84","177.46","176.43","","0.33%"
"06/13/2023","176.78","174.58","176.89","174.43","","1.22%"
"06/12/2023","174.65","175.24","175.80","174.35","","-0.28%"
"06/09/2023","175.14","174.46","175.58","174.28","","0.44%"
"06/08/2023","174.37","174.27","174.57","173.89","","0.09%"
"06/07/2023","174.21","173.47","174.48","172.66","","0.43%"
"06/06/2023","173.46","173.49","173.81","172.66","","-0.05%"
"06/05/2023","173.55","174.29","174.42","172.84","","-0.37%"
"06/02/2023","174.20","173.86","174.71","173.53","","0.18%"
"06/01/2023","173.89","173.35","174.29","172.96","","0.34%"
"05/31/2023","173.30","173.56","173.69","172.50","","-0.13%"
"05/30/2023","173.52","173.50","174.31","172.96","","0.03%"
"05/29/2023","173.46","173.67","173.99","172.94","","-0.06%"
"05/26/2023","173.57","172.60","173.81","172.23","","0.60%"
"05/25/2023","172.53","172.44","172.82","171.69","","0.06%"
"05/24/2023","172.43","172.02","172.82","171.22","","0.24%"
"05/23/2023","172.01","172.38","172.65","171.27","","-0.17%"
"05/22/2023","172.31","171.79","172.61","171.19","","0.38%"
"05/19/2023","171.66","172.17","172.55","171.23","","-0.26%"
"05/18/2023","172.11","171.95","172.20","171.18","","0.13%"
"05/17/2023","171.89","170.31","172.06","170.10","","0.96%"
"05/16/2023","170.26","170.54","170.87","169.39","","-0.13%"
"05/15/2023","170.48","169.05","170.65","168.87","","0.85%"
"05/12/2023","169.05","168.35","169.16","168.18","","0.44%"
"05/11/2023","168.31","169.64","169.75","167.83","","-0.75%"
"05/10/2023","169.59","170.68","171.24","169.10","","-0.60%"
"05/09/2023","170.62","170.47","170.74","169.84","","0.11%"
"05/08/2023","170.43","170.45","171.09","170.17","","0.08%"
"05/05/2023","170.30","168.82","170.69","168.61","","0.89%"
"05/04/2023","168.80","169.26","169.58","168.05","","-0.24%"
"05/03/2023","169.21","170.23","170.40","169.09","","-0.56%"
"05/02/2023","170.17","171.83","172.33","169.92","","-0.95%"
"05/01/2023","171.80","171.38","172.12","170.98","","0.36%"
"04/28/2023","171.18","167.31","171.40","166.60","","2.26%"
"04/27/2023","167.40","166.63","167.55","166.25","","0.46%"
"04/26/2023","166.63","165.92","167.05","165.64","","0.43%"
"04/25/2023","165.91","167.52","167.98","165.41","","-0.97%"
"04/24/2023","167.53","166.89","167.79","166.52","","0.47%"
"04/21/2023","166.75","166.93","167.10","165.52","","-0.16%"
"04/20/2023","167.02","167.62","167.74","166.83","","-0.30%"
"04/19/2023","167.53","166.67","168.01","166.46","","0.56%"
"04/18/2023","166.59","166.39","167.05","166.15","","0.13%"
"04/17/2023","166.38","166.15","166.69","165.68","","0.20%"
"04/14/2023","166.05","166.01","166.27","165.39","","0.04%"
"04/13/2023","165.98","166.21","166.90","165.40","","-0.10%"
"04/12/2023","166.15","166.11","166.71","165.37","","0.05%"
"04/11/2023","166.06","165.45","166.22","165.18","","0.39%"
"04/10/2023","165.41","164.17","165.54","163.81","","0.85%"
"04/07/2023","164.01","163.95","164.44","163.38","","0.07%"
"04/06/2023","163.90","163.62","164.20","162.94","","0.18%"
"04/05/2023","163.60","164.65","164.80","162.86","","-0.61%"
"04/04/2023","164.60","164.37","166.43","164.17","","0.14%"
"04/03/2023","164.37","164.04","164.94","163.42","","0.37%"
"03/31/2023","163.77","164.30","165.50","163.62","","-0.30%"
"03/30/2023","164.26","163.58","164.54","162.97","","0.44%"
"03/29/2023","163.54","161.56","163.70","161.35","","1.28%"
"03/28/2023","161.48","161.62","161.82","160.72","","-0.08%"
"03/27/2023","161.61","159.85","161.91","159.58","","1.11%"
"03/24/2023","159.83","160.79","160.88","158.26","","-0.54%"
"03/23/2023","160.70","161.24","161.89","159.93","","-0.31%"
"03/22/2023","161.20","161.87","163.36","160.78","","-0.38%"
"03/21/2023","161.82","161.21","162.31","160.75","","0.41%"
"03/20/2023","161.16","161.32","162.04","158.94","","0.44%"
"03/17/2023","160.45","161.95","162.20","160.10","","-0.89%"
"03/16/2023","161.89","160.95","162.19","158.56","","0.58%"
"03/15/2023","160.95","163.20","164.18","159.20","","-1.37%"
"03/14/2023","163.18","162.30","164.15","161.85","","0.59%"
"03/13/2023","162.23","162.38","163.11","160.00","","-0.07%"
"03/10/2023","162.35","162.37","164.69","161.91","","0.02%"
"03/09/2023","162.32","162.69","162.70","161.60","","-0.20%"
"03/08/2023","162.64","162.25","163.02","161.67","","0.22%"
"03/07/2023","162.28","163.45","163.90","162.02","","-0.67%"
"03/06/2023","163.38","163.62","163.82","162.97","","-0.12%"
"03/03/2023","163.58","163.36","163.72","162.97","","0.17%"
"03/02/2023","163.31","163.83","163.97","163.06","","-0.28%"
"03/01/2023","163.77","163.76","164.56","162.85","","0.04%"
"02/28/2023","163.71","164.36","166.08","163.70","","-0.35%"
"02/27/2023","164.28","163.07","164.37","162.59","","0.82%"
"02/24/2023","162.95","161.82","163.16","161.20","","0.70%"
"02/23/2023","161.82","162.64","162.91","161.65","","-0.40%"
"02/22/2023","162.47","163.59","163.60","162.37","","-0.62%"
"02/21/2023","163.49","161.64","163.78","161.43","","1.18%"
"02/20/2023","161.59","161.68","161.78","161.15","","0.09%"
"02/17/2023","161.45","160.69","161.70","160.48","","0.51%"
"02/16/2023","160.63","161.36","161.55","160.45","","-0.42%"
"02/15/2023","161.30","162.03","162.13","160.70","","-0.43%"
"02/14/2023","161.99","160.71","162.23","160.09","","0.82%"
"02/13/2023","160.68","158.48","161.26","158.40","","1.45%"
"02/10/2023","158.39","159.49","159.66","157.51","","-0.68%"
"02/09/2023","159.48","158.61","159.55","158.40","","0.57%"
"02/08/2023","158.58","157.87","158.85","157.60","","0.45%"
"02/07/2023","157.87","159.43","159.70","157.42","","-0.95%"
"02/06/2023","159.39","159.24","159.98","158.52","","0.84%"
"02/03/2023","158.07","157.30","158.80","156.32","","0.52%"
"02/02/2023","157.25","159.61","159.66","157.16","","-1.45%"
"02/01/2023","159.56","160.27","160.73","158.88","","-0.44%"
"01/31/2023","160.27","161.12","161.23","159.75","","-0.53%"
"01/30/2023","161.12","161.02","161.48","160.18","","0.09%"
"01/27/2023","160.98","161.56","161.64","160.39","","-0.35%"
"01/26/2023","161.54","160.72","161.76","159.99","","0.54%"
"01/25/2023","160.68","160.50","160.96","159.50","","0.11%"
"01/24/2023","160.51","161.74","161.82","159.98","","-0.74%"
"01/23/2023","161.70","160.73","161.85","160.35","","0.70%"
"01/20/2023","160.58","159.13","161.33","159.03","","0.93%"
"01/19/2023","159.10","159.19","159.29","157.54","","-0.01%"
"01/18/2023","159.12","157.48","161.57","157.33","","1.06%"
"01/17/2023","157.45","156.76","158.07","156.39","","0.48%"
"01/16/2023","156.70","156.35","157.12","156.07","","0.22%"
"01/13/2023","156.35","157.84","158.09","155.63","","-0.91%"
"01/12/2023","157.79","160.91","161.00","157.71","","-1.90%"
"01/11/2023","160.85","160.78","161.24","160.47","","0.06%"
"01/10/2023","160.75","160.77","160.97","160.02","","0.05%"
"01/09/2023","160.67","159.75","161.28","159.29","","0.61%"
"01/06/2023","159.70","158.94","160.12","158.70","","0.55%"
"01/05/2023","158.83","159.89","160.11","158.48","","-0.64%"
"01/04/2023","159.85","156.78","160.23","156.48","","2.00%"
"01/03/2023","156.72","157.50","158.41","155.34","","-0.47%"
"01/02/2023","157.46","158.63","158.63","157.35","","-0.72%"
"12/30/2022","158.60","160.35","160.52","157.81","","-1.06%"
"12/29/2022","160.30","161.61","161.63","160.03","","-0.78%"
"12/28/2022","161.56","160.55","162.37","160.42","","0.69%"
"12/27/2022","160.46","160.33","160.98","160.18","","0.14%"
"12/26/2022","160.23","160.14","160.89","159.64","","0.07%"
"12/23/2022","160.12","159.40","160.61","159.10","","0.47%"
"12/22/2022","159.37","160.01","160.32","158.80","","-0.43%"
"12/21/2022","160.06","160.49","161.07","159.45","","-0.22%"
"12/20/2022","160.42","166.34","167.06","158.58","","-3.51%"
"12/19/2022","166.25","165.21","166.96","164.96","","0.19%"
"12/16/2022","165.94","167.79","168.04","165.92","","-1.07%"
"12/15/2022","167.74","168.34","168.88","167.60","","-0.31%"
"12/14/2022","168.27","167.57","168.43","166.72","","0.47%"
"12/13/2022","167.48","168.96","170.10","167.07","","-0.85%"
"12/12/2022","168.91","167.28","169.07","167.10","","0.93%"
"12/09/2022","167.35","167.21","168.10","165.83","","0.11%"
"12/08/2022","167.16","166.70","167.41","166.27","","0.31%"
"12/07/2022","166.64","166.34","167.48","165.95","","0.18%"
"12/06/2022","166.34","166.64","167.55","166.13","","-0.19%"
"12/05/2022","166.66","164.76","166.88","164.55","","1.00%"
"12/02/2022","165.01","165.83","166.01","163.74","","-0.37%"
"12/01/2022","165.62","166.43","167.31","164.49","","-0.47%"
"11/30/2022","166.41","165.77","167.61","165.44","","0.39%"
"11/29/2022","165.76","166.18","166.71","165.51","","-0.20%"
"11/28/2022","166.09","168.02","168.29","165.83","","-1.26%"
"11/25/2022","168.21","167.91","168.84","167.61","","0.21%"
"11/24/2022","167.86","168.28","168.36","167.14","","-0.22%"
"11/23/2022","168.23","167.89","169.08","167.73","","0.23%"
"11/22/2022","167.84","168.07","168.34","167.33","","-0.10%"
"11/21/2022","168.00","166.89","168.08","166.05","","0.73%"
"11/18/2022","166.79","166.32","167.36","166.10","","0.31%"
"11/17/2022","166.28","166.27","166.43","165.25","","0.06%"
"11/16/2022","166.18","165.18","166.42","164.69","","0.62%"
"11/15/2022","165.15","164.44","166.28","164.35","","0.46%"
"11/14/2022","164.39","164.00","165.75","163.66","","0.08%"
"11/11/2022","164.26","165.19","166.14","163.07","","-0.50%"
"11/10/2022","165.09","166.35","168.11","164.37","","-0.73%"
"11/09/2022","166.30","168.16","168.38","165.95","","-1.03%"
"11/08/2022","168.03","168.84","169.11","167.23","","-0.44%"
"11/07/2022","168.77","165.72","169.17","165.70","","1.21%"
"11/04/2022","166.75","165.57","167.01","164.75","","0.73%"
"11/03/2022","165.54","168.57","168.61","165.07","","-1.72%"
"11/02/2022","168.44","170.27","170.39","168.07","","-1.06%"
"11/01/2022","170.24","170.58","170.99","169.47","","-0.19%"
"10/31/2022","170.56","171.19","172.16","170.32","","-0.37%"
"10/28/2022","171.19","169.15","171.40","168.86","","1.21%"
"10/27/2022","169.15","170.20","170.29","168.71","","-0.59%"
"10/26/2022","170.16","169.71","170.63","169.31","","0.32%"
"10/25/2022","169.62","168.06","169.98","167.82","","0.99%"
"10/24/2022","167.95","167.71","169.83","165.56","","0.65%"
"10/21/2022","166.86","168.69","169.63","164.97","","-1.13%"
"10/20/2022","168.77","168.23","169.76","167.41","","0.40%"
"10/19/2022","168.09","168.98","169.41","167.62","","-0.49%"
"10/18/2022","168.92","169.26","169.84","167.88","","-0.22%"
"10/17/2022","169.30","166.26","170.12","166.25","","1.90%"
"10/14/2022","166.14","166.82","167.25","165.01","","-0.37%"
"10/13/2022","166.76","163.15","167.33","162.30","","2.30%"
"10/12/2022","163.01","159.98","163.37","159.73","","1.94%"
"10/11/2022","159.91","161.12","162.70","159.71","","-0.72%"
"10/10/2022","161.07","161.10","161.59","160.44","","-0.01%"
"10/07/2022","161.08","162.00","162.63","160.75","","-0.53%"
"10/06/2022","161.94","163.87","164.48","161.10","","-1.14%"
"10/05/2022","163.81","165.40","165.75","162.58","","-0.91%"
"10/04/2022","165.31","163.69","165.57","163.41","","1.05%"
"10/03/2022","163.59","161.35","163.92","160.58","","1.27%"
"09/30/2022","161.54","160.57","162.23","159.39","","0.61%"
"09/29/2022","160.56","156.94","160.64","155.59","","2.29%"
"09/28/2022","156.96","155.38","157.13","152.53","","1.04%"
"09/27/2022","155.34","154.71","156.40","154.14","","0.45%"
"09/26/2022","154.64","155.64","157.26","149.32","","-0.61%"
"09/23/2022","155.59","160.28","160.50","155.36","","-2.88%"
"09/22/2022","160.20","162.32","164.47","159.10","","-1.26%"
"09/21/2022","162.24","163.59","163.98","162.20","","-0.80%"
"09/20/2022","163.55","163.72","164.47","163.12","","-0.10%"
"09/19/2022","163.71","163.19","163.87","162.92","","0.37%"
"09/16/2022","163.10","164.58","164.69","162.73","","-0.86%"
"09/15/2022","164.51","165.17","165.77","164.45","","-0.36%"
"09/14/2022","165.11","166.15","166.56","164.74","","-0.60%"
"09/13/2022","166.10","166.91","167.15","165.18","","-0.44%"
"09/12/2022","166.84","165.29","167.08","165.19","","1.03%"
"09/09/2022","165.14","165.80","166.28","164.29","","-0.36%"
"09/08/2022","165.74","165.71","166.35","164.89","","0.04%"
"09/07/2022","165.68","164.46","166.06","164.18","","0.77%"
"09/06/2022","164.41","161.95","165.14","161.88","","1.58%"
"09/05/2022","161.86","161.32","162.00","160.64","","0.33%"
"09/02/2022","161.33","161.85","162.62","161.13","","-0.32%"
"09/01/2022","161.85","161.52","161.90","160.95","","0.22%"
"08/31/2022","161.50","161.79","161.95","160.88","","-0.16%"
"08/30/2022","161.76","162.42","162.63","161.48","","-0.37%"
"08/29/2022","162.36","161.59","162.68","161.32","","0.51%"
"08/26/2022","161.54","161.52","162.75","161.20","","0.04%"
"08/25/2022","161.48","161.83","162.05","161.31","","-0.19%"
"08/24/2022","161.78","161.97","162.00","160.82","","-0.09%"
"08/23/2022","161.92","161.77","162.55","160.80","","0.12%"
"08/22/2022","161.73","161.91","162.56","161.15","","-0.14%"
"08/19/2022","161.95","162.12","162.88","161.61","","-0.09%"
"08/18/2022","162.10","162.69","163.27","161.66","","-0.34%"
"08/17/2022","162.65","162.36","163.61","162.15","","0.22%"
"08/16/2022","162.30","160.71","162.78","160.07","","1.00%"
"08/15/2022","160.70","161.96","162.12","160.34","","-0.75%"
"08/12/2022","161.91","162.39","162.82","161.78","","-0.31%"
"08/11/2022","162.42","162.51","162.54","161.26","","-0.01%"
"08/10/2022","162.43","163.30","164.44","161.65","","-0.50%"
"08/09/2022","163.24","163.11","163.71","162.60","","0.13%"
"08/08/2022","163.03","162.96","163.89","162.54","","0.07%"
"08/05/2022","162.92","161.60","163.41","161.11","","0.81%"
"08/04/2022","161.61","162.57","163.83","161.07","","-0.58%"
"08/03/2022","162.55","162.12","163.10","161.20","","0.30%"
"08/02/2022","162.07","161.23","162.12","159.43","","0.54%"
"08/01/2022","161.20","162.10","162.53","161.02","","-0.52%"
"07/29/2022","162.04","163.56","163.93","161.52","","-0.89%"
"07/28/2022","163.49","165.89","166.18","162.85","","-1.46%"
"07/27/2022","165.92","164.73","166.37","164.60","","0.78%"
"07/26/2022","164.63","164.64","165.01","163.45","","0.04%"
"07/25/2022","164.57","163.33","165.11","162.98","","0.78%"
"07/22/2022","163.29","164.79","165.19","162.99","","-0.89%"
"07/21/2022","164.75","165.41","166.01","164.53","","-0.40%"
"07/20/2022","165.41","165.76","166.28","165.13","","-0.18%"
"07/19/2022","165.71","165.14","166.02","164.70","","0.41%"
"07/18/2022","165.04","164.55","166.13","164.15","","0.52%"
"07/15/2022","164.19","164.32","164.73","163.64","","-0.01%"
"07/14/2022","164.21","163.42","165.23","163.07","","0.51%"
"07/13/2022","163.38","162.70","164.17","162.33","","0.44%"
"07/12/2022","162.66","163.43","163.57","161.81","","-0.44%"
"07/11/2022","163.38","163.70","164.50","163.02","","-0.17%"
"07/08/2022","163.66","163.54","163.97","161.80","","0.12%"
"07/07/2022","163.46","162.11","163.66","161.57","","0.86%"
"07/06/2022","162.07","162.50","162.61","160.35","","-0.24%"
"07/05/2022","162.46","164.28","165.31","161.57","","-1.09%"
"07/04/2022","164.25","163.67","164.78","162.99","","0.46%"
"07/01/2022","163.50","165.30","165.38","161.55","","-1.06%"
"06/30/2022","165.25","165.64","165.87","164.78","","-0.21%"
"06/29/2022","165.60","165.85","166.37","165.38","","-0.13%"
"06/28/2022","165.82","166.13","166.97","165.70","","-0.16%"
"06/27/2022","166.09","165.80","166.56","165.12","","0.21%"
"06/24/2022","165.75","165.47","166.36","164.79","","0.20%"
"06/23/2022","165.42","167.17","167.25","164.64","","-1.03%"
"06/22/2022","167.14","167.71","167.87","165.77","","-0.33%"
"06/21/2022","167.70","165.58","167.85","165.33","","1.35%"
"06/20/2022","165.47","164.92","165.71","164.46","","0.31%"
"06/17/2022","164.96","163.35","166.25","163.19","","1.04%"
"06/16/2022","163.27","163.02","163.83","160.00","","0.18%"
"06/15/2022","162.98","162.55","163.20","161.71","","0.29%"
"06/14/2022","162.51","163.06","164.35","161.32","","-0.31%"
"06/13/2022","163.01","165.72","166.15","162.24","","-1.52%"
"06/10/2022","165.52","167.87","168.08","165.15","","-1.35%"
"06/09/2022","167.78","168.40","168.75","166.69","","-0.32%"
"06/08/2022","168.32","166.98","168.57","166.85","","0.86%"
"06/07/2022","166.89","165.27","167.15","165.22","","1.00%"
"06/06/2022","165.23","163.42","165.50","162.89","","1.11%"
"06/03/2022","163.41","163.32","164.13","163.05","","0.09%"
"06/02/2022","163.26","162.51","163.45","162.10","","0.48%"
"06/01/2022","162.48","162.21","163.37","161.97","","0.21%"
"05/31/2022","162.14","161.42","162.42","160.94","","0.49%"
"05/30/2022","161.35","160.40","161.56","160.26","","0.62%"
"05/27/2022","160.36","160.14","160.69","159.81","","0.15%"
"05/26/2022","160.12","160.01","160.86","158.99","","0.11%"
"05/25/2022","159.95","158.92","160.33","158.37","","0.67%"
"05/24/2022","158.88","161.05","161.05","157.98","","-1.30%"
"05/23/2022","160.98","159.57","161.05","159.38","","0.85%"
"05/20/2022","159.63","159.25","160.23","158.73","","0.25%"
"05/19/2022","159.23","158.23","159.95","157.87","","0.65%"
"05/18/2022","158.20","161.63","161.81","158.05","","-2.11%"
"05/17/2022","161.61","159.11","161.89","158.77","","1.58%"
"05/16/2022","159.09","158.52","159.31","157.42","","0.44%"
"05/13/2022","158.40","156.60","158.57","156.42","","1.19%"
"05/12/2022","156.54","159.37","159.37","155.59","","-1.67%"
"05/11/2022","159.20","160.76","161.36","158.82","","-0.95%"
"05/10/2022","160.72","160.64","161.57","160.02","","0.07%"
"05/09/2022","160.61","161.11","162.23","160.15","","-0.29%"
"05/06/2022","161.07","160.99","161.64","160.29","","0.11%"
"05/05/2022","160.89","162.95","163.61","160.46","","-1.23%"
"05/04/2022","162.90","162.66","163.23","161.76","","0.18%"
"05/03/2022","162.60","162.57","163.45","162.34","","0.02%"
"05/02/2022","162.56","163.44","163.93","162.27","","-0.40%"
"04/29/2022","163.21","163.03","164.04","162.39","","0.13%"
"04/28/2022","162.99","161.19","164.29","160.88","","1.15%"
"04/27/2022","161.14","160.00","161.45","159.66","","0.74%"
"04/26/2022","159.95","163.28","163.64","159.94","","-2.00%"
"04/25/2022","163.22","165.37","165.38","162.04","","-1.10%"
"04/22/2022","165.03","167.30","167.62","164.76","","-1.30%"
"04/21/2022","167.21","167.13","167.95","166.95","","0.07%"
"04/20/2022","167.09","167.57","168.45","166.41","","-0.26%"
"04/19/2022","167.52","165.25","167.65","165.20","","1.43%"
"04/18/2022","165.16","165.03","165.46","164.61","","0.10%"
"04/15/2022","164.99","164.48","165.51","164.46","","0.33%"
"04/14/2022","164.44","164.84","164.91","164.01","","-0.22%"
"04/13/2022","164.80","162.98","164.89","162.93","","1.15%"
"04/12/2022","162.92","163.37","163.67","162.76","","-0.22%"
"04/11/2022","163.28","161.68","163.89","161.60","","0.79%"
"04/08/2022","162.00","162.07","162.40","161.64","","0.00%"
"04/07/2022","162.00","161.82","162.32","161.40","","0.15%"
"04/06/2022","161.76","161.72","162.31","161.52","","0.15%"
"04/05/2022","161.52","161.05","162.00","160.50","","0.32%"
"04/04/2022","161.00","160.66","161.32","160.28","","0.24%"
"04/01/2022","160.61","159.89","161.21","159.81","","0.49%"
"03/31/2022","159.83","159.98","160.91","159.42","","-0.07%"
"03/30/2022","159.94","160.85","161.41","159.03","","-0.54%"
"03/29/2022","160.81","162.16","162.74","160.24","","-0.81%"
"03/28/2022","162.12","160.88","164.68","160.70","","0.79%"
"03/25/2022","160.85","161.44","161.52","159.85","","-0.26%"
"03/24/2022","161.27","159.99","161.45","159.56","","0.83%"
"03/23/2022","159.95","160.19","161.13","159.02","","-0.12%"
"03/22/2022","160.14","157.35","160.29","157.23","","1.82%"
"03/21/2022","157.28","157.11","157.55","156.35","","0.17%"
"03/18/2022","157.02","155.93","157.26","155.85","","0.72%"
"03/17/2022","155.90","156.12","156.76","155.43","","-0.10%"
"03/16/2022","156.06","154.28","156.28","154.17","","1.20%"
"03/15/2022","154.21","153.67","154.72","153.23","","0.38%"
"03/14/2022","153.63","152.93","154.23","152.89","","0.48%"
"03/11/2022","152.89","151.99","153.44","151.93","","0.63%"
"03/10/2022","151.93","152.69","153.04","151.87","","-0.47%"
"03/09/2022","152.64","151.57","152.81","151.42","","0.72%"
"03/08/2022","151.55","151.14","152.04","150.97","","0.30%"
"03/07/2022","151.09","151.84","152.26","151.02","","-0.47%"
"03/04/2022","151.80","154.15","154.26","151.45","","-1.49%"
"03/03/2022","154.09","154.88","155.26","153.85","","-0.46%"
"03/02/2022","154.80","153.08","154.95","152.79","","1.12%"
"03/01/2022","153.08","154.35","154.72","152.64","","-0.80%"
"02/28/2022","154.31","154.95","155.04","153.32","","-0.39%"
"02/25/2022","154.91","154.57","155.21","154.13","","0.26%"
"02/24/2022","154.51","155.74","155.92","153.34","","-0.76%"
"02/23/2022","155.69","156.33","156.82","155.58","","-0.39%"
"02/22/2022","156.30","156.04","156.54","155.50","","0.18%"
"02/21/2022","156.02","156.21","156.78","155.99","","-0.17%"
"02/18/2022","156.29","156.47","157.33","156.20","","-0.12%"
"02/17/2022","156.47","156.88","157.03","156.04","","-0.23%"
"02/16/2022","156.83","156.52","157.15","156.33","","0.23%"
"02/15/2022","156.47","156.31","156.86","155.95","","0.13%"
"02/14/2022","156.27","156.54","156.91","155.29","","-0.15%"
"02/11/2022","156.50","157.28","157.74","155.85","","-0.47%"
"02/10/2022","157.24","156.32","158.11","156.22","","0.61%"
"02/09/2022","156.28","156.49","156.89","156.19","","-0.11%"
"02/08/2022","156.45","155.87","156.76","155.67","","0.42%"
"02/07/2022","155.80","155.89","156.20","155.12","","-0.03%"
"02/04/2022","155.85","156.34","156.54","155.51","","-0.29%"
"02/03/2022","156.31","155.43","156.54","155.02","","0.59%"
"02/02/2022","155.39","155.07","155.47","154.79","","0.19%"
"02/01/2022","155.09","154.80","155.25","154.47","","0.22%"
"01/31/2022","154.75","154.44","155.37","154.35","","0.18%"
"01/28/2022","154.47","154.37","155.00","154.07","","0.06%"
"01/27/2022","154.38","154.38","154.76","153.81","","0.05%"
"01/26/2022","154.30","153.71","154.79","153.66","","0.38%"
"01/25/2022","153.71","153.67","154.04","153.10","","0.06%"
"01/24/2022","153.62","154.12","154.51","152.88","","-0.30%"
"01/21/2022","154.08","155.18","155.27","153.89","","-0.66%"
"01/20/2022","155.11","155.57","156.10","155.11","","-0.28%"
"01/19/2022","155.54","155.82","156.28","155.38","","-0.17%"
"01/18/2022","155.80","156.42","156.94","155.45","","-0.36%"
"01/17/2022","156.37","156.19","156.76","156.01","","0.14%"
"01/14/2022","156.15","156.51","156.65","155.44","","-0.21%"
"01/13/2022","156.48","157.05","157.51","156.28","","-0.36%"
"01/12/2022","157.05","157.20","157.75","156.74","","-0.08%"
"01/11/2022","157.17","156.42","157.34","156.25","","0.49%"
"01/10/2022","156.41","157.04","157.40","155.95","","-0.36%"
"01/07/2022","156.97","156.74","157.22","156.70","","0.19%"
"01/06/2022","156.68","157.43","157.49","156.07","","-0.43%"
"01/05/2022","157.36","157.16","157.80","156.56","","0.17%"
"01/04/2022","157.10","155.39","157.46","155.32","","1.13%"
"01/03/2022","155.35","155.69","156.01","154.88","","-0.22%"
"12/31/2021","155.69","155.33","156.04","154.99","","0.28%"
"12/30/2021","155.26","155.08","155.69","154.90","","0.15%"
"12/29/2021","155.02","154.28","155.15","154.03","","0.51%"
"12/28/2021","154.24","154.36","154.60","154.01","","-0.06%"
"12/27/2021","154.34","153.18","154.49","153.12","","0.78%"
"12/24/2021","153.14","153.39","153.61","153.04","","-0.14%"
"12/23/2021","153.36","152.39","153.75","152.27","","0.69%"
"12/22/2021","152.31","151.41","152.61","151.09","","0.65%"
"12/21/2021","151.33","150.02","151.45","149.88","","0.88%"
"12/20/2021","150.01","150.59","150.60","149.51","","-0.31%"
"12/17/2021","150.48","151.49","151.74","150.41","","-0.63%"
"12/16/2021","151.44","151.25","152.67","151.08","","0.15%"
"12/15/2021","151.22","150.57","151.34","150.26","","0.46%"
"12/14/2021","150.53","150.13","150.61","149.75","","0.30%"
"12/13/2021","150.08","150.09","150.79","149.86","","-0.24%"
"12/10/2021","150.44","149.99","150.54","149.66","","0.32%"
"12/09/2021","149.96","150.11","150.34","149.47","","-0.11%"
"12/08/2021","150.13","150.43","150.74","149.41","","-0.17%"
"12/07/2021","150.39","150.52","151.17","150.12","","-0.07%"
"12/06/2021","150.49","149.23","150.64","149.14","","0.83%"
"12/03/2021","149.25","150.61","150.80","148.96","","-0.87%"
"12/02/2021","150.56","149.75","150.83","149.57","","0.57%"
"12/01/2021","149.71","150.49","151.48","149.61","","-0.47%"
"11/30/2021","150.41","151.16","151.65","149.71","","-0.45%"
"11/29/2021","151.09","151.20","151.94","150.68","","-0.01%"
"11/26/2021","151.10","153.68","153.73","150.71","","-1.67%"
"11/25/2021","153.66","153.86","154.11","153.41","","-0.08%"
"11/24/2021","153.79","153.99","154.18","153.36","","-0.11%"
"11/23/2021","153.96","153.95","154.25","153.27","","0.06%"
"11/22/2021","153.87","153.39","154.09","153.11","","0.35%"
"11/19/2021","153.33","154.18","154.49","152.51","","-0.54%"
"11/18/2021","154.16","153.85","154.31","153.70","","0.25%"
"11/17/2021","153.77","154.20","154.77","153.73","","-0.26%"
"11/16/2021","154.17","153.16","154.23","153.01","","0.69%"
"11/15/2021","153.11","152.81","153.31","152.62","","0.26%"
"11/12/2021","152.71","152.52","152.98","152.36","","0.15%"
"11/11/2021","152.48","152.70","153.04","152.38","","-0.10%"
"11/10/2021","152.64","153.04","153.78","152.57","","-0.21%"
"11/09/2021","152.96","153.55","153.67","152.72","","-0.36%"
"11/08/2021","153.51","153.10","153.70","152.69","","0.32%"
"11/05/2021","153.02","153.57","153.81","152.80","","-0.33%"
"11/04/2021","153.52","156.01","156.28","153.11","","-1.57%"
"11/03/2021","155.97","155.13","156.10","154.94","","0.54%"
"11/02/2021","155.13","155.77","155.99","154.65","","-0.39%"
"11/01/2021","155.73","156.00","156.52","155.59","","-0.22%"
"10/29/2021","156.08","156.63","157.13","155.78","","-0.31%"
"10/28/2021","156.57","156.50","156.73","155.91","","0.08%"
"10/27/2021","156.45","157.17","157.29","155.70","","-0.43%"
"10/26/2021","157.13","156.57","157.79","156.45","","0.38%"
"10/25/2021","156.54","156.32","156.85","156.07","","0.33%"
"10/22/2021","156.02","157.20","157.70","155.91","","-0.74%"
"10/21/2021","157.18","157.98","158.22","156.77","","-0.49%"
"10/20/2021","157.95","157.76","158.26","157.00","","0.14%"
"10/19/2021","157.73","156.95","158.08","156.86","","0.54%"
"10/18/2021","156.89","157.06","157.41","156.61","","-0.10%"
"10/15/2021","157.05","155.45","157.45","155.39","","1.06%"
"10/14/2021","155.41","154.74","155.76","154.64","","0.48%"
"10/13/2021","154.66","154.38","154.99","154.11","","0.21%"
"10/12/2021","154.33","154.06","154.86","153.67","","0.19%"
"10/11/2021","154.03","152.79","154.55","152.70","","0.84%"
"10/08/2021","152.74","152.02","152.96","151.92","","0.52%"
"10/07/2021","151.95","151.32","152.11","151.01","","0.44%"
"10/06/2021","151.29","151.95","152.17","150.81","","-0.40%"
"10/05/2021","151.90","150.98","152.07","150.73","","0.63%"
"10/04/2021","150.95","150.42","151.55","150.14","","0.35%"
"10/01/2021","150.42","149.93","150.76","149.22","","0.35%"
"09/30/2021","149.90","150.30","150.97","149.79","","-0.25%"
"09/29/2021","150.27","150.92","151.22","149.90","","-0.42%"
"09/28/2021","150.90","152.04","152.60","150.54","","-0.73%"
"09/27/2021","152.01","151.49","152.22","151.12","","0.42%"
"09/24/2021","151.37","151.35","151.76","150.99","","0.05%"
"09/23/2021","151.29","149.61","151.50","149.46","","1.14%"
"09/22/2021","149.58","149.18","150.05","149.01","","0.27%"
"09/21/2021","149.17","149.42","150.16","148.94","","-0.15%"
"09/20/2021","149.40","151.12","151.25","149.17","","-1.13%"
"09/17/2021","151.11","151.32","151.95","150.95","","-0.09%"
"09/16/2021","151.25","151.37","151.60","150.86","","-0.04%"
"09/15/2021","151.31","151.46","151.59","150.82","","-0.09%"
"09/14/2021","151.44","152.17","152.87","151.31","","-0.48%"
"09/13/2021","152.17","152.10","152.35","151.89","","0.03%"
"09/10/2021","152.13","151.82","152.66","151.76","","0.24%"
"09/09/2021","151.77","151.81","152.19","151.41","","0.01%"
"09/08/2021","151.76","152.01","152.11","151.46","","-0.17%"
"09/07/2021","152.02","151.98","152.24","151.49","","0.05%"
"09/06/2021","151.94","152.18","152.29","151.79","","-0.13%"
"09/03/2021","152.14","152.07","152.32","151.78","","0.09%"
"09/02/2021","152.01","151.55","152.22","151.34","","0.38%"
"09/01/2021","151.43","151.35","151.97","151.25","","0.07%"
"08/31/2021","151.32","151.27","151.61","151.05","","0.06%"
"08/30/2021","151.23","151.15","151.31","150.94","","0.10%"
"08/27/2021","151.08","150.80","151.55","150.45","","0.20%"
"08/26/2021","150.78","151.41","151.62","150.60","","-0.36%"
"08/25/2021","151.32","150.52","151.48","150.44","","0.56%"
"08/24/2021","150.48","150.46","151.03","150.05","","0.02%"
"08/23/2021","150.45","149.70","150.78","149.38","","0.60%"
"08/20/2021","149.56","149.70","149.89","149.17","","-0.05%"
"08/19/2021","149.64","151.01","151.24","149.62","","-0.87%"
"08/18/2021","150.95","150.57","151.45","150.40","","0.28%"
"08/17/2021","150.53","151.31","151.39","150.35","","-0.50%"
"08/16/2021","151.28","151.66","152.22","150.91","","-0.41%"
"08/13/2021","151.90","152.43","152.63","151.92","","-0.32%"
"08/12/2021","152.39","153.19","153.24","152.32","","-0.50%"
"08/11/2021","153.15","153.10","153.34","152.85","","0.07%"
"08/10/2021","153.05","152.71","153.34","152.62","","0.25%"
"08/09/2021","152.67","153.05","153.20","152.57","","-0.17%"
"08/06/2021","152.93","152.89","153.28","152.60","","0.05%"
"08/05/2021","152.85","152.07","153.05","152.00","","0.53%"
"08/04/2021","152.04","151.77","152.54","151.51","","0.21%"
"08/03/2021","151.72","151.75","152.23","151.16","","0.02%"
"08/02/2021","151.69","152.51","152.88","151.52","","-0.52%"
"07/30/2021","152.49","152.88","153.23","152.43","","-0.22%"
"07/29/2021","152.82","152.77","153.47","152.50","","0.05%"
"07/28/2021","152.74","152.32","153.01","152.17","","0.30%"
"07/27/2021","152.28","152.49","152.63","151.56","","-0.11%"
"07/26/2021","152.45","152.07","152.63","151.41","","0.36%"
"07/23/2021","151.90","151.66","152.19","151.48","","0.20%"
"07/22/2021","151.59","151.28","151.93","150.73","","0.27%"
"07/21/2021","151.18","149.71","151.37","149.28","","1.01%"
"07/20/2021","149.67","149.71","149.99","148.45","","0.03%"
"07/19/2021","149.63","151.40","151.70","149.32","","-1.21%"
"07/16/2021","151.47","151.95","152.64","151.42","","-0.29%"
"07/15/2021","151.91","152.39","152.82","151.60","","-0.30%"
"07/14/2021","152.37","152.82","153.32","152.32","","-0.27%"
"07/13/2021","152.79","153.24","153.51","152.37","","-0.25%"
"07/12/2021","153.17","153.13","153.36","152.40","","0.06%"
"07/09/2021","153.08","151.41","153.18","151.17","","1.14%"
"07/08/2021","151.35","152.74","152.82","150.66","","-0.87%"
"07/07/2021","152.68","152.68","153.20","152.29","","0.01%"
"07/06/2021","152.66","153.64","154.09","152.35","","-0.62%"
"07/05/2021","153.62","153.49","153.78","153.40","","0.10%"
"07/02/2021","153.47","153.55","153.75","153.07","","-0.02%"
"07/01/2021","153.50","153.64","153.99","153.34","","-0.08%"
"06/30/2021","153.62","152.94","153.76","152.66","","0.48%"
"06/29/2021","152.88","153.62","153.65","152.60","","-0.45%"
"06/28/2021","153.57","153.64","154.26","153.38","","-0.10%"
"06/25/2021","153.72","154.37","154.56","153.58","","-0.40%"
"06/24/2021","154.34","154.93","155.17","153.82","","-0.34%"
"06/23/2021","154.86","154.34","155.17","154.22","","0.36%"
"06/22/2021","154.31","153.69","154.49","153.09","","0.44%"
"06/21/2021","153.64","152.29","153.76","151.31","","0.97%"
"06/18/2021","152.16","153.41","153.80","151.98","","-0.79%"
"06/17/2021","153.37","154.85","155.04","153.13","","-0.94%"
"06/16/2021","154.82","155.05","155.41","154.66","","-0.12%"
"06/15/2021","155.01","155.35","155.51","154.52","","-0.17%"
"06/14/2021","155.28","154.81","155.37","154.31","","0.39%"
"06/11/2021","154.67","154.99","155.23","154.62","","-0.17%"
"06/10/2021","154.93","154.80","155.24","154.11","","0.12%"
"06/09/2021","154.75","155.04","155.33","154.47","","-0.15%"
"06/08/2021","154.98","154.93","155.11","154.55","","0.06%"
"06/07/2021","154.88","154.96","155.30","154.53","","-0.06%"
"06/04/2021","154.97","155.58","155.84","154.99","","-0.37%"
"06/03/2021","155.54","155.25","155.84","155.20","","0.22%"
"06/02/2021","155.20","154.90","155.53","154.82","","0.24%"
"06/01/2021","154.83","155.71","155.95","154.85","","-0.53%"
"05/31/2021","155.65","155.75","155.96","155.29","","-0.16%"
"05/28/2021","155.90","156.00","156.09","155.57","","-0.03%"
"05/27/2021","155.95","154.12","156.10","153.81","","1.21%"
"05/26/2021","154.08","153.95","154.37","153.75","","0.11%"
"05/25/2021","153.91","153.94","154.48","153.76","","0.01%"
"05/24/2021","153.89","154.25","154.27","153.75","","-0.15%"
"05/21/2021","154.12","154.38","154.70","154.00","","-0.12%"
"05/20/2021","154.31","154.12","154.44","153.60","","0.12%"
"05/19/2021","154.13","154.49","154.82","153.53","","-0.21%"
"05/18/2021","154.46","154.32","154.86","154.30","","0.08%"
"05/17/2021","154.33","154.02","154.49","153.72","","0.13%"
"05/14/2021","154.13","153.82","154.32","153.60","","0.23%"
"05/13/2021","153.78","154.13","154.35","153.47","","-0.19%"
"05/12/2021","154.08","153.61","154.45","153.44","","0.33%"
"05/11/2021","153.57","153.59","153.99","153.14","","-0.02%"
"05/10/2021","153.60","151.79","154.05","151.79","","1.23%"
"05/07/2021","151.74","151.51","152.14","151.25","","0.19%"
"05/06/2021","151.45","151.85","152.17","151.23","","-0.22%"
"05/05/2021","151.79","151.85","152.26","151.73","","-0.01%"
"05/04/2021","151.80","151.74","152.07","150.99","","0.07%"
"05/03/2021","151.69","151.09","151.96","150.82","","0.49%"
"04/30/2021","150.95","151.85","152.13","150.85","","-0.57%"
"04/29/2021","151.82","151.38","152.43","151.27","","0.35%"
"04/28/2021","151.29","151.30","151.59","151.00","","0.06%"
"04/27/2021","151.20","150.25","151.31","150.14","","0.68%"
"04/26/2021","150.18","149.73","150.40","149.53","","0.31%"
"04/23/2021","149.71","149.40","149.97","149.05","","0.23%"
"04/22/2021","149.37","150.56","150.67","149.39","","-0.76%"
"04/21/2021","150.51","150.66","150.99","150.04","","-0.07%"
"04/20/2021","150.62","151.29","152.05","150.55","","-0.40%"
"04/19/2021","151.23","150.40","151.35","149.88","","0.53%"
"04/16/2021","150.43","149.94","150.64","149.38","","0.33%"
"04/15/2021","149.94","150.11","150.24","149.68","","-0.09%"
"04/14/2021","150.08","149.95","150.48","149.57","","0.11%"
"04/13/2021","149.91","150.32","150.85","149.65","","-0.24%"
"04/12/2021","150.27","150.46","150.62","149.75","","-0.02%"
"04/09/2021","150.30","150.05","150.95","149.58","","0.19%"
"04/08/2021","150.02","150.89","151.11","149.87","","-0.55%"
"04/07/2021","150.85","151.74","152.09","150.65","","-0.55%"
"04/06/2021","151.69","153.18","153.44","151.67","","-0.92%"
"04/05/2021","153.10","153.08","153.39","152.87","","0.01%"
"04/02/2021","153.08","153.03","153.23","152.69","","0.08%"
"04/01/2021","152.96","152.58","153.10","152.29","","0.28%"
"03/31/2021","152.53","151.64","152.81","151.54","","0.61%"
"03/30/2021","151.60","151.11","151.97","151.06","","0.36%"
"03/29/2021","151.05","151.22","151.83","150.57","","-0.06%"
"03/26/2021","151.14","149.95","151.57","149.87","","0.82%"
"03/25/2021","149.91","148.83","150.08","148.75","","0.77%"
"03/24/2021","148.76","149.36","149.49","148.51","","-0.35%"
"03/23/2021","149.28","150.90","150.95","149.07","","-1.05%"
"03/22/2021","150.87","151.07","151.07","150.19","","-0.09%"
"03/19/2021","151.00","151.60","151.84","150.56","","-0.37%"
"03/18/2021","151.56","152.03","152.58","151.44","","-0.26%"
"03/17/2021","151.96","151.42","152.10","151.33","","0.39%"
"03/16/2021","151.37","151.64","151.82","150.79","","-0.15%"
"03/15/2021","151.60","151.76","152.14","151.17","","-0.10%"
"03/12/2021","151.75","151.80","152.26","151.20","","-0.02%"
"03/11/2021","151.78","151.01","151.86","150.88","","0.56%"
"03/10/2021","150.93","150.72","151.21","150.57","","0.17%"
"03/09/2021","150.68","150.55","151.32","150.43","","0.13%"
"03/08/2021","150.49","149.89","150.72","149.64","","0.36%"
"03/05/2021","149.95","150.05","150.41","149.35","","-0.04%"
"03/04/2021","150.01","149.32","150.74","149.04","","0.49%"
"03/03/2021","149.28","148.86","149.73","148.81","","0.30%"
"03/02/2021","148.84","148.66","149.21","148.10","","0.17%"
"03/01/2021","148.59","148.56","149.32","148.32","","0.07%"
"02/26/2021","148.49","148.88","149.20","147.39","","-0.23%"
"02/25/2021","148.83","149.73","150.48","148.48","","-0.57%"
"02/24/2021","149.69","148.54","150.10","148.37","","0.81%"
"02/23/2021","148.49","147.78","148.63","147.66","","0.51%"
"02/22/2021","147.74","147.74","148.32","147.54","","-0.01%"
"02/19/2021","147.75","147.72","148.19","147.27","","0.09%"
"02/18/2021","147.62","146.65","147.81","146.53","","0.69%"
"02/17/2021","146.61","147.42","147.59","146.41","","-0.54%"
"02/16/2021","147.40","146.54","147.47","146.40","","0.63%"
"02/15/2021","146.48","145.33","146.66","145.32","","0.86%"
"02/12/2021","145.23","144.75","145.50","144.48","","0.39%"
"02/11/2021","144.67","144.67","144.93","144.56","","0.05%"
"02/10/2021","144.60","144.51","145.10","144.36","","0.10%"
"02/09/2021","144.45","144.59","144.70","144.03","","-0.07%"
"02/08/2021","144.55","144.70","144.96","144.39","","-0.10%"
"02/05/2021","144.69","144.31","144.93","144.17","","0.29%"
"02/04/2021","144.27","143.32","144.38","142.82","","0.69%"
"02/03/2021","143.28","143.45","143.72","143.10","","-0.11%"
"02/02/2021","143.44","143.37","143.82","143.11","","0.08%"
"02/01/2021","143.32","143.55","144.13","143.31","","-0.06%"
"01/29/2021","143.40","143.01","143.98","142.95","","0.30%"
"01/28/2021","142.97","142.50","143.29","142.17","","0.37%"
"01/27/2021","142.44","142.36","142.89","142.18","","0.08%"
"01/26/2021","142.32","141.86","142.48","141.26","","0.34%"
"01/25/2021","141.84","142.01","142.35","141.64","","-0.11%"
"01/22/2021","142.00","142.13","142.23","141.50","","-0.08%"
"01/21/2021","142.11","141.38","142.25","141.32","","0.54%"
"01/20/2021","141.34","141.62","142.36","141.07","","-0.17%"
"01/19/2021","141.58","140.89","141.75","140.75","","0.51%"
"01/18/2021","140.86","141.00","141.26","140.35","","-0.18%"
"01/15/2021","141.12","142.09","142.20","140.95","","-0.66%"
"01/14/2021","142.06","141.70","142.26","141.60","","0.31%"
"01/13/2021","141.62","141.80","142.28","141.51","","-0.11%"
"01/12/2021","141.78","140.92","142.05","140.74","","0.62%"
"01/11/2021","140.90","140.93","141.07","140.32","","-0.04%"
"01/08/2021","140.96","140.79","141.41","140.73","","0.13%"
"01/07/2021","140.78","140.24","141.03","140.10","","0.41%"
"01/06/2021","140.21","139.96","140.60","139.77","","0.22%"
"01/05/2021","139.90","139.95","140.18","139.50","","0.00%"
"01/04/2021","139.90","141.04","141.34","139.68","","-0.84%"
"01/01/2021","141.08","141.18","141.22","141.11","","-0.06%"
"12/31/2020","141.16","140.58","141.26","140.36","","0.44%"
"12/30/2020","140.54","139.85","140.69","139.70","","0.52%"
"12/29/2020","139.81","139.61","140.16","139.50","","0.17%"
"12/28/2020","139.57","140.20","140.60","139.47","","-0.44%"
"12/25/2020","140.19","140.45","140.86","140.13","","-0.16%"
"12/24/2020","140.41","139.76","141.25","139.65","","0.50%"
"12/23/2020","139.71","138.49","140.37","138.37","","0.91%"
"12/22/2020","138.45","139.13","139.19","137.99","","-0.45%"
"12/21/2020","139.07","139.20","139.52","136.97","","-0.44%"
"12/18/2020","139.68","140.08","140.34","139.30","","-0.25%"
"12/17/2020","140.03","139.81","140.47","139.56","","0.18%"
"12/16/2020","139.78","139.57","140.10","139.13","","0.17%"
"12/15/2020","139.54","138.63","139.64","138.28","","0.69%"
"12/14/2020","138.59","138.14","139.45","138.07","","0.77%"
"12/11/2020","137.53","138.55","138.79","136.78","","-0.71%"
"12/10/2020","138.51","139.66","139.83","138.38","","-0.78%"
"12/09/2020","139.60","139.11","140.35","139.06","","0.38%"
"12/08/2020","139.07","139.21","139.39","138.41","","-0.06%"
"12/07/2020","139.16","140.04","140.05","137.89","","-0.55%"
"12/04/2020","139.93","139.62","140.74","139.44","","0.24%"
"12/03/2020","139.59","139.55","140.32","139.43","","0.06%"
"12/02/2020","139.51","139.97","140.47","138.88","","-0.29%"
"12/01/2020","139.92","138.98","140.33","138.93","","0.73%"
"11/30/2020","138.90","138.54","139.52","138.40","","0.22%"
"11/27/2020","138.60","139.26","139.34","138.28","","-0.45%"
"11/26/2020","139.23","139.81","139.87","138.92","","-0.39%"
"11/25/2020","139.77","139.55","139.88","138.99","","0.17%"
"11/24/2020","139.53","139.32","139.89","139.11","","0.18%"
"11/23/2020","139.28","137.89","139.36","137.82","","0.98%"
"11/20/2020","137.93","137.57","138.09","137.42","","0.28%"
"11/19/2020","137.54","137.78","138.02","137.17","","-0.17%"
"11/18/2020","137.77","138.03","138.24","137.68","","-0.12%"
"11/17/2020","137.93","138.00","138.39","137.79","","0.00%"
"11/16/2020","137.93","137.89","138.91","137.66","","-0.01%"
"11/13/2020","137.95","137.89","138.55","137.53","","0.06%"
"11/12/2020","137.87","139.40","139.48","137.74","","-1.08%"
"11/11/2020","139.38","139.74","140.29","139.19","","-0.22%"
"11/10/2020","139.69","138.70","139.81","138.15","","0.74%"
"11/09/2020","138.67","136.02","138.94","135.73","","2.01%"
"11/06/2020","135.94","136.06","136.27","135.46","","-0.07%"
"11/05/2020","136.03","135.76","136.32","135.06","","0.26%"
"11/04/2020","135.68","136.45","137.40","135.37","","-0.53%"
"11/03/2020","136.40","135.29","136.72","135.15","","0.87%"
"11/02/2020","135.23","135.49","135.57","134.87","","-0.13%"
"10/30/2020","135.41","135.26","135.83","134.39","","0.14%"
"10/29/2020","135.22","135.49","135.99","134.63","","-0.16%"
"10/28/2020","135.43","136.20","136.32","134.87","","-0.54%"
"10/27/2020","136.17","136.54","136.62","136.14","","-0.26%"
"10/26/2020","136.52","136.67","137.09","136.29","","0.00%"
"10/23/2020","136.52","137.17","137.36","136.35","","-0.44%"
"10/22/2020","137.12","137.54","137.63","136.97","","-0.28%"
"10/21/2020","137.50","136.56","137.69","136.45","","0.70%"
"10/20/2020","136.54","136.53","137.06","136.32","","0.04%"
"10/19/2020","136.49","136.20","137.28","135.84","","0.29%"
"10/16/2020","136.10","136.20","136.44","135.40","","-0.05%"
"10/15/2020","136.17","136.82","137.19","135.75","","-0.47%"
"10/14/2020","136.81","136.47","137.35","135.66","","0.30%"
"10/13/2020","136.40","137.62","137.81","136.37","","-0.83%"
"10/12/2020","137.54","137.93","138.10","137.21","","-0.15%"
"10/09/2020","137.75","137.15","137.86","136.76","","0.47%"
"10/08/2020","137.10","136.91","137.44","136.67","","0.16%"
"10/07/2020","136.88","136.05","137.02","135.86","","0.64%"
"10/06/2020","136.01","137.24","137.47","135.94","","-0.86%"
"10/05/2020","137.19","136.23","137.37","136.04","","0.71%"
"10/02/2020","136.22","136.04","136.43","135.03","","0.18%"
"10/01/2020","135.98","136.26","137.04","135.34","","-0.14%"
"09/30/2020","136.17","135.91","136.57","135.18","","0.23%"
"09/29/2020","135.86","135.37","136.28","135.36","","0.35%"
"09/28/2020","135.38","134.64","136.20","134.35","","0.59%"
"09/25/2020","134.59","134.45","134.86","133.82","","0.16%"
"09/24/2020","134.37","134.09","134.69","133.60","","0.24%"
"09/23/2020","134.05","133.62","134.64","133.11","","0.36%"
"09/22/2020","133.57","134.12","134.40","133.05","","-0.39%"
"09/21/2020","134.09","135.14","135.35","133.54","","-0.70%"
"09/18/2020","135.03","135.89","136.18","134.94","","-0.60%"
"09/17/2020","135.85","136.09","136.24","134.57","","-0.15%"
"09/16/2020","136.05","135.90","136.50","135.55","","0.17%"
"09/15/2020","135.82","135.83","136.47","135.41","","0.01%"
"09/14/2020","135.80","135.85","136.62","135.57","","-0.01%"
"09/11/2020","135.81","135.86","136.62","135.57","","-0.05%"
"09/10/2020","135.88","138.07","138.38","135.57","","-1.55%"
"09/09/2020","138.02","137.65","138.39","136.73","","0.30%"
"09/08/2020","137.61","139.95","140.09","137.61","","-1.63%"
"09/07/2020","139.89","141.03","141.17","139.59","","-0.85%"
"09/04/2020","141.09","141.04","141.45","140.11","","0.07%"
"09/03/2020","140.99","141.80","141.89","140.47","","-0.53%"
"09/02/2020","141.74","141.81","141.99","141.00","","-0.01%"
"09/01/2020","141.76","141.56","142.74","141.31","","0.14%"
"08/31/2020","141.56","140.67","142.06","140.50","","0.67%"
"08/28/2020","140.62","140.68","141.65","140.00","","-0.01%"
"08/27/2020","140.64","139.99","140.89","139.69","","0.47%"
"08/26/2020","139.98","139.93","140.34","139.62","","0.06%"
"08/25/2020","139.89","138.45","140.06","138.36","","1.05%"
"08/24/2020","138.43","138.48","139.03","138.28","","0.00%"
"08/21/2020","138.43","139.79","139.98","138.24","","-0.96%"
"08/20/2020","139.77","139.01","139.89","138.54","","0.58%"
"08/19/2020","138.97","139.58","139.98","138.78","","-0.39%"
"08/18/2020","139.52","138.86","139.67","138.60","","0.47%"
"08/17/2020","138.87","139.54","139.80","138.72","","-0.42%"
"08/14/2020","139.46","139.66","140.04","139.32","","-0.15%"
"08/13/2020","139.67","139.35","140.25","139.23","","0.27%"
"08/12/2020","139.30","139.01","139.66","138.86","","0.26%"
"08/11/2020","138.94","138.51","139.54","138.39","","0.33%"
"08/10/2020","138.48","138.15","138.68","138.09","","0.19%"
"08/07/2020","138.22","138.82","138.83","137.84","","-0.37%"
"08/06/2020","138.74","138.46","139.26","138.42","","0.23%"
"08/05/2020","138.42","138.19","139.04","138.02","","0.20%"
"08/04/2020","138.14","138.53","138.91","137.79","","-0.25%"
"08/03/2020","138.48","138.52","139.05","137.73","","0.00%"
"07/31/2020","138.48","137.11","139.24","136.78","","1.00%"
"07/30/2020","137.11","136.36","137.42","136.06","","0.57%"
"07/29/2020","136.33","135.91","136.50","135.67","","0.34%"
"07/28/2020","135.87","135.75","136.16","135.32","","0.10%"
"07/27/2020","135.73","135.70","135.95","135.14","","0.00%"
"07/24/2020","135.73","136.17","136.23","134.98","","-0.29%"
"07/23/2020","136.12","136.45","136.65","135.84","","-0.21%"
"07/22/2020","136.41","135.98","136.64","135.26","","0.35%"
"07/21/2020","135.93","135.81","136.47","135.69","","0.12%"
"07/20/2020","135.77","134.53","135.94","134.34","","1.00%"
"07/17/2020","134.43","134.63","134.93","134.11","","-0.13%"
"07/16/2020","134.60","134.55","135.20","134.05","","0.08%"
"07/15/2020","134.49","134.62","135.12","134.45","","-0.04%"
"07/14/2020","134.55","134.72","134.85","133.97","","-0.09%"
"07/13/2020","134.67","134.93","135.51","134.58","","-0.17%"
"07/10/2020","134.90","135.14","135.24","134.27","","-0.15%"
"07/09/2020","135.10","135.26","135.95","135.04","","-0.10%"
"07/08/2020","135.24","134.85","135.45","134.57","","0.31%"
"07/07/2020","134.82","134.10","135.43","134.03","","0.55%"
"07/06/2020","134.08","134.31","134.70","133.94","","-0.08%"
"07/03/2020","134.19","134.03","134.32","133.69","","0.14%"
"07/02/2020","134.00","134.08","134.73","133.78","","0.00%"
"07/01/2020","134.00","133.85","134.26","132.93","","0.14%"
"06/30/2020","133.81","132.29","133.90","132.01","","1.17%"
"06/29/2020","132.26","132.23","132.71","131.95","","0.03%"
"06/26/2020","132.22","133.16","133.29","132.03","","-0.64%"
"06/25/2020","133.07","132.95","133.64","132.79","","0.13%"
"06/24/2020","132.90","133.36","133.64","132.67","","-0.33%"
"06/23/2020","133.34","133.25","134.01","132.58","","0.13%"
"06/22/2020","133.17","132.17","133.45","131.76","","0.85%"
"06/19/2020","132.05","132.93","133.26","131.92","","-0.62%"
"06/18/2020","132.88","134.37","134.55","132.39","","-1.08%"
"06/17/2020","134.33","134.95","135.24","134.07","","-0.45%"
"06/16/2020","134.94","135.30","136.38","134.72","","-0.21%"
"06/15/2020","135.23","134.53","135.34","133.48","","0.47%"
"06/12/2020","134.60","134.65","136.07","133.80","","-0.02%"
"06/11/2020","134.63","136.51","136.65","134.45","","-1.36%"
"06/10/2020","136.49","137.16","137.44","136.46","","-0.43%"
"06/09/2020","137.08","137.95","138.26","136.22","","-0.62%"
"06/08/2020","137.93","138.98","139.60","137.42","","-0.60%"
"06/05/2020","138.76","137.59","139.76","137.26","","0.96%"
"06/04/2020","137.44","136.94","137.82","135.95","","0.39%"
"06/03/2020","136.91","136.39","137.42","136.24","","0.40%"
"06/02/2020","136.36","134.43","136.55","134.21","","1.47%"
"06/01/2020","134.39","133.00","134.56","132.68","","0.99%"
"05/29/2020","133.07","132.62","133.48","131.78","","0.35%"
"05/28/2020","132.60","132.07","132.91","131.82","","0.50%"
"05/27/2020","131.94","132.62","133.02","131.62","","-0.48%"
"05/26/2020","132.58","131.30","133.07","131.19","","1.06%"
"05/25/2020","131.19","131.04","131.43","130.91","","0.17%"
"05/22/2020","130.97","131.54","131.81","130.66","","-0.42%"
"05/21/2020","131.52","131.57","131.98","131.20","","-0.05%"
"05/20/2020","131.58","131.84","132.44","131.43","","-0.26%"
"05/19/2020","131.92","130.89","132.53","130.77","","0.83%"
"05/18/2020","130.83","129.36","131.32","129.30","","1.00%"
"05/15/2020","129.54","131.15","131.43","129.55","","-1.20%"
"05/14/2020","131.11","130.91","131.33","130.13","","0.18%"
"05/13/2020","130.87","131.32","131.97","130.64","","-0.35%"
"05/12/2020","131.33","132.85","132.96","131.30","","-1.08%"
"05/11/2020","132.77","132.32","133.21","131.87","","0.34%"
"05/08/2020","132.32","131.40","132.72","131.27","","0.73%"
"05/07/2020","131.36","130.97","132.04","130.65","","0.28%"
"05/06/2020","130.99","132.57","132.71","130.83","","-1.15%"
"05/05/2020","132.52","132.82","133.20","132.44","","-0.20%"
"05/04/2020","132.79","133.70","133.70","132.51","","-0.65%"
"05/01/2020","133.66","135.04","135.13","133.36","","-0.96%"
"04/30/2020","134.95","133.05","135.48","132.66","","1.45%"
"04/29/2020","133.02","132.79","133.07","131.93","","0.22%"
"04/28/2020","132.73","133.31","133.60","132.72","","-0.39%"
"04/27/2020","133.25","133.04","133.60","132.82","","0.23%"
"04/24/2020","132.95","132.82","133.17","132.38","","0.05%"
"04/23/2020","132.88","132.89","133.70","132.38","","0.03%"
"04/22/2020","132.84","132.56","133.33","132.05","","0.28%"
"04/21/2020","132.47","133.85","134.09","131.90","","-1.00%"
"04/20/2020","133.81","134.27","134.74","133.78","","-0.42%"
"04/17/2020","134.38","134.48","135.00","133.88","","-0.04%"
"04/16/2020","134.44","134.53","134.90","133.70","","-0.04%"
"04/15/2020","134.49","135.35","135.39","133.63","","-0.61%"
"04/14/2020","135.32","134.85","135.51","134.57","","0.40%"
"04/13/2020","134.78","135.17","135.30","134.50","","-0.18%"
"04/10/2020","135.02","135.14","135.45","135.00","","-0.05%"
"04/09/2020","135.09","134.77","135.78","134.64","","0.24%"
"04/08/2020","134.76","134.17","135.04","133.70","","0.54%"
"04/07/2020","134.04","133.61","135.00","132.92","","0.37%"
"04/06/2020","133.54","133.05","134.55","132.41","","0.44%"
"04/03/2020","132.96","133.77","134.12","132.55","","-0.56%"
"04/02/2020","133.71","132.66","133.98","132.51","","0.83%"
"04/01/2020","132.61","133.57","133.83","132.48","","-0.69%"
"03/31/2020","133.53","133.85","134.64","133.14","","-0.25%"
"03/30/2020","133.86","134.32","134.45","132.75","","-0.39%"
"03/27/2020","134.39","133.74","134.78","132.13","","0.51%"
"03/26/2020","133.71","132.20","133.86","130.54","","1.23%"
"03/25/2020","132.08","130.80","133.44","129.86","","1.02%"
"03/24/2020","130.75","128.45","131.47","127.96","","1.82%"
"03/23/2020","128.41","129.14","130.18","127.35","","-0.44%"
"03/20/2020","128.98","127.17","132.08","126.41","","1.46%"
"03/19/2020","127.13","125.53","129.61","124.27","","1.31%"
"03/18/2020","125.48","129.78","130.34","124.12","","-3.28%"
"03/17/2020","129.74","129.90","131.25","128.55","","-0.08%"
"03/16/2020","129.84","132.60","133.09","128.90","","-1.99%"
"03/13/2020","132.48","131.58","134.35","131.22","","0.72%"
"03/12/2020","131.53","134.01","134.32","131.32","","-1.85%"
"03/11/2020","134.01","136.32","136.59","133.79","","-1.70%"
"03/10/2020","136.33","134.39","137.26","133.71","","1.45%"
"03/09/2020","134.38","136.87","136.90","132.58","","-2.18%"
"03/06/2020","137.38","137.53","137.76","136.44","","-0.18%"
"03/05/2020","137.63","138.42","138.69","137.31","","-0.54%"
"03/04/2020","138.38","137.26","138.46","137.04","","0.85%"
"03/03/2020","137.22","138.12","138.60","136.94","","-0.63%"
"03/02/2020","138.09","138.35","139.20","136.88","","-0.33%"
"02/28/2020","138.55","141.21","141.44","137.54","","-1.86%"
"02/27/2020","141.18","142.50","142.58","141.18","","-0.91%"
"02/26/2020","142.47","143.32","143.75","142.24","","-0.57%"
"02/25/2020","143.29","143.17","143.67","142.94","","0.10%"
"02/24/2020","143.14","144.62","144.84","142.62","","-1.08%"
"02/21/2020","144.70","144.42","144.98","143.71","","0.21%"
"02/20/2020","144.39","143.91","144.62","143.59","","0.38%"
"02/19/2020","143.85","142.82","144.19","142.79","","0.74%"
"02/18/2020","142.80","142.94","143.26","142.31","","-0.08%"
"02/17/2020","142.91","143.10","143.39","142.84","","-0.18%"
"02/14/2020","143.17","143.27","143.42","142.75","","-0.06%"
"02/13/2020","143.25","142.71","143.50","142.14","","0.41%"
"02/12/2020","142.66","142.20","142.92","142.14","","0.35%"
"02/11/2020","142.16","141.77","142.50","141.68","","0.30%"
"02/10/2020","141.73","141.57","142.10","141.23","","0.21%"
"02/07/2020","141.44","142.23","142.39","141.37","","-0.53%"
"02/06/2020","142.20","142.80","142.84","142.07","","-0.38%"
"02/05/2020","142.74","142.71","143.40","142.23","","0.04%"
"02/04/2020","142.68","141.24","142.86","140.93","","1.06%"
"02/03/2020","141.19","143.26","143.26","141.06","","-1.30%"
"01/31/2020","143.05","142.70","143.32","142.45","","0.27%"
"01/30/2020","142.66","141.95","142.74","141.25","","0.54%"
"01/29/2020","141.90","142.19","142.37","141.70","","-0.18%"
"01/28/2020","142.16","142.20","142.48","141.47","","0.02%"
"01/27/2020","142.13","142.88","143.05","142.07","","-0.52%"
"01/24/2020","142.88","143.68","144.42","142.70","","-0.54%"
"01/23/2020","143.65","144.35","144.45","143.20","","-0.46%"
"01/22/2020","144.32","143.39","144.64","143.26","","0.67%"
"01/21/2020","143.36","143.39","144.00","142.85","","0.02%"
"01/20/2020","143.33","143.22","143.39","142.80","","0.04%"
"01/17/2020","143.27","144.08","144.54","143.26","","-0.52%"
"01/16/2020","144.02","143.29","144.16","143.23","","0.54%"
"01/15/2020","143.25","143.21","143.40","142.67","","0.06%"
"01/14/2020","143.16","142.82","143.47","142.44","","0.28%"
"01/13/2020","142.76","142.88","143.07","142.36","","-0.13%"
"01/10/2020","142.94","143.10","143.51","142.87","","-0.09%"
"01/09/2020","143.07","142.95","143.49","142.41","","0.10%"
"01/08/2020","142.93","142.30","143.13","141.12","","0.48%"
"01/07/2020","142.25","142.71","143.31","142.01","","-0.30%"
"01/06/2020","142.68","141.31","142.81","140.84","","0.88%"
"01/03/2020","141.43","142.73","142.81","140.99","","-0.88%"
"01/02/2020","142.68","144.09","144.20","142.26","","-0.96%"
"01/01/2020","144.07","144.05","144.24","143.79","","-0.01%"
"12/31/2019","144.09","142.81","144.37","142.39","","0.94%"
"12/30/2019","142.75","143.04","143.43","142.56","","-0.22%"
"12/27/2019","143.06","142.45","143.60","141.93","","0.44%"
"12/26/2019","142.43","141.74","142.74","141.58","","0.50%"
"12/25/2019","141.72","141.62","142.52","141.28","","0.09%"
"12/24/2019","141.59","141.51","141.92","141.23","","0.09%"
"12/23/2019","141.46","142.16","142.57","141.17","","-0.58%"
"12/20/2019","142.29","142.29","143.07","142.09","","0.02%"
"12/19/2019","142.26","143.26","143.89","141.98","","-0.67%"
"12/18/2019","143.22","143.74","143.90","143.06","","-0.34%"
"12/17/2019","143.71","145.97","146.14","143.48","","-1.53%"
"12/16/2019","145.94","145.80","146.82","145.73","","0.15%"
"12/13/2019","145.72","143.94","147.98","143.83","","1.30%"
"12/12/2019","143.85","143.32","144.17","142.48","","0.45%"
"12/11/2019","143.20","143.04","143.40","142.54","","0.15%"
"12/10/2019","142.98","142.76","143.69","142.62","","0.22%"
"12/09/2019","142.67","142.67","143.14","142.46","","0.03%"
"12/06/2019","142.63","143.10","143.19","142.37","","-0.30%"
"12/05/2019","143.06","142.66","143.28","142.60","","0.30%"
"12/04/2019","142.63","141.16","142.81","140.82","","1.07%"
"12/03/2019","141.12","141.01","141.74","140.85","","0.10%"
"12/02/2019","140.98","141.53","141.84","140.92","","-0.46%"
"11/29/2019","141.63","141.40","141.76","141.12","","0.18%"
"11/28/2019","141.38","141.55","141.88","141.25","","-0.12%"
"11/27/2019","141.55","140.31","141.59","140.04","","0.92%"
"11/26/2019","140.26","140.49","140.91","139.98","","-0.14%"
"11/25/2019","140.46","139.59","140.65","139.56","","0.77%"
"11/22/2019","139.39","140.31","140.52","139.31","","-0.63%"
"11/21/2019","140.27","140.37","140.94","139.97","","-0.04%"
"11/20/2019","140.33","140.28","140.51","139.67","","0.06%"
"11/19/2019","140.24","140.78","140.97","140.10","","-0.36%"
"11/18/2019","140.74","140.38","141.59","140.32","","0.34%"
"11/15/2019","140.26","139.64","140.50","139.59","","0.44%"
"11/14/2019","139.64","139.85","139.91","139.39","","-0.12%"
"11/13/2019","139.81","140.06","140.27","139.43","","-0.14%"
"11/12/2019","140.00","140.19","140.61","139.93","","-0.11%"
"11/11/2019","140.16","139.56","140.51","139.35","","0.45%"
"11/08/2019","139.53","140.04","140.24","139.40","","-0.34%"
"11/07/2019","140.01","140.06","140.56","139.48","","-0.04%"
"11/06/2019","140.06","140.65","140.73","139.87","","-0.39%"
"11/05/2019","140.61","139.89","140.77","139.84","","0.54%"
"11/04/2019","139.85","140.10","140.26","139.83","","-0.04%"
"11/01/2019","139.91","139.80","140.18","139.63","","0.09%"
"10/31/2019","139.78","140.45","140.70","139.59","","-0.44%"
"10/30/2019","140.40","140.13","140.52","139.94","","0.24%"
"10/29/2019","140.06","140.17","140.56","139.45","","-0.04%"
"10/28/2019","140.12","139.37","140.28","139.31","","0.60%"
"10/25/2019","139.29","139.58","139.80","139.01","","-0.19%"
"10/24/2019","139.56","140.35","140.76","138.87","","-0.58%"
"10/23/2019","140.37","139.64","140.44","139.07","","0.54%"
"10/22/2019","139.62","140.74","141.15","139.51","","-0.77%"
"10/21/2019","140.71","140.19","141.38","139.48","","0.06%"
"10/18/2019","140.63","140.07","140.82","139.33","","0.43%"
"10/17/2019","140.03","139.57","141.51","138.62","","0.36%"
"10/16/2019","139.53","139.19","140.10","137.50","","0.27%"
"10/15/2019","139.16","136.68","139.32","136.45","","1.86%"
"10/14/2019","136.62","136.88","137.19","135.49","","-0.34%"
"10/11/2019","137.09","134.33","137.89","133.96","","2.08%"
"10/10/2019","134.30","131.18","134.57","130.72","","2.41%"
"10/09/2019","131.14","130.85","131.82","130.64","","0.25%"
"10/08/2019","130.81","131.89","132.13","130.42","","-0.79%"
"10/07/2019","131.85","131.83","132.26","131.23","","-0.01%"
"10/04/2019","131.86","131.86","132.05","131.27","","0.05%"
"10/03/2019","131.79","131.89","132.62","131.47","","-0.02%"
"10/02/2019","131.82","132.57","132.68","131.57","","-0.57%"
"10/01/2019","132.58","132.86","133.39","131.78","","-0.19%"
"09/30/2019","132.83","132.64","133.37","132.47","","0.17%"
"09/27/2019","132.61","132.87","133.31","132.32","","-0.19%"
"09/26/2019","132.86","133.11","133.32","132.38","","-0.16%"
"09/25/2019","133.07","133.72","134.03","132.82","","-0.46%"
"09/24/2019","133.68","133.70","134.60","133.54","","0.02%"
"09/23/2019","133.65","134.12","134.57","133.34","","-0.40%"
"09/20/2019","134.19","135.34","135.75","134.04","","-0.78%"
"09/19/2019","135.24","135.28","135.53","134.26","","0.03%"
"09/18/2019","135.20","135.19","135.68","134.58","","0.04%"
"09/17/2019","135.14","134.49","135.44","133.98","","0.57%"
"09/16/2019","134.37","134.64","134.90","133.87","","-0.53%"
"09/13/2019","135.09","133.35","135.23","133.27","","1.34%"
"09/12/2019","133.30","132.94","133.66","132.17","","0.31%"
"09/11/2019","132.89","132.81","133.39","132.67","","0.10%"
"09/10/2019","132.76","132.42","132.94","132.01","","0.29%"
"09/09/2019","132.38","131.56","132.57","130.81","","0.84%"
"09/06/2019","131.28","131.88","132.15","131.25","","-0.45%"
"09/05/2019","131.87","130.37","132.22","129.91","","1.19%"
"09/04/2019","130.32","128.03","130.45","127.93","","1.82%"
"09/03/2019","127.99","128.18","128.27","126.67","","-0.12%"
"09/02/2019","128.15","129.16","129.34","127.86","","-0.82%"
"08/30/2019","129.21","129.74","129.88","129.07","","-0.45%"
"08/29/2019","129.80","129.59","130.06","128.96","","0.19%"
"08/28/2019","129.55","129.95","130.10","128.48","","-0.27%"
"08/27/2019","129.90","129.68","130.40","129.00","","0.20%"
"08/26/2019","129.64","129.19","130.17","128.20","","0.19%"
"08/23/2019","129.39","130.40","130.58","129.01","","-0.74%"
"08/22/2019","130.36","129.32","130.71","128.75","","0.83%"
"08/21/2019","129.29","129.29","129.70","128.88","","0.03%"
"08/20/2019","129.25","129.32","129.67","128.26","","-0.02%"
"08/19/2019","129.28","129.23","129.56","128.95","","0.05%"
"08/16/2019","129.22","128.26","129.59","128.15","","0.78%"
"08/15/2019","128.22","127.74","129.00","127.46","","0.42%"
"08/14/2019","127.69","128.72","128.79","127.48","","-0.78%"
"08/13/2019","128.70","127.16","129.24","126.79","","1.24%"
"08/12/2019","127.12","127.08","127.56","126.54","","0.02%"
"08/09/2019","127.10","128.63","128.75","126.95","","-1.21%"
"08/08/2019","128.66","129.04","129.36","128.26","","-0.26%"
"08/07/2019","129.00","129.54","129.65","128.22","","-0.41%"
"08/06/2019","129.53","128.66","130.09","128.10","","0.71%"
"08/05/2019","128.62","129.56","129.75","128.16","","-0.71%"
"08/02/2019","129.54","130.24","130.44","129.07","","-0.51%"
"08/01/2019","130.20","132.19","132.59","130.16","","-1.51%"
"07/31/2019","132.20","132.00","133.01","131.83","","0.20%"
"07/30/2019","131.93","132.93","133.09","131.62","","-0.71%"
"07/29/2019","132.88","134.62","134.67","132.85","","-1.22%"
"07/26/2019","134.52","135.37","135.42","134.48","","-0.59%"
"07/25/2019","135.32","135.06","135.69","134.71","","0.21%"
"07/24/2019","135.03","134.61","135.31","134.24","","0.33%"
"07/23/2019","134.59","134.55","135.00","134.31","","0.04%"
"07/22/2019","134.54","134.72","135.11","134.39","","-0.07%"
"07/19/2019","134.63","134.61","135.03","134.52","","0.01%"
"07/18/2019","134.61","134.20","134.86","133.84","","0.32%"
"07/17/2019","134.18","134.30","134.64","133.95","","-0.04%"
"07/16/2019","134.23","135.08","135.29","133.95","","-0.59%"
"07/15/2019","135.03","135.64","135.87","134.92","","-0.46%"
"07/12/2019","135.65","135.85","136.04","135.49","","-0.12%"
"07/11/2019","135.81","135.57","136.08","135.07","","0.18%"
"07/10/2019","135.56","135.71","136.09","135.46","","-0.08%"
"07/09/2019","135.67","136.05","136.30","135.39","","-0.24%"
"07/08/2019","136.00","135.77","136.16","135.53","","0.15%"
"07/05/2019","135.80","135.64","136.07","135.47","","0.18%"
"07/04/2019","135.56","135.57","135.75","135.44","","0.01%"
"07/03/2019","135.54","135.87","135.98","135.16","","-0.21%"
"07/02/2019","135.83","137.09","137.24","135.85","","-0.88%"
"07/01/2019","137.03","137.00","137.81","136.72","","0.07%"
"06/28/2019","136.93","136.66","137.22","136.26","","0.23%"
"06/27/2019","136.61","136.78","137.35","136.41","","-0.10%"
"06/26/2019","136.74","136.11","136.92","135.89","","0.55%"
"06/25/2019","135.99","136.65","136.87","135.80","","-0.51%"
"06/24/2019","136.69","136.79","137.15","136.49","","-0.01%"
"06/21/2019","136.70","136.29","136.86","135.93","","0.34%"
"06/20/2019","136.24","136.66","137.20","136.20","","-0.27%"
"06/19/2019","136.61","136.20","137.04","135.78","","0.33%"
"06/18/2019","136.16","136.06","136.26","135.37","","0.08%"
"06/17/2019","136.05","136.79","136.96","135.99","","-0.45%"
"06/14/2019","136.66","137.39","137.55","136.51","","-0.49%"
"06/13/2019","137.33","137.68","137.81","137.10","","-0.21%"
"06/12/2019","137.62","138.08","138.29","137.55","","-0.30%"
"06/11/2019","138.03","137.55","138.35","137.49","","0.36%"
"06/10/2019","137.53","138.26","138.41","137.47","","-0.17%"
"06/07/2019","137.76","137.70","138.20","137.47","","0.08%"
"06/06/2019","137.65","137.58","137.84","136.98","","0.07%"
"06/05/2019","137.56","137.31","137.81","137.19","","0.20%"
"06/04/2019","137.29","136.87","137.50","136.54","","0.33%"
"06/03/2019","136.84","137.02","137.14","136.55","","0.06%"
"05/31/2019","136.76","138.20","138.28","136.62","","-1.01%"
"05/30/2019","138.16","138.41","138.76","138.06","","-0.14%"
"05/29/2019","138.36","138.40","138.60","137.85","","0.00%"
"05/28/2019","138.36","138.85","139.04","138.27","","-0.32%"
"05/27/2019","138.81","139.10","139.66","138.67","","-0.09%"
"05/24/2019","138.93","138.73","139.53","138.51","","0.18%"
"05/23/2019","138.68","139.74","139.85","138.52","","-0.73%"
"05/22/2019","139.70","140.39","140.73","139.31","","-0.48%"
"05/21/2019","140.38","140.08","141.76","139.63","","0.24%"
"05/20/2019","140.05","139.75","140.55","139.69","","0.03%"
"05/17/2019","140.01","140.58","140.70","139.54","","-0.38%"
"05/16/2019","140.54","140.75","140.93","140.20","","-0.18%"
"05/15/2019","140.79","141.48","141.67","140.20","","-0.44%"
"05/14/2019","141.41","141.64","142.20","141.35","","-0.13%"
"05/13/2019","141.60","142.70","142.91","141.19","","-0.91%"
"05/10/2019","142.90","142.80","143.26","142.50","","0.08%"
"05/09/2019","142.79","143.21","143.39","142.23","","-0.29%"
"05/08/2019","143.20","144.19","144.25","143.03","","-0.65%"
"05/07/2019","144.13","145.08","145.43","143.85","","-0.63%"
"05/06/2019","145.04","144.98","145.97","144.88","","-0.87%"
"05/03/2019","146.32","145.37","146.54","144.79","","0.68%"
"05/02/2019","145.33","145.36","145.91","145.07","","0.00%"
"05/01/2019","145.33","145.23","145.68","145.16","","0.09%"
"04/30/2019","145.20","144.44","145.37","143.99","","0.57%"
"04/29/2019","144.38","144.21","144.70","144.07","","0.17%"
"04/26/2019","144.13","144.00","144.42","143.70","","0.12%"
"04/25/2019","143.96","144.74","144.84","143.73","","-0.51%"
"04/24/2019","144.70","144.72","145.05","144.40","","0.01%"
"04/23/2019","144.69","145.36","145.66","144.57","","-0.41%"
"04/22/2019","145.29","145.45","145.56","145.21","","-0.10%"
"04/19/2019","145.43","145.55","145.67","145.32","","-0.05%"
"04/18/2019","145.50","146.16","146.30","145.30","","-0.44%"
"04/17/2019","146.15","146.16","146.38","145.88","","0.02%"
"04/16/2019","146.12","146.76","146.91","145.99","","-0.42%"
"04/15/2019","146.73","146.46","147.03","146.32","","0.14%"
"04/12/2019","146.53","145.79","147.03","145.70","","0.54%"
"04/11/2019","145.75","145.35","145.97","145.10","","0.32%"
"04/10/2019","145.29","145.08","145.69","144.94","","0.10%"
"04/09/2019","145.14","145.66","146.08","144.78","","-0.32%"
"04/08/2019","145.60","145.63","145.80","145.07","","-0.03%"
"04/05/2019","145.65","146.04","146.59","145.10","","-0.24%"
"04/04/2019","146.00","146.72","146.98","145.66","","-0.46%"
"04/03/2019","146.68","146.22","147.22","146.01","","0.37%"
"04/02/2019","146.14","145.88","146.47","144.92","","0.21%"
"04/01/2019","145.84","144.32","146.38","144.32","","0.97%"
"03/29/2019","144.44","144.31","145.51","143.83","","0.10%"
"03/28/2019","144.30","145.77","146.03","144.23","","-0.98%"
"03/27/2019","145.73","146.14","146.55","145.53","","-0.25%"
"03/26/2019","146.10","145.09","146.49","144.91","","0.65%"
"03/25/2019","145.16","145.18","145.82","144.62","","-0.01%"
"03/22/2019","145.18","145.26","145.78","144.53","","-0.02%"
"03/21/2019","145.21","146.11","146.43","144.13","","-0.58%"
"03/20/2019","146.05","147.80","148.09","145.85","","-1.15%"
"03/19/2019","147.75","147.72","148.06","147.51","","0.04%"
"03/18/2019","147.69","148.14","148.41","147.00","","-0.30%"
"03/15/2019","148.14","147.93","148.41","147.41","","0.17%"
"03/14/2019","147.89","148.30","148.90","147.39","","-0.24%"
"03/13/2019","148.24","145.61","148.77","145.35","","1.84%"
"03/12/2019","145.56","146.26","147.82","144.57","","-0.46%"
"03/11/2019","146.24","144.66","146.51","143.71","","1.09%"
"03/08/2019","144.66","146.02","146.21","144.30","","-0.91%"
"03/07/2019","145.99","147.20","147.31","145.77","","-0.80%"
"03/06/2019","147.16","147.48","147.48","146.68","","-0.18%"
"03/05/2019","147.42","147.25","147.81","146.59","","0.05%"
"03/04/2019","147.34","148.10","148.49","147.09","","-0.26%"
"03/01/2019","147.73","147.72","148.60","147.51","","0.03%"
"02/28/2019","147.69","147.74","148.29","146.96","","0.00%"
"02/27/2019","147.69","146.52","148.07","146.14","","0.81%"
"02/26/2019","146.51","145.37","147.07","145.37","","0.74%"
"02/25/2019","145.43","144.72","145.69","144.33","","0.67%"
"02/22/2019","144.46","144.49","144.77","143.78","","0.01%"
"02/21/2019","144.45","144.68","144.95","144.07","","-0.13%"
"02/20/2019","144.64","144.54","145.07","144.12","","0.11%"
"02/19/2019","144.48","142.95","144.73","142.47","","1.10%"
"02/18/2019","142.91","142.45","143.06","142.43","","0.40%"
"02/15/2019","142.34","141.43","142.49","141.00","","0.59%"
"02/14/2019","141.50","142.60","143.06","141.29","","-0.74%"
"02/13/2019","142.56","142.45","143.35","142.35","","0.11%"
"02/12/2019","142.41","141.84","142.66","141.84","","0.43%"
"02/11/2019","141.80","142.08","142.59","141.84","","-0.17%"
"02/08/2019","142.04","142.26","142.54","141.82","","-0.12%"
"02/07/2019","142.21","142.24","142.64","141.11","","0.01%"
"02/06/2019","142.20","142.40","142.55","141.75","","-0.08%"
"02/05/2019","142.31","143.26","143.62","142.03","","-0.64%"
"02/04/2019","143.23","143.27","144.21","143.06","","0.03%"
"02/01/2019","143.18","142.75","143.52","142.07","","0.34%"
"01/31/2019","142.70","143.03","143.24","142.23","","-0.20%"
"01/30/2019","142.99","142.96","143.63","142.72","","0.06%"
"01/29/2019","142.90","143.95","144.50","142.73","","-0.68%"
"01/28/2019","143.88","144.53","144.78","143.59","","-0.47%"
"01/25/2019","144.56","143.26","144.85","143.07","","0.94%"
"01/24/2019","143.22","143.23","143.58","142.70","","0.01%"
"01/23/2019","143.20","141.74","143.60","141.61","","1.07%"
"01/22/2019","141.68","141.38","141.94","140.60","","0.23%"
"01/21/2019","141.35","141.38","141.60","140.67","","0.04%"
"01/18/2019","141.29","141.85","142.10","141.07","","-0.37%"
"01/17/2019","141.82","140.57","142.24","139.51","","0.93%"
"01/16/2019","140.51","139.76","140.73","138.98","","0.57%"
"01/15/2019","139.72","139.13","140.46","137.37","","0.42%"
"01/14/2019","139.13","139.50","140.07","138.59","","-0.23%"
"01/11/2019","139.45","138.32","139.51","137.63","","0.90%"
"01/10/2019","138.20","138.34","138.55","137.43","","-0.07%"
"01/09/2019","138.29","138.29","139.13","137.74","","0.01%"
"01/08/2019","138.27","138.95","139.47","137.96","","-0.45%"
"01/07/2019","138.90","138.18","138.99","137.62","","0.58%"
"01/04/2019","138.10","136.01","138.33","135.81","","1.57%"
"01/03/2019","135.96","137.25","137.33","131.95","","-0.94%"
"01/02/2019","137.25","139.85","139.93","137.25","","-1.89%"
"01/01/2019","139.89","139.83","140.07","139.54","","0.09%"
"12/31/2018","139.77","139.86","140.88","139.50","","-0.23%"
"12/28/2018","140.09","140.36","140.57","139.44","","-0.16%"
"12/27/2018","140.31","140.70","140.89","139.68","","-0.25%"
"12/26/2018","140.66","139.94","140.90","139.66","","0.56%"
"12/25/2018","139.87","140.54","140.93","139.56","","-0.44%"
"12/24/2018","140.49","140.76","140.90","139.99","","0.02%"
"12/21/2018","140.46","140.85","141.20","140.24","","-0.26%"
"12/20/2018","140.82","141.83","142.13","140.56","","-0.68%"
"12/19/2018","141.79","142.31","142.57","141.57","","-0.32%"
"12/18/2018","142.24","142.44","142.68","141.92","","-0.14%"
"12/17/2018","142.44","142.81","143.26","142.15","","-0.14%"
"12/14/2018","142.64","143.84","144.05","142.37","","-0.80%"
"12/13/2018","143.79","143.07","143.97","142.81","","0.53%"
"12/12/2018","143.03","141.60","143.47","141.50","","1.05%"
"12/11/2018","141.55","142.36","142.95","141.50","","-0.56%"
"12/10/2018","142.35","143.51","143.76","141.18","","-0.77%"
"12/07/2018","143.45","144.06","144.37","143.22","","-0.38%"
"12/06/2018","144.00","144.13","144.33","143.24","","-0.07%"
"12/05/2018","144.10","143.45","144.57","143.25","","0.47%"
"12/04/2018","143.42","144.64","144.79","142.85","","-0.81%"
"12/03/2018","144.59","144.89","145.62","144.17","","-0.09%"
"11/30/2018","144.72","145.20","145.31","144.60","","-0.30%"
"11/29/2018","145.16","145.80","145.86","144.52","","-0.43%"
"11/28/2018","145.78","145.03","145.87","144.85","","0.52%"
"11/27/2018","145.02","145.78","145.80","144.59","","-0.51%"
"11/26/2018","145.77","145.19","145.81","144.62","","0.74%"
"11/23/2018","144.70","145.46","145.56","144.35","","-0.49%"
"11/22/2018","145.41","144.47","145.96","144.24","","0.69%"
"11/21/2018","144.41","144.20","144.91","144.03","","0.17%"
"11/20/2018","144.16","144.66","144.92","143.98","","-0.30%"
"11/19/2018","144.60","144.75","145.35","144.29","","-0.16%"
"11/16/2018","144.83","145.19","145.48","144.59","","-0.21%"
"11/15/2018","145.14","147.61","147.95","144.26","","-1.68%"
"11/14/2018","147.62","147.65","148.45","146.30","","0.00%"
"11/13/2018","147.62","146.26","148.74","145.98","","0.96%"
"11/12/2018","146.21","147.53","147.61","146.06","","-0.99%"
"11/09/2018","147.67","148.99","149.19","147.48","","-0.87%"
"11/08/2018","148.97","149.03","149.51","148.59","","0.00%"
"11/07/2018","148.97","148.59","149.26","148.32","","0.28%"
"11/06/2018","148.55","147.63","148.73","147.30","","0.67%"
"11/05/2018","147.56","147.45","147.83","146.85","","0.52%"
"11/02/2018","146.79","146.64","147.28","146.28","","0.12%"
"11/01/2018","146.61","144.19","146.92","144.01","","1.69%"
"10/31/2018","144.17","143.76","145.17","143.60","","0.36%"
"10/30/2018","143.66","143.76","144.41","143.20","","-0.05%"
"10/29/2018","143.73","143.56","144.43","143.32","","0.13%"
"10/26/2018","143.54","144.08","144.26","142.75","","-0.35%"
"10/25/2018","144.04","144.61","145.07","144.01","","-0.37%"
"10/24/2018","144.57","145.99","146.34","144.42","","-0.96%"
"10/23/2018","145.97","146.25","146.43","145.29","","-0.16%"
"10/22/2018","146.20","147.07","147.61","146.03","","-0.61%"
"10/19/2018","147.09","146.06","147.35","146.00","","0.73%"
"10/18/2018","146.02","147.74","147.93","145.81","","-1.13%"
"10/17/2018","147.69","147.98","148.28","147.03","","-0.20%"
"10/16/2018","147.99","147.01","148.43","146.89","","0.70%"
"10/15/2018","146.96","147.42","147.75","146.50","","-0.41%"
"10/12/2018","147.57","148.45","149.03","147.15","","-0.57%"
"10/11/2018","148.41","148.15","148.82","147.80","","0.19%"
"10/10/2018","148.13","148.47","149.32","148.05","","-0.20%"
"10/09/2018","148.43","148.23","148.77","147.33","","0.16%"
"10/08/2018","148.20","149.07","149.53","147.49","","-0.67%"
"10/05/2018","149.20","148.33","149.30","148.06","","0.61%"
"10/04/2018","148.30","148.23","148.66","147.68","","0.08%"
"10/03/2018","148.18","147.54","148.62","147.25","","0.46%"
"10/02/2018","147.50","148.59","148.75","147.18","","-0.71%"
"10/01/2018","148.55","148.16","149.39","148.11","","0.30%"
"09/28/2018","148.10","148.32","148.66","147.52","","-0.11%"
"09/27/2018","148.26","148.43","148.76","147.57","","-0.07%"
"09/26/2018","148.37","149.01","149.13","148.26","","-0.37%"
"09/25/2018","148.92","148.01","149.05","147.79","","0.64%"
"09/24/2018","147.97","147.21","148.32","146.60","","0.54%"
"09/21/2018","147.18","149.26","149.74","146.98","","-1.35%"
"09/20/2018","149.20","147.60","149.33","147.33","","1.11%"
"09/19/2018","147.56","147.75","148.56","147.16","","-0.09%"
"09/18/2018","147.69","147.18","147.94","146.77","","0.39%"
"09/17/2018","147.12","146.41","147.49","146.26","","0.51%"
"09/14/2018","146.37","146.70","147.04","146.25","","-0.20%"
"09/13/2018","146.67","145.18","146.85","144.99","","1.05%"
"09/12/2018","145.14","145.50","145.68","144.66","","-0.23%"
"09/11/2018","145.47","144.76","145.94","144.40","","0.52%"
"09/10/2018","144.72","143.54","145.06","143.06","","0.86%"
"09/07/2018","143.48","143.24","144.45","142.61","","0.20%"
"09/06/2018","143.19","143.92","144.28","142.93","","-0.50%"
"09/05/2018","143.91","143.28","144.99","142.65","","0.47%"
"09/04/2018","143.24","142.92","143.41","142.59","","0.20%"
"09/03/2018","142.95","144.10","144.10","142.83","","-0.67%"
"08/31/2018","143.92","144.39","144.73","143.49","","-0.30%"
"08/30/2018","144.36","145.48","145.72","144.36","","-0.72%"
"08/29/2018","145.41","143.19","145.59","142.80","","1.59%"
"08/28/2018","143.14","143.22","143.69","143.03","","-0.03%"
"08/27/2018","143.19","142.87","143.32","142.52","","0.17%"
"08/24/2018","142.94","142.66","143.29","142.51","","0.23%"
"08/23/2018","142.61","142.76","143.05","142.42","","-0.06%"
"08/22/2018","142.70","142.31","142.84","141.99","","0.31%"
"08/21/2018","142.26","140.87","142.71","140.65","","1.02%"
"08/20/2018","140.83","140.61","141.25","140.61","","-0.03%"
"08/17/2018","140.87","141.05","141.20","140.22","","-0.10%"
"08/16/2018","141.01","140.61","141.35","140.19","","0.31%"
"08/15/2018","140.58","141.48","141.81","139.87","","-0.58%"
"08/14/2018","141.40","141.33","142.49","141.00","","0.05%"
"08/13/2018","141.33","141.64","141.87","140.24","","-0.20%"
"08/10/2018","141.61","142.45","142.59","140.94","","-0.56%"
"08/09/2018","142.41","142.96","143.52","142.34","","-0.36%"
"08/08/2018","142.92","144.12","144.30","142.71","","-0.81%"
"08/07/2018","144.08","144.20","144.45","143.79","","-0.06%"
"08/06/2018","144.16","144.75","144.79","144.03","","-0.36%"
"08/03/2018","144.68","145.35","145.56","144.49","","-0.45%"
"08/02/2018","145.33","146.65","146.69","144.98","","-0.87%"
"08/01/2018","146.61","146.87","147.17","146.29","","-0.14%"
"07/31/2018","146.81","145.88","147.03","145.37","","0.67%"
"07/30/2018","145.83","145.40","145.95","145.31","","0.19%"
"07/27/2018","145.55","145.81","145.87","145.25","","-0.16%"
"07/26/2018","145.78","146.37","146.56","145.75","","-0.38%"
"07/25/2018","146.34","146.17","146.55","145.73","","0.14%"
"07/24/2018","146.14","145.86","146.35","145.45","","0.20%"
"07/23/2018","145.85","146.52","146.52","145.66","","-0.29%"
"07/20/2018","146.28","146.37","146.69","145.97","","-0.03%"
"07/19/2018","146.32","147.51","147.63","146.15","","-0.81%"
"07/18/2018","147.51","148.04","148.26","146.83","","-0.34%"
"07/17/2018","148.01","148.62","149.12","147.60","","-0.38%"
"07/16/2018","148.58","148.63","149.34","148.41","","-0.06%"
"07/13/2018","148.67","148.66","148.76","147.63","","0.04%"
"07/12/2018","148.61","147.92","148.93","147.77","","0.50%"
"07/11/2018","147.87","147.39","148.16","146.79","","0.38%"
"07/10/2018","147.31","146.98","147.82","146.82","","0.25%"
"07/09/2018","146.94","147.00","147.63","146.10","","0.16%"
"07/06/2018","146.71","146.33","146.82","146.12","","0.29%"
"07/05/2018","146.28","146.19","146.89","145.82","","0.12%"
"07/04/2018","146.11","145.94","146.39","145.55","","0.16%"
"07/03/2018","145.87","145.76","146.42","145.28","","0.10%"
"07/02/2018","145.72","145.86","146.51","145.17","","-0.29%"
"06/29/2018","146.15","144.51","146.36","144.32","","1.17%"
"06/28/2018","144.46","144.60","144.71","143.76","","-0.06%"
"06/27/2018","144.54","145.60","145.76","144.50","","-0.69%"
"06/26/2018","145.54","145.83","145.87","144.95","","-0.11%"
"06/25/2018","145.70","146.03","146.20","144.68","","-0.13%"
"06/22/2018","145.89","145.76","146.69","145.47","","0.12%"
"06/21/2018","145.72","145.38","146.24","144.57","","0.26%"
"06/20/2018","145.34","145.07","145.65","144.57","","0.23%"
"06/19/2018","145.01","146.42","146.54","144.37","","-0.94%"
"06/18/2018","146.38","146.78","147.10","146.10","","-0.41%"
"06/15/2018","146.99","146.72","147.10","146.26","","0.20%"
"06/14/2018","146.69","147.58","147.89","146.65","","-0.58%"
"06/13/2018","147.54","147.60","147.93","147.20","","-0.01%"
"06/12/2018","147.55","147.25","148.01","147.12","","0.29%"
"06/11/2018","147.13","146.83","147.87","146.45","","0.17%"
"06/08/2018","146.88","147.25","147.47","146.09","","-0.22%"
"06/07/2018","147.20","147.79","148.16","146.89","","-0.37%"
"06/06/2018","147.74","147.08","148.03","146.96","","0.48%"
"06/05/2018","147.04","146.20","147.16","146.03","","0.61%"
"06/04/2018","146.15","146.14","146.93","145.82","","-0.03%"
"06/01/2018","146.19","144.73","146.32","144.47","","1.03%"
"05/31/2018","144.70","144.73","145.34","144.10","","-0.01%"
"05/30/2018","144.72","144.15","145.10","143.59","","0.43%"
"05/29/2018","144.10","145.64","145.75","143.19","","-1.06%"
"05/28/2018","145.64","145.56","146.24","145.31","","0.06%"
"05/25/2018","145.55","146.19","146.76","145.28","","-0.41%"
"05/24/2018","146.15","146.94","147.29","145.68","","-0.50%"
"05/23/2018","146.88","149.01","149.06","145.93","","-1.40%"
"05/22/2018","148.96","149.17","149.74","148.75","","-0.09%"
"05/21/2018","149.10","149.34","149.67","148.80","","-0.05%"
"05/18/2018","149.18","149.74","150.04","149.07","","-0.33%"
"05/17/2018","149.68","148.91","149.87","148.79","","0.56%"
"05/16/2018","148.85","149.03","149.14","148.16","","-0.10%"
"05/15/2018","149.00","148.67","149.22","148.36","","0.26%"
"05/14/2018","148.62","148.29","149.10","147.97","","0.34%"
"05/11/2018","148.11","147.87","148.51","147.57","","0.17%"
"05/10/2018","147.86","148.66","149.33","147.45","","-0.52%"
"05/09/2018","148.63","147.82","149.22","147.70","","0.58%"
"05/08/2018","147.78","147.90","148.10","147.03","","-0.05%"
"05/07/2018","147.86","147.70","148.30","147.33","","0.16%"
"05/04/2018","147.63","148.25","148.33","147.06","","-0.38%"
"05/03/2018","148.20","149.15","149.49","147.59","","-0.62%"
"05/02/2018","149.13","149.57","150.13","148.96","","-0.26%"
"05/01/2018","149.52","150.45","150.63","149.12","","-0.68%"
"04/30/2018","150.54","150.30","150.85","149.84","","0.21%"
"04/27/2018","150.22","152.14","152.31","150.19","","-1.25%"
"04/26/2018","152.12","152.44","152.76","151.94","","-0.18%"
"04/25/2018","152.40","152.11","152.59","152.03","","0.22%"
"04/24/2018","152.06","151.55","152.64","151.39","","0.36%"
"04/23/2018","151.52","150.94","151.67","150.74","","0.52%"
"04/20/2018","150.74","151.26","151.73","150.66","","-0.35%"
"04/19/2018","151.27","152.31","152.99","151.08","","-0.66%"
"04/18/2018","152.28","152.89","153.67","152.04","","-0.37%"
"04/17/2018","152.85","153.60","153.79","152.76","","-0.44%"
"04/16/2018","153.53","152.93","153.79","152.64","","0.46%"
"04/13/2018","152.83","152.71","153.88","152.56","","0.11%"
"04/12/2018","152.66","151.39","152.90","151.16","","0.86%"
"04/11/2018","151.36","151.95","152.27","151.26","","-0.36%"
"04/10/2018","151.91","150.87","152.17","150.70","","0.72%"
"04/09/2018","150.83","150.75","151.52","150.49","","0.13%"
"04/06/2018","150.64","150.38","151.25","149.88","","0.21%"
"04/05/2018","150.33","150.35","150.70","149.96","","0.00%"
"04/04/2018","150.33","149.87","150.45","148.78","","0.34%"
"04/03/2018","149.82","148.73","149.98","148.48","","0.76%"
"04/02/2018","148.69","149.17","149.71","148.38","","-0.15%"
"03/30/2018","148.92","149.18","149.57","148.84","","-0.15%"
"03/29/2018","149.15","150.43","150.50","149.02","","-0.83%"
"03/28/2018","150.40","149.14","150.66","149.06","","0.89%"
"03/27/2018","149.08","149.99","150.52","148.93","","-0.57%"
"03/26/2018","149.94","148.11","150.14","147.82","","1.32%"
"03/23/2018","147.99","148.39","149.01","147.65","","-0.26%"
"03/22/2018","148.37","149.98","150.19","148.26","","-1.04%"
"03/21/2018","149.93","149.13","150.36","148.94","","0.55%"
"03/20/2018","149.11","148.79","149.81","148.55","","0.24%"
"03/19/2018","148.76","147.84","149.70","147.04","","0.72%"
"03/16/2018","147.70","148.22","148.30","147.23","","-0.32%"
"03/15/2018","148.18","148.44","148.54","147.44","","-0.15%"
"03/14/2018","148.41","148.80","149.19","147.73","","-0.23%"
"03/13/2018","148.75","147.98","149.41","147.75","","0.55%"
"03/12/2018","147.94","147.93","148.24","147.41","","0.07%"
"03/09/2018","147.84","146.69","148.58","146.61","","0.80%"
"03/08/2018","146.66","147.46","147.70","146.38","","-0.51%"
"03/07/2018","147.41","147.38","147.60","146.20","","0.05%"
"03/06/2018","147.33","147.08","148.05","146.52","","0.19%"
"03/05/2018","147.05","145.79","147.15","145.07","","0.77%"
"03/02/2018","145.93","146.35","146.48","144.97","","-0.27%"
"03/01/2018","146.32","146.79","147.51","146.00","","-0.31%"
"02/28/2018","146.77","149.30","149.55","146.70","","-1.66%"
"02/27/2018","149.25","149.37","149.85","148.82","","-0.06%"
"02/26/2018","149.34","149.37","150.09","148.98","","0.05%"
"02/23/2018","149.26","148.98","149.55","148.64","","0.17%"
"02/22/2018","149.00","150.01","150.06","148.52","","-0.65%"
"02/21/2018","149.97","150.24","150.97","149.44","","-0.14%"
"02/20/2018","150.18","149.29","150.42","149.07","","0.62%"
"02/19/2018","149.26","149.20","149.50","148.86","","0.01%"
"02/16/2018","149.25","149.64","150.00","148.78","","-0.21%"
"02/15/2018","149.57","149.79","150.21","148.91","","-0.13%"
"02/14/2018","149.76","149.82","150.05","147.93","","0.00%"
"02/13/2018","149.76","150.35","150.65","148.96","","-0.37%"
"02/12/2018","150.31","150.44","150.85","149.65","","-0.13%"
"02/09/2018","150.50","151.31","152.78","148.90","","-0.51%"
"02/08/2018","151.27","151.76","154.05","150.82","","-0.29%"
"02/07/2018","151.71","152.82","153.18","151.31","","-0.71%"
"02/06/2018","152.79","152.27","152.95","151.20","","0.35%"
"02/05/2018","152.26","155.64","155.65","152.26","","-2.05%"
"02/02/2018","155.45","156.06","156.64","155.41","","-0.37%"
"02/01/2018","156.03","154.95","156.48","154.92","","0.70%"
"01/31/2018","154.94","153.87","155.38","153.54","","0.72%"
"01/30/2018","153.84","153.34","154.10","151.97","","0.35%"
"01/29/2018","153.31","153.87","154.05","152.81","","-0.45%"
"01/26/2018","154.01","154.79","155.89","153.43","","-0.45%"
"01/25/2018","154.71","155.56","156.11","154.40","","-0.53%"
"01/24/2018","155.53","154.44","155.74","154.11","","0.73%"
"01/23/2018","154.41","155.16","155.44","153.71","","-0.46%"
"01/22/2018","155.13","153.67","155.28","153.46","","1.13%"
"01/19/2018","153.39","154.37","154.48","153.09","","-0.60%"
"01/18/2018","154.32","153.87","154.61","153.61","","0.33%"
"01/17/2018","153.82","152.35","154.31","152.13","","0.99%"
"01/16/2018","152.31","152.45","153.13","152.04","","-0.06%"
"01/15/2018","152.40","152.52","152.84","151.91","","-0.01%"
"01/12/2018","152.41","150.63","152.69","150.52","","1.22%"
"01/11/2018","150.57","150.51","151.04","150.18","","0.07%"
"01/10/2018","150.47","152.55","152.63","150.35","","-1.33%"
"01/09/2018","152.50","153.48","153.62","151.93","","-0.59%"
"01/08/2018","153.40","153.44","153.70","152.85","","0.00%"
"01/05/2018","153.40","152.79","153.78","152.71","","0.41%"
"01/04/2018","152.77","152.05","153.00","151.98","","0.49%"
"01/03/2018","152.02","152.60","152.85","151.75","","-0.34%"
"01/02/2018","152.54","152.17","152.76","151.86","","0.30%"
"01/01/2018","152.08","152.29","152.37","152.02","","-0.11%"
"12/29/2017","152.24","151.75","152.54","151.51","","0.34%"
"12/28/2017","151.72","151.88","152.00","151.47","","-0.07%"
"12/27/2017","151.82","151.44","152.12","151.32","","0.28%"
"12/26/2017","151.40","151.44","151.61","151.18","","0.01%"
"12/25/2017","151.39","151.31","151.78","151.31","","0.05%"
"12/22/2017","151.32","151.69","151.91","151.20","","-0.23%"
"12/21/2017","151.67","151.67","151.95","151.28","","0.03%"
"12/20/2017","151.62","151.10","152.04","151.06","","0.36%"
"12/19/2017","151.08","150.62","151.30","150.37","","0.33%"
"12/18/2017","150.58","150.20","151.04","149.86","","0.43%"
"12/15/2017","149.93","150.95","151.05","149.40","","-0.64%"
"12/14/2017","150.90","151.02","151.89","150.61","","-0.06%"
"12/13/2017","150.99","151.21","151.54","150.48","","-0.12%"
"12/12/2017","151.17","151.48","151.78","151.01","","-0.18%"
"12/11/2017","151.44","152.00","152.35","151.23","","-0.33%"
"12/08/2017","151.94","152.37","153.44","151.61","","-0.26%"
"12/07/2017","152.34","150.39","152.49","150.15","","1.33%"
"12/06/2017","150.34","151.36","151.48","149.74","","-0.65%"
"12/05/2017","151.33","151.51","151.85","150.54","","-0.11%"
"12/04/2017","151.49","151.13","152.98","151.13","","0.32%"
"12/01/2017","151.00","152.20","152.53","150.57","","-0.78%"
"11/30/2017","152.18","150.08","152.43","150.00","","1.41%"
"11/29/2017","150.06","148.70","150.45","148.67","","0.93%"
"11/28/2017","148.67","147.89","149.30","146.97","","0.50%"
"11/27/2017","147.93","148.77","148.89","147.82","","-0.54%"
"11/24/2017","148.73","148.03","149.01","147.93","","0.52%"
"11/23/2017","147.96","148.21","148.51","147.80","","-0.13%"
"11/22/2017","148.16","148.87","149.00","147.99","","-0.44%"
"11/21/2017","148.82","149.05","149.41","148.60","","-0.14%"
"11/20/2017","149.03","148.16","149.25","147.62","","0.66%"
"11/17/2017","148.06","149.18","149.34","147.92","","-0.73%"
"11/16/2017","149.15","148.69","149.48","148.51","","0.35%"
"11/15/2017","148.63","149.37","149.41","148.13","","-0.46%"
"11/14/2017","149.32","149.03","149.58","148.60","","0.22%"
"11/13/2017","148.99","149.69","149.85","148.05","","-0.49%"
"11/10/2017","149.72","149.17","150.02","148.82","","0.40%"
"11/09/2017","149.12","149.35","149.73","148.44","","-0.13%"
"11/08/2017","149.32","150.11","150.18","148.54","","-0.51%"
"11/07/2017","150.08","149.77","150.34","149.63","","0.24%"
"11/06/2017","149.72","149.24","149.92","148.93","","0.40%"
"11/03/2017","149.12","149.00","149.69","148.69","","0.12%"
"11/02/2017","148.94","151.24","151.55","148.66","","-1.48%"
"11/01/2017","151.18","150.94","151.99","150.90","","0.18%"
"10/31/2017","150.91","149.46","151.09","149.18","","0.98%"
"10/30/2017","149.44","149.27","150.04","148.95","","0.15%"
"10/27/2017","149.21","150.01","150.07","148.92","","-0.50%"
"10/26/2017","149.96","150.88","150.93","149.75","","-0.58%"
"10/25/2017","150.83","149.57","151.42","149.26","","0.84%"
"10/24/2017","149.58","149.70","150.11","149.12","","-0.06%"
"10/23/2017","149.67","149.95","150.51","149.47","","0.00%"
"10/20/2017","149.67","148.11","149.85","148.00","","1.09%"
"10/19/2017","148.06","149.14","149.47","147.90","","-0.69%"
"10/18/2017","149.09","148.01","149.15","147.88","","0.76%"
"10/17/2017","147.97","148.66","149.09","147.75","","-0.44%"
"10/16/2017","148.62","148.87","149.06","148.17","","0.03%"
"10/13/2017","148.57","148.91","149.31","148.46","","-0.20%"
"10/12/2017","148.87","148.76","149.18","147.28","","0.11%"
"10/11/2017","148.71","148.49","148.88","147.84","","0.18%"
"10/10/2017","148.44","148.06","148.54","147.73","","0.27%"
"10/09/2017","148.04","147.29","148.58","146.93","","0.62%"
"10/06/2017","147.13","148.00","148.09","147.01","","-0.57%"
"10/05/2017","147.97","149.33","149.49","147.67","","-0.90%"
"10/04/2017","149.32","149.38","149.93","149.02","","-0.04%"
"10/03/2017","149.38","149.72","150.27","149.29","","-0.20%"
"10/02/2017","149.68","150.57","151.01","149.27","","-0.65%"
"09/29/2017","150.66","151.02","151.31","150.20","","-0.21%"
"09/28/2017","150.97","151.04","151.60","150.46","","-0.02%"
"09/27/2017","151.00","151.05","151.63","150.55","","0.00%"
"09/26/2017","151.00","150.48","151.10","149.97","","0.38%"
"09/25/2017","150.43","151.10","152.30","149.74","","-0.42%"
"09/22/2017","151.06","152.76","152.83","150.68","","-1.08%"
"09/21/2017","152.71","151.43","152.89","151.39","","0.87%"
"09/20/2017","151.39","150.76","152.30","150.45","","0.45%"
"09/19/2017","150.71","150.57","151.60","150.13","","0.13%"
"09/18/2017","150.52","150.60","151.53","150.14","","-0.08%"
"09/15/2017","150.64","147.70","151.56","146.61","","2.03%"
"09/14/2017","147.64","145.96","148.37","145.28","","1.18%"
"09/13/2017","145.92","146.35","146.69","145.68","","-0.27%"
"09/12/2017","146.31","144.03","146.56","143.89","","1.62%"
"09/11/2017","143.98","142.86","144.20","142.58","","1.18%"
"09/08/2017","142.30","142.09","142.57","141.33","","0.18%"
"09/07/2017","142.05","142.48","142.74","141.47","","-0.27%"
"09/06/2017","142.43","141.81","142.71","141.36","","0.46%"
"09/05/2017","141.78","141.91","141.97","141.18","","-0.07%"
"09/04/2017","141.88","141.78","142.50","141.50","","-0.62%"
"09/01/2017","142.76","142.20","143.04","142.07","","0.41%"
"08/31/2017","142.17","142.48","142.93","141.57","","-0.20%"
"08/30/2017","142.46","141.80","142.80","141.56","","0.49%"
"08/29/2017","141.77","141.28","142.02","140.00","","0.36%"
"08/28/2017","141.26","141.07","141.48","140.43","","0.25%"
"08/25/2017","140.91","140.24","140.99","140.11","","0.51%"
"08/24/2017","140.20","139.57","140.47","139.30","","0.49%"
"08/23/2017","139.52","140.51","140.83","139.41","","-0.69%"
"08/22/2017","140.49","140.60","141.07","140.05","","-0.01%"
"08/21/2017","140.51","140.71","140.89","140.08","","0.00%"
"08/18/2017","140.51","141.01","141.13","139.77","","-0.30%"
"08/17/2017","140.93","142.05","142.14","140.83","","-0.77%"
"08/16/2017","142.03","142.44","143.13","141.70","","-0.26%"
"08/15/2017","142.40","142.14","143.24","141.94","","0.21%"
"08/14/2017","142.10","141.88","142.76","141.73","","0.04%"
"08/11/2017","142.04","141.73","142.13","141.22","","0.25%"
"08/10/2017","141.68","143.14","143.37","141.63","","-1.01%"
"08/09/2017","143.12","143.32","143.43","142.24","","-0.10%"
"08/08/2017","143.27","144.36","144.51","143.16","","-0.71%"
"08/07/2017","144.29","144.19","144.75","144.12","","0.02%"
"08/04/2017","144.26","144.58","145.33","144.20","","-0.20%"
"08/03/2017","144.55","146.47","146.81","144.36","","-1.24%"
"08/02/2017","146.36","145.72","146.81","145.63","","0.49%"
"08/01/2017","145.65","145.71","146.19","145.39","","-0.01%"
"07/31/2017","145.67","145.31","145.86","144.80","","0.23%"
"07/28/2017","145.33","145.38","145.81","144.98","","0.03%"
"07/27/2017","145.29","145.88","146.59","145.11","","-0.37%"
"07/26/2017","145.83","145.74","146.44","145.49","","0.08%"
"07/25/2017","145.71","144.76","145.93","144.45","","0.69%"
"07/24/2017","144.71","144.27","145.02","144.01","","0.26%"
"07/21/2017","144.34","145.18","145.35","144.03","","-0.55%"
"07/20/2017","145.14","145.82","146.32","144.68","","-0.40%"
"07/19/2017","145.73","146.16","146.36","145.24","","-0.25%"
"07/18/2017","146.10","147.03","147.35","145.38","","-0.62%"
"07/17/2017","147.01","147.32","147.64","146.74","","-0.22%"
"07/14/2017","147.34","146.57","147.57","145.99","","0.57%"
"07/13/2017","146.51","145.79","146.90","145.54","","0.54%"
"07/12/2017","145.73","146.38","146.48","145.26","","-0.40%"
"07/11/2017","146.32","146.90","147.80","146.16","","-0.37%"
"07/10/2017","146.87","146.93","147.48","146.62","","0.06%"
"07/07/2017","146.78","146.86","147.64","146.45","","-0.02%"
"07/06/2017","146.81","146.51","147.27","146.02","","0.23%"
"07/05/2017","146.48","146.32","146.83","145.99","","0.13%"
"07/04/2017","146.29","146.69","146.95","145.97","","-0.23%"
"07/03/2017","146.63","145.91","146.97","145.65","","0.20%"
"06/30/2017","146.34","145.92","146.58","145.12","","0.31%"
"06/29/2017","145.89","145.13","146.57","145.06","","0.54%"
"06/28/2017","145.11","144.01","145.54","143.26","","0.81%"
"06/27/2017","143.95","142.33","144.22","141.94","","1.20%"
"06/26/2017","142.25","141.48","142.40","141.39","","0.54%"
"06/23/2017","141.48","141.18","141.92","140.99","","0.23%"
"06/22/2017","141.16","141.14","141.27","140.45","","0.07%"
"06/21/2017","141.06","140.76","141.80","139.83","","0.22%"
"06/20/2017","140.75","142.04","142.57","140.56","","-0.90%"
"06/19/2017","142.03","141.84","142.37","141.13","","0.31%"
"06/16/2017","141.59","141.49","142.37","141.32","","0.11%"
"06/15/2017","141.44","139.72","141.62","139.18","","1.25%"
"06/14/2017","139.70","140.38","140.94","139.09","","-0.46%"
"06/13/2017","140.35","139.18","140.44","139.00","","0.90%"
"06/12/2017","139.10","140.53","140.83","138.64","","-1.04%"
"06/09/2017","140.56","142.51","142.62","139.51","","-1.31%"
"06/08/2017","142.42","142.33","142.80","141.72","","0.11%"
"06/07/2017","142.27","141.25","142.41","140.73","","0.76%"
"06/06/2017","141.20","142.52","142.69","140.70","","-0.90%"
"06/05/2017","142.48","141.71","143.13","141.64","","0.18%"
"06/02/2017","142.22","143.45","143.98","142.01","","-0.84%"
"06/01/2017","143.42","142.79","143.74","142.49","","0.47%"
"05/31/2017","142.75","142.54","142.94","141.47","","0.18%"
"05/30/2017","142.49","142.87","143.14","141.82","","-0.22%"
"05/29/2017","142.81","142.58","143.11","142.36","","0.22%"
"05/26/2017","142.50","144.75","144.83","142.12","","-1.51%"
"05/25/2017","144.68","144.65","145.45","144.51","","0.03%"
"05/24/2017","144.64","144.89","145.44","144.48","","-0.14%"
"05/23/2017","144.84","144.69","145.18","143.76","","0.15%"
"05/22/2017","144.63","144.82","145.12","144.05","","-0.27%"
"05/19/2017","145.02","144.26","145.41","143.81","","0.58%"
"05/18/2017","144.18","143.75","144.85","143.38","","0.35%"
"05/17/2017","143.67","146.14","146.19","143.62","","-1.66%"
"05/16/2017","146.09","146.75","147.14","145.81","","-0.40%"
"05/15/2017","146.68","145.89","147.02","145.68","","0.41%"
"05/12/2017","146.08","146.73","146.82","145.78","","-0.42%"
"05/11/2017","146.70","147.88","147.99","146.14","","-0.76%"
"05/10/2017","147.82","147.44","148.14","147.11","","0.29%"
"05/09/2017","147.39","146.55","147.91","146.43","","0.60%"
"05/08/2017","146.51","146.71","146.84","145.64","","0.15%"
"05/05/2017","146.29","145.33","146.50","144.78","","0.70%"
"05/04/2017","145.28","145.08","145.76","144.63","","0.17%"
"05/03/2017","145.03","144.89","145.37","144.48","","0.13%"
"05/02/2017","144.84","144.12","145.13","144.01","","0.52%"
"05/01/2017","144.09","144.14","144.63","143.76","","-0.21%"
"04/28/2017","144.39","143.59","144.54","143.29","","0.60%"
"04/27/2017","143.53","142.69","143.93","142.55","","0.65%"
"04/26/2017","142.61","142.69","143.54","142.32","","-0.01%"
"04/25/2017","142.63","140.43","142.71","140.02","","1.59%"
"04/24/2017","140.40","141.92","142.18","140.18","","0.47%"
"04/21/2017","139.74","140.07","140.19","139.20","","-0.22%"
"04/20/2017","140.05","139.12","140.37","138.99","","0.70%"
"04/19/2017","139.08","139.23","140.22","138.89","","-0.05%"
"04/18/2017","139.15","136.83","140.02","136.12","","1.73%"
"04/17/2017","136.78","136.06","137.01","135.58","","0.57%"
"04/14/2017","136.00","136.44","136.67","135.95","","-0.26%"
"04/13/2017","136.36","136.74","137.15","136.32","","-0.22%"
"04/12/2017","136.66","136.94","137.39","136.51","","-0.15%"
"04/11/2017","136.87","137.73","137.82","136.82","","-0.58%"
"04/10/2017","137.67","137.56","138.30","137.40","","0.20%"
"04/07/2017","137.39","138.18","138.38","137.01","","-0.53%"
"04/06/2017","138.12","138.20","138.75","137.70","","-0.01%"
"04/05/2017","138.13","137.76","139.07","137.43","","0.30%"
"04/04/2017","137.72","138.48","138.57","137.07","","-0.51%"
"04/03/2017","138.43","139.68","139.94","138.27","","-0.99%"
"03/31/2017","139.82","139.56","140.13","138.98","","0.21%"
"03/30/2017","139.53","138.07","139.64","137.73","","1.09%"
"03/29/2017","138.03","138.38","138.56","137.51","","-0.21%"
"03/28/2017","138.32","138.97","139.42","138.04","","-0.44%"
"03/27/2017","138.93","138.86","139.15","138.02","","0.09%"
"03/24/2017","138.80","138.90","139.18","138.28","","-0.02%"
"03/23/2017","138.83","138.78","139.36","138.28","","0.06%"
"03/22/2017","138.75","139.42","139.55","137.75","","-0.44%"
"03/21/2017","139.36","139.08","140.44","138.92","","0.21%"
"03/20/2017","139.07","139.62","140.18","138.87","","-0.42%"
"03/17/2017","139.66","140.07","140.50","139.13","","-0.26%"
"03/16/2017","140.02","139.32","140.22","138.55","","0.50%"
"03/15/2017","139.32","139.45","140.62","139.10","","-0.07%"
"03/14/2017","139.42","140.37","140.49","139.13","","-0.66%"
"03/13/2017","140.35","139.76","140.53","139.38","","0.52%"
"03/10/2017","139.63","139.86","140.57","139.52","","-0.12%"
"03/09/2017","139.80","139.16","140.07","139.05","","0.48%"
"03/08/2017","139.13","139.05","139.68","138.42","","0.08%"
"03/07/2017","139.02","139.35","139.67","138.72","","-0.22%"
"03/06/2017","139.32","140.18","140.37","139.23","","-0.55%"
"03/03/2017","140.09","140.34","140.54","139.60","","-0.14%"
"03/02/2017","140.29","139.83","140.77","139.74","","0.36%"
"03/01/2017","139.78","139.63","140.76","139.54","","0.14%"
"02/28/2017","139.58","140.25","140.36","138.81","","-0.44%"
"02/27/2017","140.20","139.91","140.48","138.99","","0.26%"
"02/24/2017","139.83","141.39","141.81","139.39","","-1.05%"
"02/23/2017","141.31","140.97","141.59","140.64","","0.21%"
"02/22/2017","141.01","141.81","142.07","140.46","","-0.53%"
"02/21/2017","141.76","140.93","141.91","140.81","","0.62%"
"02/20/2017","140.89","140.10","141.30","140.00","","0.59%"
"02/17/2017","140.07","141.44","142.00","139.61","","-0.91%"
"02/16/2017","141.35","142.25","142.51","141.22","","-0.60%"
"02/15/2017","142.21","142.46","142.85","141.82","","-0.16%"
"02/14/2017","142.44","142.49","142.76","141.01","","0.01%"
"02/13/2017","142.42","141.32","142.66","141.30","","0.75%"
"02/10/2017","141.36","141.54","142.42","141.00","","-0.07%"
"02/09/2017","141.46","140.37","141.86","140.04","","0.79%"
"02/08/2017","140.35","140.61","140.73","139.78","","-0.14%"
"02/07/2017","140.55","139.33","140.67","138.51","","0.90%"
"02/06/2017","139.29","140.32","140.80","139.17","","-1.01%"
"02/03/2017","140.71","141.31","142.01","140.33","","-0.37%"
"02/02/2017","141.23","143.35","143.58","140.73","","-1.45%"
"02/01/2017","143.31","141.89","144.17","141.66","","1.02%"
"01/31/2017","141.86","142.06","142.51","140.42","","-0.10%"
"01/30/2017","142.00","144.45","144.66","141.64","","-1.63%"
"01/27/2017","144.35","144.24","144.83","143.97","","0.16%"
"01/26/2017","144.12","143.12","144.57","142.86","","0.74%"
"01/25/2017","143.06","142.47","143.76","141.80","","0.44%"
"01/24/2017","142.44","141.26","142.56","140.76","","0.88%"
"01/23/2017","141.20","141.64","142.11","140.73","","-0.43%"
"01/20/2017","141.81","141.79","142.12","141.15","","0.04%"
"01/19/2017","141.75","140.61","142.20","140.35","","0.87%"
"01/18/2017","140.53","139.82","140.72","139.12","","0.52%"
"01/17/2017","139.80","137.60","140.17","137.05","","1.67%"
"01/16/2017","137.51","138.17","138.32","136.45","","-1.38%"
"01/13/2017","139.43","139.46","140.61","139.15","","-0.01%"
"01/12/2017","139.44","140.90","141.06","138.89","","-1.04%"
"01/11/2017","140.91","140.98","141.51","139.88","","-0.02%"
"01/10/2017","140.94","141.11","141.48","140.16","","-0.10%"
"01/09/2017","141.08","143.66","143.89","141.01","","-1.73%"
"01/06/2017","143.57","143.26","144.07","142.95","","0.24%"
"01/05/2017","143.22","144.51","144.70","142.48","","-0.81%"
"01/04/2017","144.39","144.10","144.96","143.67","","0.22%"
"01/03/2017","144.08","144.31","145.44","143.53","","-0.11%"
"01/02/2017","144.24","144.31","145.07","144.07","","0.05%"
"12/30/2016","144.17","142.91","144.63","142.65","","0.94%"
"12/29/2016","142.83","143.36","143.49","142.13","","-0.33%"
"12/28/2016","143.30","144.09","144.73","142.99","","-0.51%"
"12/27/2016","144.04","143.88","144.31","143.54","","0.17%"
"12/26/2016","143.79","143.96","144.35","143.56","","-0.26%"
"12/23/2016","144.17","144.37","144.61","143.50","","-0.09%"
"12/22/2016","144.30","145.22","145.64","144.29","","-0.61%"
"12/21/2016","145.19","145.80","145.93","144.84","","-0.34%"
"12/20/2016","145.69","145.20","146.40","144.87","","0.38%"
"12/19/2016","145.14","147.27","147.52","144.48","","-1.48%"
"12/16/2016","147.32","146.78","147.50","146.22","","0.42%"
"12/15/2016","146.70","147.06","148.50","146.31","","-0.21%"
"12/14/2016","147.01","145.81","147.34","145.16","","0.86%"
"12/13/2016","145.75","145.84","146.77","145.49","","-0.03%"
"12/12/2016","145.79","145.05","146.43","144.65","","0.51%"
"12/09/2016","145.05","143.55","145.19","143.36","","1.10%"
"12/08/2016","143.47","143.61","144.51","143.08","","-0.08%"
"12/07/2016","143.59","144.55","144.83","142.96","","-0.62%"
"12/06/2016","144.49","144.99","145.68","144.14","","-0.30%"
"12/05/2016","144.92","144.51","146.07","142.52","","0.35%"
"12/02/2016","144.41","143.63","144.71","142.88","","0.58%"
"12/01/2016","143.58","143.14","145.25","142.61","","0.34%"
"11/30/2016","143.10","140.37","143.31","139.95","","1.97%"
"11/29/2016","140.33","138.98","141.41","138.48","","1.01%"
"11/28/2016","138.93","141.01","141.23","138.82","","-1.49%"
"11/25/2016","141.03","141.14","141.79","139.93","","0.01%"
"11/24/2016","141.02","139.93","141.40","139.62","","0.81%"
"11/23/2016","139.89","138.08","140.38","137.22","","1.33%"
"11/22/2016","138.06","138.46","138.88","137.61","","-0.23%"
"11/21/2016","138.38","136.89","138.92","136.25","","1.08%"
"11/18/2016","136.90","136.73","137.63","135.36","","0.18%"
"11/17/2016","136.66","135.74","136.95","134.95","","0.72%"
"11/16/2016","135.68","135.99","136.82","135.59","","-0.18%"
"11/15/2016","135.92","135.44","136.62","134.17","","0.40%"
"11/14/2016","135.38","134.17","135.68","134.11","","0.74%"
"11/11/2016","134.39","134.11","134.95","133.42","","0.22%"
"11/10/2016","134.09","131.09","134.38","130.26","","2.32%"
"11/09/2016","131.05","130.19","131.77","126.70","","0.76%"
"11/08/2016","130.06","129.51","130.39","129.25","","0.45%"
"11/07/2016","129.48","129.06","130.26","129.02","","0.34%"
"11/04/2016","129.04","128.34","129.48","128.22","","0.58%"
"11/03/2016","128.29","127.10","128.95","126.48","","1.00%"
"11/02/2016","127.02","127.51","127.57","126.69","","-0.34%"
"11/01/2016","127.45","128.35","129.06","127.12","","-0.67%"
"10/31/2016","128.31","127.56","128.53","126.72","","0.63%"
"10/28/2016","127.51","128.07","128.32","127.44","","-0.41%"
"10/27/2016","128.03","127.97","128.47","127.41","","0.10%"
"10/26/2016","127.90","127.05","128.01","126.61","","0.71%"
"10/25/2016","127.00","127.49","127.98","126.58","","-0.35%"
"10/24/2016","127.45","127.13","127.61","126.60","","0.39%"
"10/21/2016","126.96","127.35","127.71","126.08","","-0.29%"
"10/20/2016","127.33","127.09","127.62","126.61","","0.21%"
"10/19/2016","127.06","127.72","127.93","126.60","","-0.49%"
"10/18/2016","127.68","126.58","128.20","126.45","","0.89%"
"10/17/2016","126.55","127.00","127.14","126.26","","-0.31%"
"10/14/2016","126.94","127.08","127.96","126.67","","-0.06%"
"10/13/2016","127.02","127.21","127.50","125.91","","-0.13%"
"10/12/2016","127.19","125.48","127.74","125.30","","1.42%"
"10/11/2016","125.41","128.10","128.40","124.82","","-2.02%"
"10/10/2016","128.00","128.00","128.64","127.47","","0.05%"
"10/07/2016","127.93","131.13","131.33","122.75","","-2.41%"
"10/06/2016","131.09","131.95","132.11","131.05","","-0.64%"
"10/05/2016","131.93","130.97","132.27","130.49","","0.76%"
"10/04/2016","130.93","130.54","131.39","130.28","","0.34%"
"10/03/2016","130.48","131.19","131.48","130.06","","-0.76%"
"09/30/2016","131.48","131.04","131.97","130.41","","0.38%"
"09/29/2016","130.98","131.06","132.46","130.66","","-0.03%"
"09/28/2016","131.02","130.82","131.32","130.45","","0.20%"
"09/27/2016","130.76","130.19","131.25","129.64","","0.45%"
"09/26/2016","130.17","130.95","131.27","129.68","","-0.63%"
"09/23/2016","130.99","131.76","132.28","130.45","","-0.55%"
"09/22/2016","131.71","130.75","132.31","130.52","","0.83%"
"09/21/2016","130.63","132.10","133.30","130.38","","-1.08%"
"09/20/2016","132.05","132.79","133.14","131.62","","-0.55%"
"09/19/2016","132.78","132.94","133.50","132.44","","-0.10%"
"09/16/2016","132.91","135.14","135.30","132.90","","-1.65%"
"09/15/2016","135.14","135.56","136.17","134.55","","-0.27%"
"09/14/2016","135.51","135.32","136.67","134.90","","0.17%"
"09/13/2016","135.28","135.86","136.10","134.45","","-0.37%"
"09/12/2016","135.78","136.25","136.38","135.06","","-0.29%"
"09/09/2016","136.17","136.27","137.17","135.72","","-0.02%"
"09/08/2016","136.20","135.74","136.47","135.01","","0.38%"
"09/07/2016","135.68","137.10","137.19","135.40","","-0.99%"
"09/06/2016","137.03","137.60","138.35","136.83","","-0.38%"
"09/05/2016","137.55","138.33","138.54","137.31","","-0.44%"
"09/02/2016","138.16","136.99","138.86","136.88","","0.88%"
"09/01/2016","136.96","135.90","138.07","135.37","","0.81%"
"08/31/2016","135.86","134.70","135.94","134.57","","0.88%"
"08/30/2016","134.67","133.56","134.91","133.33","","0.87%"
"08/29/2016","133.51","133.81","134.43","133.41","","-0.18%"
"08/26/2016","133.75","132.60","133.91","132.37","","0.90%"
"08/25/2016","132.56","132.92","133.31","132.36","","-0.24%"
"08/24/2016","132.88","132.28","133.32","131.95","","0.47%"
"08/23/2016","132.26","131.81","132.35","131.43","","0.36%"
"08/22/2016","131.79","131.14","132.19","131.03","","0.60%"
"08/19/2016","131.00","131.54","132.05","130.33","","-0.37%"
"08/18/2016","131.49","130.79","132.27","130.01","","0.60%"
"08/17/2016","130.70","130.87","131.83","130.25","","-0.09%"
"08/16/2016","130.82","130.41","130.92","129.22","","0.33%"
"08/15/2016","130.39","130.86","131.23","129.96","","-0.35%"
"08/12/2016","130.85","132.11","132.57","130.36","","-0.92%"
"08/11/2016","132.07","131.78","132.29","130.98","","0.25%"
"08/10/2016","131.74","132.51","132.86","131.55","","-0.54%"
"08/09/2016","132.46","133.59","133.77","132.09","","-0.82%"
"08/08/2016","133.55","133.21","134.05","132.87","","0.39%"
"08/05/2016","133.03","132.67","133.63","132.23","","0.31%"
"08/04/2016","132.62","134.91","135.27","132.54","","-1.68%"
"08/03/2016","134.89","134.77","135.47","134.17","","0.12%"
"08/02/2016","134.73","134.97","135.60","133.91","","-0.10%"
"08/01/2016","134.87","135.12","136.29","134.50","","-0.07%"
"07/29/2016","134.97","138.59","138.70","134.89","","-2.57%"
"07/28/2016","138.53","139.37","139.54","137.46","","-0.57%"
"07/27/2016","139.33","137.43","139.94","137.32","","1.43%"
"07/26/2016","137.36","139.01","139.16","135.97","","-1.16%"
"07/25/2016","138.97","139.10","140.16","138.74","","-0.04%"
"07/22/2016","139.03","140.01","141.12","138.42","","-0.69%"
"07/21/2016","139.99","141.13","142.42","139.08","","-0.78%"
"07/20/2016","141.09","139.14","141.50","138.32","","1.42%"
"07/19/2016","139.11","140.73","141.12","138.49","","-1.13%"
"07/18/2016","140.70","138.07","141.33","138.04","","1.75%"
"07/15/2016","138.28","140.56","143.26","137.81","","-1.57%"
"07/14/2016","140.48","137.34","142.27","136.38","","2.29%"
"07/13/2016","137.34","138.70","139.53","136.93","","-0.93%"
"07/12/2016","138.63","133.55","139.51","132.97","","3.80%"
"07/11/2016","133.56","130.21","133.79","130.04","","2.56%"
"07/08/2016","130.23","130.10","131.04","129.62","","0.15%"
"07/07/2016","130.04","131.02","131.98","129.56","","-0.72%"
"07/06/2016","130.98","132.44","132.56","128.81","","-1.09%"
"07/05/2016","132.42","136.31","136.33","132.01","","-2.83%"
"07/04/2016","136.28","135.90","136.83","135.60","","0.25%"
"07/01/2016","135.94","137.49","137.73","135.74","","-1.08%"
"06/30/2016","137.42","138.10","138.85","135.89","","-0.43%"
"06/29/2016","138.01","137.10","139.05","135.82","","0.69%"
"06/28/2016","137.06","134.84","137.50","134.26","","1.62%"
"06/27/2016","134.88","138.49","138.62","133.34","","-3.51%"
"06/24/2016","139.78","157.95","160.24","133.25","","-11.48%"
"06/23/2016","157.90","153.56","158.32","153.51","","2.88%"
"06/22/2016","153.48","153.42","154.58","152.83","","0.05%"
"06/21/2016","153.40","152.76","154.41","151.92","","0.46%"
"06/20/2016","152.69","149.70","153.67","149.70","","2.17%"
"06/17/2016","149.45","148.07","149.95","147.99","","0.96%"
"06/16/2016","148.03","150.60","150.72","145.38","","-1.67%"
"06/15/2016","150.54","149.77","151.21","149.31","","0.53%"
"06/14/2016","149.75","151.65","151.68","149.17","","-1.22%"
"06/13/2016","151.60","152.45","152.51","149.46","","-0.58%"
"06/10/2016","152.48","154.85","155.06","151.51","","-1.51%"
"06/09/2016","154.82","155.18","155.37","153.63","","-0.19%"
"06/08/2016","155.12","156.14","156.29","154.92","","-0.62%"
"06/07/2016","156.08","155.35","157.82","154.97","","0.54%"
"06/06/2016","155.24","154.56","155.67","152.93","","0.39%"
"06/03/2016","154.64","157.03","157.59","154.55","","-1.48%"
"06/02/2016","156.97","157.91","158.02","156.56","","-0.58%"
"06/01/2016","157.89","160.29","160.68","157.21","","-1.46%"
"05/31/2016","160.23","162.71","163.92","159.82","","-1.48%"
"05/30/2016","162.64","161.04","162.95","161.04","","0.93%"
"05/27/2016","161.14","161.04","161.47","160.13","","0.09%"
"05/26/2016","160.99","161.93","162.21","160.70","","-0.58%"
"05/25/2016","161.93","160.98","162.55","160.45","","0.64%"
"05/24/2016","160.90","158.21","161.05","158.05","","1.73%"
"05/23/2016","158.17","159.72","159.88","158.02","","-0.96%"
"05/20/2016","159.70","160.68","161.10","159.49","","-0.56%"
"05/19/2016","160.60","160.88","161.66","160.14","","-0.13%"
"05/18/2016","160.81","157.85","160.94","157.01","","1.90%"
"05/17/2016","157.81","156.97","159.02","156.93","","0.56%"
"05/16/2016","156.93","155.82","157.12","155.64","","0.62%"
"05/13/2016","155.96","157.56","157.70","155.90","","-0.95%"
"05/12/2016","157.46","156.63","158.51","156.24","","0.58%"
"05/11/2016","156.55","157.79","158.03","156.38","","-0.78%"
"05/10/2016","157.78","156.08","157.95","156.02","","1.12%"
"05/09/2016","156.03","154.60","156.46","154.25","","0.98%"
"05/06/2016","154.52","155.36","155.64","153.61","","-0.50%"
"05/05/2016","155.29","155.07","155.89","154.85","","0.15%"
"05/04/2016","155.05","154.95","155.99","154.39","","0.09%"
"05/03/2016","154.91","156.14","156.20","154.41","","-0.75%"
"05/02/2016","156.08","155.32","156.68","154.88","","0.44%"
"04/29/2016","155.39","157.94","158.10","155.25","","-1.58%"
"04/28/2016","157.88","162.14","162.62","157.06","","-2.56%"
"04/27/2016","162.03","162.32","162.86","161.64","","-0.15%"
"04/26/2016","162.28","161.06","162.75","160.45","","0.80%"
"04/25/2016","161.00","161.17","161.96","160.00","","0.02%"
"04/22/2016","160.97","156.77","161.31","156.51","","2.71%"
"04/21/2016","156.73","157.45","158.41","156.60","","-0.43%"
"04/20/2016","157.40","157.18","157.92","156.17","","0.18%"
"04/19/2016","157.12","155.38","157.74","155.25","","1.17%"
"04/18/2016","155.30","154.11","155.73","152.50","","0.63%"
"04/15/2016","154.33","154.87","155.34","154.07","","-0.30%"
"04/14/2016","154.79","155.31","155.41","153.89","","-0.31%"
"04/13/2016","155.27","154.95","155.80","154.73","","0.24%"
"04/12/2016","154.90","153.72","155.55","153.46","","0.79%"
"04/11/2016","153.68","152.65","154.48","151.95","","0.73%"
"04/08/2016","152.56","152.11","154.26","151.91","","0.33%"
"04/07/2016","152.06","155.06","155.31","151.65","","-1.90%"
"04/06/2016","155.01","156.23","156.69","154.51","","-0.79%"
"04/05/2016","156.24","158.79","158.94","155.68","","-1.59%"
"04/04/2016","158.76","158.83","159.60","158.17","","-0.01%"
"04/01/2016","158.77","161.67","161.76","158.68","","-1.76%"
"03/31/2016","161.61","161.64","162.06","160.87","","-0.02%"
"03/30/2016","161.64","162.11","162.61","161.33","","-0.24%"
"03/29/2016","162.03","161.72","162.55","161.32","","0.23%"
"03/28/2016","161.66","159.82","161.76","159.64","","1.13%"
"03/25/2016","159.86","159.80","160.16","159.33","","0.06%"
"03/24/2016","159.76","158.66","159.90","158.44","","0.74%"
"03/23/2016","158.58","159.65","160.07","158.51","","-0.65%"
"03/22/2016","159.62","160.84","161.52","158.43","","-0.74%"
"03/21/2016","160.81","161.57","161.57","160.13","","-0.43%"
"03/18/2016","161.50","161.30","161.82","160.33","","0.16%"
"03/17/2016","161.24","160.54","161.63","159.02","","0.47%"
"03/16/2016","160.49","160.18","161.17","159.64","","0.21%"
"03/15/2016","160.15","162.80","162.92","159.51","","-1.59%"
"03/14/2016","162.74","163.72","164.02","162.57","","-0.48%"
"03/11/2016","163.52","161.60","164.15","161.08","","1.24%"
"03/10/2016","161.52","161.26","162.93","160.71","","0.18%"
"03/09/2016","161.23","160.02","161.38","159.47","","0.78%"
"03/08/2016","159.99","161.87","161.93","159.57","","-1.11%"
"03/07/2016","161.79","161.99","162.26","160.36","","-0.01%"
"03/04/2016","161.81","161.20","162.48","160.44","","0.45%"
"03/03/2016","161.09","159.76","161.33","159.68","","0.88%"
"03/02/2016","159.68","159.03","160.58","158.70","","0.45%"
"03/01/2016","158.96","156.85","159.56","156.20","","1.40%"
"02/29/2016","156.77","158.13","158.20","156.19","","-0.83%"
"02/26/2016","158.08","157.76","158.60","157.20","","0.22%"
"02/25/2016","157.74","156.25","157.94","155.76","","0.98%"
"02/24/2016","156.21","157.21","157.35","154.74","","-0.62%"
"02/23/2016","157.19","159.78","159.96","156.93","","-1.60%"
"02/22/2016","159.75","162.18","162.18","159.13","","-1.45%"
"02/19/2016","162.10","162.35","162.54","160.71","","-0.10%"
"02/18/2016","162.27","163.12","163.98","162.03","","-0.49%"
"02/17/2016","163.07","163.18","163.91","161.57","","-0.04%"
"02/16/2016","163.14","165.42","166.11","162.43","","-1.34%"
"02/15/2016","165.36","164.15","165.79","163.97","","0.71%"
"02/12/2016","164.20","162.76","164.81","161.74","","0.92%"
"02/11/2016","162.71","164.60","165.16","159.88","","-1.11%"
"02/10/2016","164.54","166.63","167.66","164.44","","-1.21%"
"02/09/2016","166.56","167.20","167.29","164.54","","-0.36%"
"02/08/2016","167.17","169.57","170.69","165.95","","-1.37%"
"02/05/2016","169.49","170.35","170.57","168.95","","-0.49%"
"02/04/2016","170.32","172.18","172.50","170.02","","-1.03%"
"02/03/2016","172.09","172.88","173.78","171.07","","-0.42%"
"02/02/2016","172.81","174.63","174.77","172.73","","-1.00%"
"02/01/2016","174.55","172.38","175.03","172.38","","1.24%"
"01/29/2016","172.41","170.66","174.21","170.09","","1.07%"
"01/28/2016","170.58","168.90","171.18","168.68","","1.01%"
"01/27/2016","168.88","169.94","170.06","168.55","","-0.61%"
"01/26/2016","169.92","168.56","170.30","166.95","","0.84%"
"01/25/2016","168.51","169.51","170.05","168.30","","-0.53%"
"01/22/2016","169.40","167.40","170.39","167.05","","1.22%"
"01/21/2016","167.36","165.95","167.75","164.44","","0.88%"
"01/20/2016","165.90","166.55","166.86","163.96","","-0.34%"
"01/19/2016","166.47","167.14","169.12","166.32","","-0.35%"
"01/18/2016","167.06","166.95","168.19","166.19","","0.13%"
"01/15/2016","166.84","170.14","170.62","166.21","","-1.93%"
"01/14/2016","170.13","169.55","170.56","168.82","","0.37%"
"01/13/2016","169.50","169.92","171.32","169.48","","-0.24%"
"01/12/2016","169.90","171.23","171.67","169.16","","-0.74%"
"01/11/2016","171.16","170.58","172.31","169.32","","0.39%"
"01/08/2016","170.49","172.01","173.41","170.44","","-0.85%"
"01/07/2016","171.96","173.33","173.80","170.74","","-0.75%"
"01/06/2016","173.26","174.69","174.98","172.82","","-0.80%"
"01/05/2016","174.65","175.78","176.20","174.08","","-0.61%"
"01/04/2016","175.73","177.42","177.50","174.96","","-0.92%"
"01/01/2016","177.36","177.31","177.91","177.24","","0.03%"
"12/31/2015","177.30","178.52","178.75","176.93","","-0.66%"
"12/30/2015","178.47","178.43","179.08","178.22","","0.03%"
"12/29/2015","178.41","179.13","179.56","178.06","","-0.37%"
"12/28/2015","179.08","179.59","180.08","178.94","","-0.39%"
"12/25/2015","179.78","179.66","179.83","179.11","","0.11%"
"12/24/2015","179.59","179.83","180.01","178.95","","-0.10%"
"12/23/2015","179.77","179.54","180.21","179.28","","0.18%"
"12/22/2015","179.44","180.38","180.65","178.99","","-0.48%"
"12/21/2015","180.31","180.65","181.27","179.94","","-0.10%"
"12/18/2015","180.49","182.63","184.03","180.45","","-1.16%"
"12/17/2015","182.60","183.38","183.57","182.34","","-0.38%"
"12/16/2015","183.29","182.95","183.74","182.32","","0.22%"
"12/15/2015","182.89","183.29","184.26","182.55","","-0.18%"
"12/14/2015","183.22","183.96","184.63","182.11","","-0.36%"
"12/11/2015","183.89","184.34","185.09","183.56","","-0.22%"
"12/10/2015","184.29","184.41","185.00","183.36","","-0.02%"
"12/09/2015","184.32","184.49","185.41","183.68","","-0.07%"
"12/08/2015","184.45","185.75","185.82","183.75","","-0.67%"
"12/07/2015","185.70","186.23","186.40","185.41","","-0.21%"
"12/04/2015","186.09","185.71","186.30","185.10","","0.24%"
"12/03/2015","185.64","184.27","185.93","183.98","","0.77%"
"12/02/2015","184.22","185.32","185.68","183.94","","-0.56%"
"12/01/2015","185.26","185.35","186.06","184.92","","-0.01%"
"11/30/2015","185.28","184.80","185.71","184.33","","0.34%"
"11/27/2015","184.66","185.18","185.36","184.23","","-0.26%"
"11/26/2015","185.15","185.67","185.73","184.63","","-0.25%"
"11/25/2015","185.61","184.83","185.84","184.47","","0.45%"
"11/24/2015","184.78","185.80","186.05","184.31","","-0.51%"
"11/23/2015","185.73","186.71","187.04","185.63","","-0.50%"
"11/20/2015","186.66","187.88","188.14","186.49","","-0.62%"
"11/19/2015","187.83","188.39","188.85","187.71","","-0.27%"
"11/18/2015","188.33","187.80","188.41","187.26","","0.30%"
"11/17/2015","187.76","187.28","188.03","186.86","","0.32%"
"11/16/2015","187.16","186.32","187.51","185.98","","0.21%"
"11/13/2015","186.76","186.78","187.07","186.39","","0.03%"
"11/12/2015","186.70","186.83","187.54","186.51","","-0.04%"
"11/11/2015","186.77","186.16","187.10","185.94","","0.32%"
"11/10/2015","186.17","186.20","186.55","185.87","","0.01%"
"11/09/2015","186.16","185.38","186.63","185.36","","0.48%"
"11/06/2015","185.27","185.16","185.85","183.58","","0.09%"
"11/05/2015","185.11","187.02","187.75","184.94","","-0.98%"
"11/04/2015","186.94","186.70","187.36","186.38","","0.15%"
"11/03/2015","186.66","186.17","186.94","185.86","","0.31%"
"11/02/2015","186.09","186.38","187.02","185.55","","0.01%"
"10/30/2015","186.08","185.46","186.77","184.55","","0.37%"
"10/29/2015","185.40","184.82","185.60","184.07","","0.36%"
"10/28/2015","184.74","184.26","185.08","183.87","","0.28%"
"10/27/2015","184.23","185.93","185.97","183.91","","-0.86%"
"10/26/2015","185.83","186.02","186.16","185.12","","-0.08%"
"10/23/2015","185.98","185.83","186.23","185.25","","0.14%"
"10/22/2015","185.72","184.96","185.93","184.48","","0.45%"
"10/21/2015","184.88","185.05","185.61","184.69","","-0.06%"
"10/20/2015","185.00","184.77","185.64","184.65","","0.16%"
"10/19/2015","184.70","184.43","185.14","183.83","","0.21%"
"10/16/2015","184.31","183.72","184.77","183.58","","0.34%"
"10/15/2015","183.68","183.88","184.40","182.75","","-0.09%"
"10/14/2015","183.85","182.60","184.36","182.30","","0.72%"
"10/13/2015","182.53","184.23","184.38","181.81","","-0.89%"
"10/12/2015","184.16","184.17","184.74","183.92","","0.08%"
"10/09/2015","184.02","184.08","184.90","183.92","","0.02%"
"10/08/2015","183.99","183.81","184.33","182.99","","0.12%"
"10/07/2015","183.77","183.10","184.08","182.58","","0.42%"
"10/06/2015","183.00","182.45","183.33","181.95","","0.33%"
"10/05/2015","182.40","182.06","183.23","181.87","","0.21%"
"10/02/2015","182.01","181.45","183.12","180.65","","0.33%"
"10/01/2015","181.41","181.33","182.06","181.08","","0.07%"
"09/30/2015","181.28","181.41","183.07","180.83","","-0.02%"
"09/29/2015","181.32","181.98","182.54","180.94","","-0.34%"
"09/28/2015","181.93","183.14","183.38","181.64","","-0.59%"
"09/25/2015","183.01","183.01","184.45","182.63","","0.02%"
"09/24/2015","182.97","183.40","183.60","181.59","","-0.20%"
"09/23/2015","183.34","184.62","184.72","182.90","","-0.67%"
"09/22/2015","184.57","186.94","187.08","184.08","","-1.24%"
"09/21/2015","186.88","186.45","187.38","186.00","","0.29%"
"09/18/2015","186.34","187.09","187.40","185.94","","-0.36%"
"09/17/2015","187.01","186.79","188.53","186.69","","0.13%"
"09/16/2015","186.76","184.80","187.23","184.21","","1.09%"
"09/15/2015","184.74","185.48","186.14","184.20","","-0.37%"
"09/14/2015","185.43","186.00","186.68","184.58","","-0.29%"
"09/11/2015","185.97","186.29","186.90","185.68","","-0.14%"
"09/10/2015","186.23","185.20","187.37","184.21","","0.62%"
"09/09/2015","185.09","184.47","186.46","184.38","","0.37%"
"09/08/2015","184.40","182.21","185.00","181.80","","1.26%"
"09/07/2015","182.11","180.67","182.56","180.30","","0.89%"
"09/04/2015","180.50","183.21","183.38","180.44","","-1.45%"
"09/03/2015","183.15","184.11","184.75","182.67","","-0.47%"
"09/02/2015","184.01","182.68","184.32","182.47","","0.76%"
"09/01/2015","182.63","186.00","186.27","182.51","","-1.79%"
"08/31/2015","185.96","187.42","187.66","185.83","","-0.72%"
"08/28/2015","187.31","186.38","187.42","185.36","","0.50%"
"08/27/2015","186.37","185.39","186.87","185.37","","0.56%"
"08/26/2015","185.34","186.46","188.13","184.17","","-0.57%"
"08/25/2015","186.41","186.82","190.02","186.07","","-0.18%"
"08/24/2015","186.75","191.72","191.72","183.63","","-2.48%"
"08/21/2015","191.49","193.62","193.80","191.31","","-1.06%"
"08/20/2015","193.55","194.11","194.58","193.27","","-0.26%"
"08/19/2015","194.06","194.83","195.07","194.00","","-0.35%"
"08/18/2015","194.74","193.86","195.32","193.51","","0.50%"
"08/17/2015","193.78","194.52","195.21","193.76","","-0.33%"
"08/14/2015","194.42","194.24","194.66","193.83","","0.12%"
"08/13/2015","194.19","193.93","194.78","193.68","","0.15%"
"08/12/2015","193.90","194.87","195.08","193.43","","-0.47%"
"08/11/2015","194.81","194.26","195.04","193.95","","0.30%"
"08/10/2015","194.22","192.41","194.50","192.30","","0.91%"
"08/07/2015","192.46","193.50","193.82","191.96","","-0.52%"
"08/06/2015","193.46","194.88","195.31","193.11","","-0.69%"
"08/05/2015","194.81","193.59","195.27","193.18","","0.65%"
"08/04/2015","193.56","193.33","193.88","193.02","","0.16%"
"08/03/2015","193.26","193.71","194.28","193.02","","-0.17%"
"07/31/2015","193.59","193.69","194.03","193.12","","-0.03%"
"07/30/2015","193.65","193.40","194.63","193.27","","0.16%"
"07/29/2015","193.34","192.89","194.21","192.55","","0.25%"
"07/28/2015","192.86","191.79","193.28","191.44","","0.62%"
"07/27/2015","191.68","192.05","192.27","191.00","","-0.18%"
"07/24/2015","192.02","192.24","192.50","191.64","","-0.08%"
"07/23/2015","192.17","193.58","193.96","191.91","","-0.69%"
"07/22/2015","193.51","192.75","194.02","192.29","","0.42%"
"07/21/2015","192.70","193.43","193.92","192.48","","-0.35%"
"07/20/2015","193.37","193.70","193.99","193.03","","-0.14%"
"07/17/2015","193.65","193.81","194.41","192.90","","-0.05%"
"07/16/2015","193.75","193.53","193.97","193.02","","0.13%"
"07/15/2015","193.50","192.92","193.80","192.65","","0.36%"
"07/14/2015","192.80","191.19","193.00","190.58","","0.87%"
"07/13/2015","191.13","189.48","192.38","189.02","","0.31%"
"07/10/2015","190.54","186.62","190.86","186.49","","2.13%"
"07/09/2015","186.57","185.41","187.39","185.14","","0.65%"
"07/08/2015","185.36","189.46","189.56","184.99","","-2.12%"
"07/07/2015","189.37","191.28","191.58","188.22","","-0.95%"
"07/06/2015","191.19","189.43","191.69","189.20","","0.01%"
"07/03/2015","191.18","192.10","192.55","190.89","","-0.44%"
"07/02/2015","192.02","192.37","193.24","191.91","","-0.13%"
"07/01/2015","192.27","192.46","193.02","191.85","","-0.05%"
"06/30/2015","192.37","192.86","193.06","191.71","","-0.24%"
"06/29/2015","192.83","192.66","193.57","191.40","","-1.14%"
"06/26/2015","195.06","194.66","195.30","193.91","","0.25%"
"06/25/2015","194.58","194.52","194.81","193.45","","0.07%"
"06/24/2015","194.45","194.99","195.92","194.21","","-0.24%"
"06/23/2015","194.92","195.24","195.55","194.55","","-0.12%"
"06/22/2015","195.16","195.12","195.62","194.60","","0.19%"
"06/19/2015","194.79","195.28","195.54","194.58","","-0.23%"
"06/18/2015","195.23","195.42","195.89","194.34","","-0.08%"
"06/17/2015","195.39","193.05","196.08","192.94","","1.25%"
"06/16/2015","192.98","192.55","193.19","192.04","","0.24%"
"06/15/2015","192.51","191.96","192.67","191.37","","0.30%"
"06/12/2015","191.93","191.51","192.26","191.24","","0.27%"
"06/11/2015","191.41","190.52","191.98","190.28","","0.50%"
"06/10/2015","190.46","191.30","191.66","188.95","","-0.41%"
"06/09/2015","191.25","191.08","191.41","189.51","","0.11%"
"06/08/2015","191.04","191.72","191.92","190.67","","-0.40%"
"06/05/2015","191.81","191.08","192.25","190.74","","0.39%"
"06/04/2015","191.07","190.62","191.74","189.84","","0.26%"
"06/03/2015","190.57","190.44","190.85","189.67","","0.11%"
"06/02/2015","190.36","189.68","190.59","189.11","","0.40%"
"06/01/2015","189.60","189.79","190.04","188.52","","-0.07%"
"05/29/2015","189.74","189.86","190.06","188.68","","-0.03%"
"05/28/2015","189.80","189.91","190.73","189.25","","-0.02%"
"05/27/2015","189.84","189.40","190.39","189.21","","0.29%"
"05/26/2015","189.30","188.06","189.72","187.87","","0.70%"
"05/25/2015","187.98","188.04","188.65","187.79","","-0.13%"
"05/22/2015","188.23","189.57","189.71","187.90","","-0.68%"
"05/21/2015","189.52","188.54","190.08","187.94","","0.54%"
"05/20/2015","188.50","187.21","188.66","187.06","","0.71%"
"05/19/2015","187.17","187.82","188.01","185.96","","-0.30%"
"05/18/2015","187.73","187.57","188.32","187.29","","0.12%"
"05/15/2015","187.50","188.01","188.66","187.56","","-0.22%"
"05/14/2015","187.92","187.64","188.57","187.35","","0.19%"
"05/13/2015","187.56","187.77","188.61","187.00","","-0.09%"
"05/12/2015","187.73","187.17","188.41","186.69","","0.35%"
"05/11/2015","187.08","185.02","187.43","184.52","","1.06%"
"05/08/2015","185.12","182.54","186.08","182.52","","1.44%"
"05/07/2015","182.49","182.13","183.03","180.93","","0.24%"
"05/06/2015","182.05","181.96","182.57","181.43","","0.05%"
"05/05/2015","181.95","181.67","182.83","181.43","","0.20%"
"05/04/2015","181.58","182.04","182.39","181.37","","-0.18%"
"05/01/2015","181.91","183.24","184.51","181.77","","-0.69%"
"04/30/2015","183.17","183.80","184.19","182.58","","-0.28%"
"04/29/2015","183.68","182.30","184.17","182.10","","0.78%"
"04/28/2015","182.25","181.40","182.46","180.70","","0.51%"
"04/27/2015","181.33","180.75","181.59","180.21","","0.37%"
"04/24/2015","180.67","180.07","181.06","179.64","","0.37%"
"04/23/2015","180.01","180.33","180.53","179.29","","-0.12%"
"04/22/2015","180.23","178.61","180.45","178.44","","0.95%"
"04/21/2015","178.54","177.68","178.94","177.46","","0.52%"
"04/20/2015","177.61","177.82","178.26","177.19","","-0.14%"
"04/17/2015","177.86","177.73","178.79","177.43","","0.10%"
"04/16/2015","177.69","176.84","178.06","176.53","","0.53%"
"04/15/2015","176.75","176.46","177.02","175.69","","0.22%"
"04/14/2015","176.37","176.31","176.65","174.85","","0.10%"
"04/13/2015","176.19","175.94","176.57","175.34","","0.19%"
"04/10/2015","175.86","177.43","177.57","175.66","","-0.86%"
"04/09/2015","177.38","178.61","179.13","177.09","","-0.66%"
"04/08/2015","178.55","178.10","179.33","177.62","","0.29%"
"04/07/2015","178.04","177.86","179.22","177.70","","0.12%"
"04/06/2015","177.82","177.49","178.32","177.21","","0.19%"
"04/03/2015","177.48","177.52","178.55","177.10","","0.02%"
"04/02/2015","177.44","177.55","177.99","176.75","","-0.02%"
"04/01/2015","177.48","178.00","178.48","176.76","","-0.28%"
"03/31/2015","177.97","177.83","178.35","177.09","","0.10%"
"03/30/2015","177.80","177.26","178.24","176.68","","0.36%"
"03/27/2015","177.16","177.02","177.96","176.69","","0.11%"
"03/26/2015","176.96","177.82","177.99","176.46","","-0.45%"
"03/25/2015","177.76","177.84","178.45","177.53","","-0.03%"
"03/24/2015","177.82","179.02","179.26","177.50","","-0.66%"
"03/23/2015","179.00","179.74","179.76","178.11","","-0.24%"
"03/20/2015","179.43","178.21","180.14","177.92","","0.74%"
"03/19/2015","178.11","179.89","180.19","177.71","","-0.97%"
"03/18/2015","179.85","178.96","181.33","177.13","","0.52%"
"03/17/2015","178.92","179.93","180.17","178.54","","-0.53%"
"03/16/2015","179.87","179.04","180.24","178.79","","0.51%"
"03/13/2015","178.95","180.50","180.81","178.22","","-0.85%"
"03/12/2015","180.48","181.32","181.82","180.16","","-0.42%"
"03/11/2015","181.25","182.50","183.19","180.78","","-0.67%"
"03/10/2015","182.48","183.29","183.94","182.33","","-0.44%"
"03/09/2015","183.28","181.71","183.63","181.51","","0.89%"
"03/06/2015","181.67","183.10","183.31","181.45","","-0.77%"
"03/05/2015","183.08","182.68","183.76","182.36","","0.25%"
"03/04/2015","182.62","183.92","184.05","182.52","","-0.69%"
"03/03/2015","183.88","184.60","184.78","183.63","","-0.35%"
"03/02/2015","184.53","184.59","184.99","184.14","","0.05%"
"02/27/2015","184.43","183.99","185.05","183.52","","0.26%"
"02/26/2015","183.95","184.57","185.09","183.57","","-0.31%"
"02/25/2015","184.52","183.88","184.72","183.51","","0.38%"
"02/24/2015","183.83","183.66","184.85","183.51","","0.12%"
"02/23/2015","183.61","183.26","184.07","182.58","","0.20%"
"02/20/2015","183.25","183.33","183.71","181.64","","-0.03%"
"02/19/2015","183.31","183.35","184.07","183.06","","0.02%"
"02/18/2015","183.28","183.11","184.27","182.58","","0.13%"
"02/17/2015","183.05","182.02","183.42","181.56","","0.59%"
"02/16/2015","181.98","182.91","183.30","181.51","","-0.44%"
"02/13/2015","182.79","183.23","183.40","182.51","","-0.22%"
"02/12/2015","183.20","183.55","184.21","181.20","","-0.17%"
"02/11/2015","183.52","182.18","184.01","181.98","","0.76%"
"02/10/2015","182.14","180.51","182.31","180.24","","0.92%"
"02/09/2015","180.48","181.73","181.81","180.14","","-0.47%"
"02/06/2015","181.33","180.18","181.85","179.18","","0.70%"
"02/05/2015","180.07","178.05","180.45","177.72","","1.16%"
"02/04/2015","178.01","178.32","179.32","177.60","","-0.15%"
"02/03/2015","178.28","176.90","178.44","175.49","","0.83%"
"02/02/2015","176.82","177.20","177.75","176.02","","-0.07%"
"01/30/2015","176.94","178.24","178.61","176.11","","-0.68%"
"01/29/2015","178.16","177.96","178.98","177.68","","0.17%"
"01/28/2015","177.86","179.13","179.41","177.65","","-0.70%"
"01/27/2015","179.12","178.65","179.47","177.84","","0.29%"
"01/26/2015","178.60","176.55","178.97","175.75","","1.21%"
"01/23/2015","176.46","177.85","178.58","176.14","","-0.76%"
"01/22/2015","177.81","178.62","179.27","177.19","","-0.43%"
"01/21/2015","178.57","179.94","180.03","177.06","","-0.73%"
"01/20/2015","179.88","177.67","180.32","177.51","","1.27%"
"01/19/2015","177.62","178.21","178.45","177.00","","-0.30%"
"01/16/2015","178.16","176.43","178.38","175.87","","0.99%"
"01/15/2015","176.42","178.75","179.63","176.44","","-1.28%"
"01/14/2015","178.70","178.79","178.97","176.84","","-0.02%"
"01/13/2015","178.74","179.56","180.13","178.10","","-0.43%"
"01/12/2015","179.52","179.66","180.58","179.00","","-0.06%"
"01/09/2015","179.62","180.55","180.96","179.47","","-0.50%"
"01/08/2015","180.52","180.20","180.98","179.97","","0.20%"
"01/07/2015","180.16","179.41","180.67","178.97","","0.45%"
"01/06/2015","179.36","182.45","182.50","179.24","","-1.67%"
"01/05/2015","182.41","184.67","184.89","181.73","","-1.21%"
"01/02/2015","184.65","186.24","187.36","184.36","","-0.82%"
"01/01/2015","186.17","186.46","186.50","186.01","","-0.11%"
"12/31/2014","186.38","185.91","187.02","185.69","","0.29%"
"12/30/2014","185.84","187.22","187.36","184.95","","-0.70%"
"12/29/2014","187.15","187.23","187.83","187.04","","-0.05%"
"12/26/2014","187.25","186.61","187.50","186.61","","0.36%"
"12/25/2014","186.57","187.50","187.51","186.49","","-0.46%"
"12/24/2014","187.44","187.37","187.52","186.61","","0.08%"
"12/23/2014","187.29","187.17","187.52","186.47","","0.09%"
"12/22/2014","187.13","186.64","187.61","186.51","","0.20%"
"12/19/2014","186.75","186.23","187.29","186.03","","0.31%"
"12/18/2014","186.17","184.80","186.77","184.41","","0.76%"
"12/17/2014","184.77","183.33","185.06","183.16","","0.81%"
"12/16/2014","183.29","184.25","185.12","181.59","","-0.49%"
"12/15/2014","184.20","186.86","187.18","183.83","","-1.33%"
"12/12/2014","186.68","186.66","187.39","185.59","","0.02%"
"12/11/2014","186.65","185.12","187.79","184.95","","0.85%"
"12/10/2014","185.08","187.58","187.89","184.94","","-1.31%"
"12/09/2014","187.54","188.93","189.24","185.19","","-0.69%"
"12/08/2014","188.85","189.32","189.71","188.40","","-0.17%"
"12/05/2014","189.17","187.74","189.75","187.30","","0.77%"
"12/04/2014","187.72","187.91","188.29","187.56","","-0.07%"
"12/03/2014","187.86","186.42","188.23","186.23","","0.81%"
"12/02/2014","186.35","186.24","186.98","186.02","","0.08%"
"12/01/2014","186.20","185.76","186.37","185.05","","0.33%"
"11/28/2014","185.58","185.22","185.95","185.20","","0.22%"
"11/27/2014","185.18","185.92","186.00","184.99","","-0.38%"
"11/26/2014","185.88","185.32","186.16","184.76","","0.31%"
"11/25/2014","185.30","185.78","186.13","184.51","","-0.23%"
"11/24/2014","185.73","184.45","186.00","184.04","","0.73%"
"11/21/2014","184.39","185.51","185.74","183.96","","-0.59%"
"11/20/2014","185.49","184.99","186.16","184.87","","0.27%"
"11/19/2014","184.99","182.69","185.12","182.50","","1.28%"
"11/18/2014","182.66","182.44","183.36","182.21","","0.13%"
"11/17/2014","182.42","182.35","183.41","181.08","","0.14%"
"11/14/2014","182.16","181.87","182.69","181.60","","0.20%"
"11/13/2014","181.80","182.26","182.83","181.51","","-0.22%"
"11/12/2014","182.20","184.32","184.70","181.96","","-1.13%"
"11/11/2014","184.28","181.96","184.44","181.74","","1.30%"
"11/10/2014","181.92","181.88","182.30","181.06","","0.08%"
"11/07/2014","181.77","182.40","183.03","181.20","","-0.32%"
"11/06/2014","182.35","183.16","184.34","181.84","","-0.42%"
"11/05/2014","183.11","181.80","183.44","181.48","","0.75%"
"11/04/2014","181.75","182.16","182.18","181.11","","-0.20%"
"11/03/2014","182.11","179.93","182.55","179.65","","1.39%"
"10/31/2014","179.62","174.75","179.87","174.65","","2.82%"
"10/30/2014","174.70","174.37","175.20","173.97","","0.22%"
"10/29/2014","174.31","174.46","174.71","173.68","","-0.07%"
"10/28/2014","174.43","173.81","174.80","173.67","","0.37%"
"10/27/2014","173.79","174.04","174.39","173.37","","-0.11%"
"10/24/2014","173.98","173.56","174.06","172.95","","0.28%"
"10/23/2014","173.50","171.97","173.70","171.69","","0.90%"
"10/22/2014","171.96","172.38","172.72","171.05","","-0.21%"
"10/21/2014","172.32","172.88","172.99","171.77","","-0.30%"
"10/20/2014","172.84","172.18","173.04","172.13","","0.50%"
"10/17/2014","171.98","171.06","172.10","170.18","","0.55%"
"10/16/2014","171.04","169.71","171.24","168.45","","0.83%"
"10/15/2014","169.64","170.26","171.18","168.01","","-0.35%"
"10/14/2014","170.23","171.90","172.52","169.91","","-0.92%"
"10/13/2014","171.81","173.03","173.08","171.72","","-0.72%"
"10/10/2014","173.05","173.83","174.05","172.71","","-0.43%"
"10/09/2014","173.80","174.77","175.04","173.57","","-0.53%"
"10/08/2014","174.73","173.89","174.99","173.42","","0.51%"
"10/07/2014","173.84","174.97","175.19","173.67","","-0.63%"
"10/06/2014","174.94","175.13","175.40","174.45","","-0.14%"
"10/03/2014","175.18","175.05","175.96","174.95","","0.10%"
"10/02/2014","175.00","176.27","176.69","174.28","","-0.68%"
"10/01/2014","176.20","177.79","178.18","176.17","","-0.87%"
"09/30/2014","177.75","177.82","178.15","177.34","","-0.01%"
"09/29/2014","177.76","177.55","178.22","177.23","","0.14%"
"09/26/2014","177.51","177.48","178.17","177.15","","0.06%"
"09/25/2014","177.41","178.14","178.54","177.11","","-0.39%"
"09/24/2014","178.10","178.46","178.54","177.62","","-0.17%"
"09/23/2014","178.41","178.07","178.77","176.61","","0.20%"
"09/22/2014","178.06","177.64","178.38","177.52","","0.30%"
"09/19/2014","177.53","178.23","180.75","177.44","","-0.40%"
"09/18/2014","178.25","176.42","178.40","176.16","","1.08%"
"09/17/2014","176.35","174.38","176.47","174.12","","1.15%"
"09/16/2014","174.34","173.97","174.51","172.99","","0.24%"
"09/15/2014","173.93","174.54","174.66","173.80","","-0.37%"
"09/12/2014","174.57","174.11","174.70","173.67","","0.28%"
"09/11/2014","174.08","173.23","174.27","172.76","","0.53%"
"09/10/2014","173.17","171.05","173.31","170.98","","1.27%"
"09/09/2014","171.00","170.77","171.57","170.51","","0.16%"
"09/08/2014","170.73","170.24","171.14","169.32","","-0.47%"
"09/05/2014","171.54","171.93","172.28","170.95","","-0.20%"
"09/04/2014","171.89","172.53","172.81","171.74","","-0.35%"
"09/03/2014","172.49","173.10","173.40","172.36","","-0.32%"
"09/02/2014","173.04","173.31","173.99","173.00","","-0.14%"
"09/01/2014","173.29","172.68","173.46","172.67","","0.35%"
"08/29/2014","172.69","172.04","172.88","171.92","","0.41%"
"08/28/2014","171.98","172.20","172.35","171.65","","-0.09%"
"08/27/2014","172.13","172.15","172.58","172.04","","0.02%"
"08/26/2014","172.09","172.51","172.63","172.08","","-0.21%"
"08/25/2014","172.45","173.02","173.08","172.29","","0.15%"
"08/22/2014","172.19","172.20","172.66","171.59","","0.05%"
"08/21/2014","172.11","172.19","172.44","171.85","","-0.01%"
"08/20/2014","172.13","171.00","172.34","170.93","","0.68%"
"08/19/2014","170.96","171.58","171.69","170.69","","-0.34%"
"08/18/2014","171.54","171.13","171.72","170.90","","0.40%"
"08/15/2014","170.85","170.95","171.49","170.42","","-0.03%"
"08/14/2014","170.90","170.95","171.27","170.63","","0.01%"
"08/13/2014","170.88","171.93","172.61","170.83","","-0.59%"
"08/12/2014","171.90","171.56","172.01","171.35","","0.22%"
"08/11/2014","171.52","171.23","171.66","171.21","","0.22%"
"08/08/2014","171.14","171.86","171.97","170.67","","-0.38%"
"08/07/2014","171.80","172.09","172.66","171.68","","-0.15%"
"08/06/2014","172.05","173.24","173.32","171.57","","-0.67%"
"08/05/2014","173.21","173.01","173.55","172.75","","0.14%"
"08/04/2014","172.97","172.57","173.04","172.43","","0.22%"
"08/01/2014","172.59","173.59","173.89","172.37","","-0.55%"
"07/31/2014","173.55","173.87","174.04","173.37","","-0.16%"
"07/30/2014","173.83","173.05","174.26","172.89","","0.48%"
"07/29/2014","173.00","173.00","173.25","172.69","","0.02%"
"07/28/2014","172.96","172.72","173.13","172.69","","0.09%"
"07/25/2014","172.81","172.95","173.20","172.64","","-0.06%"
"07/24/2014","172.91","172.97","173.11","172.62","","-0.01%"
"07/23/2014","172.93","173.15","173.38","172.58","","-0.11%"
"07/22/2014","173.12","173.16","173.52","172.96","","0.01%"
"07/21/2014","173.11","173.30","173.30","172.78","","-0.01%"
"07/18/2014","173.12","173.02","173.64","172.65","","0.10%"
"07/17/2014","172.95","174.26","174.33","172.97","","-0.73%"
"07/16/2014","174.22","174.32","174.47","174.00","","-0.04%"
"07/15/2014","174.29","173.49","174.60","173.27","","0.49%"
"07/14/2014","173.44","173.64","174.06","173.33","","-0.06%"
"07/11/2014","173.55","173.61","173.85","173.18","","-0.02%"
"07/10/2014","173.58","174.40","174.47","172.94","","-0.44%"
"07/09/2014","174.34","174.02","174.44","173.78","","0.20%"
"07/08/2014","173.99","174.46","174.60","173.71","","-0.22%"
"07/07/2014","174.38","175.22","175.29","174.25","","-0.46%"
"07/04/2014","175.18","175.30","175.39","174.82","","-0.05%"
"07/03/2014","175.27","174.74","175.41","174.47","","0.34%"
"07/02/2014","174.67","174.12","174.84","173.98","","0.33%"
"07/01/2014","174.09","173.32","174.33","173.25","","0.48%"
"06/30/2014","173.26","172.74","173.45","172.35","","0.35%"
"06/27/2014","172.65","173.23","173.25","172.44","","-0.32%"
"06/26/2014","173.20","173.03","173.48","172.59","","0.12%"
"06/25/2014","172.99","173.21","173.25","172.70","","-0.12%"
"06/24/2014","173.19","173.60","173.76","172.93","","-0.20%"
"06/23/2014","173.54","173.71","173.90","173.15","","-0.03%"
"06/20/2014","173.60","173.70","174.13","173.52","","-0.01%"
"06/19/2014","173.61","173.21","173.83","173.00","","0.25%"
"06/18/2014","173.17","173.30","173.82","172.89","","-0.05%"
"06/17/2014","173.26","172.98","173.49","172.82","","0.19%"
"06/16/2014","172.93","173.17","173.32","172.69","","-0.10%"
"06/13/2014","173.11","172.21","173.39","172.10","","0.55%"
"06/12/2014","172.17","171.38","172.29","171.01","","0.49%"
"06/11/2014","171.33","171.53","171.83","170.95","","-0.09%"
"06/10/2014","171.49","172.28","172.38","171.33","","-0.43%"
"06/09/2014","172.23","172.22","172.57","171.98","","0.05%"
"06/06/2014","172.15","172.27","172.55","171.80","","-0.03%"
"06/05/2014","172.20","171.96","172.36","171.58","","0.15%"
"06/04/2014","171.95","171.69","172.11","171.33","","0.16%"
"06/03/2014","171.68","171.46","171.86","171.25","","0.16%"
"06/02/2014","171.40","170.68","171.65","170.44","","0.54%"
"05/30/2014","170.48","170.15","170.75","169.77","","0.20%"
"05/29/2014","170.14","170.20","170.26","169.52","","-0.01%"
"05/28/2014","170.16","171.45","171.56","169.87","","-0.72%"
"05/27/2014","171.40","171.72","172.02","171.26","","-0.16%"
"05/26/2014","171.67","171.67","171.85","171.45","","0.02%"
"05/23/2014","171.64","171.63","171.83","171.25","","0.03%"
"05/22/2014","171.58","171.32","171.90","171.20","","0.18%"
"05/21/2014","171.27","170.62","171.51","169.81","","0.40%"
"05/20/2014","170.59","170.67","170.98","170.35","","-0.01%"
"05/19/2014","170.61","170.71","171.01","170.01","","-0.02%"
"05/16/2014","170.64","170.55","171.08","170.21","","0.09%"
"05/15/2014","170.49","170.84","171.08","170.15","","-0.18%"
"05/14/2014","170.80","172.06","172.41","170.57","","-0.72%"
"05/13/2014","172.04","172.30","172.78","171.90","","-0.11%"
"05/12/2014","172.23","171.46","172.55","171.38","","0.36%"
"05/09/2014","171.61","172.16","172.33","171.19","","-0.28%"
"05/08/2014","172.10","172.79","172.89","171.85","","-0.37%"
"05/07/2014","172.74","172.64","173.02","172.13","","0.10%"
"05/06/2014","172.56","172.26","172.99","172.18","","0.19%"
"05/05/2014","172.23","172.33","172.63","171.75","","-0.06%"
"05/02/2014","172.33","172.87","173.50","172.33","","-0.29%"
"05/01/2014","172.83","172.54","172.97","172.36","","0.20%"
"04/30/2014","172.48","172.71","172.79","171.91","","-0.09%"
"04/29/2014","172.64","172.29","172.96","172.21","","0.23%"
"04/28/2014","172.24","171.61","172.61","171.25","","0.35%"
"04/25/2014","171.64","171.95","172.31","171.36","","-0.15%"
"04/24/2014","171.89","172.10","172.22","171.46","","-0.09%"
"04/23/2014","172.05","172.64","172.83","171.33","","-0.31%"
"04/22/2014","172.59","172.32","172.79","171.99","","0.18%"
"04/21/2014","172.28","172.23","172.53","171.92","","0.12%"
"04/18/2014","172.07","171.95","172.21","171.77","","0.09%"
"04/17/2014","171.91","171.73","172.16","171.45","","0.13%"
"04/16/2014","171.69","170.55","172.14","170.25","","0.71%"
"04/15/2014","170.48","170.38","170.70","169.65","","0.09%"
"04/14/2014","170.32","170.10","170.55","169.57","","0.18%"
"04/11/2014","170.01","170.41","170.95","169.49","","-0.21%"
"04/10/2014","170.36","171.27","171.67","170.06","","-0.51%"
"04/09/2014","171.23","170.52","171.35","170.45","","0.45%"
"04/08/2014","170.46","171.26","171.60","170.00","","-0.43%"
"04/07/2014","171.20","171.22","171.64","170.65","","-0.01%"
"04/04/2014","171.22","172.50","172.60","170.99","","-0.72%"
"04/03/2014","172.46","172.72","173.20","172.13","","-0.11%"
"04/02/2014","172.65","172.32","173.04","172.27","","0.18%"
"04/01/2014","172.34","171.97","172.55","171.72","","0.23%"
"03/31/2014","171.94","171.22","172.16","170.96","","0.53%"
"03/28/2014","171.03","169.72","171.35","169.52","","0.78%"
"03/27/2014","169.70","169.26","170.37","168.63","","0.28%"
"03/26/2014","169.23","169.04","169.72","168.88","","0.14%"
"03/25/2014","168.99","168.68","169.31","168.36","","0.21%"
"03/24/2014","168.64","168.59","169.47","168.14","","0.07%"
"03/21/2014","168.52","169.03","169.16","168.09","","-0.26%"
"03/20/2014","168.96","169.26","169.75","168.68","","-0.18%"
"03/19/2014","169.26","168.33","169.73","168.06","","0.58%"
"03/18/2014","168.29","169.30","169.65","167.75","","-0.57%"
"03/17/2014","169.26","168.66","169.64","168.41","","0.36%"
"03/14/2014","168.66","169.31","169.40","167.92","","-0.37%"
"03/13/2014","169.28","170.79","171.64","168.70","","-0.86%"
"03/12/2014","170.75","171.20","171.49","170.15","","-0.22%"
"03/11/2014","171.13","171.89","172.16","170.93","","-0.42%"
"03/10/2014","171.85","172.64","172.90","171.52","","-0.41%"
"03/07/2014","172.56","172.55","173.61","172.01","","0.04%"
"03/06/2014","172.49","171.07","172.86","170.97","","0.86%"
"03/05/2014","171.02","170.33","171.44","170.13","","0.43%"
"03/04/2014","170.29","169.08","170.55","168.94","","0.75%"
"03/03/2014","169.03","170.06","170.17","168.81","","-0.83%"
"02/28/2014","170.44","170.44","171.23","169.37","","0.04%"
"02/27/2014","170.38","170.70","170.87","169.04","","-0.15%"
"02/26/2014","170.64","170.53","170.99","169.93","","0.09%"
"02/25/2014","170.49","170.72","171.12","170.06","","-0.13%"
"02/24/2014","170.72","170.46","170.89","169.84","","0.23%"
"02/21/2014","170.33","170.28","171.77","170.13","","0.04%"
"02/20/2014","170.26","170.68","170.81","169.22","","-0.22%"
"02/19/2014","170.63","170.77","171.20","169.58","","-0.07%"
"02/18/2014","170.75","170.36","171.93","170.26","","0.28%"
"02/17/2014","170.28","170.48","171.11","169.92","","-0.07%"
"02/14/2014","170.40","170.21","170.64","169.12","","0.15%"
"02/13/2014","170.15","170.16","170.46","169.21","","0.02%"
"02/12/2014","170.12","168.85","170.26","168.31","","0.78%"
"02/11/2014","168.81","167.71","169.13","167.49","","0.68%"
"02/10/2014","167.67","167.88","168.46","167.18","","-0.14%"
"02/07/2014","167.91","166.66","168.07","166.13","","0.79%"
"02/06/2014","166.59","165.47","166.85","165.02","","0.71%"
"02/05/2014","165.41","165.95","166.20","163.96","","-0.31%"
"02/04/2014","165.92","164.68","166.06","163.88","","0.79%"
"02/03/2014","164.62","167.86","168.26","164.28","","-1.81%"
"01/31/2014","167.66","169.33","169.77","167.56","","-0.96%"
"01/30/2014","169.29","169.45","169.83","168.16","","-0.05%"
"01/29/2014","169.38","170.71","171.49","168.70","","-0.75%"
"01/28/2014","170.66","170.08","171.32","169.90","","0.36%"
"01/27/2014","170.05","168.59","170.57","167.78","","0.88%"
"01/24/2014","168.57","171.81","172.37","168.55","","-1.86%"
"01/23/2014","171.77","173.23","173.68","171.21","","-0.83%"
"01/22/2014","173.21","171.88","173.33","171.33","","0.80%"
"01/21/2014","171.83","171.18","172.41","171.05","","0.41%"
"01/20/2014","171.12","171.31","171.51","170.31","","-0.08%"
"01/17/2014","171.25","170.65","171.90","170.16","","0.36%"
"01/16/2014","170.63","171.19","171.82","170.17","","-0.29%"
"01/15/2014","171.13","171.34","171.62","170.42","","-0.09%"
"01/14/2014","171.28","168.75","171.48","168.71","","1.53%"
"01/13/2014","168.70","171.56","171.67","168.34","","-1.68%"
"01/10/2014","171.58","172.81","173.07","171.21","","-0.67%"
"01/09/2014","172.73","172.47","173.15","172.17","","0.16%"
"01/08/2014","172.45","171.61","172.89","171.47","","0.52%"
"01/07/2014","171.55","170.98","171.76","170.82","","0.35%"
"01/06/2014","170.95","172.13","172.28","170.40","","-0.63%"
"01/03/2014","172.04","172.45","172.55","171.07","","-0.17%"
"01/02/2014","172.34","174.36","174.89","171.81","","-1.12%"
"01/01/2014","174.29","174.38","174.61","174.00","","-0.02%"