"Date","Price","Open","High","Low","Vol.","Change %"
"12/31/2025","24.2682","24.2381","24.2882","24.1011","","0.13%"
"12/30/2025","24.2362","24.2975","24.3290","24.1282","","-0.21%"
"12/29/2025","24.2865","24.1671","24.3106","24.1135","","0.44%"
"12/26/2025","24.1797","24.2468","24.2790","24.1385","","-0.29%"
"12/25/2025","24.2503","24.2361","24.2746","24.2060","","0.05%"
"12/24/2025","24.2379","24.2135","24.2518","24.1534","","0.15%"
"12/23/2025","24.2006","24.2101","24.2757","24.1442","","-0.04%"
"12/22/2025","24.2111","24.1350","24.2296","24.0972","","0.36%"
"12/19/2025","24.1250","24.0861","24.1508","24.0489","","0.13%"
"12/18/2025","24.0928","24.0838","24.2057","24.0130","","0.02%"
"12/17/2025","24.0888","24.1207","24.1707","23.9325","","-0.10%"
"12/16/2025","24.1140","24.0581","24.1611","24.0243","","0.22%"
"12/15/2025","24.0606","24.1066","24.1500","24.0305","","-0.12%"
"12/12/2025","24.0904","24.1714","24.1871","24.0499","","-0.34%"
"12/11/2025","24.1724","24.3221","24.3727","24.1337","","-0.58%"
"12/10/2025","24.3146","24.1986","24.3275","24.1856","","0.52%"
"12/09/2025","24.1895","24.3204","24.3903","24.1797","","-0.57%"
"12/08/2025","24.3293","24.2150","24.3513","24.1926","","0.42%"
"12/05/2025","24.2269","24.3169","24.3445","24.2108","","-0.32%"
"12/04/2025","24.3042","24.4184","24.4445","24.2875","","-0.46%"
"12/03/2025","24.4177","24.1600","24.4328","24.1372","","1.03%"
"12/02/2025","24.1698","24.1872","24.2234","24.1151","","-0.07%"
"12/01/2025","24.1868","24.2061","24.2764","24.1463","","-0.14%"
"11/28/2025","24.2211","24.2993","24.3454","24.1734","","-0.32%"
"11/27/2025","24.2984","24.2991","24.3425","24.2331","","-0.01%"
"11/26/2025","24.3010","24.2076","24.3218","24.1011","","0.36%"
"11/25/2025","24.2146","24.2430","24.3727","24.1792","","-0.16%"
"11/24/2025","24.2529","24.2137","24.2951","24.1115","","0.25%"
"11/21/2025","24.1920","24.0308","24.2535","24.0056","","0.66%"
"11/20/2025","24.0339","23.9491","24.0901","23.9224","","0.35%"
"11/19/2025","23.9506","24.1176","24.1512","23.9286","","-0.68%"
"11/18/2025","24.1155","24.2402","24.3363","24.0974","","-0.51%"
"11/17/2025","24.2383","24.1077","24.2841","24.0551","","0.54%"
"11/14/2025","24.1093","24.1615","24.2372","24.0313","","-0.20%"
"11/13/2025","24.1577","24.0307","24.2038","23.9785","","0.56%"
"11/12/2025","24.0221","24.0963","24.1239","23.9396","","-0.29%"
"11/11/2025","24.0911","24.2163","24.2538","24.0707","","-0.51%"
"11/10/2025","24.2145","24.2835","24.3072","24.1733","","-0.33%"
"11/07/2025","24.2939","24.4110","24.4339","24.2444","","-0.48%"
"11/06/2025","24.4110","24.2719","24.4665","24.2488","","0.58%"
"11/05/2025","24.2712","24.3238","24.4401","24.2109","","-0.31%"
"11/04/2025","24.3459","24.3103","24.3984","24.2424","","0.18%"
"11/03/2025","24.3029","24.3698","24.4100","24.2430","","-0.47%"
"10/31/2025","24.4184","24.3734","24.4463","24.2933","","0.14%"
"10/30/2025","24.3847","24.3963","24.4862","24.3278","","-0.02%"
"10/29/2025","24.3898","24.4581","24.4902","24.2970","","-0.33%"
"10/28/2025","24.4707","24.5452","24.6109","24.3895","","-0.31%"
"10/27/2025","24.5459","24.5258","24.6078","24.4539","","-0.09%"
"10/24/2025","24.5670","24.5261","24.5940","24.4256","","0.19%"
"10/23/2025","24.5211","24.6102","24.6588","24.4779","","-0.37%"
"10/22/2025","24.6121","24.6508","24.7040","24.4710","","-0.16%"
"10/21/2025","24.6508","24.6481","24.7537","24.6199","","0.01%"
"10/20/2025","24.6472","24.6709","24.7311","24.6095","","-0.07%"
"10/17/2025","24.6633","24.7647","24.9494","24.6542","","-0.44%"
"10/16/2025","24.7734","24.7377","24.8189","24.6437","","0.15%"
"10/15/2025","24.7372","24.6690","24.7802","24.5904","","0.32%"
"10/14/2025","24.6588","24.6256","24.7296","24.5822","","0.13%"
"10/13/2025","24.6260","24.8420","24.8607","24.5445","","-0.87%"
"10/10/2025","24.8420","24.4736","24.8868","24.3828","","1.51%"
"10/09/2025","24.4732","24.5811","24.6095","24.4285","","-0.44%"
"10/08/2025","24.5810","24.7013","24.7357","24.5326","","-0.49%"
"10/07/2025","24.7013","24.7294","24.7585","24.6028","","-0.12%"
"10/06/2025","24.7302","24.7120","24.8424","24.6823","","-0.28%"
"10/03/2025","24.8002","24.7757","24.8356","24.7113","","0.13%"
"10/02/2025","24.7670","24.7674","24.8550","24.7374","","0.00%"
"10/01/2025","24.7674","24.6355","24.7994","24.5883","","0.59%"
"09/30/2025","24.6223","24.6624","24.7070","24.6021","","-0.16%"
"09/29/2025","24.6612","24.6131","24.6892","24.5683","","0.15%"
"09/26/2025","24.6241","24.6515","24.7295","24.5801","","-0.11%"
"09/25/2025","24.6506","24.7808","24.8210","24.5844","","-0.56%"
"09/24/2025","24.7902","24.8331","24.8505","24.7106","","-0.17%"
"09/23/2025","24.8331","24.8043","24.8669","24.7361","","0.12%"
"09/22/2025","24.8043","24.8113","24.9094","24.7635","","0.05%"
"09/19/2025","24.7911","24.8867","24.9169","24.7327","","-0.38%"
"09/18/2025","24.8867","24.9545","25.0034","24.7976","","-0.30%"
"09/17/2025","24.9610","24.9583","25.0787","24.9115","","0.01%"
"09/16/2025","24.9583","24.9827","25.1277","24.9438","","-0.07%"
"09/15/2025","24.9759","24.9995","25.0960","24.9256","","-0.03%"
"09/12/2025","24.9840","25.0644","25.1112","24.9770","","-0.29%"
"09/11/2025","25.0576","25.1627","25.2416","25.0392","","-0.42%"
"09/10/2025","25.1627","25.1889","25.2565","25.1294","","-0.11%"
"09/09/2025","25.1898","25.2760","25.3182","25.1672","","-0.34%"
"09/08/2025","25.2760","25.2678","25.3103","25.2169","","-0.03%"
"09/05/2025","25.2837","25.1681","25.3605","25.1467","","0.46%"
"09/04/2025","25.1690","25.1489","25.2650","25.1233","","0.08%"
"09/03/2025","25.1489","25.0835","25.2007","25.0223","","0.26%"
"09/02/2025","25.0835","25.2483","25.2903","25.0093","","-0.71%"
"09/01/2025","25.2624","25.1923","25.2829","25.1547","","0.27%"
"08/29/2025","25.1933","25.2072","25.2473","25.1005","","-0.06%"
"08/28/2025","25.2072","25.1891","25.2573","25.1360","","0.07%"
"08/27/2025","25.1891","25.1634","25.2828","25.1136","","0.12%"
"08/26/2025","25.1580","25.1275","25.2248","25.0889","","0.12%"
"08/25/2025","25.1266","25.1384","25.2137","25.0486","","-0.15%"
"08/22/2025","25.1634","25.1424","25.2030","25.0618","","0.03%"
"08/21/2025","25.1546","25.2907","25.3314","25.1380","","-0.41%"
"08/20/2025","25.2591","25.3867","25.4265","25.2015","","-0.50%"
"08/19/2025","25.3863","25.3695","25.4869","25.3185","","0.06%"
"08/18/2025","25.3713","25.4003","25.5521","25.3333","","-0.12%"
"08/15/2025","25.4021","25.4396","25.4791","25.3324","","-0.15%"
"08/14/2025","25.4396","25.2905","25.5131","25.2689","","0.58%"
"08/13/2025","25.2927","25.1293","25.3370","25.0697","","0.73%"
"08/12/2025","25.1097","25.0697","25.1735","25.0384","","0.15%"
"08/11/2025","25.0725","24.9641","25.1065","24.9483","","0.33%"
"08/08/2025","24.9911","25.0273","25.0652","24.9056","","-0.12%"
"08/07/2025","25.0206","24.8487","25.1275","24.8183","","0.66%"
"08/06/2025","24.8561","24.9263","24.9742","24.7649","","-0.28%"
"08/05/2025","24.9263","25.1210","25.1770","24.8884","","-0.73%"
"08/04/2025","25.1088","25.0099","25.1685","24.9645","","0.26%"
"08/01/2025","25.0429","24.9321","25.1251","24.8915","","0.45%"
"07/31/2025","24.9317","24.9945","25.0197","24.8298","","-0.29%"
"07/30/2025","25.0032","25.0457","25.1005","24.9222","","-0.17%"
"07/29/2025","25.0448","25.0638","25.1249","24.9822","","-0.05%"
"07/28/2025","25.0571","24.9020","25.1209","24.8680","","0.56%"
"07/25/2025","24.9170","25.0547","25.0874","24.8818","","-0.55%"
"07/24/2025","25.0547","25.1832","25.2197","25.0283","","-0.51%"
"07/23/2025","25.1823","25.2339","25.3024","25.1485","","-0.21%"
"07/22/2025","25.2348","25.1908","25.2551","25.1132","","0.18%"
"07/21/2025","25.1901","25.1211","25.2161","25.0806","","0.24%"
"07/18/2025","25.1296","25.1979","25.2314","25.0993","","-0.24%"
"07/17/2025","25.1912","25.1210","25.2525","25.0754","","0.28%"
"07/16/2025","25.1207","25.1904","25.2411","25.0816","","-0.28%"
"07/15/2025","25.1904","25.1628","25.2871","25.0600","","0.08%"
"07/14/2025","25.1695","25.1717","25.3107","25.1256","","0.02%"
"07/11/2025","25.1656","25.2904","25.3649","25.1258","","-0.49%"
"07/10/2025","25.2904","25.3283","25.4293","25.2342","","-0.12%"
"07/09/2025","25.3215","25.3004","25.3612","25.1962","","0.08%"
"07/08/2025","25.3004","25.3849","25.4375","25.2531","","-0.33%"
"07/07/2025","25.3841","25.3956","25.5637","25.3492","","-0.20%"
"07/04/2025","25.4344","25.4484","25.5201","25.3763","","-0.11%"
"07/03/2025","25.4620","25.6576","25.7155","25.4284","","-0.76%"
"07/02/2025","25.6576","25.7513","25.7961","25.4858","","-0.37%"
"07/01/2025","25.7541","25.7482","25.8527","25.6099","","0.02%"
"06/30/2025","25.7501","25.7865","25.9071","25.7022","","-0.27%"
"06/27/2025","25.8194","25.9462","25.9768","25.8024","","-0.47%"
"06/26/2025","25.9405","25.8652","26.0305","25.8150","","0.30%"
"06/25/2025","25.8642","25.8674","25.9295","25.7393","","-0.03%"
"06/24/2025","25.8715","25.8657","25.9719","25.8007","","0.02%"
"06/23/2025","25.8657","25.7503","25.9417","25.6911","","0.30%"
"06/20/2025","25.7896","25.6375","25.8443","25.5944","","0.59%"
"06/19/2025","25.6374","25.5250","25.6889","25.4731","","0.49%"
"06/18/2025","25.5136","25.5394","25.6185","25.4819","","-0.07%"
"06/17/2025","25.5327","25.7008","25.7560","25.5025","","-0.63%"
"06/16/2025","25.6951","25.7227","25.7661","25.6101","","-0.11%"
"06/13/2025","25.7229","25.7044","25.8447","25.6574","","0.07%"
"06/12/2025","25.7044","25.6171","25.7655","25.6056","","0.34%"
"06/11/2025","25.6183","25.7347","25.7672","25.4980","","-0.45%"
"06/10/2025","25.7347","25.8188","25.8520","25.6692","","-0.27%"
"06/09/2025","25.8034","25.8429","25.9221","25.7794","","-0.19%"
"06/06/2025","25.8537","26.0099","26.0300","25.8262","","-0.56%"
"06/05/2025","26.0006","26.0252","26.1421","25.9691","","-0.07%"
"06/04/2025","26.0185","26.0114","26.0789","25.9455","","0.02%"
"06/03/2025","26.0124","26.0133","26.0744","25.9474","","-0.08%"
"06/02/2025","26.0336","26.1480","26.2506","25.9545","","-0.46%"
"05/30/2025","26.1538","26.0674","26.2086","25.9647","","0.33%"
"05/29/2025","26.0688","26.1420","26.1747","26.0018","","-0.24%"
"05/28/2025","26.1313","26.0238","26.1648","25.9310","","0.40%"
"05/27/2025","26.0280","26.1172","26.1444","25.9389","","-0.32%"
"05/26/2025","26.1111","26.0281","26.1202","25.9792","","0.26%"
"05/23/2025","26.0427","25.9121","26.1713","25.8767","","0.48%"
"05/22/2025","25.9195","25.9916","26.1249","25.8605","","-0.28%"
"05/21/2025","25.9925","25.8194","26.0548","25.7742","","0.67%"
"05/20/2025","25.8194","25.8044","25.8726","25.6954","","0.03%"
"05/19/2025","25.8111","25.8371","26.1165","25.7819","","-0.15%"
"05/16/2025","25.8488","25.9330","26.0387","25.8163","","-0.30%"
"05/15/2025","25.9263","25.7097","25.9732","25.6463","","0.82%"
"05/14/2025","25.7163","25.8462","25.8721","25.6687","","-0.50%"
"05/13/2025","25.8452","25.8836","25.9121","25.7661","","-0.15%"
"05/12/2025","25.8836","25.8156","25.9893","25.6849","","-0.04%"
"05/09/2025","25.8939","25.8772","25.9758","25.8177","","0.05%"
"05/08/2025","25.8813","26.0455","26.1520","25.8363","","-0.60%"
"05/07/2025","26.0368","26.3035","26.3350","26.0234","","-0.99%"
"05/06/2025","26.2968","26.1796","26.4984","26.1416","","0.45%"
"05/05/2025","26.1785","25.9882","26.2063","25.9589","","0.73%"
"05/02/2025","25.9882","26.0474","26.2237","25.9613","","-0.23%"
"05/01/2025","26.0474","26.1471","26.2184","25.9959","","-0.38%"
"04/30/2025","26.1471","26.2191","26.2627","26.0611","","-0.27%"
"04/29/2025","26.2190","26.3176","26.3471","26.2045","","-0.43%"
"04/28/2025","26.3313","25.9480","26.3513","25.9207","","1.36%"
"04/25/2025","25.9785","26.1523","26.2085","25.9524","","-0.61%"
"04/24/2025","26.1383","26.0337","26.1659","25.9957","","0.42%"
"04/23/2025","26.0279","26.1563","26.1827","25.9049","","-0.47%"
"04/22/2025","26.1495","26.4038","26.4321","26.0723","","-0.97%"
"04/21/2025","26.4052","26.2039","26.4549","26.1741","","0.62%"
"04/18/2025","26.2433","26.1413","26.2500","26.1012","","0.39%"
"04/17/2025","26.1413","26.4009","26.4571","26.0783","","-0.95%"
"04/16/2025","26.3910","26.6009","26.7289","26.3515","","-0.79%"
"04/15/2025","26.6019","26.4955","26.6655","26.3525","","0.40%"
"04/14/2025","26.4955","26.5980","26.6803","26.3480","","-0.40%"
"04/11/2025","26.6006","26.5379","26.9604","26.4440","","0.24%"
"04/10/2025","26.5379","25.9578","26.6805","25.9251","","2.23%"
"04/09/2025","25.9578","26.6148","27.0138","25.8443","","-2.46%"
"04/08/2025","26.6122","26.3536","26.6975","26.1552","","1.08%"
"04/07/2025","26.3287","26.3503","26.8666","26.1695","","-0.06%"
"04/04/2025","26.3451","26.1290","26.6290","26.0740","","0.88%"
"04/03/2025","26.1159","26.2855","26.5148","26.0299","","-0.65%"
"04/02/2025","26.2862","26.3038","26.6264","26.2383","","-0.04%"
"04/01/2025","26.2973","26.4461","26.5286","26.2373","","-0.56%"
"03/31/2025","26.4461","26.3462","26.5042","26.2976","","0.26%"
"03/28/2025","26.3778","26.2982","26.5317","26.2359","","0.30%"
"03/27/2025","26.3001","25.9130","26.3799","25.8909","","1.50%"
"03/26/2025","25.9123","25.9624","26.0146","25.8423","","-0.17%"
"03/25/2025","25.9560","25.8964","26.0900","25.8273","","0.25%"
"03/24/2025","25.8900","26.1262","26.1983","25.8791","","-0.97%"
"03/21/2025","26.1424","26.1292","26.2276","26.0163","","0.05%"
"03/20/2025","26.1292","26.0943","26.2577","26.0009","","0.06%"
"03/19/2025","26.1124","25.8909","26.1321","25.8288","","0.86%"
"03/18/2025","25.8909","25.9161","26.0562","25.8700","","-0.10%"
"03/17/2025","25.9161","25.7894","25.9521","25.7446","","0.55%"
"03/14/2025","25.7739","26.0072","26.0603","25.6398","","-0.90%"
"03/13/2025","26.0091","26.1688","26.1896","25.9629","","-0.61%"
"03/12/2025","26.1688","26.2453","26.2745","26.0793","","-0.29%"
"03/11/2025","26.2460","26.2264","26.3791","26.1937","","0.10%"
"03/10/2025","26.2187","26.1373","26.2583","26.0759","","0.20%"
"03/07/2025","26.1667","26.1409","26.2732","26.0930","","0.09%"
"03/06/2025","26.1420","26.3265","26.4096","26.0716","","-0.70%"
"03/05/2025","26.3254","26.3791","26.4562","26.1659","","-0.20%"
"03/04/2025","26.3791","26.2773","26.7312","26.1846","","0.37%"
"03/03/2025","26.2814","25.8594","26.3293","25.7685","","1.70%"
"02/28/2025","25.8419","25.8185","25.9733","25.6707","","0.12%"
"02/27/2025","25.8122","25.8964","25.9689","25.7824","","-0.30%"
"02/26/2025","25.8901","25.9304","26.0345","25.7872","","-0.15%"
"02/25/2025","25.9298","25.8567","26.0031","25.7884","","0.30%"
"02/24/2025","25.8520","25.7999","25.9194","25.7427","","0.13%"
"02/21/2025","25.8182","25.7434","25.8400","25.6626","","0.29%"
"02/20/2025","25.7434","25.7523","25.8034","25.6322","","-0.01%"
"02/19/2025","25.7460","25.5718","25.7710","25.4928","","0.71%"
"02/18/2025","25.5656","25.6208","25.6561","25.4303","","-0.22%"
"02/17/2025","25.6208","25.5563","25.7362","25.5379","","0.25%"
"02/14/2025","25.5563","25.6502","25.6932","25.5304","","-0.37%"
"02/13/2025","25.6502","25.5540","25.7505","25.5266","","0.40%"
"02/12/2025","25.5478","25.6008","25.6675","25.4167","","-0.21%"
"02/11/2025","25.6008","25.4886","25.6199","25.4535","","0.44%"
"02/10/2025","25.4886","25.5056","25.6460","25.4318","","-0.16%"
"02/07/2025","25.5303","25.4387","25.6433","25.4003","","0.36%"
"02/06/2025","25.4387","25.7490","25.7772","25.3939","","-1.19%"
"02/05/2025","25.7459","25.5911","25.9250","25.5372","","0.60%"
"02/04/2025","25.5911","25.3268","25.7148","25.2219","","1.04%"
"02/03/2025","25.3269","25.6324","26.1476","25.2684","","-1.19%"
"01/31/2025","25.6324","25.7527","25.7835","25.4907","","-0.47%"
"01/30/2025","25.7527","25.5437","25.7993","25.4057","","0.81%"
"01/29/2025","25.5468","25.5733","25.6465","25.3711","","-0.10%"
"01/28/2025","25.5733","25.8353","25.8694","25.5097","","-1.01%"
"01/27/2025","25.8343","25.3073","25.9035","25.3073","","2.08%"
"01/24/2025","25.3073","25.1861","25.3356","25.0460","","0.46%"
"01/23/2025","25.1923","25.2571","25.3102","25.0828","","-0.25%"
"01/22/2025","25.2558","25.4876","25.5206","25.2073","","-0.91%"
"01/21/2025","25.4876","25.2563","25.5292","25.2255","","0.87%"
"01/20/2025","25.2685","25.2952","25.4864","25.1574","","-0.12%"
"01/17/2025","25.2982","25.5237","25.5496","25.1995","","-0.88%"
"01/16/2025","25.5237","25.0543","25.5388","25.0207","","1.89%"
"01/15/2025","25.0506","25.0611","25.1607","24.9764","","-0.02%"
"01/14/2025","25.0558","25.2136","25.3114","24.9408","","-0.63%"
"01/13/2025","25.2136","25.2666","25.3574","25.1159","","-0.32%"
"01/10/2025","25.2936","25.2355","25.3630","25.1617","","0.24%"
"01/09/2025","25.2325","25.2037","25.2770","25.0464","","0.10%"
"01/08/2025","25.2078","25.3585","25.4242","25.1114","","-0.60%"
"01/07/2025","25.3596","25.4380","25.5667","25.3086","","-0.31%"
"01/06/2025","25.4389","25.6194","25.7443","25.3568","","-0.73%"
"01/03/2025","25.6249","25.5007","25.7270","25.4305","","0.44%"
"01/02/2025","25.5132","26.0836","26.1188","25.4517","","-2.20%"
"01/01/2025","26.0877","26.0575","26.1221","26.0459","","0.11%"
"12/31/2024","26.0593","25.9233","26.1658","25.8736","","0.52%"
"12/30/2024","25.9243","25.5799","25.9662","25.5374","","1.38%"
"12/27/2024","25.5711","25.3349","25.6570","25.3158","","0.90%"
"12/26/2024","25.3440","25.3238","25.3554","25.1703","","0.10%"
"12/25/2024","25.3175","25.3000","25.3438","25.2440","","0.07%"
"12/24/2024","25.3000","25.2865","25.3647","25.2128","","0.05%"
"12/23/2024","25.2880","25.2416","25.3848","25.1700","","0.21%"
"12/20/2024","25.2340","25.3926","25.4569","25.1996","","-0.64%"
"12/19/2024","25.3970","25.6054","25.8453","25.3727","","-0.84%"
"12/18/2024","25.6123","25.6444","25.7070","25.4906","","-0.13%"
"12/17/2024","25.6463","25.5425","25.8067","25.4922","","0.43%"
"12/16/2024","25.5361","25.4132","25.6275","25.3723","","0.54%"
"12/13/2024","25.3991","25.6395","25.6736","25.3653","","-0.89%"
"12/12/2024","25.6275","25.6782","25.7411","25.5889","","-0.20%"
"12/11/2024","25.6782","25.7646","25.8246","25.6149","","-0.32%"
"12/10/2024","25.7616","25.8026","25.9096","25.6855","","-0.16%"
"12/09/2024","25.8016","25.7228","25.8471","25.6752","","0.25%"
"12/06/2024","25.7362","25.7672","25.8384","25.6632","","-0.12%"
"12/05/2024","25.7662","25.7801","25.8666","25.6877","","-0.05%"
"12/04/2024","25.7791","25.7452","25.8497","25.7062","","0.13%"
"12/03/2024","25.7445","25.8176","25.9101","25.6651","","-0.28%"
"12/02/2024","25.8176","25.9547","26.1176","25.7516","","-0.53%"
"11/29/2024","25.9547","25.9214","26.0926","25.6974","","0.12%"
"11/28/2024","25.9227","26.1134","26.1440","25.5621","","-0.73%"
"11/27/2024","26.1144","25.9674","26.2699","25.9427","","0.59%"
"11/26/2024","25.9605","25.5360","26.1269","25.5066","","1.69%"
"11/25/2024","25.5297","25.6039","25.6946","25.4084","","-0.27%"
"11/22/2024","25.5988","25.7149","25.7504","25.5158","","-0.43%"
"11/21/2024","25.7086","25.6617","25.7873","25.6157","","0.21%"
"11/20/2024","25.6554","25.4828","25.7286","25.4691","","0.65%"
"11/19/2024","25.4889","25.6256","25.7386","25.4380","","-0.55%"
"11/18/2024","25.6303","25.6529","25.8323","25.6033","","-0.13%"
"11/15/2024","25.6641","25.8519","25.9778","25.6437","","-0.66%"
"11/14/2024","25.8355","26.0678","26.2020","25.8289","","-0.89%"
"11/13/2024","26.0678","26.2548","26.2991","26.0172","","-0.71%"
"11/12/2024","26.2548","26.1900","26.3733","26.0767","","0.26%"
"11/11/2024","26.1869","26.0618","26.4924","25.9821","","0.43%"
"11/08/2024","26.0739","25.7329","26.1507","25.6286","","1.35%"
"11/07/2024","25.7269","25.8772","26.1258","25.6282","","-0.58%"
"11/06/2024","25.8771","26.2249","26.7922","25.8285","","-1.33%"
"11/05/2024","26.2249","26.0563","26.4852","26.0309","","0.65%"
"11/04/2024","26.0563","26.3112","26.3142","25.9039","","-0.63%"
"11/01/2024","26.2209","25.8400","26.2503","25.7501","","1.47%"
"10/31/2024","25.8400","26.1255","26.1993","25.6979","","-1.09%"
"10/30/2024","26.1249","26.1189","26.2890","25.9834","","0.00%"
"10/29/2024","26.1261","25.9988","26.1506","25.9100","","0.49%"
"10/28/2024","25.9998","25.9011","26.1200","25.8383","","0.42%"
"10/25/2024","25.8916","25.6940","25.9765","25.6653","","0.76%"
"10/24/2024","25.6953","25.6411","25.8362","25.5805","","0.21%"
"10/23/2024","25.6411","25.9125","26.0405","25.6121","","-1.05%"
"10/22/2024","25.9125","25.9483","25.9737","25.6264","","-0.14%"
"10/21/2024","25.9493","25.9315","26.1657","25.8957","","0.01%"
"10/18/2024","25.9464","25.8210","25.9871","25.6447","","0.50%"
"10/17/2024","25.8180","25.8310","26.0379","25.7940","","-0.03%"
"10/16/2024","25.8245","25.7780","25.9812","25.5675","","0.19%"
"10/15/2024","25.7760","25.2989","25.8266","25.2636","","1.86%"
"10/14/2024","25.3061","25.1763","25.3371","25.0977","","0.46%"
"10/11/2024","25.1903","25.4128","25.4943","25.1597","","-0.87%"
"10/10/2024","25.4122","25.4855","25.6339","25.3901","","-0.29%"
"10/09/2024","25.4849","25.3651","25.5022","25.2713","","0.51%"
"10/08/2024","25.3566","25.2417","25.4683","25.1720","","0.48%"
"10/07/2024","25.2351","25.3010","25.4288","25.1083","","-0.22%"
"10/04/2024","25.2918","25.4045","25.5315","24.9850","","-0.43%"
"10/03/2024","25.4012","25.7599","25.8175","25.3031","","-1.39%"
"10/02/2024","25.7599","26.0609","26.1073","25.6596","","-1.15%"
"10/01/2024","26.0609","26.3618","26.3784","26.0088","","-1.14%"
"09/30/2024","26.3618","26.3480","26.4393","26.1623","","0.01%"
"09/27/2024","26.3598","26.3346","26.4416","26.1127","","0.10%"
"09/26/2024","26.3347","26.1687","26.5073","26.0117","","0.63%"
"09/25/2024","26.1697","25.9143","26.2731","25.8623","","0.96%"
"09/24/2024","25.9203","25.9299","25.9875","25.7640","","-0.01%"
"09/23/2024","25.9233","25.8755","25.9949","25.7489","","0.17%"
"09/20/2024","25.8794","25.6590","25.9354","25.6254","","0.86%"
"09/19/2024","25.6590","25.4889","25.6968","25.3669","","0.67%"
"09/18/2024","25.4879","25.1474","25.6300","25.1000","","1.35%"
"09/17/2024","25.1474","25.4012","25.6409","25.1149","","-1.00%"
"09/16/2024","25.4022","25.2244","25.5912","25.1504","","0.71%"
"09/13/2024","25.2234","25.6390","25.7317","25.1871","","-1.61%"
"09/12/2024","25.6371","25.8291","25.9279","25.5251","","-0.79%"
"09/11/2024","25.8415","26.3008","26.4095","25.7475","","-1.75%"
"09/10/2024","26.3008","25.9974","26.3223","25.9761","","1.16%"
"09/09/2024","25.9983","26.2200","26.2687","25.9175","","-0.90%"
"09/06/2024","26.2350","26.1910","26.4316","26.0412","","0.17%"
"09/05/2024","26.1900","26.2109","26.5584","26.1649","","-0.07%"
"09/04/2024","26.2088","25.9566","26.2414","25.8929","","0.96%"
"09/03/2024","25.9586","26.0709","26.2370","25.8636","","-0.43%"
"09/02/2024","26.0709","25.8838","26.0775","25.7702","","0.66%"
"08/30/2024","25.8989","26.1322","26.1774","25.7434","","-0.92%"
"08/29/2024","26.1382","25.9166","26.2614","25.7998","","0.85%"
"08/28/2024","25.9169","26.2097","26.2555","25.6386","","-1.09%"
"08/27/2024","26.2031","25.5922","26.2588","25.5487","","2.41%"
"08/26/2024","25.5864","25.2503","25.6546","25.2350","","1.35%"
"08/23/2024","25.2465","25.5687","25.6341","25.0727","","-1.27%"
"08/22/2024","25.5707","25.2439","25.5919","25.2199","","1.29%"
"08/21/2024","25.2450","24.7489","25.4553","24.6516","","2.01%"
"08/20/2024","24.7486","24.2601","24.7928","24.2253","","2.01%"
"08/19/2024","24.2619","24.1151","24.4462","24.0871","","0.53%"
"08/16/2024","24.1328","23.9650","24.1955","23.9620","","0.70%"
"08/15/2024","23.9642","24.1078","24.2407","23.9079","","-0.60%"
"08/14/2024","24.1078","24.4530","24.5001","24.0802","","-1.41%"
"08/13/2024","24.4523","24.3553","24.4998","24.1860","","0.40%"
"08/12/2024","24.3553","24.0290","24.3974","23.9792","","1.31%"
"08/09/2024","24.0403","24.0638","24.1281","23.9291","","-0.10%"
"08/08/2024","24.0637","24.4737","24.5784","24.0397","","-1.69%"
"08/07/2024","24.4774","24.8554","24.8810","24.3153","","-1.53%"
"08/06/2024","24.8573","24.7098","24.8980","24.4641","","0.58%"
"08/05/2024","24.7136","24.5622","25.6713","24.5014","","0.68%"
"08/02/2024","24.5469","24.0264","24.5952","24.0036","","2.16%"
"08/01/2024","24.0277","23.9388","24.0473","23.6047","","0.37%"
"07/31/2024","23.9388","24.0845","24.3047","23.7435","","-0.60%"
"07/30/2024","24.0845","23.9627","24.1647","23.8753","","0.51%"
"07/29/2024","23.9631","23.7609","24.0832","23.6366","","0.94%"
"07/26/2024","23.7395","23.7146","23.8087","23.5503","","0.11%"
"07/25/2024","23.7123","23.7115","23.9334","23.5720","","0.01%"
"07/24/2024","23.7102","23.4206","23.8158","23.4045","","1.24%"
"07/23/2024","23.4206","23.1983","23.4783","23.1350","","0.94%"
"07/22/2024","23.2028","23.2978","23.4235","23.0991","","-0.58%"
"07/19/2024","23.3372","23.2549","23.3838","23.0287","","0.35%"
"07/18/2024","23.2558","23.0522","23.4068","22.9802","","0.91%"
"07/17/2024","23.0457","22.9205","23.2240","22.8865","","0.55%"
"07/16/2024","22.9205","23.0057","23.0975","22.8575","","-0.37%"
"07/15/2024","23.0065","22.8993","23.2080","22.8368","","0.47%"
"07/12/2024","22.8993","22.9631","23.0251","22.8603","","-0.31%"
"07/11/2024","22.9708","22.9169","23.1015","22.8766","","0.23%"
"07/10/2024","22.9188","22.9124","22.9423","22.7498","","0.01%"
"07/09/2024","22.9173","23.0667","23.1376","22.8814","","-0.64%"
"07/08/2024","23.0638","23.1600","23.2151","23.0069","","-0.61%"
"07/05/2024","23.2053","23.0851","23.2850","23.0469","","0.51%"
"07/04/2024","23.0869","23.1662","23.2032","23.0475","","-0.35%"
"07/03/2024","23.1671","23.1644","23.2405","23.0947","","0.01%"
"07/02/2024","23.1638","23.2292","23.3561","23.0648","","-0.29%"
"07/01/2024","23.2311","23.1881","23.3570","23.1034","","0.19%"
"06/28/2024","23.1872","23.3063","23.4841","23.0035","","-0.51%"
"06/27/2024","23.3063","23.1491","23.3771","23.0928","","0.68%"
"06/26/2024","23.1491","22.9597","23.2253","22.8946","","0.83%"
"06/25/2024","22.9579","22.7954","23.0699","22.6986","","0.65%"
"06/24/2024","22.8089","22.9402","22.9750","22.6563","","-0.49%"
"06/21/2024","22.9218","23.2537","23.2846","22.8646","","-1.42%"
"06/20/2024","23.2528","23.4335","23.4823","23.1482","","-0.77%"
"06/19/2024","23.4334","23.3963","23.5192","23.3679","","0.15%"
"06/18/2024","23.3973","23.5434","23.5886","23.2071","","-0.62%"
"06/17/2024","23.5434","23.4400","23.6325","23.3573","","0.50%"
"06/14/2024","23.4273","23.4592","23.7418","23.3173","","-0.14%"
"06/13/2024","23.4592","23.9966","24.1142","23.4217","","-2.24%"
"06/12/2024","23.9956","23.6818","24.3873","23.5790","","1.33%"
"06/11/2024","23.6818","23.2258","23.7084","23.1847","","1.96%"
"06/10/2024","23.2258","23.4272","23.7441","23.1717","","-0.73%"
"06/07/2024","23.3967","23.0044","23.4984","22.7074","","1.71%"
"06/06/2024","23.0035","22.4144","23.0484","22.3064","","2.69%"
"06/05/2024","22.4003","22.7962","22.8336","22.3225","","-1.73%"
"06/04/2024","22.7951","22.6634","23.2107","22.4700","","0.59%"
"06/03/2024","22.6621","21.6820","22.7066","21.5715","","4.43%"
"05/31/2024","21.6999","21.6654","21.7538","21.5538","","0.13%"
"05/30/2024","21.6725","21.5530","21.7630","21.5078","","0.56%"
"05/29/2024","21.5523","21.4354","21.6230","21.3437","","0.54%"
"05/28/2024","21.4371","21.2898","21.4805","21.2605","","0.69%"
"05/27/2024","21.2897","21.2626","21.3179","21.2182","","0.12%"
"05/24/2024","21.2640","21.2334","21.3249","21.1957","","0.14%"
"05/23/2024","21.2334","21.1856","21.2910","21.1462","","0.22%"
"05/22/2024","21.1858","21.1496","21.2593","21.1023","","0.17%"
"05/21/2024","21.1494","21.0397","21.1944","20.9963","","0.52%"
"05/20/2024","21.0397","21.0951","21.1497","21.0160","","-0.33%"
"05/17/2024","21.1091","21.1443","21.1813","21.0577","","-0.16%"
"05/16/2024","21.1435","21.1660","21.2241","21.1118","","-0.11%"
"05/15/2024","21.1663","21.2213","21.3496","21.0908","","-0.26%"
"05/14/2024","21.2213","21.1047","21.2456","21.0014","","0.55%"
"05/13/2024","21.1046","21.0119","21.1463","20.9660","","0.46%"
"05/10/2024","21.0074","21.0115","21.0949","20.9395","","-0.01%"
"05/09/2024","21.0097","21.1317","21.1978","20.9939","","-0.53%"
"05/08/2024","21.1215","21.1382","21.2096","21.0626","","-0.07%"
"05/07/2024","21.1356","21.2250","21.2587","21.1231","","-0.34%"
"05/06/2024","21.2068","21.2940","21.3471","21.1745","","-0.40%"
"05/03/2024","21.2914","21.3053","21.3873","21.1857","","0.00%"
"05/02/2024","21.2921","21.3009","21.3437","21.1030","","0.02%"
"05/01/2024","21.2884","21.4085","21.4563","21.2162","","-0.56%"
"04/30/2024","21.4076","21.3623","21.4368","21.2659","","0.20%"
"04/29/2024","21.3657","21.4361","21.6077","21.3415","","-0.33%"
"04/26/2024","21.4358","21.5438","21.6387","21.3743","","-0.45%"
"04/25/2024","21.5335","21.2771","21.6932","21.2496","","1.20%"
"04/24/2024","21.2780","21.1159","21.3342","21.0243","","0.77%"
"04/23/2024","21.1159","21.1630","21.2874","21.0946","","-0.22%"
"04/22/2024","21.1632","21.1591","21.2249","21.0073","","0.02%"
"04/19/2024","21.1591","21.2391","22.2474","21.1220","","-0.37%"
"04/18/2024","21.2382","21.1251","21.4051","21.0950","","0.54%"
"04/17/2024","21.1239","21.2163","21.2814","21.0229","","-0.43%"
"04/16/2024","21.2161","20.8087","21.2737","20.7728","","1.97%"
"04/15/2024","20.8060","20.7205","20.8440","20.6472","","0.42%"
"04/12/2024","20.7189","20.6374","20.8405","20.5617","","0.40%"
"04/11/2024","20.6373","20.6170","20.6929","20.5745","","0.10%"
"04/10/2024","20.6172","20.7601","20.7962","20.5913","","-0.77%"
"04/09/2024","20.7766","20.6509","20.8203","20.5853","","0.61%"
"04/08/2024","20.6509","20.8053","20.8377","20.6275","","-0.70%"
"04/05/2024","20.7957","20.9705","21.0009","20.7076","","-0.83%"
"04/04/2024","20.9708","20.9355","21.0090","20.8883","","0.16%"
"04/03/2024","20.9363","20.8221","20.9460","20.8030","","0.55%"
"04/02/2024","20.8227","20.8565","20.9204","20.8023","","-0.16%"
"04/01/2024","20.8565","20.9119","20.9672","20.8395","","-0.21%"
"03/29/2024","20.9009","20.9938","21.0210","20.8610","","-0.44%"
"03/28/2024","20.9937","20.9102","21.0316","20.8733","","0.40%"
"03/27/2024","20.9110","21.0290","21.0681","20.8472","","-0.49%"
"03/26/2024","21.0147","21.0802","21.1506","21.0014","","-0.28%"
"03/25/2024","21.0727","21.1269","21.1779","21.0588","","-0.29%"
"03/22/2024","21.1334","21.1892","21.2309","21.0452","","-0.26%"
"03/21/2024","21.1893","21.3245","21.3850","21.1581","","-0.63%"
"03/20/2024","21.3245","21.3870","21.4135","21.2415","","-0.29%"
"03/19/2024","21.3870","21.4242","21.5173","21.3659","","-0.15%"
"03/18/2024","21.4185","21.2730","21.4691","21.2472","","0.58%"
"03/15/2024","21.2953","21.2989","21.3501","21.2388","","-0.02%"
"03/14/2024","21.2993","21.3369","21.4038","21.2572","","-0.16%"
"03/13/2024","21.3336","21.4928","21.5209","21.3106","","-0.74%"
"03/12/2024","21.4919","21.5192","21.5760","21.4475","","-0.13%"
"03/11/2024","21.5192","21.6317","21.6660","21.5020","","-0.47%"
"03/08/2024","21.6199","21.6163","21.7131","21.5737","","0.02%"
"03/07/2024","21.6159","21.5001","21.6378","21.4709","","0.54%"
"03/06/2024","21.4995","21.5331","21.5561","21.4441","","-0.15%"
"03/05/2024","21.5323","21.5185","21.5641","21.4928","","0.06%"
"03/04/2024","21.5194","21.5395","21.6039","21.5050","","-0.04%"
"03/01/2024","21.5288","21.5452","21.5735","21.4560","","-0.01%"
"02/29/2024","21.5308","21.6455","21.6794","21.5031","","-0.53%"
"02/28/2024","21.6458","21.6390","21.6794","21.5782","","0.00%"
"02/27/2024","21.6465","21.7036","21.7206","21.5941","","-0.25%"
"02/26/2024","21.7016","21.6766","21.7518","21.6538","","0.07%"
"02/23/2024","21.6869","21.6744","21.7633","21.6347","","0.11%"
"02/22/2024","21.6621","21.5392","21.6968","21.5245","","0.57%"
"02/21/2024","21.5395","21.5410","21.5771","21.4995","","-0.01%"
"02/20/2024","21.5410","21.4674","21.5967","21.4250","","0.28%"
"02/19/2024","21.4799","21.5155","21.5371","21.4468","","-0.14%"
"02/16/2024","21.5095","21.4758","21.5372","21.4215","","0.15%"
"02/15/2024","21.4766","21.4705","21.5191","21.3957","","0.02%"
"02/14/2024","21.4713","21.6547","21.6850","21.4391","","-0.85%"
"02/13/2024","21.6550","21.5581","21.7331","21.5324","","0.45%"
"02/12/2024","21.5579","21.6063","21.6340","21.4926","","-0.16%"
"02/09/2024","21.5920","21.6350","21.6869","21.5515","","-0.20%"
"02/08/2024","21.6349","21.5236","21.6685","21.4832","","0.51%"
"02/07/2024","21.5253","21.4624","21.5806","21.4479","","0.29%"
"02/06/2024","21.4624","21.4688","21.5058","21.4130","","-0.01%"
"02/05/2024","21.4645","21.6416","21.6930","21.4207","","-0.81%"
"02/02/2024","21.6399","21.7642","21.8137","21.6186","","-0.59%"
"02/01/2024","21.7677","21.8466","21.8796","21.6746","","-0.36%"
"01/31/2024","21.8458","21.7927","21.9389","21.6917","","0.30%"
"01/30/2024","21.7801","21.8938","21.9263","21.7439","","-0.52%"
"01/29/2024","21.8938","21.7971","21.9248","21.7490","","0.38%"
"01/26/2024","21.8119","21.8676","21.9224","21.7664","","-0.24%"
"01/25/2024","21.8650","21.9220","22.0005","21.8193","","-0.26%"
"01/24/2024","21.9219","21.9587","22.0055","21.8417","","-0.09%"
"01/23/2024","21.9423","21.8400","22.0202","21.8118","","0.46%"
"01/22/2024","21.8409","21.6850","21.8769","21.6754","","0.64%"
"01/19/2024","21.7020","21.8023","21.8570","21.6684","","-0.46%"
"01/18/2024","21.8016","21.8011","21.8675","21.7473","","0.01%"
"01/17/2024","21.8002","21.7477","22.0082","21.7231","","0.21%"
"01/16/2024","21.7537","21.4883","21.7906","21.4315","","1.24%"
"01/15/2024","21.4883","21.5139","21.5392","21.4476","","-0.12%"
"01/12/2024","21.5131","21.5838","21.6172","21.4530","","-0.35%"
"01/11/2024","21.5880","21.6290","21.7533","21.5585","","-0.19%"
"01/10/2024","21.6292","21.5638","21.6795","21.5386","","0.31%"
"01/09/2024","21.5621","21.4683","21.5942","21.4019","","0.43%"
"01/08/2024","21.4692","21.4737","21.4959","21.3934","","0.00%"
"01/05/2024","21.4686","21.5748","21.6146","21.4404","","-0.48%"
"01/04/2024","21.5723","21.5483","21.6731","21.5354","","0.12%"
"01/03/2024","21.5466","21.4813","21.6024","21.4654","","0.28%"
"01/02/2024","21.4856","21.6073","21.6186","21.4413","","-0.55%"
"01/01/2024","21.6040","21.6089","21.6447","21.5785","","-0.02%"
"12/29/2023","21.6077","21.5827","21.6871","21.4667","","0.12%"
"12/28/2023","21.5827","21.6590","21.6985","21.4978","","-0.35%"
"12/27/2023","21.6582","21.6172","21.6933","21.5231","","0.21%"
"12/26/2023","21.6128","21.6181","21.6389","21.5078","","-0.01%"
"12/25/2023","21.6147","21.5734","21.6401","21.5309","","0.25%"
"12/22/2023","21.5607","21.6105","21.6807","21.5263","","-0.23%"
"12/21/2023","21.6105","21.6717","21.6861","21.5462","","-0.28%"
"12/20/2023","21.6717","21.7325","21.7526","21.5600","","-0.29%"
"12/19/2023","21.7342","21.7022","21.8450","21.6824","","0.14%"
"12/18/2023","21.7048","21.8096","21.9160","21.6773","","-0.48%"
"12/15/2023","21.8096","21.9476","22.1178","21.7848","","-0.63%"
"12/14/2023","21.9475","21.7606","22.1473","21.7261","","0.88%"
"12/13/2023","21.7558","21.7445","21.8813","21.6713","","0.05%"
"12/12/2023","21.7449","21.8224","21.8727","21.7058","","-0.36%"
"12/11/2023","21.8228","21.7718","21.9470","21.7465","","0.20%"
"12/08/2023","21.7796","21.9933","22.0493","21.6996","","-1.03%"
"12/07/2023","22.0055","21.6974","22.0923","21.6800","","1.42%"
"12/06/2023","21.6974","21.8977","21.9184","21.6895","","-0.89%"
"12/05/2023","21.8925","22.0541","22.1690","21.8513","","-0.71%"
"12/04/2023","22.0488","21.8509","22.1193","21.7911","","0.88%"
"12/01/2023","21.8557","21.9449","21.9939","21.7315","","-0.41%"
"11/30/2023","21.9449","21.9443","22.1292","21.8978","","0.02%"
"11/29/2023","21.9408","21.7625","21.9905","21.7398","","0.83%"
"11/28/2023","21.7603","21.6824","21.7953","21.6354","","0.37%"
"11/27/2023","21.6807","21.5541","21.7141","21.5069","","0.51%"
"11/24/2023","21.5703","21.5452","21.6122","21.5123","","0.12%"
"11/23/2023","21.5452","21.4822","21.5973","21.4674","","0.25%"
"11/22/2023","21.4911","21.5611","21.6225","21.3853","","-0.32%"
"11/21/2023","21.5611","21.4070","21.6542","21.3707","","0.74%"
"11/20/2023","21.4037","21.4573","21.5008","21.3581","","-0.31%"
"11/17/2023","21.4694","21.3897","21.4996","21.3093","","0.43%"
"11/16/2023","21.3776","21.4866","21.5350","21.3710","","-0.48%"
"11/15/2023","21.4814","21.6795","21.7088","21.4553","","-0.91%"
"11/14/2023","21.6786","21.6188","21.7491","21.4943","","0.27%"
"11/13/2023","21.6197","21.5611","21.6961","21.5432","","0.23%"
"11/10/2023","21.5699","21.7881","21.8977","21.5395","","-0.99%"
"11/09/2023","21.7863","21.5419","21.8806","21.4323","","1.12%"
"11/08/2023","21.5444","21.4969","21.5837","21.4361","","0.22%"
"11/07/2023","21.4969","21.6631","21.6925","21.4339","","-0.77%"
"11/06/2023","21.6640","21.6073","21.7780","21.5761","","0.20%"
"11/03/2023","21.6211","21.3736","21.6522","21.3008","","1.16%"
"11/02/2023","21.3734","21.5917","21.6675","21.3680","","-1.01%"
"11/01/2023","21.5910","21.9328","21.9879","21.5648","","-1.56%"
"10/31/2023","21.9341","21.9679","22.0133","21.8360","","-0.14%"
"10/30/2023","21.9652","21.9526","22.0169","21.8038","","-0.02%"
"10/27/2023","21.9696","22.0185","22.0495","21.8443","","-0.22%"
"10/26/2023","22.0184","22.1964","22.2689","21.9864","","-0.81%"
"10/25/2023","22.1982","22.1963","22.3246","22.1132","","0.01%"
"10/24/2023","22.1963","22.2238","22.3053","22.0944","","-0.13%"
"10/23/2023","22.2255","22.1762","22.3391","22.1075","","0.20%"
"10/20/2023","22.1820","22.2520","22.4166","22.1076","","-0.31%"
"10/19/2023","22.2502","22.1634","22.3102","22.1070","","0.39%"
"10/18/2023","22.1634","21.9477","22.2421","21.8983","","1.01%"
"10/17/2023","21.9423","21.8494","21.9778","21.7621","","0.40%"
"10/16/2023","21.8538","21.9586","21.9948","21.8015","","-0.50%"
"10/13/2023","21.9639","21.9069","21.9953","21.7466","","0.33%"
"10/12/2023","21.8925","21.9600","22.0346","21.7894","","-0.31%"
"10/11/2023","21.9603","22.0336","22.0883","21.9094","","-0.34%"
"10/10/2023","22.0357","22.2801","22.3743","22.0108","","-1.08%"
"10/09/2023","22.2773","22.2156","22.4813","22.1970","","0.17%"
"10/06/2023","22.2402","22.2624","22.4382","22.1687","","-0.10%"
"10/05/2023","22.2624","21.8020","22.3632","21.7726","","2.17%"
"10/04/2023","21.7903","21.8266","21.9706","21.6627","","-0.18%"
"10/03/2023","21.8287","21.3638","21.8372","21.2676","","2.18%"
"10/02/2023","21.3632","21.2531","21.4481","21.1964","","0.52%"
"09/29/2023","21.2527","21.4354","21.4679","21.1713","","-0.84%"
"09/28/2023","21.4337","21.4492","21.6180","21.3939","","-0.05%"
"09/27/2023","21.4450","21.3320","21.5900","21.2335","","0.51%"
"09/26/2023","21.3355","21.2394","21.3980","21.1640","","0.43%"
"09/25/2023","21.2438","21.0800","21.2977","21.0182","","0.83%"
"09/22/2023","21.0697","21.1983","21.2090","20.9730","","-0.57%"
"09/21/2023","21.1915","21.1037","21.2072","20.9057","","0.43%"
"09/20/2023","21.1007","21.1686","21.1911","21.0356","","-0.33%"
"09/19/2023","21.1703","21.2206","21.2401","21.1208","","-0.24%"
"09/18/2023","21.2216","21.1523","21.2632","21.0942","","0.34%"
"09/15/2023","21.1490","21.2317","21.3000","21.1126","","-0.39%"
"09/14/2023","21.2315","21.4255","21.4592","21.1786","","-0.91%"
"09/13/2023","21.4260","21.5164","21.5638","21.3428","","-0.41%"
"09/12/2023","21.5147","21.6102","21.6964","21.4900","","-0.44%"
"09/11/2023","21.6093","21.9046","22.0427","21.5944","","-1.50%"
"09/08/2023","21.9376","21.9498","21.9867","21.7582","","-0.04%"
"09/07/2023","21.9463","21.9761","22.1307","21.6989","","-0.15%"
"09/06/2023","21.9787","21.8876","22.2070","21.8440","","0.42%"
"09/05/2023","21.8864","21.6907","21.9310","21.5933","","0.90%"
"09/04/2023","21.6908","21.5154","21.7114","21.4693","","0.80%"
"09/01/2023","21.5182","21.5990","21.8164","21.4800","","-0.38%"
"08/31/2023","21.6007","21.2941","21.6531","21.1788","","1.44%"
"08/30/2023","21.2933","21.2381","21.3619","21.1594","","0.26%"
"08/29/2023","21.2375","21.1626","21.2969","21.1077","","0.36%"
"08/28/2023","21.1615","21.0641","21.1723","21.0044","","0.47%"
"08/25/2023","21.0615","21.2054","21.2264","21.0448","","-0.71%"
"08/24/2023","21.2111","21.3767","21.4057","21.1692","","-0.77%"
"08/23/2023","21.3766","21.5353","21.5676","21.2971","","-0.73%"
"08/22/2023","21.5336","21.7220","21.7439","21.5086","","-0.86%"
"08/21/2023","21.7203","21.7149","21.7574","21.6571","","-0.01%"
"08/18/2023","21.7217","21.8118","21.8361","21.6763","","-0.43%"
"08/17/2023","21.8152","21.8221","21.8834","21.7762","","-0.03%"
"08/16/2023","21.8221","21.7850","21.8460","21.7154","","0.17%"
"08/15/2023","21.7850","21.6281","21.8878","21.6133","","0.73%"
"08/14/2023","21.6275","21.5874","21.7041","21.5312","","0.16%"
"08/11/2023","21.5928","21.7211","21.7642","21.5428","","-0.59%"
"08/10/2023","21.7209","21.6951","21.7921","21.5313","","0.10%"
"08/09/2023","21.6985","21.8219","21.8659","21.6820","","-0.57%"
"08/08/2023","21.8219","21.8142","21.9590","21.7398","","0.04%"
"08/07/2023","21.8142","21.7802","21.8574","21.7005","","0.18%"
"08/04/2023","21.7751","22.0474","22.1425","21.7146","","-1.24%"
"08/03/2023","22.0491","21.6450","22.1004","21.5845","","1.86%"
"08/02/2023","21.6458","21.5682","21.7375","21.4423","","0.36%"
"08/01/2023","21.5690","21.4989","21.5963","21.3972","","0.34%"
"07/31/2023","21.4956","21.4444","21.5593","21.4151","","0.22%"
"07/28/2023","21.4485","21.5894","21.6629","21.3850","","-0.65%"
"07/27/2023","21.5894","21.7938","21.8485","21.4492","","-0.95%"
"07/26/2023","21.7972","21.8431","21.9132","21.7300","","-0.24%"
"07/25/2023","21.8496","21.6061","21.8599","21.5493","","1.13%"
"07/24/2023","21.6061","21.8459","21.8956","21.5568","","-1.08%"
"07/21/2023","21.8415","21.7311","21.9333","21.6748","","0.51%"
"07/20/2023","21.7311","21.6234","21.7700","21.5486","","0.50%"
"07/19/2023","21.6234","21.8410","21.8678","21.5636","","-0.98%"
"07/18/2023","21.8385","21.8860","21.9940","21.8261","","-0.18%"
"07/17/2023","21.8777","21.9256","22.1088","21.8522","","-0.24%"
"07/14/2023","21.9296","22.1231","22.1989","21.8924","","-0.87%"
"07/13/2023","22.1225","21.9494","22.2549","21.9207","","0.79%"
"07/12/2023","21.9491","22.0410","22.1233","21.8234","","-0.42%"
"07/11/2023","22.0419","21.9308","22.1237","21.9175","","0.51%"
"07/10/2023","21.9291","22.0088","22.0312","21.8113","","-0.39%"
"07/07/2023","22.0140","21.9633","22.1718","21.8715","","0.23%"
"07/06/2023","21.9627","21.6071","22.1308","21.5767","","1.65%"
"07/05/2023","21.6071","21.6895","21.7123","21.5865","","-0.39%"
"07/04/2023","21.6912","21.6507","21.7094","21.6057","","0.18%"
"07/03/2023","21.6513","21.7265","21.7746","21.6177","","-0.51%"
"06/30/2023","21.7617","21.6124","21.8248","21.5523","","0.74%"
"06/29/2023","21.6013","21.6034","21.6548","21.5153","","-0.01%"
"06/28/2023","21.6028","21.7885","21.8164","21.5426","","-0.81%"
"06/27/2023","21.7799","21.7887","21.8387","21.7233","","-0.04%"
"06/26/2023","21.7896","21.8308","21.8702","21.7428","","-0.20%"
"06/23/2023","21.8325","21.8957","21.9840","21.7754","","-0.33%"
"06/22/2023","21.9042","21.8546","21.9876","21.8322","","0.18%"
"06/21/2023","21.8642","21.9745","22.0640","21.7886","","-0.51%"
"06/20/2023","21.9754","21.8569","21.9920","21.7676","","0.54%"
"06/19/2023","21.8577","21.8948","21.9696","21.8137","","-0.17%"
"06/16/2023","21.8948","21.8843","22.0281","21.8398","","0.03%"
"06/15/2023","21.8877","21.6709","22.0090","21.6217","","1.02%"
"06/14/2023","21.6658","21.7179","21.8078","21.6364","","-0.26%"
"06/13/2023","21.7217","21.6254","21.8053","21.6022","","0.45%"
"06/12/2023","21.6254","21.7187","21.8085","21.5947","","-0.45%"
"06/09/2023","21.7242","21.8175","21.8508","21.7044","","-0.43%"
"06/08/2023","21.8175","21.5972","21.9078","21.5763","","1.01%"
"06/07/2023","21.5990","21.6001","21.6951","21.5335","","-0.01%"
"06/06/2023","21.6009","21.7282","21.7458","21.5774","","-0.59%"
"06/05/2023","21.7282","21.8562","21.8694","21.6492","","-0.60%"
"06/02/2023","21.8585","21.9928","22.0226","21.8014","","-0.61%"
"06/01/2023","21.9922","22.0050","22.0475","21.9223","","-0.06%"
"05/31/2023","22.0051","21.9207","22.0335","21.7979","","0.38%"
"05/30/2023","21.9220","21.7234","21.9543","21.6987","","0.89%"
"05/29/2023","21.7283","21.7625","21.7847","21.6533","","-0.16%"
"05/26/2023","21.7634","22.0018","22.0350","21.7390","","-1.07%"
"05/25/2023","21.9983","22.0108","22.0739","21.9209","","-0.06%"
"05/24/2023","22.0109","22.3119","22.4040","21.9953","","-1.36%"
"05/23/2023","22.3154","22.2563","22.3748","22.1263","","0.28%"
"05/22/2023","22.2536","22.1279","22.3533","22.0582","","0.54%"
"05/19/2023","22.1346","21.9869","22.1552","21.9016","","0.66%"
"05/18/2023","21.9887","21.9739","22.0693","21.9365","","0.07%"
"05/17/2023","21.9739","21.8550","22.0431","21.7374","","0.55%"
"05/16/2023","21.8542","21.8408","21.9373","21.7576","","0.02%"
"05/15/2023","21.8504","21.9061","22.0585","21.8233","","-0.34%"
"05/12/2023","21.9254","21.9956","22.0822","21.8741","","-0.32%"
"05/11/2023","21.9949","22.1609","22.2351","21.9868","","-0.75%"
"05/10/2023","22.1600","22.4318","22.4460","22.1544","","-1.15%"
"05/09/2023","22.4187","22.4555","22.5110","22.3764","","-0.18%"
"05/08/2023","22.4587","22.4603","22.5688","22.4199","","0.09%"
"05/05/2023","22.4385","22.5191","22.6255","22.4101","","-0.37%"
"05/04/2023","22.5217","22.5277","22.7003","22.4223","","-0.03%"
"05/03/2023","22.5277","22.4138","22.5347","22.3776","","0.51%"
"05/02/2023","22.4139","22.4172","22.5526","22.2844","","-0.02%"
"05/01/2023","22.4177","22.6144","22.6493","22.3749","","-0.82%"
"04/28/2023","22.6025","22.5275","22.6880","22.4538","","0.26%"
"04/27/2023","22.5429","22.6240","22.6980","22.4982","","-0.38%"
"04/26/2023","22.6294","22.4293","22.7401","22.3944","","0.88%"
"04/25/2023","22.4314","22.4521","22.5347","22.2738","","-0.09%"
"04/24/2023","22.4521","22.3714","22.4933","22.3674","","0.42%"
"04/21/2023","22.3571","22.4033","22.4195","22.2677","","-0.19%"
"04/20/2023","22.3989","22.4519","22.5472","22.3844","","-0.24%"
"04/19/2023","22.4524","22.4403","22.5656","22.3980","","0.08%"
"04/18/2023","22.4349","22.2978","22.5045","22.2834","","0.61%"
"04/17/2023","22.2982","22.3494","22.4511","22.2643","","-0.30%"
"04/14/2023","22.3659","22.5581","22.7073","22.3496","","-0.85%"
"04/13/2023","22.5582","22.5649","22.7015","22.5144","","-0.02%"
"04/12/2023","22.5631","22.5868","22.6323","22.4352","","-0.10%"
"04/11/2023","22.5868","22.4981","22.6637","22.4701","","0.39%"
"04/10/2023","22.4990","22.4960","22.6026","22.3882","","-0.01%"
"04/07/2023","22.5022","22.6942","22.7229","22.4557","","-0.84%"
"04/06/2023","22.6924","22.8096","22.9513","22.6355","","-0.52%"
"04/05/2023","22.8099","22.6749","22.9230","22.5882","","0.57%"
"04/04/2023","22.6812","22.4210","22.7430","22.4020","","1.16%"
"04/03/2023","22.4209","22.2215","22.5020","22.1203","","0.88%"
"03/31/2023","22.2253","22.4082","22.4728","22.2045","","-0.83%"
"03/30/2023","22.4109","22.2702","22.4757","22.2596","","0.61%"
"03/29/2023","22.2754","22.5092","22.5178","22.2426","","-1.02%"
"03/28/2023","22.5046","22.5364","22.6136","22.4710","","-0.16%"
"03/27/2023","22.5401","22.5304","22.6210","22.4659","","-0.01%"
"03/24/2023","22.5421","22.8089","22.9536","22.5206","","-1.15%"
"03/23/2023","22.8032","22.8379","22.9265","22.6996","","-0.14%"
"03/22/2023","22.8342","22.7169","22.8990","22.5890","","0.51%"
"03/21/2023","22.7188","23.1144","23.1539","22.7098","","-1.70%"
"03/20/2023","23.1116","23.0893","23.4408","22.8834","","0.35%"
"03/17/2023","23.0316","22.6741","23.0870","22.6078","","1.62%"
"03/16/2023","22.6652","22.8965","23.1527","22.6456","","-1.03%"
"03/15/2023","22.9019","22.6117","22.9699","22.5820","","1.30%"
"03/14/2023","22.6089","23.0423","23.2848","22.5928","","-1.88%"
"03/13/2023","23.0423","22.2483","23.1909","22.1108","","3.57%"
"03/10/2023","22.2477","21.8992","22.3214","21.8468","","1.60%"
"03/09/2023","21.8973","21.3026","21.9898","21.2424","","2.83%"
"03/08/2023","21.2949","21.4202","21.4442","21.1945","","-0.61%"
"03/07/2023","21.4249","21.6465","21.6908","21.4038","","-1.01%"
"03/06/2023","21.6429","21.6152","21.7280","21.5685","","0.09%"
"03/03/2023","21.6224","21.6527","21.7257","21.5514","","-0.14%"
"03/02/2023","21.6527","21.7816","21.8119","21.6055","","-0.58%"
"03/01/2023","21.7788","22.0069","22.0742","21.7326","","-1.04%"
"02/28/2023","22.0078","22.1688","22.2690","21.9766","","-0.69%"
"02/27/2023","22.1598","21.9753","22.1990","21.9124","","0.86%"
"02/24/2023","21.9716","22.0745","22.1749","21.9517","","-0.49%"
"02/23/2023","22.0800","22.1075","22.1908","22.0063","","-0.14%"
"02/22/2023","22.1116","22.3650","22.3761","22.1003","","-1.09%"
"02/21/2023","22.3558","22.1380","22.3845","22.0838","","0.99%"
"02/20/2023","22.1371","22.1261","22.2077","22.0564","","0.16%"
"02/17/2023","22.1013","22.2269","22.2907","22.0504","","-0.55%"
"02/16/2023","22.2241","22.3571","22.4269","22.1799","","-0.60%"
"02/15/2023","22.3589","22.5487","22.5714","22.3199","","-0.84%"
"02/14/2023","22.5477","22.5378","22.7675","22.5086","","0.04%"
"02/13/2023","22.5397","22.5260","22.6325","22.4675","","0.19%"
"02/10/2023","22.4971","22.7660","22.7964","22.4756","","-1.17%"
"02/09/2023","22.7633","22.8638","23.1038","22.7081","","-0.44%"
"02/08/2023","22.8638","22.7413","22.9453","22.7235","","0.51%"
"02/07/2023","22.7489","23.0404","23.1064","22.7133","","-1.27%"
"02/06/2023","23.0405","22.8407","23.1702","22.8207","","0.77%"
"02/03/2023","22.8635","22.8149","22.9869","22.7460","","0.21%"
"02/02/2023","22.8149","23.0293","23.0630","22.7520","","-0.93%"
"02/01/2023","23.0295","23.2034","23.2465","23.0033","","-0.76%"
"01/31/2023","23.2062","23.1808","23.2359","23.0579","","0.10%"
"01/30/2023","23.1836","23.2683","23.3105","23.1520","","-0.36%"
"01/27/2023","23.2683","23.3184","23.3520","23.1386","","-0.22%"
"01/26/2023","23.3190","23.3018","23.4008","23.2549","","0.07%"
"01/25/2023","23.3018","23.1730","23.3316","23.0886","190.42K","0.52%"
"01/24/2023","23.1805","23.2790","23.3798","23.1261","191.07K","-0.43%"
"01/23/2023","23.2799","23.4110","23.4810","23.2236","192.24K","-0.50%"
"01/20/2023","23.3978","23.5323","23.5560","23.3224","240.21K","-0.57%"
"01/19/2023","23.5323","23.3304","23.6591","23.2888","279.05K","0.89%"
"01/18/2023","23.3248","22.9393","23.3386","22.8545","273.92K","1.68%"
"01/17/2023","22.9393","22.9097","23.1426","22.8584","257.31K","0.19%"
"01/16/2023","22.8947","22.9481","23.0492","22.8783","184.76K","-0.25%"
"01/13/2023","22.9532","22.9933","23.0764","22.8767","256.20K","-0.17%"
"01/12/2023","22.9913","22.9894","23.0821","22.8871","234.67K","0.02%"
"01/11/2023","22.9856","23.1745","23.2529","22.9422","221.61K","-0.83%"
"01/10/2023","23.1773","23.3408","23.3513","23.1378","270.53K","-0.66%"
"01/09/2023","23.3313","23.1431","23.4349","23.1216","236.51K","0.81%"
"01/06/2023","23.1431","23.0262","23.1925","22.8227","265.25K","0.56%"
"01/05/2023","23.0146","23.3646","23.4253","22.9996","233.30K","-1.50%"
"01/04/2023","23.3656","23.2205","23.4149","23.1961","281.73K","0.62%"
"01/03/2023","23.2205","23.4488","23.5563","23.1628","261.11K","-0.98%"
"01/02/2023","23.4498","23.5738","23.5787","23.4433","33.63K","-0.56%"
"12/30/2022","23.5816","23.4759","23.6285","23.3449","230.38K","0.53%"
"12/29/2022","23.4584","23.3576","23.5076","23.2633","193.30K","0.45%"
"12/28/2022","23.3534","23.4389","23.5784","23.3159","189.63K","-0.33%"
"12/27/2022","23.4311","23.4070","23.4818","23.2632","193.65K","0.10%"
"12/26/2022","23.4070","23.3292","23.4423","23.3104","14.15K","0.17%"
"12/23/2022","23.3674","23.5683","23.5962","23.2950","227.86K","-0.85%"
"12/22/2022","23.5683","23.7484","23.8582","23.4834","233.37K","-0.78%"
"12/21/2022","23.7527","24.0742","24.1041","23.6871","229.20K","-1.35%"
"12/20/2022","24.0773","24.0653","24.2386","23.9042","271.08K","0.10%"
"12/19/2022","24.0524","24.0412","24.1779","23.9898","231.14K","0.11%"
"12/16/2022","24.0264","24.0626","24.2344","24.0073","231.09K","-0.15%"
"12/15/2022","24.0626","24.3786","24.4697","23.9769","253.25K","-1.27%"
"12/14/2022","24.3727","24.1347","24.4894","24.1208","283.47K","1.01%"
"12/13/2022","24.1288","24.3679","24.5466","24.1236","247.71K","-0.99%"
"12/12/2022","24.3704","24.2235","24.4053","24.1450","209.24K","0.54%"
"12/09/2022","24.2407","24.0110","24.4150","23.9942","246.35K","0.96%"
"12/08/2022","24.0110","23.9977","24.1257","23.9282","272.38K","0.06%"
"12/07/2022","23.9957","23.9793","24.1288","23.9387","283.05K","0.05%"
"12/06/2022","23.9832","24.0496","24.3306","23.9244","259.69K","-0.32%"
"12/05/2022","24.0594","23.7829","24.2490","23.7518","268.64K","0.96%"
"12/02/2022","23.8314","23.4451","23.9015","23.3835","258.91K","1.75%"
"12/01/2022","23.4221","23.2296","23.5832","23.2242","285.93K","0.82%"
"11/30/2022","23.2324","22.9854","23.3136","22.9505","297.18K","1.04%"
"11/29/2022","22.9931","23.0914","23.2076","22.8706","235.10K","-0.40%"
"11/28/2022","23.0847","23.3449","23.4098","23.0460","218.09K","-1.31%"
"11/25/2022","23.3918","23.4773","23.5210","23.3287","187.25K","-0.36%"
"11/24/2022","23.4773","23.3440","23.5370","23.3236","214.64K","0.57%"
"11/23/2022","23.3449","23.0985","23.4107","23.0685","209.51K","1.07%"
"11/22/2022","23.0985","23.1103","23.2826","23.0571","226.52K","-0.05%"
"11/21/2022","23.1102","23.1239","23.1520","22.9280","236.23K","-0.05%"
"11/18/2022","23.1210","23.0425","23.2822","23.0120","256.63K","0.34%"
"11/17/2022","23.0435","23.0528","23.1022","22.8728","259.97K","0.00%"
"11/16/2022","23.0441","22.9758","23.0857","22.8649","272.71K","0.34%"
"11/15/2022","22.9652","22.7429","23.1538","22.6985","300.19K","0.95%"
"11/14/2022","22.7487","23.0276","23.1002","22.7107","267.85K","-1.46%"
"11/11/2022","23.0851","22.6297","23.1213","22.5003","292.32K","2.01%"
"11/10/2022","22.6302","22.2373","22.6942","22.2190","288.30K","1.76%"
"11/09/2022","22.2383","22.5385","22.5949","22.1919","272.66K","-1.29%"
"11/08/2022","22.5297","22.3980","22.6007","22.2453","260.14K","0.58%"
"11/07/2022","22.3999","22.2214","22.4571","22.0922","263.13K","0.84%"
"11/04/2022","22.2129","21.9404","22.2400","21.8820","274.81K","1.24%"
"11/03/2022","21.9404","22.4138","22.4583","21.9077","253.84K","-2.09%"
"11/02/2022","22.4092","22.6810","22.7306","22.3858","238.72K","-1.20%"
"11/01/2022","22.6823","22.7242","22.8638","22.5902","233.85K","-0.18%"
"10/31/2022","22.7242","22.9936","23.0440","22.6928","225.78K","-1.21%"
"10/28/2022","23.0025","22.9339","23.0191","22.8587","260.72K","0.27%"
"10/27/2022","22.9398","23.1884","23.3091","22.9230","288.15K","-1.07%"
"10/26/2022","23.1884","22.8077","23.2456","22.7347","272.04K","1.67%"
"10/25/2022","22.8077","22.4915","22.8822","22.4498","248.12K","1.44%"
"10/24/2022","22.4836","22.6240","22.7352","22.4528","301.43K","-0.15%"
"10/21/2022","22.5165","22.5288","22.5539","22.2599","288.93K","-0.05%"
"10/20/2022","22.5287","22.5599","22.7185","22.4663","308.62K","-0.15%"
"10/19/2022","22.5626","22.6763","22.7436","22.5190","288.96K","-0.50%"
"10/18/2022","22.6763","22.7112","22.7886","22.5202","303.10K","-0.19%"
"10/17/2022","22.7201","22.4496","22.8686","22.4408","268.31K","1.27%"
"10/14/2022","22.4352","22.6417","22.6937","22.3846","335.30K","-0.89%"
"10/13/2022","22.6377","22.2022","22.7516","22.1066","297.96K","2.03%"
"10/12/2022","22.1873","22.0267","22.2647","21.9548","322.93K","0.73%"
"10/11/2022","22.0260","22.0761","22.3254","21.9850","309.94K","-0.22%"
"10/10/2022","22.0750","22.2236","22.2505","22.0086","314.92K","-0.63%"
"10/07/2022","22.2153","22.4613","22.5532","22.1650","294.13K","-1.09%"
"10/06/2022","22.4607","22.7336","22.8036","22.3550","321.02K","-1.20%"
"10/05/2022","22.7336","22.9115","22.9457","22.5987","312.47K","-0.78%"
"10/04/2022","22.9117","22.6820","22.9436","22.5922","308.16K","1.02%"
"10/03/2022","22.6799","22.4887","22.7023","22.2938","322.44K","0.85%"
"09/30/2022","22.4893","22.4173","22.5942","22.2075","317.15K","0.30%"
"09/29/2022","22.4214","21.9162","22.4339","21.7544","338.08K","2.27%"
"09/28/2022","21.9243","21.8666","22.2004","21.5496","349.05K","0.25%"
"09/27/2022","21.8696","21.8107","22.0287","21.7308","340.14K","0.26%"
"09/26/2022","21.8127","21.9326","22.1667","21.0414","335.27K","-0.55%"
"09/23/2022","21.9326","22.4577","22.4760","21.8904","296.57K","-2.30%"
"09/22/2022","22.4498","22.5596","22.6043","22.4089","297.02K","-0.50%"
"09/21/2022","22.5627","22.7626","22.7831","22.5028","274.47K","-0.88%"
"09/20/2022","22.7626","22.7819","22.9027","22.7006","220.61K","-0.07%"
"09/19/2022","22.7790","22.8748","22.9472","22.7541","202.70K","-0.42%"
"09/16/2022","22.8748","23.0198","23.0514","22.8378","226.67K","-0.63%"
"09/15/2022","23.0198","23.0267","23.0893","22.9540","244.90K","-0.02%"
"09/14/2022","23.0247","23.0774","23.1958","22.9942","257.32K","-0.23%"
"09/13/2022","23.0774","23.1782","23.3021","23.0533","238.97K","-0.42%"
"09/12/2022","23.1741","23.0608","23.2531","23.0533","183.22K","0.56%"
"09/09/2022","23.0459","22.9706","23.1720","22.9545","241.14K","0.33%"
"09/08/2022","22.9706","23.0298","23.1362","22.9267","238.07K","-0.28%"
"09/07/2022","23.0358","23.1927","23.2097","22.9235","245.96K","-0.65%"
"09/06/2022","23.1866","23.0317","23.2615","23.0267","260.78K","0.69%"
"09/05/2022","23.0267","22.9754","23.0544","22.8575","190.75K","0.31%"
"09/02/2022","22.9565","23.2981","23.3391","22.9435","218.42K","-1.48%"
"09/01/2022","23.3021","23.4088","23.4794","23.2733","249.53K","-0.46%"
"08/31/2022","23.4098","23.4900","23.5506","23.3360","234.66K","-0.34%"
"08/30/2022","23.4902","23.4442","23.5539","23.3325","251.16K","0.20%"
"08/29/2022","23.4442","23.5362","23.5462","23.3834","198.27K","-0.39%"
"08/26/2022","23.5362","23.5860","23.6632","23.4169","190.17K","-0.20%"
"08/25/2022","23.5840","23.4890","23.6143","23.4622","213.19K","0.40%"
"08/24/2022","23.4890","23.6418","23.6668","23.4426","194.62K","-0.65%"
"08/23/2022","23.6424","23.7011","23.7593","23.5593","222.53K","-0.25%"
"08/22/2022","23.7005","23.8402","23.9016","23.6585","217.04K","-0.63%"
"08/19/2022","23.8502","24.0040","24.0735","23.8126","219.49K","-0.66%"
"08/18/2022","24.0090","24.0760","24.1392","23.9872","221.82K","-0.29%"
"08/17/2022","24.0790","24.0812","24.2426","24.0544","208.13K","-0.01%"
"08/16/2022","24.0812","23.9149","24.1766","23.8609","200.50K","0.70%"
"08/15/2022","23.9149","24.0822","24.1842","23.8931","177.50K","-0.69%"
"08/12/2022","24.0802","24.3466","24.3597","24.0534","218.72K","-1.13%"
"08/11/2022","24.3566","24.4933","24.5108","24.3052","225.59K","-0.55%"
"08/10/2022","24.4903","24.4346","24.5941","24.3723","249.55K","0.19%"
"08/09/2022","24.4437","24.4648","24.5799","24.4206","215.84K","-0.09%"
"08/08/2022","24.4648","24.6574","24.6840","24.4425","180.00K","-0.78%"
"08/05/2022","24.6574","24.7377","24.7606","24.5178","214.61K","-0.36%"
"08/04/2022","24.7459","24.8625","24.9191","24.5676","222.73K","-0.48%"
"08/03/2022","24.8655","25.3075","25.3257","24.8089","231.23K","-1.73%"
"08/02/2022","25.3044","24.9629","25.3434","24.8908","257.54K","1.34%"
"08/01/2022","24.9710","24.7765","25.0186","24.7387","216.93K","0.76%"
"07/29/2022","24.7816","24.6828","24.8462","24.4745","222.83K","0.34%"
"07/28/2022","24.6980","24.7848","24.8629","24.6213","250.66K","-0.42%"
"07/27/2022","24.8011","24.6097","24.8156","24.5746","207.09K","0.80%"
"07/26/2022","24.6037","24.6557","24.7086","24.5112","214.30K","-0.22%"
"07/25/2022","24.6576","24.6592","24.7291","24.5658","216.84K","-0.01%"
"07/22/2022","24.6592","24.7458","24.8032","24.5742","222.47K","-0.35%"
"07/21/2022","24.7458","24.5915","24.7857","24.4480","260.02K","0.59%"
"07/20/2022","24.5999","24.6198","24.7284","24.5022","229.01K","-0.06%"
"07/19/2022","24.6147","24.4689","24.6484","24.3859","213.48K","0.62%"
"07/18/2022","24.4637","24.3363","24.5600","24.2875","206.72K","0.48%"
"07/15/2022","24.3474","24.5951","24.7187","24.3295","225.30K","-1.01%"
"07/14/2022","24.5951","24.6507","24.7960","24.5517","240.97K","-0.22%"
"07/13/2022","24.6486","24.7885","24.8996","24.5970","222.15K","-0.56%"
"07/12/2022","24.7885","24.6516","24.8216","24.6184","226.87K","0.51%"
"07/11/2022","24.6620","24.6126","24.7328","24.5052","210.65K","0.20%"
"07/08/2022","24.6126","24.6689","24.7137","24.4536","242.73K","-0.22%"
"07/07/2022","24.6658","24.6313","24.7801","24.5891","237.28K","0.14%"
"07/06/2022","24.6320","24.5399","24.7531","24.4905","265.52K","0.37%"
"07/05/2022","24.5406","24.5445","24.6319","24.3963","249.54K","-0.02%"
"07/04/2022","24.5445","24.5120","24.7034","24.5029","173.82K","0.13%"
"07/01/2022","24.5120","24.4780","24.5501","24.2879","216.68K","0.14%"
"06/30/2022","24.4770","24.4086","24.6422","24.3670","221.27K","0.28%"
"06/29/2022","24.4087","24.5327","24.6084","24.3438","231.65K","-0.51%"
"06/28/2022","24.5327","24.4362","24.5873","24.3470","242.29K","0.39%"
"06/27/2022","24.4372","24.3631","24.5151","24.3459","206.24K","0.30%"
"06/24/2022","24.3631","24.5384","24.6512","24.3505","199.92K","-0.73%"
"06/23/2022","24.5424","24.5967","24.6655","24.4231","254.79K","-0.22%"
"06/22/2022","24.5968","24.7008","24.7651","24.5334","200.44K","-0.44%"
"06/21/2022","24.7048","24.8670","24.8886","24.6799","182.56K","-0.61%"
"06/20/2022","24.8569","24.8797","24.8905","24.7551","179.27K","-0.05%"
"06/17/2022","24.8681","25.2149","25.2629","24.7815","270.92K","-1.37%"
"06/16/2022","25.2129","24.6715","25.4353","24.6072","285.70K","2.19%"
"06/15/2022","24.6724","24.7031","25.0136","24.6326","235.40K","-0.15%"
"06/14/2022","24.7093","24.8155","24.9973","24.6407","236.60K","-0.43%"
"06/13/2022","24.8153","24.6161","24.9360","24.5590","213.07K","0.90%"
"06/10/2022","24.5951","24.5788","24.6663","24.4513","193.50K","0.07%"
"06/09/2022","24.5788","24.5502","24.6205","24.4361","177.29K","0.12%"
"06/08/2022","24.5502","24.6594","24.6867","24.5262","176.20K","-0.44%"
"06/07/2022","24.6594","24.5290","24.7081","24.3206","194.62K","0.52%"
"06/06/2022","24.5309","24.4421","24.6125","24.3732","169.12K","0.41%"
"06/03/2022","24.4317","24.5728","24.6022","24.3898","135.09K","-0.56%"
"06/02/2022","24.5699","24.5984","24.6584","24.5092","146.51K","-0.13%"
"06/01/2022","24.6023","24.7719","24.8500","24.5705","177.43K","-0.68%"
"05/31/2022","24.7719","24.7456","24.8853","24.6066","194.01K","0.12%"
"05/30/2022","24.7417","24.7047","24.7755","24.5354","139.10K","0.14%"
"05/27/2022","24.7067","24.8986","25.0322","24.6626","187.90K","-0.77%"
"05/26/2022","24.8991","24.9216","25.0061","24.8203","200.44K","-0.09%"
"05/25/2022","24.9215","24.8661","24.9740","24.8297","226.68K","0.22%"
"05/24/2022","24.8669","25.0142","25.0778","24.7137","216.64K","-0.58%"
"05/23/2022","25.0112","24.7902","25.0426","24.7836","197.28K","0.82%"
"05/20/2022","24.8087","24.8443","24.9179","24.7281","214.90K","-0.14%"
"05/19/2022","24.8443","24.7374","24.9519","24.7002","242.88K","0.42%"
"05/18/2022","24.7394","24.9121","24.9517","24.6454","210.22K","-0.68%"
"05/17/2022","24.9091","24.6727","24.9704","24.6597","213.78K","0.96%"
"05/16/2022","24.6732","24.6011","24.7163","24.5538","205.11K","0.07%"
"05/13/2022","24.6554","24.7044","24.7173","24.5667","224.73K","-0.20%"
"05/12/2022","24.7041","24.9113","24.9791","24.6567","283.16K","-0.75%"
"05/11/2022","24.8920","25.1311","25.1662","24.8581","244.85K","-0.95%"
"05/10/2022","25.1311","25.1505","25.2219","24.9705","267.21K","-0.09%"
"05/09/2022","25.1525","24.8621","25.1873","24.8099","229.04K","1.16%"
"05/06/2022","24.8631","25.0239","25.0603","24.7975","263.03K","-0.65%"
"05/05/2022","25.0270","25.2820","25.3260","24.7841","245.70K","-1.01%"
"05/04/2022","25.2820","25.3664","25.4123","25.2003","195.21K","-0.32%"
"05/03/2022","25.3633","25.5861","25.6355","25.3018","193.70K","-0.87%"
"05/02/2022","25.5851","25.7103","25.7300","25.4944","167.61K","-0.38%"
"04/29/2022","25.6816","25.4731","25.7049","25.4385","223.82K","0.82%"
"04/28/2022","25.4731","25.5885","25.6710","25.4005","204.27K","-0.41%"
"04/27/2022","25.5784","25.6959","25.7626","25.5390","204.71K","-0.47%"
"04/26/2022","25.6979","25.7599","25.8485","25.6203","209.94K","-0.24%"
"04/25/2022","25.7589","26.0233","26.1159","25.6823","231.99K","-0.84%"
"04/22/2022","25.9778","26.2871","26.3460","25.9236","206.10K","-1.16%"
"04/21/2022","26.2821","26.1259","26.3897","26.0799","238.53K","0.60%"
"04/20/2022","26.1249","26.0275","26.1951","26.0035","206.24K","0.37%"
"04/19/2022","26.0286","25.7996","26.1163","25.6867","188.16K","0.89%"
"04/18/2022","25.7996","26.0488","26.0867","25.7743","135.77K","-0.96%"
"04/15/2022","26.0488","26.0931","26.1436","26.0273","142.90K","-0.17%"
"04/14/2022","26.0934","25.9573","26.1840","25.9077","193.31K","0.52%"
"04/13/2022","25.9573","25.7449","25.9804","25.6432","190.34K","0.83%"
"04/12/2022","25.7449","25.9834","26.0063","25.7338","175.84K","-0.90%"
"04/11/2022","25.9774","26.1399","26.1769","25.9115","159.25K","-0.51%"
"04/08/2022","26.1107","26.3351","26.3553","26.0918","158.25K","-0.83%"
"04/07/2022","26.3301","26.3635","26.3980","26.2385","169.35K","-0.13%"
"04/06/2022","26.3655","26.1450","26.3949","26.1110","186.81K","0.84%"
"04/05/2022","26.1450","25.9749","26.1722","25.9589","156.26K","0.66%"
"04/04/2022","25.9742","26.0471","26.0741","25.8690","159.42K","-0.28%"
"04/01/2022","26.0471","26.0999","26.1814","25.8910","215.04K","-0.20%"
"03/31/2022","26.1000","26.1081","26.2838","26.0269","176.89K","-0.03%"
"03/30/2022","26.1091","26.1445","26.2497","26.0683","183.48K","-0.18%"
"03/29/2022","26.1565","26.3264","26.3742","26.0648","199.03K","-0.66%"
"03/28/2022","26.3305","26.4272","26.4757","26.2403","177.74K","-0.30%"
"03/25/2022","26.4105","26.4947","26.5445","26.2711","170.44K","-0.33%"
"03/24/2022","26.4967","26.7005","26.7418","26.4639","163.51K","-0.79%"
"03/23/2022","26.7085","26.9024","26.9608","26.6148","160.67K","-0.72%"
"03/22/2022","26.9023","26.8318","26.9283","26.7622","179.17K","0.27%"
"03/21/2022","26.8298","26.8419","26.8738","26.7444","149.33K","-0.01%"
"03/18/2022","26.8337","26.9922","27.0407","26.8181","170.26K","-0.55%"
"03/17/2022","26.9830","27.1392","27.2357","26.9498","198.37K","-0.58%"
"03/16/2022","27.1413","27.1730","27.2324","27.0125","206.81K","-0.10%"
"03/15/2022","27.1689","27.1931","27.3239","27.1373","202.93K","-0.09%"
"03/14/2022","27.1931","27.2690","27.3384","27.1644","182.08K","-0.31%"
"03/11/2022","27.2768","27.4029","27.5443","27.2386","208.71K","-0.45%"
"03/10/2022","27.3998","27.5628","27.7594","27.3663","203.21K","-0.58%"
"03/09/2022","27.5589","28.0107","28.0196","27.4807","231.45K","-1.62%"
"03/08/2022","28.0139","27.9312","28.1869","27.8604","248.60K","0.29%"
"03/07/2022","27.9323","27.7186","28.0171","27.6389","246.71K","0.78%"
"03/04/2022","27.7159","27.5510","27.7883","27.5264","233.81K","0.59%"
"03/03/2022","27.5529","27.6409","27.7500","27.5191","212.83K","-0.32%"
"03/02/2022","27.6409","27.5276","27.7391","27.4517","213.74K","0.41%"
"03/01/2022","27.5269","27.4728","27.5615","27.3522","225.17K","0.19%"
"02/28/2022","27.4735","27.2860","27.6052","27.1400","231.25K","0.69%"
"02/25/2022","27.2860","27.4978","27.5667","27.2619","212.27K","-0.76%"
"02/24/2022","27.4958","27.4117","27.7851","27.3300","290.49K","0.31%"
"02/23/2022","27.4117","27.5823","27.6088","27.3923","184.33K","-0.64%"
"02/22/2022","27.5874","27.6209","27.6663","27.4855","212.01K","-0.12%"
"02/21/2022","27.6209","27.5911","27.6891","27.5656","149.78K","0.15%"
"02/18/2022","27.5809","27.6365","27.6765","27.5507","189.56K","-0.23%"
"02/17/2022","27.6446","27.5489","27.7301","27.5273","203.88K","0.36%"
"02/16/2022","27.5454","27.6155","27.6737","27.5229","183.20K","-0.25%"
"02/15/2022","27.6131","27.6194","27.6644","27.5356","177.41K","-0.04%"
"02/14/2022","27.6255","27.8611","27.8812","27.5470","207.31K","-0.85%"
"02/11/2022","27.8611","27.8671","27.9360","27.6890","224.08K","-0.04%"
"02/10/2022","27.8722","27.7136","27.9923","27.6607","199.43K","0.57%"
"02/09/2022","27.7136","27.9166","27.9418","27.6737","155.07K","-0.72%"
"02/08/2022","27.9159","27.8792","28.0219","27.8491","195.54K","0.14%"
"02/07/2022","27.8761","27.9791","28.0167","27.8208","184.98K","-0.37%"
"02/04/2022","27.9797","27.9398","28.1206","27.8478","194.38K","0.15%"
"02/03/2022","27.9391","27.9395","28.0934","27.8968","219.06K","0.00%"
"02/02/2022","27.9395","27.7720","27.9932","27.7303","190.26K","0.56%"
"02/01/2022","27.7833","27.7466","27.8832","27.6493","178.16K","0.12%"
"01/31/2022","27.7497","27.8804","27.9529","27.6833","160.01K","-0.51%"
"01/28/2022","27.8929","27.7863","28.0458","27.7603","192.76K","0.34%"
"01/27/2022","27.7988","27.9376","27.9622","27.6769","197.77K","-0.48%"
"01/26/2022","27.9324","27.8419","27.9765","27.7520","182.99K","0.33%"
"01/25/2022","27.8419","27.7522","27.9253","27.7352","223.55K","0.32%"
"01/24/2022","27.7522","27.7471","27.8472","27.6682","223.76K","0.02%"
"01/21/2022","27.7471","27.9385","27.9579","27.6987","186.47K","-0.68%"
"01/20/2022","27.9365","27.9257","27.9771","27.7799","177.80K","0.07%"
"01/19/2022","27.9175","27.7423","27.9612","27.6922","226.04K","0.63%"
"01/18/2022","27.7423","27.6973","27.8153","27.6151","262.73K","0.16%"
"01/17/2022","27.6973","27.7637","27.8139","27.6640","156.47K","-0.25%"
"01/14/2022","27.7664","27.8873","27.9380","27.7189","216.30K","-0.43%"
"01/13/2022","27.8873","27.8771","28.0371","27.8433","204.75K","0.01%"
"01/12/2022","27.8843","27.7858","27.9479","27.7743","181.53K","0.33%"
"01/11/2022","27.7919","27.6662","27.8405","27.6373","191.65K","0.44%"
"01/10/2022","27.6696","27.6900","27.8358","27.6218","166.56K","-0.07%"
"01/07/2022","27.6900","27.7450","27.7777","27.6161","127.87K","-0.20%"
"01/06/2022","27.7450","27.9020","28.0588","27.6118","168.36K","-0.56%"
"01/05/2022","27.9010","27.7657","27.9365","27.5630","130.15K","0.52%"
"01/04/2022","27.7575","27.6362","27.8377","27.5953","148.67K","0.44%"
"01/03/2022","27.6352","27.7318","27.7904","27.5405","125.92K","-0.35%"
"12/31/2021","27.7318","27.6176","27.7873","27.4689","120.63K","0.41%"
"12/30/2021","27.6176","27.7536","27.8068","27.6093","111.74K","-0.49%"
"12/29/2021","27.7530","27.7561","27.8043","27.6321","121.62K","-0.01%"
"12/28/2021","27.7561","27.8033","27.8526","27.6003","122.01K","-0.20%"
"12/27/2021","27.8106","27.6007","27.8624","27.6007","98.69K","0.76%"
"12/24/2021","27.6007","27.6773","27.7060","27.5672","130.26K","-0.31%"
"12/23/2021","27.6866","27.6582","27.8478","27.6379","201.88K","0.13%"
"12/22/2021","27.6520","27.6219","27.7596","27.5890","186.06K","0.11%"
"12/21/2021","27.6219","27.4538","27.6584","27.3830","212.03K","0.61%"
"12/20/2021","27.4544","27.6117","27.6836","27.3403","193.96K","-0.52%"
"12/17/2021","27.5971","27.7401","27.8042","27.4505","207.10K","-0.50%"
"12/16/2021","27.7370","27.8734","28.0640","27.6264","208.89K","-0.48%"
"12/15/2021","27.8718","28.1196","28.1935","27.8526","202.64K","-0.88%"
"12/14/2021","28.1185","27.7853","28.1488","27.6823","200.03K","1.20%"
"12/13/2021","27.7853","27.6416","27.8042","27.6150","185.08K","0.26%"
"12/10/2021","27.7146","27.6906","27.8346","27.5922","210.71K","0.08%"
"12/09/2021","27.6927","27.6579","27.8389","27.6067","225.76K","0.13%"
"12/08/2021","27.6572","27.8584","27.8801","27.5504","269.02K","-0.73%"
"12/07/2021","27.8594","28.1529","28.2344","27.7972","255.10K","-1.05%"
"12/06/2021","28.1541","28.1750","28.2544","28.0343","236.86K","0.01%"
"12/03/2021","28.1506","28.3006","28.4519","28.0941","225.76K","-0.53%"
"12/02/2021","28.3006","28.5708","28.5830","28.2697","238.98K","-0.96%"
"12/01/2021","28.5751","28.5225","28.5842","28.1759","282.23K","0.19%"
"11/30/2021","28.5214","28.8566","29.1018","28.2866","309.19K","-1.16%"
"11/29/2021","28.8565","29.2423","29.3456","28.7583","202.77K","-1.29%"
"11/26/2021","29.2347","28.7213","29.4728","28.7148","241.00K","1.77%"
"11/25/2021","28.7256","28.5573","28.7826","28.5011","164.10K","0.59%"
"11/24/2021","28.5562","28.3495","28.8356","28.3354","216.19K","0.73%"
"11/23/2021","28.3494","28.1329","28.4982","28.1163","268.59K","0.75%"
"11/22/2021","28.1371","28.0433","28.1642","27.9739","250.85K","0.35%"
"11/19/2021","28.0402","28.0343","28.1031","27.8067","216.40K","-0.01%"
"11/18/2021","28.0436","27.8424","28.1468","27.8155","239.35K","0.72%"
"11/17/2021","27.8424","27.8517","27.9550","27.7947","225.38K","-0.02%"
"11/16/2021","27.8475","27.6722","27.9940","27.6291","208.41K","0.66%"
"11/15/2021","27.6660","27.5286","27.7767","27.4684","161.25K","0.50%"
"11/12/2021","27.5276","27.6098","27.7644","27.3988","192.56K","-0.30%"
"11/11/2021","27.6098","27.6670","27.7068","27.3594","213.34K","-0.20%"
"11/10/2021","27.6639","27.5478","27.6861","27.4620","232.74K","0.44%"
"11/09/2021","27.5438","27.5763","27.6427","27.4260","211.82K","-0.12%"
"11/08/2021","27.5763","27.4553","27.6664","27.4001","201.38K","0.44%"
"11/05/2021","27.4543","27.7320","27.8331","27.3888","220.32K","-1.00%"
"11/04/2021","27.7323","28.1111","28.1866","27.7048","261.87K","-1.35%"
"11/03/2021","28.1111","28.3021","28.6263","28.0693","237.55K","-0.70%"
"11/02/2021","28.3104","28.5035","28.5593","28.1851","234.86K","-0.61%"
"11/01/2021","28.4847","28.1217","28.5766","28.1039","185.44K","1.21%"
"10/29/2021","28.1433","28.0972","28.2793","28.0560","246.57K","0.17%"
"10/28/2021","28.0965","27.9277","28.1663","27.8751","224.86K","0.60%"
"10/27/2021","27.9297","27.8340","27.9402","27.6747","178.70K","0.35%"
"10/26/2021","27.8320","27.7697","27.8746","27.7547","168.06K","0.22%"
"10/25/2021","27.7718","27.7603","27.8662","27.7370","167.93K","0.06%"
"10/22/2021","27.7563","28.0040","28.0416","27.7134","182.14K","-0.89%"
"10/21/2021","28.0060","27.9372","28.0548","27.8963","168.38K","0.25%"
"10/20/2021","27.9374","27.9178","27.9562","27.7727","191.18K","0.05%"
"10/19/2021","27.9228","28.0193","28.1729","27.8886","229.85K","-0.34%"
"10/18/2021","28.0172","27.9637","28.1631","27.8747","198.63K","0.17%"
"10/15/2021","27.9702","28.1059","28.3091","27.9318","176.03K","-0.49%"
"10/14/2021","28.1090","28.0756","28.2994","28.0634","157.80K","0.12%"
"10/13/2021","28.0761","28.2366","28.3087","28.0631","203.45K","-0.57%"
"10/12/2021","28.2365","28.3852","28.4258","28.1713","180.32K","-0.51%"
"10/11/2021","28.3800","28.1946","28.4107","28.1874","173.19K","0.66%"
"10/08/2021","28.1946","28.1338","28.3438","28.0129","245.26K","0.21%"
"10/07/2021","28.1369","27.9188","28.1853","27.8057","243.20K","0.78%"
"10/06/2021","27.9188","28.0431","28.3119","27.9021","282.50K","-0.44%"
"10/05/2021","28.0431","27.8876","28.1019","27.8665","276.04K","0.55%"
"10/04/2021","27.8886","27.6986","28.0692","27.6686","209.63K","0.69%"
"10/01/2021","27.6982","27.8083","27.8964","27.6533","241.20K","-0.41%"
"09/30/2021","27.8124","27.5280","27.8775","27.4764","276.13K","1.01%"
"09/29/2021","27.5331","27.5197","27.7272","27.4067","268.04K","0.04%"
"09/28/2021","27.5208","27.5430","27.6275","27.3740","264.86K","-0.09%"
"09/27/2021","27.5460","27.4369","27.6371","27.3635","162.49K","0.44%"
"09/24/2021","27.4250","27.5030","27.6461","27.3976","152.34K","-0.28%"
"09/23/2021","27.5023","27.3750","27.5504","27.3165","170.50K","0.47%"
"09/22/2021","27.3744","27.5071","27.5389","27.2630","233.35K","-0.48%"
"09/21/2021","27.5064","27.5127","27.5371","27.4298","193.58K","-0.03%"
"09/20/2021","27.5137","27.5030","27.6200","27.4546","165.64K","0.00%"
"09/17/2021","27.5146","27.4932","27.5355","27.4403","146.31K","0.08%"
"09/16/2021","27.4932","27.4947","27.5240","27.4248","161.82K","0.01%"
"09/15/2021","27.4917","27.4976","27.5768","27.4418","148.47K","-0.04%"
"09/14/2021","27.5026","27.4903","27.6380","27.4741","158.39K","0.03%"
"09/13/2021","27.4946","27.5151","27.5451","27.4454","140.36K","-0.13%"
"09/10/2021","27.5291","27.5833","27.6489","27.4722","225.08K","-0.19%"
"09/09/2021","27.5813","27.4466","27.6484","27.4312","180.71K","0.44%"
"09/08/2021","27.4611","27.4826","27.5131","27.3516","233.55K","-0.11%"
"09/07/2021","27.4906","27.5572","27.5985","27.4456","225.43K","-0.24%"
"09/06/2021","27.5572","27.6234","27.6394","27.4653","126.56K","-0.27%"
"09/03/2021","27.6311","27.6120","27.6558","27.4922","208.55K","0.07%"
"09/02/2021","27.6120","27.5458","27.6773","27.4662","200.01K","0.28%"
"09/01/2021","27.5338","27.6125","27.6258","27.4708","159.53K","-0.28%"
"08/31/2021","27.6118","27.7128","27.7578","27.5603","189.26K","-0.37%"
"08/30/2021","27.7132","27.7994","27.8406","27.6619","131.43K","-0.28%"
"08/27/2021","27.7897","27.8926","28.0343","27.7560","162.39K","-0.39%"
"08/26/2021","27.8987","27.8413","27.9679","27.8118","150.15K","0.21%"
"08/25/2021","27.8413","27.7525","27.9586","27.6745","195.60K","0.32%"
"08/24/2021","27.7525","27.8709","27.9355","27.7271","119.21K","-0.44%"
"08/23/2021","27.8750","27.7500","28.0059","27.7084","135.56K","0.53%"
"08/20/2021","27.7286","27.5017","27.8819","27.4643","170.92K","0.83%"
"08/19/2021","27.5017","27.5772","27.6234","27.4572","177.53K","-0.28%"
"08/18/2021","27.5797","27.4965","27.5812","27.4063","150.42K","0.31%"
"08/17/2021","27.4945","27.5697","27.5867","27.4087","144.89K","-0.28%"
"08/16/2021","27.5704","27.5140","27.6342","27.4591","143.66K","0.02%"
"08/13/2021","27.5657","27.5623","27.6252","27.4204","186.72K","0.00%"
"08/12/2021","27.5664","27.6454","27.6811","27.4302","199.17K","-0.29%"
"08/11/2021","27.6454","27.8167","27.8344","27.6081","196.22K","-0.62%"
"08/10/2021","27.8167","27.7959","27.9441","27.7517","242.31K","0.07%"
"08/09/2021","27.7959","27.8176","27.8852","27.7424","159.89K","-0.03%"
"08/06/2021","27.8036","27.7625","27.8786","27.6492","132.73K","0.15%"
"08/05/2021","27.7618","27.7558","27.8132","27.6572","144.79K","0.01%"
"08/04/2021","27.7598","27.6762","27.8148","27.6204","142.10K","0.30%"
"08/03/2021","27.6762","27.6411","27.6996","27.5759","146.74K","0.13%"
"08/02/2021","27.6411","27.6262","27.6806","27.5155","140.63K","0.04%"
"07/30/2021","27.6308","27.7222","27.7921","27.5698","152.15K","-0.33%"
"07/29/2021","27.7222","27.6833","27.7692","27.6691","161.44K","0.14%"
"07/28/2021","27.6833","27.7343","27.7849","27.6117","169.02K","-0.16%"
"07/27/2021","27.7283","27.6920","27.7827","27.5627","159.96K","0.13%"
"07/26/2021","27.6920","27.5787","27.7397","27.5647","138.15K","0.48%"
"07/23/2021","27.5587","27.7033","27.7174","27.4798","148.89K","-0.53%"
"07/22/2021","27.7044","27.6262","27.8108","27.6069","160.71K","0.30%"
"07/21/2021","27.6222","27.4707","27.7192","27.4013","162.74K","0.56%"
"07/20/2021","27.4687","27.4591","27.5033","27.2396","192.39K","0.03%"
"07/19/2021","27.4591","27.4258","27.5078","27.3026","202.67K","0.26%"
"07/16/2021","27.3880","27.5847","27.6019","27.3256","174.50K","-0.72%"
"07/15/2021","27.5874","27.5512","27.6864","27.4773","177.82K","0.12%"
"07/14/2021","27.5552","27.7116","27.7406","27.5081","161.33K","-0.56%"
"07/13/2021","27.7116","27.5556","27.7845","27.4780","160.21K","0.56%"
"07/12/2021","27.5566","27.6069","27.7352","27.5208","183.40K","-0.22%"
"07/09/2021","27.6164","27.5846","27.6452","27.4439","182.48K","0.13%"
"07/08/2021","27.5806","27.5289","27.7810","27.4499","194.97K","0.18%"
"07/07/2021","27.5309","27.6235","27.6774","27.4928","191.90K","-0.35%"
"07/06/2021","27.6275","27.4850","27.6678","27.4245","214.63K","0.50%"
"07/05/2021","27.4910","27.3324","27.5319","27.3324","130.38K","0.58%"
"07/02/2021","27.3333","27.5347","27.5759","27.3034","164.76K","-0.73%"
"07/01/2021","27.5347","27.5820","27.6823","27.4784","161.19K","-0.17%"
"06/30/2021","27.5820","27.4215","27.6135","27.3588","163.02K","0.59%"
"06/29/2021","27.4215","27.5273","27.5458","27.3385","157.51K","-0.38%"
"06/28/2021","27.5273","27.5264","27.6804","27.4355","141.60K","0.05%"
"06/25/2021","27.5148","27.6574","27.7072","27.4088","154.03K","-0.52%"
"06/24/2021","27.6584","28.1948","28.2377","27.4581","172.51K","-1.90%"
"06/23/2021","28.1948","28.3849","28.4633","28.1635","192.50K","-0.68%"
"06/22/2021","28.3869","28.5464","28.7229","28.3474","179.21K","-0.57%"
"06/21/2021","28.5505","28.5556","28.7479","28.4278","222.58K","-0.02%"
"06/18/2021","28.5556","28.4348","28.6528","28.2984","216.99K","0.42%"
"06/17/2021","28.4358","28.5481","28.7607","28.3135","186.96K","-0.40%"
"06/16/2021","28.5492","28.2021","28.5765","28.1584","159.10K","1.23%"
"06/15/2021","28.2031","28.1783","28.4254","28.0145","155.28K","0.11%"
"06/14/2021","28.1733","28.0827","28.1962","27.9657","151.50K","0.41%"
"06/11/2021","28.0574","27.9153","28.2198","27.8245","145.44K","0.51%"
"06/10/2021","27.9142","27.8689","27.9479","27.7572","154.80K","0.17%"
"06/09/2021","27.8679","27.8979","27.9359","27.7230","143.17K","-0.10%"
"06/08/2021","27.8950","28.0856","28.1350","27.8590","161.14K","-0.67%"
"06/07/2021","28.0826","28.2917","28.2917","27.9749","149.37K","-0.63%"
"06/04/2021","28.2604","28.4431","28.5577","28.2007","192.20K","-0.65%"
"06/03/2021","28.4441","28.1955","28.4765","28.1801","188.91K","0.88%"
"06/02/2021","28.1955","28.2651","28.3219","28.1707","209.77K","-0.24%"
"06/01/2021","28.2644","28.3580","28.3906","28.1302","207.26K","-0.33%"
"05/31/2021","28.3573","28.2494","28.3748","28.1860","171.42K","0.31%"
"05/28/2021","28.2683","28.3388","28.4690","28.2329","180.93K","-0.24%"
"05/27/2021","28.3368","28.0601","28.4261","28.0055","216.43K","1.00%"
"05/26/2021","28.0572","28.1914","28.1974","28.0352","202.73K","-0.48%"
"05/25/2021","28.1924","28.1144","28.1982","28.0240","202.05K","0.28%"
"05/24/2021","28.1144","28.2260","28.2690","28.0857","174.19K","-0.37%"
"05/21/2021","28.2195","28.1914","28.3336","28.1674","196.43K","0.10%"
"05/20/2021","28.1924","28.1284","28.2792","28.0559","191.96K","0.23%"
"05/19/2021","28.1291","28.1482","28.2797","27.9960","212.40K","-0.06%"
"05/18/2021","28.1462","27.9667","28.2216","27.9446","195.80K","0.64%"
"05/17/2021","27.9667","27.9898","28.1037","27.9355","156.09K","-0.16%"
"05/14/2021","28.0106","28.0148","28.0434","27.8243","163.28K","-0.01%"
"05/13/2021","28.0148","28.3451","28.3779","27.9659","187.58K","-1.16%"
"05/12/2021","28.3441","28.2354","28.4166","28.1442","176.96K","0.37%"
"05/11/2021","28.2384","28.1404","28.3021","28.0418","198.56K","0.30%"
"05/10/2021","28.1534","27.8545","28.1910","27.8481","187.91K","1.12%"
"05/07/2021","27.8425","27.8872","28.0067","27.7534","198.90K","-0.17%"
"05/06/2021","27.8892","28.1731","28.2162","27.8759","243.05K","-1.02%"
"05/05/2021","28.1771","28.0559","28.2342","28.0163","234.27K","0.44%"
"05/04/2021","28.0549","28.0682","28.1901","28.0041","211.47K","-0.05%"
"05/03/2021","28.0682","27.9727","28.1933","27.9238","153.89K","0.37%"
"04/30/2021","27.9657","27.9565","28.0184","27.7782","221.81K","0.03%"
"04/29/2021","27.9565","27.7599","28.1390","27.7297","187.74K","0.74%"
"04/28/2021","27.7510","27.9045","27.9120","27.6803","206.98K","-0.55%"
"04/27/2021","27.9045","27.5984","27.9205","27.5819","214.99K","1.09%"
"04/26/2021","27.6033","27.5276","27.6699","27.4840","192.73K","0.30%"
"04/23/2021","27.5203","27.5805","27.6402","27.4376","199.06K","-0.22%"
"04/22/2021","27.5805","27.6997","27.7919","27.4827","220.84K","-0.42%"
"04/21/2021","27.6957","27.8367","27.8660","27.5779","202.08K","-0.51%"
"04/20/2021","27.8367","27.7192","27.8610","27.6301","208.07K","0.42%"
"04/19/2021","27.7199","27.5600","27.7666","27.5130","171.95K","0.55%"
"04/16/2021","27.5690","27.4887","27.6034","27.3757","185.09K","0.27%"
"04/15/2021","27.4957","27.6606","27.6939","27.4337","188.19K","-0.61%"
"04/14/2021","27.6647","27.6168","27.7697","27.5940","178.89K","0.18%"
"04/13/2021","27.6148","27.6731","27.7752","27.5429","177.56K","-0.23%"
"04/12/2021","27.6771","27.6428","27.7707","27.5849","174.64K","0.13%"
"04/09/2021","27.6401","27.5999","27.7525","27.5624","171.80K","0.14%"
"04/08/2021","27.6009","27.7447","27.7923","27.5568","177.57K","-0.56%"
"04/07/2021","27.7550","27.8798","27.9477","27.6894","200.54K","-0.45%"
"04/06/2021","27.8798","28.2378","28.3114","27.8333","171.81K","-1.25%"
"04/05/2021","28.2317","28.0889","28.3437","28.0365","136.52K","0.46%"
"04/02/2021","28.1011","28.0768","28.1370","28.0354","115.91K","0.09%"
"04/01/2021","28.0769","28.1681","28.2490","27.9882","197.72K","-0.33%"
"03/31/2021","28.1701","28.2873","28.3524","28.1266","205.29K","-0.42%"
"03/30/2021","28.2893","28.3627","28.4786","28.1819","181.30K","-0.26%"
"03/29/2021","28.3628","28.4047","28.7800","28.3336","197.94K","-0.10%"
"03/26/2021","28.3923","28.4012","28.5278","28.3002","181.49K","-0.05%"
"03/25/2021","28.4074","28.6589","28.6853","28.2886","200.88K","-0.88%"
"03/24/2021","28.6589","28.6709","28.7072","28.3465","206.38K","-0.04%"
"03/23/2021","28.6709","28.5197","28.7176","28.3249","202.14K","0.52%"
"03/22/2021","28.5217","28.4343","28.8824","28.3749","173.39K","0.26%"
"03/19/2021","28.4467","28.5210","28.5983","28.1334","210.25K","-0.26%"
"03/18/2021","28.5210","28.4886","28.6852","28.3281","214.32K","0.11%"
"03/17/2021","28.4893","28.6449","28.9133","28.3449","201.57K","-0.55%"
"03/16/2021","28.6480","28.6994","28.7422","28.5183","181.02K","-0.15%"
"03/15/2021","28.6911","28.8603","28.9879","28.6725","192.82K","-0.62%"
"03/12/2021","28.8697","28.8296","29.0816","28.7734","219.39K","0.12%"
"03/11/2021","28.8347","29.0977","29.1367","28.7959","215.46K","-0.90%"
"03/10/2021","29.0956","29.4522","29.4953","29.0748","230.34K","-1.21%"
"03/09/2021","29.4522","29.7508","29.8117","29.3715","238.70K","-1.00%"
"03/08/2021","29.7508","29.4963","29.9065","29.3891","243.14K","0.82%"
"03/05/2021","29.5091","29.3574","29.5587","29.2403","251.05K","0.51%"
"03/04/2021","29.3584","29.2291","29.3995","29.0011","273.36K","0.44%"
"03/03/2021","29.2302","28.7593","29.3228","28.7172","251.49K","1.62%"
"03/02/2021","28.7634","28.7628","28.9323","28.6795","252.78K","0.01%"
"03/01/2021","28.7607","29.0691","29.1510","28.6669","253.85K","-1.03%"
"02/26/2021","29.0594","29.2255","29.3289","28.9622","279.75K","-0.57%"
"02/25/2021","29.2255","28.8032","29.5362","28.7846","280.56K","1.43%"
"02/24/2021","28.8144","28.9453","29.0971","28.7539","230.46K","-0.47%"
"02/23/2021","28.9494","29.1568","29.2290","28.9274","233.62K","-0.71%"
"02/22/2021","29.1568","28.6411","29.2528","28.6247","209.43K","1.80%"
"02/19/2021","28.6410","28.3843","28.7636","28.3386","229.48K","0.90%"
"02/18/2021","28.3843","28.0280","28.5540","27.9759","245.47K","1.30%"
"02/17/2021","28.0199","28.0091","28.2462","27.8936","309.46K","0.04%"
"02/16/2021","28.0078","27.7574","28.1590","27.7524","259.35K","0.89%"
"02/15/2021","27.7614","27.6083","27.7927","27.6067","207.41K","0.52%"
"02/12/2021","27.6168","27.5816","27.7763","27.5604","268.97K","0.13%"
"02/11/2021","27.5816","27.7259","27.7481","27.5042","303.87K","-0.52%"
"02/10/2021","27.7266","27.7674","27.8870","27.6788","350.54K","-0.15%"
"02/09/2021","27.7674","27.6315","27.8232","27.5592","318.44K","0.50%"
"02/08/2021","27.6305","27.5830","27.7323","27.5508","252.15K","0.13%"
"02/05/2021","27.5950","27.8851","27.9374","27.5572","292.09K","-1.04%"
"02/04/2021","27.8841","27.5619","28.0126","27.4310","280.85K","1.17%"
"02/03/2021","27.5609","27.5070","27.6472","27.3679","262.57K","0.17%"
"02/02/2021","27.5130","27.8486","27.8768","27.4481","249.28K","-1.20%"
"02/01/2021","27.8466","28.2392","28.2618","27.7645","238.16K","-1.30%"
"01/29/2021","28.2145","27.7840","28.2450","27.5894","296.75K","1.55%"
"01/28/2021","27.7850","27.7700","27.9502","27.6594","289.25K","0.06%"
"01/27/2021","27.7688","27.4588","27.8221","27.4374","268.81K","1.13%"
"01/26/2021","27.4588","27.5062","27.6288","27.3662","212.60K","-0.18%"
"01/25/2021","27.5093","27.3197","27.6344","27.2264","235.07K","0.65%"
"01/22/2021","27.3317","27.0946","27.3610","27.0687","258.25K","0.87%"
"01/21/2021","27.0956","26.7649","27.1595","26.7379","262.02K","1.23%"
"01/20/2021","26.7659","26.8011","26.9038","26.6718","240.66K","-0.13%"
"01/19/2021","26.8011","26.7469","26.8550","26.6665","234.96K","0.20%"
"01/18/2021","26.7469","26.9094","27.0264","26.7019","202.17K","-0.56%"
"01/15/2021","26.8975","26.9902","27.0679","26.7907","273.53K","-0.35%"
"01/14/2021","26.9921","27.0799","27.1879","26.8977","268.02K","-0.32%"
"01/13/2021","27.0779","27.0478","27.2237","26.9262","285.44K","0.10%"
"01/12/2021","27.0518","27.1291","27.2487","27.0105","285.38K","-0.30%"
"01/11/2021","27.1331","27.1422","27.2910","27.0482","284.61K","-0.06%"
"01/08/2021","27.1496","27.1492","27.3206","26.9970","275.35K","0.00%"
"01/07/2021","27.1492","26.7281","27.2757","26.6613","254.51K","1.54%"
"01/06/2021","26.7383","27.1147","27.1849","26.6605","278.54K","-1.37%"
"01/05/2021","27.1107","27.1108","27.2932","26.9428","311.41K","0.00%"
"01/04/2021","27.1098","27.1831","27.2014","26.8498","256.09K","-0.33%"
"01/01/2021","27.1990","27.1926","27.2216","27.1619","2.32K","0.00%"
"12/31/2020","27.1985","27.1227","27.2922","27.0604","256.53K","0.28%"
"12/30/2020","27.1237","26.8768","27.2668","26.8556","252.36K","0.92%"
"12/29/2020","26.8768","26.9229","27.0812","26.7956","242.50K","-0.17%"
"12/28/2020","26.9235","26.9323","27.0922","26.7921","215.76K","-0.06%"
"12/25/2020","26.9403","26.9485","27.0294","26.9208","2.36K","-0.03%"
"12/24/2020","26.9475","27.0763","27.2786","26.8443","243.17K","-0.46%"
"12/23/2020","27.0732","26.9115","27.2737","26.8813","291.91K","0.60%"
"12/22/2020","26.9105","26.8654","27.0779","26.7039","300.68K","0.15%"
"12/21/2020","26.8704","26.8793","27.3147","26.6573","270.06K","-0.36%"
"12/18/2020","26.9670","26.9271","27.0431","26.7307","271.30K","0.17%"
"12/17/2020","26.9222","26.8134","27.0294","26.7898","307.42K","0.40%"
"12/16/2020","26.8154","26.7919","26.9923","26.7274","285.52K","0.07%"
"12/15/2020","26.7978","26.9712","27.0914","26.6704","219.84K","-0.64%"
"12/14/2020","26.9702","26.7407","27.0101","26.6955","193.63K","1.25%"
"12/11/2020","26.6384","26.6077","26.6918","26.4564","229.91K","0.12%"
"12/10/2020","26.6057","26.6237","26.6464","26.3164","220.71K","-0.03%"
"12/09/2020","26.6138","26.4209","26.7388","26.3524","220.65K","0.73%"
"12/08/2020","26.4209","26.5988","26.6313","26.2731","237.20K","-0.67%"
"12/07/2020","26.5998","26.5921","26.6468","26.3268","222.09K","0.12%"
"12/04/2020","26.5679","26.7505","26.8587","26.5092","241.73K","-0.68%"
"12/03/2020","26.7485","26.6899","26.9083","26.6579","292.81K","0.22%"
"12/02/2020","26.6892","26.8856","26.9404","26.6526","250.65K","-0.68%"
"12/01/2020","26.8726","26.8892","26.9786","26.7050","269.87K","-0.06%"
"11/30/2020","26.8898","26.6879","26.9614","26.6826","246.96K","0.80%"
"11/27/2020","26.6773","26.7638","26.8327","26.6117","224.62K","-0.34%"
"11/26/2020","26.7678","26.7192","26.8238","26.6555","252.38K","0.18%"
"11/25/2020","26.7192","26.7508","26.8973","26.6432","357.71K","-0.12%"
"11/24/2020","26.7508","26.8805","27.6091","26.6483","261.12K","-0.48%"
"11/23/2020","26.8785","26.7182","26.9348","26.6460","253.73K","0.68%"
"11/20/2020","26.6965","26.7830","26.9151","26.6235","351.13K","-0.32%"
"11/19/2020","26.7810","27.0412","27.0524","26.6375","317.43K","-0.94%"
"11/18/2020","27.0351","26.9118","27.0412","26.8004","348.32K","0.45%"
"11/17/2020","26.9139","26.7364","27.0925","26.7147","291.61K","0.66%"
"11/16/2020","26.7374","26.8785","26.9189","26.5856","230.34K","-0.61%"
"11/13/2020","26.9025","27.0874","27.1690","26.8484","296.02K","-0.67%"
"11/12/2020","27.0832","27.0595","27.1985","26.8861","287.91K","0.08%"
"11/11/2020","27.0615","26.9786","27.2196","26.8236","304.31K","0.29%"
"11/10/2020","26.9827","26.7726","27.1779","26.7241","330.49K","0.78%"
"11/09/2020","26.7726","27.1000","27.1225","26.3749","272.94K","-1.17%"
"11/06/2020","27.0887","27.2293","27.3827","26.9910","371.05K","-0.52%"
"11/05/2020","27.2303","27.2007","27.3560","26.9699","323.31K","0.12%"
"11/04/2020","27.1965","27.5893","28.4920","27.1413","307.00K","-1.42%"
"11/03/2020","27.5893","27.6132","27.7718","27.2997","227.81K","-0.08%"
"11/02/2020","27.6121","27.4298","27.7377","27.3455","210.21K","0.73%"
"10/30/2020","27.4114","27.6488","27.7556","27.4018","314.17K","-0.86%"
"10/29/2020","27.6488","27.6398","27.9038","27.4844","251.17K","-0.01%"
"10/28/2020","27.6515","27.4481","27.6931","27.3831","259.74K","0.75%"
"10/27/2020","27.4450","27.2520","27.4780","27.1478","246.37K","0.67%"
"10/26/2020","27.2625","27.2462","27.5300","27.2152","213.70K","0.13%"
"10/23/2020","27.2259","27.4231","27.4953","27.1503","304.80K","-0.72%"
"10/22/2020","27.4231","27.7594","27.8679","27.3969","231.90K","-1.21%"
"10/21/2020","27.7594","27.3566","27.7863","27.2767","224.56K","1.53%"
"10/20/2020","27.3418","27.4589","27.5404","27.2135","223.74K","-0.40%"
"10/19/2020","27.4526","27.2797","27.5745","27.2234","194.12K","0.56%"
"10/16/2020","27.3008","27.4836","27.6057","27.2414","270.86K","-0.64%"
"10/15/2020","27.4771","27.7634","27.9687","27.4257","330.08K","-1.05%"
"10/14/2020","27.7698","27.6292","27.8582","27.4589","303.28K","0.50%"
"10/13/2020","27.6303","27.7541","27.8923","27.5307","303.92K","-0.42%"
"10/12/2020","27.7456","27.5419","27.7871","27.5373","219.45K","0.55%"
"10/09/2020","27.5928","27.6538","27.7073","27.4715","203.24K","-0.22%"
"10/08/2020","27.6538","27.7462","27.8287","27.5795","216.41K","-0.34%"
"10/07/2020","27.7483","27.9925","28.0191","27.5092","220.49K","-0.87%"
"10/06/2020","27.9925","27.7730","28.0738","27.4796","200.34K","0.78%"
"10/05/2020","27.7761","27.9299","27.9850","27.6350","168.36K","-0.69%"
"10/02/2020","27.9702","28.1480","28.4873","27.8943","219.58K","-0.62%"
"10/01/2020","28.1437","28.5572","28.6182","28.0255","222.31K","-1.47%"
"09/30/2020","28.5627","28.9333","28.9461","28.4317","262.42K","-1.28%"
"09/29/2020","28.9322","28.7628","29.0275","28.5326","228.53K","0.55%"
"09/28/2020","28.7729","28.4861","29.0929","28.4008","189.55K","1.01%"
"09/25/2020","28.4861","28.2776","28.6466","28.1262","220.25K","0.76%"
"09/24/2020","28.2709","28.4808","28.9575","28.0223","215.86K","-0.74%"
"09/23/2020","28.4809","27.6859","28.5393","27.5936","277.33K","2.89%"
"09/22/2020","27.6816","27.3782","27.7473","27.2762","269.67K","1.12%"
"09/21/2020","27.3757","27.3087","27.7416","27.2673","208.60K","0.28%"
"09/18/2020","27.2987","27.0705","27.3270","27.0339","214.08K","0.84%"
"09/17/2020","27.0705","27.1560","27.3812","27.0361","223.50K","-0.32%"
"09/16/2020","27.1581","27.2674","27.4112","27.1033","171.44K","-0.39%"
"09/15/2020","27.2653","27.0913","27.2913","27.0048","156.82K","0.64%"
"09/14/2020","27.0924","27.2383","27.3394","27.0616","134.30K","-0.47%"
"09/11/2020","27.2209","27.4464","27.4908","27.1656","181.41K","-0.86%"
"09/10/2020","27.4571","27.7805","27.9455","27.2558","179.06K","-1.16%"
"09/09/2020","27.7795","28.2681","28.4389","27.7435","160.12K","-1.72%"
"09/08/2020","28.2670","28.4795","28.5301","28.1892","161.08K","-0.73%"
"09/07/2020","28.4752","28.6367","28.6604","28.3654","123.36K","-0.62%"
"09/04/2020","28.6524","28.7638","28.8707","28.4103","256.70K","-0.35%"
"09/03/2020","28.7538","29.0105","29.0885","28.6139","267.76K","-0.86%"
"09/02/2020","29.0040","29.1623","29.2625","28.9266","245.76K","-0.54%"
"09/01/2020","29.1622","29.2563","29.4100","29.0652","248.69K","-0.36%"
"08/31/2020","29.2673","29.0146","29.4017","29.0118","170.15K","0.74%"
"08/28/2020","29.0537","29.2395","29.3120","29.0139","183.53K","-0.64%"
"08/27/2020","29.2406","28.9788","29.3194","28.8665","179.10K","0.88%"
"08/26/2020","28.9843","28.8042","29.0286","28.7688","152.34K","0.63%"
"08/25/2020","28.8042","28.7408","28.9417","28.6834","156.37K","0.25%"
"08/24/2020","28.7330","28.7465","28.8220","28.6749","148.12K","-0.07%"
"08/21/2020","28.7541","29.1783","29.2919","28.7173","198.76K","-1.44%"
"08/20/2020","29.1739","28.9922","29.2988","28.9554","194.20K","0.60%"
"08/19/2020","29.0010","29.3318","29.4007","28.9009","167.76K","-1.14%"
"08/18/2020","29.3362","29.0595","29.4166","28.9920","155.26K","0.92%"
"08/17/2020","29.0695","28.7510","29.1167","28.7112","149.63K","1.06%"
"08/14/2020","28.7653","28.9573","29.1069","28.7025","160.02K","-0.69%"
"08/13/2020","28.9662","29.1367","29.3053","28.9242","160.98K","-0.58%"
"08/12/2020","29.1356","29.2388","29.3352","29.0377","147.37K","-0.32%"
"08/11/2020","29.2298","29.3883","29.4192","29.1547","146.84K","-0.49%"
"08/10/2020","29.3736","29.1686","29.4838","29.1510","136.51K","0.62%"
"08/07/2020","29.1932","29.4596","29.5686","29.1581","208.41K","-0.88%"
"08/06/2020","29.4518","29.3404","29.7774","29.2697","173.74K","0.38%"
"08/05/2020","29.3416","29.6287","29.6613","29.2841","171.95K","-0.97%"
"08/04/2020","29.6276","29.5991","29.8416","29.4724","170.20K","0.10%"
"08/03/2020","29.5991","29.1636","29.6854","29.1102","154.12K","1.53%"
"07/31/2020","29.1520","28.8503","29.2611","28.7952","211.55K","1.07%"
"07/30/2020","28.8437","28.5620","29.0208","28.5071","199.93K","1.00%"
"07/29/2020","28.5587","28.3767","28.6391","28.2822","195.37K","0.64%"
"07/28/2020","28.3767","28.2417","28.4812","28.2230","169.95K","0.48%"
"07/27/2020","28.2417","28.5128","28.5948","28.2295","167.99K","-0.91%"
"07/24/2020","28.5022","28.6826","28.8221","28.4322","210.15K","-0.63%"
"07/23/2020","28.6837","28.4860","28.7298","28.2756","205.12K","0.70%"
"07/22/2020","28.4834","28.4408","28.5286","28.2393","192.56K","0.16%"
"07/21/2020","28.4381","28.4819","28.5710","28.2943","185.41K","-0.15%"
"07/20/2020","28.4819","28.3310","28.7089","28.2427","165.14K","0.51%"
"07/17/2020","28.3366","28.1463","28.4397","28.0859","172.28K","0.69%"
"07/16/2020","28.1430","28.0963","28.1942","28.0094","185.77K","0.18%"
"07/15/2020","28.0919","28.1779","28.2731","28.0765","179.01K","-0.30%"
"07/14/2020","28.1756","28.5754","28.6159","28.1575","178.50K","-1.42%"
"07/13/2020","28.5811","28.2680","28.5884","28.2320","161.14K","0.89%"
"07/10/2020","28.3288","28.5445","28.7835","28.3021","234.90K","-0.75%"
"07/09/2020","28.5420","28.6068","28.7733","28.4512","235.17K","-0.23%"
"07/08/2020","28.6091","28.6698","28.8247","28.4200","210.28K","-0.21%"
"07/07/2020","28.6698","27.8980","28.7117","27.8482","174.99K","2.75%"
"07/06/2020","27.9024","27.9564","27.9921","27.6819","160.16K","-0.19%"
"07/03/2020","27.9564","28.0232","28.1502","27.8792","161.29K","-0.24%"
"07/02/2020","28.0232","28.2876","28.3831","27.9512","177.69K","-0.92%"
"07/01/2020","28.2842","28.5207","28.5669","28.2103","166.28K","-0.83%"
"06/30/2020","28.5207","28.3744","28.6169","28.3198","177.73K","0.52%"
"06/29/2020","28.3744","28.4511","28.5303","28.2848","172.67K","-0.23%"
"06/26/2020","28.4395","28.1490","28.4647","28.0812","181.37K","1.06%"
"06/25/2020","28.1411","28.2991","28.5495","28.0960","193.42K","-0.55%"
"06/24/2020","28.2980","28.0600","28.3220","27.9541","200.12K","0.84%"
"06/23/2020","28.0634","28.0520","28.2282","27.7871","193.73K","0.07%"
"06/22/2020","28.0430","27.9744","28.0900","27.7058","186.43K","0.23%"
"06/19/2020","27.9789","28.2728","28.3120","27.8589","189.97K","-1.03%"
"06/18/2020","28.2705","28.0175","28.3392","27.7685","200.10K","0.90%"
"06/17/2020","28.0186","28.0668","28.1947","27.8197","208.88K","-0.20%"
"06/16/2020","28.0757","28.0144","28.1398","27.6866","213.33K","0.23%"
"06/15/2020","28.0122","27.8452","28.4448","27.8074","201.98K","0.49%"
"06/12/2020","27.8753","28.6828","28.8150","27.8254","234.44K","-2.83%"
"06/11/2020","28.6874","27.8802","28.7159","27.8524","218.94K","2.88%"
"06/10/2020","27.8834","27.9028","28.1158","27.6985","202.40K","-0.05%"
"06/09/2020","27.8962","27.3564","27.9273","27.3421","185.59K","1.97%"
"06/08/2020","27.3564","27.3834","27.5733","27.1927","170.68K","0.05%"
"06/05/2020","27.3430","27.6585","27.6891","27.2660","208.12K","-1.05%"
"06/04/2020","27.6333","27.3755","27.6823","27.2664","183.47K","0.94%"
"06/03/2020","27.3767","27.3423","27.4425","27.0530","195.43K","0.12%"
"06/02/2020","27.3434","27.5435","27.7192","27.1024","183.94K","-0.67%"
"06/01/2020","27.5281","27.3562","27.6163","27.1836","162.01K","0.55%"
"05/29/2020","27.3773","27.3742","27.4981","27.1651","180.85K","0.02%"
"05/28/2020","27.3731","27.3470","27.4751","27.2202","185.82K","0.17%"
"05/27/2020","27.3269","27.3787","27.5196","27.2590","166.15K","-0.19%"
"05/26/2020","27.3787","27.4866","27.5997","27.2081","158.92K","-0.39%"
"05/25/2020","27.4866","27.6859","27.7147","27.4553","107.54K","-0.68%"
"05/22/2020","27.6734","27.9501","28.2150","27.6467","163.11K","-0.99%"
"05/21/2020","27.9501","28.3962","28.4584","27.8513","150.33K","-1.58%"
"05/20/2020","28.3974","28.9886","29.1105","28.2009","156.67K","-2.14%"
"05/19/2020","29.0170","28.9765","29.0429","28.7136","169.93K","0.16%"
"05/18/2020","28.9717","28.9287","29.0366","28.6058","138.72K","-0.02%"
"05/15/2020","28.9766","29.1895","29.2670","28.8984","174.96K","-0.73%"
"05/14/2020","29.1895","29.6063","29.7417","29.0288","191.48K","-1.40%"
"05/13/2020","29.6051","29.9108","29.9270","29.4796","181.11K","-1.03%"
"05/12/2020","29.9132","29.5358","29.9425","29.3865","185.16K","1.31%"
"05/11/2020","29.5275","29.3558","29.5711","29.2327","167.95K","0.56%"
"05/08/2020","29.3628","29.7466","29.8375","29.2808","213.20K","-1.29%"
"05/07/2020","29.7466","30.0984","30.2784","29.4898","219.46K","-1.16%"
"05/06/2020","30.0959","29.8477","30.1632","29.6718","191.31K","0.83%"
"05/05/2020","29.8478","29.9503","30.1251","29.5976","158.98K","-0.35%"
"05/04/2020","29.9528","30.7171","31.0218","29.9334","137.49K","-2.53%"
"05/01/2020","30.7318","30.4391","31.1328","30.3671","166.34K","0.94%"
"04/30/2020","30.4460","29.6033","30.4743","29.5422","185.32K","2.88%"
"04/29/2020","29.5938","30.1859","30.2685","29.5832","170.28K","-1.96%"
"04/28/2020","30.1859","30.6993","30.9224","30.1102","167.28K","-1.65%"
"04/27/2020","30.6932","30.8700","31.1156","30.6532","157.44K","-0.68%"
"04/24/2020","30.9027","30.6268","31.2311","30.3740","213.04K","0.81%"
"04/23/2020","30.6553","30.2097","30.6879","30.0534","218.99K","1.47%"
"04/22/2020","30.2109","29.9891","30.4076","29.8237","209.92K","0.73%"
"04/21/2020","29.9906","29.9073","30.1560","29.7713","207.25K","0.28%"
"04/20/2020","29.9073","29.6067","30.1753","29.5972","171.22K","0.91%"
"04/17/2020","29.6388","29.9286","30.0580","29.4904","165.65K","-0.97%"
"04/16/2020","29.9286","30.0307","30.5035","29.8967","167.65K","-0.36%"
"04/15/2020","30.0367","29.5224","30.2763","29.4893","170.69K","1.72%"
"04/14/2020","29.5293","29.5737","29.8326","29.3935","159.07K","-0.13%"
"04/13/2020","29.5678","29.1284","29.8569","28.9517","129.82K","1.59%"
"04/10/2020","29.1062","29.3635","29.6350","29.0599","72.09K","-0.87%"
"04/09/2020","29.3612","29.7443","29.8339","29.0610","161.78K","-1.29%"
"04/08/2020","29.7443","29.9980","30.5042","29.6872","160.28K","-0.79%"
"04/07/2020","29.9798","30.1294","30.2949","29.4185","185.94K","-0.48%"
"04/06/2020","30.1257","30.6202","31.5125","30.1117","160.23K","-1.78%"
"04/03/2020","30.6704","30.0306","30.7600","29.9866","195.47K","2.15%"
"04/02/2020","30.0257","29.9983","30.4054","29.4866","195.01K","0.07%"
"04/01/2020","30.0043","29.4804","30.5160","29.3212","178.01K","1.86%"
"03/31/2020","29.4578","29.5503","29.8740","29.0055","183.21K","-0.35%"
"03/30/2020","29.5599","28.9683","30.4387","28.9357","170.09K","1.65%"
"03/27/2020","29.0796","27.9962","29.3469","27.8236","212.08K","3.86%"
"03/26/2020","27.9996","28.4670","28.8536","27.8584","184.82K","-1.59%"
"03/25/2020","28.4526","29.2148","29.3812","28.3140","169.90K","-2.60%"
"03/24/2020","29.2111","29.2877","29.7358","28.9443","169.14K","-0.27%"
"03/23/2020","29.2915","28.4773","29.3005","28.4150","140.73K","3.02%"
"03/20/2020","28.4334","27.5992","28.6571","27.3806","173.60K","3.02%"
"03/19/2020","27.6004","27.5603","28.5159","27.2660","196.42K","0.16%"
"03/18/2020","27.5568","27.6706","28.9328","27.3833","163.74K","-0.41%"
"03/17/2020","27.6706","28.0799","28.1401","27.3447","170.98K","-1.44%"
"03/16/2020","28.0753","26.9366","28.2726","26.6996","160.27K","4.28%"
"03/13/2020","26.9224","27.5635","27.8153","26.6210","217.94K","-2.32%"
"03/12/2020","27.5613","27.4119","29.1388","27.0592","224.32K","0.51%"
"03/11/2020","27.4216","26.8971","27.6036","26.7612","179.03K","1.92%"
"03/10/2020","26.9054","27.3386","27.5523","26.5538","179.36K","-1.61%"
"03/09/2020","27.3449","26.2264","28.6344","26.1943","154.90K","4.20%"
"03/06/2020","26.2424","25.7131","26.4889","25.6594","188.96K","1.96%"
"03/05/2020","25.7369","25.1473","25.8683","25.1080","201.11K","2.35%"
"03/04/2020","25.1463","24.9258","25.2045","24.5738","201.16K","0.88%"
"03/03/2020","24.9258","24.7453","25.0438","24.5501","215.11K","0.72%"
"03/02/2020","24.7472","25.1071","25.4688","24.7235","182.12K","-1.60%"
"02/28/2020","25.1503","25.1425","25.7091","25.0529","232.52K","0.03%"
"02/27/2020","25.1435","24.8866","25.1764","24.8623","230.73K","1.04%"
"02/26/2020","24.8841","24.8310","24.9215","24.6823","222.39K","0.22%"
"02/25/2020","24.8285","24.6595","24.9978","24.5043","181.18K","0.69%"
"02/24/2020","24.6594","24.4984","24.9000","24.4770","161.23K","0.58%"
"02/21/2020","24.5183","24.2584","24.7193","24.2484","153.06K","1.07%"
"02/20/2020","24.2584","23.9877","24.2991","23.9717","157.98K","1.14%"
"02/19/2020","23.9859","24.1662","24.1905","23.9601","145.35K","-0.76%"
"02/18/2020","24.1689","24.1352","24.3259","24.1213","145.08K","0.13%"
"02/17/2020","24.1379","24.1613","24.2244","24.1129","126.89K","-0.22%"
"02/14/2020","24.1922","24.2740","24.2842","24.1446","153.65K","-0.31%"
"02/13/2020","24.2665","24.1322","24.3914","24.1161","166.12K","0.55%"
"02/12/2020","24.1331","24.1667","24.2248","24.1187","146.65K","-0.15%"
"02/11/2020","24.1695","24.1481","24.2340","24.0795","149.57K","0.09%"
"02/10/2020","24.1472","24.2064","24.3725","24.1306","160.21K","-0.21%"
"02/07/2020","24.1970","24.1277","24.3961","24.1018","152.86K","0.29%"
"02/06/2020","24.1277","24.1870","24.2126","24.0710","160.65K","-0.23%"
"02/05/2020","24.1843","24.3239","24.3982","24.0915","147.65K","-0.58%"
"02/04/2020","24.3248","24.4530","24.4822","24.2424","144.63K","-0.52%"
"02/03/2020","24.4521","24.9082","24.9082","24.3659","146.95K","-1.70%"
"01/31/2020","24.8744","24.6010","24.9755","24.5534","159.43K","1.14%"
"01/30/2020","24.5935","24.3461","24.7145","24.3063","158.92K","1.01%"
"01/29/2020","24.3480","24.3925","24.4393","24.2692","141.69K","-0.18%"
"01/28/2020","24.3925","24.6962","24.7072","24.3427","148.66K","-1.21%"
"01/27/2020","24.6914","24.5686","24.8266","24.5461","152.16K","0.49%"
"01/24/2020","24.5707","24.6261","24.7105","24.5371","191.68K","-0.23%"
"01/23/2020","24.6279","24.5605","24.7177","24.5322","142.34K","0.27%"
"01/22/2020","24.5604","24.4994","24.6051","24.4446","189.75K","0.25%"
"01/21/2020","24.4994","24.2874","24.5301","24.2600","157.51K","0.89%"
"01/20/2020","24.2827","24.2649","24.2951","24.1975","134.31K","0.01%"
"01/17/2020","24.2798","24.5639","24.6225","24.2625","151.01K","-1.15%"
"01/16/2020","24.5620","24.5001","24.5881","24.4861","154.49K","0.26%"
"01/15/2020","24.4992","24.4552","24.5238","24.4072","136.72K","0.20%"
"01/14/2020","24.4515","24.4220","24.5232","24.3828","139.64K","0.14%"
"01/13/2020","24.4173","24.5310","24.5479","24.3399","147.77K","-0.51%"
"01/10/2020","24.5423","24.6173","24.6673","24.4780","190.08K","-0.31%"
"01/09/2020","24.6183","24.6445","24.7107","24.4530","192.87K","-0.11%"
"01/08/2020","24.6463","24.8135","24.9389","24.5825","201.78K","-0.67%"
"01/07/2020","24.8135","24.8101","24.8776","24.7094","188.33K","-0.01%"
"01/06/2020","24.8154","24.7438","24.8798","24.7089","151.76K","0.19%"
"01/03/2020","24.7675","24.7504","24.8708","24.6518","189.27K","0.01%"
"01/02/2020","24.7655","25.0951","25.1142","24.7361","143.33K","-1.31%"
"01/01/2020","25.0951","25.1064","25.1348","25.0609","10.95K","-0.11%"
"12/31/2019","25.1216","24.8315","25.1291","24.7895","171.56K","1.18%"
"12/30/2019","24.8277","24.6157","24.8710","24.6053","143.23K","0.77%"
"12/27/2019","24.6373","24.6075","24.8023","24.5684","123.51K","0.11%"
"12/26/2019","24.6094","24.5987","24.6778","24.5724","123.53K","0.04%"
"12/25/2019","24.5987","24.5729","24.6547","24.5196","35.66K","0.11%"
"12/24/2019","24.5719","24.5270","24.6262","24.4816","167.80K","0.18%"
"12/23/2019","24.5270","24.6149","24.6862","24.4241","146.51K","-0.44%"
"12/20/2019","24.6348","24.6146","24.7442","24.5703","186.21K","0.09%"
"12/19/2019","24.6137","24.8066","24.9704","24.5825","181.51K","-0.77%"
"12/18/2019","24.8057","24.8598","24.8843","24.7252","180.71K","-0.23%"
"12/17/2019","24.8617","25.2373","25.2559","24.7712","154.00K","-1.50%"
"12/16/2019","25.2392","25.3496","25.5953","25.2276","144.12K","-0.36%"
"12/13/2019","25.3316","25.0973","25.7404","25.0825","182.55K","0.96%"
"12/12/2019","25.0915","25.2425","25.2868","24.9417","163.56K","-0.54%"
"12/11/2019","25.2282","25.3383","25.3505","25.2120","142.36K","-0.43%"
"12/10/2019","25.3364","25.2857","25.4188","25.2193","118.70K","0.20%"
"12/09/2019","25.2857","25.3704","25.4034","25.2585","122.39K","-0.32%"
"12/06/2019","25.3676","25.4937","25.5235","25.3094","176.63K","-0.49%"
"12/05/2019","25.4937","25.4660","25.6045","25.4253","168.24K","0.11%"
"12/04/2019","25.4650","25.4085","25.5917","25.3956","151.70K","0.21%"
"12/03/2019","25.4104","25.3284","25.5178","25.2936","163.71K","0.32%"
"12/02/2019","25.3284","25.2757","25.3663","25.1848","142.07K","0.08%"
"11/29/2019","25.3079","25.1400","25.3446","25.0291","151.20K","0.66%"
"11/28/2019","25.1419","25.2178","25.3757","25.1278","145.76K","-0.31%"
"11/27/2019","25.2198","25.1147","25.2609","25.0314","136.39K","0.42%"
"11/26/2019","25.1148","25.0808","25.2037","24.9522","141.39K","0.13%"
"11/25/2019","25.0819","24.8972","25.1468","24.8168","137.17K","0.86%"
"11/22/2019","24.8688","25.0358","25.0915","24.8299","139.44K","-0.67%"
"11/21/2019","25.0361","25.1569","25.2694","24.9764","147.91K","-0.48%"
"11/20/2019","25.1579","25.0002","25.2700","24.9866","141.61K","0.62%"
"11/19/2019","25.0041","25.0250","25.1221","24.8976","132.86K","-0.08%"
"11/18/2019","25.0250","24.7538","25.0426","24.7433","130.79K","1.13%"
"11/15/2019","24.7454","24.8867","24.9057","24.7152","140.57K","-0.57%"
"11/14/2019","24.8867","24.8762","25.0729","24.8578","143.65K","0.04%"
"11/13/2019","24.8762","24.8093","25.0605","24.8016","118.84K","0.27%"
"11/12/2019","24.8093","24.5720","24.9134","24.5056","127.04K","0.96%"
"11/11/2019","24.5730","24.4108","24.6673","24.4108","119.73K","0.70%"
"11/08/2019","24.4022","24.5206","24.6127","24.3697","137.81K","-0.50%"
"11/07/2019","24.5244","24.6097","24.6636","24.4784","184.11K","-0.38%"
"11/06/2019","24.6173","24.7482","24.8139","24.5989","177.10K","-0.52%"
"11/05/2019","24.7456","24.7057","24.7885","24.6128","188.25K","0.17%"
"11/04/2019","24.7032","24.7382","24.7580","24.6017","149.98K","-0.08%"
"11/01/2019","24.7220","24.8895","24.9291","24.6874","142.78K","-0.69%"
"10/31/2019","24.8933","24.6223","24.9338","24.6018","159.51K","1.11%"
"10/30/2019","24.6204","24.6088","24.7375","24.5733","156.63K","0.06%"
"10/29/2019","24.6049","24.5995","24.6741","24.4643","172.90K","0.03%"
"10/28/2019","24.5970","24.4500","24.6131","24.4063","141.89K","0.62%"
"10/25/2019","24.4446","24.5940","24.6082","24.3895","146.68K","-0.61%"
"10/24/2019","24.5949","24.6813","24.7683","24.4207","165.45K","-0.40%"
"10/23/2019","24.6928","24.6465","24.7105","24.5812","167.48K","0.18%"
"10/22/2019","24.6495","24.7822","24.8635","24.5947","159.18K","-0.54%"
"10/21/2019","24.7843","24.6958","24.9324","24.6323","158.08K","-0.03%"
"10/18/2019","24.7909","24.7450","24.8168","24.6279","173.56K","0.18%"
"10/17/2019","24.7462","24.6401","24.8852","24.4795","186.25K","0.43%"
"10/16/2019","24.6400","24.6028","24.7456","24.3897","166.01K","0.14%"
"10/15/2019","24.6048","24.2975","24.6390","24.2672","161.06K","1.26%"
"10/14/2019","24.2975","24.4461","24.4557","24.1458","150.86K","-0.59%"
"10/11/2019","24.4426","24.1968","24.5570","24.0831","180.76K","1.00%"
"10/10/2019","24.1998","23.8871","24.2832","23.8442","167.84K","1.31%"
"10/09/2019","23.8871","23.9807","24.0850","23.8004","135.32K","-0.39%"
"10/08/2019","23.9817","24.0604","24.0740","23.8522","146.62K","-0.33%"
"10/07/2019","24.0604","24.0542","24.1477","23.9819","116.00K","-0.03%"
"10/04/2019","24.0681","24.2390","24.2792","23.9463","144.08K","-0.68%"
"10/03/2019","24.2321","24.3572","24.5825","24.2161","154.11K","-0.48%"
"10/02/2019","24.3492","24.3876","24.4294","24.2625","150.91K","-0.19%"
"10/01/2019","24.3965","24.2552","24.4289","24.1545","156.23K","0.58%"
"09/30/2019","24.2552","24.2032","24.3733","24.1789","143.86K","0.23%"
"09/27/2019","24.1991","24.2402","24.2971","24.0817","160.40K","-0.18%"
"09/26/2019","24.2421","24.1726","24.3158","24.0753","161.15K","0.29%"
"09/25/2019","24.1726","24.2860","24.3914","24.1301","151.27K","-0.47%"
"09/24/2019","24.2860","24.2074","24.3488","24.1272","153.30K","0.31%"
"09/23/2019","24.2113","24.2566","24.2773","24.1071","129.52K","-0.27%"
"09/20/2019","24.2771","24.3779","24.4243","24.2179","168.89K","-0.37%"
"09/19/2019","24.3664","24.1945","24.3937","24.0900","163.50K","0.72%"
"09/18/2019","24.1926","24.2073","24.3161","24.0526","154.65K","-0.05%"
"09/17/2019","24.2053","24.1645","24.2999","24.1147","156.15K","0.17%"
"09/16/2019","24.1644","24.2601","24.3017","24.0655","157.31K","-0.39%"
"09/13/2019","24.2602","23.9755","24.3141","23.9314","167.39K","1.20%"
"09/12/2019","23.9736","24.0481","24.1143","23.8514","178.31K","-0.32%"
"09/11/2019","24.0507","24.0772","24.1724","24.0412","158.74K","-0.11%"
"09/10/2019","24.0761","24.1683","24.2419","24.0561","157.65K","-0.38%"
"09/09/2019","24.1683","24.0378","24.2103","23.9188","160.21K","0.72%"
"09/06/2019","23.9958","24.3466","24.3785","23.9830","174.46K","-1.46%"
"09/05/2019","24.3515","24.1602","24.3776","24.0025","188.57K","0.79%"
"09/04/2019","24.1602","24.1236","24.2209","24.0177","173.08K","0.09%"
"09/03/2019","24.1396","24.3144","24.3231","24.0711","174.21K","-0.72%"
"09/02/2019","24.3143","24.3858","24.4865","24.2093","135.38K","-0.34%"
"08/30/2019","24.3984","24.5309","24.6020","24.3195","171.29K","-0.62%"
"08/29/2019","24.5511","24.5493","24.7240","24.4648","175.42K","0.01%"
"08/28/2019","24.5493","24.5659","24.6084","24.2935","171.64K","-0.06%"
"08/27/2019","24.5639","24.3535","24.7066","24.3419","163.27K","0.86%"
"08/26/2019","24.3545","24.4170","24.6956","24.2301","156.54K","-0.43%"
"08/23/2019","24.4593","24.2878","24.5046","24.0964","179.59K","0.70%"
"08/22/2019","24.2897","23.8774","24.3288","23.8593","166.44K","1.73%"
"08/21/2019","23.8774","24.0555","24.0697","23.8370","159.92K","-0.74%"
"08/20/2019","24.0555","24.0867","24.1201","23.9003","166.47K","-0.13%"
"08/19/2019","24.0867","23.8835","24.1717","23.7952","150.54K","0.83%"
"08/16/2019","23.8884","23.7007","23.9203","23.6711","152.36K","0.80%"
"08/15/2019","23.6997","23.7323","23.9552","23.6253","164.15K","-0.13%"
"08/14/2019","23.7302","23.3690","23.8218","23.3530","166.94K","1.55%"
"08/13/2019","23.3681","23.6757","23.7999","23.3469","166.10K","-1.30%"
"08/12/2019","23.6748","23.3852","23.9030","23.3248","157.13K","1.38%"
"08/09/2019","23.3533","23.5378","23.6415","23.3257","156.02K","-0.84%"
"08/08/2019","23.5504","23.8325","23.9007","23.5401","165.88K","-1.19%"
"08/07/2019","23.8334","23.8181","24.0126","23.6986","174.26K","0.06%"
"08/06/2019","23.8182","23.8152","23.9828","23.7595","175.88K","0.00%"
"08/05/2019","23.8184","23.4449","23.9031","23.4144","171.86K","1.49%"
"08/02/2019","23.4680","23.3389","23.5376","23.2404","168.84K","0.55%"
"08/01/2019","23.3406","23.2564","23.4262","23.1862","180.59K","0.32%"
"07/31/2019","23.2651","23.1698","23.3177","23.0917","165.82K","0.44%"
"07/30/2019","23.1641","23.2951","23.3116","23.1186","168.88K","-0.56%"
"07/29/2019","23.2942","23.5886","23.5970","23.2811","151.88K","-1.22%"
"07/26/2019","23.5810","23.6999","23.7376","23.5645","155.61K","-0.53%"
"07/25/2019","23.7066","23.7929","23.9035","23.6766","168.38K","-0.37%"
"07/24/2019","23.7939","23.8548","23.9678","23.7770","147.20K","-0.25%"
"07/23/2019","23.8529","23.7749","23.8863","23.6927","160.71K","0.33%"
"07/22/2019","23.7753","23.8052","23.8584","23.6709","144.86K","-0.07%"
"07/19/2019","23.7909","23.7670","23.8577","23.7319","159.05K","0.06%"
"07/18/2019","23.7756","23.7072","23.8678","23.6876","167.51K","0.29%"
"07/17/2019","23.7072","23.6900","23.7451","23.6005","152.72K","0.07%"
"07/16/2019","23.6900","23.7518","23.7721","23.5307","159.07K","-0.25%"
"07/15/2019","23.7499","23.8931","23.8985","23.7235","150.53K","-0.53%"
"07/12/2019","23.8774","23.8798","23.9757","23.8362","181.36K","-0.03%"
"07/11/2019","23.8846","23.9231","24.0926","23.8671","181.79K","-0.17%"
"07/10/2019","23.9260","23.8825","24.1467","23.8316","168.91K","0.19%"
"07/09/2019","23.8806","23.6668","24.1000","23.5094","162.67K","0.90%"
"07/08/2019","23.6666","23.7967","23.8467","23.5907","146.83K","-0.62%"
"07/05/2019","23.8136","23.9109","23.9354","23.7691","162.89K","-0.39%"
"07/04/2019","23.9070","23.9107","23.9478","23.8502","150.15K","-0.02%"
"07/03/2019","23.9117","23.9894","24.0196","23.8953","154.06K","-0.33%"
"07/02/2019","23.9913","24.1769","24.2055","23.9836","169.64K","-0.76%"
"07/01/2019","24.1750","24.4125","24.4279","24.0683","160.43K","-0.94%"
"06/28/2019","24.4045","24.3134","24.4734","24.2744","172.25K","0.38%"
"06/27/2019","24.3124","24.2779","24.3556","24.2333","168.48K","0.15%"
"06/26/2019","24.2769","24.4151","24.4448","24.2511","173.36K","-0.50%"
"06/25/2019","24.3997","24.4666","24.5733","24.3754","161.28K","-0.27%"
"06/24/2019","24.4665","24.3301","24.4787","24.2912","150.10K","0.40%"
"06/21/2019","24.3684","24.1380","24.4134","24.0739","189.73K","0.96%"
"06/20/2019","24.1370","24.0416","24.1913","23.9536","195.42K","0.40%"
"06/19/2019","24.0407","24.0154","24.2712","23.9751","166.20K","0.11%"
"06/18/2019","24.0144","24.0369","24.0992","23.8482","169.23K","-0.09%"
"06/17/2019","24.0370","24.1390","24.1682","24.0264","159.86K","-0.36%"
"06/14/2019","24.1247","24.3306","24.3679","24.0756","193.09K","-0.85%"
"06/13/2019","24.3306","24.3276","24.3898","24.2614","194.75K","0.02%"
"06/12/2019","24.3258","24.3432","24.4478","24.2839","193.54K","-0.07%"
"06/11/2019","24.3432","24.3779","24.4206","24.2728","197.22K","-0.14%"
"06/10/2019","24.3779","24.9274","24.9372","24.2704","176.17K","-2.43%"
"06/07/2019","24.9855","25.0065","25.1844","24.9190","170.58K","-0.08%"
"06/06/2019","25.0065","24.8407","25.1860","24.7768","197.18K","0.65%"
"06/05/2019","24.8446","24.8415","25.0554","24.7167","200.39K","0.00%"
"06/04/2019","24.8434","25.0495","25.1276","24.7505","213.31K","-0.82%"
"06/03/2019","25.0495","24.7682","25.1872","24.7479","174.47K","1.09%"
"05/31/2019","24.7788","24.1349","24.9651","24.1343","224.37K","2.67%"
"05/30/2019","24.1349","24.1574","24.2056","23.9961","201.14K","-0.10%"
"05/29/2019","24.1593","24.2860","24.4159","24.1475","207.70K","-0.52%"
"05/28/2019","24.2857","24.1659","24.3301","24.1333","200.69K","0.49%"
"05/27/2019","24.1669","24.2313","24.2855","24.1214","169.27K","-0.21%"
"05/24/2019","24.2181","24.1018","24.2837","24.0672","205.89K","0.49%"
"05/23/2019","24.1008","24.0427","24.1936","23.9799","213.19K","0.25%"
"05/22/2019","24.0418","24.1547","24.2062","23.9370","198.50K","-0.47%"
"05/21/2019","24.1556","24.2685","24.3627","24.1323","204.53K","-0.47%"
"05/20/2019","24.2685","24.3684","24.4507","24.2478","169.04K","-0.46%"
"05/17/2019","24.3800","24.4754","24.5262","24.3092","182.92K","-0.39%"
"05/16/2019","24.4754","24.4688","24.5183","24.3359","183.54K","-0.03%"
"05/15/2019","24.4830","24.7201","24.7948","24.4338","198.28K","-0.95%"
"05/14/2019","24.7173","24.9102","24.9380","24.6771","190.47K","-0.77%"
"05/13/2019","24.9102","24.8277","25.0832","24.8182","178.13K","0.31%"
"05/10/2019","24.8338","25.0176","25.0784","24.7730","200.60K","-0.76%"
"05/09/2019","25.0234","24.8242","25.1583","24.7910","203.74K","0.79%"
"05/08/2019","24.8280","24.8898","24.9094","24.7574","199.60K","-0.23%"
"05/07/2019","24.8860","24.8716","24.9524","24.7984","209.60K","0.06%"
"05/06/2019","24.8716","24.8101","25.1264","24.7921","174.72K","-0.23%"
"05/03/2019","24.9282","24.9227","25.0118","24.7713","182.09K","0.01%"
"05/02/2019","24.9265","24.7876","24.9594","24.7033","181.37K","0.56%"
"05/01/2019","24.7866","24.6946","24.7981","24.6065","170.29K","0.37%"
"04/30/2019","24.6955","24.5994","24.8307","24.5671","202.38K","0.40%"
"04/29/2019","24.5966","24.4827","24.6119","24.4164","167.77K","0.52%"
"04/26/2019","24.4704","24.5371","24.6258","24.4304","243.57K","-0.27%"
"04/25/2019","24.5371","24.6009","24.7268","24.5058","234.48K","-0.27%"
"04/24/2019","24.6029","24.4565","24.6754","24.4451","240.47K","0.59%"
"04/23/2019","24.4584","24.4444","24.6191","24.4266","226.10K","0.05%"
"04/22/2019","24.4463","24.3879","24.4990","24.3581","170.90K","0.22%"
"04/19/2019","24.3926","24.4413","24.4991","24.3621","180.42K","-0.20%"
"04/18/2019","24.4413","24.5552","24.6277","24.3721","221.31K","-0.49%"
"04/17/2019","24.5618","24.6270","24.6532","24.5136","209.95K","-0.26%"
"04/16/2019","24.6261","24.6989","24.8367","24.5988","223.70K","-0.30%"
"04/15/2019","24.7008","24.5348","24.7732","24.5136","190.85K","0.65%"
"04/12/2019","24.5424","24.5994","24.6569","24.4978","224.17K","-0.19%"
"04/11/2019","24.5891","24.6355","24.7391","24.5742","240.91K","-0.18%"
"04/10/2019","24.6336","24.7113","24.7394","24.5914","227.23K","-0.39%"
"04/09/2019","24.7293","24.7810","24.8556","24.6304","221.80K","-0.21%"
"04/08/2019","24.7801","24.8646","24.9916","24.6891","189.60K","-0.35%"
"04/05/2019","24.8675","25.0420","25.1395","24.7713","240.99K","-0.69%"
"04/04/2019","25.0410","25.2945","25.4077","24.9952","245.30K","-1.01%"
"04/03/2019","25.2964","25.2512","25.3357","25.1409","263.23K","0.16%"
"04/02/2019","25.2551","25.0825","25.2783","24.8478","268.11K","0.70%"
"04/01/2019","25.0806","25.3306","25.3461","25.0716","206.18K","-0.95%"
"03/29/2019","25.3218","25.2304","25.3433","25.0517","261.04K","0.34%"
"03/28/2019","25.2372","25.5372","25.6035","25.1825","272.70K","-1.18%"
"03/27/2019","25.5392","25.2352","25.6527","25.1979","253.67K","1.20%"
"03/26/2019","25.2371","25.0934","25.2875","25.0362","237.68K","0.49%"
"03/25/2019","25.1133","25.2259","25.3210","25.0295","194.41K","-0.45%"
"03/22/2019","25.2260","24.7264","25.3513","24.7055","277.09K","2.02%"
"03/21/2019","24.7254","24.8464","24.8747","24.5569","266.41K","-0.49%"
"03/20/2019","24.8483","25.2300","25.2579","24.8004","264.07K","-1.51%"
"03/19/2019","25.2298","25.2620","25.3333","25.1782","230.34K","-0.13%"
"03/18/2019","25.2639","25.5213","25.5683","25.2038","177.97K","-1.06%"
"03/15/2019","25.5349","25.5816","25.6256","25.4468","261.89K","-0.18%"
"03/14/2019","25.5806","25.7249","25.7331","25.4897","285.30K","-0.55%"
"03/13/2019","25.7220","25.2995","25.8272","25.2496","264.49K","1.68%"
"03/12/2019","25.2976","25.5139","25.7837","25.1816","288.98K","-0.86%"
"03/11/2019","25.5168","25.3828","25.5779","25.2463","235.07K","0.55%"
"03/08/2019","25.3761","25.5820","25.6675","25.2960","237.43K","-0.80%"
"03/07/2019","25.5820","25.5037","25.7522","25.3706","245.93K","0.31%"
"03/06/2019","25.5037","25.3644","25.5487","25.2776","260.59K","0.55%"
"03/05/2019","25.3644","25.4492","25.4663","25.2236","246.54K","-0.33%"
"03/04/2019","25.4489","25.4554","25.6926","25.4120","221.14K","0.03%"
"03/01/2019","25.4410","25.5725","25.6307","25.3930","265.03K","-0.52%"
"02/28/2019","25.5744","25.5180","25.6587","25.4455","270.89K","0.23%"
"02/27/2019","25.5161","25.4076","25.6661","25.3826","275.41K","0.42%"
"02/26/2019","25.4095","25.0439","25.4836","25.0422","255.77K","1.40%"
"02/25/2019","25.0592","25.0328","25.1751","24.8771","213.97K","0.26%"
"02/22/2019","24.9936","25.1744","25.1937","24.8914","241.60K","-0.72%"
"02/21/2019","25.1751","25.0827","25.2158","25.0138","277.94K","0.37%"
"02/20/2019","25.0818","25.0098","25.1331","24.9451","269.57K","0.29%"
"02/19/2019","25.0098","24.8700","25.0523","24.8087","226.73K","0.55%"
"02/18/2019","24.8729","24.8000","24.9249","24.7880","190.72K","0.28%"
"02/15/2019","24.8038","24.6602","24.9290","24.5966","247.54K","0.50%"
"02/14/2019","24.6795","24.9669","24.9980","24.6262","250.70K","-1.15%"
"02/13/2019","24.9669","24.8242","25.0522","24.7772","246.71K","0.57%"
"02/12/2019","24.8243","24.8108","24.9083","24.7125","258.81K","0.07%"
"02/11/2019","24.8072","24.7039","24.8697","24.5935","207.36K","0.43%"
"02/08/2019","24.7020","24.7386","24.7770","24.6231","238.98K","-0.14%"
"02/07/2019","24.7367","24.7127","24.8417","24.6313","251.25K","0.09%"
"02/06/2019","24.7137","24.6511","24.8755","24.6279","262.67K","0.30%"
"02/05/2019","24.6406","24.9143","24.9522","24.6384","239.29K","-1.11%"
"02/04/2019","24.9172","24.9917","25.0852","24.8457","188.56K","-0.28%"
"02/01/2019","24.9880","25.0474","25.1579","24.8880","275.21K","-0.24%"
"01/31/2019","25.0474","25.0949","25.1662","24.8682","283.22K","-0.19%"
"01/30/2019","25.0958","24.8235","25.1400","24.7962","287.85K","1.10%"
"01/29/2019","24.8230","25.0656","25.1135","24.8069","277.01K","-0.94%"
"01/28/2019","25.0598","25.0519","25.1339","24.9790","221.35K","-0.01%"
"01/25/2019","25.0622","24.8477","25.1279","24.7127","266.19K","0.86%"
"01/24/2019","24.8496","24.8683","24.9389","24.7071","255.99K","-0.09%"
"01/23/2019","24.8712","24.8398","25.0379","24.7672","256.78K","0.14%"
"01/22/2019","24.8369","24.7069","24.9012","24.6927","239.77K","0.51%"
"01/21/2019","24.7108","24.5840","24.7841","24.5284","213.55K","0.58%"
"01/18/2019","24.5688","24.6960","24.7439","24.5070","254.19K","-0.52%"
"01/17/2019","24.6979","24.3433","24.7414","24.2824","279.81K","1.48%"
"01/16/2019","24.3385","24.4309","24.5514","24.3164","","-0.37%"
"01/15/2019","24.4290","24.4179","24.5293","24.1002","","0.03%"
"01/14/2019","24.4226","24.5926","24.7048","24.4059","","-0.71%"
"01/11/2019","24.5974","24.4035","24.6257","24.2463","","0.86%"
"01/10/2019","24.3873","24.5882","24.6330","24.3738","","-0.81%"
"01/09/2019","24.5862","24.6271","24.7151","24.4858","","-0.19%"
"01/08/2019","24.6320","24.7463","24.8318","24.5300","12.46K","-0.46%"
"01/07/2019","24.7455","24.7205","24.8233","24.6078","12.26K","0.11%"
"01/04/2019","24.7184","24.7989","24.8840","24.6748","0.00K","-0.31%"
"01/03/2019","24.7950","24.6689","24.8325","24.4046","13.52K","0.48%"
"01/02/2019","24.6777","25.0593","25.0997","24.6124","11.51K","-1.52%"
"01/01/2019","25.0593","25.0741","25.0881","25.0021","8.23K","-0.04%"
"12/31/2018","25.0696","24.9326","25.1968","24.9152","","0.35%"
"12/28/2018","24.9817","24.8790","25.0785","24.8588","","0.42%"
"12/27/2018","24.8781","25.1472","25.2478","24.8021","","-1.08%"
"12/26/2018","25.1502","25.2466","25.3963","25.1293","","-0.48%"
"12/25/2018","25.2705","25.2899","25.4406","25.2178","","-0.07%"
"12/24/2018","25.2890","25.2439","25.3689","25.1219","","0.34%"
"12/21/2018","25.2030","25.1708","25.3407","25.0837","","0.14%"
"12/20/2018","25.1688","25.3673","25.4318","25.0879","","-0.78%"
"12/19/2018","25.3663","25.3901","25.5189","25.1984","","-0.10%"
"12/18/2018","25.3915","25.3459","25.5255","25.3082","","0.16%"
"12/17/2018","25.3519","25.4729","25.5446","25.2396","","-0.47%"
"12/14/2018","25.4708","25.7113","25.8419","25.4052","","-0.95%"
"12/13/2018","25.7144","25.3584","25.7531","25.3203","","1.40%"
"12/12/2018","25.3584","25.2292","25.5048","25.1766","","0.50%"
"12/11/2018","25.2332","25.5114","25.7126","25.1828","","-1.08%"
"12/10/2018","25.5093","25.7976","25.8622","25.4743","","-1.11%"
"12/07/2018","25.7966","26.0190","26.0921","25.7141","","-0.85%"
"12/06/2018","26.0190","26.1052","26.3687","25.9650","","-0.33%"
"12/05/2018","26.1063","26.1014","26.2469","25.9640","","0.05%"
"12/04/2018","26.0932","25.9093","26.2137","25.8074","","0.71%"
"12/03/2018","25.9093","26.0545","26.0979","25.4418","","-0.47%"
"11/30/2018","26.0320","25.8911","26.0698","25.8365","","0.52%"
"11/29/2018","25.8961","26.0300","26.0419","25.7477","","-0.52%"
"11/28/2018","26.0310","26.1088","26.2309","25.9269","","-0.30%"
"11/27/2018","26.1088","26.4612","26.4746","26.0405","","-1.33%"
"11/26/2018","26.4615","26.2340","26.4636","26.0797","","1.18%"
"11/23/2018","26.1534","26.1585","26.2256","26.0162","","-0.02%"
"11/22/2018","26.1585","25.8673","26.1951","25.8518","","1.12%"
"11/21/2018","25.8694","26.0351","26.1057","25.7728","","-0.64%"
"11/20/2018","26.0351","26.1918","26.3498","25.9464","","-0.59%"
"11/19/2018","26.1897","25.8591","26.2437","25.8234","","1.23%"
"11/16/2018","25.8716","25.8413","26.1788","25.7295","","0.09%"
"11/15/2018","25.8484","26.5147","26.5569","25.7590","","-2.55%"
"11/14/2018","26.5259","26.5866","26.7273","26.2788","","-0.20%"
"11/13/2018","26.5795","26.1702","26.7011","26.0770","","1.56%"
"11/12/2018","26.1702","26.1020","26.2651","25.9505","","0.13%"
"11/09/2018","26.1352","26.3794","26.5361","26.0222","","-0.93%"
"11/08/2018","26.3797","26.0863","26.4002","25.9877","","1.14%"
"11/07/2018","26.0834","25.8384","26.1816","25.7516","","0.95%"
"11/06/2018","25.8387","25.9373","26.1405","25.8059","","-0.36%"
"11/05/2018","25.9333","26.0987","26.2185","25.9081","","-0.21%"
"11/02/2018","25.9885","26.2246","26.2808","25.8881","","-0.92%"
"11/01/2018","26.2286","25.9657","26.2763","25.9130","","1.01%"
"10/31/2018","25.9667","25.4790","26.1207","25.4336","","1.91%"
"10/30/2018","25.4790","25.6657","25.7322","25.4081","","-0.73%"
"10/29/2018","25.6657","24.8360","25.7576","24.7949","","3.29%"
"10/26/2018","24.8475","24.9810","25.0903","24.7979","","-0.53%"
"10/25/2018","24.9810","25.2635","25.2972","24.8612","","-1.10%"
"10/24/2018","25.2586","25.0540","25.2972","24.8842","","0.82%"
"10/23/2018","25.0540","25.1641","25.3040","25.0075","","-0.41%"
"10/22/2018","25.1583","25.1771","25.2394","25.0380","","-0.11%"
"10/19/2018","25.1849","24.9353","25.2803","24.8587","","1.00%"
"10/18/2018","24.9354","24.7583","25.0465","24.7013","","0.70%"
"10/17/2018","24.7611","24.7189","24.7924","24.6512","","0.14%"
"10/16/2018","24.7274","24.7826","24.9354","24.7045","","-0.22%"
"10/15/2018","24.7826","24.7683","24.8239","24.6734","","-0.11%"
"10/12/2018","24.8100","25.1203","25.1362","24.7844","","-1.23%"
"10/11/2018","25.1184","25.2800","25.3891","25.0086","","-0.64%"
"10/10/2018","25.2794","25.0252","25.2995","24.9622","","1.01%"
"10/09/2018","25.0262","24.7957","25.0523","24.7453","","0.93%"
"10/08/2018","24.7957","24.6745","24.8096","24.5100","","0.36%"
"10/05/2018","24.7057","24.8698","24.9456","24.6439","","-0.66%"
"10/04/2018","24.8708","24.6471","24.9930","24.6133","","0.92%"
"10/03/2018","24.6442","24.3947","24.6822","24.3124","","1.02%"
"10/02/2018","24.3947","24.4144","24.4762","24.2842","","-0.08%"
"10/01/2018","24.4134","24.3929","24.4457","24.1348","","0.09%"
"09/28/2018","24.3910","24.5736","24.6193","24.3466","","-0.73%"
"09/27/2018","24.5708","24.8169","24.8983","24.5552","","-0.97%"
"09/26/2018","24.8103","25.0514","25.0923","24.7989","","-0.91%"
"09/25/2018","25.0372","24.8895","25.1044","24.8098","","0.59%"
"09/24/2018","24.8895","24.6071","24.8979","24.5804","","1.07%"
"09/21/2018","24.6269","24.9819","25.0472","24.5601","","-1.41%"
"09/20/2018","24.9791","24.6801","25.0406","24.6520","","1.22%"
"09/19/2018","24.6792","24.7281","24.7843","24.5391","","-0.20%"
"09/18/2018","24.7281","24.7880","24.8809","24.6091","","-0.24%"
"09/17/2018","24.7880","24.6813","24.8374","24.6669","","0.44%"
"09/14/2018","24.6803","24.6851","24.7566","24.6084","","-0.03%"
"09/13/2018","24.6873","24.8145","24.8984","24.6355","","-0.51%"
"09/12/2018","24.8144","25.0074","25.0179","24.7895","","-0.79%"
"09/11/2018","25.0112","25.1040","25.1837","24.9334","","-0.37%"
"09/10/2018","25.1041","24.9956","25.2179","24.9202","","0.53%"
"09/07/2018","24.9715","24.8084","25.0118","24.7316","","0.66%"
"09/06/2018","24.8084","24.9599","25.1424","24.7607","","-0.63%"
"09/05/2018","24.9647","24.9432","25.2991","24.9016","","0.07%"
"09/04/2018","24.9461","24.6933","24.9761","24.6764","","0.98%"
"09/03/2018","24.7048","24.7561","24.8010","24.6130","","-0.15%"
"08/31/2018","24.7409","24.8667","24.9857","24.6928","","-0.52%"
"08/30/2018","24.8704","24.6942","24.9575","24.6704","","0.72%"
"08/29/2018","24.6923","24.5735","24.8514","24.4312","","0.49%"
"08/28/2018","24.5731","24.1944","24.6049","24.1496","","1.57%"
"08/27/2018","24.1944","24.2830","24.2984","23.9753","","-0.45%"
"08/24/2018","24.3037","24.3654","24.4815","24.1675","","-0.25%"
"08/23/2018","24.3654","24.1835","24.3742","24.1094","","0.76%"
"08/22/2018","24.1807","24.4564","24.5179","24.1728","","-1.13%"
"08/21/2018","24.4563","24.3226","24.4775","24.2277","","0.55%"
"08/20/2018","24.3216","24.0700","24.4120","24.0194","","0.95%"
"08/17/2018","24.0939","24.1442","24.3699","24.0127","","-0.21%"
"08/16/2018","24.1442","24.2976","24.3841","24.0735","","-0.64%"
"08/15/2018","24.3005","24.0281","24.4692","23.9787","","1.13%"
"08/14/2018","24.0281","24.4172","24.4548","23.9840","","-1.57%"
"08/13/2018","24.4124","24.1433","24.7300","24.1027","","1.10%"
"08/10/2018","24.1462","23.9716","24.2768","23.9596","","0.73%"
"08/09/2018","23.9716","23.7936","24.0777","23.7453","","0.75%"
"08/08/2018","23.7936","23.8808","23.9299","23.7157","","-0.37%"
"08/07/2018","23.8826","23.9710","24.0230","23.8427","","-0.37%"
"08/06/2018","23.9701","24.1384","24.1707","23.8890","","-0.68%"
"08/03/2018","24.1341","24.2802","24.3573","24.1073","","-0.60%"
"08/02/2018","24.2802","24.3986","24.5810","24.2270","","-0.49%"
"08/01/2018","24.3986","24.4783","24.5589","24.3462","","-0.33%"
"07/31/2018","24.4782","24.3507","24.5212","24.3130","","0.53%"
"07/30/2018","24.3489","24.3902","24.4887","24.3025","","-0.31%"
"07/27/2018","24.4245","24.4168","24.4922","24.2899","","0.03%"
"07/26/2018","24.4175","24.6235","24.7055","24.3930","","-0.83%"
"07/25/2018","24.6207","24.8175","24.8520","24.6045","","-0.80%"
"07/24/2018","24.8185","24.7354","24.9139","24.6628","","0.32%"
"07/23/2018","24.7402","24.9985","25.1557","24.7103","","-0.98%"
"07/20/2018","24.9862","24.7962","25.1199","24.7209","","0.77%"
"07/19/2018","24.7963","24.6958","24.8672","24.6596","","0.38%"
"07/18/2018","24.7015","24.7734","24.8707","24.5692","","-0.29%"
"07/17/2018","24.7733","24.9083","25.1251","24.6467","","-0.55%"
"07/16/2018","24.9093","24.9903","25.0471","24.8776","","-0.37%"
"07/13/2018","25.0013","25.0643","25.1027","24.8843","","-0.25%"
"07/12/2018","25.0643","25.1991","25.2387","24.8233","","-0.54%"
"07/11/2018","25.2000","25.1332","25.3141","25.0346","","0.29%"
"07/10/2018","25.1276","25.4837","25.5761","25.0532","","-1.40%"
"07/09/2018","25.4838","25.3145","25.5540","25.2774","","0.81%"
"07/06/2018","25.2794","25.4166","25.5178","25.2294","","-0.54%"
"07/05/2018","25.4157","25.7346","25.7814","25.3496","","-1.24%"
"07/04/2018","25.7346","25.6739","25.8275","25.6337","","0.26%"
"07/03/2018","25.6690","26.2243","26.3360","25.6487","","-2.12%"
"07/02/2018","26.2243","26.2543","26.5146","25.8884","","-0.32%"
"06/29/2018","26.3080","25.7872","26.3614","25.7204","","2.02%"
"06/28/2018","25.7872","26.4633","26.4970","25.7520","","-2.54%"
"06/27/2018","26.4603","26.3912","26.5483","26.2319","","0.25%"
"06/26/2018","26.3956","26.4143","26.5408","26.2034","","-0.07%"
"06/25/2018","26.4143","26.5546","26.7600","26.3987","","-0.54%"
"06/22/2018","26.5589","26.9360","27.0323","26.4986","","-1.40%"
"06/21/2018","26.9360","26.8203","27.0489","26.7536","","0.43%"
"06/20/2018","26.8203","27.0526","27.0782","26.8068","","-0.86%"
"06/19/2018","27.0526","27.1621","27.3767","26.9860","","-0.40%"
"06/18/2018","27.1621","27.4001","27.5180","27.1598","","-0.89%"
"06/15/2018","27.4073","27.7050","27.8008","27.3776","","-1.08%"
"06/14/2018","27.7060","27.6094","27.7390","27.3626","","0.34%"
"06/13/2018","27.6114","27.7027","27.7612","27.5169","","-0.33%"
"06/12/2018","27.7016","27.5431","27.7193","27.4204","","0.58%"
"06/11/2018","27.5431","27.1957","27.5725","27.1835","","1.22%"
"06/08/2018","27.2113","27.4863","27.6954","27.1431","","-1.00%"
"06/07/2018","27.4873","27.2298","27.7056","27.2029","","0.95%"
"06/06/2018","27.2297","27.4100","27.5179","27.1606","","-0.66%"
"06/05/2018","27.4100","26.7295","27.4180","26.7035","","2.55%"
"06/04/2018","26.7275","26.5986","26.7602","26.5515","","0.41%"
"06/01/2018","26.6195","26.4860","26.6448","26.3744","","0.50%"
"05/31/2018","26.4860","26.2162","26.6612","26.1973","","1.01%"
"05/30/2018","26.2202","26.2818","26.3664","26.1049","","-0.26%"
"05/29/2018","26.2897","26.0826","26.3613","25.9774","","0.77%"
"05/28/2018","26.0885","25.9986","26.1189","25.9321","","0.28%"
"05/25/2018","26.0160","26.1887","26.2366","25.9295","","-0.67%"
"05/24/2018","26.1906","26.2065","26.4650","26.1283","","-0.04%"
"05/23/2018","26.2015","26.5674","26.7118","26.0565","","-1.37%"
"05/22/2018","26.5666","26.6199","26.6645","26.4746","","-0.19%"
"05/21/2018","26.6179","26.8810","26.9054","26.5905","","-0.99%"
"05/18/2018","26.8850","26.6783","26.9281","26.5434","","0.78%"
"05/17/2018","26.6763","26.3994","26.6935","26.3165","","1.05%"
"05/16/2018","26.3991","26.6011","26.7111","26.3896","","-0.76%"
"05/15/2018","26.6011","26.6043","26.8358","26.5244","","-0.01%"
"05/14/2018","26.6033","26.3306","26.6232","26.2101","","1.12%"
"05/11/2018","26.3083","25.9871","26.3401","25.9650","","1.21%"
"05/10/2018","25.9929","26.5116","26.5819","25.9460","","-1.96%"
"05/09/2018","26.5125","26.5089","26.6580","26.4542","","0.01%"
"05/08/2018","26.5108","26.3901","26.5624","26.3343","","0.46%"
"05/07/2018","26.3901","26.0806","26.5011","26.0125","","1.21%"
"05/04/2018","26.0748","25.8793","26.1136","25.8439","","0.76%"
"05/03/2018","25.8793","25.9191","26.0331","25.7654","","-0.17%"
"05/02/2018","25.9239","25.7993","26.1459","25.6745","","0.48%"
"05/01/2018","25.7993","25.7516","25.8669","25.5726","","0.11%"
"04/30/2018","25.7713","25.6687","25.9094","25.6059","","0.45%"
"04/27/2018","25.6556","26.1876","26.2171","25.6313","","-2.05%"
"04/26/2018","26.1933","26.2593","26.4207","26.0889","","-0.24%"
"04/25/2018","26.2565","26.3059","26.6761","26.1815","","-0.18%"
"04/24/2018","26.3041","26.4099","26.4272","26.2192","","-0.40%"
"04/23/2018","26.4099","25.9661","26.4370","25.9194","","1.78%"
"04/20/2018","25.9476","25.9814","26.2161","25.9062","","-0.16%"
"04/19/2018","25.9897","25.6933","26.1216","25.6317","","1.15%"
"04/18/2018","25.6932","25.7870","25.8268","25.5305","","-0.36%"
"04/17/2018","25.7869","25.8257","25.9179","25.6627","","-0.15%"
"04/16/2018","25.8257","25.7181","25.8944","25.6711","","0.50%"
"04/13/2018","25.6981","25.8774","25.9237","25.6823","","-0.70%"
"04/12/2018","25.8784","25.8420","25.9264","25.6786","","0.14%"
"04/11/2018","25.8429","25.8937","26.0169","25.7920","","-0.19%"
"04/10/2018","25.8928","25.9324","26.0220","25.7962","","-0.15%"
"04/09/2018","25.9324","25.7813","25.9936","25.7291","","0.61%"
"04/06/2018","25.7741","25.4961","25.8567","25.4770","","1.10%"
"04/05/2018","25.4944","25.4821","25.5462","25.2783","","0.03%"
"04/04/2018","25.4875","25.6120","25.7752","25.4280","","-0.49%"
"04/03/2018","25.6120","25.6277","25.6788","25.4942","","-0.07%"
"04/02/2018","25.6295","25.4905","25.7964","25.4650","","0.68%"
"03/30/2018","25.4558","25.4909","25.5699","25.4413","","-0.15%"
"03/29/2018","25.4937","25.7675","25.8245","25.4748","","-1.06%"
"03/28/2018","25.7675","26.0220","26.1440","25.6835","","-0.98%"
"03/27/2018","26.0220","26.0928","26.1240","25.8584","","-0.26%"
"03/26/2018","26.0909","26.1855","26.2858","25.9952","","-0.32%"
"03/23/2018","26.1734","26.2671","26.3821","26.1445","","-0.36%"
"03/22/2018","26.2671","26.0720","26.3270","26.0574","","0.75%"
"03/21/2018","26.0711","26.2685","26.2950","26.0139","","-0.76%"
"03/20/2018","26.2704","26.2347","26.3729","26.1965","","0.14%"
"03/19/2018","26.2347","26.0386","26.5076","26.0386","","0.70%"
"03/16/2018","26.0535","26.0611","26.2170","25.9980","","-0.04%"
"03/15/2018","26.0629","25.9458","26.1876","25.8641","","0.45%"
"03/14/2018","25.9458","25.9771","26.0333","25.8520","","-0.12%"
"03/13/2018","25.9771","25.8482","26.0508","25.7679","","0.50%"
"03/12/2018","25.8472","25.7682","25.9692","25.7598","","0.30%"
"03/09/2018","25.7702","25.7743","25.8475","25.6176","","-0.01%"
"03/08/2018","25.7739","26.0153","26.0452","25.6863","","-0.92%"
"03/07/2018","26.0144","26.0234","26.2890","25.9943","","-0.03%"
"03/06/2018","26.0234","26.0309","26.0832","25.8792","","-0.03%"
"03/05/2018","26.0309","25.9301","26.2213","25.9301","","0.30%"
"03/02/2018","25.9534","25.9544","26.1942","25.9106","","0.00%"
"03/01/2018","25.9544","25.9252","26.0513","25.8336","","0.11%"
"02/28/2018","25.9252","26.2130","26.2292","25.8718","","-1.09%"
"02/27/2018","26.2111","26.0901","26.2358","25.9958","","0.46%"
"02/26/2018","26.0901","25.9236","26.1983","25.9140","","0.78%"
"02/23/2018","25.8888","25.9688","26.0351","25.8713","","-0.35%"
"02/22/2018","25.9800","26.2199","26.2346","25.9652","","-0.91%"
"02/21/2018","26.2180","26.1846","26.2709","25.9794","","0.14%"
"02/20/2018","26.1818","25.9560","26.2164","25.8612","","0.87%"
"02/19/2018","25.9569","25.9909","25.9993","25.8777","","-0.19%"
"02/16/2018","26.0053","26.0850","26.1799","25.9053","","-0.30%"
"02/15/2018","26.0840","26.0264","26.1156","25.9113","","0.25%"
"02/14/2018","26.0181","25.9320","26.0332","25.7141","","0.35%"
"02/13/2018","25.9274","25.7419","25.9383","25.7100","","0.72%"
"02/12/2018","25.7429","25.8713","25.9234","25.6795","","-0.57%"
"02/09/2018","25.8900","26.2910","26.3546","25.8079","","-1.53%"
"02/08/2018","26.2910","26.1000","26.5050","26.0126","","0.75%"
"02/07/2018","26.0944","25.9498","26.1081","25.8215","","0.56%"
"02/06/2018","25.9498","26.2146","26.4696","25.9139","","-1.00%"
"02/05/2018","26.2127","26.2722","26.3689","26.0023","","-0.20%"
"02/02/2018","26.2654","26.1730","26.3440","26.1263","","0.35%"
"02/01/2018","26.1749","26.3981","26.5764","26.0876","","-0.84%"
"01/31/2018","26.3971","26.5572","26.6026","26.2833","","-0.59%"
"01/30/2018","26.5544","26.1945","26.5795","26.1204","","1.37%"
"01/29/2018","26.1955","26.1751","26.2939","26.0124","","0.01%"
"01/26/2018","26.1934","26.3196","26.4858","26.1155","","-0.45%"
"01/25/2018","26.3112","26.3547","26.4671","26.0951","","-0.15%"
"01/24/2018","26.3503","26.1716","26.4057","26.1568","","0.68%"
"01/23/2018","26.1735","26.1337","26.3922","26.0970","","0.15%"
"01/22/2018","26.1337","25.8209","26.1855","25.8030","","1.36%"
"01/19/2018","25.7818","25.8554","25.9485","25.6951","","-0.27%"
"01/18/2018","25.8507","25.8772","26.0704","25.7991","","-0.10%"
"01/17/2018","25.8773","25.8886","25.9603","25.6948","","-0.05%"
"01/16/2018","25.8892","26.0046","26.0450","25.7908","","-0.45%"
"01/15/2018","26.0055","26.1368","26.1835","25.8839","","-0.52%"
"01/12/2018","26.1410","26.0884","26.2246","25.9455","","0.20%"
"01/11/2018","26.0884","26.0622","26.2965","25.9820","","0.12%"
"01/10/2018","26.0564","26.0511","26.2346","25.9027","","0.03%"
"01/09/2018","26.0492","26.0902","26.1806","25.9618","","-0.14%"
"01/08/2018","26.0845","26.0292","26.1323","25.9442","","0.21%"
"01/05/2018","26.0296","26.1401","26.3033","26.0044","","-0.43%"
"01/04/2018","26.1431","26.1529","26.2562","26.0021","","-0.04%"
"01/03/2018","26.1538","26.5546","26.5723","26.1228","","-1.50%"
"01/02/2018","26.5527","26.5558","26.6057","26.3524","","0.02%"
"01/01/2018","26.5479","26.5601","26.5853","26.5178","","-0.05%"
"12/29/2017","26.5601","26.5086","26.6824","26.4378","","0.21%"
"12/28/2017","26.5056","26.3787","26.6075","26.3652","","0.48%"
"12/27/2017","26.3787","26.5702","26.6540","26.3626","","-0.72%"
"12/26/2017","26.5701","26.3915","26.6463","26.1022","","0.68%"
"12/25/2017","26.3905","26.3590","26.4512","26.3551","","0.09%"
"12/22/2017","26.3669","26.0562","26.4385","25.9842","","1.19%"
"12/21/2017","26.0562","25.6887","26.1369","25.6786","","1.43%"
"12/20/2017","25.6897","25.7113","25.8459","25.6748","","-0.09%"
"12/19/2017","25.7122","25.5375","25.7509","25.4326","","0.68%"
"12/18/2017","25.5375","25.4822","25.6064","25.3769","","0.20%"
"12/15/2017","25.4861","25.7261","25.7398","25.3924","","-0.93%"
"12/14/2017","25.7261","25.5155","25.7307","25.4594","","0.83%"
"12/13/2017","25.5151","25.5327","25.6797","25.4138","","-0.07%"
"12/12/2017","25.5327","25.4241","25.6060","25.3899","","0.44%"
"12/11/2017","25.4215","25.3561","25.4389","25.2649","","0.27%"
"12/08/2017","25.3542","25.5629","25.6526","25.3056","","-0.82%"
"12/07/2017","25.5628","25.2653","25.5900","25.1960","","1.18%"
"12/06/2017","25.2654","25.2148","25.3305","25.0476","","0.20%"
"12/05/2017","25.2157","25.0883","25.2572","24.8822","","0.51%"
"12/04/2017","25.0874","25.1077","25.2590","25.0090","","-0.03%"
"12/01/2017","25.0938","25.1985","25.2747","25.0590","","-0.43%"
"11/30/2017","25.2012","24.8956","25.2589","24.8791","","1.22%"
"11/29/2017","24.8965","24.7327","24.9265","24.7252","","0.65%"
"11/28/2017","24.7354","24.7515","24.8742","24.5479","","-0.06%"
"11/27/2017","24.7513","24.7544","24.7952","24.6181","","-0.09%"
"11/24/2017","24.7744","24.7843","24.9085","24.6564","","-0.03%"
"11/23/2017","24.7824","24.8405","24.8865","24.7219","","-0.25%"
"11/22/2017","24.8433","24.8565","24.9846","24.7732","","-0.05%"
"11/21/2017","24.8565","25.1382","25.2537","24.8350","","-1.12%"
"11/20/2017","25.1391","24.9813","25.2467","24.9772","","0.59%"
"11/17/2017","24.9920","25.1465","25.3314","24.9816","","-0.62%"
"11/16/2017","25.1484","25.3577","25.3770","25.1141","","-0.82%"
"11/15/2017","25.3558","25.2314","25.5315","25.1481","","0.48%"
"11/14/2017","25.2341","25.0902","25.2511","24.9135","","0.57%"
"11/13/2017","25.0903","25.1838","25.2097","24.9897","","-0.48%"
"11/10/2017","25.2103","25.0284","25.2471","24.9701","","0.73%"
"11/09/2017","25.0284","25.0375","25.1316","24.9459","","-0.04%"
"11/08/2017","25.0375","25.2175","25.2465","24.9264","","-0.73%"
"11/07/2017","25.2218","25.0578","25.2929","24.9797","","0.65%"
"11/06/2017","25.0578","25.1264","25.1272","24.9611","","-0.20%"
"11/03/2017","25.1092","24.7924","25.1629","24.7683","","1.28%"
"11/02/2017","24.7924","25.2556","25.3700","24.6894","","-1.84%"
"11/01/2017","25.2575","25.4337","25.5621","25.2402","","-0.70%"
"10/31/2017","25.4356","25.4090","25.4997","25.2962","","0.09%"
"10/30/2017","25.4138","25.1052","25.4936","25.0858","","1.16%"
"10/27/2017","25.1223","25.2745","25.2907","25.0443","","-0.60%"
"10/26/2017","25.2751","25.2554","25.3943","25.0433","","0.08%"
"10/25/2017","25.2554","25.2641","25.5435","25.1338","","-0.03%"
"10/24/2017","25.2638","25.1796","25.3228","25.1249","","0.33%"
"10/23/2017","25.1796","25.0337","25.2375","24.9698","","0.54%"
"10/20/2017","25.0453","24.7495","25.1215","24.6757","","1.20%"
"10/19/2017","24.7495","24.9072","24.9708","24.6998","","-0.63%"
"10/18/2017","24.9072","24.7599","24.9573","24.6623","","0.59%"
"10/17/2017","24.7599","25.2214","25.3399","24.6951","","-1.83%"
"10/16/2017","25.2214","25.1739","25.4143","25.1286","","0.36%"
"10/13/2017","25.1314","25.0751","25.2662","25.0265","","0.22%"
"10/12/2017","25.0752","24.7396","25.0947","24.5725","","1.36%"
"10/11/2017","24.7396","24.8616","24.8741","24.6627","","-0.49%"
"10/10/2017","24.8625","24.5382","24.9010","24.4596","","1.31%"
"10/09/2017","24.5401","24.2483","24.5911","24.2222","","1.23%"
"10/06/2017","24.2409","24.2630","24.2991","24.1399","","-0.09%"
"10/05/2017","24.2630","24.1996","24.2704","23.9506","","0.26%"
"10/04/2017","24.1996","24.1120","24.2560","24.0648","","0.34%"
"10/03/2017","24.1184","24.2058","24.2588","24.0928","","-0.37%"
"10/02/2017","24.2068","24.4216","24.4544","24.1460","","-1.02%"
"09/29/2017","24.4562","24.4150","24.4730","24.2284","","0.17%"
"09/28/2017","24.4150","24.3764","24.5430","24.2927","","0.17%"
"09/27/2017","24.3746","24.1668","24.3930","24.0506","","0.86%"
"09/26/2017","24.1668","24.1457","24.2321","24.0680","","0.09%"
"09/25/2017","24.1457","23.9474","24.1737","23.8950","","0.83%"
"09/22/2017","23.9474","24.2856","24.3101","23.8669","","-1.39%"
"09/21/2017","24.2856","23.9755","24.3301","23.9697","","1.30%"
"09/20/2017","23.9751","24.0454","24.1860","23.9474","","-0.29%"
"09/19/2017","24.0454","23.9732","24.1452","23.9241","","0.31%"
"09/18/2017","23.9714","23.9789","24.1138","23.8948","","-0.15%"
"09/15/2017","24.0080","23.6691","24.1074","23.6429","","1.44%"
"09/14/2017","23.6673","23.4486","23.8141","23.3805","","0.93%"
"09/13/2017","23.4486","23.5508","23.6517","23.4027","","-0.44%"
"09/12/2017","23.5525","23.2566","23.6521","23.2548","","1.27%"
"09/11/2017","23.2566","23.3859","23.4111","23.2266","","-0.50%"
"09/08/2017","23.3746","23.1528","23.4331","23.1055","","0.96%"
"09/07/2017","23.1528","23.2055","23.2608","23.0977","","-0.23%"
"09/06/2017","23.2055","23.3314","23.3638","23.1460","","-0.54%"
"09/05/2017","23.3304","23.1121","23.4012","23.0282","","0.94%"
"09/04/2017","23.1125","23.1012","23.2117","23.0581","","0.17%"
"09/01/2017","23.0726","23.1306","23.1704","23.0204","","-0.24%"
"08/31/2017","23.1287","22.8949","23.1420","22.8464","","1.01%"
"08/30/2017","22.8967","23.0475","23.1362","22.8838","","-0.66%"
"08/29/2017","23.0493","23.1142","23.2611","23.0364","","-0.29%"
"08/28/2017","23.1169","22.7291","23.1326","22.7100","","1.82%"
"08/25/2017","22.7044","22.6919","22.7326","22.6266","","0.06%"
"08/24/2017","22.6919","22.6403","22.7353","22.5918","","0.23%"
"08/23/2017","22.6394","22.6472","22.8691","22.6112","","-0.04%"
"08/22/2017","22.6475","22.7770","22.7978","22.5735","","-0.57%"
"08/21/2017","22.7770","22.7937","22.8566","22.7240","","-0.12%"
"08/18/2017","22.8043","22.9644","23.1129","22.7421","","-0.71%"
"08/17/2017","22.9671","22.7697","23.0143","22.7292","","0.85%"
"08/16/2017","22.7732","22.9169","22.9603","22.7371","","-0.63%"
"08/15/2017","22.9169","23.0406","23.0835","22.8927","","-0.54%"
"08/14/2017","23.0414","23.1633","23.2095","23.0016","","-0.67%"
"08/11/2017","23.1972","23.3196","23.3918","23.1330","","-0.52%"
"08/10/2017","23.3196","23.3367","23.3922","23.1853","","-0.10%"
"08/09/2017","23.3420","23.1932","23.4562","23.1761","","0.65%"
"08/08/2017","23.1923","23.3676","23.4229","23.1581","","-0.75%"
"08/07/2017","23.3680","23.2932","23.4888","23.2900","","0.21%"
"08/04/2017","23.3191","23.4457","23.5177","23.2668","","-0.54%"
"08/03/2017","23.4466","23.5679","23.6831","23.3417","","-0.48%"
"08/02/2017","23.5598","23.6211","23.7582","23.5432","","-0.26%"
"08/01/2017","23.6211","23.5254","23.6341","23.4266","","0.41%"
"07/31/2017","23.5245","23.3511","23.5906","23.2571","","0.72%"
"07/28/2017","23.3565","23.1607","23.4397","23.1248","","0.86%"
"07/27/2017","23.1579","23.0816","23.2222","23.0317","","0.34%"
"07/26/2017","23.0799","23.1555","23.2284","23.0316","","-0.32%"
"07/25/2017","23.1546","23.1001","23.2216","23.0656","","0.23%"
"07/24/2017","23.1004","22.9312","23.1750","22.8783","","0.66%"
"07/21/2017","22.9498","22.6863","22.9583","22.6455","","1.17%"
"07/20/2017","22.6846","22.8504","22.9812","22.6747","","-0.70%"
"07/19/2017","22.8434","22.7896","22.8987","22.7269","","0.22%"
"07/18/2017","22.7931","22.9625","23.0765","22.7462","","-0.73%"
"07/17/2017","22.9598","22.9745","23.0651","22.8992","","-0.18%"
"07/14/2017","23.0005","22.8769","23.0675","22.8002","","0.55%"
"07/13/2017","22.8745","22.9082","23.0584","22.8596","","-0.15%"
"07/12/2017","22.9099","23.0051","23.0762","22.8353","","-0.43%"
"07/11/2017","23.0078","23.1262","23.3206","22.9885","","-0.52%"
"07/10/2017","23.1286","23.3225","23.3364","23.0616","","-0.81%"
"07/07/2017","23.3184","23.6839","23.7325","23.2600","","-1.55%"
"07/06/2017","23.6857","23.6752","23.8364","23.5617","","0.05%"
"07/05/2017","23.6734","23.5115","23.7753","23.4682","","0.67%"
"07/04/2017","23.5170","23.5728","23.6138","23.4690","","-0.23%"
"07/03/2017","23.5719","23.5934","23.6637","23.5214","","-0.18%"
"06/30/2017","23.6151","23.4719","23.6536","23.2924","","0.62%"
"06/29/2017","23.4701","23.0708","23.5797","23.0541","","1.71%"
"06/28/2017","23.0761","23.0591","23.2988","22.9489","","0.08%"
"06/27/2017","23.0573","22.7439","23.1155","22.6788","","1.42%"
"06/26/2017","22.7350","22.9144","22.9676","22.6821","","-0.69%"
"06/23/2017","22.8919","22.9672","23.0639","22.8150","","-0.34%"
"06/22/2017","22.9690","23.1064","23.1289","22.8412","","-0.59%"
"06/21/2017","23.1046","22.9715","23.2020","22.9316","","0.57%"
"06/20/2017","22.9742","22.8706","23.0407","22.7825","","0.44%"
"06/19/2017","22.8734","22.8976","23.0198","22.8080","","-0.05%"
"06/16/2017","22.8838","23.0239","23.1038","22.8651","","-0.59%"
"06/15/2017","23.0202","22.8504","23.1840","22.8373","","0.74%"
"06/14/2017","22.8522","23.0273","23.0861","22.8376","","-0.76%"
"06/13/2017","23.0283","22.9596","23.0937","22.9117","","0.32%"
"06/12/2017","22.9541","23.1348","23.2214","22.9173","","-0.89%"
"06/09/2017","23.1602","23.5785","23.5922","23.0184","","-1.76%"
"06/08/2017","23.5758","23.6228","23.6839","23.4652","","-0.19%"
"06/07/2017","23.6209","23.5436","23.6818","23.4923","","0.32%"
"06/06/2017","23.5445","23.6680","23.8073","23.4948","","-0.53%"
"06/05/2017","23.6689","24.0158","24.2183","23.6208","","-1.70%"
"06/02/2017","24.0785","24.0168","24.1500","23.8627","","0.26%"
"06/01/2017","24.0160","24.0037","24.0474","23.8682","","0.06%"
"05/31/2017","24.0027","24.0439","24.1619","23.8192","","-0.22%"
"05/30/2017","24.0561","23.7266","24.0656","23.6710","","1.39%"
"05/29/2017","23.7266","23.7142","23.8254","23.6707","","0.07%"
"05/26/2017","23.7095","23.9468","23.9689","23.5990","","-0.99%"
"05/25/2017","23.9468","23.9252","24.0111","23.7621","","0.08%"
"05/24/2017","23.9280","24.1516","24.2563","23.8928","","-0.94%"
"05/23/2017","24.1543","24.2649","24.3387","24.0925","","-0.45%"
"05/22/2017","24.2640","24.3355","24.4005","24.1289","","-0.49%"
"05/19/2017","24.3832","24.3638","24.4620","24.2673","","0.12%"
"05/18/2017","24.3535","24.3592","25.0474","24.2443","","-0.02%"
"05/17/2017","24.3592","24.0834","24.3749","24.0501","","1.15%"
"05/16/2017","24.0814","24.1168","24.1822","23.9778","","-0.12%"
"05/15/2017","24.1102","24.2590","24.2703","24.0436","","-0.60%"
"05/12/2017","24.2553","24.2766","24.3133","24.1150","","-0.08%"
"05/11/2017","24.2753","24.6003","24.6369","24.2565","","-1.32%"
"05/10/2017","24.6003","24.7983","24.8826","24.4902","","-0.80%"
"05/09/2017","24.7984","24.8591","24.9239","24.7299","","-0.24%"
"05/08/2017","24.8591","24.6540","24.8783","24.5132","","0.79%"
"05/05/2017","24.6632","24.6222","24.7167","24.5336","","0.17%"
"05/04/2017","24.6222","24.2749","24.6707","24.1935","","1.43%"
"05/03/2017","24.2749","24.2846","24.3839","24.1995","","-0.04%"
"05/02/2017","24.2836","24.1484","24.3393","24.0268","","0.57%"
"05/01/2017","24.1465","24.3712","24.3870","24.1264","","-0.93%"
"04/28/2017","24.3729","24.5527","24.6898","24.3473","","-0.72%"
"04/27/2017","24.5508","24.6473","24.7356","24.3742","","-0.36%"
"04/26/2017","24.6406","24.2171","24.7605","24.1699","","1.77%"
"04/25/2017","24.2124","23.9708","24.3631","23.9138","","1.02%"
"04/24/2017","23.9670","24.1760","24.1948","23.6859","","-0.57%"
"04/21/2017","24.1045","24.0731","24.1846","24.0127","","0.12%"
"04/20/2017","24.0750","24.0872","24.2146","24.0048","","-0.05%"
"04/19/2017","24.0872","23.8766","24.1686","23.8484","","0.91%"
"04/18/2017","23.8710","23.2362","23.9199","23.1826","","2.71%"
"04/17/2017","23.2418","23.1852","23.4040","23.1741","","0.29%"
"04/14/2017","23.1741","23.2477","23.2777","23.1619","","-0.29%"
"04/13/2017","23.2412","23.2652","23.3611","23.1701","","-0.10%"
"04/12/2017","23.2633","23.4579","23.5170","23.2504","","-0.84%"
"04/11/2017","23.4607","23.1896","23.5135","23.1768","","1.17%"
"04/10/2017","23.1897","23.1645","23.2541","23.0248","","0.39%"
"04/07/2017","23.0999","23.3685","23.5419","23.0289","","-1.15%"
"04/06/2017","23.3685","23.4949","23.6131","23.3241","","-0.53%"
"04/05/2017","23.4930","23.4127","23.5415","23.3010","","0.33%"
"04/04/2017","23.4155","23.3192","23.5697","23.2492","","0.42%"
"04/03/2017","23.3179","23.4855","23.5116","23.2910","","-0.81%"
"03/31/2017","23.5083","23.3407","23.6373","23.2192","","0.71%"
"03/30/2017","23.3426","23.2631","23.4454","23.2076","","0.34%"
"03/29/2017","23.2631","23.6936","23.7147","23.2326","","-1.82%"
"03/28/2017","23.6936","23.7246","23.8130","23.5546","","-0.13%"
"03/27/2017","23.7246","23.4213","23.8962","23.4044","","1.42%"
"03/24/2017","23.3925","23.7013","23.7284","23.3847","","-1.30%"
"03/23/2017","23.7013","23.7514","23.9042","23.6686","","-0.21%"
"03/22/2017","23.7514","23.8372","23.9866","23.7020","","-0.36%"
"03/21/2017","23.8363","23.4945","23.9340","23.4403","","1.45%"
"03/20/2017","23.4964","23.6619","23.8102","23.4247","","-0.62%"
"03/17/2017","23.6434","23.8128","23.8401","23.6245","","-0.71%"
"03/16/2017","23.8128","23.6126","23.8205","23.4555","","0.81%"
"03/15/2017","23.6203","23.9008","24.0918","23.5833","","-1.17%"
"03/14/2017","23.9008","23.9716","23.9940","23.7490","","-0.30%"
"03/13/2017","23.9726","23.8534","24.0270","23.8161","","0.46%"
"03/10/2017","23.8638","24.1375","24.1821","23.7952","","-1.13%"
"03/09/2017","24.1365","23.9343","24.2384","23.8995","","0.82%"
"03/08/2017","23.9402","23.7820","23.9796","23.7188","","0.66%"
"03/07/2017","23.7839","24.0010","24.0598","23.6843","","-0.91%"
"03/06/2017","24.0019","23.9789","24.0804","23.8117","","0.06%"
"03/03/2017","23.9876","24.5355","24.5841","23.8768","","-2.23%"
"03/02/2017","24.5345","24.3576","24.5740","24.2972","","0.73%"
"03/01/2017","24.3576","24.8941","24.9718","24.2822","","-2.16%"
"02/28/2017","24.8941","24.7691","24.9563","24.6813","","0.51%"
"02/27/2017","24.7670","24.8262","24.8651","24.5065","","-0.23%"
"02/24/2017","24.8231","24.6916","24.8639","24.5968","","0.53%"
"02/23/2017","24.6916","24.7687","24.9607","24.5817","","-0.38%"
"02/22/2017","24.7866","24.9620","25.0510","24.7064","","-0.69%"
"02/21/2017","24.9580","25.3875","25.5563","24.8452","","-1.69%"
"02/20/2017","25.3874","25.3664","25.6319","25.3300","","0.06%"
"02/17/2017","25.3725","25.4600","25.5493","25.3289","","-0.32%"
"02/16/2017","25.4549","25.2653","25.5126","25.2372","","0.75%"
"02/15/2017","25.2653","25.2632","25.4058","25.1756","","0.01%"
"02/14/2017","25.2635","25.4063","25.4584","25.1786","","-0.54%"
"02/13/2017","25.4012","25.3890","25.5513","25.3470","","-0.06%"
"02/10/2017","25.4165","25.4304","25.5071","25.2294","","-0.05%"
"02/09/2017","25.4297","25.6790","25.8265","25.3768","","-0.99%"
"02/08/2017","25.6832","25.8019","25.8702","25.6009","","-0.44%"
"02/07/2017","25.7978","25.6475","25.8658","25.4759","","0.61%"
"02/06/2017","25.6423","25.4705","25.7753","25.3339","","0.72%"
"02/03/2017","25.4593","25.7394","25.7897","25.2919","","-1.10%"
"02/02/2017","25.7424","26.2114","26.2777","25.6172","","-1.79%"
"02/01/2017","26.2107","26.2133","26.3639","26.0744","","0.01%"
"01/31/2017","26.2071","25.9572","26.2786","25.7516","","0.98%"
"01/30/2017","25.9522","26.2021","26.3511","25.8424","","-1.07%"
"01/27/2017","26.2337","26.7184","26.8936","26.1490","","-1.81%"
"01/26/2017","26.7184","26.6270","26.8753","26.2490","","0.34%"
"01/25/2017","26.6291","26.9542","27.1539","26.4362","","-1.21%"
"01/24/2017","26.9542","26.8151","26.9680","26.4252","","0.51%"
"01/23/2017","26.8172","26.6795","26.8876","26.4723","","0.35%"
"01/20/2017","26.7232","27.0991","27.1289","26.5659","","-1.38%"
"01/19/2017","27.0969","26.8894","27.1813","26.8279","","0.80%"
"01/18/2017","26.8828","26.6951","27.0103","26.5298","","0.71%"
"01/17/2017","26.6940","26.1874","26.7821","26.0699","","1.93%"
"01/16/2017","26.1874","25.9096","26.2028","25.7324","","0.13%"
"01/13/2017","26.1534","26.4862","26.6576","26.1497","","-1.27%"
"01/12/2017","26.4906","26.6967","26.8519","26.3501","","-0.77%"
"01/11/2017","26.6967","26.5507","26.8285","26.3288","","0.55%"
"01/10/2017","26.5508","26.0011","26.5815","25.9115","","2.11%"
"01/09/2017","26.0022","26.0448","26.0731","25.8000","","-0.31%"
"01/06/2017","26.0840","26.6071","26.6462","25.9990","","-1.97%"
"01/05/2017","26.6075","26.4233","26.8151","25.9711","","0.71%"
"01/04/2017","26.4212","25.8335","26.6307","25.7432","","2.26%"
"01/03/2017","25.8378","25.4535","25.8584","25.3274","","1.51%"
"01/02/2017","25.4535","25.5881","25.6140","25.4233","","-0.47%"
"12/30/2016","25.5746","25.4160","25.6072","25.3717","","0.62%"
"12/29/2016","25.4182","25.3714","25.4430","25.2314","","0.19%"
"12/28/2016","25.3704","25.4603","25.5508","25.2631","","-0.37%"
"12/27/2016","25.4645","25.3547","25.5227","25.1978","","0.43%"
"12/26/2016","25.3558","25.2834","25.4230","25.2575","","0.07%"
"12/23/2016","25.3392","25.4936","25.5238","25.2075","","-0.61%"
"12/22/2016","25.4936","25.3952","25.6797","25.3767","","0.39%"
"12/21/2016","25.3952","25.3105","25.4589","25.2476","","0.39%"
"12/20/2016","25.2962","25.2812","25.3326","25.1099","","0.06%"
"12/19/2016","25.2811","25.5293","25.6306","25.2133","","-1.01%"
"12/16/2016","25.5395","25.2555","25.6121","25.1677","","1.13%"
"12/15/2016","25.2535","25.7208","25.9139","25.2193","","-1.82%"
"12/14/2016","25.7208","25.6724","25.7905","25.5720","","0.19%"
"12/13/2016","25.6711","25.6309","25.8132","25.5864","","0.18%"
"12/12/2016","25.6249","25.6503","25.6893","25.4658","","-0.09%"
"12/09/2016","25.6483","25.5528","25.8111","25.5135","","0.37%"
"12/08/2016","25.5528","25.6704","25.9199","25.5335","","-0.46%"
"12/07/2016","25.6704","25.8560","25.8820","25.4474","","-0.73%"
"12/06/2016","25.8581","26.2116","26.2659","25.7194","","-1.38%"
"12/05/2016","26.2209","26.2480","26.3789","26.0879","","-0.13%"
"12/02/2016","26.2558","26.1422","26.3140","26.0149","","0.42%"
"12/01/2016","26.1463","25.7242","26.3377","25.6557","","1.63%"
"11/30/2016","25.7274","25.7507","25.8116","25.5153","","-0.09%"
"11/29/2016","25.7506","25.6189","25.8677","25.5410","","0.52%"
"11/28/2016","25.6169","25.7822","25.8385","25.4263","","-0.77%"
"11/25/2016","25.8158","25.8284","25.8554","25.5750","","-0.05%"
"11/24/2016","25.8284","25.6824","25.9085","25.6220","","0.58%"
"11/23/2016","25.6793","25.5802","25.8351","25.4282","","0.39%"
"11/22/2016","25.5791","25.5611","25.6129","25.2115","","0.10%"
"11/21/2016","25.5540","25.4770","25.6681","25.1877","","0.31%"
"11/18/2016","25.4749","25.3638","25.7777","25.0457","","0.45%"
"11/17/2016","25.3607","25.1457","25.4280","25.0330","","0.86%"
"11/16/2016","25.1457","25.2499","25.5412","25.1136","","-0.42%"
"11/15/2016","25.2509","25.8525","25.9811","25.1005","","-2.36%"
"11/14/2016","25.8618","26.1067","26.4115","25.7266","","-1.00%"
"11/11/2016","26.1233","25.8380","26.9975","25.7231","","1.10%"
"11/10/2016","25.8400","24.6222","26.0671","24.5087","","4.95%"
"11/09/2016","24.6222","22.6656","26.0688","22.4474","","8.66%"
"11/08/2016","22.6592","23.0411","23.1633","22.6511","","-1.70%"
"11/07/2016","23.0522","23.8236","23.8492","23.0188","","-3.20%"
"11/04/2016","23.8139","23.8959","24.0534","23.6741","","-0.34%"
"11/03/2016","23.8940","23.8253","24.1751","23.7249","","0.28%"
"11/02/2016","23.8273","23.4946","23.9489","23.4599","","1.41%"
"11/01/2016","23.4956","23.0971","23.5907","22.9751","","1.73%"
"10/31/2016","23.0971","23.1014","23.2321","22.9333","","-0.07%"
"10/28/2016","23.1131","22.9182","23.3150","22.7212","","0.86%"
"10/27/2016","22.9154","22.8912","23.0508","22.8447","","0.13%"
"10/26/2016","22.8866","22.5810","22.9217","22.5157","","1.37%"
"10/25/2016","22.5783","22.7058","22.7177","22.3845","","-0.58%"
"10/24/2016","22.7095","22.7193","22.7808","22.6194","","-0.16%"
"10/21/2016","22.7453","22.8133","22.8389","22.6956","","-0.27%"
"10/20/2016","22.8077","22.7451","22.8601","22.6680","","0.26%"
"10/19/2016","22.7479","22.8853","22.9694","22.7234","","-0.60%"
"10/18/2016","22.8853","22.9720","23.1171","22.8573","","-0.38%"
"10/17/2016","22.9720","23.1751","23.2060","22.9131","","-0.84%"
"10/14/2016","23.1675","23.1949","23.2323","23.0069","","-0.12%"
"10/13/2016","23.1949","23.0825","23.3211","23.0319","","0.48%"
"10/12/2016","23.0844","22.9186","23.2629","22.8798","","0.73%"
"10/11/2016","22.9175","23.4029","23.4440","22.8976","","-2.07%"
"10/10/2016","23.4019","23.9982","24.0281","23.2701","","-2.45%"
"10/07/2016","23.9905","24.2701","24.2927","22.7109","","-1.14%"
"10/06/2016","24.2662","24.4851","24.5435","24.2580","","-0.91%"
"10/05/2016","24.4899","24.5991","24.6640","24.4640","","-0.44%"
"10/04/2016","24.5982","24.7703","24.8343","24.4053","","-0.69%"
"10/03/2016","24.7693","25.0939","25.1251","24.6932","","-1.53%"
"09/30/2016","25.1550","25.3220","25.4767","25.0584","","-0.66%"
"09/29/2016","25.3230","25.2178","25.3529","25.0845","","0.42%"
"09/28/2016","25.2178","25.2526","25.4358","25.1573","","-0.13%"
"09/27/2016","25.2497","25.7889","25.8430","25.2060","","-2.09%"
"09/26/2016","25.7888","25.6478","25.8509","25.5407","","0.44%"
"09/23/2016","25.6746","25.6525","25.7306","25.3592","","0.09%"
"09/22/2016","25.6525","25.7282","25.7989","25.5125","","-0.24%"
"09/21/2016","25.7153","25.7367","25.8591","25.5463","","-0.08%"
"09/20/2016","25.7368","25.6502","25.8316","25.4238","","0.32%"
"09/19/2016","25.6551","25.4751","25.7653","25.3821","","0.67%"
"09/16/2016","25.4856","25.6116","25.8625","25.4311","","-0.49%"
"09/15/2016","25.6116","25.5091","25.6735","25.3051","","0.40%"
"09/14/2016","25.5091","25.1761","25.5365","25.1020","","1.33%"
"09/13/2016","25.1752","25.0941","25.3460","25.0641","","0.32%"
"09/12/2016","25.0941","25.0936","25.4892","25.0367","","0.01%"
"09/09/2016","25.0906","24.8220","25.1303","24.8115","","1.09%"
"09/08/2016","24.8201","24.5235","24.8841","24.3788","","1.21%"
"09/07/2016","24.5235","24.5580","24.6600","24.4448","","-0.14%"
"09/06/2016","24.5580","24.6998","24.8073","24.5180","","-0.57%"
"09/05/2016","24.6998","24.7152","24.7594","24.5611","","0.01%"
"09/02/2016","24.6984","24.8775","25.0093","24.6624","","-0.72%"
"09/01/2016","24.8775","24.6799","25.1791","24.6525","","0.80%"
"08/31/2016","24.6799","24.6012","24.8154","24.5814","","0.32%"
"08/30/2016","24.6003","24.4044","24.6694","24.3280","","0.80%"
"08/29/2016","24.4044","24.4387","24.4443","24.2177","","-0.13%"
"08/26/2016","24.4350","24.2253","24.4526","24.0452","","0.87%"
"08/25/2016","24.2253","24.4241","24.4919","24.1998","","-0.81%"
"08/24/2016","24.4241","24.5050","24.5913","24.3899","","-0.35%"
"08/23/2016","24.5087","24.0266","24.5146","23.9822","","1.99%"
"08/22/2016","24.0312","23.7969","24.1084","23.7477","","0.88%"
"08/19/2016","23.8215","23.9500","24.1627","23.7734","","-0.54%"
"08/18/2016","23.9500","23.6541","23.9750","23.5096","","1.25%"
"08/17/2016","23.6533","23.5624","23.8200","23.5094","","0.39%"
"08/16/2016","23.5624","23.2839","23.5735","23.2423","","1.20%"
"08/15/2016","23.2839","23.5962","23.6163","23.1711","","-1.34%"
"08/12/2016","23.5990","23.6193","23.7495","23.5234","","-0.07%"
"08/11/2016","23.6157","23.9663","24.0306","23.5242","","-1.45%"
"08/10/2016","23.9629","23.9721","24.1150","23.8139","","-0.04%"
"08/09/2016","23.9721","24.1948","24.2241","23.8504","","-0.92%"
"08/08/2016","24.1948","24.5128","24.5632","24.1298","","-1.33%"
"08/05/2016","24.5204","24.7847","24.8978","24.4810","","-1.07%"
"08/04/2016","24.7847","25.1706","25.1966","24.6988","","-1.52%"
"08/03/2016","25.1660","25.2942","25.3460","25.1169","","-0.51%"
"08/02/2016","25.2951","24.8685","25.3335","24.8312","","1.74%"
"08/01/2016","24.8628","24.8206","24.9352","24.6298","","0.24%"
"07/29/2016","24.8021","24.8729","25.0453","24.7624","","-0.28%"
"07/28/2016","24.8719","24.8905","24.9439","24.7242","","-0.07%"
"07/27/2016","24.8905","24.6570","24.9277","24.5585","","0.95%"
"07/26/2016","24.6551","24.6746","24.7508","24.5095","","-0.09%"
"07/25/2016","24.6765","24.3082","24.6863","24.2957","","1.48%"
"07/22/2016","24.3167","24.5733","24.7198","24.2345","","-1.06%"
"07/21/2016","24.5761","24.6756","24.7933","24.4889","","-0.38%"
"07/20/2016","24.6707","24.2554","24.7049","24.1843","","1.71%"
"07/19/2016","24.2554","24.3627","24.4827","24.2145","","-0.45%"
"07/18/2016","24.3655","24.5217","24.6174","24.3361","","-0.81%"
"07/15/2016","24.5641","24.4902","24.7633","24.3149","","0.30%"
"07/14/2016","24.4902","24.1415","24.5971","24.0557","","1.41%"
"07/13/2016","24.1497","24.2890","24.5068","24.1323","","-0.57%"
"07/12/2016","24.2890","23.9905","24.3469","23.9486","","1.22%"
"07/11/2016","23.9961","23.9642","24.0755","23.8080","","0.09%"
"07/08/2016","23.9735","24.3090","24.4727","23.8834","","-1.38%"
"07/07/2016","24.3099","24.2237","24.5147","24.1338","","0.36%"
"07/06/2016","24.2237","24.4999","24.5696","24.1749","","-1.16%"
"07/05/2016","24.5074","24.4789","24.6509","24.3128","","0.10%"
"07/04/2016","24.4817","24.3427","24.5522","24.2947","","0.57%"
"07/01/2016","24.3428","24.3325","24.4837","24.0619","","0.04%"
"06/30/2016","24.3325","24.8276","25.0583","24.0404","","-1.96%"
"06/29/2016","24.8193","25.1183","25.2388","24.7886","","-1.20%"
"06/28/2016","25.1202","25.3560","25.4119","25.0294","","-0.99%"
"06/27/2016","25.3723","25.6874","25.7048","24.9700","","-2.03%"
"06/24/2016","25.8976","27.1051","27.2990","25.4511","","-4.50%"
"06/23/2016","27.1170","27.2016","27.3911","27.0214","","-0.31%"
"06/22/2016","27.2016","27.2771","27.4490","27.1200","","-0.28%"
"06/21/2016","27.2790","27.4265","27.4633","27.2111","","-0.53%"
"06/20/2016","27.4247","27.0147","27.4918","27.0147","","1.37%"
"06/17/2016","27.0531","26.9074","27.0834","26.8675","","0.55%"
"06/16/2016","26.9045","26.8648","26.9569","26.6534","","0.14%"
"06/15/2016","26.8657","26.7238","26.8985","26.5739","","0.51%"
"06/14/2016","26.7296","26.8920","26.9627","26.6873","","-0.59%"
"06/13/2016","26.8892","26.5627","26.9310","26.3582","","1.23%"
"06/10/2016","26.5627","26.3841","26.7282","26.3558","","0.67%"
"06/09/2016","26.3850","26.2811","26.4958","26.2237","","0.41%"
"06/08/2016","26.2775","26.7000","26.7722","26.2162","","-1.59%"
"06/07/2016","26.7009","26.9624","27.3757","26.6765","","-0.95%"
"06/06/2016","26.9578","27.0049","27.0208","26.6792","","-0.14%"
"06/03/2016","26.9963","26.9363","27.1574","26.8911","","0.23%"
"06/02/2016","26.9335","26.7039","26.9537","26.6624","","0.86%"
"06/01/2016","26.7039","26.7386","26.8483","26.6030","","-0.13%"
"05/31/2016","26.7386","27.0638","27.1725","26.6711","","-1.18%"
"05/30/2016","27.0592","26.9618","27.0705","26.9526","","0.25%"
"05/27/2016","26.9922","27.0757","27.1555","26.9067","","-0.32%"
"05/26/2016","27.0776","27.1641","27.2363","26.9760","","-0.32%"
"05/25/2016","27.1641","27.0477","27.2255","26.8995","","0.43%"
"05/24/2016","27.0477","26.8215","27.1147","26.7936","","0.84%"
"05/23/2016","26.8224","26.6212","26.8391","26.5724","","0.84%"
"05/20/2016","26.5978","26.9204","26.9366","26.5543","","-1.20%"
"05/19/2016","26.9205","26.9186","27.1489","26.8830","","0.01%"
"05/18/2016","26.9186","26.4239","26.9681","26.4107","","1.87%"
"05/17/2016","26.4248","26.3545","26.5871","26.3381","","0.24%"
"05/16/2016","26.3618","26.0712","26.3951","25.9987","","1.04%"
"05/13/2016","26.0912","25.9742","26.1592","25.8513","","0.46%"
"05/12/2016","25.9725","25.9986","26.1274","25.8078","","-0.10%"
"05/11/2016","25.9986","25.9801","26.1733","25.8577","","0.05%"
"05/10/2016","25.9855","26.2264","26.3077","25.9242","","-0.91%"
"05/09/2016","26.2237","25.8063","26.2352","25.7060","","1.63%"
"05/06/2016","25.8036","25.9207","26.2207","25.6845","","-0.45%"
"05/05/2016","25.9207","25.7954","25.9421","25.5707","","0.49%"
"05/04/2016","25.7951","25.5928","25.9333","25.5857","","0.80%"
"05/03/2016","25.5893","25.2379","25.6142","25.2097","","1.35%"
"05/02/2016","25.2473","25.0927","25.3265","25.0425","","0.59%"
"04/29/2016","25.0987","25.2327","25.2774","24.9488","","-0.54%"
"04/28/2016","25.2344","25.1833","25.4222","25.0317","","0.16%"
"04/27/2016","25.1943","25.3309","25.4284","25.1255","","-0.54%"
"04/26/2016","25.3301","25.4329","25.6056","25.2769","","-0.40%"
"04/25/2016","25.4311","25.1933","25.5517","25.1095","","1.03%"
"04/22/2016","25.1722","25.0180","25.2257","24.9747","","0.62%"
"04/21/2016","25.0180","24.7666","25.1019","24.7053","","1.02%"
"04/20/2016","24.7666","24.9175","24.9999","24.6968","","-0.61%"
"04/19/2016","24.9183","24.8982","24.9626","24.7862","","0.11%"
"04/18/2016","24.8913","24.9610","25.1621","24.8532","","-0.15%"
"04/15/2016","24.9299","24.6977","24.9996","24.6055","","0.96%"
"04/14/2016","24.6934","24.7578","24.8396","24.5339","","-0.26%"
"04/13/2016","24.7569","24.9552","25.0136","24.7483","","-0.79%"
"04/12/2016","24.9552","25.1271","25.2019","24.8712","","-0.69%"
"04/11/2016","25.1279","25.0917","25.2617","25.0427","","0.07%"
"04/08/2016","25.1099","25.1255","25.1850","24.9434","","-0.07%"
"04/07/2016","25.1264","24.9306","25.2771","24.8138","","0.80%"
"04/06/2016","24.9280","25.0496","25.1142","24.8768","","-0.49%"
"04/05/2016","25.0496","24.9460","25.1662","24.9188","","0.42%"
"04/04/2016","24.9460","24.6432","24.9872","24.5882","","1.18%"
"04/01/2016","24.6545","24.8167","24.9620","24.5700","","-0.66%"
"03/31/2016","24.8175","24.7769","24.9956","24.5664","","0.15%"
"03/30/2016","24.7803","24.9435","24.9742","24.7201","","-0.65%"
"03/29/2016","24.9435","24.8519","25.0756","24.7747","","0.37%"
"03/28/2016","24.8519","24.7842","25.0110","24.7631","","0.20%"
"03/25/2016","24.8034","24.9269","24.9448","24.7637","","-0.50%"
"03/24/2016","24.9269","24.8317","25.0416","24.7528","","0.39%"
"03/23/2016","24.8300","24.6251","24.8610","24.5575","","0.82%"
"03/22/2016","24.6269","25.0253","25.0808","24.5724","","-1.57%"
"03/21/2016","25.0209","25.1797","25.2998","24.9716","","-0.65%"
"03/18/2016","25.1848","25.0810","25.2045","24.9648","","0.43%"
"03/17/2016","25.0776","25.0959","25.4292","24.9292","","-0.08%"
"03/16/2016","25.0968","25.3100","25.3575","25.0877","","-0.85%"
"03/15/2016","25.3126","25.3838","25.4798","25.2905","","-0.27%"
"03/14/2016","25.3811","25.4554","25.5614","25.3473","","-0.31%"
"03/11/2016","25.4607","25.4723","25.5621","25.2220","","-0.03%"
"03/10/2016","25.4675","25.2229","25.6953","24.9072","","0.96%"
"03/09/2016","25.2256","25.4888","25.5142","25.1579","","-1.04%"
"03/08/2016","25.4906","25.3293","25.5368","25.2377","","0.64%"
"03/07/2016","25.3284","25.2878","25.3512","25.1525","","0.24%"
"03/04/2016","25.2681","25.4109","25.4596","25.0447","","-0.55%"
"03/03/2016","25.4073","25.0888","25.5146","25.0499","","1.28%"
"03/02/2016","25.0870","24.9861","25.2375","24.8883","","0.39%"
"03/01/2016","24.9888","25.2403","25.3295","24.8978","","-0.98%"
"02/29/2016","25.2367","25.3507","25.4302","25.0901","","-0.45%"
"02/26/2016","25.3505","25.3091","25.4150","25.1063","","0.16%"
"02/25/2016","25.3109","25.3649","25.4509","25.1903","","-0.23%"
"02/24/2016","25.3681","25.5352","25.6139","25.2247","","-0.66%"
"02/23/2016","25.5361","25.5743","25.7276","25.4245","","-0.16%"
"02/22/2016","25.5761","26.2527","26.2527","25.3894","","-2.59%"
"02/19/2016","26.2559","26.2215","26.3035","25.9763","","0.13%"
"02/18/2016","26.2215","26.2471","26.3082","25.8877","","-0.11%"
"02/17/2016","26.2498","27.0169","27.0762","25.6942","","-2.84%"
"02/16/2016","27.0160","27.1893","27.3482","26.8321","","-0.62%"
"02/15/2016","27.1846","27.4369","27.5268","27.1079","","-0.91%"
"02/12/2016","27.4337","27.7254","27.9062","27.3239","","-1.05%"
"02/11/2016","27.7235","27.4975","28.1175","27.3680","","0.82%"
"02/10/2016","27.4975","27.2156","27.5247","26.9453","","1.05%"
"02/09/2016","27.2128","26.9516","27.3288","26.8950","","0.98%"
"02/08/2016","26.9498","26.7577","27.1244","26.6414","","0.75%"
"02/05/2016","26.7496","26.6706","26.8029","26.4188","","0.30%"
"02/04/2016","26.6687","26.5427","26.7978","26.2784","","0.48%"
"02/03/2016","26.5418","26.6314","27.0777","26.4965","","-0.34%"
"02/02/2016","26.6313","26.3258","26.7255","26.2742","","1.17%"
"02/01/2016","26.3239","25.7735","26.4245","25.7573","","2.02%"
"01/29/2016","25.8023","26.3256","26.3568","25.7051","","-1.99%"
"01/28/2016","26.3256","26.2865","26.4511","26.0964","","0.14%"
"01/27/2016","26.2893","26.4973","26.5402","26.1578","","-0.80%"
"01/26/2016","26.5010","26.5103","26.5614","26.3222","","-0.04%"
"01/25/2016","26.5103","26.3210","26.5765","26.2717","","0.81%"
"01/22/2016","26.2985","26.6325","26.6950","26.2863","","-1.25%"
"01/21/2016","26.6326","26.2898","26.7589","25.9963","","1.31%"
"01/20/2016","26.2889","25.8776","26.4883","25.8537","","1.61%"
"01/19/2016","25.8713","25.9405","25.9840","25.6747","","-0.26%"
"01/18/2016","25.9396","26.0444","26.1291","25.9067","","-0.38%"
"01/15/2016","26.0380","25.7729","26.1700","25.7321","","1.02%"
"01/14/2016","25.7756","25.8582","25.9674","25.7118","","-0.32%"
"01/13/2016","25.8592","25.8467","25.9326","25.5902","","0.02%"
"01/12/2016","25.8538","26.0110","26.1050","25.5313","","-0.59%"
"01/11/2016","26.0084","26.0501","26.2303","25.9323","","-0.12%"
"01/08/2016","26.0408","26.0977","26.1358","25.7826","","-0.23%"
"01/07/2016","26.0996","25.6619","26.1049","25.6210","","1.73%"
"01/06/2016","25.6557","25.4393","25.7028","25.4188","","0.83%"
"01/05/2016","25.4445","25.4760","25.5038","25.3285","","-0.12%"
"01/04/2016","25.4757","25.3457","25.6990","25.3053","","0.55%"
"01/01/2016","25.3370","25.3165","25.4084","25.3148","","0.06%"
"12/31/2015","25.3216","25.7511","25.8395","25.3062","","-1.68%"
"12/30/2015","25.7548","25.5507","25.8068","25.5221","","0.80%"
"12/29/2015","25.5507","25.6643","25.6911","25.3783","","-0.44%"
"12/28/2015","25.6625","25.7328","25.8458","25.6367","","-0.26%"
"12/25/2015","25.7296","25.6945","25.7454","25.6360","","0.15%"
"12/24/2015","25.6911","25.6161","25.8554","25.5761","","0.29%"
"12/23/2015","25.6170","25.4899","25.6675","25.4528","","0.52%"
"12/22/2015","25.4838","25.5439","25.5742","25.4220","","-0.22%"
"12/21/2015","25.5403","25.5478","25.6457","25.3794","","0.01%"
"12/18/2015","25.5367","25.4062","25.5763","25.2550","","0.52%"
"12/17/2015","25.4054","25.4843","25.5432","25.2289","","-0.31%"
"12/16/2015","25.4834","25.7249","25.8190","25.4264","","-0.96%"
"12/15/2015","25.7317","26.2127","26.3213","25.7119","","-1.83%"
"12/14/2015","26.2101","26.4706","26.4863","26.1774","","-0.97%"
"12/11/2015","26.4663","26.0695","26.5449","26.0269","","1.53%"
"12/10/2015","26.0686","25.9024","26.1007","25.7822","","0.64%"
"12/09/2015","25.9041","25.5549","25.9627","25.4938","","1.37%"
"12/08/2015","25.5541","25.4271","25.5952","25.3854","","0.52%"
"12/07/2015","25.4229","25.1579","25.5754","25.1421","","1.00%"
"12/04/2015","25.1713","25.3133","25.3691","25.1368","","-0.55%"
"12/03/2015","25.3108","24.7727","25.3831","24.6540","","2.17%"
"12/02/2015","24.7727","24.9172","24.9299","24.7323","","-0.57%"
"12/01/2015","24.9147","24.9554","25.0454","24.8488","","-0.16%"
"11/30/2015","24.9554","25.0127","25.0451","24.8441","","-0.18%"
"11/27/2015","24.9993","25.0151","25.0712","24.8721","","-0.07%"
"11/26/2015","25.0176","24.9673","25.0473","24.8942","","0.21%"
"11/25/2015","24.9648","24.9410","25.0613","24.8335","","0.07%"
"11/24/2015","24.9468","25.0273","25.0703","24.7583","","-0.32%"
"11/23/2015","25.0273","25.1161","25.2026","24.9315","","-0.36%"
"11/20/2015","25.1169","25.4113","25.4537","25.0438","","-1.17%"
"11/19/2015","25.4144","25.5055","25.5518","25.3135","","-0.35%"
"11/18/2015","25.5046","25.4428","25.5930","25.4023","","0.24%"
"11/17/2015","25.4444","25.4973","25.5629","25.4120","","-0.17%"
"11/16/2015","25.4889","25.4436","25.6123","25.3467","","0.30%"
"11/13/2015","25.4138","25.4938","25.5716","25.3762","","-0.30%"
"11/12/2015","25.4896","25.4452","25.5745","25.3623","","0.15%"
"11/11/2015","25.4519","25.3332","25.5044","25.2935","","0.49%"
"11/10/2015","25.3290","25.3532","25.4586","25.2468","","-0.10%"
"11/09/2015","25.3532","25.3307","25.5627","25.2862","","0.28%"
"11/06/2015","25.2836","25.2524","25.4584","25.1397","","0.14%"
"11/05/2015","25.2482","25.4477","25.5253","25.1708","","-0.79%"
"11/04/2015","25.4494","25.2885","25.4686","25.1917","","0.63%"
"11/03/2015","25.2901","25.3481","25.4132","25.2010","","-0.23%"
"11/02/2015","25.3481","25.4681","25.5872","25.3293","","-0.43%"
"10/30/2015","25.4579","25.4665","25.5735","25.3273","","-0.03%"
"10/29/2015","25.4649","25.3945","25.5029","25.3507","","0.29%"
"10/28/2015","25.3920","25.3008","25.4282","25.1476","","0.35%"
"10/27/2015","25.3046","25.3846","25.4660","25.2433","","-0.29%"
"10/26/2015","25.3780","25.4108","25.4509","25.2809","","-0.13%"
"10/23/2015","25.4115","25.3676","25.4641","25.2267","","0.17%"
"10/22/2015","25.3676","25.6829","25.7869","25.3071","","-1.23%"
"10/21/2015","25.6829","25.5832","25.8159","25.5484","","0.42%"
"10/20/2015","25.5766","25.5014","25.6812","25.4554","","0.32%"
"10/19/2015","25.4956","25.3561","25.6007","25.2550","","0.55%"
"10/16/2015","25.3556","25.3275","25.5059","25.2544","","0.09%"
"10/15/2015","25.3340","25.4909","25.5132","25.2777","","-0.64%"
"10/14/2015","25.4967","25.4038","25.6646","25.3594","","0.39%"
"10/13/2015","25.3988","25.2628","25.4704","25.1278","","0.56%"
"10/12/2015","25.2579","25.1529","25.3310","25.1325","","0.44%"
"10/09/2015","25.1476","25.2635","25.3332","25.0587","","-0.47%"
"10/08/2015","25.2651","25.5022","25.5912","25.2501","","-0.95%"
"10/07/2015","25.5080","25.3539","25.5389","25.2154","","0.60%"
"10/06/2015","25.3548","25.4383","25.5441","25.3061","","-0.33%"
"10/05/2015","25.4383","25.4769","25.5258","25.1886","","-0.02%"
"10/02/2015","25.4445","25.5994","25.8942","25.3866","","-0.62%"
"10/01/2015","25.6020","25.5964","25.6492","25.4196","","0.02%"
"09/30/2015","25.5972","25.7951","25.8332","25.4880","","-0.77%"
"09/29/2015","25.7951","25.9078","26.0380","25.6820","","-0.43%"
"09/28/2015","25.9070","25.7779","26.0168","25.6978","","0.54%"
"09/25/2015","25.7677","25.7134","25.8357","25.3211","","0.22%"
"09/24/2015","25.7118","26.0919","26.4263","25.6081","","-1.46%"
"09/23/2015","26.0934","25.9501","26.1696","25.7402","","0.55%"
"09/22/2015","25.9518","25.8396","26.0201","25.7653","","0.43%"
"09/21/2015","25.8404","25.8557","25.9650","25.7077","","-0.10%"
"09/18/2015","25.8662","25.8803","25.9131","25.6754","","-0.06%"
"09/17/2015","25.8811","25.6428","25.9063","25.5470","","0.93%"
"09/16/2015","25.6436","25.6093","25.7596","25.5427","","0.15%"
"09/15/2015","25.6060","25.8456","25.8663","25.5912","","-0.92%"
"09/14/2015","25.8447","25.9720","26.0192","25.8060","","-0.52%"
"09/11/2015","25.9796","25.9110","26.0349","25.7784","","0.26%"
"09/10/2015","25.9119","25.8535","26.1318","25.7846","","0.25%"
"09/09/2015","25.8485","25.9018","25.9226","25.6955","","-0.22%"
"09/08/2015","25.9042","25.9566","26.1022","25.7422","","-0.16%"
"09/07/2015","25.9464","25.7097","26.0207","25.6469","","0.91%"
"09/04/2015","25.7135","25.6332","25.7926","25.4800","","0.30%"
"09/03/2015","25.6356","25.7391","25.8967","25.4919","","-0.43%"
"09/02/2015","25.7458","25.9680","26.0021","25.6778","","-0.86%"
"09/01/2015","25.9688","25.7029","26.0198","25.6628","","1.04%"
"08/31/2015","25.7026","25.7889","26.0686","25.5654","","-0.32%"
"08/28/2015","25.7854","25.9966","26.1501","25.6460","","-0.79%"
"08/27/2015","25.9915","26.2953","26.4158","25.8605","","-1.13%"
"08/26/2015","26.2893","26.9944","27.1654","26.2796","","-2.62%"
"08/25/2015","26.9968","27.1389","27.1531","26.5665","","-0.52%"
"08/24/2015","27.1381","26.6772","27.2383","26.6282","","1.77%"
"08/21/2015","26.6656","26.3620","26.6959","26.3289","","1.16%"
"08/20/2015","26.3595","26.0550","26.3966","26.0080","","1.16%"
"08/19/2015","26.0575","25.6844","26.0926","25.6551","","1.45%"
"08/18/2015","25.6844","25.6018","25.8635","25.5825","","0.32%"
"08/17/2015","25.6018","25.6229","25.7978","25.5339","","-0.03%"
"08/14/2015","25.6107","25.6052","25.6768","25.5161","","0.01%"
"08/13/2015","25.6069","25.4207","25.6371","25.3618","","0.72%"
"08/12/2015","25.4240","25.4066","25.5802","25.2692","","0.07%"
"08/11/2015","25.4066","25.1923","25.4952","25.1787","","0.82%"
"08/10/2015","25.1996","25.0355","25.2139","25.0097","","0.67%"
"08/07/2015","25.0328","25.3226","25.3594","24.9098","","-1.14%"
"08/06/2015","25.3218","25.5504","25.6099","25.3015","","-0.89%"
"08/05/2015","25.5504","25.3620","25.6045","25.3006","","0.74%"
"08/04/2015","25.3636","25.2210","25.3764","25.1083","","0.57%"
"08/03/2015","25.2201","25.1716","25.2638","25.0818","","0.19%"
"07/31/2015","25.1712","25.3807","25.4234","24.9571","","-0.83%"
"07/30/2015","25.3807","25.4125","25.7373","25.2582","","-0.15%"
"07/29/2015","25.4182","25.4046","25.5043","25.2729","","0.04%"
"07/28/2015","25.4070","25.3476","25.4823","25.2541","","0.23%"
"07/27/2015","25.3475","25.2286","25.3946","25.1462","","0.42%"
"07/24/2015","25.2406","25.1571","25.2532","25.0873","","0.33%"
"07/23/2015","25.1570","25.1332","25.2086","24.9584","","0.10%"
"07/22/2015","25.1307","24.9003","25.1895","24.8765","","0.92%"
"07/21/2015","24.9011","24.9165","24.9558","24.7981","","-0.07%"
"07/20/2015","24.9173","24.8583","24.9775","24.7325","","0.22%"
"07/17/2015","24.8632","24.7143","24.9057","24.6073","","0.61%"
"07/16/2015","24.7135","24.6790","24.7331","24.5699","","0.14%"
"07/15/2015","24.6783","24.4946","24.7156","24.4314","","0.75%"
"07/14/2015","24.4946","24.3197","24.5552","24.2977","","0.72%"
"07/13/2015","24.3205","24.4023","24.5930","24.3029","","-0.31%"
"07/10/2015","24.3967","24.3235","24.4529","24.2594","","0.30%"
"07/09/2015","24.3235","24.3436","24.3777","24.2087","","-0.10%"
"07/08/2015","24.3475","24.4103","24.4974","24.2047","","-0.26%"
"07/07/2015","24.4103","24.5189","24.5436","24.3382","","-0.45%"
"07/06/2015","24.5213","24.4512","24.6807","24.4442","","0.11%"
"07/03/2015","24.4942","24.4465","24.5844","24.4231","","0.20%"
"07/02/2015","24.4465","24.6461","24.7369","24.4179","","-0.82%"
"07/01/2015","24.6476","24.7266","24.7636","24.5663","","-0.31%"
"06/30/2015","24.7251","24.6912","24.7350","24.6168","","0.14%"
"06/29/2015","24.6912","24.4202","24.7558","24.4008","","0.77%"
"06/26/2015","24.5027","24.3788","24.5482","24.3674","","0.51%"
"06/25/2015","24.3788","24.3442","24.4242","24.2745","","0.14%"
"06/24/2015","24.3442","24.2254","24.3577","24.1990","","0.50%"
"06/23/2015","24.2239","24.2780","24.3011","24.1753","","-0.22%"
"06/22/2015","24.2780","24.3531","24.4064","24.1809","","-0.40%"
"06/19/2015","24.3767","24.3652","24.4090","24.2373","","0.05%"
"06/18/2015","24.3652","24.1572","24.4077","24.1250","","0.86%"
"06/17/2015","24.1572","24.0844","24.2863","24.0609","","0.31%"
"06/16/2015","24.0837","24.0791","24.1580","24.0068","","0.02%"
"06/15/2015","24.0791","23.9819","24.1176","23.9096","","0.48%"
"06/12/2015","23.9635","23.8165","24.0419","23.7906","","0.61%"
"06/11/2015","23.8187","23.9686","24.0360","23.8122","","-0.61%"
"06/10/2015","23.9648","23.9672","24.0477","23.8708","","-0.01%"
"06/09/2015","23.9680","23.9913","24.0178","23.7611","","-0.10%"
"06/08/2015","23.9921","23.9782","24.0737","23.8818","","0.01%"
"06/05/2015","23.9900","23.8688","24.0284","23.7712","","0.49%"
"06/04/2015","23.8734","23.8036","24.0571","23.7773","","0.29%"
"06/03/2015","23.8043","23.6785","23.8173","23.5746","","0.53%"
"06/02/2015","23.6785","23.5361","23.7189","23.4859","","0.61%"
"06/01/2015","23.5360","23.5164","23.6171","23.4359","","0.10%"
"05/29/2015","23.5130","23.4547","23.5684","23.3963","","0.25%"
"05/28/2015","23.4554","23.4690","23.5495","23.3734","","-0.05%"
"05/27/2015","23.4667","23.5344","23.6253","23.4363","","-0.28%"
"05/26/2015","23.5336","23.6031","23.6281","23.4714","","-0.29%"
"05/25/2015","23.6031","23.6022","23.6696","23.5690","","-0.15%"
"05/22/2015","23.6393","23.8445","23.8708","23.5778","","-0.86%"
"05/21/2015","23.8437","23.5976","23.9249","23.5483","","1.03%"
"05/20/2015","23.5999","23.5523","23.7311","23.5065","","0.22%"
"05/19/2015","23.5478","23.6603","23.6762","23.3466","","-0.47%"
"05/18/2015","23.6600","23.5995","23.7470","23.5263","","0.28%"
"05/15/2015","23.5929","23.8253","23.8511","23.5702","","-0.98%"
"05/14/2015","23.8253","24.0331","24.1252","23.7555","","-0.87%"
"05/13/2015","24.0347","24.0341","24.0635","23.7932","","-0.03%"
"05/12/2015","24.0426","23.9403","24.1966","23.8467","","0.43%"
"05/11/2015","23.9396","23.3649","23.9477","23.3343","","2.45%"
"05/08/2015","23.3661","23.3541","23.7789","23.2941","","0.05%"
"05/07/2015","23.3533","23.4145","23.5142","23.2557","","-0.25%"
"05/06/2015","23.4122","23.2914","23.4370","23.2063","","0.52%"
"05/05/2015","23.2921","23.3705","23.4497","23.2088","","-0.33%"
"05/04/2015","23.3682","23.5903","23.6308","23.3241","","-0.93%"
"05/01/2015","23.5872","23.5627","23.6381","23.3788","","0.11%"
"04/30/2015","23.5620","23.4989","23.6493","23.4435","","0.28%"
"04/29/2015","23.4958","23.3997","23.5619","23.3820","","0.42%"
"04/28/2015","23.3974","23.3932","23.4505","23.2687","","0.02%"
"04/27/2015","23.3933","23.3429","23.3996","23.2289","","0.09%"
"04/24/2015","23.3721","23.1193","23.4337","23.0658","","1.09%"
"04/23/2015","23.1209","23.2254","23.2514","23.0185","","-0.42%"
"04/22/2015","23.2194","23.0383","23.2771","22.9816","","0.79%"
"04/21/2015","23.0383","23.0302","23.1185","22.9260","","0.03%"
"04/20/2015","23.0310","22.9297","23.0563","22.8168","","0.43%"
"04/17/2015","22.9335","22.6563","23.0065","22.6256","","1.21%"
"04/16/2015","22.6585","22.6578","22.7628","22.5489","","0.00%"
"04/15/2015","22.6585","22.5579","22.7575","22.4966","","0.45%"
"04/14/2015","22.5579","22.5764","22.5917","22.4458","","-0.06%"
"04/13/2015","22.5722","22.2810","22.6109","22.1858","","1.32%"
"04/10/2015","22.2782","22.1990","22.2915","22.0945","","0.35%"
"04/09/2015","22.2013","22.1644","22.2664","22.0407","","0.17%"
"04/08/2015","22.1644","22.1083","22.3157","22.0936","","0.25%"
"04/07/2015","22.1084","22.1964","22.2561","22.0752","","-0.41%"
"04/06/2015","22.1986","22.0900","22.2467","22.0590","","0.45%"
"04/03/2015","22.0996","22.2432","22.3946","22.0349","","-0.65%"
"04/02/2015","22.2447","22.4569","22.4724","22.2205","","-0.94%"
"04/01/2015","22.4569","22.6142","22.6825","22.3802","","-0.70%"
"03/31/2015","22.6149","22.6030","22.7282","22.5457","","0.04%"
"03/30/2015","22.6053","22.6592","22.6980","22.4780","","-0.27%"
"03/27/2015","22.6659","22.4829","22.6807","22.4282","","0.82%"
"03/26/2015","22.4822","22.3077","22.5349","22.2760","","0.78%"
"03/25/2015","22.3077","22.1896","22.3242","22.1613","","0.53%"
"03/24/2015","22.1896","22.3218","22.3689","22.1166","","-0.60%"
"03/23/2015","22.3241","22.5374","22.5661","22.2777","","-0.82%"
"03/20/2015","22.5087","22.5382","22.5645","22.3608","","-0.13%"
"03/19/2015","22.5382","22.6040","22.7862","22.4579","","-0.30%"
"03/18/2015","22.6056","22.6655","22.8100","22.5020","","-0.26%"
"03/17/2015","22.6655","22.8622","22.8757","22.6497","","-0.86%"
"03/16/2015","22.8622","22.8280","22.9500","22.7977","","0.12%"
"03/13/2015","22.8347","22.9057","23.0675","22.7895","","-0.31%"
"03/12/2015","22.9050","23.1326","23.1869","22.8787","","-0.98%"
"03/11/2015","23.1318","23.5414","23.6105","23.0196","","-1.77%"
"03/10/2015","23.5476","23.4102","23.5902","23.3522","","0.59%"
"03/09/2015","23.4102","23.3054","23.4933","23.2665","","0.45%"
"03/06/2015","23.3055","23.1564","23.3624","22.9917","","0.64%"
"03/05/2015","23.1580","22.9795","23.2418","22.9065","","0.78%"
"03/04/2015","22.9795","23.0338","23.1450","22.9050","","-0.24%"
"03/03/2015","23.0338","23.0728","23.1345","22.9672","","-0.16%"
"03/02/2015","23.0698","23.0885","23.0982","22.9588","","-0.03%"
"02/27/2015","23.0758","23.1010","23.2206","23.0185","","-0.12%"
"02/26/2015","23.1032","23.1836","23.2546","22.9931","","-0.35%"
"02/25/2015","23.1844","23.0465","23.2100","23.0382","","0.60%"
"02/24/2015","23.0457","23.3234","23.3847","22.9943","","-1.18%"
"02/23/2015","23.3219","23.1384","23.3450","23.1226","","0.76%"
"02/20/2015","23.1459","23.1244","23.1993","22.9896","","0.10%"
"02/19/2015","23.1229","22.9406","23.1792","22.9220","","0.79%"
"02/18/2015","22.9414","22.9005","23.1062","22.8711","","0.18%"
"02/17/2015","22.9012","22.9278","22.9416","22.7538","","-0.13%"
"02/16/2015","22.9300","22.9291","23.0235","22.8290","","0.03%"
"02/13/2015","22.9226","22.9541","23.0876","22.8686","","-0.14%"
"02/12/2015","22.9556","22.9698","23.1998","22.8490","","-0.06%"
"02/11/2015","22.9690","22.8139","23.1076","22.7861","","0.68%"
"02/10/2015","22.8147","22.5696","22.8792","22.5306","","1.08%"
"02/09/2015","22.5703","22.6429","22.6736","22.4972","","-0.29%"
"02/06/2015","22.6369","22.6723","22.8286","22.5648","","-0.14%"
"02/05/2015","22.6686","22.6082","22.7231","22.5112","","0.26%"
"02/04/2015","22.6090","22.2231","22.6351","22.1716","","1.74%"
"02/03/2015","22.2231","22.3588","22.3905","22.2030","","-0.61%"
"02/02/2015","22.3603","22.6132","22.6386","22.3169","","-1.00%"
"01/30/2015","22.5862","22.3029","22.6588","22.2225","","1.27%"
"01/29/2015","22.3021","22.3313","22.4797","22.2411","","-0.14%"
"01/28/2015","22.3325","22.2172","22.3676","22.1575","","0.52%"
"01/27/2015","22.2165","21.9780","22.2615","21.9684","","1.09%"
"01/26/2015","21.9780","21.9743","22.0799","21.9451","","0.06%"
"01/23/2015","21.9641","21.9621","22.0737","21.8689","","0.01%"
"01/22/2015","21.9614","22.3417","22.4096","21.9008","","-1.71%"
"01/21/2015","22.3424","22.2037","22.3707","22.0448","","0.62%"
"01/20/2015","22.2037","22.0900","22.2747","22.0425","","0.51%"
"01/19/2015","22.0915","22.0914","22.2527","22.0164","","0.16%"
"01/16/2015","22.0555","22.2683","22.3741","22.0472","","-0.96%"
"01/15/2015","22.2693","22.0671","22.3044","21.9848","","0.93%"
"01/14/2015","22.0643","22.1555","22.3499","22.0514","","-0.40%"
"01/13/2015","22.1534","22.2270","22.2571","22.0616","","-0.34%"
"01/12/2015","22.2285","22.1839","22.2697","22.0630","","0.42%"
"01/09/2015","22.1366","22.1296","22.2765","21.9963","","0.02%"
"01/08/2015","22.1311","22.2321","22.2443","22.0567","","-0.45%"
"01/07/2015","22.2321","22.5678","22.5833","22.1972","","-1.49%"
"01/06/2015","22.5678","22.7835","22.8272","22.4832","","-0.95%"
"01/05/2015","22.7850","22.7534","22.8369","22.5455","","0.22%"
"01/02/2015","22.7361","22.9919","23.0024","22.7130","","-0.87%"
"01/01/2015","22.9350","22.9753","22.9804","22.9266","","-0.16%"
"12/31/2014","22.9716","22.9239","23.0252","22.9035","","0.21%"
"12/30/2014","22.9239","22.9219","22.9637","22.8864","","0.01%"
"12/29/2014","22.9212","22.8959","22.9343","22.8001","","0.18%"
"12/26/2014","22.8798","22.8671","22.9388","22.8193","","0.06%"
"12/25/2014","22.8671","22.8944","22.9091","22.8502","","-0.13%"
"12/24/2014","22.8958","22.9093","22.9922","22.8586","","-0.06%"
"12/23/2014","22.9100","22.8087","22.9462","22.6994","","0.42%"
"12/22/2014","22.8142","22.8142","22.8142","22.8142","","-0.07%"
"12/19/2014","22.8294","22.8429","22.9670","22.6685","","-0.05%"
"12/18/2014","22.8414","22.6830","22.8822","22.5974","","0.69%"
"12/17/2014","22.6838","23.2290","23.2691","22.5365","","-2.34%"
"12/16/2014","23.2283","23.0794","23.4410","22.9897","","0.65%"
"12/15/2014","23.0786","23.2097","23.2871","23.0041","","-0.56%"
"12/12/2014","23.2077","23.2500","23.4767","23.0301","","-0.16%"
"12/11/2014","23.2452","22.8794","23.2953","22.6980","","1.60%"
"12/10/2014","22.8794","22.6015","22.8936","22.5340","","1.23%"
"12/09/2014","22.6015","22.5140","22.6073","22.4713","","0.40%"
"12/08/2014","22.5119","22.3798","22.6215","22.3212","","0.61%"
"12/05/2014","22.3764","22.1907","22.5368","22.1143","","0.86%"
"12/04/2014","22.1867","22.1184","22.2193","22.0365","","0.31%"
"12/03/2014","22.1184","22.0483","22.1683","22.0444","","0.32%"
"12/02/2014","22.0476","22.0140","22.1079","21.9095","","0.16%"
"12/01/2014","22.0134","21.7996","22.0209","21.7328","","0.94%"
"11/28/2014","21.8090","21.6568","21.8252","21.6163","","0.70%"
"11/27/2014","21.6568","21.6776","21.6981","21.5888","","-0.09%"
"11/26/2014","21.6769","21.4802","21.7253","21.4442","","0.92%"
"11/25/2014","21.4795","21.4536","21.4865","21.3610","","0.13%"
"11/24/2014","21.4509","21.3283","21.4588","21.2915","","0.60%"
"11/21/2014","21.3228","21.4210","21.4428","21.2734","","-0.47%"
"11/20/2014","21.4244","21.3578","21.4261","21.2880","","0.31%"
"11/19/2014","21.3578","21.1908","21.3975","21.1494","","0.78%"
"11/18/2014","21.1928","21.2561","21.2740","21.1633","","-0.30%"
"11/17/2014","21.2561","21.2121","21.3020","21.1700","","0.23%"
"11/14/2014","21.2071","21.3740","21.3887","21.1504","","-0.78%"
"11/13/2014","21.3733","21.3945","21.4248","21.3477","","-0.10%"
"11/12/2014","21.3945","21.6503","21.6781","21.3840","","-1.19%"
"11/11/2014","21.6531","21.5574","21.6801","21.5319","","0.45%"
"11/10/2014","21.5570","21.4999","21.5816","21.4645","","0.30%"
"11/07/2014","21.4935","21.5889","21.6256","21.4202","","-0.44%"
"11/06/2014","21.5890","21.6859","21.7327","21.5615","","-0.45%"
"11/05/2014","21.6865","21.6926","21.7649","21.6355","","-0.03%"
"11/04/2014","21.6933","21.7339","21.8989","21.6658","","-0.19%"
"11/03/2014","21.7339","21.5273","21.7553","21.4573","","0.81%"
"10/31/2014","21.5603","21.5082","21.5790","21.4166","","0.25%"
"10/30/2014","21.5075","21.6147","21.6243","21.4784","","-0.48%"
"10/29/2014","21.6113","21.6859","21.7131","21.5425","","-0.33%"
"10/28/2014","21.6818","21.8272","21.8767","21.6761","","-0.67%"
"10/27/2014","21.8272","21.8222","21.9485","21.7590","","0.05%"
"10/24/2014","21.8167","21.7407","21.8238","21.7072","","0.34%"
"10/23/2014","21.7421","21.7582","21.7793","21.6257","","-0.08%"
"10/22/2014","21.7589","21.8135","21.8631","21.6766","","-0.25%"
"10/21/2014","21.8141","21.8769","21.9265","21.7520","","-0.29%"
"10/20/2014","21.8769","21.7837","21.9064","21.7284","","0.52%"
"10/17/2014","21.7629","21.8139","21.8322","21.6985","","-0.23%"
"10/16/2014","21.8133","21.6779","21.8785","21.6153","","0.62%"
"10/15/2014","21.6782","21.3837","21.7296","21.3584","","1.37%"
"10/14/2014","21.3844","21.6310","21.6567","21.3204","","-1.14%"
"10/13/2014","21.6303","21.6636","21.6883","21.5112","","-0.21%"
"10/10/2014","21.6765","21.6647","21.6868","21.4871","","0.08%"
"10/09/2014","21.6589","21.5658","21.6719","21.5236","","0.44%"
"10/08/2014","21.5638","21.6898","21.7133","21.5187","","-0.58%"
"10/07/2014","21.6891","21.5489","21.7042","21.5052","","0.65%"
"10/06/2014","21.5489","21.5172","21.5864","21.3620","","0.09%"
"10/03/2014","21.5301","21.6039","21.6149","21.4896","","-0.34%"
"10/02/2014","21.6033","21.7776","21.8259","21.5605","","-0.80%"
"10/01/2014","21.7783","21.7711","21.8499","21.7187","","0.03%"
"09/30/2014","21.7711","21.9237","21.9358","21.7347","","-0.70%"
"09/29/2014","21.9244","21.8387","21.9784","21.7971","","0.35%"
"09/26/2014","21.8474","21.8460","21.9408","21.7823","","0.02%"
"09/25/2014","21.8439","21.6924","21.8607","21.6544","","0.67%"
"09/24/2014","21.6981","21.8254","21.8357","21.6848","","-0.58%"
"09/23/2014","21.8254","21.7248","21.8478","21.6366","","0.47%"
"09/22/2014","21.7242","21.5200","21.7443","21.5174","","0.96%"
"09/19/2014","21.5181","21.7090","21.9099","21.5104","","-0.88%"
"09/18/2014","21.7090","21.5583","21.7285","21.5410","","0.71%"
"09/17/2014","21.5569","21.4204","21.5811","21.3869","","0.64%"
"09/16/2014","21.4197","21.4817","21.5071","21.3724","","-0.31%"
"09/15/2014","21.4857","21.5668","21.5930","21.4227","","-0.35%"
"09/12/2014","21.5615","21.5046","21.5857","21.4626","","0.27%"
"09/11/2014","21.5045","21.3895","21.5290","21.3554","","0.54%"
"09/10/2014","21.3895","21.2638","21.4155","21.2353","","0.59%"
"09/09/2014","21.2638","21.1593","21.3212","21.1231","","0.49%"
"09/08/2014","21.1602","21.1165","21.1813","21.0128","","-0.54%"
"09/05/2014","21.2749","21.4731","21.4822","21.2692","","-0.92%"
"09/04/2014","21.4732","21.5621","21.5810","21.4200","","-0.42%"
"09/03/2014","21.5634","21.5923","21.6070","21.5113","","-0.14%"
"09/02/2014","21.5932","21.7550","21.7676","21.5873","","-0.74%"
"09/01/2014","21.7550","21.7164","21.7910","21.7040","","0.14%"
"08/29/2014","21.7238","21.7058","21.7445","21.6321","","0.09%"
"08/28/2014","21.7051","21.6894","21.7737","21.6808","","0.07%"
"08/27/2014","21.6893","21.6655","21.7334","21.6490","","0.12%"
"08/26/2014","21.6636","21.8024","21.8272","21.6553","","-0.64%"
"08/25/2014","21.8024","21.7728","21.8186","21.7150","","0.13%"
"08/22/2014","21.7735","21.7313","21.8006","21.7183","","0.19%"
"08/21/2014","21.7319","21.8000","21.8117","21.7021","","-0.31%"
"08/20/2014","21.8000","21.6810","21.8103","21.6647","","0.55%"
"08/19/2014","21.6810","21.8282","21.8393","21.6647","","-0.67%"
"08/18/2014","21.8263","21.8684","21.8913","21.8046","","-0.02%"
"08/15/2014","21.8299","21.8113","21.9037","21.7501","","0.08%"
"08/14/2014","21.8119","21.9239","21.9345","21.7807","","-0.50%"
"08/13/2014","21.9219","22.0855","22.1305","21.8525","","-0.74%"
"08/12/2014","22.0862","22.1262","22.1682","22.0745","","-0.18%"
"08/11/2014","22.1262","22.2274","22.2671","22.0943","","-0.43%"
"08/08/2014","22.2227","22.3527","22.3981","22.1859","","-0.58%"
"08/07/2014","22.3514","22.3007","22.4012","22.2527","","0.22%"
"08/06/2014","22.3027","22.4441","22.4607","22.2889","","-0.63%"
"08/05/2014","22.4440","22.2511","22.4558","22.1928","","0.87%"
"08/04/2014","22.2511","22.1808","22.2845","22.1742","","0.36%"
"08/01/2014","22.1719","22.3201","22.3485","22.1531","","-0.66%"
"07/31/2014","22.3194","22.2490","22.3721","22.2296","","0.32%"
"07/30/2014","22.2490","22.1420","22.2830","22.1178","","0.48%"
"07/29/2014","22.1420","22.0882","22.1550","22.0470","","0.24%"
"07/28/2014","22.0882","21.9680","22.0942","21.9666","","0.54%"
"07/25/2014","21.9706","22.0167","22.0315","21.9551","","-0.21%"
"07/24/2014","22.0167","22.0407","22.0771","21.9598","","-0.13%"
"07/23/2014","22.0457","22.0900","22.1048","22.0023","","-0.20%"
"07/22/2014","22.0900","22.1499","22.1684","22.0450","","-0.27%"
"07/21/2014","22.1487","22.1297","22.1684","22.1073","","0.10%"
"07/18/2014","22.1261","22.2305","22.2394","22.0758","","-0.47%"
"07/17/2014","22.2305","22.1326","22.2625","22.0875","","0.45%"
"07/16/2014","22.1319","22.1940","22.2124","22.1076","","-0.28%"
"07/15/2014","22.1947","22.1306","22.2682","22.1129","","0.29%"
"07/14/2014","22.1306","22.2548","22.2630","22.1238","","-0.56%"
"07/11/2014","22.2548","22.2579","22.2869","22.1968","","-0.01%"
"07/10/2014","22.2572","22.2528","22.3158","22.2082","","0.02%"
"07/09/2014","22.2528","22.2469","22.2703","22.1975","","0.03%"
"07/08/2014","22.2469","22.3043","22.3359","22.2000","","-0.26%"
"07/07/2014","22.3043","22.2693","22.3186","22.1906","","0.17%"
"07/04/2014","22.2668","22.2255","22.2776","22.2078","","0.19%"
"07/03/2014","22.2255","22.3104","22.3507","22.2146","","-0.37%"
"07/02/2014","22.3091","22.1968","22.3333","22.1719","","0.50%"
"07/01/2014","22.1974","22.1854","22.2786","22.1656","","0.07%"
"06/30/2014","22.1828","22.0673","22.2466","22.0635","","0.46%"
"06/27/2014","22.0817","22.1649","22.1930","22.0672","","-0.38%"
"06/26/2014","22.1662","22.0897","22.2100","22.0712","","0.35%"
"06/25/2014","22.0884","22.1852","22.2009","22.0699","","-0.44%"
"06/24/2014","22.1852","22.1859","22.2075","22.0852","","0.00%"
"06/23/2014","22.1853","22.0931","22.2010","22.0676","","0.40%"
"06/20/2014","22.0972","22.1927","22.2159","22.0850","","-0.42%"
"06/19/2014","22.1901","22.0547","22.2119","22.0431","","0.61%"
"06/18/2014","22.0547","22.2484","22.2712","22.0290","","-0.88%"
"06/17/2014","22.2498","22.1582","22.2546","22.0955","","0.42%"
"06/16/2014","22.1575","22.0922","22.1698","22.0779","","0.40%"
"06/13/2014","22.0701","21.9701","22.1176","21.9558","","0.45%"
"06/12/2014","21.9702","21.8413","21.9784","21.8135","","0.59%"
"06/11/2014","21.8413","21.8162","21.9327","21.7991","","0.12%"
"06/10/2014","21.8143","21.8971","21.9213","21.8053","","-0.38%"
"06/09/2014","21.8977","21.7214","21.9020","21.6713","","0.80%"
"06/06/2014","21.7239","21.6430","21.7424","21.5536","","0.37%"
"06/05/2014","21.6430","21.6267","21.6889","21.5187","","0.06%"
"06/04/2014","21.6300","21.6736","21.7336","21.6219","","-0.20%"
"06/03/2014","21.6731","21.6256","21.7367","21.5847","","0.22%"
"06/02/2014","21.6249","21.5613","21.6494","21.5182","","0.39%"
"05/30/2014","21.5409","21.4646","21.5909","21.4601","","0.36%"
"05/29/2014","21.4646","21.5147","21.5340","21.4376","","-0.24%"
"05/28/2014","21.5154","21.6133","21.6277","21.4775","","-0.45%"
"05/27/2014","21.6133","21.6789","21.7509","21.5940","","-0.30%"
"05/26/2014","21.6789","21.6463","21.6917","21.6334","","0.15%"
"05/23/2014","21.6469","21.7306","21.7439","21.6153","","-0.39%"
"05/22/2014","21.7307","21.8477","21.8595","21.6977","","-0.55%"
"05/21/2014","21.8503","21.7366","21.8717","21.7186","","0.52%"
"05/20/2014","21.7366","21.6898","21.8397","21.6619","","0.22%"
"05/19/2014","21.6898","21.7130","21.7713","21.6477","","-0.06%"
"05/16/2014","21.7030","21.7571","21.8068","21.6786","","-0.24%"
"05/15/2014","21.7552","21.6249","21.8380","21.5714","","0.60%"
"05/14/2014","21.6249","21.7176","21.7852","21.5962","","-0.43%"
"05/13/2014","21.7182","21.8509","21.8742","21.7041","","-0.61%"
"05/12/2014","21.8512","21.8208","21.8927","21.8104","","0.16%"
"05/09/2014","21.8173","21.9260","21.9476","21.7990","","-0.49%"
"05/08/2014","21.9240","21.9797","22.0051","21.8779","","-0.24%"
"05/07/2014","21.9766","22.1200","22.1504","21.9682","","-0.64%"
"05/06/2014","22.1174","22.0268","22.1491","21.9877","","0.44%"
"05/05/2014","22.0202","21.9537","22.0282","21.9142","","0.31%"
"05/02/2014","21.9518","22.0346","22.0758","21.8372","","-0.38%"
"05/01/2014","22.0347","22.0679","22.1278","22.0188","","-0.15%"
"04/30/2014","22.0686","22.0469","22.1301","22.0086","","0.10%"
"04/29/2014","22.0469","22.0580","22.0979","21.9701","","-0.04%"
"04/28/2014","22.0566","22.0564","22.1451","22.0354","","-0.04%"
"04/25/2014","22.0658","22.0110","22.1122","21.9847","","0.28%"
"04/24/2014","22.0047","21.9245","22.0561","21.9152","","0.36%"
"04/23/2014","21.9267","21.9679","22.0134","21.9110","","-0.19%"
"04/22/2014","21.9686","21.8811","21.9932","21.8610","","0.40%"
"04/21/2014","21.8817","21.9405","22.0056","21.8603","","-0.17%"
"04/18/2014","21.9195","21.9115","21.9405","21.8778","","0.04%"
"04/17/2014","21.9102","21.9445","22.0140","21.8928","","-0.16%"
"04/16/2014","21.9458","21.9117","21.9853","21.8495","","0.16%"
"04/15/2014","21.9098","21.7885","21.9504","21.7593","","0.56%"
"04/14/2014","21.7885","21.7957","21.9181","21.7571","","-0.17%"
"04/11/2014","21.8247","21.9256","21.9528","21.8019","","-0.46%"
"04/10/2014","21.9256","21.7980","21.9353","21.7486","","0.59%"
"04/09/2014","21.7980","21.8577","21.9120","21.7775","","-0.28%"
"04/08/2014","21.8583","21.6074","21.8678","21.5421","","1.17%"
"04/07/2014","21.6055","21.5551","21.6889","21.5526","","0.22%"
"04/04/2014","21.5581","21.7705","21.7955","21.5338","","-0.98%"
"04/03/2014","21.7718","21.7639","21.8504","21.7394","","0.04%"
"04/02/2014","21.7633","21.6980","21.8160","21.6845","","0.28%"
"04/01/2014","21.7032","21.7555","21.7974","21.6600","","-0.26%"
"03/31/2014","21.7588","21.7548","21.8001","21.6777","","0.03%"
"03/28/2014","21.7517","21.7370","21.8020","21.6820","","0.09%"
"03/27/2014","21.7331","21.7760","21.8576","21.7067","","-0.20%"
"03/26/2014","21.7756","21.6763","21.8071","21.6547","","0.46%"
"03/25/2014","21.6769","21.7362","21.7704","21.6501","","-0.30%"
"03/24/2014","21.7413","21.8130","21.8299","21.7273","","-0.31%"
"03/21/2014","21.8083","21.8853","21.8987","21.7705","","-0.35%"
"03/20/2014","21.8853","21.9847","22.0163","21.8560","","-0.42%"
"03/19/2014","21.9784","21.8290","21.9883","21.8121","","0.68%"
"03/18/2014","21.8289","21.8854","21.9577","21.7910","","-0.26%"
"03/17/2014","21.8867","22.0034","22.0372","21.8485","","-0.46%"
"03/14/2014","21.9879","22.0968","22.1138","21.9356","","-0.50%"
"03/13/2014","22.0975","22.0097","22.1345","21.9851","","0.40%"
"03/12/2014","22.0101","22.0728","22.1234","21.9939","","-0.26%"
"03/11/2014","22.0673","21.9984","22.0861","21.9483","","0.32%"
"03/10/2014","21.9964","22.0275","22.1541","21.9163","","-0.25%"
"03/07/2014","22.0515","22.0161","22.1245","21.9371","","0.16%"
"03/06/2014","22.0158","22.1377","22.1574","21.9340","","-0.55%"
"03/05/2014","22.1377","22.1332","22.2046","22.1058","","0.02%"
"03/04/2014","22.1326","22.2221","22.2481","22.0862","","-0.40%"
"03/03/2014","22.2221","22.1886","22.3002","22.1375","","0.19%"
"02/28/2014","22.1794","22.1303","22.2788","22.0999","","0.21%"
"02/27/2014","22.1323","22.2291","22.2695","22.1059","","-0.43%"
"02/26/2014","22.2278","22.0679","22.2496","22.0265","","0.73%"
"02/25/2014","22.0675","22.0849","22.1674","22.0292","","-0.08%"
"02/24/2014","22.0849","22.0522","22.1735","21.9317","","0.22%"
"02/21/2014","22.0360","22.1094","22.2206","22.0292","","-0.33%"
"02/20/2014","22.1094","22.2289","22.3050","22.0791","","-0.54%"
"02/19/2014","22.2302","22.0844","22.2681","22.0802","","0.66%"
"02/18/2014","22.0845","22.0804","22.1529","21.9993","","0.02%"
"02/17/2014","22.0804","22.1749","22.2769","22.0185","","-0.43%"
"02/14/2014","22.1749","22.0932","22.2045","22.0759","","0.37%"
"02/13/2014","22.0938","22.1097","22.3220","22.0673","","-0.07%"
"02/12/2014","22.1097","21.8544","22.1411","21.8211","","1.17%"
"02/11/2014","21.8530","21.8570","21.9738","21.7612","","-0.02%"
"02/10/2014","21.8569","21.7962","21.8829","21.7668","","0.25%"
"02/07/2014","21.8032","21.6719","21.9271","21.6467","","0.61%"
"02/06/2014","21.6719","21.6782","21.7832","21.5364","","-0.03%"
"02/05/2014","21.6782","21.7501","21.8554","21.6184","","-0.33%"
"02/04/2014","21.7494","22.0808","22.0964","21.7394","","-1.49%"
"02/03/2014","22.0794","21.9528","22.1014","21.7366","","0.58%"
"01/31/2014","21.9517","22.0319","22.1904","21.8755","","-0.37%"
"01/30/2014","22.0326","22.1913","22.2294","21.9009","","-0.72%"
"01/29/2014","22.1913","21.9750","22.2991","21.8497","","0.98%"
"01/28/2014","21.9757","22.1669","22.1951","21.9177","","-0.86%"
"01/27/2014","22.1669","22.1744","22.3901","22.1131","","-0.07%"
"01/24/2014","22.1835","22.2956","22.6003","22.1248","","-0.50%"
"01/23/2014","22.2956","22.0594","22.3606","22.0326","","1.07%"
"01/22/2014","22.0594","21.8748","22.1303","21.8026","","0.84%"
"01/21/2014","21.8748","21.7517","21.9489","21.7239","","0.57%"
"01/20/2014","21.7517","21.7501","21.8258","21.7150","","-0.01%"
"01/17/2014","21.7543","21.7090","21.9100","21.6258","","0.21%"
"01/16/2014","21.7083","21.6020","21.7891","21.5817","","0.50%"
"01/15/2014","21.6007","21.5177","21.6397","21.4322","","0.38%"
"01/14/2014","21.5190","21.4323","21.6167","21.4224","","0.41%"
"01/13/2014","21.4316","21.3630","21.4534","21.2169","","0.31%"
"01/10/2014","21.3663","21.5670","21.5893","21.3504","","-0.93%"
"01/09/2014","21.5670","21.5994","21.6760","21.5630","","-0.15%"
"01/08/2014","21.5987","21.3484","21.6313","21.2937","","1.18%"
"01/07/2014","21.3477","21.4691","21.5438","21.2951","","-0.57%"
"01/06/2014","21.4691","21.5048","21.5288","21.4121","","-0.20%"
"01/03/2014","21.5114","21.6413","21.6555","21.4185","","-0.61%"
"01/02/2014","21.6432","21.6024","21.7436","21.4928","","0.19%"
"01/01/2014","21.6024","21.5852","21.6174","21.5413","","0.08%"