Date,Actual,Naive (Mean),Linear Regression,SVR (RBF),TF-IDF + RF,TF-IDF + LightGBM,TF-IDF + BiLSTM,TF-IDF + Hybrid(RF->BiLSTM),FinBERT + Ridge,FinBERT + LightGBM,FinBERT + BiLSTM,TF-IDF + Transformer,FinBERT + Transformer,TF-IDF + Stacking,FinBERT + Stacking,Weighted Blending (Top-3),RF (Fin Only),LightGBM (Fin Only),BiLSTM (Fin Only)
2024-03-27,0.00012860990346696966,6.474141275809945e-05,0.0010227419130797587,-0.004178444356681935,-0.00010783746549298158,3.2823586820485854e-05,-0.0003346645,-0.00055420684,0.0016213815228500723,5.5322944815817085e-05,-0.06794695,-1.6524544e-05,0.004470893,-0.0002312099336947308,0.00026594758142471035,0.0002756147337222152,-0.0008853571289707422,-4.77547779750149e-05,-0.00012070936
2024-03-28,0.002602124564106356,6.474141275809945e-05,0.0019099424932641001,0.007619891136777915,0.0015035274683951588,0.0016950145956633688,-0.00042515088,-0.00079140003,0.00028278690220214626,0.0026959530243417513,-0.03416751,-4.3288688e-05,0.0035720514,0.002798587172427001,0.0009967710838726536,0.0024738784967932113,0.003474183044814335,0.0022298605156683736,-7.8377256e-05
2024-03-29,0.0,6.474141275809945e-05,0.0010710324250651857,-0.0012636987272809383,-7.409093671153126e-05,3.2823586820485854e-05,-0.0010442766,-0.00014289608,0.0008052462349791524,5.5322944815817085e-05,0.016063657,-5.812882e-05,0.0044721076,0.0004960993164403701,-0.0005439931663882954,0.000532116380412846,-0.00013420992739247438,0.00014822142535651653,-0.00040648517
2024-03-30,0.0,6.474141275809945e-05,7.774444686901406e-05,-0.0007366523118688276,-1.4138983547110095e-05,2.514155087853987e-05,-0.00056211406,-0.00034636515,-0.0007250321155311195,4.374366791405524e-05,0.024699267,-8.0143654e-05,0.002770205,0.0013429443163792457,-0.0011162505519738011,0.00048491084902285014,4.6390506412009875e-06,2.5528795090316614e-05,-0.00081997574
2024-03-31,0.0,6.474141275809945e-05,0.00018111068003343945,-0.000954584366191392,0.0010623855144027096,2.514155087853987e-05,-0.00015032574,-0.00057968067,-0.0008876926717199267,4.374366791405524e-05,0.036039975,-8.620077e-05,0.0026770346,0.0003755414155453278,-0.0006698617300807991,0.0001983316244821279,4.6390506412009875e-06,2.5528795090316614e-05,-0.0006127474
2024-04-01,0.0,6.474141275809945e-05,0.001202874356345195,-8.797598555278664e-05,0.001619502008460385,0.0015118261359007169,-0.0009257697,-0.0007256453,-0.0010117850844794016,0.0010141141783469995,0.055553105,-9.089749e-05,0.003295281,0.001944152220794782,-0.0012152772254958523,0.0013834871474395919,0.0014298414316111377,0.0013923470624362872,8.357433e-05
2024-04-02,-0.0022043049963408334,6.474141275809945e-05,0.002029323153274788,0.0034039528595432916,0.0007297509110875829,-8.206442909896413e-05,-0.0010212042,-0.00050932146,0.0032173788038584563,0.00010313055294694248,-0.003985131,-0.000100422214,0.005713976,0.0013913472075021498,0.0013983616403170022,0.001157062060277122,0.0011347942526224672,-0.00011491696958880296,-0.0006463127
2024-04-03,0.0002961529106788596,6.474141275809945e-05,0.000679039830293701,-0.010097012958103627,-0.0013099283316199955,-0.0009758390237792101,-0.0010466152,-0.0012319491,-0.0015334337294988685,-0.002030379109172794,0.0045175184,-0.000108837965,0.0036305701,-0.0002733211460940542,-0.002211304586858132,-0.0005660971887887223,-0.0022581488739419433,-0.0009549432404197417,-0.00032770098
2024-04-04,0.004844131105243177,6.474141275809945e-05,-0.001134491709223005,0.0013189415922453531,-0.0006552754357668441,-0.00040959513384809516,-0.0004533475,0.00012532552,-0.0008618077428401601,0.0003980862777883237,-0.074660264,-0.00011810046,0.0052668685,-0.001686510887177747,-0.0005633051094200576,-0.000791257388200945,-0.00014944567384814124,-0.00020618484303157938,-0.00046751124
2024-04-05,-0.008115708717146397,6.474141275809945e-05,0.002720969700588391,-0.004461334418559519,-0.0017408815170352706,-0.00040443758429506584,-0.0015402877,-0.00055393705,5.11371878889209e-05,-0.0018598435148746474,0.004358008,-8.190816e-05,0.0062544467,0.00034805749702812263,-0.0019030712979034776,0.00036331226289791163,-0.0027349193945277596,-0.0006753498933864476,0.00011247926
2024-04-06,0.0,6.474141275809945e-05,0.00014807757064604912,-0.0009125055438274467,0.0028155982149693265,2.514155087853987e-05,-0.0016808943,0.00024452538,-0.0015052006440113104,4.374366791405524e-05,0.01107594,-0.0009237932,0.005786431,0.0003938869304092245,-0.001450011902989896,0.00019364390870687704,4.6390506412009875e-06,2.5528795090316614e-05,0.00017056998
2024-04-07,0.0,6.474141275809945e-05,0.00011606549008533545,-0.0008459875663492074,0.0001793330156233469,2.514155087853987e-05,-0.0009381409,-0.0006126703,-0.001428117403693762,4.374366791405524e-05,-0.034061763,-0.00075320515,0.005348174,0.0007459705445743026,-0.0014118142004024543,0.0002997704149621266,4.6390506412009875e-06,2.5528795090316614e-05,-0.0005595664
2024-04-08,0.004084103974638431,6.474141275809945e-05,0.002486585160065419,-0.002392985649033009,0.0004929471906249662,7.785696751902373e-05,-0.0009885523,-0.0016873588,0.0011754739568268844,0.0001768042202217634,-0.03971431,-0.0012912989,0.005679448,0.001558542468802293,-0.00045472269860920744,0.0013866531385554536,-0.0004075255943934021,0.00011564308267954973,0.00055609236
2024-04-09,-0.0010927214428958498,6.474141275809945e-05,-0.0019338595423627077,-0.00037382457733548934,-0.00022102240806133328,-0.0002817808031449013,-0.00050698465,-0.0005187985,-0.003228254603435409,-0.00010639143582078753,-0.048875377,-0.00057504134,0.008223013,-0.001248177078414588,-0.002768852975369984,-0.0010796875077347943,-0.0005552960542667923,-0.000432780022483363,0.0015784575
2024-04-10,0.003329640734033301,6.474141275809945e-05,0.004085431219700985,0.003658875751770439,-0.0036106223664840714,0.0011359203225205867,-9.781032e-05,-0.0009089116,0.0025759819375725567,0.0026663088968631745,-0.059385154,-0.0011086899,0.011245751,0.0025223603084304678,0.0024155568605000242,0.0030809491021016547,0.001721261102348312,0.001834883683620668,0.00034244102
2024-04-11,-0.0046990344432567,6.474141275809945e-05,0.000280777394083579,-0.0020704133502736323,-0.0018325020313560943,-9.722303176060478e-05,0.00067836465,-0.00052069325,0.0008458194436131794,-0.0002842601512928984,-0.041347276,-0.0014921679,0.012033676,-0.0004450728067509289,-0.0005296716414745267,-0.0001534293731142416,-0.001656013125533035,-0.00027882946355427165,0.0007480063
2024-04-12,0.00905878492642409,6.474141275809945e-05,-0.002516112769874706,-0.0029465472778094958,-2.8056829626473664e-05,-0.003397563814584051,3.121278e-05,-0.00055682415,-0.0034211921045814754,-0.004277130381076562,-0.027184214,-0.0006170915,0.0140517475,-0.003591597187631943,-0.0043243524059894895,-0.003476520336926625,-0.004250427836036817,-0.002553923896908879,-0.00077062624
2024-04-13,0.0,6.474141275809945e-05,-8.744014550569986e-05,-5.4429745312682166e-05,-0.0009112578339842651,2.514155087853987e-05,0.0039370554,-0.001101758,-0.00252190248539345,4.374366791405524e-05,-0.034506094,-0.0013617883,0.016112175,-0.0003421530995294079,-0.0026505005381306426,-0.0001267391432623281,4.6390506412009875e-06,2.5528795090316614e-05,-0.003403273
2024-04-14,0.0,6.474141275809945e-05,0.00019644605705511397,-0.0009644048512082943,0.0010798046226727772,2.514155087853987e-05,-0.00027870698,-0.0010219831,-8.63666183991848e-05,4.374366791405524e-05,-0.025757328,-0.0014846937,0.01476531,0.00026806850968099993,-0.0013691487636445748,0.00016774914055705598,4.6390506412009875e-06,2.5528795090316614e-05,-0.0043671257
2024-04-15,-0.00375832647537766,6.474141275809945e-05,0.0019811870580036394,0.0023361032595860627,7.574146845647118e-05,0.00018448625835072778,-0.00029559576,-0.0008579827,0.003389588388291563,0.0007384249271489252,-0.047739908,-0.0009255749,0.011430874,0.001133183851766133,0.0016206742728285507,0.001273949298325015,0.00032845356959634316,-7.049547586650197e-06,-0.0036971471
2024-04-16,-0.018224776003605503,6.474141275809945e-05,-0.003311934479258094,0.003002823941486341,-0.0017374809898647108,-0.00467141307531823,-0.00033569385,-0.0007059311,-0.003961168415889026,-0.0057290294493843414,-0.037387382,-0.00014414126,0.0029146792,-0.004554649525648467,-0.0064387203038416465,-0.004552866398257049,-0.0016133853654355435,-0.0059726870148592275,-0.0042503956
2024-04-17,0.003533085433407246,6.474141275809945e-05,-0.0009883604643860235,0.002825668766361052,0.00024023376042407244,0.0005161484684775005,-0.0011272845,-0.0019161134,-0.002252858740582341,-0.0007177002968291403,-0.039171148,-0.00013943578,0.0067235073,-0.000605714044060453,-0.0017801073187795654,-0.0007687983177437645,-0.0010214156487287865,0.0005286398294388169,-0.0022817715
2024-04-18,0.00370285894859701,6.474141275809945e-05,0.00021096313252092153,0.0003049048849585274,0.00016605225618293403,0.00011063808025445606,-0.0010541856,-0.00076043815,-8.406930271918545e-05,0.0003608457967253753,0.0022566323,-0.000121699326,0.0059597837,3.3797387880974805e-06,0.0004235103119487909,0.00019368343012634009,0.00040163287910940584,-1.2108441099534353e-05,-0.002642503
2024-04-19,0.0023866802927492436,6.474141275809945e-05,0.0010756289183872804,0.0034815627283474758,0.0010382859377983575,0.0016846120471849515,-0.00061756093,-0.00011742697,-0.001029067190449074,0.00025091545994589473,-0.04321916,-0.00013141811,0.008519665,0.001550086086259294,-0.0015783352451494651,0.0009496553029921112,0.0033884571304253737,0.0018525147263405177,-0.0028972519
2024-04-20,0.0,6.474141275809945e-05,0.0001574775153546976,-0.0009273216311201588,6.380662512770067e-06,2.514155087853987e-05,0.002376806,-0.00041291968,-0.00011699474008141419,4.374366791405524e-05,-0.01033706,-0.00011685537,0.0032453807,-0.00015958219713473173,-0.0009867729910348624,1.3484037638645816e-05,4.6390506412009875e-06,2.5528795090316614e-05,-0.0014447222
2024-04-21,0.0,6.474141275809945e-05,9.011012967062845e-05,-0.0007751779338545832,6.145503666618963e-05,2.514155087853987e-05,0.0006089881,-0.00047249638,0.0014959696951622895,4.374366791405524e-05,-0.025366858,-0.00010840708,0.0025615124,0.00020118779721504297,4.815225624110736e-05,0.00011096876204866047,4.6390506412009875e-06,2.5528795090316614e-05,-0.0013197508
2024-04-22,0.01621358055180888,6.474141275809945e-05,0.00018751427440291565,0.01881887217904005,0.002134204091195136,0.0026599524045939843,0.0005736721,-0.0005572248,-0.0002551488034505235,0.003265035021654975,-0.028548822,-9.810497e-05,0.0048867455,0.002794467456067602,0.0013177689682855103,0.002106723686645036,0.009038077934132237,0.0030344793505699737,-0.00275762
2024-04-23,0.0026097132680364954,6.474141275809945e-05,0.0018109817129905372,-0.007196727669640997,-0.0013922325716570483,-0.0009595727650434994,0.00221266,0.00021747744,0.001264275695431504,0.00037749818212579696,-0.025808107,-9.5987605e-05,0.009332298,0.0006627891920548193,-0.001662520318017496,0.00093891339526607,-0.002025715310199829,-0.0006986218570534171,-0.0012612956
2024-04-24,-0.0005506655843954267,6.474141275809945e-05,-0.0012002336263881549,0.0009514173825904589,-0.00136041129733976,-0.0009843611655305203,0.0008155011,-0.00019193976,-0.0037924119587036125,-0.0008623088238887782,-0.023676142,-9.128972e-05,0.003760024,-0.0016763216051845732,-0.0034198865986741055,-0.0012418643350906335,-0.001209806176059372,-0.0009641785290724158,-0.0010909394
2024-04-25,0.004785843455159977,6.474141275809945e-05,-5.7656745106637026e-05,0.0014283572298109714,0.002112412635858247,0.00022018719694670254,0.00013834678,-0.0007263346,-0.0016493322870262915,0.0003158668544519947,0.004132534,-0.000117221236,0.0017422297,0.0007381749194952953,-0.0008343355853031043,0.00033398985420493056,0.0002940862514140771,-7.049547586650197e-06,-0.0038898452
2024-04-26,0.0075468568585173035,6.474141275809945e-05,0.007761686764802433,-0.0007158446312307163,0.002316573813105775,0.0013568237635089545,6.064764e-05,-0.0005171489,0.007491123387240427,0.0020499215076189977,0.0033415356,-0.0001399501,0.0024517337,0.005618223870532959,0.0050500573392807035,0.005091847417704503,0.00223538502000903,0.0022544086648626006,-0.0017813497
2024-04-27,0.0,6.474141275809945e-05,7.363282361102529e-05,-0.0007232090153812655,0.0012103157865851406,2.514155087853987e-05,-0.00043933807,-0.00063406985,0.0003120909270416317,4.374366791405524e-05,-0.008176953,-0.00015483168,0.0032382207,0.000491683714413989,-0.0007311333003984282,0.00020176771044946496,4.6390506412009875e-06,2.5528795090316614e-05,-0.0011319018
2024-04-28,0.0,6.474141275809945e-05,7.139886406090147e-05,-0.0007157774310132545,-0.0009020290535273102,2.514155087853987e-05,-0.0012165953,-0.00056511234,-0.0005713420879298922,4.374366791405524e-05,-0.022286613,-0.00016740046,0.0052545713,5.606866789368645e-05,-0.0006403448484925314,5.683272906555997e-05,4.6390506412009875e-06,2.5528795090316614e-05,-0.0013989866
2024-04-29,0.000884539357701497,6.474141275809945e-05,-0.003983341696200385,-0.007380902857235114,-0.0033566742003540424,-0.00223230334014483,0.00024401661,-0.00051705266,-0.004469715463704385,-0.0018979706739894993,0.01746349,-0.00017093195,0.0057187686,-0.004467275690357993,-0.005526800164184266,-0.0034278512944203657,-0.004821346015606082,-0.0034368137186041444,-0.0023703682
2024-04-30,-0.0003559579380461031,6.474141275809945e-05,-0.0008231792898967366,-0.005013510279197209,-0.001452688599435356,-0.0004705337107156593,-0.0010068221,0.0007791264,-0.003338498114693671,-0.0004634899120213824,-0.037429195,-0.00013546538,0.005824604,-0.0010597990270532886,-0.002962379021476063,-0.0007780662101554957,-0.001106746977734617,0.00012894100675743753,-0.0052172374
2024-05-01,-0.002810613288343866,6.474141275809945e-05,-0.007939604323890818,-0.0069896804038746515,-0.003672275561896742,-0.0069032541875067585,0.00024246014,-0.0011304694,-0.00766899174325817,-0.008559752175475291,-0.046436917,-0.00013983401,0.0031646444,-0.010877053382239179,-0.011964794488033255,-0.009124858777854435,-0.00894210430386954,-0.007136201737709531,-0.00020328804
2024-05-02,0.006268747137136765,6.474141275809945e-05,-0.0009703960027741761,-0.0018697139624085446,0.0015752236911387868,0.001485174042453678,0.0021370195,-0.0006029305,-0.0015355047357109384,0.0007132140757755012,-0.006899539,-0.000101503014,0.0004071974,0.00018243769896532038,-0.003433100341949611,-1.0948549134364219e-05,0.00135841515670498,0.0015353285178013375,-0.004621788
2024-05-03,0.0050586442980120605,6.474141275809945e-05,-0.0026218883753224924,0.0017404088678125767,-0.00014264850704769161,-0.0007726507823763474,0.00017893498,-0.00064233714,-0.004764675283419335,-0.0011977373120036522,0.031795133,-8.654178e-05,-0.00022340112,-0.0016678722415311206,-0.005889457008152412,-0.0018173036380624906,-0.0007730259156372966,-0.0004455932588899933,-0.0018581132
2024-05-04,0.0,6.474141275809945e-05,0.00014970781306154513,-0.0009152334507498286,0.0002218587632933168,2.514155087853987e-05,1.3082026e-05,-0.0013485247,0.0011340168434552963,4.374366791405524e-05,0.012116936,-4.5057037e-05,-0.0011970821,-0.0004901917859517449,-0.0005317984842193259,-9.849296155763425e-05,4.6390506412009875e-06,2.5528795090316614e-05,-0.00073616
2024-05-05,0.0,6.474141275809945e-05,9.799813539697886e-05,-0.0007981878811346476,0.00017159090892584228,2.514155087853987e-05,0.0006230376,-0.0009065757,-0.0013805049207256505,4.374366791405524e-05,0.03514452,-4.4393557e-05,-0.00072145194,-0.00026596028234903167,-0.0011624616942712367,-4.110767257516892e-05,4.6390506412009875e-06,2.5528795090316614e-05,0.0003573603
2024-05-06,0.0,6.474141275809945e-05,0.005018078821410194,-0.005909470551545307,0.000880667972795721,0.00062890767128808,-0.00013048775,-0.00016196317,0.0032150982119302264,0.0010175906587904218,0.021932004,-2.3344997e-05,0.0007902727,0.0036092107176692203,0.0013565564538254758,0.0031787271664033513,0.0014436002896739586,0.0008913985810428741,4.9422146e-05
2024-05-07,0.012197007605780241,6.474141275809945e-05,0.00048665794927043286,0.0015070225543214319,0.00015222293599541833,0.00013514360558428815,-0.00022108378,-0.00072515337,-0.002029528700766923,7.18505393538217e-05,0.021210708,-2.882778e-05,0.0011650928,0.0007431458998918357,-0.0010695513377542776,0.0004292057507027172,0.0004735153453742488,0.00011564308267954973,-0.00013121153
2024-05-08,0.00485706072047587,6.474141275809945e-05,0.0025384109851132957,0.0008663914077143191,0.0003075318503048921,0.00025784450688216067,-0.0001376704,-0.0006671316,0.0032506518487922472,0.0005567371769467603,0.046878632,-4.3540815e-05,0.0012754936,0.0014322472805539952,0.0013817066976866946,0.0014921186922708842,0.0006069443174818107,0.0002992166506251506,0.0012346214
2024-05-09,0.003267876060114583,6.474141275809945e-05,0.00285200271973537,-0.0007147003487056819,0.0024331689583383916,0.00026556099689273944,-0.00087152014,-0.0005813139,-0.0007627754323966355,-0.0004921582116796339,0.015526252,-4.8471557e-05,0.00087008334,0.002109136038108304,-0.0018347210501074925,0.0014583756772148684,9.655867432540361e-05,-8.539201416486587e-05,0.0007478666
2024-05-10,0.006253169238845668,6.474141275809945e-05,0.001090277288867058,-0.0073678738621072585,-0.0003779864635792861,0.0003918484985476149,0.00064586673,-0.0005566403,0.00028650530409449616,0.0002377347240051305,0.014274839,-5.5243756e-05,0.0013211508,0.00018538546881727042,-0.000980054217154989,0.0004981291843533433,-5.975290168032838e-06,-8.121412793958346e-05,0.0010103344
2024-05-11,0.0,6.474141275809945e-05,9.30550167721322e-05,-0.0007839150195729132,5.445316482747826e-06,2.514155087853987e-05,0.00047402977,-0.00041664863,-0.0012831295037702291,4.374366791405524e-05,-0.007078378,-8.121095e-05,0.0019515016,-5.8251072975505e-05,-0.00193460427771485,2.604270555835033e-05,4.6390506412009875e-06,2.5528795090316614e-05,0.001294286
2024-05-12,0.0,6.474141275809945e-05,0.00013032211629043213,-0.0008785951921990729,-0.00017759639342892407,2.514155087853987e-05,-0.00014001949,-0.0007994906,-0.0028071377550297075,4.374366791405524e-05,0.018817019,-9.9843746e-05,-0.0009073253,-0.0008391115803118602,-0.0019227574527000148,-0.0002203154503062778,4.6390506412009875e-06,2.5528795090316614e-05,-0.0005867977
2024-05-13,-0.00222557910113641,6.474141275809945e-05,0.00016826059629873223,-0.0011112922863558564,-4.818626805679382e-05,-0.00020212883853637568,-0.00047443472,-0.001523439,-0.002642508981530098,-0.0008816082020031203,-0.004119377,-9.534389e-05,-0.0015546113,0.00043120658614847546,-0.002618999612517933,-0.00010500494237456455,0.0006364960349928607,0.00011630525591839075,-3.7042133e-05
2024-05-14,0.0015614991818171386,6.474141275809945e-05,-0.0005881267465297057,-0.0003476542526464595,-0.00011912626614564026,-0.0002817808031449013,0.00084163714,-0.0005334424,-0.001103203789273741,-9.565351551889595e-05,0.005942334,-0.00010986219,-0.0010415475,-0.00018686470894081544,-0.0017235788342456755,-0.00028627643241954925,-0.0010899045137296416,-0.00027882946355427165,0.0003966625
2024-05-15,0.002096550480355619,6.474141275809945e-05,-0.0013543961581888191,-0.000870237643156596,-0.0014145070133026296,-0.0011029309993883997,-0.0007359759,-0.0004817031,-0.0033838232486993578,-0.0015487044907943582,-0.018049015,-0.00011154401,-0.0012890036,-0.0012462873478313948,-0.0034081592326967876,-0.0013852935660335556,-0.0023032767651442725,-0.0009631474060797812,-0.00048024533
2024-05-16,-0.0008465746288095488,6.474141275809945e-05,0.0014384668341924382,0.0006703671395072034,0.000477561630161674,0.0001462196620096687,-0.00025054134,-0.0012006087,-0.0001245528436554823,5.5322944815817085e-05,0.0077299965,-0.0014089983,-0.0011574599,0.0005229195952102343,-0.0015287479208057262,0.0006606904927570834,0.0006078592721743507,0.00014822142535651653,-0.0006186776
2024-05-17,-0.002179258530689121,6.474141275809945e-05,0.002882044720083679,0.0016200106053818313,-5.7462142736771567e-05,-0.00025619699748551523,-0.0013634253,-0.00027764647,0.00024168854727868382,9.877932616284207e-05,-0.04884506,-0.0017077263,-0.0013363968,0.0003723659196209328,-0.0011455921746017692,0.0010960248806387483,-0.0002734226396354788,5.115442583046252e-05,0.000386998
2024-05-18,0.0,6.474141275809945e-05,8.481132613120056e-05,-0.0007590273268609999,5.8974979725229555e-05,2.514155087853987e-05,-0.0016630199,-0.000104515,0.0016460671589612818,4.374366791405524e-05,0.007511333,-0.0018772461,-0.0014282159,-0.0005082990711490456,-7.175732719335493e-05,-0.00012562793156802398,4.6390506412009875e-06,2.5528795090316614e-05,-0.00025967986
2024-05-19,0.0,6.474141275809945e-05,5.660526764035604e-05,-0.000664405819471932,0.00028710654150912977,2.514155087853987e-05,-0.002439155,-0.0002395775,-0.0009605031518731379,4.374366791405524e-05,0.008090425,-0.0014913242,-0.001518964,-1.3341873266134418e-05,-0.0008398194895181575,2.903570299987034e-05,4.6390506412009875e-06,2.5528795090316614e-05,-0.00026560936
2024-05-20,0.0004679190428800162,6.474141275809945e-05,0.0027590326215068714,0.0006583469061393959,-5.441770676128019e-05,7.785696751902373e-05,-0.0015178742,-0.0003354404,-0.0008210953784146504,-1.5681184899901807e-05,0.0053861705,-0.00043226162,-0.0013139277,0.0010702964117023151,-0.0009479012631458325,0.0012477148372163863,7.18372338866517e-05,-8.033312065198171e-05,-0.0005305236
2024-05-21,-0.0009199686617127334,6.474141275809945e-05,-0.0029349375360519093,-0.0012161123649709312,-0.0018046432674215707,-0.0004693195867670286,-0.0034208298,0.00028310937,-0.004775004699813645,-0.0018138413805537583,0.02624083,-0.0013258746,-0.0015203581,-0.001703189709868386,-0.004579154866500856,-0.00214241927372023,-0.0013943992062709105,-0.0007115728506091758,0.0030115922
2024-05-22,-0.005479745023139304,6.474141275809945e-05,-0.0006071264440285371,-0.0003241137496828037,-0.0017064202405903284,-0.0020695424130183254,-0.0006145879,-0.0004108171,-0.003131902423065204,-0.0013164877176616901,0.0005753826,-0.00065505423,-0.0010614098,-0.0031077002900796345,-0.004036747452432338,-0.0016783742703773887,-0.0015233921085528132,-0.0014415403426301756,-3.56292e-05
2024-05-23,-0.0037155046455755736,6.474141275809945e-05,-0.002329434799218013,-0.004626487448986434,0.000812593065201368,0.0008241351294107399,-6.82243e-05,-0.0005278955,-0.003533498133148698,0.0008564016582924271,-0.02856718,-1.8481223e-06,-0.0012672833,-0.001215065392383454,-0.002406316488125352,-0.0008671609362211222,0.0017107427744132474,0.0012327539497807593,0.0011252699
2024-05-24,-0.00259496380361246,6.474141275809945e-05,0.001772890815800094,0.0004489243506425088,0.0002991616025334558,0.0002501624709402147,0.00080750696,-0.0005109296,-0.0010037261030269465,-0.0005037374885813957,0.013429854,-0.00015670719,-0.0012110636,0.000446976496337051,-0.0028373946816214997,0.000552624124856287,0.000693094249290409,0.00017652402035895064,0.0017072738
2024-05-25,0.0,6.474141275809945e-05,0.0001303465562148996,-0.0008786470569576476,-0.0005372553245158655,2.514155087853987e-05,0.00029987187,-0.0006971264,-0.0013214418659508345,-0.0008638090228974687,-0.03586955,-0.00017589043,-0.0009464702,4.53736794721724e-05,-0.0005843368359278667,-0.000238974420366538,4.6390506412009875e-06,2.5528795090316614e-05,-0.00034103764
2024-05-26,0.0,6.474141275809945e-05,5.09072219024044e-05,-0.0006436732602827172,0.00020756206218652975,2.514155087853987e-05,0.00029497358,-0.0007064765,-0.0012353509832322947,4.374366791405524e-05,-0.008198135,-0.00016167661,0.0077428557,0.00045340434859979966,-0.0014625537996491985,0.0001816925069772167,4.6390506412009875e-06,2.5528795090316614e-05,-0.0015965524
2024-05-27,0.0,6.474141275809945e-05,0.0017391864761865064,0.0013628531711969054,0.0010980685585352367,-0.0001486106784461161,0.00056486554,-0.0008306195,0.0001856942632671057,0.0009782814383798148,0.026123058,-0.0001456275,-0.0016635704,0.0009050326875098956,-0.000946410992610194,0.0012019054248811238,0.0013626769177098876,0.00047192203724756565,0.00031316478
2024-05-28,-0.0076236025098616045,6.474141275809945e-05,-0.0007706750457115506,-0.0005886936224482964,0.0036353231370169652,-0.00011438283980721879,-0.00074083405,-0.00081092364,-0.002962538821297843,3.127836038554546e-05,-0.073273465,-0.00014288604,-0.0018785173,-1.4473729691613588e-05,-0.002066280904975129,-0.0002451119221168877,-0.00023144819439532103,-7.049547586650197e-06,-0.0003592188
2024-05-29,-0.008615028991371676,6.474141275809945e-05,-0.0014821106771489055,-0.0010137710746435458,0.0001863139243985901,0.00019818932063990293,-0.00010674939,-0.0007829401,-0.0023248631167256577,-0.0007718995166430268,-0.008488294,-0.00013494745,-0.0014288371,-0.00010627468979957496,-0.0029516128783227597,-0.0007829075986209551,0.0013755882114217994,0.00045296421717783223,-0.0032247645
2024-05-30,0.00586332513347676,6.474141275809945e-05,-0.0028814721646860364,-0.001566912356176395,-0.001999890633308883,-0.0007503972995654595,-1.609305e-05,-0.0008745098,-0.0036226644366173194,-0.00031775031112733093,-0.009562008,-0.00013591323,-0.0012590756,-0.0026895765892362786,-0.002701465099694026,-0.0019380845970411672,-0.001392580585325703,-0.00032091801236483063,-0.0028706188
2024-05-31,0.005385704132522484,6.474141275809945e-05,0.001024188800279492,0.002829415054843746,0.0010239878084507435,0.001026117100014281,-0.00038095601,-0.001123514,0.001967296949462903,0.0027730629284341115,0.034791965,-0.00012550349,-0.0016526735,0.0003044403164264738,0.0019821504962679263,0.001386129742529176,3.138716459024189e-05,0.0013554826333171805,-0.0025376696
2024-06-01,0.0,6.474141275809945e-05,0.0001036961134801051,-0.0008140155399968861,0.00021559666265136442,2.514155087853987e-05,0.00012341046,-0.00075402186,-0.0012688110008049465,4.374366791405524e-05,0.0019437004,-0.00010932612,-0.0002557562,0.0006228279527108927,-0.0014919429381938134,0.000254975491645378,4.6390506412009875e-06,2.5528795090316614e-05,-0.0028743856
2024-06-02,0.0,6.474141275809945e-05,9.196069111094997e-05,-0.0007806884845439456,0.0004522547319788593,2.514155087853987e-05,0.00013584478,-0.0007178413,-0.0016180975749131464,4.374366791405524e-05,-0.024170974,-0.00012170838,0.003976933,0.00011921569614212806,-0.0027053047501291636,8.443532305217697e-05,4.6390506412009875e-06,2.5528795090316614e-05,-0.0020143362
2024-06-03,-0.0015262139019597276,6.474141275809945e-05,-0.014670592160922074,-0.012026668506461332,-0.016421980998481762,-0.006299700110087561,0.00073097425,-0.00061904243,-0.015645102295363797,-0.00841548529377964,0.017352555,-0.00014083076,0.006297419,-0.011745572722190708,-0.015123377342447114,-0.011555550842006063,-0.016014246213067445,-0.007241179703931455,-0.0042853807
2024-06-04,-0.0037166802819883493,6.474141275809945e-05,-0.006673760295686937,0.010584385931226424,-0.0025163504141921377,-0.003119027512080854,-0.00492251,-0.0041861376,-0.009117512930372666,-0.0036028565336755497,0.0042761494,-0.00013295034,0.0076596,-0.007740642932832764,-0.010324838599814024,-0.005973018894421865,-0.0010356214232206268,-0.0033517417247895427,-0.013314507
2024-06-05,0.0018112156889422693,6.474141275809945e-05,0.007916894400606164,-5.555089393231849e-05,0.002176656667321397,0.00204697726611159,-0.011087897,-0.00466338,0.004485352556690913,0.0033292000418178504,0.0030728388,-0.00013791487,0.010059997,0.007424174232611439,0.0035812725919559915,0.006179299504947842,0.003362597907548815,0.003776713522979662,-0.00421564
2024-06-06,0.004655054292798999,6.474141275809945e-05,-0.005565882034351651,0.0035665851578411557,-0.003924216474996572,-0.004833303046410451,-0.0006630322,7.394503e-05,-0.00769354420978065,-0.006015087060379696,0.0094776265,-0.0001250135,0.0061793556,-0.007058556311243665,-0.008770466295632015,-0.0062141870444212925,-0.0039338048583646475,-0.005650751013495157,-0.0014879239
2024-06-07,-0.004824183437251772,6.474141275809945e-05,-0.003802933391336108,-0.005311663394011964,0.0007027925941280158,0.000701543444186995,-0.003435517,0.00023858121,-0.0029703873808305283,0.001714563200510933,-0.03167778,-0.00012012254,0.0040267725,-0.00035091254522085527,-0.0005274751985842387,-0.0007665777330088298,0.0014878131367524789,0.0016523786463035978,-0.0007752344
2024-06-08,0.0,6.474141275809945e-05,8.92983592984988e-05,-0.0007727392714296519,6.380662512770067e-06,2.514155087853987e-05,0.00023660317,-0.002841102,-0.0011153344859881752,4.374366791405524e-05,-0.024646942,-0.000114390714,0.0032456373,-0.00021853935325521202,-0.0007754702537680309,-2.824335252718391e-05,4.6390506412009875e-06,2.5528795090316614e-05,-0.0011592592
2024-06-09,0.0,6.474141275809945e-05,0.0001091350697915157,-0.0008284833409647587,-0.00014064282234187408,2.514155087853987e-05,-0.0018126155,-0.00087214727,-0.0018309197060244141,4.374366791405524e-05,-0.010211896,-0.00010744197,0.0056517012,0.00021765266832836065,-0.0009717200127939366,0.0001226169053212277,4.6390506412009875e-06,2.5528795090316614e-05,-0.0023827506
2024-06-10,-0.002048422326711985,6.474141275809945e-05,0.004617310733477069,-0.000952784978947554,0.00042832424672403687,0.0008867096680684786,0.000367391,-0.00083971815,0.004049432062468601,0.0027760093217907037,-0.035885885,-0.00011240825,0.006748724,0.001496632318728838,0.0028278570986523107,0.0029523031487104986,0.0024768312060288434,0.0008777580490017389,0.00011829275
2024-06-11,-0.009803754763941686,6.474141275809945e-05,-0.004305704051842841,-0.0004095093858158859,-0.0013639528997734358,-0.004855970846702526,-0.0014531738,-0.0011444049,-0.006574340859663551,-0.006049789073223059,-0.04058783,-0.000117367046,0.008097021,-0.004456262990634854,-0.006993973519671548,-0.004954110436317306,-0.0014231824059953624,-0.005928336853160844,-0.0026723272
2024-06-12,0.00830529921537182,6.474141275809945e-05,-0.0027188296266124757,-0.004736890295685545,-0.00030434614490986795,-0.00011438283980721879,0.00034779814,-0.00056993915,-0.0023339807260360727,-0.00016360048323997177,-0.019880764,-0.00012714771,0.009104569,-0.0027579050428483145,-0.0021521147414158602,-0.0018548180279014674,-0.0002630486161730416,-5.139970928503392e-05,-0.0027545206
2024-06-13,-0.006306387453928419,6.474141275809945e-05,0.004768066471830041,0.010053499381672961,0.0030614847043684366,0.0022457543211881056,-0.0034703384,-0.0014365303,0.005583175057663607,0.004849215091535435,0.0036848667,-0.00012637928,0.012727528,0.004017664424662024,0.005250162689206744,0.004547501210379775,0.005366118591817629,0.0015028031343375457,-0.0029279343
2024-06-14,-0.00205912291898136,6.474141275809945e-05,0.001621687270173181,-0.004570512880548158,0.0025919598053049946,0.001466792755202179,0.00084064016,-0.00087982137,0.00098804728979194,0.0015538941748453159,-0.010182595,-0.000112157606,0.013411247,0.0017726524825025683,-0.0001049237198482345,0.0016483968305281613,0.002119718386643077,0.0015590732351928398,0.0007480397
2024-06-15,0.0,6.474141275809945e-05,0.00010163806526553837,-0.0008083770353508784,-3.6916573647824585e-05,2.514155087853987e-05,9.27058e-05,-0.0006526818,-0.0023836005962477144,4.374366791405524e-05,-0.020602748,-0.0001364389,0.0062089087,-0.00027560545997404193,-0.002001426518351763,-4.3114895938042384e-05,4.6390506412009875e-06,2.5528795090316614e-05,0.0005668964
2024-06-16,0.0,6.474141275809945e-05,0.00011607052401233322,-0.0008459998948177243,2.1896342453836178e-05,2.514155087853987e-05,0.00015126725,-0.00063786015,0.0011817818448381806,4.374366791405524e-05,0.002663637,-0.00015329037,0.012726265,4.938028358952694e-06,-0.0002275633930239963,5.4458538516212674e-05,4.6390506412009875e-06,2.5528795090316614e-05,0.00061007706
2024-06-17,-0.0005781368527261188,6.474141275809945e-05,0.0008142078139213678,-0.0018738471871715488,0.0017646222284192898,0.0007636448480819844,-0.0005553586,-0.0005281542,0.0002778994070188126,0.0006739852607376545,-0.04947895,-0.00016573191,0.009351357,0.000728509650442979,-0.00021397515177299422,0.0007377140757933112,0.002437553401101665,0.0008454371518863254,0.0012150742
2024-06-18,0.006035260956872568,6.474141275809945e-05,0.0025096843509053723,0.00045959920296966255,-0.0020887995978963398,0.0002229393868848176,-0.0009806936,-0.00062247633,0.00031751969081657023,0.00030462485795928633,-0.024805252,-0.00015878334,0.0120447045,0.0013477172610015444,0.0002689934453772657,0.0013682534267740703,0.0011371873216246555,0.0004951393199318767,-4.1186926e-05
2024-06-19,0.001687157944597395,6.474141275809945e-05,0.0007660157020530223,-0.00029166802399450357,-0.00010509703700244446,2.514155087853987e-05,-0.00021461622,-0.00054745947,-0.0010191244656464471,-0.0008638090228974687,0.027964085,-0.00015061264,0.016648183,-0.0002475295680467905,-0.0025659269377909435,-0.00012886233470683184,-9.62359822445747e-05,2.5528795090316614e-05,-0.0004465048
2024-06-20,0.00820829946216417,6.474141275809945e-05,0.0049844842341144014,0.001889692612197724,0.0027641011274358346,0.0018627257266872164,-9.279317e-05,-0.0005770068,0.0020838426767166383,0.00193048355289168,-0.02043841,-0.00016102163,0.018566806,0.0038573557466903457,0.0019471100768106637,0.0035632322250189626,0.003919996939593399,0.0011091660844175372,-0.00011568202
2024-06-21,-0.004199476334729946,6.474141275809945e-05,0.0038647400717155196,0.01518293684021637,0.0037935280210084853,0.0029606255684568516,-0.00037837427,-0.00048528955,0.0035163090497958233,0.005424532411860168,-0.017713934,-0.00016639874,0.020437513,0.0049881676287779324,0.003838960178130779,0.004771958942461754,0.0077060720979026795,0.004807014621696088,0.0012450606
2024-06-22,0.0,6.474141275809945e-05,9.878911044025474e-05,-0.0008004253977072712,0.0011995659560978603,2.514155087853987e-05,-0.0016638078,-0.0019665589,-0.0025495626396598125,-0.0008638090228974687,-0.027751174,-0.00015292864,0.01751806,-0.00031945097712864074,-0.0027688932038683937,-0.00037002716958589913,4.6390506412009875e-06,2.5528795090316614e-05,-0.002943764
2024-06-23,0.0,6.474141275809945e-05,3.1054866420445884e-05,-0.0005677743873832514,-0.0017577786954679048,2.514155087853987e-05,-0.0020990325,-0.0027082278,-0.002408811784998738,4.374366791405524e-05,-0.0064407433,-0.00014155402,0.017396318,2.4967820010825965e-05,-0.0016740250656039797,3.3394553122504476e-05,4.6390506412009875e-06,2.5528795090316614e-05,-0.01217688
2024-06-24,0.0053206469751339025,6.474141275809945e-05,0.0021729526817686885,0.0009561917198685531,0.00035534532477918767,0.00027894354909589064,-0.0020195327,-0.0007200766,0.00162946326990432,-0.00020548742541973765,0.014324456,-0.00013696018,0.019478459,0.0008361046960270013,-0.0005418906234803932,0.0009141249631463721,0.0002896319229299511,0.000343513278298729,0.000858985
2024-06-25,-0.004076531567158148,6.474141275809945e-05,-0.0017930121465894516,0.002132752536421854,-7.664040433823608e-05,1.943966740859278e-06,0.00023966175,-0.00049669814,-0.005437659514259699,0.0001903337413256185,-0.0058578555,-0.00014386847,0.024465287,-0.001415427428568009,-0.0038298668767318433,-0.0009873368651617993,-3.153839545476413e-05,0.00020976136384004225,-0.0002052295
2024-06-26,-0.0027231537175413933,6.474141275809945e-05,-0.00014316587574649778,0.0007090651113960565,0.0005236659684416095,0.0006569446177049946,-0.0041598193,-0.0028797705,-0.0025525719338492935,0.00014253409353760012,0.0044725905,-0.0001495537,0.027735608,-0.0004470470821309074,-0.0015854799689049093,-0.00014571217506675348,0.0022234866256952003,0.0007155734912005491,-0.0051995507
2024-06-27,-0.005549929303748202,6.474141275809945e-05,-0.0005258505555537699,-0.0008868316774991196,-8.65693369448355e-05,-0.00011438283980721879,-0.0021981199,7.719442e-05,-0.0032782893277248414,-6.498520267815665e-05,0.0008947778,-0.00014353156,0.024814084,-0.0008727020935294211,-0.003204877456634002,-0.00048250562397466994,-0.0004117940758382719,-5.139970928503392e-05,-0.005596671
2024-06-28,-0.001902274905619783,6.474141275809945e-05,0.0020721693549676018,-0.0006912560687456883,0.0002715662394826282,0.0003028778875806985,-0.0009715967,-0.00056169607,-0.001338844891159979,0.00026696809424059875,-0.017007058,-0.00012911484,0.026790828,0.0010422900060791894,-0.001015923068505562,0.001111695319445782,0.0004252093173195164,0.0002992166506251506,-0.0020277984
2024-06-29,0.0,6.474141275809945e-05,0.00012558341405195932,-0.0008682752352710101,-0.0005089655450383816,2.514155087853987e-05,-0.0005129137,-0.0006221937,-0.0005295945225426027,4.374366791405524e-05,-0.018300306,-0.00012307774,0.02548239,-3.0998148448944743e-05,-0.000753663566211305,4.566104363604446e-05,4.6390506412009875e-06,2.5528795090316614e-05,-1.2964476e-05
2024-06-30,0.0,6.474141275809945e-05,0.0001974374570604759,-0.0009648226014144995,-9.941487003148216e-05,2.514155087853987e-05,-0.000265001,-0.00048036047,-0.0015126931137899409,-0.0008638090228974687,-0.0001790697,-9.8946446e-05,0.021034285,-0.0002999118698027443,-0.0022862236077706728,-0.0003314231976586879,4.6390506412009875e-06,2.5528795090316614e-05,0.00035390942
2024-07-01,0.0003233661435648738,6.474141275809945e-05,0.0011627433044589062,0.001585989780261557,-0.0008233568650816295,-0.0005050505420300708,-0.000118267286,-0.00046380097,-0.001601402485265111,-0.0006364816976180032,-0.034592375,-8.182859e-05,0.019849813,0.00044579218791198386,-0.003039876811132484,0.0003079129575431033,-0.0015472759591794924,-0.0005192323226051353,0.00054709153
2024-07-02,-0.005578711753498333,6.474141275809945e-05,0.0015569654869052813,-0.0005294140586740914,0.00023161430977716689,0.00025784450688216067,-0.0006125765,-0.0002156808,-0.0011876136649534613,0.00022405456755890917,-0.003383271,-5.586425e-05,0.016931169,0.00031557263076811343,-0.0019401736114653561,0.0006885600933425449,0.00042419205084136204,0.00014759060899200284,-7.912953e-05
2024-07-03,0.006146874846081785,6.474141275809945e-05,0.0024012369818519662,-0.0010411155240982071,-0.0016093438515319169,-0.00023055761971011427,-0.00035226185,-0.00039528043,0.0005938329154552536,-0.0013407748766295152,-0.014312815,-5.2994845e-05,0.019719848,-0.0003102424197026336,-0.0010871071123922198,0.00021937348845211337,0.0007529677157016362,-0.0003495241812958549,0.00032425195
2024-07-04,0.008583890580483589,6.474141275809945e-05,0.0007202163970446001,-0.0016234448793493667,-2.5096800893989615e-05,0.00011231613934657199,8.330334e-05,-0.0013740357,0.0008470179222909403,0.000650250350372667,-0.07007558,-7.1158545e-05,0.02499334,0.0002562762578472035,0.0010982340600359758,0.0005426201865910633,0.0011578484003952525,0.00017243053998715102,-0.0013446027
2024-07-05,-0.004529647165603334,6.474141275809945e-05,-0.003772244935407389,0.0006239637164737761,-0.0018604066400285848,-0.001442166060178095,-0.00048882584,-0.0006550818,-0.004756212274640607,-0.0017996536633597916,-0.0084655825,-5.898552e-05,0.021664971,-0.0023722834354828865,-0.004288754794759495,-0.00263181008306019,-0.001570768130532355,-0.0019383848972269367,0.00079119095
2024-07-06,0.0,6.474141275809945e-05,0.0001950643166228017,-0.0009637784146693711,3.899627596312986e-05,2.514155087853987e-05,-0.0006665224,-0.0020210347,-0.003561559031251904,4.374366791405524e-05,-0.011334044,-3.8641883e-05,0.032145213,-0.0004526887951000564,-0.0017621671863431445,-7.130252778824974e-05,4.6390506412009875e-06,2.5528795090316614e-05,-0.0041132853
2024-07-07,0.0,6.474141275809945e-05,-5.832901428556613e-05,-0.0001826550754947748,6.380662512770067e-06,2.514155087853987e-05,-0.00057636516,-0.0013473396,-0.0013954619188083777,4.374366791405524e-05,0.027826816,-2.0801119e-05,0.030280344,-0.0007961528049926609,-0.002033624690467921,-0.0002675492562645074,4.6390506412009875e-06,2.5528795090316614e-05,-0.002856785
2024-07-08,-0.00127256083364935,6.474141275809945e-05,0.000715065695878135,0.006165451579659506,-0.000696481968842947,0.0016736907061565786,-0.00076755777,-0.0023368064,-0.0009349923131930153,0.0022504357751966415,0.008098511,-1.7526705e-05,0.027138524,0.0009570410977123446,0.00032525720083191026,0.0013221044836662708,0.0022933657895127914,0.001144928498754509,-0.0009508083
2024-07-09,-0.00655154274918246,6.474141275809945e-05,0.002575132890277205,-0.00119425126254192,0.0002991260029908887,0.00027246817557881266,0.00016507701,-0.00073662284,0.0012130365420012176,0.0002774082536907833,0.034581535,-1.7155515e-05,0.025167812,0.0008299787241789528,-0.0004638615675032502,0.0012088396454968842,0.0006204608976923996,0.00025157845323501405,0.0004666316
2024-07-10,0.0065972055858798395,6.474141275809945e-05,0.0017395695918415873,-0.003112571831803064,-0.0012670485534344675,-0.0008626190790871638,-4.919598e-05,-0.0003133096,0.0007306935662333089,-0.001379629735302098,0.019680534,5.519658e-06,0.026181307,0.000890424363648408,-0.001604847760744023,0.0003879659668976335,-0.001598667574640741,-0.0007288190816569538,0.0020322674
2024-07-11,0.003640686348097555,6.474141275809945e-05,-0.006860928451009157,-0.01143633219347243,-0.0033301369822645176,-0.0017403089855292564,-0.00049700146,0.0001470194,-0.00794042495971475,-0.003844908191267457,-0.018869154,3.8604485e-06,0.024524393,-0.00615003096478266,-0.009595576334900456,-0.005590501509482941,-0.004121872245864483,-0.0027556498805856615,0.002584714
2024-07-12,0.0035958625084211437,6.474141275809945e-05,-0.0014523027989739165,-0.0007713871664390528,-0.001732938131818153,-0.0010173409457715622,-0.00089796924,-0.0027890643,-0.0030996572277979563,-0.002021356887526999,-0.0015350502,4.251636e-05,0.021427399,-0.0019231501472763179,-0.004249525182954481,-0.001803471161023396,-0.001561300060471301,-0.0009202181889561195,-0.0006415491
2024-07-13,0.0,6.474141275809945e-05,0.00017445667428794853,-0.0009483792089737689,2.1805568305126817e-05,2.514155087853987e-05,0.0017269002,-0.0015166376,-0.0013915150516481067,4.374366791405524e-05,-0.014589932,5.173721e-05,0.021466011,0.00028900013022378307,-0.0017810370574785734,0.00016751514149255235,4.6390506412009875e-06,2.5528795090316614e-05,-0.0006900511
2024-07-14,0.0,6.474141275809945e-05,0.00018858031933726717,-0.0009601532733694547,6.380662512770067e-06,2.514155087853987e-05,0.0011910534,-0.0017523811,-0.0013488594263756275,4.374366791405524e-05,-0.017914344,3.8172322e-05,0.023601327,-0.0005583604128642711,-0.0018031392958467547,-0.00010839658859183336,4.6390506412009875e-06,2.5528795090316614e-05,-1.9919069e-05
2024-07-15,-0.00847579823359268,6.474141275809945e-05,-0.001736788126702145,-0.00046748099516288975,-0.0024282345690777177,-0.00011438283980721879,0.0013176136,-0.00067099225,-0.002227300547467626,-6.498520267815665e-05,0.008239398,5.541221e-05,0.025303157,-0.0010181441156220836,-0.0014170809988657605,-0.000925128247019895,-0.00025842248016268843,-7.049547586650197e-06,0.00035837642
2024-07-16,-0.0022070253306872845,6.474141275809945e-05,0.001745368935270812,-0.005216913745007369,0.0011390938364766528,0.00043601445127421394,0.00021749418,-0.0011099576,-0.0010541288202750936,-0.0004827121116028905,-0.024559513,7.106198e-05,0.03143539,0.0013272116068224302,-0.0011229858796844262,0.0008422699840360477,-0.0005882008153686748,-0.00011014753930653126,0.0003272692
2024-07-17,0.0027630466998984637,6.474141275809945e-05,-0.006040693947015867,-0.00508894422417265,-0.0021780155884413613,-0.0012713199721168186,0.00029606678,0.00010616949,-0.004589140558421846,-0.0041467641121131025,0.010054691,0.0041378085,0.026311424,-0.0039471291195376625,-0.004303669847351642,-0.004697643049404373,-0.004807953595602687,-0.002117329849776774,0.00038355647
2024-07-18,0.002128865362395649,6.474141275809945e-05,0.0005124868978266698,0.002714496195020534,0.002005120406556557,0.0011625738169285934,-0.0013239919,-0.0020892443,-0.001819211044833673,0.0007506026608382645,-0.0073037087,0.0010076867,0.030306872,0.0016983152128583795,-0.0005859722528029841,0.0009867675228516293,0.0015553558298250878,0.001264153393549394,-0.0014076406
2024-07-19,-0.005992767727537984,6.474141275809945e-05,-0.003334209841776433,-0.0039195635485453845,0.00030844940443213906,-0.0004966995641029382,-0.00060704444,-0.0007195757,-0.0040250654901978255,-7.379586740070341e-05,0.00292459,6.0850754e-05,0.03530448,-0.0014009929105508285,-0.0032752614062300438,-0.0015752675727512173,8.505215166235909e-05,0.00026280331023545954,-0.0015867787
2024-07-20,0.0,6.474141275809945e-05,0.00011695906621385187,-0.0008481671334253137,-3.469071668629485e-05,2.514155087853987e-05,0.0012930897,-0.00076727767,0.001940606056893984,-0.0002952018506623594,0.0050400016,4.3512293e-05,0.029830342,0.00020116269170398793,-0.00028786780372023915,3.381642341551382e-06,4.6390506412009875e-06,2.5528795090316614e-05,0.00050809677
2024-07-21,0.0,6.474141275809945e-05,0.00014595898569421626,-0.0009088621648882947,-0.003027278260844205,2.514155087853987e-05,-0.00017550358,-0.0009572689,0.0011243445159958671,4.374366791405524e-05,0.008271797,2.9536168e-05,0.024076918,-0.00011073637349385915,-0.0007089870964706708,2.590182154266769e-05,4.6390506412009875e-06,2.5528795090316614e-05,-0.0023729387
2024-07-22,0.00527973005448934,6.474141275809945e-05,-0.0006147421408086135,-0.0022245498880712937,-0.0012324692353438667,-0.0006209416482129622,-0.00027911508,-0.0008840497,-0.002248834354696226,-0.0010358293787894404,-0.016014468,9.273324e-06,0.019365462,-0.000630807141813617,-0.003508706128284991,-0.0007645762641177072,-0.003474621422113552,-0.0005521544282661961,-0.0034933235
2024-07-23,-0.00383105779152515,6.474141275809945e-05,-0.007484736710517458,0.008937994427132234,-0.0025057455180010953,-0.0024862555259024016,0.00021397902,-0.00056197913,-0.008744187506557952,-0.005301068742824878,0.009247002,-2.8463546e-08,0.015540906,-0.007318866361837691,-0.008466463384711338,-0.006680398000194238,-0.004926091911586098,-0.0028223490120545553,-0.00025413523
2024-07-24,-0.0016749577893495626,6.474141275809945e-05,-0.006599812593788578,-0.0012850643024425465,-0.00227210350349697,-0.002024713840226768,-0.0011560991,-0.0015989883,-0.00881071168487212,-0.002105919558382642,-0.011150548,0.00025892045,0.015694734,-0.005993110144165891,-0.008895320834417186,-0.004856677021050916,-0.002019088049609688,-0.003131276755726727,-0.005049424
2024-07-25,0.004005548408144044,6.474141275809945e-05,-0.0010113481988366275,-0.003739816105293164,0.000559347780406407,0.0016065956566997607,-0.005346335,-0.0005059476,-0.0019247698927692641,0.00176400124215339,-0.0250699,0.00056682446,0.021656225,0.0002874321275883488,-0.0013573577538981607,0.0003710956262935178,0.0025133011258700656,0.0025177542821233963,-0.0021071583
2024-07-26,0.012137277296963678,6.474141275809945e-05,-0.0014969061320556354,-0.000844286658508578,-0.0005005295111615285,-0.00014225641245914266,0.002677732,-0.0015875425,-0.0029259608293393195,-0.0004452899866498894,-0.022882387,0.0011269383,0.015353906,-0.0015889690114465377,-0.00300083783310855,-0.0011664712769744053,-0.0020318065293918595,-0.00013498596304619006,-0.0054337834
2024-07-27,0.0,6.474141275809945e-05,8.777382295746409e-05,-0.0007681243747181413,-0.0003047714324604989,2.514155087853987e-05,0.0006616099,-0.0011099476,-0.0007351876263500762,4.374366791405524e-05,-0.0032068635,0.0017668129,0.016832285,-0.0006497082599867749,-0.0013583203942007759,-0.00017147536938403647,4.6390506412009875e-06,2.5528795090316614e-05,-0.0047073117
2024-07-28,0.0,6.474141275809945e-05,0.0001134159422700278,-0.0008394204560809139,6.380662512770067e-06,2.514155087853987e-05,-0.0012662581,-0.0009924695,-0.0029523991346918745,4.374366791405524e-05,-0.013362502,0.0011353983,0.017852131,-0.00039849404494356205,-0.002423355985803279,-7.995952158963948e-05,4.6390506412009875e-06,2.5528795090316614e-05,-0.003557044
2024-07-29,0.0008013797248518362,6.474141275809945e-05,-0.002631840418659364,0.0005131609106039632,-0.0002791979058633813,-0.0002817808031449013,-0.00060085265,-0.00088223454,-0.00472837596773107,-0.0009648436519772637,-0.025766749,0.0013281185,0.014110859,-0.0015020690233300484,-0.0027789086359656587,-0.0016857292171475768,-0.00011816240743101922,-0.00023447930185588792,-0.005028857
2024-07-30,-0.0021634397969213515,6.474141275809945e-05,-0.0038487359509224274,-0.0024501486585842393,-0.0008817815400186501,-0.002160810478644869,-0.00093543227,-0.0005398833,-0.0049625235776972676,-0.0035301921606328166,0.032943267,0.001607692,0.012978892,-0.0032776187949462876,-0.005420716496997241,-0.0035503483942260984,-0.002348477601537864,-0.002154097315322892,-0.005297302
2024-07-31,0.01130835914584849,6.474141275809945e-05,-0.002621047882146196,-0.005883693304008582,-0.0005443527149829948,-0.004879889723970803,-0.001188494,0.00012662075,-0.003763871972172023,-0.005442060378409629,-0.003901742,0.0022788288,0.017507581,-0.003606360910024594,-0.005212200638146165,-0.003915392027523412,-0.002231284252966106,-0.005398322541683528,-0.002061769
2024-08-01,-0.010112356865097594,6.474141275809945e-05,-0.005481173694249481,-0.00018590728164974164,0.0003052871846698139,-0.0022243800090047177,0.006125903,-0.00012033165,-0.005887080856713371,-0.004297721129144803,0.0033733714,0.00179063,0.022464108,-0.003356531483730739,-0.004157085750188846,-0.004371668590910557,-0.0012082343267022482,-0.002662869246057789,0.006354948
2024-08-02,-0.013116657974541757,6.474141275809945e-05,-0.014040580680604502,-0.031389216954269716,-0.008057347779045786,-0.008365866872220577,0.011048501,4.0921732e-05,-0.0163738264171436,-0.009699799697368764,-0.028348701,0.0019757964,0.02283191,-0.015014157850383278,-0.016645838673679754,-0.01287313298979219,-0.012981739920610882,-0.008158438366395973,0.0010217348
2024-08-03,0.0,6.474141275809945e-05,4.5048241678608976e-05,-0.0006218447469797809,0.0015315964151955406,2.514155087853987e-05,0.00989921,-0.0005885317,-0.002212997850235618,4.374366791405524e-05,-0.02106509,0.0023220216,0.02191813,-0.0002490138012643835,-0.0020261596531162356,-5.274662110330354e-05,4.6390506412009875e-06,2.5528795090316614e-05,-0.00177771
2024-08-04,0.0,6.474141275809945e-05,-6.171026001862714e-05,-0.00016761131218719864,6.380662512770067e-06,2.514155087853987e-05,0.010602553,0.0005394551,-0.0037885897054257696,4.374366791405524e-05,-0.036970902,0.0026155682,0.019619036,0.0003991955814755702,-0.0032551780712654532,0.00012706080586460738,4.6390506412009875e-06,2.5528795090316614e-05,-0.0028086626
2024-08-05,-0.020365248430831207,6.474141275809945e-05,-0.007379568286935834,-0.0027723971760402104,-0.0012878948603526662,-0.006487217055085662,0.0052428176,-0.0004662613,-0.008038119402654753,-0.0054108515280642,0.0058810846,0.0023265297,0.01728629,-0.008374176562546258,-0.006752436527791078,-0.007033168359903856,-0.006853486192390035,-0.0077845453863335965,-0.0033314475
2024-08-06,0.0023051285989539316,6.474141275809945e-05,-0.0002608660326185291,-0.003192046881234989,0.002006470442765149,0.0017959636135260401,0.015087897,0.0015249382,-0.0006075235461564731,0.0016677028472078636,-0.0481692,0.002196332,0.018581249,0.00029325811711774976,0.0006506191982258286,0.0005844520550568558,0.0025765361823833306,0.002713606947641825,0.0022434783
2024-08-07,0.017465480789715437,6.474141275809945e-05,0.011790479464959768,0.009732688463446004,0.004760730305461624,0.0032769613936081215,0.017443761,-0.0008666945,0.011469288620508885,0.006537321378576384,-0.030309007,0.0020484559,0.016795792,0.01034549404245529,0.0106198165155454,0.009509258742734644,0.00587404884342187,0.006089738353542537,-0.0024887496
2024-08-08,-0.002682787061888958,6.474141275809945e-05,0.00814985674882086,-0.00017181409753269823,0.003139374846852328,0.0017221936625876767,-0.00039059532,0.0030152919,0.007437474153197971,0.0020601395539417084,0.020892834,0.0015023575,0.012561285,0.007316750620866171,0.006107624215134111,0.005784089630938845,0.0053125767353332555,0.004030194640462168,0.0001188413
2024-08-09,0.0028397894651546185,6.474141275809945e-05,-0.001034457668777837,-0.002185004404198541,-0.0007519986635535839,-0.0005920288979704809,0.0024268879,-2.2397726e-05,-0.003210778374142698,-0.001491489608446625,0.028348058,0.0008089928,0.01363209,-0.00031832904433085535,-0.0041099167655395865,-0.0009542404448165393,-0.001065822044441423,-0.00013519037785145557,-0.0034423042
2024-08-10,0.0,6.474141275809945e-05,9.612354441292025e-05,-0.0007928336842399292,-0.0009020290535273102,2.514155087853987e-05,0.0020740037,-0.00021685252,-0.0033346896659318132,-0.0008638090228974687,0.0026530712,0.001317735,0.016018748,-0.0003657833452348466,-0.0024510985398190598,-0.00038623350370021504,4.6390506412009875e-06,2.5528795090316614e-05,-0.00029987714
2024-08-11,0.0,6.474141275809945e-05,-4.1047999175583e-05,-0.0002596974926312246,6.380662512770067e-06,2.514155087853987e-05,-0.002157864,3.5044155e-05,-0.0006269866051535232,4.374366791405524e-05,-0.024566546,0.00058572635,0.020366438,4.3410840142767075e-05,-0.00045578381419729506,1.6011750104684637e-05,4.6390506412009875e-06,2.5528795090316614e-05,-0.0019445323
2024-08-12,0.005160318801189945,6.474141275809945e-05,0.0005191932170370396,-0.008040509855957877,0.001885716462411453,-0.00016794728430279905,0.00018681979,-0.0003778903,-0.0005914064841033373,0.00048310645822642866,-0.013266042,0.0004652223,0.02202876,0.0006483270706738166,-0.0004643629502660929,0.0005495571849799401,0.002299283640309106,0.0002909190421653701,-0.0025652205
2024-08-13,0.0030425382905514553,6.474141275809945e-05,-0.001719336693173696,0.0004103549378638967,-0.0017997007577632209,-0.0010408965492425572,-0.0059616794,0.00057287246,-0.002788868257678023,-0.0021608997924656534,-0.024007322,0.0010064141,0.022287339,-0.001842046628321346,-0.004718383935437885,-0.001911502115700755,-0.00042800582538855673,-0.0003675910129652974,0.0011957636
2024-08-14,0.005563900461796445,6.474141275809945e-05,0.002748714587908414,0.005556977033665645,0.0020628743174948686,0.002239407627915773,-0.0004552382,0.00015013642,-3.737286769045069e-05,0.0030681224181807157,0.0024855086,-0.00047486988,0.019995946,0.004335766311102311,0.00017004334371388245,0.0033837165554249475,0.004591448516679619,0.001883538114898651,-0.0027415408
2024-08-15,0.008006231093883098,6.474141275809945e-05,0.007453735211039639,-0.003555091400080764,0.00017328481861355694,0.0007992782214400802,-0.0013156397,-0.0005281552,0.003196235859914858,0.0012852707045793383,0.0028646947,0.0001013586,0.013319691,0.006035732599193529,0.001879133609366557,0.004867316444935328,-0.0012123119476670128,0.0005149287562160169,7.9948106e-05
2024-08-16,-0.004305558051357683,6.474141275809945e-05,-0.00447095013133044,-0.0020170796506286575,-0.0024624593655096353,-0.0016671977646787863,-0.004871597,0.0010835355,-0.005819698577871337,-0.0015454798702876763,-0.016186243,-0.000100356614,0.00907438,-0.0027815193101944943,-0.005840980890083961,-0.002907663222649541,-0.005994074348436408,-0.0015709905717551974,0.0013658374
2024-08-17,0.0,6.474141275809945e-05,0.0001286825588669039,-0.0008750838361963305,-0.0004913685354167471,2.514155087853987e-05,-0.0028950728,0.0029285317,-0.0024748712665181175,4.374366791405524e-05,0.00067544205,-1.0453223e-05,0.0037318924,-0.00020498382923392946,-0.0019020389469132188,-1.0926094470062507e-05,4.6390506412009875e-06,2.5528795090316614e-05,-0.0017556275
2024-08-18,0.0,6.474141275809945e-05,2.792827858098116e-05,-0.0005553483879243678,6.380662512770067e-06,2.514155087853987e-05,-0.004598089,0.0001397595,-3.505306905713824e-05,4.374366791405524e-05,-0.0024345522,-7.724977e-05,0.0032728547,-0.0006951454690324026,-8.425810956372808e-05,-0.00020601231999274171,4.6390506412009875e-06,2.5528795090316614e-05,-0.0029418287
2024-08-19,0.0054780115527932605,6.474141275809945e-05,-0.003769281067417507,9.928083005556528e-05,-0.0014672251790477041,-0.0015832379054964729,-0.0077882777,0.0029446916,-0.003676866882103535,-0.0007867220826644489,-0.020445,-7.272427e-05,0.004409817,-0.0037445060207484085,-0.005282314169805978,-0.0027374738664962908,-0.0017476084047382476,-0.0011523808381737892,-0.0028567384
2024-08-20,-0.010006054847827128,6.474141275809945e-05,-0.007880726429839386,-0.008020851029495311,-0.0057945089366930715,-0.005654854242259852,-0.013886453,-0.0010402232,-0.010110533445338549,-0.008233809421428491,0.004254403,-3.3312273e-05,0.0039379364,-0.009445167289672988,-0.011409055503760542,-0.008519800450461586,-0.006379933904355841,-0.00617917031369185,-0.0023394092
2024-08-21,0.0012220003577765315,6.474141275809945e-05,-0.005062251625403237,-0.008065561129561907,-0.004869143088205202,-0.005697626723257653,-0.010346209,0.0018294667,-0.005590655716006303,-0.006647241243025213,0.014863612,-3.2159733e-05,0.0020350302,-0.005574014342718752,-0.007372282194078448,-0.005775630856797914,-0.0034904113656022816,-0.006243485306782134,0.0020601
2024-08-22,0.0005517038231745985,6.474141275809945e-05,-6.433628756185023e-05,-0.003956409590187213,0.00017744693225098243,0.0005600884806532969,-0.00908196,0.0042298916,-0.0014309914699416446,0.0009495658843601526,-0.052296136,-5.0596165e-05,0.0015115169,0.0013550120169316129,-0.002040810060922948,0.0007534971073483314,0.002330493179852324,0.0006929589738877969,0.0025619366
2024-08-23,0.004799710424710613,6.474141275809945e-05,0.0020482816875579796,0.0006428057349759583,0.0008662667010126274,-4.129368026689197e-05,-0.0013537654,-0.0052751442,0.003248199243161701,0.0021738009200692114,-0.009443687,-7.1942166e-05,0.0013109864,0.0008001853460111574,0.0017268685594116003,0.0016781861540520735,0.00041124825250507606,0.0008584062626370026,-0.0056798146
2024-08-24,0.0,6.474141275809945e-05,9.730560588580209e-05,-0.0007962182719855578,-0.002984612976356585,2.514155087853987e-05,0.00047736088,-0.0011101753,-0.002726066970965066,4.374366791405524e-05,-0.02984407,-4.227078e-05,0.0010847513,-0.0005626401201164091,-0.0026294637079844712,-0.00013954701012925088,4.6390506412009875e-06,2.5528795090316614e-05,-0.0016553161
2024-08-25,0.0,6.474141275809945e-05,9.773183005466236e-05,-0.0007974316539434917,0.001973974642759088,2.514155087853987e-05,0.00081926736,-0.00035163964,-0.0014300011566711667,4.374366791405524e-05,-0.049736258,-3.575749e-05,0.0012055094,0.0006023083424365389,-0.0011363182690365603,0.00024623969611811485,4.6390506412009875e-06,2.5528795090316614e-05,-0.0017865665
2024-08-26,0.0,6.474141275809945e-05,-0.00029593183365626553,0.007718892942292127,0.0024169813881897264,0.0009478440149268443,-0.00034385748,-0.001528976,-0.002172280057806164,0.0033075297746612132,-0.028333422,-3.5764446e-05,0.0015999553,0.0020650383918014346,7.756115955227501e-05,0.001722348058769195,0.0031332078072172378,0.0025949485492198277,-0.0024522576
2024-08-27,0.0021230147770472385,6.474141275809945e-05,-0.0065771022877108044,-0.011127559988435206,-0.002546753387198264,-0.005205681400709801,0.0014876956,-0.0033909208,-0.007529318103824724,-0.005666819315148298,0.028426904,-5.832457e-05,0.0035994174,-0.006665195372858156,-0.008147765990329098,-0.006293858395905084,-0.0026089626122692455,-0.006162585630159339,-0.0022316887
2024-08-28,-0.00019291926388709246,6.474141275809945e-05,0.002591860616234989,0.0031203114862964785,0.0009387068782975641,0.0010857114496407847,-0.0006293161,-0.0044321567,0.0011453143103699378,0.000866024641955225,-0.054620568,-5.211364e-05,0.006573665,0.0017765307220405729,0.0013371090178100186,0.0017296495799900432,0.002939290657883191,0.0014867080926746843,-0.0033719107
2024-08-29,0.004289386793866035,6.474141275809945e-05,0.001522097010824329,0.00273067764514815,0.0006026446499449289,0.0010635819199784156,0.00041096305,-0.0006409266,0.0033637613307987437,0.0011267010497544895,-0.051072676,-6.054368e-05,0.0077046147,0.0010390263987323483,0.0027380511906796735,0.0012264811907084978,0.002289403694033141,0.0010790007059456768,-0.0015894604
2024-08-30,-0.00035920397534983106,6.474141275809945e-05,0.0033705244494346273,0.01766230865331927,0.0009705109317030132,0.0006535484324432392,-0.0005278705,0.00029830344,0.004142777731460581,0.000998250514998544,-0.047469992,-7.690079e-05,0.006655069,0.0014268812745189309,0.002402093345258011,0.0019129377344846712,0.0034558467701510443,0.0005084589316652685,-0.0013200535
2024-08-31,0.0,6.474141275809945e-05,8.260490817162654e-05,-0.0007521424351895284,2.4422335540530488e-05,2.514155087853987e-05,0.0006475204,-0.00060549844,-0.0044155976654409205,4.374366791405524e-05,-0.009449359,-7.1819464e-05,0.005499365,0.0006573518507343443,-0.0032319415919991466,0.0002595337091917117,4.6390506412009875e-06,2.5528795090316614e-05,0.0006739524
2024-09-01,0.0,6.474141275809945e-05,0.00020012466862808127,-0.00048575213751856933,1.5251889407468908e-05,2.514155087853987e-05,0.00057435327,-0.0006015814,0.0022490582388974786,-0.0002952018506623594,-0.027880462,-7.215317e-05,0.0037564514,-2.2234726597707888e-05,0.0005113098831687272,-4.3480445103908535e-05,8.797240983531489e-05,2.5528795090316614e-05,-0.0010705361
2024-09-02,-0.0015268670097640102,6.474141275809945e-05,0.0009808010802044354,-0.0005519305133650176,0.00025128022585362773,4.5091434373962586e-05,0.0006487699,-0.0008480534,0.001031786910629706,0.0003181179987429149,0.033216592,-7.4547046e-05,0.0032968475,0.0008265624045409126,9.09792301530473e-05,0.0007023105565702355,-0.0008068967078582302,2.6618648926904245e-05,-0.002781536
2024-09-03,-0.007816983586486748,6.474141275809945e-05,-0.007370588032331201,0.0006411303778705744,-0.002712867169644193,-0.002032542044835941,0.0004196095,-0.00066146604,-0.00959866166255996,-0.003244181304173021,0.015251333,-8.183482e-05,0.0012729968,-0.008051293856260714,-0.010201624375293176,-0.006179759999427316,-0.0048237151022400135,-0.001912386647742086,-0.0016766206
2024-09-04,-0.0034777537036990713,6.474141275809945e-05,-0.006760437473089519,-0.0031028916361366477,-0.004760611743869199,-0.002479162480154217,0.0023080732,-0.00054161507,-0.007550661260890049,-0.0032090331551257855,0.007504801,-6.617457e-05,0.004982368,-0.005851066607116459,-0.007196365329517769,-0.005240565081219024,-0.00197669034517401,-0.002198293544399574,-0.0010710984
2024-09-05,-0.003372593595820983,6.474141275809945e-05,-0.0001564199407485783,-0.0006608531807808073,-0.00046823246343631456,-0.0002445115223887309,0.0012413049,-0.00029411085,2.898685068078132e-05,-0.0004975092709243917,-0.010370987,-3.1590607e-05,0.009443757,-0.0009054410108126484,-0.001100099552344017,-0.0005214388801782587,-0.00034922179607133964,-0.0004227442149232077,-0.0023861015
2024-09-06,-0.0073091627829660055,6.474141275809945e-05,-0.0067308888294598124,0.0032426178981448004,-0.0023218004496216153,-0.0031701964443432563,0.00093069184,-0.0007903877,-0.006476197491238605,-0.0027966305177497012,0.035823412,-4.5232562e-05,0.010165495,-0.006855819952310562,-0.006193306802321315,-0.005422020335010246,-0.005430707638343604,-0.004178048438063715,-5.269097e-05
2024-09-07,0.0,6.474141275809945e-05,0.00010405546281906867,-0.0008149908978445858,0.00013719875385858889,2.514155087853987e-05,0.0049864952,-0.00072939775,-0.002309622865841813,4.374366791405524e-05,0.011104955,-2.163896e-05,0.008506079,0.00014185652411555542,-0.0015588021635218365,9.58704006908035e-05,4.6390506412009875e-06,2.5528795090316614e-05,-0.0031514359
2024-09-08,0.0,6.474141275809945e-05,0.00013858031892010725,-0.0008953140316255168,-3.9532101179007454e-05,2.514155087853987e-05,0.0045917365,-0.00061808573,-0.00014354991862421533,4.374366791405524e-05,0.04465236,-2.8162001e-05,0.0067719007,0.00015528151785326332,-0.0003807651681159625,0.00011156146766881443,4.6390506412009875e-06,2.5528795090316614e-05,-0.0059675383
2024-09-09,0.010923464854115439,6.474141275809945e-05,0.00555243336227789,0.0015258518200193536,0.0025939483176110577,0.0017479082616456392,0.005261636,-0.0014447324,0.005913163396067491,0.003387550676589403,-0.0028723846,-7.1403396e-05,0.007975849,0.003684722623334896,0.006180520749855079,0.004191159612822103,0.00491583726717268,0.0029088010595511933,-0.008847365
2024-09-10,-0.007842008792335542,6.474141275809945e-05,-0.007710786682818734,0.004225978644447784,-0.002812233741279105,-0.0018623690410718935,-0.0018325886,-0.001184329,-0.008450762298874348,-0.004606570123313445,0.050900903,-8.80507e-05,0.007754148,-0.0062272235166797585,-0.00807252699823388,-0.006154305577872592,-0.004113820643334506,-0.0025704970004193734,-0.0027148295
2024-09-11,-0.0014672226839450575,6.474141275809945e-05,0.005277823671323174,0.0026289635803585327,0.0034995276391620233,0.0018798939054623608,-0.0012463401,-0.0013687636,0.0048912791723327576,0.004947847880824452,0.013331743,-6.9168105e-05,0.0048857676,0.004908598277647788,0.005426070886127882,0.005042347509724502,0.005784707716539238,0.0028041094044878377,-0.0010238921
2024-09-12,0.005739607563638449,6.474141275809945e-05,0.001967980660220844,0.005988286316058429,-0.0009051699433779162,-0.0008590561392215935,0.00044104303,0.00057837844,0.0003429037070286343,-0.001416582683572193,0.007464903,-4.521571e-05,0.0076548485,0.0001606918832417049,-0.0005112828719629828,0.00020811830255757527,-0.0009754797497440069,-0.00047796917712632236,0.0011047552
2024-09-13,0.0038975994330765484,6.474141275809945e-05,0.0015786700419025987,-0.006755379086678709,1.902951865536579e-05,-0.0003797783376523212,-0.0016526729,-0.00026730367,0.0021153490998667363,0.003095165507948084,-0.032030605,-4.3631182e-05,0.012075712,0.0010400260459675523,0.0012501375051060647,0.001920812646721547,-0.0011747105252510105,-0.0007166348266577662,-0.00024223246
2024-09-14,0.0,6.474141275809945e-05,6.0274404679337416e-05,-0.0006774857471540359,-4.12222561871213e-05,2.514155087853987e-05,-0.0027187823,0.0010927309,4.813566978665573e-05,4.374366791405524e-05,-0.003291787,-3.2406853e-05,0.015504231,0.00013627091055456376,-0.0005967253852629204,7.97592036487387e-05,4.6390506412009875e-06,2.5528795090316614e-05,0.004403557
2024-09-15,0.0,6.474141275809945e-05,3.936773314535117e-05,-0.0006002120163086629,-0.0028972477083654222,2.514155087853987e-05,-0.0031106777,0.0015593657,0.0008517224970059378,-8.39756795624505e-05,-0.015738212,-4.4917484e-05,0.013953512,-5.5223764170198877e-05,-0.0007510567930606414,-3.4277207475928626e-05,4.6390506412009875e-06,2.5528795090316614e-05,0.0026140087
2024-09-16,0.000646674942494263,6.474141275809945e-05,-0.0015035370085843133,-0.004127996539477745,-0.001217063547374156,-0.001028633972762123,0.00076752296,-0.0010318385,-0.004599976855400332,-0.0013338666747692537,0.0010977018,-3.196593e-05,0.010795445,-0.001569630767124975,-0.004147282375927185,-0.0014671865080062285,-0.002331424760200444,-0.0008732070377996328,0.00041753784
2024-09-17,0.0037954010659013715,6.474141275809945e-05,0.007589095404662874,0.0034871649903911468,0.00417609120875061,0.0040870214128168585,0.00082265004,-0.0012361357,0.005823678784054414,0.00570438053299633,0.025013471,-3.383137e-05,0.007836808,0.007918657426767558,0.005784561587799221,0.00705136587453614,0.005226632326779708,0.0071050462371350645,-0.0010582776
2024-09-18,-0.006760643380273601,6.474141275809945e-05,-0.0025526225242145646,-0.003649870958300286,-0.0014786918878202976,-0.0008237405673757385,-0.000246047,0.00022967381,-0.004877043217478549,-0.0015097204490133592,-0.05889898,-3.6278652e-05,0.0073722014,-0.0023931068198762566,-0.0037326712330558063,-0.0021418950213501157,-0.001954905801962489,-0.0006753498933864476,-0.00028025324
2024-09-19,0.009091702125597179,6.474141275809945e-05,0.002264333852519051,-0.0025385089448319385,0.0014948384291031758,0.0008779244865100182,-0.00046351124,-0.0005096115,0.0029512107050398894,0.0009037649973890967,0.0110686645,-2.8100592e-05,0.0052549904,0.002692106491925812,0.001884924793522612,0.0019390016387488447,0.0009752865614042378,0.001916041336094205,0.0012958028
2024-09-20,-0.011854162464340234,6.474141275809945e-05,0.0025052663675091576,-0.02132627293132001,-0.0009155068658707739,0.00031783446692296575,-0.0010620418,-0.00020175066,0.002424778431942955,-0.000156182600822738,-0.0470057,-3.699583e-05,0.0038330024,0.0011239624821369138,0.00026925078064489363,0.0011345940202968586,-0.0007559749127102932,-0.00025878728502629793,0.00031218852
2024-09-21,0.0,6.474141275809945e-05,9.97274081124779e-05,-0.000803062892006449,6.380662512770067e-06,2.514155087853987e-05,-0.0009951538,-0.0004961685,-0.0030896948705748904,4.374366791405524e-05,0.004504206,-5.118063e-05,0.003587448,0.00024368294378282061,-0.0025722356615732298,0.00012816940157884098,4.6390506412009875e-06,2.5528795090316614e-05,-0.0014258631
2024-09-22,0.0,6.474141275809945e-05,0.00010416582671603656,-0.0008152899021936647,1.1461983934611658e-05,2.514155087853987e-05,-0.0020570145,0.0005152476,-0.0027487787919844246,-0.0002952018506623594,-0.025287677,-4.481594e-05,0.0030882275,0.00015904130766809433,-0.001671345820249286,-1.4729867001325822e-05,4.6390506412009875e-06,2.5528795090316614e-05,0.0012239596
2024-09-23,0.003611183002652396,6.474141275809945e-05,-0.0007102204743549431,-0.0003943261648699228,-0.0010133179576475252,-0.0008551426933128578,-0.004736288,0.0006844449,-0.002596775056082641,-5.732256483784424e-05,-0.042672276,-3.092308e-05,0.0066422047,-0.0010282523805191116,-0.002134246285345736,-0.0005914299928694909,-0.0007931363136928106,-0.00022876187383725856,-0.0018508235
2024-09-24,0.002790654877713683,6.474141275809945e-05,0.0031262143760494112,0.0023359957752505265,0.0018403214105553486,0.0011533485348547063,0.0008519052,0.00068900257,0.000270776918720231,0.0030368511047592062,0.016199347,-5.2409974e-05,0.0047744988,0.0030646430034959806,0.0005798825095505314,0.003075162397690875,0.0023380158525965716,0.0019910644826415793,-0.0043965955
2024-09-25,-0.0016975017989172558,6.474141275809945e-05,0.0002567793602884292,-0.0005463494183203842,0.002546189850070116,0.0009479269050748558,-0.00023452265,0.00016869942,0.0005823544260425773,0.0012420053030455709,-0.012890336,-7.947575e-05,0.007860684,0.0006266368595232643,0.0014055279680675358,0.0007173447289776837,0.0006498484862271311,0.0006817795455620207,-0.0011910024
2024-09-26,0.0019604049004073865,6.474141275809945e-05,-0.0013220124681074098,-0.0031371228028539543,-0.0014708476733883513,-0.0018853685291939123,-0.0014704652,5.538785e-05,-0.0016164120221639567,-0.00042518633842974634,-0.014645185,-8.4858475e-05,0.007868652,-0.0012084740133151556,-0.0029213438042739416,-0.0009766382460936324,-0.0018690366845658083,-0.0014232542223845876,-0.0030227336
2024-09-27,0.004327144169339325,6.474141275809945e-05,-0.008543772158112637,0.013641800716497263,-0.0029787070498377977,-0.008291738846524998,0.00030065895,-0.00027615938,-0.009779897885620177,-0.008919313187682704,0.0140227545,-9.471172e-05,-0.0025496027,-0.011567992417020511,-0.014654337692975439,-0.009673803245287483,-0.002219016106269099,-0.008437167697459495,-0.00026339258
2024-09-28,0.0,6.474141275809945e-05,9.62636288670377e-05,-0.0007932362786962225,-0.0029425858743067955,2.514155087853987e-05,0.00047485434,-0.0006996549,0.0003739286475239671,4.374366791405524e-05,0.010954466,-7.9725694e-05,-0.0022910004,0.000454195215846995,-0.0004982495181687353,0.00019672962324240208,4.6390506412009875e-06,2.5528795090316614e-05,-0.0032082289
2024-09-29,0.0,6.474141275809945e-05,7.696555510006809e-05,-0.0007341292827098113,-0.0029836572535058615,2.514155087853987e-05,0.0014770257,-0.00070548465,0.00021948479512535777,4.374366791405524e-05,-0.004903778,-9.063419e-05,0.008241274,-8.65097945326629e-05,-0.000628750922406431,1.1446554020277671e-05,4.6390506412009875e-06,2.5528795090316614e-05,-0.0015973853
2024-09-30,-0.010072397232944952,6.474141275809945e-05,0.003800150658499955,0.0010437864476159969,0.00156198703009317,0.0007980703835106136,0.0013000595,-0.0007753143,0.003184567890051955,0.0013175903658766116,0.06331526,-8.3688035e-05,0.009056852,0.0028613257265322906,0.0031125345090003767,0.002637351880208297,0.0013832733908551405,0.0022617156774302383,-0.00070720224
2024-10-01,0.004819745172667034,6.474141275809945e-05,0.004740918137278667,0.0022685007512111026,0.004805370268025025,0.0020853401203963728,-0.0022116867,-0.000791478,0.0034589554585187678,0.0038277366012451613,-0.0017151037,-0.00010945101,0.007247527,0.003952089965972783,0.0035600095334939984,0.004166380954707078,0.005901199925767745,0.0030943620931322235,-0.0016244502
2024-10-02,0.0017168782055543286,6.474141275809945e-05,0.010818183171157477,0.013186495882442577,0.0029751085354627537,0.0024125598501673782,0.0015753489,-0.0005923729,0.009297603738158744,0.004096704001489122,0.0063673886,-0.000118610595,0.0081424145,0.009416767075752848,0.008752185788646737,0.008047462223187835,0.00513222019588575,0.00493911881511124,0.0013319965
2024-10-03,-0.001005927008778329,6.474141275809945e-05,0.005293192712776064,0.014052103144026197,-0.0031927626370040303,0.0022374843065004145,0.0039763995,9.956362e-05,0.0022468224944377033,0.003009479527420025,-0.05092318,-0.00014159767,0.0070775943,0.004655138907009843,0.001928694402226102,0.004298205816247569,0.0073317969767784244,0.0035858737855949834,0.0030465792
2024-10-04,-0.0002281914200027435,6.474141275809945e-05,0.00667424497235536,0.005827938555528568,0.0020240031180917693,0.0018614004463580823,0.0018870253,0.0031615011,0.002696667831091422,0.001228505598903511,0.04546245,-0.00014713634,0.009004534,0.0055649037982505286,0.002069178077101261,0.004438043539251223,0.003400905281857549,0.002601919581857857,0.0017091435
2024-10-05,0.0,6.474141275809945e-05,9.01319896015912e-05,-0.0007752434240720857,0.0002522854391334741,2.514155087853987e-05,-0.003578877,-0.0039525465,-0.0008337662054408231,4.374366791405524e-05,-0.014830122,-0.00014250932,0.0075048218,0.00015360151869331438,-0.0006996977464144857,9.522278586604913e-05,4.6390506412009875e-06,2.5528795090316614e-05,0.0018154244
2024-10-06,0.0,6.474141275809945e-05,0.0001356711187252317,-0.0008896098573429817,7.603266415087649e-05,2.514155087853987e-05,-0.0023310638,-0.0033968948,-0.003027013378703255,-8.39756795624505e-05,-0.0028826185,-0.00016072529,0.005944793,-0.00010071586944719054,-0.003161892283759519,-1.7965248145650124e-05,4.6390506412009875e-06,2.5528795090316614e-05,0.0013305959
2024-10-07,0.0027763588036178177,6.474141275809945e-05,9.51213793516666e-05,-0.0007305319530145358,0.0002851543646111341,0.00013785565372069125,-0.0017431211,-0.0015327422,-0.0003892011796066848,0.00086417647696529,-0.063331135,-0.00016678518,0.007040619,3.95479113974667e-05,-0.0006773589153415055,0.0003406616605774804,0.0006766924723454965,-0.0007580450584363718,-0.0011030623
2024-10-08,-0.013609726842028103,6.474141275809945e-05,-0.00518382865054154,-0.013070320162830783,-0.0031347713850862365,-0.0013495216162192115,-0.0024375748,-0.0016345417,-0.00487809982332556,-0.0013423183051376006,0.027488368,-0.00014393151,0.0070714923,-0.004030066138827973,-0.0038754715165879947,-0.0034834886039188614,-0.002377498798998855,-0.0008804205530342537,0.006068566
2024-10-09,0.0064866963510654685,6.474141275809945e-05,-0.00025389961949910466,0.0011956220693434402,0.0003164895383591099,-0.0004927376134745636,-0.00013418033,-0.0005135196,0.00012955813381473715,-0.0008391615632110761,0.007873679,-0.000121396064,0.009384234,-0.0007601974980035993,-0.0017382352212404922,-0.0006223661150230207,-0.0003858099377220268,-0.0007115728506091758,-0.0009637923
2024-10-10,-0.0007290380337080515,6.474141275809945e-05,0.00013524615170833242,-0.00169131110695274,-0.00047925232843998614,-0.0013305803277582093,-0.00038845246,-0.0009794692,-0.0009049341634947242,-0.0009770602236415704,-0.062802434,-0.0001167398,0.008326382,-0.0008502695076910531,-0.0009312238894332838,-0.0005727420852367104,0.0007745558643606424,-0.0007896979004119204,-0.0018845253
2024-10-11,0.0019325712301812015,6.474141275809945e-05,0.003876839940005557,-0.000981444896397646,-0.0005178618208605097,-0.00035040999473350513,-0.0013689692,-0.0008046755,0.00327415515492849,-0.001280293485312266,-0.05309728,-8.53753e-05,0.008988029,0.0018628428972410173,-0.0008963351139485874,0.0014402073745402042,-0.0007313143458387715,-0.0004227442149232077,0.00021650392
2024-10-12,0.0,6.474141275809945e-05,0.00013231857860101224,-0.0008827855848973021,6.380662512770067e-06,2.514155087853987e-05,-0.0011646,-0.00046814932,-0.0030566015072050656,4.374366791405524e-05,-0.021250311,-8.8603556e-05,0.008915172,0.00025852259920526414,-0.002556487696303394,0.00014369886467484067,4.6390506412009875e-06,2.5528795090316614e-05,0.0001910387
2024-10-13,0.0,6.474141275809945e-05,7.20615012530481e-05,-0.0007179910344808993,0.0001521726703508701,2.514155087853987e-05,-0.0010686842,-0.0004967707,0.0012003394500463302,4.374366791405524e-05,-0.061012942,-9.278991e-05,0.008139526,-6.002237006477959e-05,0.00048472874006666,1.8617481694570514e-05,4.6390506412009875e-06,2.5528795090316614e-05,0.00047294708
2024-10-14,0.004726393777298554,6.474141275809945e-05,-0.0010607216596972412,0.001693076808722706,0.0005853400061931189,-0.0005273572321435502,-0.00033085005,-0.0005998381,-0.0009625498952738698,-0.00025992842723989226,0.022273645,-8.708163e-05,0.009352152,-0.0014648487354275797,-0.001472460623071107,-0.0009196751223677677,-0.0002819570283255163,-0.00030443999764579756,0.0003650341
2024-10-15,-0.005231132109600467,6.474141275809945e-05,-0.007520856997562033,0.0034296812288471474,-0.004825405804235908,-0.005693498879750951,-0.00043127468,-2.4411129e-06,-0.010079703627666711,-0.006529845425396983,-0.0041187066,-7.6934375e-05,0.008441889,-0.008060506821776963,-0.011901861813585667,-0.007359391914310122,-0.004871092148701516,-0.006285565449393578,-0.00031492428
2024-10-16,0.009672359284689014,6.474141275809945e-05,0.0010079414397902572,-0.008282894987379125,0.002083932342142044,0.0008983652026677667,-0.00040405118,-0.0010810314,0.0009472001105872499,0.002882108321918991,0.020002738,-5.1220268e-05,0.008366716,0.0011511447669572282,0.0018880801971224849,0.0016985565192039536,0.0015148951393309882,0.0015830901613963187,-0.0040767165
2024-10-17,0.006730643397161895,6.474141275809945e-05,0.001450323179284341,0.0016100792351510674,-0.000748054542938639,-0.0008160585314337925,-0.00022228624,-0.00057548017,0.0015035641173687675,-0.0010460175602443442,0.0028461409,-5.2429183e-05,0.0101241125,-0.00010582542053444257,-1.4701920881355512e-05,7.843440502211974e-05,-0.0009937011446641546,-0.0006753498933864476,0.0021548974
2024-10-18,-0.0032056748076654262,6.474141275809945e-05,-0.0033973274665488563,-0.0015474522361556319,-0.0010973970069722576,-0.0011269212554230214,0.00012789384,-0.0005451789,-0.004288200474164345,-0.0015362777402794742,0.00042329298,-7.828884e-05,0.010416244,-0.0025705202715331447,-0.003328350580179768,-0.0024849119841503084,-0.002386334312681724,-0.0010948297371307955,-7.9647754e-05
2024-10-19,0.0,6.474141275809945e-05,8.85650985053785e-05,-0.0007705253151236028,0.0010089397576728465,2.514155087853987e-05,-0.0015157745,0.0017090914,0.0004021926977820444,4.374366791405524e-05,-0.008815978,-5.876852e-05,0.010052714,2.8084035310338377e-05,-0.00036728625529810935,5.31606898913672e-05,4.6390506412009875e-06,2.5528795090316614e-05,-0.0005095765
2024-10-20,0.0,6.474141275809945e-05,0.00012628455785266873,-0.0008698351216013854,-0.00016323239395458849,2.514155087853987e-05,-0.004391585,0.00023555488,-0.0030815438356623804,4.374366791405524e-05,0.015403468,-7.2104245e-05,0.0099636605,-0.0004488802017127495,-0.0013157113751589469,-9.244741770776516e-05,4.6390506412009875e-06,2.5528795090316614e-05,0.0017032364
2024-10-21,-0.004786887207250401,6.474141275809945e-05,0.0041598493782284965,0.003291093750049652,0.0008982688044583225,0.0007868215178117644,-0.0027038886,0.001287135,0.003521274451633842,0.0024607157905170173,0.0038202,-5.6473742e-05,0.013093614,0.0025770253554598687,0.003124018510568438,0.00305272907978325,0.003751996417862833,0.0020754551877051556,0.004452484
2024-10-22,-0.0014065475389023474,6.474141275809945e-05,0.0030845357381331117,0.0015682481339871724,0.0021266680726366857,0.0007948805371899256,-0.0028000071,0.000998564,0.002572878164900052,0.0030652172281032493,-0.007412869,-7.090616e-05,0.011112518,0.0028781487476951585,0.0012027922837554988,0.003009582743914275,0.0034230831645431377,0.0014848367176998503,0.0027995594
2024-10-23,-0.005766540581277124,6.474141275809945e-05,0.004966438566568158,0.017729015749641214,0.002522856524844002,0.0032210920697356474,-0.00037340986,-0.00031533872,0.0012021925384176698,0.004199773560943714,-0.0031491811,-6.915696e-05,0.01158259,0.004446362035352538,0.0014007024606330495,0.00453115374151212,0.004228883146394874,0.00537589580668369,0.006816551
2024-10-24,0.0013004562494551841,6.474141275809945e-05,-0.0030418441565053848,-0.0011600246306227172,-0.0017880958024775737,-0.001232355121773702,0.000398803,-0.0001030009,-0.0056857845866279295,-0.003003728033150696,0.03307193,-8.241282e-05,0.00916401,-0.002767916890789287,-0.006432473598824976,-0.002938081150641897,-0.0029062198805723167,-0.0013358971948636193,0.00057911046
2024-10-25,-0.002483862151696825,6.474141275809945e-05,-9.206048514741967e-06,0.0008866683912841814,0.0007962492455531847,0.0006493700348095335,-0.00074388133,-0.00049129326,-0.0005573528702131792,0.0011212955368830944,0.0017104227,-5.023388e-05,0.008802407,0.0005151124083052361,0.00012203271269871452,0.0005523506953106989,0.0011847040525279427,0.000791822964978983,0.0005103445
2024-10-26,0.0,6.474141275809945e-05,0.00011253213538156882,-0.0008371953293753185,-0.00018100449405976168,2.514155087853987e-05,-0.001108715,-0.00049586326,0.0005386481826951886,-0.0008638090228974687,0.028600777,-4.777877e-05,0.010826462,-0.000122181613119432,-0.0003503336501901348,-0.0003002456285898095,4.6390506412009875e-06,2.5528795090316614e-05,5.9643353e-05
2024-10-27,0.0,6.474141275809945e-05,0.00014100330297624322,-0.0008999091247791401,8.183848882888331e-05,2.514155087853987e-05,-0.0009473661,-0.00047313538,-0.0015449479514115165,4.374366791405524e-05,-0.011486432,-4.84701e-05,0.011045528,-0.00018620565242474297,-0.0016434467743842772,-6.961071020739016e-07,4.6390506412009875e-06,2.5528795090316614e-05,0.00025748945
2024-10-28,0.004458808753715848,6.474141275809945e-05,-0.0010176406293580292,-0.013120438414096137,-1.0718762460666303e-05,-0.00019525202984133235,-0.00044409736,-0.00060506363,-0.0002446274760372915,3.261995508490992e-05,0.010751594,-8.4752945e-05,0.009124315,-8.669960992149748e-05,-0.001146407661591832,-0.0003490128723822993,-0.00021127995513269392,0.00011570921222340211,0.0006459666
2024-10-29,-0.007966814794789112,6.474141275809945e-05,-0.000608435785245732,-0.0016105428926638356,-0.0008287644285660356,-0.0008237405673757385,0.0010875801,-0.00018187414,0.00024379298471219376,-0.0015505344918268166,-0.036820777,-9.454062e-05,0.00854597,-0.00025707986525282675,-0.0008208648388681445,-0.0008154474655382427,-0.000672034733129995,-0.0007170838308871038,-0.00024296867
2024-10-30,-0.0072971831996895276,6.474141275809945e-05,0.002014451618955111,0.00903917876326327,0.0018507424680420943,0.0018492138118607244,0.0009897951,-0.0016086986,0.0009642502219939956,0.002255513630286126,0.016590938,-7.829667e-05,0.011464213,0.001317937401907633,0.0018084889140222162,0.0018666073508915464,0.0034487532987989115,0.0023145879095798324,-0.00040102156
2024-10-31,-0.0060701281798316575,6.474141275809945e-05,-0.0023052908768017434,-0.02068532589600893,0.002140689579425194,0.0010778727524239108,-0.00041219985,0.0006857567,-0.0014503628106680914,0.0033061422474146714,0.024292717,-8.703815e-05,0.011490767,-0.0015279468333345687,0.0015869178973243376,-0.00012212910508756225,0.0010989852940616652,0.0019008846470611029,0.0001340158
2024-11-01,0.008267468958459201,6.474141275809945e-05,-0.0006005366870633941,0.0020708442122233687,-0.0016234498883935392,-0.0007672351370941684,-0.0014021595,-0.0007025938,0.00040348456678383163,-0.0002877994873892967,0.008982418,-7.97869e-05,0.009592346,0.0003425711229360345,0.0008287683531204733,-0.00018099708906095356,-0.0011188663347276929,-0.0006718100283855332,-0.00021890318
2024-11-02,0.0,6.474141275809945e-05,8.179396829079216e-05,-0.0007495887475131137,8.251237381262487e-05,2.514155087853987e-05,-0.0009573493,-0.0006350351,-0.0011300473784753666,-8.39756795624505e-05,0.020072937,-9.353692e-05,0.010812511,0.0007140226665332335,-0.0009553112584220569,0.00023419709589576378,4.6390506412009875e-06,2.5528795090316614e-05,0.00063794677
2024-11-03,0.0,6.474141275809945e-05,6.211934587292459e-05,-0.0006839802417976113,0.0013740487535101337,2.514155087853987e-05,-0.0012664068,-0.00065634504,-0.0009618693346983617,4.374366791405524e-05,0.018332655,-0.00010426005,0.013593578,-0.00012184393369100878,-0.0012830549676840566,-5.086861950882131e-06,4.6390506412009875e-06,2.5528795090316614e-05,0.00075947645
2024-11-04,0.0008670502558960624,6.474141275809945e-05,0.0018158918021064284,-0.00019996419602623817,0.0018305351234618947,0.0012364654448261188,0.00035996237,-0.00051289354,0.0008711432183298632,0.0011577656075860588,0.025527164,-0.0001296082,0.012974207,0.001996697946563915,0.0011410422413948617,0.001649879381078079,0.0011440293326615406,0.0008647109986352482,-0.0005299306
2024-11-05,-0.0014479047535261858,6.474141275809945e-05,-0.00029043233965548394,0.0008876094577741746,-8.228165776831175e-05,-0.0003298496009395924,-0.00089157035,-0.0008097453,-0.002862788195705148,0.00017791748035630268,-0.025264341,-0.00012346098,0.01270868,-0.0006975415189434508,-0.0024315295220699216,-0.0002644666219779461,-0.000616530099619838,-0.00041853048299007975,-0.0020413222
2024-11-06,-0.0006986940172948319,6.474141275809945e-05,0.006985050083745768,0.009693329072734562,0.007091561929639748,0.00592239878815075,-0.00012456652,-0.00080337015,0.005682838435035886,0.005969950317632908,0.008574884,-0.0001216371,0.0130192945,0.009426934210646647,0.008567856586424383,0.007445039067559214,0.01751178591710626,0.006472941184655323,-0.0019915337
2024-11-07,-0.0031763213447815186,6.474141275809945e-05,-0.00013827957793524225,-0.0012302628423208261,0.00011462130636545918,-0.0008792479118994398,0.0006471432,0.00020569644,-0.0018433342159152187,-0.0010985660231048286,-0.0029914412,-0.000111578,0.009230561,-0.0006667938480047941,-0.003082321458190726,-0.0006428079729666927,-0.000753985320566876,-0.001251478553906008,-0.001152808
2024-11-08,-0.008396042620203992,6.474141275809945e-05,-0.006639817344939203,6.38189687536669e-05,-0.0016405944667767147,-0.0030634041475738455,-0.0011352161,-0.00044517982,-0.007502765085873278,-0.0036118801599040566,-0.012665063,-0.00011405433,0.0008796387,-0.004916964141927698,-0.006135721045525163,-0.00503029984437803,-0.001809988579420498,-0.0017231781041019106,0.00047305605
2024-11-09,0.0,6.474141275809945e-05,9.99719896981194e-05,-0.0008037473953901282,-0.0001985629956378747,2.514155087853987e-05,-0.0005773124,-0.0009859684,-0.0003505455251183267,4.374366791405524e-05,0.004771029,-9.288016e-05,0.0122417,-0.00010590592141892705,-0.00016257496005445357,1.2520182134799208e-05,4.6390506412009875e-06,2.5528795090316614e-05,-0.0026550917
2024-11-10,0.0,6.474141275809945e-05,0.00026605109773857684,-0.0009286801538200282,0.0006736919479844233,2.514155087853987e-05,-0.00032129083,-0.0007121907,0.001364844016173193,4.374366791405524e-05,0.014907472,-0.00010462248,-0.0006121128,-0.0002409860914146533,0.0007553260696715362,2.1904795881598458e-05,4.6390506412009875e-06,2.5528795090316614e-05,-0.0022149049
2024-11-11,0.006540813811027446,6.474141275809945e-05,-0.0012472471880546365,-0.001294154481512144,0.002493463478044274,0.0007799450787103834,0.000108463544,-0.0007872751,-0.002583188200390244,0.0010247516269994783,0.0059322375,-8.290549e-05,0.0067108693,0.00042640766247945423,-0.001103219173390106,8.654769212453701e-05,0.007431181923452001,0.0017021183299687818,-0.0011006034
2024-11-12,-0.012236021557649579,6.474141275809945e-05,0.0011061797296178567,0.0006282311376789541,0.0019804528678584333,0.0015661701918931016,-0.00012224613,-0.00068110984,-0.00015502788072476904,0.0012904048424857706,0.019254748,-7.384081e-05,0.011230317,0.0020955175646431416,-0.0010247681815983914,0.0014969184711623351,0.0020059466703753457,0.0017833919727062602,-0.0044012754
2024-11-13,0.0005681697830861587,6.474141275809945e-05,0.003091255661384868,0.001040775124279479,0.00043936735820840345,0.00026687100215818765,0.0008281359,-0.00037988753,0.0011087823935431373,0.0002963133416368867,0.026714694,-6.560114e-05,0.009853941,0.0022620428468473294,-0.00026490622419464665,0.0018575345845749049,0.001976706040325815,0.001111118502339616,-0.003872485
2024-11-14,0.005088209326391313,6.474141275809945e-05,0.002405879681879753,-0.001002513958818456,-5.41437797643276e-05,3.2823586820485854e-05,0.00036888392,-0.0008990279,0.003147024602151315,-1.0610844744762867e-05,0.013489348,-8.924474e-05,0.0014834543,0.0005855764613829321,0.0005181302306683683,0.000973948770709932,5.755075964451789e-05,0.00011564308267954973,-0.0015550157
2024-11-15,-0.0009391428029819071,6.474141275809945e-05,-0.005327203781223291,0.004667923031316609,-0.002202138189622631,-0.0031875324076158502,0.00020757955,-0.00026579783,-0.006559802670320605,-0.002354428035741427,0.012307122,-8.6683984e-05,0.0043288125,-0.004415686535075257,-0.0056239250860951155,-0.004005204494508725,-0.002505334781224282,-0.002118067222927086,0.00030806137
2024-11-16,0.0,6.474141275809945e-05,7.102409049113554e-05,-0.0007145220311564867,6.380662512770067e-06,2.514155087853987e-05,0.0017778422,0.0010686918,-0.003390078530105646,-0.0008638090228974687,-0.037295483,-6.1903556e-05,0.00742446,0.000609376074636249,-0.0036193587762682754,-7.159034921338779e-05,4.6390506412009875e-06,2.5528795090316614e-05,0.00055581366
2024-11-17,0.0,6.474141275809945e-05,6.296212386497913e-05,-0.0006869282994808436,7.356141257255531e-05,2.514155087853987e-05,-9.9532685e-05,0.000688766,-0.0005932801419305733,4.374366791405524e-05,-0.043027546,-5.8943435e-05,0.010078554,0.0002770080889686694,-0.0011055394448853775,0.00012722479185890977,4.6390506412009875e-06,2.5528795090316614e-05,0.0019326905
2024-11-18,0.005668676932540251,6.474141275809945e-05,0.0050023240034983655,0.008448372105743538,0.002116892512587523,0.00129259959717356,2.5874091e-05,-0.001584246,0.005613421187164329,0.0016075495238465267,0.008517445,-7.391206e-05,0.008675729,0.0038719194741661366,0.0035818046218451262,0.0034630349042370353,0.003920789362036046,0.0008866478267263514,0.0003367574
2024-11-19,-0.0012701434892197216,6.474141275809945e-05,0.0031033973097677114,-0.00046473079221133907,0.0016882587858017583,0.0010848583009058154,-0.0016276091,-0.0022749896,0.00315288397536942,0.001962374057339903,-0.0047158366,-8.119986e-05,0.008514297,0.002054002095010124,0.002022534672345498,0.0023644066537644353,0.0013471791764367652,0.0011777967197811158,-0.0007700828
2024-11-20,-0.0017224306150621649,6.474141275809945e-05,0.0006367838351234936,-8.579962154157007e-05,0.00013142543543739722,0.0002951958516387525,-0.003765823,-0.0011816052,-0.0013564046954181812,0.0002377347240051305,0.017285721,-8.859622e-05,0.01082122,0.00019885193513927425,-0.0016072579994992088,0.00035485711241228573,0.00011120033071631796,-5.645860279791806e-05,-0.0021300763
2024-11-21,0.007940562048318833,6.474141275809945e-05,-0.0010669446177795046,-0.007955424516037011,0.0014779389798737289,-0.0013277909929416715,-0.00022272908,-0.0005340023,-0.0005993964632433429,-0.0009808341831479615,0.02134953,-0.00011533004,0.008345102,-0.0015479901994647771,-0.0014232338440308104,-0.0011966384666610118,-0.0011495699094500984,-0.0019441981747997715,-0.00046529179
2024-11-22,0.013842957712776771,6.474141275809945e-05,0.0026678455976419293,0.0012267466362223074,0.001988856755764461,0.001412322458806474,-0.0024741841,-0.0021659727,0.0003841959385146544,0.000776957625650748,0.008040265,-0.000102240796,0.008762804,0.0015184395032898654,-0.0009677110875840569,0.0016383956566706028,0.0011473994136371212,0.002075836892199436,0.0014574243
2024-11-23,0.0,6.474141275809945e-05,4.606485259975066e-05,-0.0006256682521931971,0.00028232456550974003,2.514155087853987e-05,-0.0034360443,-0.002244302,-0.0019396567176225088,-0.0002952018506623594,0.013624627,8.934605e-05,0.007920061,7.768530048391936e-05,-0.003057078661627032,-6.058916763149103e-05,4.6390506412009875e-06,2.5528795090316614e-05,0.0033878656
2024-11-24,0.0,6.474141275809945e-05,0.00010006653821038674,-0.0008040116724321806,-0.0010020614852011215,2.514155087853987e-05,-0.0044052503,-5.3592026e-05,0.0003636322113224101,4.374366791405524e-05,0.003747486,-6.500614e-05,0.006794625,1.90226593127273e-05,-0.00021559033803599702,5.390769570620092e-05,4.6390506412009875e-06,2.5528795090316614e-05,0.0005399607
2024-11-25,0.0035826329447306016,6.474141275809945e-05,-0.00473058179274475,0.01193396296972404,-0.0019812586454028593,-0.0008080699133645034,-0.0055393935,-0.00033230626,-0.004046256938083367,-0.0008979923520147402,0.0038675931,-7.56488e-05,0.007123445,-0.002553614129812102,-0.0038743886701842287,-0.00269457862509633,-0.0037510566480531554,-7.043753200181537e-05,-0.00021724089
2024-11-26,-0.0039883352951392,6.474141275809945e-05,-0.008286872038595206,-0.011649181776463402,-0.004129664427018068,-0.0025504729489593705,-0.0027610578,-0.0009541862,-0.01078140205394306,-0.002952632395239741,0.021010885,-6.580373e-05,0.006572659,-0.008841711088409403,-0.010581704594431036,-0.006639851954348159,-0.006603581402103609,-0.003401072842836631,0.0039051734
2024-11-27,0.001954324032736654,6.474141275809945e-05,-0.005680413843119203,-0.005762676270112472,-0.002896956314846242,-0.0015796197379212697,-0.0010144964,-0.0011957779,-0.005925741315958221,-0.0031810953650606264,-0.009799084,0.00012276098,0.0059119174,-0.005888493763085124,-0.006389205137538658,-0.004891538355311738,-0.0061002802869395256,-0.0025009673382482872,0.00013058924
2024-11-28,0.0007818967340402772,6.474141275809945e-05,0.003373382149562054,-0.0024214633033417922,0.00041777449116833944,0.0004241101648381818,-0.00020215128,-2.8695213e-06,0.0022191308147970295,0.0005671773363969449,0.018649597,0.00026895755,0.004887608,0.0019682124262107026,0.0004437131934459333,0.0019451294009380407,9.465804509971564e-05,0.0002992166506251506,-0.0023300033
2024-11-29,0.0007341913389573573,6.474141275809945e-05,-0.004920058113522295,-0.0032601582951933767,-0.0027244378262597517,-0.002349064337702883,0.00023166704,-0.0008518114,-0.004909603621509515,-0.0033991880188380926,-0.0028814315,-3.791612e-05,0.00729441,-0.004441778218576762,-0.006402547469639435,-0.004239768765506392,-0.0036694154610122432,-0.0033408385095421186,-0.0017106981
2024-11-30,0.0,6.474141275809945e-05,5.2773249511094726e-05,-0.0006505179753556094,0.00031607064934061177,2.514155087853987e-05,-0.0035469169,-0.0008723454,-0.0012118842303900544,4.374366791405524e-05,-0.021002859,-0.00033958856,0.0069380673,8.459867389175909e-05,-0.0016061894304430747,6.020990247600863e-05,4.6390506412009875e-06,2.5528795090316614e-05,-0.0024736286
2024-12-01,0.0,6.474141275809945e-05,0.00012127802618383787,-0.0008584486109499767,0.00022570350422087182,2.514155087853987e-05,-0.002819789,-0.0007104676,-0.0006937436705765074,-0.0008638090228974687,0.018922947,-0.0005770366,0.0078099007,0.00025967763788093204,-0.0009683553489432669,-0.00017098479193409003,4.6390506412009875e-06,2.5528795090316614e-05,-0.00026010117
2024-12-02,0.0030878573238570795,6.474141275809945e-05,-0.0008123810940748939,-0.002497970945829501,0.001541404300353057,0.0001597643806973763,-0.0008376108,-0.00035304244,-0.002097744344163671,0.0007066962997594351,-0.013221554,0.00041884204,0.010113158,-0.0015360779671559014,-0.001796672730846304,-0.0005306128110202776,-0.0008272179058019924,-0.0016588185604535651,-0.0018260597
2024-12-03,0.005596128422245439,6.474141275809945e-05,0.0015034651611978249,-0.0002615092178944794,0.000288434832827288,0.0001448682395662492,-0.0015315483,-0.00080137176,0.00021895935906267368,0.0007139984639756087,-0.0050566583,0.0001451715,0.010202386,0.000669133061368713,-0.0006746871055383754,0.0009563228025325816,0.00032680070638351025,-0.0003041883349924029,-4.573149e-05
2024-12-04,-0.0028231657497359564,6.474141275809945e-05,0.0020738160650524526,-0.0019679054131243167,-0.0015256695031802172,-0.0008615517753156825,0.00026730678,-0.0008767155,-0.00030822864517061725,-0.0008990032515809942,0.04823681,0.00025937308,0.011512787,0.00019727070727108592,-0.0015883708704823654,0.0004323361681954087,-0.0002804337513368935,-5.964539556602372e-05,-0.00040523137
2024-12-05,0.001627916183310374,6.474141275809945e-05,-0.0009017601200303304,-0.0035772227271114853,-3.61661168208387e-05,0.0005770219093543154,0.001591424,0.0001611819,-0.002626182125818958,0.00029268496279684646,-0.009984864,0.00041658166,0.018064575,-0.0005321527105507709,-0.0027200272704498195,-0.00036947413929951946,0.00020738635220212795,0.0005030665118880006,0.00033631094
2024-12-06,-0.004882997300398206,6.474141275809945e-05,-0.0033287287323620525,-0.0023776625376813717,-0.0024880855074966434,-0.0016018520341433656,0.0006620564,-0.00071218953,-0.0032278977063895627,-0.0013246668873365065,-0.011543168,4.5938155e-05,0.020895312,-0.0027371316231044533,-0.003309222339114839,-0.0024450965225133268,-0.0030839439164065414,-0.001949402141860814,-0.0003547069
2024-12-07,0.0,6.474141275809945e-05,9.40593167169935e-05,-0.0007868549690704706,-3.469071668629485e-05,2.514155087853987e-05,0.00020071267,-0.0009983522,-9.350015488637442e-05,4.374366791405524e-05,0.027038809,7.169004e-05,0.024536375,-0.00019471595277566154,0.00028008120358774275,-1.880585641173849e-05,4.6390506412009875e-06,2.5528795090316614e-05,-0.00020113995
2024-12-08,0.0,6.474141275809945e-05,0.00013783429906038527,-0.0008938706748192653,6.656948614099478e-05,2.514155087853987e-05,0.00020293103,0.00095750776,-4.047387440445888e-05,4.374366791405524e-05,-0.030202549,0.00035744687,0.027079534,0.0001897795668502655,-0.0007569499865965458,0.00012273877667151896,4.6390506412009875e-06,2.5528795090316614e-05,-0.00038174295
2024-12-09,0.005231922066386563,6.474141275809945e-05,0.003637267763279336,5.416229072764244e-05,0.0023179527477187687,0.0011089358315787576,-0.0004989137,-8.318189e-05,0.0012062981954196275,0.0011995845057506344,-0.01629388,0.0002650964,0.02467841,0.0029497857094514784,-7.311569274722599e-05,0.0025730759161298735,0.0023743889095599892,0.002085846168404455,0.0005701329
2024-12-10,-0.008587082499209697,6.474141275809945e-05,0.0036825469182462803,0.0014330180001599626,0.00011642967730445205,0.0005618985378916836,0.0009905433,0.0005387935,0.0021094370380799216,-0.0006825544050652207,-0.025527462,4.7339825e-05,0.027944934,0.0029409096945152563,-0.0006248906055004634,0.0019389430955877788,0.0006754780433252286,7.129292098116603e-05,-0.00031212962
2024-12-11,0.002567521218884261,6.474141275809945e-05,0.004486005783860164,0.0039004034123400607,0.002041441144941888,0.001511311891989674,0.00018719534,0.0012830702,0.004512746158296088,0.0018167022257267447,0.014611437,5.035018e-05,0.031534422,0.0040085747487793345,0.003200768628025337,0.0034118584088208225,0.0014023321148601516,0.0020213309937608132,-0.005830933
2024-12-12,0.0012214483438170998,6.474141275809945e-05,-0.0014258244257384714,-0.001362674049478491,-0.0006326943797689039,-0.0001382910885216432,-0.0008433034,-0.00038404943,-0.0015824383611809155,0.000988524239738636,-0.047934525,4.703598e-05,0.034140006,-0.0007304813892960187,-0.00036130231083219796,-0.00036703862085712654,0.0005560117656338992,0.001541482719168214,-0.0032511307
2024-12-13,-0.0013751600142448694,6.474141275809945e-05,0.004471802137624165,0.0004319577188021924,0.0025751693802345183,0.0031272673851130235,-0.0015391954,-0.00050509616,0.001692026714263338,0.002749899458183001,-0.007340723,4.4065207e-05,0.03134025,0.004595375468258708,0.002247815154490371,0.003921758196426765,0.005620500545826742,0.004192691236956339,0.0010281873
2024-12-14,0.0,6.474141275809945e-05,9.097489011222423e-05,-0.0007777614582289158,-0.0015694685136399603,2.514155087853987e-05,-0.002880302,-0.0007939482,-0.0021356941579274828,4.374366791405524e-05,-0.032567237,4.4850545e-05,0.036088992,-0.0007807891123536321,-0.0016812234234552066,-0.0002138259685746552,4.6390506412009875e-06,2.5528795090316614e-05,-0.0018561698
2024-12-15,0.0,6.474141275809945e-05,0.00019969918037967925,-0.0009656762959251034,-0.0001039214383438032,2.514155087853987e-05,-0.0038668306,-0.0012139572,0.00026967110247197576,4.374366791405524e-05,-0.02894223,2.173803e-05,0.032169405,0.0004702246211300897,2.5601190523953115e-05,0.0002357312134981672,4.6390506412009875e-06,2.5528795090316614e-05,5.787355e-05
2024-12-16,-0.004611864829470735,6.474141275809945e-05,-0.0003242658650810093,-0.0005475103225396488,-0.0009647498309667217,-0.0017524517719141328,-0.004146417,-0.0008386889,-0.0010110992869798532,-5.1192941870958106e-05,-0.033065002,1.8409657e-05,0.039927807,-0.0017286012421784,-0.0020368301059461836,-0.0006954432152612115,-0.0016662283892022146,-0.0012361196492061443,-0.0014721329
2024-12-17,-0.008091212229410227,6.474141275809945e-05,-0.004080611359746394,-0.0038269115914750457,-0.0019271253372309175,-0.0016640343447111266,-0.00030685277,-0.00023572531,-0.006373909024478317,-0.0025413988823987143,-0.02570156,-8.647039e-07,0.034397144,-0.0033463504337240533,-0.007080386341387096,-0.0033092862690259116,-0.00426597764841626,-0.002438834173381669,-0.0013306149
2024-12-18,0.00047710855134708297,6.474141275809945e-05,0.001324946780812559,-0.00014342694827385472,0.002070717862274725,2.4432565230806217e-05,-0.00010254982,-0.00058251596,0.0017999892587788335,-0.0007401948489736842,-0.013203579,-1.1362543e-05,0.027850486,0.0007775112490192469,-0.001116420142880927,0.0004349715403443252,0.00011232828272919982,0.00015482643770767867,0.00076256675
2024-12-19,-0.011439046433088573,6.474141275809945e-05,0.008058577633623063,0.028899104923313258,0.01021941149575287,0.004656644214244776,-0.0010914021,-0.00064228225,0.007027272783415865,0.00545073032536024,-0.021478156,-2.8045353e-05,0.03223094,0.010974185101013122,0.00984400696672601,0.00812876300228999,0.01977369607495186,0.006629819484241367,-0.0012350086
2024-12-20,-0.0025551119511629805,6.474141275809945e-05,-0.00054343478871463,-0.0007689836026259752,-0.0017978617285686704,-0.0009697430528177673,0.00061127695,-0.00045473408,-0.00026716331487839447,-0.0013559292785199025,-0.02737271,-7.20676e-05,0.030641966,-0.0014421926387664743,-0.00178482010847732,-0.0011198079030335815,-0.002701195531977703,-0.0010176477173429218,0.0011748375
2024-12-21,0.0,6.474141275809945e-05,7.112120747515504e-05,-0.0007148475868714145,3.196008810963303e-05,2.514155087853987e-05,0.0025643385,-0.0006467834,0.000591817445328651,4.374366791405524e-05,0.0054732678,-4.979901e-05,0.03165019,0.000592436248949723,-0.00041501179247679443,0.00023430293245900704,4.6390506412009875e-06,2.5528795090316614e-05,0.0009780526
2024-12-22,0.0,6.474141275809945e-05,1.3937630942796387e-05,-0.0004983784377537931,0.00012384581034500353,2.514155087853987e-05,0.0015682585,-0.000599387,-8.727971032432044e-05,4.374366791405524e-05,-0.019299379,-8.96297e-05,0.029661514,-0.0005910502433004732,-0.0011659131784156128,-0.0001761099338172047,4.6390506412009875e-06,2.5528795090316614e-05,0.0003258419
2024-12-23,0.002240058580438742,6.474141275809945e-05,0.0012601216734432165,0.0025104872201732594,0.0013084461739455689,0.0015079809542909075,0.00017255158,-0.0006126376,0.0007874985104205745,0.0017884503395263905,-0.022347461,-0.000119873,0.02613097,0.0016115244780229132,0.001696227286259631,0.001557771926339274,0.0019307178171033008,0.001264153393549394,0.0003924935
2024-12-24,0.004229443939812727,6.474141275809945e-05,0.0014365891903391304,-0.0007969714003899153,0.0005515999780726768,0.00019683437105226778,0.0004003837,-0.0006987581,0.001478013932872857,0.00030557758995150254,-0.024933426,-0.0001381762,0.02444952,0.0011992755632984947,0.001167613783443066,0.0009698683077340131,0.0005401899656764488,0.00012810289711634774,0.00032006484
2024-12-25,0.0,6.474141275809945e-05,0.00034112987694236054,0.00022205797223039375,-8.800899003073898e-05,2.514155087853987e-05,-0.0004883809,-0.000573555,-0.001771740094574386,-0.0007488464148612618,0.020431995,-0.00013664321,0.01870019,0.00023402118782639647,-0.0015127405883365737,-6.840439292668982e-05,-9.56799952293417e-05,-7.049547586650197e-06,-0.00030647882
2024-12-26,0.0,6.474141275809945e-05,0.00013848705902827144,0.0009153949545398525,-7.522689467960755e-05,0.0006220815384838607,-0.00032932105,-0.0004603556,-0.0006985955390323764,0.00015755836946388776,0.018302564,-0.00015375312,0.012696409,0.0006848331618819381,-0.0011242652536242632,0.0003258962486064899,0.000908475918573657,-3.274460275089031e-05,-0.0027966537
2024-12-27,0.0015718343023649606,6.474141275809945e-05,-0.0019470205464206052,-0.003271702757411111,-0.00015043600991510145,-0.0005298449376346428,-0.0001827041,-0.00060757855,-0.0024445760578080803,-0.0006484584197590177,-0.020271378,-0.00017573472,0.014853827,-0.0006512928401226155,-0.0016749445836361572,-0.0010724163952847193,-0.0017364872621032047,-0.0005101989877698731,0.00025631394
2024-12-28,0.0,6.474141275809945e-05,0.0001301635595905175,-0.000878258373087277,0.001219767056603926,2.514155087853987e-05,0.0003301441,-0.0017165937,-0.002312667928960546,-0.0008638090228974687,-0.04016441,-0.00016438507,0.017651733,0.00021393511829092253,-0.0028238964728189643,-0.00018323297420637515,4.6390506412009875e-06,2.5528795090316614e-05,-0.0026651141
2024-12-29,0.0,6.474141275809945e-05,3.146137522467281e-05,-0.0005693811762892938,-8.04970177178179e-05,2.514155087853987e-05,-0.0005068489,-0.0019464635,0.0009289519748486043,4.374366791405524e-05,-0.020239122,-0.00017074391,0.018456781,0.00019139871684555168,0.00028223316830197664,8.862273590851047e-05,4.6390506412009875e-06,2.5528795090316614e-05,-0.0027998039
2024-12-30,-0.003530156642265081,6.474141275809945e-05,-0.004081668027829735,0.003955910170092477,0.0002193525866131936,-0.0010717927582634466,-0.00043677088,-0.000668107,-0.00597223776309318,-0.002634712139602571,-0.043304477,-0.00016359612,0.017851086,-0.00417310630114625,-0.009177790763802384,-0.0036153469474979145,-0.0016785391172531106,-0.002875926335979931,0.00017544994
2024-12-31,0.006404375810397989,6.474141275809945e-05,0.00024231199380086586,0.0017805091907308881,-0.0005604688146490814,-7.12661464189407e-05,-0.0032317424,-0.00043926213,-0.002072191132998843,-0.0003354807229862397,-0.019628646,-0.00015066631,0.019291038,-0.00041994850885076156,-0.0026640667999441644,-0.00017522139632203003,9.001001603228168e-06,0.00011719385908608333,-0.00183491
2025-01-01,0.0,6.474141275809945e-05,-0.0010360395701998453,-0.0009367220108708408,0.0012577309390640198,2.514155087853987e-05,-0.0040420834,0.0009305341,-0.0020525591786730154,4.374366791405524e-05,0.0329408,-0.0001606729,0.023561407,0.0003343683727396146,-0.0016888077844368988,-0.00021179734110490483,0.00015014780725746747,-7.049547586650197e-06,-0.003637625
2025-01-02,0.010653344785648278,6.474141275809945e-05,0.008118638116080473,0.004359330990672628,0.004924763222637815,0.0025358929545380355,-0.0039838576,-0.00087350525,0.00422223370593369,0.0029319271881170536,0.025731407,-0.00013354249,0.022977356,0.005710669809573477,0.003002342091732413,0.005541433267368045,0.004840432032679764,0.004333510596765428,-0.0022965074
2025-01-03,-0.0043716230694823555,6.474141275809945e-05,-0.00284640063204177,-0.0026471005403829796,-0.0010036008065765272,-0.0010323444540607802,-0.004172436,-0.00072862435,-0.004789344498226848,-0.0006233117025841299,0.025564468,-0.00013112958,0.027552929,-0.0022938859191770802,-0.0034675436892059506,-0.0019005369095452052,-0.0007932001004586089,-0.0009049094614078482,0.0033221943
2025-01-04,0.0,6.474141275809945e-05,9.321955319120258e-05,-0.0007843980669257006,0.0013741651455885131,2.514155087853987e-05,-0.0011240034,-0.0006717407,-0.0020795231340882945,4.374366791405524e-05,-0.014013782,-9.8755205e-05,0.033391416,8.095972413066415e-05,-0.0019444024973537543,7.218104401019536e-05,4.6390506412009875e-06,2.5528795090316614e-05,-0.00014760095
2025-01-05,0.0,6.474141275809945e-05,9.60086540365399e-05,-0.0007925031973803802,6.848009115071372e-05,2.514155087853987e-05,-0.0011971041,-0.0006667121,-0.0012780990820308348,4.374366791405524e-05,0.03335461,-0.00010313332,0.027037628,3.534049555399862e-05,-0.0010249655551133735,5.798770218154568e-05,4.6390506412009875e-06,2.5528795090316614e-05,0.00024860026
2025-01-06,0.0031225756871977595,6.474141275809945e-05,0.004730927766019812,-0.0012834158138005144,0.0018821584383597386,0.0007304247498363613,-0.0019022548,-0.0006184549,0.005909876478265926,0.0012814108233765635,0.02580473,-0.000110325025,0.026052423,0.0035800268459646968,0.00320540828954957,0.0031660660285217075,0.0027071279939200545,0.0018538796733368278,0.00012796349
2025-01-07,-0.0005309309717005384,6.474141275809945e-05,0.002199292104263459,-0.0023283373832186935,0.000334448036989879,0.0004756126190077764,-0.0024126996,-0.0005690721,0.001060166128541168,0.0005316653694914332,-0.013574002,-0.00012392606,0.025814839,0.001501794681027161,-5.0432557704477334e-05,0.001396065907341058,0.0007950631897152453,0.00023988648935228325,0.0007060539
2025-01-08,0.0006973686763820375,6.474141275809945e-05,0.0017881944980184029,-0.0027556010347046635,0.0016283591262779694,0.0012569864777483,-0.0007685176,-0.00015064038,0.0024481300485595255,0.0012700457405224097,0.0048788064,-0.00012373351,0.024051573,0.0013651943378200988,7.494407676595101e-05,0.001470336167569234,0.002711634692091073,0.0014104912331593933,0.00065979525
2025-01-09,0.008321385330073872,6.474141275809945e-05,-0.0005048756794767194,0.0008531518437674438,0.0014630779007270786,0.0010304528921970951,-0.0021067276,-0.00088840426,-0.0030367929825681076,0.0018045588235151636,0.009551162,-0.000108306034,0.022089688,0.0008888548653874879,-0.0021392020987336703,0.0007491000802942248,0.001566607158836502,0.0013645532677144295,-0.00050199695
2025-01-10,-0.008558011175897273,6.474141275809945e-05,0.00012857555281309816,-0.012360559682534963,0.0005596795809714268,-0.0012707743354019964,-0.0018540737,-0.0006581535,-0.005159535688315916,0.0023603493750737883,-0.011138225,-0.00013259065,0.023714524,-0.0008707802311415348,-0.0016919782253310763,0.0005636842728563098,0.001973851202267986,-0.001906782706344419,0.0014874431
2025-01-11,0.0,6.474141275809945e-05,8.697819580653451e-05,-0.0007656979136704033,-0.000569315186202014,2.514155087853987e-05,-0.004183036,0.005390832,-0.0028711091161552505,4.374366791405524e-05,0.016488058,-0.0001111952,0.025608398,-0.0007309600506205285,-0.002538816778778415,-0.00019863237728261904,4.6390506412009875e-06,2.5528795090316614e-05,0.00259182
2025-01-12,0.0,6.474141275809945e-05,8.858271181282353e-05,-0.0007705786192085161,6.380662512770067e-06,2.514155087853987e-05,-0.003256071,-0.00012234447,-0.0030513622095787634,-0.0006525828517975598,0.004611545,-7.302774e-05,0.030643243,8.031785006679774e-05,-0.0022361791641801933,-0.00016851918479804422,4.6390506412009875e-06,2.5528795090316614e-05,-0.0010614508
2025-01-13,-0.0029459937515835533,6.474141275809945e-05,0.0017444480636662298,-0.00022488705236133142,0.0014887578534124304,0.0018505280623565474,-0.0016975717,-0.00065330084,-0.0008253903380683584,0.003174064356225577,-0.02414539,-6.731061e-05,0.032836027,0.0022661571488889827,0.0003946386299249873,0.0024077962942183444,0.001548029862772223,0.0020017535462300592,-0.00016707252
2025-01-14,-0.0027540706136409687,6.474141275809945e-05,0.002582343380801644,0.0031798225879435356,3.021008171767898e-05,0.000926694801249398,-0.00082065316,-0.00057590316,0.003354129824716839,8.589506063221884e-05,-0.001048261,-5.756115e-05,0.030444887,0.001642828923602488,0.0005129093328063396,0.001414550009311562,0.00031974643588627373,0.00027023355976915766,-0.00017239735
2025-01-15,0.012142841466358467,6.474141275809945e-05,-0.001660953196655563,-0.00240341626371273,-0.0005399330625783546,0.00020487529420439,-0.0001287761,0.00031592534,-0.0024134941181886086,-0.0022126162837733596,-0.003061518,-5.545857e-05,0.033259314,-0.0008156820105512548,-0.003405801766326423,-0.0015704613865178553,-1.7918087511978645e-05,3.7089445766412583e-06,-3.1669624e-06
2025-01-16,0.010934655884198952,6.474141275809945e-05,-0.008494500290893945,-0.01456792000679405,-0.006353896015765038,-0.00589039675902767,-0.003981972,-0.0005912522,-0.009186890891125118,-0.009366986203013617,0.027508946,-3.6355545e-05,0.031440232,-0.010543550501819746,-0.011691887044157698,-0.009472258349238994,-0.008369185281606602,-0.007313469454095207,-0.0007236531
2025-01-17,0.01350349742013135,6.474141275809945e-05,0.002744639019896419,-0.0013811076861141277,0.00041788698091977094,0.00021812996877158524,-0.004748643,-0.0010066198,0.0029040052996474764,-0.00018047799021430217,-0.041228607,-2.0337378e-05,0.027391464,0.0013280351330004644,0.000491311991433787,0.0012717907518481713,0.001284071460751085,0.00025683011384896096,-0.003685052
2025-01-18,0.0,6.474141275809945e-05,0.00010706301690026096,-0.0008230463884554328,-0.00025484493176259384,2.514155087853987e-05,-0.0027309465,-0.00024184992,0.001226431780878981,4.374366791405524e-05,-0.020974323,-1.3349607e-05,0.02376061,3.105458647049492e-05,0.0003841855410385551,6.0169952401563e-05,4.6390506412009875e-06,2.5528795090316614e-05,-0.001820767
2025-01-19,0.0,6.474141275809945e-05,-2.0584151859365135e-05,-0.0003503921819392958,6.380662512770067e-06,2.514155087853987e-05,-0.0028845645,-0.00044560718,-0.0012716557260185764,4.374366791405524e-05,-0.03478479,-8.568604e-06,0.022968505,0.0002717505643247426,-0.0014653392920721744,9.826828711133348e-05,4.6390506412009875e-06,2.5528795090316614e-05,-0.00096756825
2025-01-20,0.0018012467637522622,6.474141275809945e-05,0.0022594896858781515,0.0015024099243882419,0.0009547212372971116,0.0007304247498363613,-0.0010463524,-0.00061909965,0.0025397747772067727,0.0007964782784998074,-0.005483393,-2.1387648e-05,0.02350986,0.002350290562073975,0.0023089403684107427,0.0017874473921497178,0.001814254581169982,0.0012776252663621232,-0.0016867489
2025-01-21,0.003256835834348548,6.474141275809945e-05,-0.002689666516524696,-0.007088914752833919,-0.002632491044021255,-0.000984391118960987,0.0009516239,-0.00013351988,-0.0032462334908644904,-0.0016722503591722051,-0.00028628448,-5.359936e-06,0.01819155,-0.002678761063907252,-0.004159819704879904,-0.002336882068103533,-0.0012951521002052089,-0.0008468622396115322,-0.00045907055
2025-01-22,-0.00036966457619025395,6.474141275809945e-05,0.003662037820330686,-0.005115236969090582,-7.527018927385241e-05,0.00018017698628282604,0.001063043,-0.0014412367,0.0045541844424389025,0.00023435399904513552,-0.0021727798,-3.5525853e-05,0.017411329,0.0022921930697450085,0.00200688162693854,0.0020321893570967873,-0.0002471230849692778,0.00011564308267954973,0.0014254473
2025-01-23,0.002348706222140784,6.474141275809945e-05,-0.0017662357515348776,-0.0006554673237458763,-0.0033744180524518928,-0.0009910756957006261,0.0002338532,-0.0011479836,-0.0022486605341947258,-0.0009753607892468808,-0.011569167,-5.33704e-05,0.016827941,-0.0025832734954228808,-0.0028496732215433983,-0.001765284260267065,-0.0032241363057608934,-0.0012543877498029838,0.001282275
2025-01-24,-0.0073378321580348516,6.474141275809945e-05,0.000607577921653913,-0.0045606992332684945,-0.0016914938491191336,-0.0008237405673757385,-0.0005751797,-0.0006341345,8.785361432817309e-05,9.606586916127742e-05,-0.025021542,-5.352436e-05,0.016007718,0.00021313727206315793,-0.0019170562613156454,0.0003014517109192926,-0.0012698024436711636,-0.000616794628084327,0.0010573386
2025-01-25,0.0,6.474141275809945e-05,8.714102781375003e-05,-0.0007661955124932786,-0.004236750851711491,2.514155087853987e-05,-0.0015946826,0.0015571878,0.0011773031534850376,4.374366791405524e-05,-0.03540677,-6.479642e-05,0.01838874,-0.00032640249529904873,-0.0002639130676386673,-6.465344691502416e-05,4.6390506412009875e-06,2.5528795090316614e-05,0.0022006114
2025-01-26,0.0,6.474141275809945e-05,1.823261151420454e-05,-0.000516092404105919,0.0009919682540948677,2.514155087853987e-05,-0.0030391852,-0.000317213,-0.00018932372202592316,4.374366791405524e-05,-0.028411256,-6.4080145e-05,0.015390628,0.00010836195471153624,-0.00032305579885437527,5.682460679235256e-05,4.6390506412009875e-06,2.5528795090316614e-05,0.0009182865
2025-01-27,0.00015995577693206364,6.474141275809945e-05,-0.01091636780428826,-0.0075892532999610185,-0.0064631602114069465,-0.005945416513023989,0.0011878301,0.003672089,-0.012615554662321221,-0.007695612002916003,-0.06080207,-7.138387e-05,0.020124484,-0.012103620523221623,-0.013886713163076242,-0.010204045272408936,-0.008572517540228551,-0.0075267173496980965,-0.0013620245
2025-01-28,0.003546687269438964,6.474141275809945e-05,0.005655285213739945,-0.010163303756368071,0.0019223134505641315,0.002801624740085714,-0.00546632,-0.0021030586,0.005136933583256662,0.002900347464696129,-0.040209968,-5.4092845e-05,0.021490421,0.005342119243038789,0.0033938148701834845,0.004606127207693331,0.0027038118228053746,0.003594124035206412,-0.0035158368
2025-01-29,0.0028052923234123117,6.474141275809945e-05,-0.0014868455297250408,-0.0023353671335779253,-0.00044971498170663237,-0.00027710451297923127,-0.0012017441,-0.0009963945,-0.002100002219707866,-0.0005439266581609778,-0.059635956,-6.137308e-05,0.021746524,-0.0016922862223602438,-0.003302988059843549,-0.0012312481784277204,-0.0006005005776301678,-7.206716809278822e-05,-0.0020697368
2025-01-30,0.010408036635541018,6.474141275809945e-05,-0.0044339859419027135,-0.0029101835943854447,-0.0011513875938815193,-0.0022580132857919146,6.2983454e-05,-0.0005446353,-0.004879757890596468,-0.0008760000835105671,-0.005050439,-5.2379648e-05,0.020112958,-0.002853157418648805,-0.004980222208135872,-0.002689573527742685,-0.0029737070970009016,-0.00121340830551775,-0.0018669375
2025-01-31,0.003131765446033663,6.474141275809945e-05,0.0022395822755724134,0.0012301095576378292,0.0003199029856130128,3.2823586820485854e-05,-0.0009201106,-0.00015427044,-0.001726165885987195,5.5322944815817085e-05,-0.029907564,-5.5715587e-05,0.008452102,0.00041580016724626585,-0.002034107119489803,0.0008862007767780394,0.0005057767132827854,0.00011564308267954973,-0.00034322462
2025-02-01,0.0,6.474141275809945e-05,2.8250141970858764e-05,-0.0005566330319710351,0.00010267028364442313,2.514155087853987e-05,-0.00043532232,-0.0007601535,-0.0005480616722258715,4.374366791405524e-05,0.014411509,-8.502815e-05,0.016728982,-0.00022221458857515797,-0.0013427413683066319,-4.9347083120039674e-05,4.6390506412009875e-06,2.5528795090316614e-05,0.0005742707
2025-02-02,0.0,6.474141275809945e-05,-1.572319461336191e-05,-0.00037170729402671247,0.001675077473129163,2.514155087853987e-05,-0.00036147135,-0.0007653425,-0.002845760271849566,-0.0008638090228974687,0.0032528997,-9.410037e-05,0.00059591315,0.00026459847666469513,-0.0029842862279630634,-0.00021398530772337362,4.6390506412009875e-06,2.5528795090316614e-05,0.00076050946
2025-02-03,-0.010421998718001868,6.474141275809945e-05,0.0048259535055626595,-0.001797714477356216,0.002237457731742551,0.0021785124348296762,0.00048519517,-0.0006415405,0.004745413108163452,0.002789975078134945,0.00043399294,-0.00010440886,0.0117332535,0.00474779005921521,0.003840086941975394,0.004101336160326896,0.00178358192557295,0.003694731381310085,-0.0006405441
2025-02-04,-0.0014900577382809255,6.474141275809945e-05,-0.0010048663497259662,0.004789181445449184,0.001997355979457567,0.001744633230832613,-0.0004906771,-0.0003662213,-0.002235649972789043,0.0014295374248406976,-0.010485731,-4.7269685e-05,0.009402015,0.0013712393401975294,-0.0024887222451015554,0.0006172067698742344,0.002614353808699008,0.0009378987160599509,-0.0024289857
2025-02-05,0.006127804152952443,6.474141275809945e-05,-0.007095212806822948,-0.00451005765452732,-0.0025172503315081095,-0.0031301863066493904,0.00084589154,1.1188677e-06,-0.00761575285248538,-0.0043245313715777264,-0.030459449,-0.00012301438,0.0057725804,-0.006881610395578068,-0.007609632209363563,-0.0060736114178075945,-0.004689093686493354,-0.0029053511896540403,-0.0023344117
2025-02-06,0.012059202462169294,6.474141275809945e-05,-0.0009483401514435583,-0.007275849537319562,0.002393654144564784,0.0009948709461601217,-0.0027597426,-0.001690618,-0.0011088830293577503,0.0028470763753159403,0.021109223,-0.00016064895,0.0072478587,0.0007858302032264103,0.00021366772390856882,0.00092832049686121,-0.00031394548001231954,0.0023765528322827823,-0.0021385206
2025-02-07,-0.003065101612415355,6.474141275809945e-05,0.0002854962017156234,0.0004554280281764611,0.0013388767695164951,0.0007310324645444094,0.0006325948,-0.0011317994,-0.0007345040904877672,0.0013995277570676675,-0.066646956,-9.9668716e-05,0.0060469517,0.0013590500667087977,0.00018215710382368274,0.001023220933948047,0.0012096281716676694,0.0014181231443463724,0.0018889969
2025-02-08,0.0,6.474141275809945e-05,8.880907344417031e-05,-0.0007712631277054941,0.00017159090892584228,2.514155087853987e-05,-0.0003200134,-0.0015503968,-0.0018595588772067932,4.374366791405524e-05,0.00627053,-0.0001093249,0.0053042257,0.0006915776140636574,-0.0012662570580365402,0.00027288497261436105,4.6390506412009875e-06,2.5528795090316614e-05,-0.00041233527
2025-02-09,0.0,6.474141275809945e-05,9.20821608375029e-05,-0.0007810478105381618,-0.003582994728080183,2.514155087853987e-05,0.0008882899,-0.0011954597,0.0006794016331540919,4.374366791405524e-05,-0.0042639463,-9.64503e-05,0.00635513,-0.00010898383842694241,-0.0005203871489892981,8.931068685955605e-06,4.6390506412009875e-06,2.5528795090316614e-05,-0.000536607
2025-02-10,0.0077317128956511105,6.474141275809945e-05,0.002701491699628655,0.004032000156611318,0.001622590756907885,0.0008534635108574575,-0.0007676389,-0.000721347,-0.0002503030499558858,0.00023777060549686174,-0.02737782,-9.7075914e-05,0.005803765,0.0015855565459141603,-0.0007193255771622439,0.0014865274070393316,0.0018345731066109127,-6.293382579045822e-05,-0.0025764643
2025-02-11,0.001093774949246118,6.474141275809945e-05,0.0017596322542720378,-0.0034744676763533043,-0.0007436110202438512,-0.0007944673973559513,-9.038605e-05,-0.0016580282,-0.00030685167504833615,-0.00028563101158254444,-0.010495178,0.00016228613,0.006134917,0.00047867585948217897,-0.0008101363402558455,0.0006336523734827405,-0.0027906484858114308,-0.0008733672057341288,-9.2390925e-05
2025-02-12,0.0034235689652619694,6.474141275809945e-05,0.00394052138214308,0.009915989472745614,0.001250667795173018,0.00015273484424501685,-0.00026349936,-0.0005765721,0.0016435145340840604,0.0011969041021143495,0.015965994,-9.1091875e-05,0.004775238,0.003278945035525704,0.0018827417869775607,0.0027799097643498756,0.0048744967289864015,0.0012256200127197328,0.001463656
2025-02-13,-0.004850444624090677,6.474141275809945e-05,-0.002454084372349782,-0.00012209668690330976,5.62606765407291e-06,-0.0005144073723238888,0.0003065101,-4.0996238e-05,-0.005668518359962549,-0.0008163177155192816,-0.0039020698,-0.000106843276,0.0037295194,-0.0023314671568170756,-0.006485846101844101,-0.0018514160501421832,-0.0010363530638920193,-0.0004628806446884635,-0.0016778923
2025-02-14,-0.0036806652123513306,6.474141275809945e-05,-0.0006144825932410248,0.001979646909996603,0.0004359581644861742,0.0006482700327510405,-0.0015773802,-0.00015407719,-0.0025599801568889605,0.00126418640490301,-0.03983567,0.000325151,0.00053581677,0.0006156070673930133,-0.0014694690329684957,0.0004374835490722631,0.0017241367001172552,0.0007959797619385449,5.010306e-05
2025-02-15,0.0,6.474141275809945e-05,9.384406815708354e-05,-0.0007862265686824953,-0.0010474543176866807,2.514155087853987e-05,0.0006176585,-0.00015296519,-0.00013865219172649263,-0.0008638090228974687,-0.022816716,-0.00047834823,0.0020446898,0.0003700177455856364,-0.00146076067258609,-0.00014339437567050146,4.6390506412009875e-06,2.5528795090316614e-05,-0.00019805785
2025-02-16,0.0,6.474141275809945e-05,3.75915816961527e-05,-0.0005933571882785109,-0.0012730946243964952,2.514155087853987e-05,-0.0011359381,-0.00079659745,-0.000244468629001905,4.374366791405524e-05,-0.0069257873,0.00037910693,0.00054671324,-0.0007367494418971758,-9.536130196529759e-05,-0.00021663709966349712,4.6390506412009875e-06,2.5528795090316614e-05,-0.0007884357
2025-02-17,0.004071017788801923,6.474141275809945e-05,-0.002480722949545159,0.0006264089752276913,-0.0015269200181500387,-0.0005056454655891849,0.00095702906,-0.000778949,-0.0021042619972458936,-0.0007034315098328938,-0.031706102,-6.633016e-05,0.0032951375,-0.0016804560519014119,-0.0042528806921048445,-0.001605839044014849,-0.002406390100512402,-0.0007181723904280698,-0.0017215136
2025-02-18,-0.00014598523496212046,6.474141275809945e-05,0.0033370839885192875,0.006198600371015875,-8.479057345276433e-05,0.0008791734981833457,0.0007384941,-0.00046371884,0.0030577193502160076,-0.0004085279161350512,-0.056927823,-5.225491e-05,0.0013208472,0.0009844227881666086,0.0010166624411562667,0.001272769169755961,0.0015940490103931212,0.0002185614185692952,0.0006639067
2025-02-20,-0.005688359179251146,6.474141275809945e-05,-0.002773321082027757,-0.001159870324137194,-0.0010364184392589804,-0.0012014443101416342,0.0009143653,-0.0007969966,-0.004634798777004433,-0.0018650454893851386,-0.058559258,-2.158244e-05,0.000121927704,-0.0017807869621336043,-0.006482822952472663,-0.0021330322071742448,-0.001473463081946246,-0.0010223206289478172,-0.00052011164
2025-02-21,-0.0004155618685045548,6.474141275809945e-05,-0.003841364064456678,0.0014456318273789485,-0.0031441649305695286,-0.001421696122870539,-0.0017610058,-0.0017013302,-0.006690602745752312,-0.0025584207385596193,-0.110521376,-3.549276e-05,3.3781747e-05,-0.004405179609750864,-0.0060793985735564165,-0.003587708738649463,-0.0036509747593999335,-0.001629403550577616,0.0007356099
2025-02-22,0.0,6.474141275809945e-05,0.00010641793548959498,-0.0008213348674441208,8.504923186159049e-05,2.514155087853987e-05,-0.0002471507,-0.0006053538,-0.0009600251933320383,4.374366791405524e-05,-0.038873408,0.00051786064,-0.00058307603,0.00014473430407680517,-0.001440180324286187,9.759266838252205e-05,4.6390506412009875e-06,2.5528795090316614e-05,-0.00067242887
2025-02-23,0.0,6.474141275809945e-05,8.008849013996768e-05,-0.0007441777405434316,6.380662512770067e-06,2.514155087853987e-05,9.213804e-05,-0.00068721955,-0.000680191220305388,-8.39756795624505e-05,-0.04685356,-2.3029017e-05,-0.0013538479,4.540682842699724e-05,-0.0009737030933903193,1.2301026480095507e-05,4.6390506412009875e-06,2.5528795090316614e-05,-0.0011962926
2025-02-24,-4.503791846299787e-05,6.474141275809945e-05,-8.42930875072717e-05,0.001698683631462341,0.001004586533749234,1.7307811147695162e-06,0.00070049847,-0.00090911053,-0.0006055995127819749,-0.00045720432027957007,0.0010146409,-9.16954e-06,0.0001755514,-0.000138380484318463,-0.0012760758262020924,-0.00023018038774426134,0.00047465856514335945,-0.0004227442149232077,-0.0039690803
2025-02-25,0.0011190694515983424,6.474141275809945e-05,-0.006191009660576215,-0.01010314001924271,-0.0019922783840361103,-0.0018891294083588986,-0.000692029,-8.2866056e-05,-0.00999532222476029,-0.004590529174353911,-0.046607427,-1.7390674e-05,0.00014982081,-0.006202995055357357,-0.008445716187533104,-0.005645697075820157,-0.005536223380345044,-0.0028898184435183997,-0.0058424496
2025-02-26,0.007243325677410706,6.474141275809945e-05,-9.265513250662328e-05,-0.0019286419980044925,-0.0007845843431607178,-0.00035040999473350513,0.001667877,-0.0019876724,-0.00012410603064181812,-0.00045305286184467875,-0.018240647,6.7907094e-06,0.002314047,-0.0005020156633105404,-0.0014534608119706578,-0.0003518584655297092,-0.000695170930519757,-0.0004227442149232077,0.0020058714
2025-02-27,0.0028345774933402623,6.474141275809945e-05,0.0012928722159011097,0.005076008636690992,0.001413222304505516,0.0008885045007699753,-0.00026675107,-0.00047508173,0.00015586443822128727,5.8952378993512904e-05,0.0022831396,-2.9927905e-05,-0.0034295162,0.001344328286106851,-0.0015414796437898744,0.0008864286684368846,0.0022155988704864824,0.000791822964978983,0.0005987353
2025-02-28,0.006113375535762744,6.474141275809945e-05,0.00014069466486646935,0.004735662944358474,0.0005056704040323199,0.0006608596632690372,0.000969543,-0.000799837,-0.0020441488813235436,0.0005698514317477425,-0.010928253,-3.6999845e-05,-0.009432361,-0.0003468639214308099,-0.0019301622014631218,0.00012657723931002823,0.0020589796683994858,0.0007208805891719322,-4.5305875e-05
2025-03-01,0.0,6.474141275809945e-05,0.00016409053245653105,-0.0009364062001984254,6.380662512770067e-06,2.514155087853987e-05,-0.00014192893,-0.000695615,-0.0006664038786180904,-0.0008638090228974687,-0.13427992,-2.4667504e-05,-0.007967734,0.0003589304369828645,-0.0014019059074610266,-0.0001241812583182178,4.6390506412009875e-06,2.5528795090316614e-05,0.001007479
2025-03-02,0.0,6.474141275809945e-05,0.00043726910919888876,-0.0003356518021402988,3.704140953147462e-05,0.00021174764825854467,0.0005324667,-0.00070351013,-0.00047743136457986885,4.374366791405524e-05,-0.13529553,-1.5890488e-05,0.0037718704,0.002143195405466859,-0.0004960907257885811,0.0008669470217905954,4.6390506412009875e-06,2.5528795090316614e-05,9.954977e-05
2025-03-03,0.006988855516734782,6.474141275809945e-05,-0.007390753540733268,0.0024773515191186595,-0.002989470417693837,-0.0006599520942606506,-6.532765e-05,-0.0006086321,-0.008997615360459833,-0.0016826586846831937,-0.004408549,-6.458111e-06,-0.00034259737,-0.005428834941459096,-0.0077859483393365354,-0.00478227280552839,-0.006436196806071388,-0.002762774906775058,0.00039523828
2025-03-04,-0.01265991155759405,6.474141275809945e-05,0.0018069140816995351,-0.012050849013681322,0.0013638302233123832,0.0008763311642826712,-0.0012425459,-0.0007342513,-0.0005899147971494992,0.0014233737400474946,-0.053890377,-2.0190491e-06,-0.0056497203,0.0022687747275973325,0.0008364013429214657,0.0018281798127435796,0.0015585781168815482,0.0018517919472744338,-0.0023383228
2025-03-05,-0.0003607717776001884,6.474141275809945e-05,-0.0018655050255267697,-0.007391863723476958,-0.0024731500853516592,-0.0012862504714314413,-0.00036062792,0.0011470894,-0.0056924631947018025,-0.001830640990883417,-0.005617823,6.619288e-06,0.0018512727,-0.0023352911340656342,-0.005892633325636926,-0.002009059122267864,-0.0014053364635716653,-0.0003566123259241344,-0.00020209246
2025-03-06,-0.008337292595570478,6.474141275809945e-05,0.00016375317441337896,-0.001208863677205939,0.0022390019014857116,0.0009830390678803274,0.0015023444,0.00015490339,0.002415663576886936,0.002621321132131228,0.026670668,2.8794806e-05,-0.010515303,0.0003506421080228902,0.0013728116350104026,0.0010690516196993172,0.0011173639964950945,0.0012656091397592374,0.0018958746
2025-03-07,-0.00034090228542749124,6.474141275809945e-05,-0.001774559629240133,-0.0015024945906613688,-0.000720341500504133,-0.00029862387730280563,-0.00070409966,-0.0003187299,-0.0028279528007553656,-0.0015726546669480495,-0.033059325,3.204617e-05,-0.0038077468,-0.0013849103305666644,-0.002217684863615248,-0.0015762758169549826,-0.0010206743283365197,-0.0007240782457705084,0.002396929
2025-03-08,0.0,6.474141275809945e-05,7.828794319583542e-05,-0.0007384062301540846,5.445316482747826e-06,2.514155087853987e-05,0.000840958,-0.0005193176,-0.000972145070716563,4.374366791405524e-05,0.018459179,3.9172795e-05,0.0028957063,7.08995287012853e-05,-0.000711008505153329,6.398656624984121e-05,4.6390506412009875e-06,2.5528795090316614e-05,0.0022609797
2025-03-09,0.0,6.474141275809945e-05,-0.00014184323201192676,0.00016721547955938967,6.380662512770067e-06,2.514155087853987e-05,0.0003794394,-0.00054205954,-0.0004642054121436384,4.374366791405524e-05,-0.015378775,1.8594932e-05,-0.00267231,0.00036702694701474137,-0.000980149331735126,9.030748860760278e-05,4.6390506412009875e-06,2.5528795090316614e-05,-0.000789791
2025-03-10,-0.009177546233358091,6.474141275809945e-05,-0.005567374871431515,-0.0021289444340240994,-0.0024362326645577365,-0.002856501933908831,-0.00046672273,-0.0006281107,-0.006316495059618615,-0.0018892207197165778,0.01807445,8.351344e-07,-0.019142913,-0.004957102166600546,-0.00622393472422956,-0.004103016611761904,-0.004196355970091753,-0.0029053511896540403,-0.0027543376
2025-03-11,-0.01211945740922904,6.474141275809945e-05,0.002311874590339759,-0.007167069049880966,-0.0009496816809791721,-0.0008237405673757385,-0.00037349193,-0.0007490433,0.002931644898307256,-0.0005628584814395757,0.021368235,1.0958029e-05,-0.0046693524,0.0007382541043287299,0.00038704017299216677,0.0008043387213848811,0.0001853310726230222,-0.0005180324966883727,-0.0012281203
2025-03-12,0.005294262352003587,6.474141275809945e-05,0.005317008986580991,0.0016766597145159495,0.0014548705354840668,0.0003916005639546023,0.00062872237,8.706807e-05,0.004121191971841762,0.001379729523652108,-0.018644337,2.0272593e-05,0.0018375077,0.004132268660331117,0.0023834856620426484,0.0035735462723842258,0.0030565751628657033,0.001828105041861767,0.0021901098
2025-03-13,0.0001861615249789672,6.474141275809945e-05,-0.0015468398368549017,-0.014434760924463823,-0.0031463880392756127,-0.0015548988086191992,0.00011044924,-0.0002825918,-0.002177445330031572,-0.002332049786347601,-0.024254732,-1.4622725e-05,0.0092917485,-0.0027279523246107776,-0.0047272320005435796,-0.002207320460068399,-0.007131814534826576,-0.0031406239680212508,0.00074932486
2025-03-14,0.010508559495046033,6.474141275809945e-05,0.006434302139882571,0.009255485135697968,0.0026034463214745286,0.0016535427562218705,-0.0005742847,-0.0006105219,0.0034452345531428663,0.001997070646912722,-0.002738434,-1.306567e-05,0.0066452427,0.004832108897924483,0.0032730992787179543,0.004381062534984482,0.005329211142463544,0.001717593152411892,-0.00022274395
2025-03-15,0.0,6.474141275809945e-05,0.0001070422556045743,-0.0008229914439437007,-3.469071668629485e-05,2.514155087853987e-05,0.00037810227,-0.00027721433,-0.0004968249706677992,4.374366791405524e-05,-0.043118164,-1.8660532e-05,0.01233367,-0.0001496587919353856,-0.0006606717184389194,3.3931733451596235e-07,4.6390506412009875e-06,2.5528795090316614e-05,0.0018100507
2025-03-16,0.0,6.474141275809945e-05,1.5309702696960046e-05,-0.0005040577427413298,0.00037798284394274686,2.514155087853987e-05,0.0009769255,-0.00038423488,0.0001428554629035721,4.374366791405524e-05,-0.0005988792,-2.0989799e-05,0.00673576,-0.0006030281409298904,-0.00030684783409506836,-0.00017962816502776222,4.6390506412009875e-06,2.5528795090316614e-05,0.0011478553
2025-03-17,0.00555585803601133,6.474141275809945e-05,0.0030345326385571737,-0.007910653398590529,0.0012883086242773407,0.0008398870932822405,-0.0003790958,-0.00040402065,0.0016228019855573737,0.0009903739457932407,0.02455971,-7.664057e-06,0.0072775325,0.002776421138163961,0.0014409961554437774,0.0022475373332590484,0.000282672004433441,0.0009342440501552308,-0.00057555665
2025-03-18,0.0028731758961968445,6.474141275809945e-05,0.00037308796807688496,-0.0027006742080542103,-1.2335961618014464e-06,0.00013514360558428815,-0.0016367694,-0.000116794254,-0.0024684403433405727,-5.584764076300719e-05,-0.0072806166,-4.117188e-05,0.008094844,4.687446372276696e-05,-0.00276065439038715,0.00011788786208639133,-0.00038866051543248384,7.129292098116603e-05,0.0004155666
2025-03-19,0.00016426906583744127,6.474141275809945e-05,-0.0033952178848690364,-0.0030794519286891633,0.00024073039535135816,-0.0007392353245981857,-0.0018945115,-0.00026680517,-0.004581183144379269,-0.00047407488655331253,-0.018880818,-3.9463135e-05,0.0095730955,-0.00263352247999096,-0.003393215528408309,-0.002140536256692656,-0.0006514110552710209,-0.0002578830081176554,-0.0015369715
2025-03-20,-0.0005363710079410167,6.474141275809945e-05,0.0009917038519646002,-0.0015106917838688923,0.0007506376015130626,0.0011845376402776738,-0.0006846846,-0.0013205983,-0.00013309740160767563,0.0025845011706919687,-0.012068885,-3.354982e-05,0.0076803537,0.0011758500865958268,0.0009560132079982811,0.001599307569530918,0.0014130679600604153,0.002169643740371602,-0.0021151584
2025-03-21,-0.006343376629943109,6.474141275809945e-05,0.0008451362437853409,0.001771682098079863,-0.00011513892196304427,0.0006569446177049946,-0.00043564456,-0.00012097042,0.0001308746185110386,0.0005224685420668979,-0.054486107,-3.9858307e-05,0.007531007,0.0009862178412853996,-4.874973070045221e-05,0.0007811016779369895,0.0012666372972359172,0.0007155734912005491,-0.0007151555
2025-03-22,0.0,6.474141275809945e-05,8.12153052346412e-05,-0.0007477589283180494,0.0018576512800755488,2.514155087853987e-05,-0.0023392378,-0.0007739084,-0.0011766043109288616,4.374366791405524e-05,-0.013499506,-4.6940957e-05,0.008317213,-0.0010070309357718844,-0.0015916469252952622,-0.0002919009894853259,4.6390506412009875e-06,2.5528795090316614e-05,-0.0015819726
2025-03-23,0.0,6.474141275809945e-05,0.00018825145138924538,-0.000959939381633833,7.347424573275163e-05,2.514155087853987e-05,0.00305929,0.0016520167,-0.004087564694951651,4.374366791405524e-05,-0.01943169,-4.3895998e-05,0.008358425,0.0007910384430724958,-0.0027717889009690683,0.0003382051227672657,4.6390506412009875e-06,2.5528795090316614e-05,0.0043542967
2025-03-24,-0.0010154057170349562,6.474141275809945e-05,0.007265341941323682,-0.0005954308553846833,0.0032918467557749454,0.0024005690891427305,-9.158932e-05,-0.000274405,0.0066899509532089676,0.004741659312207639,0.041948292,-3.360372e-05,0.0069762254,0.0067205546135096885,0.005571564908896153,0.006218873427923524,0.002370996573817747,0.004753994157459729,-0.0022107805
2025-03-25,0.0029856413687874284,6.474141275809945e-05,-0.0015488566220018363,-0.0013282352081038689,-0.0006057614760316151,-0.0006630266391311079,0.00035894723,-0.00035212573,-0.0012627573713712165,-0.0008790999384477043,-0.070305794,-4.1959924e-05,0.0056526447,-0.001720191905532862,-0.0016319740990761653,-0.0013757173900517021,-0.0011288332235478756,-0.00031807700699858384,-0.00042700756
2025-03-26,0.0029767538493503665,6.474141275809945e-05,0.002755202853156248,0.002131890441448572,0.0016390486491139524,0.0017604057079234142,-0.00024151689,-0.0003277402,0.001657366144077316,0.0014417852037778979,-0.03513026,-5.2405318e-05,0.010011171,0.0033157630148607465,0.0021401933088360556,0.0024900111563954646,0.002452960043014132,0.0015557957741870558,-0.00038040918
2025-03-27,-0.0027009329554097405,6.474141275809945e-05,-0.001963051114052619,-0.00925108650218302,-0.001357714035284055,-0.0008237405673757385,6.9465576e-05,-0.00046053046,-0.00015575819775303596,-0.001149723491256577,0.06111685,-6.7081186e-05,0.009160898,-0.0006974969912466908,-0.001087905072453014,-0.0012649667873112502,-0.000994995615568424,-0.000616794628084327,-0.0018440891
2025-03-28,-0.0008388990690182396,6.474141275809945e-05,-0.00454017102235502,0.0002757390309953865,-0.00218878288970485,-0.0025820785388324693,-0.0012286382,-0.00015216123,-0.003917385635615739,-0.0033627727400936573,-0.010630678,-8.668829e-05,0.01061903,-0.005525483052119874,-0.006038018488770702,-0.004462271847200508,-0.004720190591388982,-0.003131276755726727,-0.00037421088
2025-03-29,0.0,6.474141275809945e-05,1.5294387985409723e-05,-0.0005039944560383128,6.380662512770067e-06,2.514155087853987e-05,-0.00086242735,0.00029134203,0.000610253072878791,4.374366791405524e-05,0.013444345,-6.785258e-05,0.013875396,-0.0006379598853412671,-0.0006023564638898439,-0.00019119705818319225,4.6390506412009875e-06,2.5528795090316614e-05,-0.0020666216
2025-03-30,0.0,6.474141275809945e-05,7.922517723916056e-05,-0.0007414179665369497,6.380662512770067e-06,2.514155087853987e-05,-0.00012775642,0.00037533895,-0.0004981607848388306,4.374366791405524e-05,0.044933163,-6.0621678e-05,0.020283151,0.00010656199664396468,-0.0014590570253995032,7.609768469174624e-05,4.6390506412009875e-06,2.5528795090316614e-05,-0.0020483718
2025-03-31,-0.008781766631827614,6.474141275809945e-05,0.0003446300092218596,0.008306446047757068,-0.00035512613753740875,-0.00018734744379236536,-0.0012433475,-0.0014188548,-0.002502763666084115,0.0002524025626330521,0.029836848,-8.7022636e-05,0.018687494,0.0006551163896770815,-0.002083127190420452,0.0004157621132172056,0.00036575892680453567,-0.0003041883349924029,-0.004080681
2025-04-01,0.006057456707069031,6.474141275809945e-05,0.0020087811299635033,0.0005553662110874434,0.0015169184099985379,0.0005824156025920464,-0.00021830565,-0.0010406341,-0.00032939832261641346,0.0008492325707134451,0.03508512,-8.385358e-05,0.01582436,0.0015056866448193058,0.0005120745189078804,0.0014442815929795712,0.0021123951419704697,0.0013074516105868132,-0.0032315054
2025-04-02,-0.003048130819474637,6.474141275809945e-05,0.0012371098207481159,0.0006812265668719652,0.0015950460255187231,-6.256035517250954e-05,-0.0003060118,-0.0012466322,0.0008950732620372985,-0.0002710505108539793,0.005255461,-7.1785966e-05,0.013103311,-0.00012174540725690856,-0.0007331442916361709,0.0002696742584650952,3.0620916053447624e-05,-0.0003599264676852758,-0.0040127835
2025-04-03,-0.015535843726186216,6.474141275809945e-05,-0.009628188487806682,-0.012588609581903394,-0.002073823927823437,-0.002785676040397773,-0.00058176485,-0.0011907944,-0.010246469331806486,-0.0022551857265209405,-0.020318035,-8.028498e-05,0.015203967,-0.009892758802367192,-0.010512846341489893,-0.007185379421221302,-0.002517393122566434,-0.003298101854441487,-0.00028211845
2025-04-04,-0.04953072306643036,6.474141275809945e-05,-0.00745663693026299,-0.007897545754218402,-0.001720200064561182,-0.003431064746620378,0.002877259,-4.0247687e-05,-0.011490862805845459,-0.005044316963302202,-0.050497245,-5.4832693e-05,0.009999641,-0.009526074847185356,-0.013553009258944539,-0.007313808335960017,-0.005044080527511635,-0.003458404778126286,0.0012308584
2025-04-05,0.0,6.474141275809945e-05,7.764550461514823e-05,-0.0007363324300965765,-5.491759212095486e-05,2.514155087853987e-05,0.005396606,0.008176467,-0.0024956986493976556,4.374366791405524e-05,0.018891625,-7.081163e-05,0.010645836,-0.0001450828104817034,-0.003190640237114471,-7.722123740633711e-06,4.6390506412009875e-06,2.5528795090316614e-05,-0.0048504937
2025-04-06,0.0,6.474141275809945e-05,-0.00013321886475276115,0.00013445507268210113,0.0020059420474944035,2.514155087853987e-05,0.0010846496,0.0046064765,-0.0004864518799863331,4.374366791405524e-05,-0.0026918617,-9.034193e-05,0.0136202285,-0.0007749163227305693,-0.00141945682134532,-0.00028491519194256097,4.6390506412009875e-06,2.5528795090316614e-05,-0.00020757562
2025-04-07,-0.043811406111498696,6.474141275809945e-05,0.00039879544170060444,0.002249733430399122,0.00302004112085341,-0.0008723324252376953,-0.00041856876,-0.00073655834,-0.0014530049103032728,-4.4000937154339915e-05,0.0092684645,-7.7830715e-05,0.015422256,-0.00021988823976876027,-0.0008124380376757534,4.201819856900319e-05,0.0025642365739256935,-0.002362725110878396,-0.0019833539
2025-04-08,0.027064117744816985,6.474141275809945e-05,-0.008320743289344717,-0.008648172186231127,-0.004067102520226652,-0.00263483847377098,-0.0019320804,-0.0018947256,-0.009244498908830567,-0.004278473707318728,0.0050089755,-7.320655e-05,0.019002635,-0.007593567948456464,-0.008269080859707187,-0.006692721887509519,-0.0077153408726191855,-0.0030284717738652284,-0.009913316
2025-04-09,-0.029207903895187792,6.474141275809945e-05,0.01836803307246116,0.0018284897915150722,0.013304230789481186,0.00834652949396361,-0.00095991,0.00012743648,0.017341135689297522,0.010323948905885717,0.013863054,-5.6421035e-05,0.019285817,0.017607037679086862,0.018222216812406867,0.015355404617579893,0.018393199944805236,0.008572627326481676,-0.0031093382
2025-04-10,0.030440863183444744,6.474141275809945e-05,-0.012994038175286972,-0.003299127329104776,-0.009120288960955686,-0.007303008345276056,0.0037997095,-0.00042362802,-0.012143884789163116,-0.010387748823789532,-0.0029167384,-4.661936e-05,0.016639356,-0.01148189886143776,-0.012913471095453741,-0.011598984315539376,-0.013671864794450452,-0.0071882694378673255,-0.0005790588
2025-04-11,0.006436040817616062,6.474141275809945e-05,0.002039605531331819,-0.004444156329013102,0.0019612787744932706,0.00033887639350434825,-0.0037514195,0.0044525983,0.00017547469021001033,0.0019458045768556888,-0.035897367,-4.4969784e-06,0.016206667,0.00162058774478232,0.0008907418099230914,0.001868700473264109,0.0025725849900749397,0.0010631747702052458,-0.0018166275
2025-04-12,0.0,6.474141275809945e-05,0.00017317962926758566,-0.0009470552366027509,9.417934651687403e-05,2.514155087853987e-05,0.005058276,0.0055282386,-0.0009119289346336777,4.374366791405524e-05,-0.06845291,-8.534029e-06,0.013586638,0.000603122319154692,-0.001446673511667963,0.00027108703599666294,4.6390506412009875e-06,2.5528795090316614e-05,-0.003208212
2025-04-13,0.0,6.474141275809945e-05,2.487572010932498e-05,-0.0005431039851684959,0.00014544520381809368,2.514155087853987e-05,0.0011440262,-5.640171e-05,-0.0004769265773027706,4.374366791405524e-05,0.0025155046,-3.383693e-05,0.012084407,-0.0002746596250306146,-2.782336133034861e-05,-6.780788929803655e-05,4.6390506412009875e-06,2.5528795090316614e-05,-1.5381374e-05
2025-04-14,0.021365664763980607,6.474141275809945e-05,-0.0016407991336509042,-0.003619576321430325,-0.0017159390457938486,-0.0017748136585232573,0.00041626577,0.00045924063,-0.0021342504077664524,-0.0012104388284340853,0.01649833,0.00014348837,0.012841322,-0.002265710639925937,-0.0024907273603477042,-0.0016999732104589786,-0.0033336959277827476,-0.0020606565438720612,0.0014680022
2025-04-15,0.014110548612426,6.474141275809945e-05,-0.001579765818998631,0.0036810422825948987,-0.001906922617320017,-0.0010408665958120905,-0.0016392057,0.0004630566,-0.00194664273788063,-0.0015040082085809327,-0.017979834,-2.9670744e-05,0.012957525,-0.0014201269328776149,-0.0028257459245559302,-0.0015009187148079545,-0.0015071133942966065,-0.0011046745979690262,-0.00049079396
2025-04-16,0.0032100393738967448,6.474141275809945e-05,0.0023785215225490338,0.004137237764773544,0.004257420188331245,0.0025284505489332186,-0.0052148034,0.00048690534,0.0006288871069806039,0.0025446481737451307,-0.033477906,-2.9008283e-05,0.013828007,0.004789781198208564,0.0023898024347433783,0.003233765983465508,0.0068504395113082595,0.0008896103841073888,0.0011367718
2025-04-17,7.250229590471946e-06,6.474141275809945e-05,0.0060719142309511465,0.004685664484188769,0.002893732493595547,0.0022648079785164287,-0.0017096889,0.0040124366,0.0044472525817132865,0.004106435615724785,-0.008078434,-8.945499e-06,0.014862022,0.00523947618972945,0.003802284239384217,0.005121795005164044,0.0034038166980732976,0.004313345111534033,0.0075252666
2025-04-18,0.0,6.474141275809945e-05,-0.0019832273893524957,0.000513053950319209,-0.0010579451137354477,-0.0007672351370941684,0.0013481542,0.0026920103,-0.002347800090505867,-0.0010460175602443442,-0.02738531,-2.3749773e-05,0.016919663,-0.002214512532480053,-0.0032214447571641443,-0.0017381449854330536,-0.0022512229974058526,-0.0006753498933864476,-0.0012733265
2025-04-19,0.0,6.474141275809945e-05,0.0001168152027087555,-0.0008478174342728241,0.000135250725715939,2.514155087853987e-05,0.00076393806,0.0013298196,-0.00017784763146002066,4.374366791405524e-05,0.041101128,-1.148539e-05,0.01690396,-2.1935536566298848e-05,-0.0006727627416864177,4.5804823554909324e-05,4.6390506412009875e-06,2.5528795090316614e-05,0.0010178072
2025-04-20,0.0,6.474141275809945e-05,9.601773841758885e-05,-0.0007925293387836966,-0.002055714594811518,2.514155087853987e-05,-0.0003959867,-0.00021336856,0.0002227917751472044,4.374366791405524e-05,0.013793206,-1.0245043e-05,0.01878937,0.00015233089286186317,-0.00018276304536301154,9.671949608700118e-05,4.6390506412009875e-06,2.5528795090316614e-05,0.00078308827
2025-04-21,0.0,6.474141275809945e-05,-0.004866586535462025,-0.0022963885465921196,-0.0018415549793658274,-0.002808836336938358,-0.0015578876,-0.0009428931,-0.005246548739463771,-0.002131725727533135,0.048040386,-1.7693295e-05,0.020627178,-0.0030525073325615862,-0.004972074374560811,-0.00332745228304467,-0.0030212973857973984,-0.0020047220853667788,0.0019351532
2025-04-22,0.0063970728618625294,6.474141275809945e-05,0.006024825928316832,0.0008054257535340054,0.004348786121597445,0.002455330194801683,-0.0019201692,0.005280954,0.0027549284856058405,0.0042701570167742505,0.005396225,3.285415e-06,0.022969753,0.005189818718345731,0.0015250902711466427,0.005146205476873222,0.006242086946824405,0.002816250777817723,0.004931838
2025-04-23,0.00895468626179663,6.474141275809945e-05,0.002443446973186515,0.0019381434836168183,0.0013662304861444458,0.0012919949464224427,-0.0012876941,0.0029667942,0.002568660411380497,0.0021794539824207104,-0.03485528,2.105051e-06,0.022426933,0.004773659900286913,0.004046407826512221,0.0031242456730025455,0.004415305378360832,0.0020262430290240996,0.00029085705
2025-04-24,0.000506950940001305,6.474141275809945e-05,-0.001725425708111309,-0.0023130967848583655,-0.001524618259268939,-0.0006921222546878386,-0.0017042127,0.0004934621,-0.0027013087515080194,-0.0009511688960194963,0.0005634412,-2.4710578e-05,0.022140983,-0.0014757661299865336,-0.0023651220899786043,-0.0013770549959878928,-0.0024193512472017974,-0.0010868308287898772,-0.00024895766
2025-04-25,0.0009289391301037231,6.474141275809945e-05,0.0037386037620642724,0.007498669888504106,0.0006462002417071847,0.0017238337523599117,-0.0011686643,-6.934255e-05,0.005022931407368761,0.0017951967521834173,-0.03740133,-4.9407536e-06,0.030022774,0.0021036364977889076,0.0029635889651268383,0.002530387885847795,0.0024900403738264713,0.0016861177323736446,-0.0006922742
2025-04-26,0.0,6.474141275809945e-05,8.953277453997501e-05,-0.0007734448188740023,-0.0003420792809801978,2.514155087853987e-05,-0.00057003635,-1.5972299e-05,-0.0015302289624528798,4.374366791405524e-05,-0.011205922,-4.759786e-06,0.025926847,-0.0003059025434735252,-0.002058944559304492,-5.708794890391054e-05,4.6390506412009875e-06,2.5528795090316614e-05,-0.0022101202
2025-04-27,0.0,6.474141275809945e-05,5.713888592068135e-05,-0.0006663214736487193,0.0019859316977100007,2.514155087853987e-05,0.00024171718,0.00013740256,-0.00043946380808932936,4.374366791405524e-05,-0.011884686,2.3131142e-06,0.019571375,0.0001235289097832034,-0.001040917803053201,7.451962865360955e-05,4.6390506412009875e-06,2.5528795090316614e-05,-0.0045481175
2025-04-28,0.0002483586346215816,6.474141275809945e-05,-0.00718587916408302,-0.013473005280878057,-0.0024794112900829936,-0.0019775499243943366,0.0037706373,0.00036882714,-0.007690003107266935,-0.003549961775940368,-0.008746936,1.6572681e-05,0.016586054,-0.004688451406442203,-0.007374851774729606,-0.005111287251699647,-0.007426749617786697,-0.0030103838360545578,0.0053238156
2025-04-29,0.005479165627145788,6.474141275809945e-05,0.0011216265290583973,0.0010040760683405576,0.00036003845690934865,0.0001539035672179159,-0.010200426,-0.0038669915,0.0016367339463059852,0.0005838988642096761,-0.0048737,-5.433918e-06,0.012352531,0.0008409885935647069,9.329443868578749e-05,0.0008441767709882802,-3.693084839756729e-05,-4.3371561770647336e-05,5.6429184e-05
2025-04-30,0.003708885018656849,6.474141275809945e-05,0.0015444504707897596,0.0068288949781034084,0.0018806490204508089,0.001049516572655223,0.003638361,-0.0004197104,0.002134319093380365,0.0019400941058655204,-0.046120603,-2.5944988e-05,0.010327439,0.0013692013684150886,0.0017638906144277736,0.0016222192572516595,0.0017117672880869728,0.001109520670342082,0.0024754056
2025-05-01,0.00022955084551212757,6.474141275809945e-05,0.005960479269527457,0.02371405948681375,0.0049439969408714415,0.0019168547155128813,-0.00037223686,-0.00036470464,0.005119268570885446,0.004053986023020589,-0.042463083,-4.737932e-05,0.011269459,0.009123781402120444,0.007988083719344218,0.006353364867331224,0.007242856644684297,0.0041064891609597365,0.0022419593
2025-05-02,0.011716175501365278,6.474141275809945e-05,-0.0002745702002914942,-0.0010891881206096564,0.0011802809637524467,0.001178841671436713,0.0009181497,0.00083476293,-0.0019009434941434883,0.0009918534015786308,0.020296216,-6.761731e-05,0.015625771,0.0005668198011238486,-0.0035188371907470114,0.0004385988534850858,0.00013907825863055995,0.0014872458979806294,0.002811266
2025-05-03,0.0,6.474141275809945e-05,5.344622349052381e-05,-0.0006529734390118879,-0.0002106406373919089,2.514155087853987e-05,0.0015505073,8.585898e-05,0.0005743341369288633,4.374366791405524e-05,0.005424163,-7.6552824e-05,0.017951507,-5.3749158986260256e-05,-0.0007897529461091737,1.4630069589672783e-05,4.6390506412009875e-06,2.5528795090316614e-05,-0.0054322644
2025-05-04,0.0,6.474141275809945e-05,3.180996101726346e-05,-0.0005707573788553732,6.380662512770067e-06,2.514155087853987e-05,0.0018020337,0.0005024808,-0.0005357549049770332,4.374366791405524e-05,-0.029468818,-8.107498e-05,0.012842494,-0.0005001173963691387,-0.00022846100346999624,-0.00014018517388149641,4.6390506412009875e-06,2.5528795090316614e-05,-0.0065919072
2025-05-05,0.0,6.474141275809945e-05,-0.004867465463732808,-0.005763990171767029,-0.0005046804458901135,-0.002557352404762419,0.00025794152,-0.00049814867,-0.003356441963455195,-0.0019435761522602934,-0.046503127,-8.441458e-05,0.01631726,-0.003151215415192817,-0.0033039859819491983,-0.0032958428188807386,-0.0013102141360082158,-0.0016040088159763651,-0.0048826416
2025-05-06,0.00012447143264293636,6.474141275809945e-05,0.0005717507670870984,0.011566286714337716,0.0014729887618788978,0.00011159814054693287,-0.0010421344,-0.0017366724,-0.0015616323529728676,5.5449152759219185e-05,-0.034625486,-7.104335e-05,0.016031574,0.0020691057575372637,-0.001255701805758185,0.0008902462133884723,-0.0005244650684490483,0.0003663549029335806,0.0013527296
2025-05-07,-0.004430398887108056,6.474141275809945e-05,0.003402381220545406,0.007308731938441716,0.00181939950832696,0.002357641368244075,0.001661215,0.0044010896,0.0005433119532998877,0.0022452313939004226,0.00907412,-8.83333e-05,0.015073412,0.003485614160337054,0.002030893017101284,0.003032804423571369,0.0037399470017444717,0.004040100509801649,0.0014655277
2025-05-08,-0.00323857124330984,6.474141275809945e-05,0.00629286383251101,0.01220372034656464,0.002389398672403279,0.0027006876480089956,-6.518423e-05,0.00025336188,0.004122902886504236,0.0021675352331352463,0.0077043236,-9.0816495e-05,0.0073828856,0.00639712277088895,0.004466041570880487,0.004911577190267818,0.004490785477484029,0.0015183844790871968,-0.00022868579
2025-05-09,0.002718127059253561,6.474141275809945e-05,-0.00036297673594843776,0.0005681715398399125,-0.0012602498578498246,-0.0008631065515636209,-0.0017387557,-0.0005023901,-0.0027530041645432903,-0.0007635291356741357,0.013918353,-0.00011149884,0.006916764,4.843405195892828e-05,-0.002691354240418857,-0.00036425055871119275,-0.00019638301091620528,-0.00046172610239620315,-0.00032653532
2025-05-10,0.0,6.474141275809945e-05,0.00015561993801938256,-0.000924569719429333,6.656948614099478e-05,2.514155087853987e-05,-0.0025318083,-0.00060030207,-0.0014227840912408043,4.374366791405524e-05,-0.04155157,-9.990009e-05,0.0070413845,0.00045175787441395336,-0.000602589029455954,0.00021525867291587842,4.6390506412009875e-06,2.5528795090316614e-05,-0.00070331444
2025-05-11,0.0,6.474141275809945e-05,6.773754019669917e-05,-0.0007034076872675906,0.0037521694544049742,2.514155087853987e-05,-0.0018031473,-0.0006523911,-0.004793032993123346,4.374366791405524e-05,-0.017189752,-8.1616425e-05,0.0052820155,-0.00017856787503401037,-0.003646029958083255,-2.203473391713659e-05,4.6390506412009875e-06,2.5528795090316614e-05,-0.0023371694
2025-05-12,0.005865712816196744,6.474141275809945e-05,0.008010234182112587,0.006639117384754677,0.009449132815964791,0.004430481402638687,-6.4289925e-05,-0.0007511782,0.007509888456285282,0.004120650608435009,0.054380577,-0.000105460465,0.00812333,0.009685545483096341,0.008041210708490216,0.007229940201414785,0.015799595413360814,0.0062006214606265524,-0.0004914864
2025-05-13,-0.00023939625658619956,6.474141275809945e-05,5.435995657632652e-05,-0.008109382777429095,-0.0005452740474931897,-0.0007016621081831418,-0.0053775776,3.8315076e-05,-0.0007062369038249523,-0.0010273626354351567,0.04047307,-0.00011470489,0.004425836,7.722477318006762e-05,-0.0011448523583672478,-0.0003093148676559063,0.0003263027613211279,-0.0010483095701567314,-0.0008975348
2025-05-14,-0.002081851278403102,6.474141275809945e-05,-0.003045783464964399,0.0003898893502033403,-0.0015835235621268315,-0.001637645369466045,-0.00035294789,-0.00082779437,-0.0028453383958726005,0.0007294467384581487,-0.016951645,-9.222477e-05,0.003739993,-0.004015566120953026,-0.00411333085771397,-0.002071175015919504,-0.0004959872491903301,-0.0009354845415115771,0.00026900752
2025-05-15,0.005677337591919018,6.474141275809945e-05,-0.004916778837911556,0.0011505953117002627,-0.0016570952396192733,-0.0009371125625342946,-0.0026071244,-0.00082916196,-0.008216880401277127,-0.002957394828793558,0.0012619871,-0.00010190945,0.001510878,-0.005449812562766243,-0.0064076076377780735,-0.004420780928658281,-0.0038603692083969293,-0.0017148769964502816,-0.0006646352
2025-05-16,0.005885044158100428,6.474141275809945e-05,0.000544769268944392,0.0010145774245239629,0.0006488951846798122,0.0005663288339303834,-0.000359986,-0.00091250206,0.0006161481894804308,0.0015837126554907625,0.006157843,-8.628078e-05,0.0022713216,0.0008111225929014099,0.0012410090393085908,0.0009895059914492887,0.0017129242188643036,0.000702384817224271,0.0006657658
2025-05-17,0.0,6.474141275809945e-05,7.835763274888322e-05,-0.0007386307316198703,6.380662512770067e-06,2.514155087853987e-05,-0.0002922842,-0.0007549636,0.0001756267411910971,4.374366791405524e-05,-0.010944802,-7.757632e-05,0.0057906313,-0.0004829335555592096,-0.00023367968578720107,-0.00011933321445610492,4.6390506412009875e-06,2.5528795090316614e-05,-0.00058212434
2025-05-18,0.0,6.474141275809945e-05,0.00021083917897084026,-0.0009678575588336078,0.00069465105678067,2.514155087853987e-05,7.7427336e-05,-0.00075591536,-0.0013530692318910954,4.374366791405524e-05,-0.0044338177,-7.8447774e-05,0.004785086,0.0004377762295150642,-0.0013907104323443006,0.00022861837192943987,4.6390506412009875e-06,2.5528795090316614e-05,-0.000663719
2025-05-19,0.0016984165000875073,6.474141275809945e-05,-8.564097762429113e-05,0.00699329598054317,-0.0008900176767407361,-0.0006903813277974292,-0.0014834148,-0.0012562918,-0.0027536459538118306,-0.0003818315567479737,-0.0072547193,-8.137812e-05,0.008833478,-0.00014251413188194547,-0.0038889088807693302,-0.00020612017698299316,-0.0005429489053812596,-0.0001835466908792284,0.0025338167
2025-05-20,0.009404194125741228,6.474141275809945e-05,0.0005552419357160897,-0.000701041294393895,0.00026606818089343283,7.017493157707775e-05,-0.001387028,-0.0014038678,-0.0003801317732274802,6.900310126203847e-05,-0.015902413,-5.7562487e-05,0.011013468,0.0012267915916875007,-0.0011195736581857828,0.0006106778892554523,7.227202422390813e-06,-1.8821366608067107e-05,0.000289966
2025-05-21,0.0006081228818188844,6.474141275809945e-05,-0.002351594698217742,0.0003255093892661513,-9.936220468188173e-05,-0.00034246884105902274,8.332214e-05,-0.0007391634,-0.003141113627967468,-4.551942641492509e-06,-0.024514282,-4.7484034e-05,0.011074741,-0.0016248143396750167,-0.0022135393934525514,-0.0013055009858211316,-0.0007412826000409329,-9.759957519754004e-05,-0.005024266
2025-05-22,-0.005371901767036835,6.474141275809945e-05,0.0015452374158604904,0.0012792383669156136,-0.00358266972575122,0.00025784450688216067,-0.0024873908,0.0011471544,-0.0008037073268099,-0.0003114361385559681,0.013170179,0.0005510367,0.008745515,0.0007904791967006503,-0.0015425501879753236,0.0006581751212830295,0.0008358416346719974,0.0002992166506251506,-8.057954e-05
2025-05-23,-0.0024361330364356393,6.474141275809945e-05,-0.0012468447766091338,-0.0001967464455206033,0.00016021689093819995,0.0004323374102935151,0.00026098816,-0.00063975196,-0.0036024228683831337,0.0013809906940950565,0.0130294645,8.775623e-05,0.0040785307,3.5053954286405706e-05,-0.0027913434231104078,7.938414997556598e-05,-0.00012071337246941787,0.0002368771163274276,0.00088263804
2025-05-24,0.0,6.474141275809945e-05,0.00010650688774323279,-0.0008215714046480001,6.380662512770067e-06,2.514155087853987e-05,-0.0001890435,-0.0018506165,-0.00305833543363848,4.374366791405524e-05,-0.009126637,0.0003011302,0.011254779,-0.0005030904614407927,-0.0022852139377839086,-0.00011683611136859178,4.6390506412009875e-06,2.5528795090316614e-05,0.00025774015
2025-05-25,0.0,6.474141275809945e-05,7.615439125338641e-05,0.00045660265398671674,0.0008584813788989447,0.00021415558551770376,-0.0007717095,-0.0014608578,-0.00225181300709738,-3.6257841909319084e-05,-0.015247233,0.00015834285,0.011347693,0.0002543607628980173,-0.002711085836288734,9.656878385239895e-05,0.001208942961961964,0.0005645782659319151,0.0025736508
2025-05-26,0.0,6.474141275809945e-05,-6.682600625332719e-05,0.001060754120639264,-0.00022965686446822518,-0.00044944824746203483,-0.0009282762,-0.0010156498,-0.005890000672042049,-7.989222519327882e-05,-0.011915442,-2.7297647e-05,0.009212096,-0.0007492751856363201,-0.004069140723000417,-0.0002972302162180095,-0.00027188739616977966,-7.049547586650197e-06,0.0012065837
2025-05-27,0.0068915125883664,6.474141275809945e-05,0.0018958844118555165,0.009255051562623632,0.0003981560047464908,0.0007641068600920014,-0.0012912834,0.0015700258,-0.0009461274167852788,0.0016915750026040945,0.026369937,-2.289025e-05,0.009402913,0.0013086095398733239,-0.0003886365728007921,0.001631352867271981,0.002918920668462576,0.0015714959619777301,-6.34687e-05
2025-05-28,-0.005928423738757349,6.474141275809945e-05,0.0009547988663296679,0.002035048053544537,0.0019119875021989172,0.0006753627736437973,-0.0013668685,-0.00096005714,-0.0020903474531090444,0.0014928246576686659,0.06996965,-2.667628e-05,0.009553636,0.0009480460318788467,-0.0009803040055502525,0.0011372122809282647,0.002119573054695635,0.0008297261600346182,0.00150148
2025-05-29,-0.0010955751827008697,6.474141275809945e-05,-0.00138093692100062,0.003800380214493123,-0.0006027856777220321,-0.0005472325561803196,-0.001596699,-0.000628882,-0.00696956168047221,-0.0013206146054577975,0.03405498,-3.2604876e-05,0.01293368,-0.0020551509323877113,-0.007563664571285479,-0.0015834282051559803,-0.002565405364363714,-0.0005456469553884527,-0.00076347496
2025-05-30,0.006416603089560269,6.474141275809945e-05,-0.00017436555451704584,-0.0040663164619880255,-0.00032890967680645035,0.0009480711297805558,0.00019267105,-0.0006316077,-0.001262381842325346,0.00021437919584167887,0.009273952,-2.9691582e-05,0.011817812,-0.00016259325859862908,-0.001494398900103546,-3.705234854488383e-05,0.001220071262733729,0.0015094523841141588,0.0006509482
2025-05-31,0.0,6.474141275809945e-05,0.00011283568449893527,-0.000837961503081971,6.380662512770067e-06,2.514155087853987e-05,0.0002703826,-0.0009221659,-0.0011094540803026666,4.374366791405524e-05,-0.0024437043,-4.054021e-05,0.014625565,0.0005403541584499446,-0.0006211655396897248,0.00023065043881736346,4.6390506412009875e-06,2.5528795090316614e-05,-0.00036865834
2025-06-01,0.0,6.474141275809945e-05,0.00012732013526402784,-0.0008721181963515104,0.0001520048486968974,2.514155087853987e-05,0.0010564853,-0.0012496352,-0.003920565099265647,-0.0008638090228974687,0.01995951,-3.7183083e-05,0.009470823,0.0011598505894887296,-0.004354904132389506,0.00012897930543196877,4.6390506412009875e-06,2.5528795090316614e-05,-0.00067525846
2025-06-02,0.00021430900166219402,6.474141275809945e-05,0.0002632363331136159,0.017667160129440234,-0.001220925764246756,-0.0005142300905152656,0.00090430654,-0.0005213896,-0.00298617604211608,-0.0008215587619410339,0.019094266,-1.9103347e-05,0.0130756525,0.0010819583806976369,-0.0011540723561781268,0.00016196988088068966,-0.0028827039186599583,0.0004875333747118838,9.379e-06
2025-06-03,0.0014542536920492122,6.474141275809945e-05,0.004581759281821988,0.004669261148251991,0.0019783820607160068,0.0015297977617493477,-0.004087651,0.0008781216,0.003531325416555828,0.001128144232896602,0.033549413,-1.2751552e-05,0.017890694,0.005185900642322042,0.002532212233761111,0.003596485284995714,0.003298974636562502,0.0013586869946612613,-0.00068572327
2025-06-04,0.001623986288866952,6.474141275809945e-05,-0.0029018707854605356,-0.0010839165144797243,-0.0014997189401552184,-0.0012270900100412802,0.00037724953,-0.000439557,-0.0029422321767429943,0.0001471779446875107,0.00240914,-3.0780124e-05,0.022589697,-0.002231434603704114,-0.002389897419699545,-0.0016335029941779988,-0.001241616869256381,-0.0011878912509135646,-0.0015606271
2025-06-05,0.0011077921531956747,6.474141275809945e-05,0.0024760175351240107,0.002383426682747129,0.0007157566996586223,0.0007058791918323096,-0.0009604698,-0.0005924821,0.0021297666674634464,0.0007760723339343867,-0.03498385,-2.6738446e-05,0.029336369,0.0010800946707224908,0.0006540388087591789,0.0014304909854669307,0.0019272468385814238,0.0006546925535211481,-0.00077895913
2025-06-06,0.003049583250104293,6.474141275809945e-05,0.005362673909755051,0.0036581366367578238,0.0021547556615036842,0.0013229264837447466,0.00013987711,-0.0005642185,0.004848062962287867,0.0019564786237016483,-0.037538342,-3.2513344e-05,0.027986037,0.003968597935971478,0.004463415429093355,0.003732178676337459,0.0020931260323130392,0.0013892422248830527,-0.0013750537
2025-06-07,0.0,6.474141275809945e-05,0.00013504073151522064,-0.0008883470987735747,0.0009437376380290453,2.514155087853987e-05,-2.7532602e-05,-0.0003928261,-0.00318789586490936,4.374366791405524e-05,-0.015091998,-4.142124e-05,0.034924172,-0.0008890231938433048,-0.0021081339652626583,-0.0002353011967875515,4.6390506412009875e-06,2.5528795090316614e-05,0.0011485625
2025-06-08,0.0,6.474141275809945e-05,9.731850411538831e-05,-0.0007962550456028237,6.656948614099478e-05,2.514155087853987e-05,0.00058641704,1.9395957e-06,0.0007542813659000712,4.374366791405524e-05,-0.003830548,-4.9299997e-05,0.02496568,-0.00029327849044095413,0.00026825504165276903,-5.037256676475546e-05,4.6390506412009875e-06,2.5528795090316614e-05,0.0012097576
2025-06-09,-0.0006370284377187341,6.474141275809945e-05,-0.00045874660956539957,-0.000221157752634254,-0.00043416811103215013,-0.0004616375508250827,5.609778e-05,-0.0004853778,-0.0010994868810144337,-0.00037332516077185913,-0.017109547,-7.2250434e-05,0.026627883,-0.0002869032431680595,-0.0010149965984191972,-0.0003725426981174699,-0.0005680263560618751,-0.0007115728506091758,-0.00075305754
2025-06-10,0.0023549978035115604,6.474141275809945e-05,0.001071985434809688,0.0037481628899343642,0.0023401092880396836,0.0017758239557919447,-9.170122e-05,-0.0004908178,-0.0008361621892881358,0.0013551738362079329,0.034930848,-6.0988066e-05,0.018733414,0.0036537447687880493,-0.00035505758019306805,0.0020238478419584054,0.0026672556052328763,0.0019060846029724603,-0.0001853435
2025-06-11,0.0012730032937688929,6.474141275809945e-05,0.0019150531931418889,-0.0026696178606138163,-0.0012910976758610886,-8.700601112590196e-06,-0.00013560816,-0.00051788124,-0.0001225692431789129,0.00041910859249843764,0.038530804,-6.710738e-05,0.01916793,-7.470018096533378e-05,0.0009507114009922643,0.0007429557138124292,-0.0038717725356787434,-0.0003041883349924029,-8.492416e-05
2025-06-12,0.002320531116212665,6.474141275809945e-05,-0.001775329955783902,0.003729865509961217,-8.75876521719641e-05,3.1249562735750844e-06,0.0010440535,-0.00044034293,-0.0029573573263714814,0.0003969882765908441,0.029571854,-3.4715253e-05,0.021425012,-0.001590706501245528,-0.0024785109084423246,-0.0009686783601109228,-0.0009581598668290671,0.00020715592340375541,0.0023779487
2025-06-13,-0.0038593481989709355,6.474141275809945e-05,0.006377728013847172,-0.009134895094946898,0.002679016773308768,0.002123713035019579,-0.0018962838,-0.0005789267,0.0017860930792409821,0.003184543255280903,0.006330984,-3.3191434e-05,0.017876375,0.004120685984212324,0.0027514278535990615,0.004534658633268303,0.0007885435196294377,0.0014600996897614156,-0.00076245447
2025-06-14,0.0,6.474141275809945e-05,6.870736505414105e-05,-0.0007067069305039713,0.000651083238636573,2.514155087853987e-05,-0.006830886,-0.0008234207,-0.00014202132616531005,4.374366791405524e-05,0.0071664513,-3.1011616e-05,0.018927552,-0.00039938787909957543,-4.161124942440288e-06,-9.481968726364575e-05,4.6390506412009875e-06,2.5528795090316614e-05,-0.001734438
2025-06-15,0.0,6.474141275809945e-05,9.71508480073097e-05,-0.0007957767820483347,3.225357156741448e-05,2.514155087853987e-05,-0.0044513745,-0.0006912333,6.131306693531568e-05,4.374366791405524e-05,0.03816185,-3.862803e-05,0.021123545,-6.358215018086595e-05,-0.0008033819376473026,2.56121487458251e-05,4.6390506412009875e-06,2.5528795090316614e-05,0.0004952211
2025-06-16,0.002778333293788071,6.474141275809945e-05,0.002185599507364395,0.002515727185504458,0.0012046365413642785,0.00022183762145964976,-0.0041523823,-0.0008393609,0.0002820616044938943,0.0012427448248198659,0.009479562,-3.8142054e-05,0.015083161,0.0020311469523301,-0.00029600105849072144,0.0018108840990571475,0.0013726799507174472,0.0006872708961981149,-0.0010869288
2025-06-17,-0.004641011715765808,6.474141275809945e-05,0.0022040202794870005,0.01178435985554439,0.0014779484059714014,0.0005156600476686503,-0.0026091465,-0.00026885304,0.0010853434243535214,0.003484084338758873,0.0027100234,-4.0617277e-05,0.01857201,0.0018016790417245783,0.0020428372089815075,0.00251014236434175,0.0027496457331423812,-0.0003473412911104498,0.0003058791
2025-06-18,0.0010685949674156259,6.474141275809945e-05,-0.0006346200427582589,-0.0006109200068980291,-0.00012615920410671006,3.2823586820485854e-05,-0.004885712,-0.000428894,-0.002678152136939704,-9.76411168813523e-05,0.055914477,-2.764081e-05,0.017578624,-0.000588418442021794,-0.0012556418533402954,-0.00043503572219404877,0.00011613603511856443,0.00011564308267954973,0.00029963767
2025-06-19,-0.005842729154958426,6.474141275809945e-05,-0.0010591320354228209,0.0008904818188087017,-0.001924247759110116,-0.0009987577316425721,-0.0041034725,-0.0007006124,-0.002228631970828317,-0.001171401139000167,0.0012937993,-2.217386e-05,0.016985534,-0.00237850705166859,-0.003047184647013613,-0.0015344321322983137,-0.002057748311150475,-0.001038338367872213,-0.0012485065
2025-06-20,-0.001950681316681413,6.474141275809945e-05,0.00019663603889019904,0.0020918961894164497,0.00038631915463537545,0.0009491947433392526,0.0007887443,-0.0004663975,-2.005048913998611e-05,0.00036851846416350437,0.009604847,-2.2241584e-05,0.013391436,0.0006903829506473363,0.000490818578210518,0.000419076974028216,0.0007025325866466396,-9.626186305465932e-05,-0.00010879629
2025-06-21,0.0,6.474141275809945e-05,5.020069432698049e-05,-0.0006410679157003449,0.0021710225049554805,2.514155087853987e-05,0.00015187272,-0.00072120427,-0.003994615667417316,4.374366791405524e-05,0.001977623,-1.4604215e-05,0.01564071,-0.00034781735537214463,-0.0030618680359689667,-8.3776368047367e-05,4.6390506412009875e-06,2.5528795090316614e-05,-4.6648784e-06
2025-06-22,0.0,6.474141275809945e-05,5.131501904434758e-05,-0.0006451736020004943,6.380662512770067e-06,2.514155087853987e-05,-0.0040398315,-0.0007530438,-0.0020273868954053453,4.374366791405524e-05,0.007416166,-2.3305067e-05,0.014742679,-8.211896417709881e-05,-0.001576561270245907,4.54418715512905e-06,4.6390506412009875e-06,2.5528795090316614e-05,-0.0013358226
2025-06-23,-0.0018929529952760316,6.474141275809945e-05,-0.004587890401951277,-0.01668993363445249,-0.0029860544138584117,-0.001442166060178095,-0.00040004196,-0.00073062116,-0.006327686202663197,-0.0014700320936986266,0.0022319485,-4.9653638e-05,0.018177103,-0.003146812019427158,-0.006871723334782488,-0.0030407917722348196,-0.002327295185518947,-0.0019252506191997907,-0.00059066934
2025-06-24,0.00010847175852113367,6.474141275809945e-05,-0.006790544700804611,-0.013628794429004578,-0.002328012545939687,-0.002354680547712295,-0.0003596937,-0.0005446011,-0.008227372349121772,-0.0019650342587686355,-0.003536766,-2.5894144e-05,0.012548395,-0.004675466898439671,-0.007331382388339516,-0.004434262119254816,-0.004830690530492328,-0.0013551152060984673,0.0029298612
2025-06-25,-0.004594136995247133,6.474141275809945e-05,0.0013127929690877906,-0.0017621037286706595,-0.0007828956172613324,-0.0007595531011522224,0.0021326668,0.005467977,0.0001268393370409573,-0.0008661005500674387,0.028785001,-2.5213347e-05,0.010456883,-0.0007914542532169394,-0.0005856128342528683,-0.0001315929694454262,-0.0006710634355325202,-0.0006753498933864476,0.004164633
2025-06-26,0.00193261648745513,6.474141275809945e-05,-0.0005857908576328759,-0.0007436339241294341,8.114266845559104e-05,-0.00012510038495181771,0.0011151076,6.806245e-05,-0.002408663680367685,0.00018012372360170955,-0.0021588607,-2.1155167e-05,0.010719649,-0.0012614903051269383,-0.0017577763592207215,-0.0005466166643087316,-0.0003114949145209816,-3.7399475063109455e-05,0.0040948982
2025-06-27,0.007247355648152265,6.474141275809945e-05,0.0003277805082699286,-0.002151835806888716,0.0005430027340672536,0.0006933034134495784,-2.4883455e-05,-0.000907658,-0.0010802252587153584,0.0005923079011164193,-0.014100161,-1.4864781e-05,0.008631733,0.0013961337047828973,-0.0012893027944317057,0.0007722362300339371,0.0008950001575384825,0.0009189235600860154,0.00370052
2025-06-28,0.0,6.474141275809945e-05,0.0001001143035227656,-0.0008041451128267376,-0.00016861353534211918,2.514155087853987e-05,0.0012582978,-0.0006837507,-0.001441709897444954,4.374366791405524e-05,-0.0006413233,-9.848183e-06,0.011033946,0.0002846984548689091,-0.001818972812725672,0.0001418733283408617,4.6390506412009875e-06,2.5528795090316614e-05,0.0040769037
2025-06-29,0.0,6.474141275809945e-05,0.00012707162516450011,-0.0008715725927135017,-3.0694390458416855e-05,2.514155087853987e-05,0.0005840069,-0.00071102503,-0.002020707502243864,4.374366791405524e-05,-0.0034002136,3.9868173e-06,0.009996769,-0.0006922605147049311,-0.0014965281551696417,-0.00017276033513079477,4.6390506412009875e-06,2.5528795090316614e-05,0.0018826417
2025-06-30,-0.004313034228103363,6.474141275809945e-05,0.00034130050630535116,0.002975094795517638,0.0030727497416349905,0.0017708131546716717,6.79878e-05,-0.0018170831,-0.0007001555674284447,0.0012847212424175304,-0.007647672,-2.4049892e-05,0.010518762,0.0014656779238140976,-0.0008024737757074993,0.0010372968735613206,0.0025434761433998352,0.0018525147263405177,0.0004901859
2025-07-01,0.002781658631017647,6.474141275809945e-05,-0.0019612784721660314,0.0008971874459239434,-0.002330889203653024,-0.0014325586830303378,0.0008711945,-0.0011162822,-0.002744843203931843,-0.001218792595294599,-0.0053288336,-2.4294364e-05,0.008452228,-0.002524987065596437,-0.0036241311654466343,-0.0018930711707415599,-0.002713194972357415,-0.0015916373082921777,0.0020987554
2025-07-02,-0.0012111098843184953,6.474141275809945e-05,0.005186040132724682,0.003246415517820944,0.0032378298808329576,0.002436188079913518,-0.0005090366,-0.00020317442,0.003363225675313703,0.004197475469783904,-0.022000352,-3.7936115e-05,0.009978845,0.004327406966356193,0.003553426691263441,0.004562523234963094,0.0073510376476784755,0.004368155526098873,-0.0032416433
2025-07-03,0.0055284004335196535,6.474141275809945e-05,0.004829875021576055,-0.005934150300941606,0.0014132446306864327,0.0011304492823530309,-0.001118287,-0.0003700127,0.00432589062835013,0.0008924488547527509,-0.013096182,-3.825163e-05,0.01091133,0.0031517274550308576,0.0028609748902791478,0.0029230230198650144,0.0019169936019052926,0.0022327822660632903,0.0067738104
2025-07-04,-3.286789373480037e-05,6.474141275809945e-05,-0.0016294686808444178,-0.0004046758679664324,-0.00040789736026315546,-0.0003686466630466979,-0.0004724588,-0.00033135025,-0.0029557386727873175,-0.0015314142214214923,-0.04247416,-4.3163833e-05,0.008757026,-0.0010269788447592801,-0.0038551412103104248,-0.0013963667219873436,-0.0003972768763185282,-1.3221604390121237e-05,0.0013391059
2025-07-05,0.0,6.474141275809945e-05,9.85190414165149e-05,-0.0007996628753755295,0.0002586604470719488,2.514155087853987e-05,-0.00086059934,-0.0007028952,-0.0010098413318027216,4.374366791405524e-05,0.02250038,-2.7364877e-05,0.008962766,0.000657351765659394,-0.0017390228594197797,0.0002647178698406559,4.6390506412009875e-06,2.5528795090316614e-05,0.00058961764
2025-07-06,0.0,6.474141275809945e-05,0.00012494653744111024,-0.0008668484770834118,0.0002754278305840666,2.514155087853987e-05,-0.0010542551,-0.0009374127,-0.0012268557370347499,4.374366791405524e-05,-0.00605357,-2.0909909e-05,0.011591443,0.0001035463973552808,-0.001345291769747958,8.999358460966788e-05,4.6390506412009875e-06,2.5528795090316614e-05,0.00043772388
2025-07-07,-0.001856530328428918,6.474141275809945e-05,0.004032254944433163,0.004136171518657988,0.0013161054163249616,0.0011868254347214594,-0.0015800288,-0.0008143288,-0.0002876534800239658,0.0006235259710398728,-0.03658039,-3.7814898e-06,0.008129566,0.003212421657581657,-0.0011207603134094034,0.002590989092683249,0.0026997957136972225,0.000791822964978983,0.0004986534
2025-07-08,0.005410757699116475,6.474141275809945e-05,0.0027674292049470668,0.0010319003825692624,-0.0009962637726294386,0.0007492346142481464,-0.0006445537,-0.00045648223,0.004287883468918815,0.0010287855313407153,0.038230013,-1.5644677e-05,0.007941098,0.0019843726365899707,0.0026041482024096244,0.0019115064571876724,0.0013627747007873552,0.000917741058125958,0.00103934
2025-07-09,0.001450162522108167,6.474141275809945e-05,-0.0014331877182757445,-0.0009023612991026124,-0.00040593890042341487,-0.0002898919176985958,-0.00054379157,-0.00041858543,6.188740482311635e-05,-0.0007167666341700311,0.03216852,-3.0388648e-05,0.008255962,-0.0013022095749088687,-0.001988511000529033,-0.0011439547007992819,-0.00015029631418385454,-0.0001364597609296385,0.0008030934
2025-07-10,0.012252143335641508,6.474141275809945e-05,6.699372572831567e-05,-0.0004085071426682624,0.0013625414299532157,0.00068058990118464,-0.00041067778,-0.000444979,-0.00030756228362927766,0.00034758139553214866,0.020092633,-1.1687167e-05,0.006652697,0.00024201892683466212,-0.00025659428904408615,0.00022123144218427805,0.0009952283012111742,0.0009789970910932958,0.0001843432
2025-07-11,-0.003848184980268732,6.474141275809945e-05,0.005575929716425894,0.011887121278425932,0.0009997725069557431,0.0017011113764653532,-5.8307487e-05,-0.00050278427,0.003542609841501212,0.0022113911481744094,-0.020200841,-1.9900297e-05,0.0054219617,0.0042751029664935625,0.003134652606854969,0.003990600436666841,0.004917834470168001,0.003456391575837181,9.555754e-05
2025-07-12,0.0,6.474141275809945e-05,8.768930425067625e-05,-0.0007678671994319529,2.7718241850452013e-05,2.514155087853987e-05,0.003117535,-0.0008664058,-0.0012785487843802578,4.374366791405524e-05,-0.010643791,-1.9494182e-05,0.0069311885,0.0005505621241199377,-0.001178792382539443,0.00022583802682713441,4.6390506412009875e-06,2.5528795090316614e-05,0.003333943
2025-07-13,0.0,6.474141275809945e-05,0.00014300629592145194,-0.0009036000849543093,7.146906417940486e-05,2.514155087853987e-05,0.004826398,0.0015551519,-0.0002144511870104944,4.374366791405524e-05,-0.01038919,8.116738e-06,-0.0010610606,-0.00011903421665018774,-0.0012215229594724915,2.2193011530643555e-05,4.6390506412009875e-06,2.5528795090316614e-05,0.0060511944
2025-07-14,0.006368329694713681,6.474141275809945e-05,-0.0015140164212151604,0.001589318638950672,0.0023680070865220223,0.0006511631732905157,0.0014208646,-0.00020997657,-0.0025246067519906447,0.0008125521539693921,-0.0429531,-7.3513656e-06,0.00239746,0.0009715088126359655,-0.001311991819327294,0.00010727052820407311,0.001816731758503614,0.0011026476441461754,0.00016022916
2025-07-15,-0.006639208896139781,6.474141275809945e-05,0.0022516548480990255,0.005369763791846174,0.0007931697212977566,0.0007411880030375091,-6.441769e-05,-0.0013460045,0.0009587799834093224,0.0011208838421767756,0.001550645,3.30522e-05,0.0066016084,0.001809396369562648,0.0003225233430396827,0.0017171710090332166,0.0012179367718070878,0.0007037191880919717,4.755659e-05
2025-07-16,-0.0013168022626176556,6.474141275809945e-05,-8.164795433082969e-05,-0.0008066847621487567,-0.0006351999706749571,-0.0004633276643943943,-0.00092779286,2.2574444e-05,-0.003476230696391724,0.0005300697009054924,-0.0126323365,-3.4604163e-06,0.0103323115,-0.0007097146720155747,-0.0032167695509292458,-7.962522444032014e-05,-0.0002114083660112574,0.00015148985721162174,-0.00019465468
2025-07-17,0.005163248959564548,6.474141275809945e-05,0.0007849765807280713,2.5802886094414106e-05,0.00039782167579851033,-0.00012144919774601238,7.7530014e-05,-0.0005800554,0.0003346809229527255,-0.00014441263436644044,0.008199435,-3.384656e-05,0.013210493,-6.214225032611813e-05,-0.0006391950537854768,0.0001855802635331994,-0.0011326035715558298,-0.00046172610239620315,-0.00015111291
2025-07-18,0.002171044419479795,6.474141275809945e-05,0.001739385463029787,0.0017224541096635777,0.0009839974369085724,0.0009590700996160156,0.0003275588,-0.0006669516,0.00011667736703333765,-0.00026240922140090994,-0.03439919,2.6145106e-05,0.009894977,0.0009347363331408585,-0.0019292458686698407,0.0007860019879640338,0.0015192344557060236,0.0008886955523102714,0.00027828588
2025-07-19,0.0,6.474141275809945e-05,8.84473965430601e-05,-0.0007701689515697491,-3.469071668629485e-05,2.514155087853987e-05,0.00021100396,-0.0005814203,-0.0005350267987721336,-0.0006525828517975598,-0.016260082,-3.7663005e-05,0.0104004005,0.0001433625177125814,-0.0016015184479361174,-0.00014769277863611549,4.6390506412009875e-06,2.5528795090316614e-05,-0.0015089869
2025-07-20,0.0,6.474141275809945e-05,7.42798726525011e-05,-0.0007253448800578184,-0.00014753344962917866,2.514155087853987e-05,0.00041037562,-0.0006045626,0.0007101987312729014,4.374366791405524e-05,-0.006067853,-4.659631e-05,0.014006196,-0.000708555211427779,0.0001396504050678797,-0.000195352021819091,4.6390506412009875e-06,2.5528795090316614e-05,-0.0027001118
2025-07-21,0.0023209209841503764,6.474141275809945e-05,-0.0023961928593654236,0.0005775132796760254,-0.0021055732858036406,-0.0010798078710044872,-0.00019499208,-0.0006112215,-0.003187857659083867,-0.0005378416542702119,-0.0018816438,-3.6862795e-05,0.015596657,-2.1468998073593507e-05,-0.0014305195980517525,-0.000972276756453955,-0.0019855718702218874,-0.0006084908431593397,-0.0010354439
2025-07-22,0.0012004895156878526,6.474141275809945e-05,-0.0009570490225614315,0.0015443794885865057,0.0007250287299681669,9.360261671665186e-05,0.0027283118,-0.0023824596,-0.002016601078557959,-6.324368849560155e-05,-0.030538533,-4.9160386e-05,0.018899376,-0.0011990595215086728,-0.0032221540506127354,-0.0007304134678965576,0.00033887134942639925,0.0007134312826806914,0.0010993135
2025-07-23,0.004175619832421207,6.474141275809945e-05,-0.00037990272024830235,-0.00021606303124699616,-0.0013214044486849596,-0.0006849299070853814,-0.00012644593,0.0027616173,0.0005995839804116443,-0.0005320502742607396,-0.06808289,-1.9306637e-05,0.018533453,-0.0018549461103331774,-0.0014056837583776758,-0.0009204218878985696,-0.0007340253703642821,-0.0010015401144105305,-0.0013553343
2025-07-24,0.008484255900519821,6.474141275809945e-05,0.001709473656627349,0.0023306344979095337,0.0008183320423359806,0.0005650862526592416,-0.00019253654,-0.0005843373,0.001975005414648621,0.0003939884288692392,-0.01580824,-3.2624957e-05,0.012916513,0.0011504735658203126,0.0009691573197845255,0.0010729499559377562,0.0016958711105581287,0.0010460907604483475,-0.0005250849
2025-07-25,-0.0019762824223577002,6.474141275809945e-05,5.439435893898053e-05,0.002472080454493119,-5.547404965041908e-05,0.0015067457165115611,-0.00036044003,-0.0007183935,-0.0012178718192033104,0.0015746974551570526,-0.0009268109,-4.959511e-05,0.017294077,0.0012856058570598365,3.8181910994006854e-05,0.0009837417386855626,0.0022305597723498325,0.0008105665400818767,0.00058593776
2025-07-26,0.0,6.474141275809945e-05,0.00010010700296621714,-0.0008041247205872121,-0.0002202793121907407,2.514155087853987e-05,0.00025179292,-0.0005688076,0.001901584948644007,4.374366791405524e-05,-0.002618454,-5.244132e-05,0.015749086,-0.0004476177305447534,0.0003188682374536526,-0.00010055708719466613,4.6390506412009875e-06,2.5528795090316614e-05,0.0011129322
2025-07-27,0.0,6.474141275809945e-05,0.00013691293162370732,-0.0008920695821288691,0.000219307386903311,2.514155087853987e-05,-0.00038201959,-0.0004555703,-3.3024919755147736e-06,4.374366791405524e-05,-0.022836402,-5.831683e-05,0.022016346,0.00013222898000645679,-0.0011233812574508617,0.00010338692166844923,4.6390506412009875e-06,2.5528795090316614e-05,0.0010442899
2025-07-28,-0.0042619165357317135,6.474141275809945e-05,0.0015912866677429774,-0.0021318532070932605,0.002540559155936273,0.002352508645456406,0.0004794041,-0.0007129273,0.0007293402654686215,0.002032494507774654,-0.030821562,-5.0717703e-05,0.020413557,0.0028551967679755724,0.0026143617649280033,0.0021611163216807183,0.0030548850844493687,0.002170027125226482,0.0008122581
2025-07-29,0.006043094487217848,6.474141275809945e-05,0.0013238038382689691,0.001561501006187886,0.0011398074276275504,0.0011043499805783574,-0.0009755398,-0.0007965017,0.0028466042241599783,0.001336119501383092,-0.007292313,-6.1499595e-05,0.020379376,0.0005065907402604275,0.0023060327299290278,0.0010574979849247849,0.002288891004446462,0.000791822964978983,-0.0015911978
2025-07-30,6.786102062994459e-05,6.474141275809945e-05,0.0024463859248080844,0.005474378935116895,0.0009486428291082305,0.0014773199588310863,-0.0031521493,-0.0009119349,0.0006186898964167215,0.002603926456823032,-0.017035425,-7.883881e-05,0.025166351,0.0024425021042687807,0.0007982475403923787,0.002499167667755681,0.002316508026597205,0.0019282980096861216,-0.004531209
2025-07-31,-0.0004520112860543213,6.474141275809945e-05,0.002443041305946174,0.005344984482916177,0.0003305377948949134,0.00032975481364407727,-0.0044934754,-0.0012589185,0.0004461494770029457,-0.0004827121116028905,-0.026934836,-8.001094e-05,0.029045176,0.001694440328935722,-0.0005654451247870822,0.0011911122119755784,0.0008614899736075805,0.0003237843346577035,-0.0044587892
2025-08-01,-0.0070328847309863995,6.474141275809945e-05,-0.010262945358786711,-0.01521238094432954,-0.003916279457099818,-0.007162461278794325,-0.001556476,-0.00072910346,-0.008393597686472833,-0.006808964866692845,-0.023320094,-8.752616e-05,0.035210516,-0.009655956269524472,-0.007776778881614407,-0.008876609866806497,-0.007025759335971306,-0.007640760463361937,-0.00040964107
2025-08-02,0.0,6.474141275809945e-05,6.67607597077833e-05,-0.0007000684235851521,0.00069465105678067,2.514155087853987e-05,-0.00093595777,-0.00070561096,-0.001603387045985975,4.374366791405524e-05,-0.009806288,-6.228994e-05,0.03664108,-6.06625807308087e-05,-0.0007499084274284689,1.667877470981702e-05,4.6390506412009875e-06,2.5528795090316614e-05,-0.0008518173
2025-08-03,0.0,6.474141275809945e-05,0.00014506129667115995,-0.0009072850055063435,6.380662512770067e-06,2.514155087853987e-05,-2.5576475e-05,-0.0009535287,-0.00030743563996948246,4.374366791405524e-05,-0.01307784,-8.203936e-05,0.0376201,-0.00022902114738441784,-0.0002408101960304767,-1.3547938367005983e-05,4.6390506412009875e-06,2.5528795090316614e-05,-0.00025170075
2025-08-04,0.006585374998070215,6.474141275809945e-05,-0.0007484196534284982,-0.004577379237912839,-0.00020058286022485417,-0.00017392661308195638,-0.0011748171,-0.0009225665,-0.0003546432959801737,-0.0003614917311146971,0.020933438,-7.661589e-05,0.038599998,-0.0006529039737586198,-0.0010293555112894938,-0.0005840073291284924,-0.001247048687678162,-0.000158180175634886,0.000105983985
2025-08-05,0.0015807981770976642,6.474141275809945e-05,0.002491054127650653,-0.002958398955527331,-0.000262234224978731,-0.00013457437651719667,-0.0006786125,-0.0010605261,-0.00033845400655219647,-0.0013281614798782114,0.008902252,-7.970433e-05,0.034816522,-0.0012366706301988313,-0.0005203753716717918,-5.372622795773871e-05,-0.000583060751096769,-0.00026341271322283575,-0.0012730361
2025-08-06,0.0023603453235521155,6.474141275809945e-05,-0.00014833077461385994,0.0007858377106111031,0.001341929352986012,-3.2254357753394346e-05,-0.0001443846,-0.0006021387,-0.002183598835656406,-0.001037062630610694,-0.0048361807,-0.00010303635,0.037219614,9.371520965268011e-07,-0.002803670049721476,-0.0004039268917636276,-0.0007150003807257324,-0.00026341271322283575,6.393663e-05
2025-08-07,-0.006933418882599907,6.474141275809945e-05,-0.0016604000865047277,-0.002579017179026916,-0.0011050848245273753,-0.0014778551039415278,0.0009803539,6.533973e-05,-0.0023068656078993667,-0.001471201278544109,0.014823806,-8.419409e-05,0.038456425,-0.0013484015177489502,-0.002906184326313757,-0.0014921827085145481,-0.003505865263713095,-0.0015339331148008298,-0.0005287522
2025-08-08,-0.0005537992939059766,6.474141275809945e-05,0.002536994807917389,-0.0008155272721414837,-3.764259287011139e-05,7.785696751902373e-05,0.0009703534,-0.0014722052,-0.00028618360433150386,0.00012008921710910605,-0.004148697,-0.000100935926,0.0411739,-0.0007601777618746648,-0.0008964121230179881,0.000616014409080477,-0.00028162163331476464,7.129292098116603e-05,-0.00091603445
2025-08-09,0.0,6.474141275809945e-05,8.490289191002149e-05,-0.0007593110377753726,6.380662512770067e-06,2.514155087853987e-05,-0.00020677669,-0.0010781749,2.7195850634506206e-05,4.374366791405524e-05,-0.02424507,-9.932634e-05,0.035804108,-5.434659746415175e-05,-0.0009584791122376545,2.4679617672624103e-05,4.6390506412009875e-06,2.5528795090316614e-05,-0.001854234
2025-08-10,0.0,6.474141275809945e-05,0.00017913591603161766,-0.0009528645981196427,-0.00012514276686158385,2.514155087853987e-05,0.00022511723,3.236567e-05,-0.001219700395529228,4.374366791405524e-05,0.022134317,-0.00010198908,0.028629819,8.95553567286358e-05,-0.0010816401749630738,0.00010301468522242379,4.6390506412009875e-06,2.5528795090316614e-05,0.0005672056
2025-08-11,0.003735818895239884,6.474141275809945e-05,-0.0019829382697559013,-0.003914880603963139,0.00037731910803608245,0.0005025891066906468,-0.00072425755,-0.0005476207,-0.003132916788212454,0.0011841376143102715,0.01420733,-0.00010948483,0.023579193,-0.0007292383525833014,-0.0021051204595146722,-0.0004809786119195145,0.00166148932791406,0.0012327539497807593,-0.00067417836
2025-08-12,0.0019825383281615316,6.474141275809945e-05,-0.0012097752708690413,0.0005928149628379314,-0.0014029344481478396,-0.0014432120356020536,-0.0015284186,-0.00063340674,-0.0010227396238416653,-0.00100326319138064,0.05132703,-0.00011338154,0.021958528,-0.0011928609314515643,-0.0027752924639928888,-0.0011333015526165846,-0.0013609678549829649,-0.0013457169895707702,0.0026552207
2025-08-13,0.001904280915322909,6.474141275809945e-05,-0.002706859809296992,-0.001054474865135103,-0.0006929136073793754,-0.0010712763078139765,-4.242049e-05,2.5714864e-05,-0.003798581628159027,-0.0009310564040324195,0.024434065,-0.00011251785,0.022807907,-0.001627349011733548,-0.004038734543554155,-0.0017400448963309505,-0.001387215404394161,-0.0012018734890626886,0.0022704331
2025-08-14,0.001310387191592488,6.474141275809945e-05,-0.00010054811743822065,-0.004034625885787111,0.0012370884195522318,0.00034927075721945033,-5.2122312e-05,-0.0005543752,-0.0058853017509496895,0.0006892448925544043,0.019151554,-0.0001097027,0.015742438,0.00048616129773248676,-0.0028194456622884453,0.00036473251150737247,0.0022260968379593086,0.0007660163590491322,0.0023653228
2025-08-15,-0.004177726636766632,6.474141275809945e-05,-0.0020822221562010047,-0.002090376454702882,-0.0008260057257693494,-0.0010888611178983452,0.00015336639,-0.0009284674,-0.0020727492611313948,-0.0017458128586174042,-0.03192923,-0.00011209914,0.018444274,-0.002845522282428876,-0.0028018648502803538,-0.0022194525097110514,-0.0015255352541290162,-0.001142782296253211,-0.00063844584
2025-08-16,0.0,6.474141275809945e-05,9.304789569840102e-05,-0.0007838941011786118,0.00014428351442702874,2.514155087853987e-05,0.00023339593,-0.0010288307,-0.0014341074848992284,4.374366791405524e-05,-0.011792432,-9.672009e-05,0.017373249,-0.00023708786261072013,-0.0011228365499788794,-3.3162254773941295e-05,4.6390506412009875e-06,2.5528795090316614e-05,0.001638538
2025-08-17,0.0,6.474141275809945e-05,9.103184189476721e-05,-0.0007779310847842837,-3.9532101179007454e-05,2.514155087853987e-05,0.00049406884,-0.0005197878,-0.0004417649899389278,4.374366791405524e-05,0.014073176,-0.0001069307,0.017918594,-0.0003379326665156406,-0.0011648622987453466,-6.72029558760291e-05,4.6390506412009875e-06,2.5528795090316614e-05,0.0017625988
2025-08-18,0.0020615172504350188,6.474141275809945e-05,0.003139949042437399,0.0022252913427580337,0.0025998396785855654,0.0019240428447321292,0.00042947652,-0.0006443263,0.000930044814812624,0.002625172139934912,-0.013453007,-0.00010212502,0.019953046,0.0024009097946452135,0.0008159370037807397,0.0027186254425004544,0.002865267693491188,0.001386846023815594,-0.0012868749
2025-08-19,0.0034375293467601153,6.474141275809945e-05,-0.00324191586672237,-0.0003392013284340646,-0.0017558212179982827,-0.0014857777912918493,-0.0006589005,-0.0006872779,-0.004292754249922215,-0.0018874856287569364,0.0087469835,-0.00010909318,0.017752035,-0.0026611074692326187,-0.004866524750449757,-0.0025848068674052035,-0.003739884032093999,-0.0020775142613787805,-0.002205872
2025-08-20,0.01076478743571263,6.474141275809945e-05,0.0010427086093958086,0.002127527961244521,0.0013200405075245853,-0.0006106616482701925,0.0009465106,-0.00066030293,-0.002335030293882821,0.0008523870446825811,-0.022318553,-9.327222e-05,0.016992237,-0.00015661202106004996,-0.0016808069827742261,0.0005803642801446325,2.719774784413123e-05,0.00037337567955947673,-0.0017478446
2025-08-21,0.002267407683346878,6.474141275809945e-05,0.0033868575862817433,0.0008802519186185609,0.00044454515136655646,0.0006418782769637976,0.0026344843,-0.00032525335,0.0018757020953760815,0.0006819500199117469,-0.031481363,-7.416407e-05,0.019443724,0.0015402874336845611,0.0008743272735164951,0.0018472473029552646,0.001251589822619644,0.0002992166506251506,-0.0055662612
2025-08-22,0.001310531517208613,6.474141275809945e-05,-0.001440370964075917,0.000323696005536645,-0.0006113600267064799,-0.0002217664230544873,-0.0010539303,-0.0007216935,-0.0024420646034059123,-0.0003047408164467901,0.03288959,-0.00010469399,0.018456902,-0.0014935093965590856,-0.0034549389128451817,-0.0010682170870906762,-0.001163243698380306,-0.0007023375619565018,-0.001587995
2025-08-23,0.0,6.474141275809945e-05,4.479081857869419e-05,-0.0006208742189810325,-6.297071491503505e-05,2.514155087853987e-05,0.00010445769,-0.0005020434,-0.003069957221304971,4.374366791405524e-05,-0.06078929,-8.754761e-05,0.018153012,-0.000644570216644812,-0.002551938336687289,-0.00018377660244819902,4.6390506412009875e-06,2.5528795090316614e-05,-0.0003344383
2025-08-24,0.0,6.474141275809945e-05,2.9877944664673938e-05,-0.000563110919100625,0.0006217657492399963,2.514155087853987e-05,0.00056282827,-0.0005528539,-0.0012018773269942046,-0.0006525828517975598,-0.015645303,-0.00011311396,0.017663475,0.00037414630668545004,-0.0021728728526850503,-9.037304280735357e-05,4.6390506412009875e-06,2.5528795090316614e-05,-0.0021586264
2025-08-25,0.0,6.474141275809945e-05,0.0031050845796770743,0.009114454780061572,0.0020986125391782937,0.0016131997274024996,0.0002652034,-0.0004495976,0.003122027695165449,0.0033564493866193898,-0.038786415,-0.000113645365,0.017358799,0.003451501736191687,0.0027865136427371153,0.0033060311757279305,0.0035432111777149015,0.0020886427734569655,-0.00090568874
2025-08-26,-0.005964769240672019,6.474141275809945e-05,-0.0014462050199622188,-0.0014666989181024515,-0.0004552604632075599,-0.0004507399319827683,-0.001712536,-0.0007707372,-0.0027163018271839767,-0.0010778808718182513,-0.033005547,-0.00011538397,0.016418744,-0.00045969448927108753,-0.0027121596898735576,-0.0009932199819927537,-0.0005805065122277432,-0.0005524074951650608,-7.1183546e-05
2025-08-27,-0.0011116147553367206,6.474141275809945e-05,0.001869161608242857,0.0004835906794723689,0.0005088711070680575,0.0003930752231115788,-0.00062705064,-0.00057827646,0.00046640752575128784,0.0007552713974420874,-0.038231686,-0.000121116434,0.01841636,0.0019426743655301545,0.00018431721311972782,0.0015112135891207697,0.001302053526872659,0.0002304410550400949,0.000121084624
2025-08-28,-0.004179136729512201,6.474141275809945e-05,0.0005632090915047656,0.0006987222931103569,0.0021729238719808363,-0.00026655104178813775,-0.00079268415,-0.0006381179,-0.0016615740023683415,0.00028669758187166395,0.0039425925,-0.00012189214,0.017300956,0.00035831132483772914,-0.0025557336026375142,0.00040048120215738556,-2.579117189083003e-05,-1.2216354256904952e-05,-0.00029184308
2025-08-29,-0.003198500133451576,6.474141275809945e-05,0.0006630947863454712,-0.004125899890512441,9.981339421223043e-05,0.00032975481364407727,-0.000848121,-0.0005799603,-0.0008391666656212686,-0.0003114361385559681,0.055771586,-0.00010611993,0.016769309,0.0005063556704131477,-0.001404544929235971,0.0002767512338354461,0.0007100733631179461,-0.00012524767042993622,1.2905337e-05
2025-08-30,0.0,6.474141275809945e-05,0.00010679313047393747,-0.000822331415542909,0.001219767056603926,2.514155087853987e-05,-0.0008963144,-0.00022232789,-0.00067077271760463,4.374366791405524e-05,0.0038118125,-0.00011016583,0.019149652,0.00012203773874057617,-0.0009164470060268007,9.020135623883089e-05,4.6390506412009875e-06,2.5528795090316614e-05,-0.0011353946
2025-08-31,0.0,6.474141275809945e-05,-2.3619610990234662e-05,-0.0005344965953518093,0.001421776103593446,2.514155087853987e-05,0.0013737843,0.00013019319,0.001508534468971841,4.374366791405524e-05,0.006066123,-0.00011905719,0.016471924,-0.0004913252944216064,-0.00017224823030625818,-0.0001553313514401332,0.00017169982276118466,2.5528795090316614e-05,-0.0005065565
2025-09-01,0.0009796088965903227,6.474141275809945e-05,0.0007664080797185426,-0.001172288502537957,-0.0011249913315044301,-0.0011012891020987074,-0.00060021225,-0.00095858856,-0.0011921926190872772,-0.0006011242037276093,-0.032238062,-0.000114435185,0.017565701,-4.7633618424044975e-05,-0.0023384940487584677,2.7592279745561164e-05,-0.0009068158435687148,-0.0006753498933864476,-4.8480695e-05
2025-09-02,-0.00866105428898889,6.474141275809945e-05,0.005703519847198831,0.0022742440079916324,0.0033557361659388002,0.002430126514661529,-0.0011371319,0.0007706833,0.0038590598472608697,0.0026619869257038693,-0.0003187327,-0.00012787408,0.015441802,0.003539888920116685,0.004275909088350126,0.003943420015186359,0.00540033850362498,0.00343546894831945,-0.00038580026
2025-09-03,0.006723931602368838,6.474141275809945e-05,-0.0022797859710513404,-0.0009258597495241331,-0.0019035603196750428,-0.0010408965492425572,0.0005357254,0.003559656,-0.004195493920454817,-0.0017776635644508433,-0.003666651,-0.00022061856,0.021584382,-0.001699709452493915,-0.003694835131330481,-0.0019154288323998058,-0.0014539024217092968,-0.0009907057401196137,0.0018020741
2025-09-04,0.004236221656375827,6.474141275809945e-05,-0.0005002294004717501,0.0019329115184167694,0.0006499447288180272,0.00021415558551770376,0.00038767475,0.00053887407,-0.002570415914435518,0.0006984119261498828,-0.011338526,-0.00013110516,0.020881806,-5.4191502261333174e-05,-0.0015209983667658746,5.879848580254518e-05,0.0014893083985106912,0.0005319999232549483,-0.001932402
2025-09-05,-0.0009395814414222547,6.474141275809945e-05,-0.004982422066933545,0.003195789970014939,-0.0018103915626961956,-0.001442166060178095,-0.00042318305,-0.00038934534,-0.005875052704117527,-0.0033112564827044,0.013949635,-0.00015742498,0.020058902,-0.0034149457956246885,-0.004707361767699846,-0.0038899810696086164,-0.003395839254707814,-0.0023106677703999723,-0.00034404173
2025-09-06,0.0,6.474141275809945e-05,7.624220675662191e-05,-0.0007317762293596363,2.677434307882725e-05,2.514155087853987e-05,-0.0008178408,-0.0006601589,-0.004585852943222026,4.374366791405524e-05,0.002210489,-0.00012698706,0.021800432,-0.0001586251101488478,-0.003053254243478144,-1.2662343599414717e-05,4.6390506412009875e-06,2.5528795090316614e-05,-0.002145749
2025-09-07,0.0,6.474141275809945e-05,0.00012280161469969711,-0.0008619746328321467,4.9489447249100934e-05,2.514155087853987e-05,0.00011858679,-0.00019973691,-0.0021195067937031043,4.374366791405524e-05,-0.004655061,-0.00012592829,0.019357622,0.0002556204178952705,-0.0010113688705817813,0.00013963787168312845,4.6390506412009875e-06,2.5528795090316614e-05,-0.0013496858
2025-09-08,0.001436761324948188,6.474141275809945e-05,0.0013762038784683726,-0.00020655473218689994,-1.1139160904483452e-07,0.00013514360558428815,0.00038495738,-0.00034235755,-0.001447671974758398,5.5322944815817085e-05,0.0411513,-0.00011512052,0.021240726,0.0006449193737425528,-0.0018246614975278102,0.0006807948637169586,0.0004538441586319819,-8.033312065198171e-05,-0.00031399226
2025-09-09,0.002287061456778927,6.474141275809945e-05,0.0004622603511720579,-0.0020376605105797358,-0.000380211342199146,-0.0002822098817566498,-0.00061948446,-0.00033817056,0.00035838818710206665,0.00015603079051011788,-0.018282518,-0.00013335541,0.017673157,-0.000574871789041656,-0.0005483289375271635,1.3828073749431364e-05,-0.0005426055715460589,-1.376713066343857e-05,0.00013017177
2025-09-10,-0.0018544705832711506,6.474141275809945e-05,0.0010101393387932807,-0.00036279396938063233,0.00024971144882329906,0.0004056685852731981,0.00019442392,-0.0007316918,-0.0006996960056286515,7.003683093566205e-05,0.020125628,-0.00014010287,0.01666551,0.0005459735598651605,-0.0020346789316012114,0.0005338401204627079,0.00024152985484694048,0.00038598695322480985,-1.7572136e-05
2025-09-11,0.007825143435670423,6.474141275809945e-05,-0.0002678949934448198,-0.0018038044568980177,-0.0002511144859414931,-0.0003532431762192716,-0.00034855955,-0.00063739275,-0.002131745638398513,7.05212426293191e-05,-0.0019333881,-0.0001319992,0.01422206,-0.0012335167685066596,-0.0010957667484723056,-0.00047141370677978586,-0.0002502539725777029,-0.0004482834981538791,0.00036435627
2025-09-12,-0.0015369590796744381,6.474141275809945e-05,0.0023615692815649016,-0.0007374618788842562,0.0004822058837175394,0.0005714635643005221,0.0002991963,-0.00058218796,0.0025424736700837584,0.0010250727887497826,0.019001521,-0.00013429625,0.010193744,0.001385558682190284,0.0008008523030382885,0.0015797862282654874,0.0006701801021119766,0.0002992166506251506,0.0004543623
2025-09-13,0.0,6.474141275809945e-05,8.758674162439328e-05,-0.0007675549326815788,-0.00012259105027609356,2.514155087853987e-05,0.0005244063,-0.00053597556,0.0012853951724285232,4.374366791405524e-05,0.012539949,-0.00021864781,0.011667763,-0.000315520148638729,-0.0005168306471907214,-6.090572810672469e-05,4.6390506412009875e-06,2.5528795090316614e-05,-0.00042546482
2025-09-14,0.0,6.474141275809945e-05,7.214485190723352e-05,-0.0007182689250291386,-0.001062791836093664,2.514155087853987e-05,0.0007393453,-0.0005404556,9.952411305491071e-05,4.374366791405524e-05,-0.031390022,-0.0003469456,0.011961092,0.0004756042458238402,3.403434693137177e-05,0.0001959599956029266,4.6390506412009875e-06,2.5528795090316614e-05,-0.0011706142
2025-09-15,-0.0006743298981287671,6.474141275809945e-05,0.0015394903818433518,-0.00028406256312128817,6.053123611398062e-06,0.0002605534904794654,0.0012958155,-0.0005804932,-0.0012120514451200212,0.00022405456755890917,-0.017894713,-0.00061390316,0.009494782,0.0010559766397195056,-0.002443209713305373,0.0009279728557379891,0.00039377511570689775,-8.539201416486587e-05,-0.0023104288
2025-09-16,-0.008771126103936377,6.474141275809945e-05,-0.0005238843711511157,0.004981162331053228,0.00173320757251994,-5.150766660310836e-05,0.0009930365,-0.00050156366,-0.0012345564539470825,0.0010512607154928649,0.014686279,-0.0008125291,0.012741421,0.000712238321033665,-0.001194087910083625,0.0004259104364355492,0.0009184076498968824,0.0009156440972486564,-0.0008724405
2025-09-17,0.0013821737645802745,6.474141275809945e-05,0.0005574056848581662,0.0010020331143834839,9.86485889205041e-05,2.514155087853987e-05,0.0009348815,-0.00033421826,-0.0013467610122909989,-0.0010576981935032448,-0.011493303,-0.0011773586,0.0108887935,3.1419356877543324e-05,-0.0012755011282953369,-0.0001710172981539595,0.0005048445404270116,-7.049547586650197e-06,6.981997e-05
2025-09-18,0.002143701871232251,6.474141275809945e-05,0.0020760976665648357,0.005375466853216305,0.001633720352688924,0.0021834579955517016,-0.0003059313,-0.00054046174,0.0005461855883891059,0.0019108302571704068,0.020326817,-0.00035114234,0.008442667,0.00279614623925705,-0.00109067277044959,0.002257745302499903,0.002072499891923697,0.001643142280633327,-0.00048199284
2025-09-19,-0.0012396904674956133,6.474141275809945e-05,0.0011169073885489594,-0.0063633072173933216,0.002075254611934753,0.001927812920816669,0.00053893146,-0.0005081764,-0.0007837867466048063,0.0015429040050110613,0.01530516,-8.4441155e-05,0.013196037,0.0019209929681907152,-0.00048786931089761867,0.0015292949747334533,0.00324431402338803,0.0016522129150305757,-0.00038645556
2025-09-20,0.0,6.474141275809945e-05,9.28571517116019e-05,-0.000783333406039686,0.00013650911486227466,2.514155087853987e-05,0.0010548839,-0.00053828256,-0.0014408513131970847,4.374366791405524e-05,-0.028596595,-8.834337e-05,0.014741209,0.0006150651765445497,-0.0018357793331932812,0.0002488747793896015,4.6390506412009875e-06,2.5528795090316614e-05,-0.001015897
2025-09-21,0.0,6.474141275809945e-05,7.6948421321431e-05,-0.0007340736570403484,-7.732501125263978e-05,2.514155087853987e-05,0.0019087684,-0.0005010453,-0.0007651548799686496,4.374366791405524e-05,0.024616433,-0.00016380686,0.016803723,-0.00017992664852160058,-0.0006500547955163705,-1.948400908645951e-05,4.6390506412009875e-06,2.5528795090316614e-05,-0.0048128893
2025-09-22,0.0010860755565731406,6.474141275809945e-05,-0.001203401649733322,0.0005921700736308865,-0.0006807133712355082,-0.0008237405673757385,0.0003407865,-0.00051811687,-0.0023718393320406143,-0.0016354187767055799,-0.01466836,-9.1740425e-05,0.013335918,-0.001488494127291177,-0.0030708376706063845,-0.0014460465018993353,-1.3993316981886151e-05,-0.0007170838308871038,-0.0052293693
2025-09-23,-0.0003641613234663943,6.474141275809945e-05,0.00025302294147084913,0.002193096864410652,1.0055301366328163e-05,-0.0004976848372858816,-0.0014300535,0.0010670054,-0.0003065050787249121,-0.000294352204700428,0.03164205,-7.490144e-05,0.01272592,0.0003576962697234568,-0.002179556351806415,9.981673475851927e-05,-0.00018399406416651174,-0.0005989956147382025,-0.0010058949
2025-09-24,0.0029392886726256062,6.474141275809945e-05,0.002868116992691332,0.006711301202490747,0.0014099709666309571,0.00128242570932633,-0.0010369263,0.0010456565,0.001268559241694638,0.0020519102417675588,0.009241495,-7.7664125e-05,0.012045247,0.002257595051758645,0.0021381467274432684,0.0023858882780163275,0.0034657647188056405,0.0014793881031995057,-0.00055948715
2025-09-25,-0.003940357367171132,6.474141275809945e-05,0.0031174228045956075,-6.285423901645094e-05,0.001591215916038494,0.0018219567191871578,-0.00066728157,-0.0005230639,0.0019173912925530316,0.0010798774360568926,0.004214319,-8.359135e-05,0.013691896,0.00264253446676308,0.0008816506251548422,0.0022609347508686004,0.002161790172058676,0.0015408157746125723,0.0005056454
2025-09-26,0.007689402408080026,6.474141275809945e-05,0.0005055235069826029,-0.0001948789447891704,-9.208518195336952e-05,-0.0010936070661567612,-0.0022998985,-0.00064852677,-0.0008191316717026179,-0.0005305935526003358,-0.0009823354,-0.00011423815,0.01062701,0.0003288913229321046,-0.0016368159977216963,9.145831358229004e-05,1.506780305877055e-05,-0.0006015282275376594,0.0009630319
2025-09-27,0.0,6.474141275809945e-05,9.096793717006392e-05,-0.0007777407450167565,0.00013650911486227466,2.514155087853987e-05,-0.0004424339,-0.0006639984,-0.0014427696383866838,4.374366791405524e-05,-0.0328654,-0.00058457605,0.013518431,0.0006142049652543369,-0.0018366921965406677,0.00024797458197221937,4.6390506412009875e-06,2.5528795090316614e-05,0.0003497284
2025-09-28,0.0,6.474141275809945e-05,0.0001748675759735155,-0.0009487961280676945,0.00013574966308861237,2.514155087853987e-05,-0.00039343434,-0.0006502187,-0.0005481678597953283,4.374366791405524e-05,-0.019670466,-0.00025928652,0.01515621,0.0007140342941871743,-0.0007464326844515833,0.0003083535179388532,4.6390506412009875e-06,2.5528795090316614e-05,0.00028642575
2025-09-29,0.001616615489998141,6.474141275809945e-05,-0.0028494526268840552,-0.00603637752299769,-0.0020276555020038393,-0.001543859943511103,0.00017039335,-0.00061322894,-0.00476997653024311,-0.0010711951849779974,-0.010109539,-0.00011560743,0.020406041,-0.001200750091149424,-0.006295171841354716,-0.0016933686403107348,-0.003262050928869513,-0.001026267509336778,0.0002587282
2025-09-30,0.005439878535544729,6.474141275809945e-05,-0.00208984184962468,-0.0035305129280606183,-0.0012210920349756773,-0.000901956997770198,-0.00046559385,-0.00023087952,-0.004880981571853085,-0.0019102502398760097,-0.016568478,-0.00011474211,0.016565587,-0.004378939445145421,-0.0039855484821278335,-0.0027859959222198516,-0.0019760307802679533,-0.0007956700099968924,-0.0020230655
2025-10-01,0.010266907511205403,6.474141275809945e-05,-0.0037323908110816805,-0.001786989564109629,-0.006490001946314061,-0.0016760257235732899,-0.0006956315,-0.0005428031,-0.004015222980856556,-0.0026968991011634786,0.019360634,-0.0006875734,0.02110606,-0.004638873852276205,-0.004303606548886863,-0.003677097787191506,-0.003629042130072981,-0.0022222849009796005,-0.002274625
2025-10-02,-0.001979583821613118,6.474141275809945e-05,-0.0015042996271868966,0.0024370106798431044,0.0003331979422561537,0.00036858387178653176,-0.00048572235,-0.0016572061,-0.001240698979865556,0.0009433005276976421,0.023276199,-0.0004300802,0.02325058,-0.00044245309296493077,0.0009414564580693685,-0.0003127736449850346,0.0012832350737267111,0.0001911836004186744,-0.0025821947
2025-10-03,0.006737570974137075,6.474141275809945e-05,0.001592316044439618,-0.0017975632912409735,-0.00012640766185474748,2.514155087853987e-05,0.00010399657,-0.0011131037,0.0011657567079682396,-5.251989514964688e-05,0.023897804,-3.5686186e-05,0.02228487,0.0003711345565276887,-8.279635810076386e-05,0.0006235497169642379,-0.00018093362822181277,-5.139970928503392e-05,-0.0017113612
2025-10-04,0.0,6.474141275809945e-05,9.612363243535272e-05,-0.0007928339373432175,0.00013650911486227466,2.514155087853987e-05,-0.000685061,3.8983882e-05,-0.0014375344997193471,4.374366791405524e-05,-0.0006847788,-0.0028514608,0.023441464,0.0006165524949703048,-0.00183420097855854,0.00025043123443840463,4.6390506412009875e-06,2.5528795090316614e-05,-0.0013868808
2025-10-05,0.0,6.474141275809945e-05,0.0001236020918055501,-0.0008638058943031901,6.362455127912233e-06,2.514155087853987e-05,-0.00035035113,-0.00029229047,-0.0013212747638093243,4.374366791405524e-05,0.026645813,-1.5456259e-05,0.026040893,0.0008054905755103129,-0.0017032761554536158,0.00032192921938973694,4.6390506412009875e-06,2.5528795090316614e-05,-0.0014626744
2025-10-06,-0.0012759120242329391,6.474141275809945e-05,0.010694650234653396,-0.00978537658002537,0.002728457004181998,0.0022642418132200856,-0.00056021544,-0.0003178377,0.010848305822523219,0.00419766133181313,0.020848874,-9.545911e-05,0.02142879,0.009343996968451772,0.008016791028783101,0.00801777836725821,0.0032252971788928,0.0034469086353927196,-0.0006274368
2025-10-07,0.00046839692208378025,6.474141275809945e-05,0.004704618037957555,-0.003957980233404605,0.0016617764063681908,0.0014445670559263405,0.0052937386,-0.00079648773,0.0038683655207901184,0.0019941715507505453,0.0019618091,-0.00012831824,0.024606247,0.003858349458004736,0.0031063513874457493,0.003494249496774864,0.0023988028460897775,0.0008916415959546887,0.002152584
2025-10-08,0.006884530947174117,6.474141275809945e-05,0.004742386771921888,0.0020950386957852346,0.0008974458614856881,0.0007511434920936552,0.0048784614,-0.001968903,0.00012746597514372854,0.00017578541634007182,0.030794237,-0.00013943852,0.023987304,0.002513454838915156,-0.0021374642895393143,0.002437270442494962,0.0004641738526842802,-0.0003072776183397873,0.002283671
2025-10-09,-0.004133473384808961,6.474141275809945e-05,-0.0013541898579247597,-5.962861757892457e-05,0.0006418301210579876,0.00143219075829913,0.003483552,-0.0021586693,-0.0015119900699437224,0.0030935935118045314,0.024203321,-0.000776223,0.025165431,-5.0984655081656995e-05,8.613770607112352e-05,0.0006036932678331575,0.002307421545567342,0.0019351666642466927,0.011144908
2025-10-10,-0.00861568553221026,6.474141275809945e-05,-0.010466767390218183,-0.002804652404541844,-0.004297502238906648,-0.003430210251519072,0.00040678153,-0.0003340079,-0.012759802434606443,-0.0041358264680794515,0.02395117,-0.00014498149,0.021997862,-0.009962636396790604,-0.012709245895299422,-0.008127117854504788,-0.0065832694988366535,-0.004181061924569501,0.002208339
2025-10-11,0.0,6.474141275809945e-05,2.021315448199875e-05,-0.0005241960803347755,2.977918477396211e-05,2.785053447584457e-05,0.0004553276,-0.00048362772,-0.006188213542640206,4.374366791405524e-05,-0.025848772,-0.00011337441,0.018068977,-0.0002920103061565165,-0.0036300193195090633,-7.507058583513092e-05,4.6390506412009875e-06,2.5528795090316614e-05,-0.004375228
2025-10-12,0.0,6.474141275809945e-05,0.00023297241137294874,-0.0009621455868170864,-8.04970177178179e-05,2.514155087853987e-05,0.00089631765,-0.0001865538,-0.0009146096634568778,4.374366791405524e-05,0.025851192,6.4955704e-05,0.021188956,0.0006585967490758294,-0.000531793151857027,0.0003089295489726361,4.6390506412009875e-06,2.5528795090316614e-05,-0.0038250247
2025-10-13,0.001633524158655586,6.474141275809945e-05,0.006311467072094767,0.01372767478537865,-0.0007846674137777275,0.0006749277789142153,-0.00079437124,-0.0006648497,0.006995112172670624,0.0017481580473633638,0.025778983,0.00012481047,0.02064899,0.005219598749444455,0.00322153260539403,0.0043838974395647035,-0.001603016535380002,0.0009245432798799214,-0.0016441898
2025-10-14,0.0010484100702434773,6.474141275809945e-05,-0.0026267933598258532,0.0016643709925109147,-0.0007930158029398883,-0.0008946803206447852,0.007713719,-0.0012416412,-0.003669676757984207,-0.0012165675598709569,-0.010922201,-1.0563672e-05,0.014737192,-0.0018069002695843357,-0.002648057337973904,-0.0018713882072124613,-0.002201517657777971,-0.0006683395856546526,0.009900523
2025-10-15,-0.002964210490681629,6.474141275809945e-05,-0.0022208398678684677,-0.0013239924173654794,-0.0010687856521452484,-0.0008237405673757385,0.0011350653,0.00032900635,-0.0010387376779040377,-0.0012514472754543969,0.050718483,-0.0015253191,0.012511407,-0.0011299268963865879,-0.001575965290157877,-0.0015270082004019308,-0.0003586312183976394,-0.0007170838308871038,0.005625406
2025-10-16,0.0012032149393883529,6.474141275809945e-05,-0.0021424844934948392,-0.004772117907635403,-0.0016916760258358992,-0.0010376430372730032,-0.0013866271,0.002927288,-0.0027096902219234703,-0.0008351220287506088,0.005645123,0.0009855035,0.018567603,-0.00019104800635934602,-0.0007600516471143,-0.001047792388091587,-0.0019360773439715186,-0.0008623048320925236,-0.00031634665
2025-10-17,-0.008639171521255151,6.474141275809945e-05,0.0018014710380097898,0.012179925092906278,0.001762648325283538,0.002505755740145705,-0.003765271,0.0044880994,-0.0019251071042393608,0.002695796599493785,0.030934766,0.0035767478,0.018863454,0.0030222125411472254,-0.0003459085914066224,0.0025125187252003967,0.006578875819967068,0.0033041976139460763,0.0038914592
2025-10-18,0.0,6.474141275809945e-05,0.00011688866109808713,-0.000847996052617467,-0.005083503975354258,2.514155087853987e-05,0.0028324581,-7.098727e-05,-0.0023476866244405074,4.374366791405524e-05,-0.0062738317,0.00667238,0.016708143,-0.0005791715700870915,-0.001760612283850638,-0.0001386402514371434,4.6390506412009875e-06,2.5528795090316614e-05,0.0010240375
2025-10-19,0.0,6.474141275809945e-05,0.00014094257317144273,-0.000899795691446042,-8.045399871364939e-05,2.514155087853987e-05,0.0005113665,-0.00028791477,0.0011468715260626666,4.374366791405524e-05,-0.027297664,0.0024111946,0.014859912,0.00023300045705950556,0.00034981536141579016,0.0001380592948810013,4.6390506412009875e-06,2.5528795090316614e-05,-0.0011750153
2025-10-20,0.005238081493858182,6.474141275809945e-05,0.001905198446270808,-0.003096492304188591,0.001963438074071526,0.0009077041770722004,0.0009056509,-0.00046509615,0.0013058333315822768,0.0017481580473633638,-0.00050731713,0.00040352865,0.019286234,0.0041888223679990046,0.0018766140265149406,0.0026072800084901535,0.002090098075904151,0.0009245432798799214,-0.0004155268
2025-10-21,0.0024905434850805985,6.474141275809945e-05,0.0008319909810496403,0.003610196345055671,0.003144135310765874,0.0024133234112668138,-0.002090438,0.0025849817,-0.0008560998426193846,0.00343923835060422,-0.0103045385,-0.00041995718,0.019281946,0.002568685719661801,0.0017729958075858336,0.002301711097671048,0.0059188393258463815,0.0029172739771150084,0.0040735337
2025-10-22,0.009335959834475327,6.474141275809945e-05,0.0007662917938399867,6.419483359888529e-05,0.0013255272202743282,0.00145878640259462,-0.0010521059,0.0008237042,0.0001180914516670468,0.0018448200024670399,0.009912724,-0.0006532716,0.020727772,0.002388242592735622,0.00020565507337886774,0.001673374764449202,0.000955312265703762,0.0018844152026433244,-0.00024368532
2025-10-23,0.006681029952706252,6.474141275809945e-05,0.006109836701700492,0.009798508513489259,0.002852022432813661,0.0017362973985627663,0.0012122211,0.0012700505,0.006650454809694755,0.003219077710828019,0.011380834,3.257944e-05,0.021530341,0.004384119336263204,0.0025524216235997942,0.00454645019928282,0.0032683013610017193,0.0008472681417597615,1.2631062e-05
2025-10-24,0.007000001043997228,6.474141275809945e-05,9.212296515593984e-05,0.0007427310314469344,0.0004527966408138756,0.0004164281288962358,-0.00018131678,-0.0006467798,0.00028360382111139774,0.00037331110425388507,0.010617394,-2.4900364e-05,0.023681883,0.00024461561360088945,-0.00039851563605626625,0.00023910752047672025,0.0016895411073487192,0.00017652402035895064,0.0019969582
2025-10-25,0.0,6.474141275809945e-05,0.00011200393282148374,-0.0008358572899667622,0.00018985415628165763,2.514155087853987e-05,-0.00074239634,-0.00084155943,-0.0007582978768871144,4.374366791405524e-05,0.0007414598,-8.724726e-05,0.023638297,4.911157079105271e-06,-0.0012052180323914236,5.312491002893353e-05,4.6390506412009875e-06,2.5528795090316614e-05,0.0010427869
2025-10-26,0.0,6.474141275809945e-05,0.0001858435583786138,-0.0009582853285932816,-3.9532101179007454e-05,2.514155087853987e-05,-6.3397485e-05,-0.0006931279,-0.0005724167726656419,4.374366791405524e-05,0.0019874987,-0.000102418155,0.02771376,-0.00018026041324819352,-0.0008642579091052762,1.5879185580085433e-05,4.6390506412009875e-06,2.5528795090316614e-05,0.0032533645
2025-10-27,0.0008501267933009871,6.474141275809945e-05,-0.0013858170207065742,-0.0005478860645446062,0.0015356281344715977,0.0006641920994304031,-0.00048811783,-0.0004472928,-0.004492541566050968,0.0015642572612171927,-0.007226068,-9.54853e-06,0.027652923,0.000813634036253367,-0.0034791388635088865,0.0003547524691818568,-3.350621993619414e-05,0.0015828763343161971,-0.0011072188
2025-10-28,0.00444590845903492,6.474141275809945e-05,-0.0015936190006223556,0.0025399914170589856,0.00015411201327060562,-0.0013201986291749802,0.0003230554,-0.0002799807,-0.0012364241384206895,-0.00039579549673018536,0.020744082,5.4993812e-05,0.02592741,-0.0025015288845680606,-0.0021192514150690186,-0.0014830865216373516,-0.0017132283402310556,-0.0021075738323782407,0.0007596619
2025-10-29,0.006125770104179251,6.474141275809945e-05,0.0029928813580781437,0.0005559402564786443,0.0020338642433179537,0.0017228362448046875,0.001419657,-0.0008447637,-0.0021191805503636687,0.0009721479676320825,0.0289422,-1.6159931e-05,0.02154022,0.0028602364810980945,-0.0024984078163461047,0.002255460377265468,0.0031321566527880334,0.0015408157746125723,-0.0028782203
2025-10-30,0.0004017982521775654,6.474141275809945e-05,0.003182565612489454,-0.0036123900143077226,0.0011506014725268367,3.2823586820485854e-05,-0.0021197766,-0.0010339521,0.0035323533732301475,5.5322944815817085e-05,0.0058731367,0.00010558611,0.029515017,0.0013264591813114607,0.0006804298427681652,0.0014948542296581414,0.0005558770204450205,-1.8821366608067107e-05,-0.0027186312
2025-10-31,-0.0043862435271914135,6.474141275809945e-05,-0.0009115297215975017,-0.0002636259607941274,-7.960323027278443e-05,2.514155087853987e-05,-0.0016508258,-0.0004479409,-0.0013378969802731893,-5.251989514964688e-05,-0.015772587,-8.9919486e-05,0.034144007,0.00010215928592211814,-0.0017673806543096915,-0.00028114554061279835,-5.369666584958203e-05,-7.049547586650197e-06,-0.0039926013
2025-11-01,0.0,6.474141275809945e-05,0.00010788667514802079,-0.00082521871197713,4.724407544355893e-05,2.514155087853987e-05,-0.0019351506,-0.0005211569,0.00022167425787118138,4.374366791405524e-05,-0.09819533,-7.622855e-05,0.033248357,-0.00028853329054285003,-0.001017491753985304,-4.535901436083365e-05,4.6390506412009875e-06,2.5528795090316614e-05,-0.0025909087
2025-11-02,0.0,6.474141275809945e-05,0.00010722355155472137,-0.000823470928882142,-0.0002447443957009957,2.514155087853987e-05,-0.0031495509,0.00022876181,-0.0007876779944752789,4.374366791405524e-05,-0.011890454,-7.415222e-05,0.026102703,3.3298179408110044e-05,-0.001241943921928057,6.0964973579208586e-05,4.6390506412009875e-06,2.5528795090316614e-05,-0.0029291227
2025-11-03,-0.0016342072088295634,6.474141275809945e-05,0.0008813379756732295,-0.0026188757715450784,-0.0004649065586520843,-0.00018927025005674374,-0.00021093208,-6.8052905e-06,-0.0010725594706969858,-0.00018857706185672733,-0.019767085,-6.133763e-05,0.023107752,-4.39519589893205e-06,-0.0018397453460047496,0.00022093060217574095,-0.0005052247945979632,-0.0004227442149232077,-0.0025083856
2025-11-04,0.0014008330782144807,6.474141275809945e-05,-0.004258797521430086,-0.0019887836859676144,-0.0007286626491023286,-0.0022713988612070367,-0.0014631079,-0.00054891297,-0.006271748179835307,-0.0024933210063453125,-0.007471899,-6.852561e-05,0.03247525,-0.006125967712507608,-0.006894199083053193,-0.004271004440508643,-0.004364796350010197,-0.003792092876132034,-0.003157138
2025-11-05,0.0063942620453405485,6.474141275809945e-05,0.0018562333008677843,-0.0028099396126752612,-0.0013346512329518356,-0.0006290355141627651,-0.0014116515,-0.00044452935,0.002804426835854673,-0.0008623170943300646,-0.05315869,-7.126105e-05,0.027516376,-0.00020555924158489558,0.000640488901204002,0.00024069300485417841,-0.00046830890839642835,-0.0007332184286686774,-0.00284618
2025-11-06,-0.004224165088144827,6.474141275809945e-05,-0.004515070645625727,-0.0013976311264232498,-0.00177364558385605,-0.0009191245093687339,-0.00030712158,-0.0009961184,-0.005128100882149052,-0.001102400105302626,-0.0036442834,-7.945261e-05,0.021518132,-0.0025467365125633207,-0.0038169588875377656,-0.002692249065881976,-0.0024698846486841523,-0.001018980320352074,0.0009235693
2025-11-07,-0.005465406983313215,6.474141275809945e-05,0.004257883869872617,-0.0012252565801492933,0.0016393362444145213,0.0010234027874020692,-0.0003360134,-0.00083831383,0.004439450218921348,0.0012385143660053317,-0.0016236968,-6.973164e-05,0.024427881,0.00274649123461114,0.0023425944447944087,0.002721309281719636,0.0009198701047617261,0.0011637928941789265,-0.00077292
2025-11-08,0.0,6.474141275809945e-05,5.560047242118167e-05,-0.0006607864591938713,-0.002498573850051502,2.514155087853987e-05,-0.0002125077,-0.0005768153,-0.0018977106724135488,4.374366791405524e-05,0.018695138,-7.270786e-05,0.025491828,-4.0610771637079034e-05,-0.0015093967270362906,1.9681207020891864e-05,4.6390506412009875e-06,2.5528795090316614e-05,-0.00066665304
2025-11-09,0.0,6.474141275809945e-05,0.00017694025706718503,-0.0009508316175412266,-8.648961956146342e-05,2.514155087853987e-05,-0.0010304693,-0.0005768485,-0.002948574200399439,4.374366791405524e-05,0.009136867,-8.544055e-05,0.018514894,-0.0001635951066219923,-0.002859007260012429,1.8495776321905833e-05,4.6390506412009875e-06,2.5528795090316614e-05,-0.00066799193
2025-11-10,0.010800851426842284,6.474141275809945e-05,0.005145416170218691,0.005455086035454258,-0.0013546583058061201,0.0008999486989758902,0.0068360185,0.0034692744,0.003253307956232896,0.0020777254837031937,0.029953446,-8.7063905e-05,0.015684228,0.004270633410478269,0.0018951891162932745,0.0038030030399277687,-0.0007663203093583602,0.001053632216446623,-0.005650963
2025-11-11,0.01148955518204997,6.474141275809945e-05,0.001285031036556288,0.0020527288037641726,0.0009052186755694311,0.0008613580106641345,-0.0013376083,-0.000694778,-0.00044877812770955565,0.0006000017303900823,0.022860065,-8.5965905e-05,0.012885551,0.002492090173168947,-0.001338062033342405,0.0014495192611915244,0.0012173744306017992,0.0005830183713447645,0.0025382414
2025-11-12,0.00119398763586398,6.474141275809945e-05,0.0019527455385767395,-0.012782730062528499,0.0018346575534354825,0.0012732600575915622,-0.0005335399,-0.00041069114,0.0008132656934262609,0.0020032375619936592,0.0012945015,-8.134768e-05,0.013843265,0.0030879520661367785,0.00018393792804252714,0.0023458762591757935,0.0014420449256884657,0.00045611985218818005,0.0020487877
2025-11-13,-0.010466714153975931,6.474141275809945e-05,-0.0022677843263791777,-0.002389991333175405,-0.0012435707935667076,-0.0008237405673757385,0.0046694237,-0.0011523765,-0.003405605984908558,-0.00131335885572196,-0.013090828,-9.605306e-05,0.011696025,-0.0021854852147615176,-0.004247890880812831,-0.0019129837386928908,-0.0013409738991294418,-0.0008158459622830581,0.004889834
2025-11-14,-0.011145347319651444,6.474141275809945e-05,0.001052962484970641,-9.03630038373189e-05,0.002189826094847055,0.0016131159018672127,-0.00010276845,9.337941e-05,-0.0017163124021461929,0.0038913607127153515,-0.012125151,-9.6971664e-05,0.0092235515,0.00018661076408856228,0.001671624336742071,0.0017402929868580615,0.004092636576515695,0.0017655287151525122,-0.0004829507
2025-11-15,0.0,6.474141275809945e-05,0.00013099851523838013,-0.0008800254144568824,6.380662512770067e-06,2.514155087853987e-05,-0.00016113001,-0.0010058747,-0.00036688366166286125,4.374366791405524e-05,0.009792678,-8.350218e-05,0.009922874,0.00015179620098678347,-0.0009636527386071307,0.00010793782970674377,4.6390506412009875e-06,2.5528795090316614e-05,0.0018054005
2025-11-16,0.0,6.474141275809945e-05,4.079189941711015e-05,-0.0006056775892204847,0.0007321469818216241,2.514155087853987e-05,0.0021542716,-0.001012356,-0.0010276534125601177,4.374366791405524e-05,0.009353263,-9.235935e-05,0.008804497,0.0004686254246034363,-0.0009321818648669242,0.000183436167421342,4.6390506412009875e-06,2.5528795090316614e-05,0.0010086616
2025-11-17,-0.0023653459292644063,6.474141275809945e-05,-8.345953002339219e-05,-0.0005132821641831075,0.001365710920861671,-0.00011438283980721879,-0.001980346,-0.00056859857,-0.004572929646854487,-0.0008762743304259785,0.008273705,-9.078244e-05,0.009874002,0.0003103217342943934,-0.005040532048256256,-0.0002251927994947165,-0.00025384504583355813,-7.049547586650197e-06,-0.0005118884
2025-11-18,-0.012726049384885307,6.474141275809945e-05,0.0040989488917950135,0.00010422452013246052,0.0023952257132481363,0.0018470138607962344,0.00025963303,-0.0007861948,0.002090202772245629,0.0029369398210195496,-0.015365681,-0.00011848108,0.0075072264,0.00313874261798367,0.0019329751826601199,0.0033822813249824585,0.0031315967529440126,0.0023666079829994186,-0.00021393079
2025-11-19,-0.004699391769521388,6.474141275809945e-05,0.003792514259760829,0.002096199067315142,0.0007844762982014029,0.0005469238220028031,-0.00023695178,-0.00062794925,0.0029556748224795317,0.0004015463464601614,0.008435184,-0.000114759634,0.007581138,0.0022820505874094716,0.0019876868898084507,0.0021287157010683572,0.0017805491499862428,0.0002267818492936253,0.00015942432
2025-11-20,0.0021288658004650074,6.474141275809945e-05,-0.0017156858193622753,-0.001532801072424649,-0.0015856489867361215,-0.0010408665958120905,-0.0010756052,-0.00035511423,-0.00712736812740001,-0.001976844756506822,-0.018706344,-0.000102199556,0.008320029,-0.002525006570507336,-0.006614084945247124,-0.0020732346578699345,-0.0019759157235666497,-0.0009641785290724158,0.001472341
2025-11-21,0.0012657895703556132,6.474141275809945e-05,-0.00476203174419845,-0.0002989376114724907,-0.002229829612583888,-0.0013982780961630038,-0.00068648916,-0.00054267724,-0.006219451381303237,-0.004047352409511468,-0.019632556,-0.00010804538,0.008097124,-0.004198581132550607,-0.0064870275016162635,-0.004330229571518414,-0.003712640028544179,-0.0015277185104544241,0.0006867011
2025-11-22,0.0,6.474141275809945e-05,7.38006049119214e-05,-0.0007237635713961315,-0.00015704715991208426,2.514155087853987e-05,-0.00084723544,-0.000674126,-0.0009561423676463859,4.374366791405524e-05,0.0039143977,-0.000117425894,0.011312096,-0.00037246660446751007,-0.0007359394544637368,-8.424841771559926e-05,4.6390506412009875e-06,2.5528795090316614e-05,-7.970404e-05
2025-11-23,0.0,6.474141275809945e-05,0.0001815844115069521,-0.000954981583171065,2.1429726994460767e-05,2.514155087853987e-05,-0.0012069184,-0.00053634867,-0.0004230194002303577,4.374366791405524e-05,0.028642807,-0.00012992966,0.013141743,-0.0002961215678468645,-0.000824657173606292,-2.386328116194774e-05,4.6390506412009875e-06,2.5528795090316614e-05,-0.0004017934
2025-11-24,-0.0005031599493066086,6.474141275809945e-05,0.0013179829141163936,0.0008535774013631028,0.0006015811118945882,0.0004654626194192967,-0.001556983,-0.00024901552,0.0004279887549104879,-0.0002073971796730538,-0.006369253,-0.000112376874,0.012198725,0.0012225416411559041,-0.00031955377688404297,0.0007628817360883736,0.0002944512924204452,0.0003396079314116487,-0.0010516023
2025-11-25,0.007825978430840097,6.474141275809945e-05,-0.001586223936844148,-0.004048305391057467,-0.0012602836909006384,-0.0014486413277363397,-0.00027063015,-0.0007616946,-0.0032505538898229434,-0.0016639057076320504,0.0123728225,-0.000108917506,0.0137157,-0.001233973865544409,-0.0031476091888458786,-0.0014962742278191565,-0.0032932727308742165,-0.001449840986581952,-0.002644719
2025-11-26,0.008538398860298058,6.474141275809945e-05,0.002523895287757129,-0.006139051197350042,0.0014717546615839508,0.0011553925743585688,-0.00033457755,-0.00015876733,0.0014009228230863469,0.0006512577005520567,-0.03525638,-8.518898e-05,0.016665656,0.0029904770633518074,0.001625773812113379,0.002035670056388837,0.0017297100047629348,0.0016839638859155934,-0.0003696914
2025-11-27,0.0002424785225938475,6.474141275809945e-05,0.0003070277153160501,-0.0012245918506591348,0.00021457096669165853,0.00029784342735176455,-0.00063260307,0.00012582156,0.0002765495576561147,0.0009209953172562479,-0.028347073,-0.00011742304,0.010208721,0.00024698530031930065,-0.0004160024341624093,0.0004978630045689469,0.0006247525273471781,0.00016154402078446704,0.00021161395
2025-11-28,0.0027419220068640726,6.474141275809945e-05,0.002109935409172208,-0.002255436999855848,0.00165570181009778,0.001191588902894359,-0.00059196795,0.00015133375,0.0026295177125202924,0.0016026210173746356,-0.02723033,-0.00010085778,0.007657538,0.002810351573559725,0.0011649321548215315,0.0021676943437400295,0.0015215521836270426,0.0013060711454223623,-0.0007894846
2025-11-29,0.0,6.474141275809945e-05,8.751274309467787e-05,-0.0007673295061028347,-3.9532101179007454e-05,2.514155087853987e-05,0.00012955963,-0.00016311847,0.00010917951201551681,-0.0006525828517975598,0.0034366655,-0.000102954946,0.012094182,0.00018281958102630834,-0.0009124725343864444,-0.000134935272686484,4.6390506412009875e-06,2.5528795090316614e-05,0.00020986551
2025-11-30,0.0,6.474141275809945e-05,7.421549482772795e-05,-0.0007251327100767828,0.00013060152528844929,2.514155087853987e-05,0.00031584964,-0.00035284308,-0.002325079670530542,4.374366791405524e-05,0.0023633135,-0.00010620602,0.01602465,-7.413487584041322e-05,-0.001372461852608076,1.4647322609030409e-05,4.6390506412009875e-06,2.5528795090316614e-05,-0.0002309276
2025-12-01,-0.0018496971866701628,6.474141275809945e-05,-0.0011650755404628882,-0.0014735864286088323,-0.0012998389122117092,-0.001437396353884236,7.574583e-05,-0.00062660157,-0.0034824589216282988,-0.0002487868246498698,-0.028884307,-8.7955705e-05,0.017196704,-0.0019923404925281897,-0.004238300365652008,-0.0011244680566322455,-0.002330635376583809,-0.0005805118418185487,-0.0013215701
2025-12-02,-7.523810799880959e-05,6.474141275809945e-05,0.0007746963122680206,0.004307220581349859,0.0006482635309855016,0.001294042403478667,-0.00038181889,-0.00057425513,-0.001544445758254947,0.001802853300614094,0.029740822,-9.7066426e-05,0.016497886,-5.396854191884209e-05,-0.0015359062405613344,0.0008532332354023001,0.0025523432545844914,0.0012740052228586462,0.0006224896
2025-12-03,-0.001002906677111448,6.474141275809945e-05,-0.0027705739476696126,-0.0011484261159974648,-0.0010931031624984563,-0.0013369850445844552,-0.001326289,-0.0002678861,-0.0028842747502935756,-0.0020327579484888817,0.018890705,-8.449494e-05,0.015245278,-0.0016770078257739873,-0.0025295916358095863,-0.002155340389319263,-0.0023520116805156297,-0.0017540868564038979,0.0005064607
2025-12-04,0.0019397301092543007,6.474141275809945e-05,0.0011296201584748789,-0.0020587839959832184,0.001034348856189673,-0.00010962715997140708,-0.0007107492,-0.0006043809,0.00046019385194746084,-0.0012323387716614291,0.03578083,-9.1308495e-05,0.021931183,0.001382590284076204,-0.0006509968988227429,0.00040274665101058387,-0.0011697348955298573,0.0006855877748135047,-0.00078340026
2025-12-05,-0.004516588112084774,6.474141275809945e-05,0.005211397366907152,-0.0003504930563799852,0.0021171690399939633,0.0014692380344091204,-0.00052736665,-0.00064577337,0.005436764054329422,0.0018082952117431527,0.024642237,-8.838056e-05,0.016735673,0.0036006871703043713,0.0038392007463155624,0.0035102484764611554,0.0002619485628321176,0.001386846023815594,-0.00023939234
2025-12-06,0.0,6.474141275809945e-05,8.624263145297418e-05,-0.0007634436892395751,0.00011546419635157736,2.514155087853987e-05,0.00034190275,-0.0006387381,-0.002301542373559299,4.374366791405524e-05,0.041294187,-8.985575e-05,0.0201343,0.0006294356912749687,-0.0021457716239456624,0.0002514772891075095,4.6390506412009875e-06,2.5528795090316614e-05,-0.0012301473
2025-12-07,0.0,6.474141275809945e-05,0.0001403245443740023,-0.0008986362231369798,0.0002522854391334741,2.514155087853987e-05,0.0006308056,-0.0007134306,-0.001811644157397599,4.374366791405524e-05,0.0234504,-7.996007e-05,0.017050251,-0.00045657322449689616,-0.00212298474728951,-9.042047121183162e-05,4.6390506412009875e-06,2.5528795090316614e-05,9.905372e-05
2025-12-08,-0.002267505671350256,6.474141275809945e-05,-0.0015251644256494032,0.002420929439970766,-0.000587991880849278,-0.0001883337539090393,-2.0015199e-05,-0.00075151614,-0.00396700817455181,-0.0021253114521735715,0.023223773,-6.6691515e-05,0.01851859,-0.0011261088686249077,-0.003912797898422294,-0.0015990286566672084,-0.00013756317570247592,-0.0002070593944300284,2.8879673e-05
2025-12-09,-0.0003193334639697287,6.474141275809945e-05,0.00395106696001121,-0.000376091065930049,0.0009387159588585839,0.0012561251619225262,0.0017215672,-0.0005393714,0.002546906973170556,0.0013868910720319884,0.0062705954,-5.9137965e-05,0.019895606,0.0021750593829668063,0.0015295332800536793,0.002483114616941041,0.002096935257958134,0.0008409339087152897,-0.0015093075
2025-12-10,0.0014021972597000332,6.474141275809945e-05,-0.0021436471697932466,0.002640606184348377,-0.0004528903080681409,-0.00047569076249993366,0.0009813082,-0.00027756533,-0.0016477870219599588,-0.0006278284759430267,0.01326423,-6.3795684e-05,0.016792495,-0.0007228594894849029,-0.0013126147983454925,-0.0011530809842501648,-0.0004918121054290102,-0.0007023375619565018,-0.0011042869
2025-12-11,0.004932924448476594,6.474141275809945e-05,0.0008756370667205799,-0.006997475705711354,-0.00011739064077890522,0.00028101084856836325,0.0005422031,-0.00040781952,-0.0001819905298276522,0.0014070335753088514,0.014931718,-4.863451e-05,0.011635394,0.0013204348828353403,-0.001178818582305612,0.001205257945090485,-0.0008820585341959009,0.00032334276773941534,-0.00062477135
2025-12-12,-0.005578595014407606,6.474141275809945e-05,0.0015025814100437472,-0.000566669181513991,0.0015608040061740565,0.0005714635643005221,0.0003692766,-0.00043625367,0.0006283251651626841,0.0005297084983233247,-0.022197662,-4.7990645e-05,0.013780777,0.001623177235928046,-9.27453829837099e-05,0.0012086166324656018,0.0007265235486743026,0.0002992166506251506,-0.00018295902
2025-12-13,0.0,6.474141275809945e-05,9.03655266575761e-05,-0.0007759424887815594,7.332495076647939e-05,2.514155087853987e-05,-4.0955172e-05,-0.000452163,-5.937194511349456e-05,4.374366791405524e-05,-0.014067037,-5.1792013e-05,0.01670406,0.00016036461991085328,-0.00019652041099162904,9.753773921226049e-05,4.6390506412009875e-06,2.5528795090316614e-05,-0.0005070815
2025-12-14,0.0,6.474141275809945e-05,6.948663686488344e-06,-0.0004691685016418321,6.380662512770067e-06,2.514155087853987e-05,-0.0002731504,-0.00050580536,-0.0032192949979954763,4.374366791405524e-05,0.0035160254,-4.8597954e-05,0.017420769,-0.0001023201848142015,-0.0023376772259458512,-1.6596068561561737e-05,4.6390506412009875e-06,2.5528795090316614e-05,-0.0006399598
2025-12-15,0.010600029225735552,6.474141275809945e-05,-0.0014850371832151742,-0.0014457207776424593,-0.0010591586692555552,-0.0004292837023653775,0.000368681,-0.00056753587,-0.002300787243131628,-0.000681226841549677,-0.01447466,-5.940444e-05,0.01487543,-0.0006029184602160914,-0.002651122838849664,-0.0009171527074127503,-0.0008586813458112626,-0.00039757134908671157,-0.0014846827
2025-12-16,-0.0068216475529953025,6.474141275809945e-05,-0.002272766775600727,-0.002039103514212894,-0.0009332906844177009,-0.0009125520092133119,-0.00011999489,-0.00079446775,-0.0006121894210963871,-0.0012924404166464337,-0.011116268,-6.285115e-05,0.015476572,-0.0010176901734983818,-0.00280292906634145,-0.0015208374749597314,-0.0014086917026836152,-0.00047487821694091014,-0.0010179194
2025-12-17,0.009244392495861842,6.474141275809945e-05,0.002792876874249469,0.0013084535928555253,0.002018173891316952,0.0004556767969570714,-0.0002059938,-0.00063037453,0.0012189020969009716,8.088531114401517e-05,-0.013265114,-4.20532e-05,0.020865908,0.004047782233245178,0.0005481844306177646,0.0022775566771239333,0.001722805656325034,0.0007926128448649777,-0.0012461668
2025-12-18,0.006491500175971332,6.474141275809945e-05,0.00014302103346458338,-0.0010388144034086154,0.0003328442927659745,0.0003048032840237439,-0.00020761645,-0.00058079103,-0.0008043274983145337,4.374366791405524e-05,-0.00094916264,-5.744974e-05,0.018252581,-0.00018952246681138018,-0.0014453335977771989,-1.136818809316381e-06,0.0004481289235816434,2.5528795090316614e-05,-0.00095892546
2025-12-19,0.00606336598639734,6.474141275809945e-05,0.006032717895839873,-0.0040664144498068315,0.002828793936583929,0.0007980703835106136,-0.00039519582,-0.0006731425,0.003978605271992495,0.0018628999901889043,0.01486228,-4.870913e-05,0.017694853,0.004779884753071651,0.004170064363167795,0.004186907022033109,0.0035940463157050394,0.002239968790827344,0.00015255081
2025-12-20,0.0,6.474141275809945e-05,0.00010087200081369466,-0.0008062555134701688,0.0010798046226727772,2.514155087853987e-05,-0.0011255293,-0.00025979162,-0.0001541374264630506,4.374366791405524e-05,-0.018525425,-5.6008605e-05,0.0179245,0.000955086030387508,-0.0009402498983270486,0.00036404716962084693,4.6390506412009875e-06,2.5528795090316614e-05,-0.0001956384
2025-12-21,0.0,6.474141275809945e-05,0.00010250025041938285,-0.000810750043611465,5.997251278556245e-05,0.0001795697931685978,-0.0015592078,-0.00044151663,0.0018891777575748437,4.374366791405524e-05,-0.0048441705,-6.1005558e-05,0.018007008,0.0005512400428803951,0.0008660828101338069,0.00023088726152315989,4.6390506412009875e-06,2.5528795090316614e-05,-0.00018412905
2025-12-22,-0.0031775957774855534,6.474141275809945e-05,0.0006664788093090255,0.00481865573951435,-0.002431114440800561,0.000263842027054394,-0.0006844683,-0.00063955924,-0.0005223614455777798,4.536788008748449e-05,-0.014868264,-7.026686e-05,0.01781915,9.1729691291383e-05,-0.0012239410920613094,0.0002630487524318691,0.0014637815634164217,0.00039114913515365853,-6.872299e-05
2025-12-23,0.0023565853129494663,6.474141275809945e-05,0.00021788352872569066,-0.0012800047505725125,5.7642792944454416e-05,2.2106041675886945e-05,-0.001059506,0.00044339732,-0.0016663259142247068,0.00022405456755890917,-0.024499867,-7.1287854e-05,0.021648934,-7.147198130646459e-05,-0.0017236757385242429,0.00012421233858947765,0.0001902311524051251,-0.00011068304812844097,-0.00044859352
2025-12-24,-0.001874768687520234,6.474141275809945e-05,-0.000491697189898677,-0.0008824316590201444,0.0010958963727301467,-0.0001935486030872218,-0.0013807126,-0.001524362,-0.00039575065617539163,-0.0005267376065810266,-0.009796407,-8.066578e-05,0.022824299,0.0006702728334639814,-0.0026160496589652674,-0.0001190610908994639,7.990511725529933e-05,1.9037844242952898e-05,-0.0012642486
2025-12-25,0.0,6.474141275809945e-05,0.00010489263935046782,-0.0008334323432014666,-2.0875181514738372e-05,2.514155087853987e-05,-0.0012368835,-0.0012965666,-0.001751720235921264,-5.251989514964688e-05,0.0030348743,-7.2969706e-05,0.028182156,-0.00012641890064047306,-0.001852635009958855,-2.5704917737285733e-05,-0.00011425956284963214,-5.139970928503392e-05,-0.0022842763
2025-12-26,0.0,6.474141275809945e-05,0.0017312933982301837,0.00037118102259471857,0.00039669684903818176,0.0007670000450013147,-0.0001879865,-0.00021703797,0.002016319066132477,9.004639381613705e-05,-0.0077241934,-8.121377e-05,0.027141664,0.0006858867673480344,0.0014475821735956047,0.0008219477925786782,-0.00010987223599221121,-0.0005312783367901611,-9.53977e-05
2025-12-27,0.0,6.474141275809945e-05,0.00011178686226754762,-0.0008353056326669836,-8.682896510314888e-05,2.514155087853987e-05,-0.001059774,-0.0003910492,-0.0009995890479935821,4.374366791405524e-05,0.004583648,-0.00010568334,0.028367095,0.00030712479940379125,-0.0006568079907945375,0.00015309986265538662,4.6390506412009875e-06,2.5528795090316614e-05,-0.001204858
2025-12-28,0.0,6.474141275809945e-05,9.349289316312083e-05,-0.0007851993380106519,0.002091727230254254,2.514155087853987e-05,0.00026270756,-0.00036896416,-0.0016380589005597914,-0.0008638090228974687,-0.023124557,-0.000102146296,0.028852697,1.2961762438413165e-05,-0.0012166622315526584,-0.0002617096048144581,4.6390506412009875e-06,2.5528795090316614e-05,-0.0009053537
2025-12-29,-0.00042043709247996386,6.474141275809945e-05,-0.004112624804441184,-0.009262413146324724,0.002659892631898278,9.40273730520916e-05,0.0007287102,-0.00060368655,-0.005014291166281498,0.0003223002721061287,0.005411617,-0.00010957368,0.023194272,-0.0026016169399437883,-0.00389067364099489,-0.0020903630222303448,0.003017369733097566,-8.390939371179576e-06,-0.0020277323
2025-12-30,0.007518347382514223,6.474141275809945e-05,0.002206317458147903,-0.005343430496188036,0.0009359393927191752,0.0014651922768589196,5.5747078e-05,-0.0016385729,0.0027265956683214894,0.0013300112296165832,0.032518636,-0.00010700867,0.024683874,0.001637793575862097,0.0015367873236875648,0.0017173659339911186,0.0009279852185719094,0.0009487914917805432,-0.00054831104
2025-12-31,-0.000938564750405102,6.474141275809945e-05,-0.0012227621283097579,-2.1870787776562955e-05,0.0003161075427463037,-0.00015771386690411975,0.00049391226,-0.00080531475,-0.0011297114634645667,-0.0003406748837734327,0.0064553698,-0.00013311594,0.024064183,-0.0005373193372698011,-0.001651080214197274,-0.0006931214074134064,-5.867256156660867e-05,-0.0005540618402659316,-0.0015254904
