"Date","Price","Open","High","Low","Vol.","Change %"
"12/31/2025","156.67","156.37","157.00","156.32","","0.17%"
"12/30/2025","156.41","156.07","156.57","155.75","","0.22%"
"12/29/2025","156.06","156.51","156.60","155.92","","-0.33%"
"12/26/2025","156.57","155.92","156.74","155.75","","0.49%"
"12/25/2025","155.80","155.85","155.98","155.67","","-0.09%"
"12/24/2025","155.94","156.26","156.30","155.56","","-0.19%"
"12/23/2025","156.23","157.08","157.09","155.64","","-0.53%"
"12/22/2025","157.07","157.70","157.76","156.70","","-0.44%"
"12/19/2025","157.76","155.51","157.78","155.50","","1.41%"
"12/18/2025","155.56","155.67","155.99","155.27","","-0.08%"
"12/17/2025","155.69","154.70","155.76","154.51","","0.63%"
"12/16/2025","154.72","155.24","155.29","154.39","","-0.32%"
"12/15/2025","155.22","155.87","156.00","154.82","","-0.39%"
"12/12/2025","155.82","155.62","156.14","155.44","","0.15%"
"12/11/2025","155.59","156.03","156.18","154.94","","-0.28%"
"12/10/2025","156.02","156.87","156.95","155.79","","-0.55%"
"12/09/2025","156.88","155.91","156.96","155.74","","0.61%"
"12/08/2025","155.93","155.19","156.00","154.89","","0.37%"
"12/05/2025","155.35","155.10","155.51","154.33","","0.16%"
"12/04/2025","155.10","155.26","155.56","154.51","","-0.10%"
"12/03/2025","155.26","155.88","155.95","155.01","","-0.39%"
"12/02/2025","155.87","155.45","156.19","155.43","","0.27%"
"12/01/2025","155.45","156.11","156.27","154.66","","-0.47%"
"11/28/2025","156.18","156.30","156.60","155.98","","-0.08%"
"11/27/2025","156.31","156.48","156.51","155.71","","-0.11%"
"11/26/2025","156.48","156.06","156.75","155.64","","0.27%"
"11/25/2025","156.06","156.89","157.00","155.80","","-0.54%"
"11/24/2025","156.91","156.66","157.20","156.34","","0.33%"
"11/21/2025","156.39","157.48","157.57","156.20","","-0.69%"
"11/20/2025","157.48","157.16","157.90","156.88","","0.20%"
"11/19/2025","157.16","155.51","157.19","155.20","","1.06%"
"11/18/2025","155.51","155.26","155.75","154.81","","0.16%"
"11/17/2025","155.26","154.41","155.32","154.41","","0.46%"
"11/14/2025","154.55","154.55","154.77","153.61","","-0.01%"
"11/13/2025","154.57","154.82","155.02","154.13","","-0.14%"
"11/12/2025","154.79","154.15","155.06","154.05","","0.41%"
"11/11/2025","154.16","154.09","154.51","153.65","","0.01%"
"11/10/2025","154.15","153.32","154.26","153.32","","0.47%"
"11/07/2025","153.43","153.07","153.61","152.82","","0.24%"
"11/06/2025","153.07","154.14","154.15","152.82","","-0.68%"
"11/05/2025","154.12","153.68","154.37","152.95","","0.29%"
"11/04/2025","153.68","154.22","154.50","153.31","","-0.35%"
"11/03/2025","154.22","154.11","154.31","153.93","","0.14%"
"10/31/2025","154.01","154.13","154.43","153.64","","-0.08%"
"10/30/2025","154.13","152.74","154.46","152.16","","0.92%"
"10/29/2025","152.73","152.12","153.07","151.54","","0.41%"
"10/28/2025","152.11","152.87","152.89","151.75","","-0.50%"
"10/27/2025","152.88","153.05","153.26","152.56","","0.01%"
"10/24/2025","152.87","152.57","153.08","152.32","","0.18%"
"10/23/2025","152.59","151.98","152.81","151.82","","0.39%"
"10/22/2025","151.99","151.93","152.06","151.49","","0.03%"
"10/21/2025","151.94","150.75","152.19","150.46","","0.79%"
"10/20/2025","150.75","150.46","151.21","150.26","","0.07%"
"10/17/2025","150.64","150.40","150.64","149.38","","0.14%"
"10/16/2025","150.43","151.04","151.41","150.21","","-0.41%"
"10/15/2025","151.05","151.85","151.89","150.89","","-0.53%"
"10/14/2025","151.85","152.28","152.63","151.60","","-0.28%"
"10/13/2025","152.28","151.80","152.46","151.71","","0.73%"
"10/10/2025","151.18","153.08","153.29","151.15","","-1.23%"
"10/09/2025","153.07","152.74","153.24","152.22","","0.25%"
"10/08/2025","152.69","151.91","153.01","151.74","","0.51%"
"10/07/2025","151.91","150.34","152.06","150.24","","1.03%"
"10/06/2025","150.36","149.23","150.49","149.05","","1.97%"
"10/03/2025","147.45","147.26","147.83","147.08","","0.13%"
"10/02/2025","147.26","147.07","147.52","146.60","","0.13%"
"10/01/2025","147.07","147.92","148.24","146.58","","-0.57%"
"09/30/2025","147.92","148.60","148.85","147.64","","-0.46%"
"09/29/2025","148.60","149.50","149.56","148.46","","-0.61%"
"09/26/2025","149.51","149.85","149.96","149.39","","-0.19%"
"09/25/2025","149.80","148.90","149.94","148.56","","0.60%"
"09/24/2025","148.91","147.64","148.92","147.51","","0.86%"
"09/23/2025","147.64","147.72","147.94","147.45","","-0.05%"
"09/22/2025","147.72","147.96","148.39","147.65","","-0.17%"
"09/19/2025","147.97","148.00","148.30","147.20","","-0.02%"
"09/18/2025","148.00","146.95","148.27","146.76","","0.69%"
"09/17/2025","146.99","146.50","147.06","145.48","","0.33%"
"09/16/2025","146.50","147.42","147.55","146.27","","-0.62%"
"09/15/2025","147.41","147.76","147.81","147.23","","-0.18%"
"09/12/2025","147.67","147.20","148.08","147.12","","0.32%"
"09/11/2025","147.20","147.47","148.01","146.98","","-0.18%"
"09/10/2025","147.47","147.42","147.65","147.13","","0.03%"
"09/09/2025","147.42","147.52","147.57","146.31","","-0.07%"
"09/08/2025","147.52","148.24","148.58","147.33","","0.07%"
"09/05/2025","147.41","148.49","148.56","146.82","","-0.73%"
"09/04/2025","148.49","148.10","148.79","147.80","","0.26%"
"09/03/2025","148.10","148.34","149.14","147.88","","-0.16%"
"09/02/2025","148.34","147.18","148.95","147.04","","0.79%"
"09/01/2025","147.18","147.08","147.39","146.77","","0.09%"
"08/29/2025","147.05","146.93","147.42","146.75","","0.08%"
"08/28/2025","146.93","147.42","147.51","146.65","","-0.33%"
"08/27/2025","147.41","147.42","148.20","147.29","","0.00%"
"08/26/2025","147.41","147.79","147.92","146.99","","-0.26%"
"08/25/2025","147.79","146.93","147.95","146.75","","0.57%"
"08/22/2025","146.95","148.33","148.79","146.57","","-0.96%"
"08/21/2025","148.38","147.33","148.42","147.25","","0.71%"
"08/20/2025","147.33","147.66","147.82","146.87","","-0.24%"
"08/19/2025","147.68","147.80","148.12","147.44","","-0.14%"
"08/18/2025","147.88","147.15","148.00","147.04","","0.46%"
"08/15/2025","147.20","147.76","147.90","146.74","","-0.38%"
"08/14/2025","147.76","147.38","147.97","146.20","","0.25%"
"08/13/2025","147.39","147.77","148.18","147.08","","-0.30%"
"08/12/2025","147.84","148.15","148.54","147.57","","-0.20%"
"08/11/2025","148.14","147.61","148.26","147.35","","0.28%"
"08/08/2025","147.73","147.15","147.91","146.72","","0.41%"
"08/07/2025","147.13","147.36","147.73","146.68","","-0.16%"
"08/06/2025","147.37","147.57","147.90","146.96","","-0.16%"
"08/05/2025","147.61","147.17","147.85","146.62","","0.35%"
"08/04/2025","147.09","147.35","148.10","146.86","","-0.20%"
"08/01/2025","147.38","150.76","150.93","147.29","","-2.24%"
"07/31/2025","150.76","149.51","150.85","148.58","","0.84%"
"07/30/2025","149.51","148.51","149.55","147.80","","0.71%"
"07/29/2025","148.46","148.54","148.82","148.15","","-0.06%"
"07/28/2025","148.55","147.79","148.59","147.51","","0.60%"
"07/25/2025","147.67","147.01","147.95","146.82","","0.45%"
"07/24/2025","147.01","146.48","147.04","145.84","","0.34%"
"07/23/2025","146.51","146.63","147.22","146.11","","-0.09%"
"07/22/2025","146.64","147.31","147.95","146.31","","-0.51%"
"07/21/2025","147.39","148.07","148.68","147.07","","-0.97%"
"07/18/2025","148.83","148.62","148.89","148.18","","0.14%"
"07/17/2025","148.62","147.86","149.10","147.72","","0.50%"
"07/16/2025","147.88","148.90","149.20","146.91","","-0.67%"
"07/15/2025","148.88","147.72","149.03","147.55","","0.79%"
"07/14/2025","147.71","147.31","147.79","146.85","","0.20%"
"07/11/2025","147.42","146.27","147.52","146.13","","0.79%"
"07/10/2025","146.26","146.32","146.80","145.75","","-0.04%"
"07/09/2025","146.32","146.57","147.19","146.25","","-0.17%"
"07/08/2025","146.57","146.04","146.99","145.83","","0.36%"
"07/07/2025","146.05","144.44","146.26","144.21","","1.03%"
"07/04/2025","144.56","144.92","144.98","144.17","","-0.26%"
"07/03/2025","144.93","143.69","145.25","143.44","","0.86%"
"07/02/2025","143.69","143.42","144.26","143.32","","0.17%"
"07/01/2025","143.44","144.04","144.11","142.68","","-0.42%"
"06/30/2025","144.04","144.47","144.77","143.77","","-0.44%"
"06/27/2025","144.67","144.42","144.96","144.18","","0.19%"
"06/26/2025","144.39","145.23","145.28","143.75","","-0.60%"
"06/25/2025","145.26","144.95","145.96","144.60","","0.23%"
"06/24/2025","144.93","146.18","146.23","144.51","","-0.84%"
"06/23/2025","146.16","145.99","148.04","145.90","","0.04%"
"06/20/2025","146.10","145.46","146.23","145.12","","0.44%"
"06/19/2025","145.46","145.14","145.78","144.74","","0.23%"
"06/18/2025","145.12","145.29","145.45","144.33","","-0.11%"
"06/17/2025","145.28","144.74","145.39","144.39","","0.37%"
"06/16/2025","144.74","143.97","144.89","143.64","","0.44%"
"06/13/2025","144.10","143.48","144.50","142.80","","0.42%"
"06/12/2025","143.50","144.55","144.58","143.18","","-0.73%"
"06/11/2025","144.55","144.86","145.48","144.32","","-0.21%"
"06/10/2025","144.86","144.56","145.31","144.39","","0.17%"
"06/09/2025","144.61","144.90","144.98","143.97","","-0.18%"
"06/06/2025","144.87","143.51","145.10","143.38","","0.92%"
"06/05/2025","143.55","142.76","143.99","142.53","","0.55%"
"06/04/2025","142.76","143.98","144.40","142.60","","-0.87%"
"06/03/2025","144.01","142.72","144.12","142.38","","0.90%"
"06/02/2025","142.72","144.06","144.14","142.54","","-0.93%"
"05/30/2025","144.06","144.23","144.45","143.43","","-0.10%"
"05/29/2025","144.20","144.84","146.29","143.95","","-0.43%"
"05/28/2025","144.83","144.32","145.09","143.85","","0.35%"
"05/27/2025","144.33","142.85","144.46","142.11","","1.04%"
"05/26/2025","142.85","142.45","143.09","142.22","","0.20%"
"05/23/2025","142.57","144.01","144.14","142.42","","-1.00%"
"05/22/2025","144.01","143.68","144.41","142.80","","0.23%"
"05/21/2025","143.68","144.54","144.60","143.28","","-0.57%"
"05/20/2025","144.51","144.86","145.51","144.08","","-0.24%"
"05/19/2025","144.86","145.38","145.50","144.65","","-0.53%"
"05/16/2025","145.63","145.67","146.11","144.92","","-0.03%"
"05/15/2025","145.67","146.74","146.76","145.42","","-0.74%"
"05/14/2025","146.76","147.49","147.68","145.60","","-0.49%"
"05/13/2025","147.48","148.46","148.50","147.37","","-0.66%"
"05/12/2025","148.46","145.82","148.66","145.70","","2.13%"
"05/09/2025","145.36","145.92","146.19","144.82","","-0.38%"
"05/08/2025","145.92","143.82","146.19","143.45","","1.46%"
"05/07/2025","143.82","142.43","144.00","142.40","","0.98%"
"05/06/2025","142.43","143.71","144.28","142.35","","-0.89%"
"05/05/2025","143.71","144.95","145.09","143.54","","-0.86%"
"05/02/2025","144.95","145.44","145.93","143.73","","-0.34%"
"05/01/2025","145.44","143.07","145.75","142.88","","1.66%"
"04/30/2025","143.07","142.36","143.20","142.14","","0.50%"
"04/29/2025","142.36","142.01","142.77","141.97","","0.25%"
"04/28/2025","142.01","143.74","143.94","141.99","","-1.18%"
"04/25/2025","143.70","142.68","144.05","142.55","","0.75%"
"04/24/2025","142.63","143.43","143.44","142.28","","-0.57%"
"04/23/2025","143.45","141.55","143.58","141.48","","1.31%"
"04/22/2025","141.59","140.87","141.68","139.88","","0.53%"
"04/21/2025","140.85","142.14","142.19","140.47","","-0.93%"
"04/18/2025","142.17","142.45","142.51","142.12","","-0.17%"
"04/17/2025","142.41","141.92","143.10","141.61","","0.42%"
"04/16/2025","141.82","143.26","143.32","141.64","","-0.98%"
"04/15/2025","143.23","143.00","143.61","142.60","","0.17%"
"04/14/2025","142.98","144.12","144.32","142.24","","-0.37%"
"04/11/2025","143.51","144.45","144.63","142.07","","-0.65%"
"04/10/2025","144.45","147.55","147.72","144.01","","-2.21%"
"04/09/2025","147.72","146.27","148.29","144.00","","0.98%"
"04/08/2025","146.28","147.83","148.13","145.96","","-1.06%"
"04/07/2025","147.84","147.06","148.15","144.82","","0.64%"
"04/04/2025","146.90","146.07","147.44","144.55","","0.58%"
"04/03/2025","146.06","149.26","149.28","145.19","","-2.13%"
"04/02/2025","149.24","149.58","150.49","149.10","","-0.25%"
"04/01/2025","149.61","149.96","150.15","148.96","","-0.23%"
"03/31/2025","149.95","149.80","150.28","148.70","","0.09%"
"03/28/2025","149.81","151.05","151.22","149.68","","-0.82%"
"03/27/2025","151.05","150.61","151.18","150.06","","0.31%"
"03/26/2025","150.58","149.91","150.78","149.83","","0.45%"
"03/25/2025","149.90","150.70","150.95","149.55","","-0.52%"
"03/24/2025","150.69","149.37","150.78","149.36","","0.92%"
"03/21/2025","149.31","148.76","149.68","148.58","","0.36%"
"03/20/2025","148.78","148.73","148.99","148.18","","0.07%"
"03/19/2025","148.68","149.27","150.16","148.61","","-0.39%"
"03/18/2025","149.26","149.23","149.95","149.08","","0.03%"
"03/17/2025","149.21","148.32","149.31","148.39","","0.40%"
"03/14/2025","148.62","147.82","149.04","147.76","","0.55%"
"03/13/2025","147.81","148.26","148.39","147.40","","-0.30%"
"03/12/2025","148.25","147.79","149.20","147.72","","0.32%"
"03/11/2025","147.77","147.27","148.14","146.54","","0.35%"
"03/10/2025","147.26","147.89","147.99","146.63","","-0.52%"
"03/07/2025","148.03","147.99","148.22","146.95","","0.05%"
"03/06/2025","147.95","148.89","149.35","147.31","","-0.62%"
"03/05/2025","148.88","149.81","150.20","148.39","","-0.61%"
"03/04/2025","149.80","149.51","149.89","148.08","","0.20%"
"03/03/2025","149.50","150.49","151.34","149.10","","-0.73%"
"02/28/2025","150.60","149.81","151.00","149.10","","0.53%"
"02/27/2025","149.80","149.10","150.20","148.74","","0.48%"
"02/26/2025","149.08","149.04","149.90","148.64","","0.04%"
"02/25/2025","149.02","149.72","150.31","148.57","","-0.46%"
"02/24/2025","149.71","149.39","149.89","148.85","","0.28%"
"02/21/2025","149.29","149.64","150.75","148.92","","-0.23%"
"02/20/2025","149.63","151.48","151.48","149.39","","-1.21%"
"02/19/2025","151.47","152.07","152.32","151.24","","-0.38%"
"02/18/2025","152.05","151.50","152.25","151.23","","0.36%"
"02/17/2025","151.50","152.24","152.41","151.33","","-0.54%"
"02/14/2025","152.33","152.80","153.16","152.02","","-0.30%"
"02/13/2025","152.79","154.42","154.68","152.70","","-1.05%"
"02/12/2025","154.41","152.49","154.81","152.38","","1.27%"
"02/11/2025","152.48","152.00","152.63","151.64","","0.32%"
"02/10/2025","151.99","151.26","152.55","151.25","","0.39%"
"02/07/2025","151.40","151.41","152.42","150.94","","-0.03%"
"02/06/2025","151.44","152.61","152.90","151.24","","-0.76%"
"02/05/2025","152.60","154.34","154.47","152.11","","-1.12%"
"02/04/2025","154.33","154.76","155.53","154.17","","-0.27%"
"02/03/2025","154.75","154.94","155.89","154.01","","-0.28%"
"01/31/2025","155.18","154.30","155.24","153.92","","0.57%"
"01/30/2025","154.30","155.23","155.25","153.79","","-0.58%"
"01/29/2025","155.20","155.54","155.81","154.94","","-0.21%"
"01/28/2025","155.52","154.51","156.00","154.49","","0.67%"
"01/27/2025","154.49","155.72","156.26","153.72","","-0.96%"
"01/24/2025","155.98","156.06","156.58","154.85","","-0.04%"
"01/23/2025","156.05","156.50","156.76","155.74","","-0.31%"
"01/22/2025","156.53","155.51","156.72","155.35","","0.66%"
"01/21/2025","155.50","155.61","156.21","154.77","","-0.06%"
"01/20/2025","155.59","156.32","156.60","155.40","","-0.45%"
"01/17/2025","156.30","155.17","156.39","154.98","","0.76%"
"01/16/2025","155.12","156.48","156.54","155.10","","-0.86%"
"01/15/2025","156.47","157.98","158.10","155.95","","-0.94%"
"01/14/2025","157.96","157.48","158.23","157.11","","0.31%"
"01/13/2025","157.47","157.78","157.98","156.90","","-0.14%"
"01/10/2025","157.69","158.12","158.89","157.22","","-0.28%"
"01/09/2025","158.14","158.36","158.40","157.57","","-0.13%"
"01/08/2025","158.35","158.05","158.57","157.89","","0.21%"
"01/07/2025","158.02","157.63","158.43","157.36","","0.27%"
"01/06/2025","157.60","157.24","157.98","156.24","","0.21%"
"01/03/2025","157.27","157.55","157.57","156.88","","-0.16%"
"01/02/2025","157.52","157.26","157.87","156.44","","0.41%"
"01/01/2025","156.87","157.20","157.25","156.87","","-0.20%"
"12/31/2024","157.18","156.85","157.61","156.01","","0.22%"
"12/30/2024","156.83","157.74","158.08","156.67","","-0.63%"
"12/27/2024","157.82","157.89","158.01","157.35","","-0.11%"
"12/26/2024","158.00","157.22","158.11","157.07","","0.38%"
"12/25/2024","157.40","157.17","157.51","156.98","","0.14%"
"12/24/2024","157.18","157.14","157.44","156.89","","0.01%"
"12/23/2024","157.16","156.48","157.32","156.33","","0.48%"
"12/20/2024","156.41","157.45","157.94","155.95","","-0.65%"
"12/19/2024","157.43","154.82","157.82","154.43","","1.70%"
"12/18/2024","154.80","153.45","154.87","153.32","","0.86%"
"12/17/2024","153.48","154.12","154.36","153.15","","-0.43%"
"12/16/2024","154.15","153.64","154.49","153.32","","0.33%"
"12/13/2024","153.64","152.63","153.81","152.45","","0.67%"
"12/12/2024","152.62","152.45","152.80","151.80","","0.11%"
"12/11/2024","152.45","151.97","152.82","151.01","","0.33%"
"12/10/2024","151.95","151.17","152.19","150.89","","0.50%"
"12/09/2024","151.19","150.07","151.36","149.69","","0.77%"
"12/06/2024","150.03","150.11","150.71","149.36","","-0.03%"
"12/05/2024","150.08","150.61","150.79","149.65","","-0.35%"
"12/04/2024","150.60","149.60","151.24","149.52","","0.68%"
"12/03/2024","149.59","149.61","150.25","148.64","","0.00%"
"12/02/2024","149.59","149.75","150.76","149.07","","-0.11%"
"11/29/2024","149.75","151.55","151.57","149.47","","-1.18%"
"11/28/2024","151.54","151.07","152.01","150.92","","0.29%"
"11/27/2024","151.10","153.07","153.25","150.45","","-1.31%"
"11/26/2024","153.10","154.20","154.50","152.99","","-0.72%"
"11/25/2024","154.21","154.26","154.75","153.55","","-0.34%"
"11/22/2024","154.74","154.54","155.02","153.97","","0.15%"
"11/21/2024","154.51","155.43","155.43","153.91","","-0.59%"
"11/20/2024","155.43","154.67","155.90","154.52","","0.50%"
"11/19/2024","154.65","154.70","154.81","153.29","","0.00%"
"11/18/2024","154.65","154.42","155.37","153.85","","0.20%"
"11/15/2024","154.34","156.28","156.76","153.86","","-1.22%"
"11/14/2024","156.25","155.46","156.44","155.33","","0.51%"
"11/13/2024","155.45","154.62","155.64","154.34","","0.55%"
"11/12/2024","154.60","153.71","154.94","153.41","","0.58%"
"11/11/2024","153.71","152.68","153.96","152.64","","0.71%"
"11/08/2024","152.63","152.94","153.37","152.14","","-0.20%"
"11/07/2024","152.93","154.64","154.72","152.70","","-1.10%"
"11/06/2024","154.63","151.62","154.73","151.29","","2.00%"
"11/05/2024","151.60","152.13","152.57","151.33","","-0.35%"
"11/04/2024","152.13","152.98","153.05","151.53","","-0.56%"
"11/01/2024","152.98","152.04","153.11","151.78","","0.62%"
"10/31/2024","152.03","153.42","153.58","151.84","","-0.90%"
"10/30/2024","153.41","153.36","153.51","152.79","","0.04%"
"10/29/2024","153.35","153.29","153.88","152.75","","0.05%"
"10/28/2024","153.28","152.36","153.88","152.32","","0.64%"
"10/25/2024","152.30","151.83","152.39","151.45","","0.32%"
"10/24/2024","151.82","152.73","152.83","151.55","","-0.61%"
"10/23/2024","152.75","151.07","153.20","151.02","","1.12%"
"10/22/2024","151.06","150.84","151.21","150.50","","0.15%"
"10/21/2024","150.83","149.48","150.89","149.08","","0.88%"
"10/18/2024","149.52","150.21","150.29","149.36","","-0.45%"
"10/17/2024","150.20","149.64","150.34","149.23","","0.39%"
"10/16/2024","149.62","149.20","149.84","148.87","","0.29%"
"10/15/2024","149.19","149.76","149.84","148.85","","-0.37%"
"10/14/2024","149.75","149.14","150.01","149.07","","0.42%"
"10/11/2024","149.13","148.57","149.29","148.40","","0.38%"
"10/10/2024","148.56","149.31","149.56","148.35","","-0.49%"
"10/09/2024","149.29","148.20","149.38","148.01","","0.74%"
"10/08/2024","148.19","148.19","148.39","147.34","","0.01%"
"10/07/2024","148.18","148.73","149.14","147.85","","-0.36%"
"10/04/2024","148.71","146.94","149.01","145.92","","1.22%"
"10/03/2024","146.92","146.47","147.25","146.29","","0.31%"
"10/02/2024","146.46","143.57","146.52","143.43","","2.02%"
"10/01/2024","143.56","143.63","144.55","142.97","","-0.04%"
"09/30/2024","143.62","142.24","143.94","141.64","","1.01%"
"09/27/2024","142.19","144.82","146.50","142.07","","-1.80%"
"09/26/2024","144.80","144.76","145.23","144.11","","0.03%"
"09/25/2024","144.75","143.23","144.85","142.90","","1.08%"
"09/24/2024","143.21","143.62","144.70","143.12","","-0.27%"
"09/23/2024","143.60","143.94","144.46","143.17","","-0.22%"
"09/20/2024","143.91","142.63","144.51","141.74","","0.90%"
"09/19/2024","142.62","142.29","143.95","141.89","","0.25%"
"09/18/2024","142.27","142.42","142.73","140.44","","-0.09%"
"09/17/2024","142.40","140.62","142.48","140.32","","1.28%"
"09/16/2024","140.60","140.75","140.92","139.57","","-0.16%"
"09/13/2024","140.82","141.82","141.88","140.28","","-0.68%"
"09/12/2024","141.79","142.36","143.06","141.72","","-0.39%"
"09/11/2024","142.35","142.47","142.55","140.71","","-0.06%"
"09/10/2024","142.43","143.15","143.73","142.20","","-0.52%"
"09/09/2024","143.17","142.23","143.81","141.95","","0.63%"
"09/06/2024","142.27","143.45","143.92","141.78","","-0.82%"
"09/05/2024","143.44","143.74","144.25","142.85","","-0.20%"
"09/04/2024","143.73","145.48","145.57","143.71","","-1.20%"
"09/03/2024","145.47","146.90","147.21","145.16","","-0.97%"
"09/02/2024","146.90","146.19","147.19","145.78","","0.51%"
"08/30/2024","146.16","144.98","146.26","144.66","","0.81%"
"08/29/2024","144.98","144.61","145.57","144.22","","0.28%"
"08/28/2024","144.57","143.98","145.06","143.68","","0.43%"
"08/27/2024","143.95","144.53","145.19","143.92","","-0.39%"
"08/26/2024","144.52","144.24","144.66","143.45","","0.10%"
"08/23/2024","144.37","146.29","146.50","144.05","","-1.29%"
"08/22/2024","146.26","145.25","146.55","144.85","","0.69%"
"08/21/2024","145.26","145.26","146.61","144.45","","0.01%"
"08/20/2024","145.25","146.60","147.36","145.20","","-0.90%"
"08/19/2024","146.57","147.66","148.06","145.19","","-0.68%"
"08/16/2024","147.58","149.29","149.36","147.57","","-1.13%"
"08/15/2024","149.27","147.33","149.40","147.05","","1.33%"
"08/14/2024","147.31","146.84","147.59","146.07","","0.33%"
"08/13/2024","146.82","147.20","147.96","146.60","","-0.25%"
"08/12/2024","147.19","146.74","148.24","146.70","","0.40%"
"08/09/2024","146.61","147.29","147.82","146.27","","-0.45%"
"08/08/2024","147.28","146.67","147.55","145.43","","0.40%"
"08/07/2024","146.69","144.35","147.90","144.31","","1.66%"
"08/06/2024","144.30","144.17","146.38","143.62","","0.09%"
"08/05/2024","144.17","146.51","146.57","141.68","","-1.62%"
"08/02/2024","146.54","149.38","149.78","146.42","","-1.89%"
"08/01/2024","149.36","149.99","150.89","148.50","","-0.41%"
"07/31/2024","149.98","152.81","153.75","149.61","","-1.82%"
"07/30/2024","152.76","154.02","155.23","152.65","","-0.81%"
"07/29/2024","154.01","153.81","154.36","153.01","","0.19%"
"07/26/2024","153.72","153.95","154.75","153.13","","-0.14%"
"07/25/2024","153.93","153.90","154.33","151.94","","0.04%"
"07/24/2024","153.87","155.56","156.00","153.11","","-1.10%"
"07/23/2024","155.58","157.03","157.11","155.56","","-0.90%"
"07/22/2024","157.00","157.45","157.63","156.28","","-0.31%"
"07/19/2024","157.49","157.38","157.88","156.96","","0.08%"
"07/18/2024","157.37","156.15","157.41","155.37","","0.77%"
"07/17/2024","156.16","158.36","158.63","156.06","","-1.38%"
"07/16/2024","158.34","158.07","158.87","158.00","","0.21%"
"07/15/2024","158.01","157.88","158.43","157.17","","0.08%"
"07/12/2024","157.89","158.82","159.45","157.38","","-0.57%"
"07/11/2024","158.80","161.64","161.77","157.43","","-1.78%"
"07/10/2024","161.67","161.35","161.85","161.26","","0.22%"
"07/09/2024","161.31","160.79","161.52","160.73","","0.31%"
"07/08/2024","160.81","160.70","161.13","160.26","","0.06%"
"07/05/2024","160.72","161.26","161.40","160.34","","-0.33%"
"07/04/2024","161.25","161.70","161.70","160.95","","-0.27%"
"07/03/2024","161.68","161.46","162.01","160.77","","0.15%"
"07/02/2024","161.44","161.51","161.78","161.27","","-0.01%"
"07/01/2024","161.45","160.89","161.76","160.66","","0.39%"
"06/28/2024","160.83","160.76","161.28","160.26","","0.06%"
"06/27/2024","160.74","160.82","160.86","160.28","","-0.03%"
"06/26/2024","160.79","159.71","160.88","159.61","","0.69%"
"06/25/2024","159.69","159.58","159.81","159.19","","0.06%"
"06/24/2024","159.59","159.84","159.93","158.82","","-0.13%"
"06/21/2024","159.79","158.94","159.86","158.67","","0.56%"
"06/20/2024","158.90","158.10","158.95","157.92","","0.52%"
"06/19/2024","158.08","157.85","158.12","157.60","","0.15%"
"06/18/2024","157.85","157.74","158.25","157.51","","0.09%"
"06/17/2024","157.71","157.38","157.97","157.15","","0.22%"
"06/14/2024","157.37","157.04","158.28","156.88","","0.22%"
"06/13/2024","157.02","156.72","157.36","156.58","","0.20%"
"06/12/2024","156.71","157.07","157.45","155.72","","-0.23%"
"06/11/2024","157.07","157.05","157.47","156.80","","0.03%"
"06/10/2024","157.02","156.74","157.20","156.70","","0.20%"
"06/07/2024","156.70","155.62","157.09","155.12","","0.71%"
"06/06/2024","155.60","156.10","156.45","155.36","","-0.32%"
"06/05/2024","156.10","154.86","156.50","154.79","","0.79%"
"06/04/2024","154.87","156.12","156.50","154.55","","-0.79%"
"06/03/2024","156.10","157.32","157.49","155.95","","-0.77%"
"05/31/2024","157.31","156.82","157.39","156.56","","0.32%"
"05/30/2024","156.81","157.64","157.68","156.38","","-0.50%"
"05/29/2024","157.60","157.14","157.79","156.92","","0.28%"
"05/28/2024","157.16","156.85","157.20","156.58","","0.19%"
"05/27/2024","156.86","157.04","157.04","156.66","","-0.08%"
"05/24/2024","156.99","156.94","157.16","156.82","","0.04%"
"05/23/2024","156.93","156.79","157.20","156.53","","0.10%"
"05/22/2024","156.77","156.17","156.85","156.11","","0.40%"
"05/21/2024","156.15","156.26","156.56","155.84","","-0.06%"
"05/20/2024","156.24","155.61","156.32","155.49","","0.38%"
"05/17/2024","155.65","155.39","156.01","155.25","","0.17%"
"05/16/2024","155.38","154.88","155.54","153.59","","0.33%"
"05/15/2024","154.87","156.43","156.57","154.69","","-0.99%"
"05/14/2024","156.42","156.18","156.78","156.14","","0.14%"
"05/13/2024","156.20","155.74","156.31","155.56","","0.31%"
"05/10/2024","155.72","155.47","155.92","155.26","","0.17%"
"05/09/2024","155.46","155.50","155.97","155.16","","-0.01%"
"05/08/2024","155.48","154.70","155.69","154.56","","0.51%"
"05/07/2024","154.69","153.90","154.78","153.86","","0.53%"
"05/06/2024","153.88","152.88","154.01","152.81","","0.59%"
"05/03/2024","152.98","153.65","153.80","151.86","","-0.42%"
"05/02/2024","153.63","154.93","156.29","153.06","","-0.54%"
"05/01/2024","154.47","157.81","158.04","153.18","","-2.11%"
"04/30/2024","157.80","156.35","157.86","156.07","","0.94%"
"04/29/2024","156.33","157.82","160.05","154.52","","-1.26%"
"04/26/2024","158.33","155.62","158.45","154.98","","1.72%"
"04/25/2024","155.65","155.32","155.76","155.20","","0.20%"
"04/24/2024","155.34","154.83","155.39","154.73","","0.34%"
"04/23/2024","154.82","154.85","154.88","154.56","","-0.01%"
"04/22/2024","154.84","154.64","154.89","154.46","","0.14%"
"04/19/2024","154.63","154.65","154.68","153.58","","0.00%"
"04/18/2024","154.63","154.39","154.72","153.95","","0.16%"
"04/17/2024","154.38","154.72","154.76","154.16","","-0.21%"
"04/16/2024","154.71","154.27","154.80","153.90","","0.29%"
"04/15/2024","154.27","153.09","154.46","152.99","","0.65%"
"04/12/2024","153.28","153.27","153.40","152.59","","0.01%"
"04/11/2024","153.27","153.16","153.33","152.76","","0.07%"
"04/10/2024","153.17","151.75","153.25","151.68","","0.92%"
"04/09/2024","151.77","151.81","151.95","151.57","","-0.01%"
"04/08/2024","151.79","151.57","151.96","151.56","","0.12%"
"04/05/2024","151.61","151.35","151.76","150.81","","0.19%"
"04/04/2024","151.33","151.70","151.79","151.12","","-0.23%"
"04/03/2024","151.68","151.56","151.96","151.44","","0.09%"
"04/02/2024","151.55","151.65","151.82","151.46","","-0.05%"
"04/01/2024","151.63","151.32","151.78","151.22","","0.21%"
"03/29/2024","151.31","151.38","151.51","151.17","","-0.04%"
"03/28/2024","151.37","151.32","151.56","151.15","","0.03%"
"03/27/2024","151.32","151.57","151.98","151.03","","-0.15%"
"03/26/2024","151.55","151.42","151.62","151.20","","0.09%"
"03/25/2024","151.41","151.44","151.55","151.04","","-0.01%"
"03/22/2024","151.42","151.64","151.87","151.00","","-0.13%"
"03/21/2024","151.61","151.26","151.81","150.26","","0.24%"
"03/20/2024","151.25","150.89","151.88","150.73","","0.27%"
"03/19/2024","150.85","149.16","150.97","149.03","","1.15%"
"03/18/2024","149.14","149.01","149.33","148.90","","0.08%"
"03/15/2024","149.02","148.36","149.20","148.03","","0.47%"
"03/14/2024","148.32","147.76","148.37","147.43","","0.39%"
"03/13/2024","147.74","147.70","148.06","147.23","","0.04%"
"03/12/2024","147.68","146.95","148.15","146.62","","0.50%"
"03/11/2024","146.94","147.07","147.18","146.48","","-0.09%"
"03/08/2024","147.07","148.04","148.12","146.48","","-0.65%"
"03/07/2024","148.03","149.36","149.40","147.58","","-0.90%"
"03/06/2024","149.37","150.04","150.10","149.09","","-0.45%"
"03/05/2024","150.04","150.52","150.64","149.70","","-0.31%"
"03/04/2024","150.51","150.11","150.64","149.83","","0.27%"
"03/01/2024","150.11","149.98","150.73","149.95","","0.09%"
"02/29/2024","149.98","150.70","150.70","149.20","","-0.46%"
"02/28/2024","150.67","150.51","150.85","150.37","","0.11%"
"02/27/2024","150.50","150.70","150.72","150.07","","-0.13%"
"02/26/2024","150.69","150.48","150.85","150.29","","0.13%"
"02/23/2024","150.50","150.54","150.79","150.30","","-0.01%"
"02/22/2024","150.51","150.31","150.70","150.01","","0.15%"
"02/21/2024","150.28","150.01","150.41","149.85","","0.19%"
"02/20/2024","149.99","150.13","150.45","149.68","","-0.08%"
"02/19/2024","150.11","150.10","150.24","149.87","","-0.07%"
"02/16/2024","150.21","149.93","150.65","149.82","","0.20%"
"02/15/2024","149.91","150.57","150.60","149.54","","-0.43%"
"02/14/2024","150.55","150.79","150.82","150.35","","-0.16%"
"02/13/2024","150.79","149.35","150.90","149.26","","0.97%"
"02/12/2024","149.34","149.25","149.49","148.93","","0.03%"
"02/09/2024","149.30","149.33","149.60","149.01","","-0.01%"
"02/08/2024","149.31","148.19","149.51","147.93","","0.76%"
"02/07/2024","148.18","147.95","148.30","147.64","","0.16%"
"02/06/2024","147.94","148.67","148.84","147.82","","-0.49%"
"02/05/2024","148.67","148.36","148.92","148.26","","0.20%"
"02/02/2024","148.37","146.44","148.60","146.24","","1.33%"
"02/01/2024","146.42","146.89","147.13","145.89","","-0.31%"
"01/31/2024","146.88","147.61","147.91","146.01","","-0.49%"
"01/30/2024","147.60","147.51","147.95","147.10","","0.07%"
"01/29/2024","147.49","148.12","148.34","147.25","","-0.45%"
"01/26/2024","148.16","147.63","148.23","147.42","","0.35%"
"01/25/2024","147.65","147.51","147.94","147.08","","0.10%"
"01/24/2024","147.50","148.36","148.40","146.65","","-0.58%"
"01/23/2024","148.36","148.10","148.73","146.99","","0.18%"
"01/22/2024","148.09","148.28","148.32","147.62","","-0.03%"
"01/19/2024","148.14","148.13","148.82","147.84","","-0.01%"
"01/18/2024","148.15","148.15","148.32","147.65","","0.00%"
"01/17/2024","148.15","147.20","148.54","147.07","","0.66%"
"01/16/2024","147.18","145.74","147.33","145.58","","0.99%"
"01/15/2024","145.73","144.92","145.96","144.87","","0.57%"
"01/12/2024","144.90","145.29","145.57","144.36","","-0.26%"
"01/11/2024","145.28","145.75","146.43","145.26","","-0.31%"
"01/10/2024","145.73","144.48","145.86","144.32","","0.87%"
"01/09/2024","144.47","144.27","144.64","143.42","","0.17%"
"01/08/2024","144.22","144.60","144.93","143.66","","-0.30%"
"01/05/2024","144.65","144.63","145.99","143.81","","0.02%"
"01/04/2024","144.62","143.30","144.87","142.85","","0.93%"
"01/03/2024","143.29","142.00","143.75","141.86","","0.92%"
"01/02/2024","141.98","140.88","142.23","140.81","","0.79%"
"01/01/2024","140.87","140.83","140.90","140.83","","-0.13%"
"12/29/2023","141.06","141.40","141.92","140.80","","-0.23%"
"12/28/2023","141.39","141.83","141.83","140.25","","-0.31%"
"12/27/2023","141.83","142.39","142.85","141.55","","-0.39%"
"12/26/2023","142.38","142.32","142.64","142.09","","0.03%"
"12/25/2023","142.34","142.40","142.56","142.13","","-0.05%"
"12/22/2023","142.41","142.12","142.68","141.88","","0.22%"
"12/21/2023","142.10","143.57","143.58","142.04","","-1.02%"
"12/20/2023","143.56","143.83","144.10","143.26","","-0.18%"
"12/19/2023","143.82","142.82","144.97","142.25","","0.76%"
"12/18/2023","142.74","142.14","143.17","142.07","","0.42%"
"12/15/2023","142.15","141.87","142.47","141.43","","0.20%"
"12/14/2023","141.87","142.89","142.90","140.96","","-0.71%"
"12/13/2023","142.88","145.45","146.01","142.64","","-1.75%"
"12/12/2023","145.43","146.13","146.20","144.74","","-0.50%"
"12/11/2023","146.16","144.86","146.59","144.81","","0.85%"
"12/08/2023","144.93","144.11","145.22","142.50","","0.56%"
"12/07/2023","144.12","147.30","147.32","141.71","","-2.17%"
"12/06/2023","147.31","147.19","147.53","146.89","","0.11%"
"12/05/2023","147.15","147.18","147.41","146.56","","-0.03%"
"12/04/2023","147.20","146.73","147.51","146.23","","0.27%"
"12/01/2023","146.81","148.20","148.35","146.66","","-0.93%"
"11/30/2023","148.19","147.25","148.51","146.83","","0.65%"
"11/29/2023","147.24","147.48","147.92","146.67","","-0.16%"
"11/28/2023","147.48","148.68","148.85","147.32","","-0.80%"
"11/27/2023","148.67","149.45","149.68","148.54","","-0.52%"
"11/24/2023","149.44","149.57","149.72","149.20","","-0.08%"
"11/23/2023","149.56","149.54","149.70","148.89","","0.02%"
"11/22/2023","149.53","148.40","149.76","148.01","","0.77%"
"11/21/2023","148.39","148.38","148.61","147.15","","0.02%"
"11/20/2023","148.36","149.64","150.00","148.10","","-0.84%"
"11/17/2023","149.62","150.70","150.79","149.20","","-0.72%"
"11/16/2023","150.71","151.35","151.50","150.28","","-0.42%"
"11/15/2023","151.35","150.37","151.47","150.05","","0.65%"
"11/14/2023","150.38","151.73","151.82","150.15","","-0.88%"
"11/13/2023","151.71","151.51","151.95","151.20","","0.14%"
"11/10/2023","151.50","151.35","151.62","151.21","","0.11%"
"11/09/2023","151.34","150.97","151.40","150.77","","0.25%"
"11/08/2023","150.97","150.36","151.07","150.34","","0.42%"
"11/07/2023","150.34","150.07","150.70","149.93","","0.18%"
"11/06/2023","150.07","149.38","150.09","149.24","","0.47%"
"11/03/2023","149.37","150.46","150.53","149.20","","-0.71%"
"11/02/2023","150.44","150.95","150.98","149.84","","-0.34%"
"11/01/2023","150.95","151.72","151.72","150.66","","-0.47%"
"10/31/2023","151.67","149.11","151.76","149.02","","1.72%"
"10/30/2023","149.10","149.54","149.93","148.80","","-0.33%"
"10/27/2023","149.60","150.38","150.43","149.46","","-0.52%"
"10/26/2023","150.38","150.20","150.79","149.89","","0.11%"
"10/25/2023","150.21","149.91","150.32","149.79","","0.20%"
"10/24/2023","149.91","149.72","149.94","149.32","","0.14%"
"10/23/2023","149.70","149.80","150.01","149.55","","-0.09%"
"10/20/2023","149.84","149.78","150.06","149.74","","0.04%"
"10/19/2023","149.78","149.94","150.01","149.66","","-0.09%"
"10/18/2023","149.92","149.82","149.99","149.49","","0.08%"
"10/17/2023","149.80","149.51","149.92","149.23","","0.20%"
"10/16/2023","149.50","149.49","149.79","149.35","","-0.03%"
"10/13/2023","149.55","149.80","149.83","149.45","","-0.17%"
"10/12/2023","149.80","149.17","149.89","148.95","","0.44%"
"10/11/2023","149.15","148.71","149.37","148.42","","0.30%"
"10/10/2023","148.70","148.56","149.14","148.16","","0.13%"
"10/09/2023","148.50","149.07","149.25","148.43","","-0.55%"
"10/06/2023","149.32","148.51","149.55","148.35","","0.55%"
"10/05/2023","148.50","149.12","149.14","148.26","","-0.42%"
"10/04/2023","149.12","149.02","149.33","148.73","","0.07%"
"10/03/2023","149.02","149.87","150.19","147.39","","-0.55%"
"10/02/2023","149.85","149.48","149.93","149.45","","0.33%"
"09/29/2023","149.35","149.31","149.52","148.52","","0.04%"
"09/28/2023","149.29","149.64","149.64","149.14","","-0.23%"
"09/27/2023","149.63","149.06","149.75","148.86","","0.39%"
"09/26/2023","149.05","148.92","149.22","148.70","","0.11%"
"09/25/2023","148.88","148.37","149.00","148.25","","0.34%"
"09/22/2023","148.37","147.57","148.45","147.51","","0.54%"
"09/21/2023","147.58","148.33","148.46","147.32","","-0.51%"
"09/20/2023","148.33","147.85","148.37","147.47","","0.32%"
"09/19/2023","147.86","147.61","147.98","147.50","","0.18%"
"09/18/2023","147.60","147.74","147.88","147.56","","-0.15%"
"09/15/2023","147.82","147.49","147.99","147.34","","0.24%"
"09/14/2023","147.47","147.45","147.58","147.01","","0.01%"
"09/13/2023","147.45","147.07","147.74","147.01","","0.25%"
"09/12/2023","147.08","146.59","147.26","146.45","","0.34%"
"09/11/2023","146.58","147.02","147.28","145.90","","-0.83%"
"09/08/2023","147.81","147.30","147.88","146.58","","0.35%"
"09/07/2023","147.29","147.66","147.88","147.04","","-0.24%"
"09/06/2023","147.65","147.74","147.82","147.01","","-0.04%"
"09/05/2023","147.71","146.49","147.82","146.39","","0.85%"
"09/04/2023","146.46","146.20","146.54","146.01","","0.16%"
"09/01/2023","146.23","145.54","146.32","144.44","","0.48%"
"08/31/2023","145.53","146.23","146.26","145.35","","-0.49%"
"08/30/2023","146.24","145.90","146.59","145.56","","0.25%"
"08/29/2023","145.87","146.55","147.39","145.67","","-0.46%"
"08/28/2023","146.54","146.43","146.75","146.26","","0.09%"
"08/25/2023","146.41","145.84","146.64","145.73","","0.37%"
"08/24/2023","145.87","144.83","145.97","144.59","","0.72%"
"08/23/2023","144.83","145.89","145.90","144.54","","-0.72%"
"08/22/2023","145.88","146.19","146.40","145.49","","-0.20%"
"08/21/2023","146.17","145.34","146.41","145.14","","0.55%"
"08/18/2023","145.37","145.86","145.89","144.93","","-0.32%"
"08/17/2023","145.83","146.36","146.57","145.62","","-0.36%"
"08/16/2023","146.35","145.59","146.42","145.31","","0.54%"
"08/15/2023","145.57","145.56","145.88","145.10","","0.02%"
"08/14/2023","145.54","144.99","145.60","144.66","","0.40%"
"08/11/2023","144.96","144.73","145.06","144.42","","0.16%"
"08/10/2023","144.73","143.73","144.83","143.30","","0.70%"
"08/09/2023","143.72","143.38","143.80","143.00","","0.24%"
"08/08/2023","143.37","142.48","143.51","142.40","","0.62%"
"08/07/2023","142.49","141.80","142.62","141.52","","0.52%"
"08/04/2023","141.75","142.57","142.89","141.55","","-0.55%"
"08/03/2023","142.54","143.33","143.90","142.06","","-0.54%"
"08/02/2023","143.32","143.34","143.49","142.24","","0.00%"
"08/01/2023","143.32","142.31","143.56","142.20","","0.73%"
"07/31/2023","142.28","141.00","142.69","140.69","","0.80%"
"07/28/2023","141.15","139.45","141.19","138.07","","1.23%"
"07/27/2023","139.44","140.23","141.34","138.77","","-0.55%"
"07/26/2023","140.21","140.89","141.19","139.93","","-0.49%"
"07/25/2023","140.90","141.47","141.75","140.85","","-0.38%"
"07/24/2023","141.44","141.69","141.82","140.75","","-0.25%"
"07/21/2023","141.79","140.08","141.97","139.75","","1.23%"
"07/20/2023","140.07","139.69","140.51","139.11","","0.29%"
"07/19/2023","139.67","138.83","140.01","138.76","","0.62%"
"07/18/2023","138.81","138.71","139.15","137.70","","0.07%"
"07/17/2023","138.71","138.76","139.42","138.01","","-0.01%"
"07/14/2023","138.73","138.01","139.18","137.25","","0.51%"
"07/13/2023","138.03","138.51","138.97","137.92","","-0.34%"
"07/12/2023","138.50","140.38","140.41","138.16","","-1.33%"
"07/11/2023","140.37","141.36","141.47","140.16","","-0.67%"
"07/10/2023","141.31","142.20","143.01","141.27","","-0.53%"
"07/07/2023","142.07","144.09","144.21","142.07","","-1.38%"
"07/06/2023","144.06","144.66","144.67","143.55","","-0.40%"
"07/05/2023","144.64","144.48","144.76","144.08","","0.13%"
"07/04/2023","144.45","144.70","144.72","144.20","","-0.15%"
"07/03/2023","144.66","144.37","144.95","143.98","","0.24%"
"06/30/2023","144.32","144.77","145.08","144.20","","-0.31%"
"06/29/2023","144.77","144.49","144.92","144.13","","0.21%"
"06/28/2023","144.46","144.05","144.64","143.73","","0.27%"
"06/27/2023","144.07","143.51","144.22","143.27","","0.40%"
"06/26/2023","143.50","143.57","143.73","142.94","","-0.13%"
"06/23/2023","143.68","143.11","143.94","142.76","","0.40%"
"06/22/2023","143.11","141.89","143.26","141.61","","0.87%"
"06/21/2023","141.88","141.48","142.42","141.27","","0.31%"
"06/20/2023","141.44","141.99","142.26","141.21","","-0.38%"
"06/19/2023","141.98","141.81","142.07","141.44","","0.11%"
"06/16/2023","141.82","140.32","141.92","139.85","","1.11%"
"06/15/2023","140.27","140.08","141.52","139.94","","0.13%"
"06/14/2023","140.09","140.20","140.28","139.28","","-0.09%"
"06/13/2023","140.21","139.61","140.32","139.01","","0.44%"
"06/12/2023","139.60","139.40","139.77","139.06","","0.19%"
"06/09/2023","139.34","138.93","139.75","138.75","","0.31%"
"06/08/2023","138.91","140.13","140.24","138.81","","-0.86%"
"06/07/2023","140.11","139.64","140.26","139.02","","0.34%"
"06/06/2023","139.63","139.56","140.01","139.09","","0.06%"
"06/05/2023","139.54","139.99","140.47","139.25","","-0.29%"
"06/02/2023","139.94","138.79","140.08","138.60","","0.83%"
"06/01/2023","138.79","139.35","139.97","138.46","","-0.39%"
"05/31/2023","139.34","139.81","140.39","139.23","","-0.32%"
"05/30/2023","139.79","140.45","140.95","139.57","","-0.46%"
"05/29/2023","140.44","140.69","140.92","140.11","","-0.13%"
"05/26/2023","140.62","140.06","140.74","139.49","","0.41%"
"05/25/2023","140.05","139.48","140.26","138.82","","0.42%"
"05/24/2023","139.46","138.59","139.49","138.23","","0.64%"
"05/23/2023","138.58","138.61","138.92","138.24","","-0.01%"
"05/22/2023","138.60","138.03","138.72","137.49","","0.47%"
"05/19/2023","137.95","138.73","138.74","137.43","","-0.55%"
"05/18/2023","138.71","137.67","138.76","137.29","","0.76%"
"05/17/2023","137.67","136.39","137.72","136.30","","0.95%"
"05/16/2023","136.37","136.12","136.70","135.69","","0.19%"
"05/15/2023","136.11","135.61","136.33","135.60","","0.29%"
"05/12/2023","135.71","134.51","135.77","134.39","","0.87%"
"05/11/2023","134.54","134.36","134.85","133.74","","0.15%"
"05/10/2023","134.34","135.23","135.49","134.11","","-0.64%"
"05/09/2023","135.21","135.10","135.37","134.72","","0.10%"
"05/08/2023","135.08","134.82","135.30","134.64","","0.19%"
"05/05/2023","134.83","134.29","135.14","133.88","","0.42%"
"05/04/2023","134.27","134.70","134.89","133.50","","-0.30%"
"05/03/2023","134.68","136.56","136.63","134.69","","-1.36%"
"05/02/2023","136.53","137.50","137.78","136.31","","-0.69%"
"05/01/2023","137.48","136.30","137.54","136.19","","0.88%"
"04/28/2023","136.28","133.96","136.57","133.37","","1.75%"
"04/27/2023","133.94","133.68","134.21","133.22","","0.21%"
"04/26/2023","133.66","133.72","133.95","133.01","","-0.04%"
"04/25/2023","133.71","134.25","134.50","133.37","","-0.38%"
"04/24/2023","134.22","134.10","134.76","133.89","","0.05%"
"04/21/2023","134.15","134.24","134.51","133.55","","-0.06%"
"04/20/2023","134.23","134.72","134.98","134.01","","-0.34%"
"04/19/2023","134.69","134.12","135.14","133.94","","0.45%"
"04/18/2023","134.09","134.45","134.71","133.86","","-0.28%"
"04/17/2023","134.46","133.83","134.58","133.71","","0.52%"
"04/14/2023","133.77","132.58","133.87","132.17","","0.91%"
"04/13/2023","132.56","133.14","133.41","132.02","","-0.42%"
"04/12/2023","133.12","133.71","134.05","132.74","","-0.40%"
"04/11/2023","133.65","133.61","133.82","132.97","","0.04%"
"04/10/2023","133.60","132.13","133.89","131.83","","1.11%"
"04/07/2023","132.13","131.78","132.39","131.52","","0.28%"
"04/06/2023","131.76","131.32","131.91","130.77","","0.34%"
"04/05/2023","131.31","131.70","131.86","130.64","","-0.29%"
"04/04/2023","131.69","132.42","133.18","131.52","","-0.54%"
"04/03/2023","132.41","132.99","133.76","132.20","","-0.29%"
"03/31/2023","132.79","132.67","133.61","132.58","","0.11%"
"03/30/2023","132.65","132.86","132.98","132.20","","-0.14%"
"03/29/2023","132.84","130.89","132.89","130.76","","1.51%"
"03/28/2023","130.86","131.57","131.62","130.40","","-0.53%"
"03/27/2023","131.56","130.54","131.79","130.50","","0.67%"
"03/24/2023","130.69","130.82","130.95","129.64","","-0.09%"
"03/23/2023","130.81","131.45","131.68","130.32","","-0.48%"
"03/22/2023","131.44","132.51","133.01","131.00","","-0.79%"
"03/21/2023","132.49","131.32","132.64","131.03","","0.90%"
"03/20/2023","131.31","132.49","132.65","130.54","","-0.36%"
"03/17/2023","131.79","133.75","133.78","131.56","","-1.44%"
"03/16/2023","133.72","133.39","133.86","131.72","","0.24%"
"03/15/2023","133.40","134.23","135.13","132.22","","-0.61%"
"03/14/2023","134.22","133.19","134.91","133.03","","0.78%"
"03/13/2023","133.18","134.98","135.04","132.28","","-1.33%"
"03/10/2023","134.98","136.14","137.01","134.11","","-0.85%"
"03/09/2023","136.14","137.35","137.38","135.95","","-0.87%"
"03/08/2023","137.34","137.17","137.92","136.48","","0.15%"
"03/07/2023","137.14","135.94","137.21","135.55","","0.91%"
"03/06/2023","135.91","135.88","136.21","135.37","","0.04%"
"03/03/2023","135.86","136.77","136.79","135.74","","-0.66%"
"03/02/2023","136.76","136.17","137.11","136.01","","0.44%"
"03/01/2023","136.16","136.22","136.48","135.26","","-0.03%"
"02/28/2023","136.20","136.23","136.95","135.74","","0.00%"
"02/27/2023","136.20","136.51","136.57","135.92","","-0.19%"
"02/24/2023","136.46","134.73","136.53","134.06","","1.31%"
"02/23/2023","134.70","134.88","135.38","134.48","","-0.15%"
"02/22/2023","134.90","135.01","135.07","134.36","","-0.07%"
"02/21/2023","134.99","134.26","135.24","134.14","","0.57%"
"02/20/2023","134.23","134.17","134.55","133.92","","0.06%"
"02/17/2023","134.15","133.95","135.13","133.93","","0.16%"
"02/16/2023","133.94","134.16","134.51","133.60","","-0.13%"
"02/15/2023","134.11","133.12","134.36","132.54","","0.75%"
"02/14/2023","133.11","132.42","133.33","131.51","","0.54%"
"02/13/2023","132.40","131.41","132.94","131.31","","0.75%"
"02/10/2023","131.41","131.57","131.89","129.81","","-0.11%"
"02/09/2023","131.56","131.38","131.83","130.34","","0.14%"
"02/08/2023","131.37","131.07","131.55","130.60","","0.24%"
"02/07/2023","131.05","132.64","132.72","130.48","","-1.21%"
"02/06/2023","132.65","132.15","132.92","131.51","","1.13%"
"02/03/2023","131.17","128.67","131.24","128.33","","1.96%"
"02/02/2023","128.65","128.95","129.13","128.08","","-0.22%"
"02/01/2023","128.93","130.08","130.44","128.54","","-0.89%"
"01/31/2023","130.09","130.45","130.55","129.74","","-0.27%"
"01/30/2023","130.44","129.72","130.62","129.20","","0.45%"
"01/27/2023","129.85","130.21","130.28","129.50","","-0.28%"
"01/26/2023","130.21","129.61","130.63","129.02","","0.48%"
"01/25/2023","129.59","130.18","130.60","129.26","","-0.43%"
"01/24/2023","130.15","130.64","131.12","129.73","","-0.39%"
"01/23/2023","130.66","129.51","130.91","129.04","","0.84%"
"01/20/2023","129.57","128.44","130.63","128.35","","0.90%"
"01/19/2023","128.42","128.92","128.95","127.76","","-0.36%"
"01/18/2023","128.88","128.11","131.58","127.57","","0.59%"
"01/17/2023","128.13","128.57","129.15","127.99","","-0.32%"
"01/16/2023","128.54","127.84","128.89","127.22","","0.52%"
"01/13/2023","127.88","129.27","129.44","127.46","","-1.04%"
"01/12/2023","129.22","132.48","132.49","128.87","","-2.45%"
"01/11/2023","132.47","132.26","132.89","132.06","","0.17%"
"01/10/2023","132.25","131.89","132.49","131.38","","0.28%"
"01/09/2023","131.88","131.93","132.67","131.30","","-0.14%"
"01/06/2023","132.07","133.42","134.79","131.99","","-1.00%"
"01/05/2023","133.40","132.63","134.07","131.68","","0.59%"
"01/04/2023","132.62","131.01","132.74","129.93","","1.24%"
"01/03/2023","131.00","130.86","131.41","129.51","","0.21%"
"01/02/2023","130.73","131.13","131.13","130.62","","-0.29%"
"12/30/2022","131.11","133.01","133.10","130.77","","-1.43%"
"12/29/2022","133.01","134.48","134.48","132.88","","-1.09%"
"12/28/2022","134.47","133.49","134.50","133.37","","0.74%"
"12/27/2022","133.48","132.89","133.61","132.63","","0.47%"
"12/26/2022","132.86","132.79","133.23","132.32","","0.05%"
"12/23/2022","132.79","132.37","133.16","132.15","","0.35%"
"12/22/2022","132.33","132.50","132.74","131.64","","-0.11%"
"12/21/2022","132.47","131.73","132.55","131.50","","0.58%"
"12/20/2022","131.70","136.90","137.48","130.57","","-3.78%"
"12/19/2022","136.88","136.06","137.19","135.75","","0.14%"
"12/16/2022","136.69","137.77","137.85","136.29","","-0.78%"
"12/15/2022","137.76","135.48","138.18","135.24","","1.69%"
"12/14/2022","135.47","135.58","136.00","134.59","","-0.07%"
"12/13/2022","135.57","137.68","137.98","134.66","","-1.52%"
"12/12/2022","137.66","136.61","137.86","136.51","","0.81%"
"12/09/2022","136.56","136.67","136.91","135.61","","-0.07%"
"12/08/2022","136.65","136.63","137.25","136.24","","0.04%"
"12/07/2022","136.60","137.06","137.87","136.21","","-0.33%"
"12/06/2022","137.05","136.76","137.48","135.96","","0.23%"
"12/05/2022","136.74","134.56","136.88","134.12","","1.82%"
"12/02/2022","134.30","135.29","135.99","133.62","","-0.72%"
"12/01/2022","135.27","138.07","138.12","135.21","","-2.00%"
"11/30/2022","138.03","138.70","139.91","137.65","","-0.47%"
"11/29/2022","138.68","138.96","139.36","137.87","","-0.19%"
"11/28/2022","138.94","139.34","139.43","137.50","","-0.12%"
"11/25/2022","139.10","138.63","139.61","138.36","","0.35%"
"11/24/2022","138.61","139.61","139.64","138.06","","-0.70%"
"11/23/2022","139.59","141.26","141.64","139.17","","-1.17%"
"11/22/2022","141.24","142.14","142.25","141.08","","-0.62%"
"11/21/2022","142.12","140.30","142.27","140.16","","1.26%"
"11/18/2022","140.35","140.20","140.51","139.63","","0.12%"
"11/17/2022","140.18","139.56","140.76","138.88","","0.45%"
"11/16/2022","139.55","139.29","140.30","138.73","","0.19%"
"11/15/2022","139.29","139.90","140.63","137.68","","-0.42%"
"11/14/2022","139.88","138.55","140.81","138.47","","0.79%"
"11/11/2022","138.79","141.01","142.49","138.46","","-1.53%"
"11/10/2022","140.95","146.45","146.61","140.20","","-3.75%"
"11/09/2022","146.44","145.69","146.82","145.17","","0.54%"
"11/08/2022","145.66","146.64","146.95","145.31","","-0.65%"
"11/07/2022","146.62","147.14","147.59","146.09","","0.02%"
"11/04/2022","146.59","148.26","148.41","146.55","","-1.13%"
"11/03/2022","148.27","147.89","148.47","147.11","","0.25%"
"11/02/2022","147.90","148.30","148.38","145.68","","-0.26%"
"11/01/2022","148.28","148.71","148.83","146.99","","-0.29%"
"10/31/2022","148.71","147.76","148.86","147.55","","0.85%"
"10/28/2022","147.45","146.29","147.89","145.99","","0.81%"
"10/27/2022","146.27","146.37","146.95","145.11","","-0.05%"
"10/26/2022","146.35","147.93","148.42","146.22","","-1.05%"
"10/25/2022","147.91","148.98","149.10","147.52","","-0.70%"
"10/24/2022","148.96","147.57","149.70","145.63","","0.89%"
"10/21/2022","147.64","150.15","151.96","146.21","","-1.67%"
"10/20/2022","150.14","149.88","150.30","149.55","","0.17%"
"10/19/2022","149.89","149.27","149.92","149.10","","0.42%"
"10/18/2022","149.26","149.02","149.36","148.67","","0.15%"
"10/17/2022","149.03","148.45","149.09","148.42","","0.19%"
"10/14/2022","148.74","147.20","148.89","147.09","","1.03%"
"10/13/2022","147.22","146.92","147.69","146.50","","0.21%"
"10/12/2022","146.91","145.86","147.01","145.73","","0.72%"
"10/11/2022","145.86","145.69","145.92","145.42","","0.12%"
"10/10/2022","145.68","145.36","145.88","145.23","","0.24%"
"10/07/2022","145.33","145.13","145.46","144.71","","0.14%"
"10/06/2022","145.12","144.66","145.15","144.37","","0.34%"
"10/05/2022","144.63","144.14","144.86","143.52","","0.37%"
"10/04/2022","144.09","144.54","144.95","143.89","","-0.30%"
"10/03/2022","144.53","144.61","145.22","144.15","","-0.15%"
"09/30/2022","144.75","144.45","144.83","144.20","","0.21%"
"09/29/2022","144.45","144.14","144.81","144.05","","0.20%"
"09/28/2022","144.16","144.77","144.87","143.90","","-0.41%"
"09/27/2022","144.76","144.76","144.92","144.06","","0.01%"
"09/26/2022","144.75","143.39","144.80","143.27","","1.00%"
"09/23/2022","143.32","142.38","143.48","141.76","","0.68%"
"09/22/2022","142.35","144.05","145.91","140.35","","-1.17%"
"09/21/2022","144.04","143.75","144.71","143.34","","0.22%"
"09/20/2022","143.72","143.20","143.93","142.94","","0.36%"
"09/19/2022","143.20","142.96","143.65","142.64","","0.20%"
"09/16/2022","142.91","143.51","143.70","142.83","","-0.43%"
"09/15/2022","143.52","143.17","143.82","142.79","","0.26%"
"09/14/2022","143.15","144.58","144.96","142.55","","-0.97%"
"09/13/2022","144.55","142.85","144.70","141.84","","1.20%"
"09/12/2022","142.83","142.25","143.51","142.15","","0.22%"
"09/09/2022","142.52","144.12","144.14","141.50","","-1.09%"
"09/08/2022","144.09","143.73","144.57","143.32","","0.27%"
"09/07/2022","143.70","142.80","145.00","142.72","","0.64%"
"09/06/2022","142.79","140.62","143.09","140.25","","1.56%"
"09/05/2022","140.59","140.18","140.68","140.08","","0.28%"
"09/02/2022","140.20","140.20","140.81","139.87","","0.00%"
"09/01/2022","140.20","138.97","140.24","138.92","","0.89%"
"08/31/2022","138.96","138.81","139.01","138.26","","0.12%"
"08/30/2022","138.79","138.70","139.08","138.05","","0.07%"
"08/29/2022","138.69","137.66","139.01","137.56","","0.85%"
"08/26/2022","137.52","136.51","137.57","136.30","","0.75%"
"08/25/2022","136.50","137.12","137.20","136.32","","-0.44%"
"08/24/2022","137.11","136.79","137.26","136.17","","0.24%"
"08/23/2022","136.78","137.49","137.72","135.81","","-0.50%"
"08/22/2022","137.47","136.88","137.66","136.70","","0.39%"
"08/19/2022","136.93","135.89","137.25","135.71","","0.77%"
"08/18/2022","135.88","135.02","135.92","134.64","","0.64%"
"08/17/2022","135.01","134.24","135.51","133.90","","0.60%"
"08/16/2022","134.21","133.31","134.69","132.94","","0.67%"
"08/15/2022","133.32","133.45","133.60","132.55","","-0.12%"
"08/12/2022","133.48","133.04","133.90","132.88","","0.36%"
"08/11/2022","133.00","132.90","133.32","131.73","","0.10%"
"08/10/2022","132.87","135.16","135.31","132.02","","-1.67%"
"08/09/2022","135.13","135.01","135.22","134.67","","0.10%"
"08/08/2022","135.00","135.01","135.58","134.36","","0.02%"
"08/05/2022","134.97","132.87","135.51","132.51","","1.60%"
"08/04/2022","132.85","133.86","134.44","132.76","","-0.75%"
"08/03/2022","133.86","133.17","134.55","132.28","","0.53%"
"08/02/2022","133.16","131.62","133.19","130.40","","1.18%"
"08/01/2022","131.61","133.23","133.57","131.60","","-1.19%"
"07/29/2022","133.19","134.28","134.68","132.51","","-0.81%"
"07/28/2022","134.28","136.57","136.60","134.20","","-1.66%"
"07/27/2022","136.55","136.93","137.48","136.32","","-0.26%"
"07/26/2022","136.91","136.70","136.98","136.27","","0.18%"
"07/25/2022","136.66","136.07","136.80","135.89","","0.45%"
"07/22/2022","136.05","137.39","137.97","135.57","","-0.96%"
"07/21/2022","137.37","138.24","138.89","137.30","","-0.60%"
"07/20/2022","138.20","138.19","138.39","137.90","","0.01%"
"07/19/2022","138.18","138.14","138.40","137.38","","0.04%"
"07/18/2022","138.12","138.55","138.58","137.89","","-0.30%"
"07/15/2022","138.53","138.97","139.13","138.39","","-0.27%"
"07/14/2022","138.90","137.43","139.40","137.33","","1.08%"
"07/13/2022","137.42","136.88","137.88","136.68","","0.41%"
"07/12/2022","136.86","137.44","137.54","136.48","","-0.41%"
"07/11/2022","137.42","136.03","137.76","136.00","","0.98%"
"07/08/2022","136.08","136.02","136.58","135.33","","0.07%"
"07/07/2022","135.98","135.95","136.24","135.54","","0.04%"
"07/06/2022","135.93","135.89","136.01","134.95","","0.04%"
"07/05/2022","135.87","135.71","136.38","135.52","","0.13%"
"07/04/2022","135.69","135.32","135.79","134.78","","0.37%"
"07/01/2022","135.19","135.73","135.99","134.75","","-0.40%"
"06/30/2022","135.73","136.59","136.82","135.55","","-0.62%"
"06/29/2022","136.58","136.13","137.01","135.79","","0.34%"
"06/28/2022","136.12","135.46","136.40","135.11","","0.51%"
"06/27/2022","135.43","135.12","135.56","134.51","","0.19%"
"06/24/2022","135.17","134.95","135.41","134.36","","0.18%"
"06/23/2022","134.93","136.26","136.26","134.26","","-0.98%"
"06/22/2022","136.26","136.65","136.72","135.69","","-0.26%"
"06/21/2022","136.61","135.10","136.71","134.92","","1.13%"
"06/20/2022","135.08","134.89","135.45","134.54","","0.09%"
"06/17/2022","134.96","132.21","135.44","132.16","","2.09%"
"06/16/2022","132.20","133.83","134.69","131.49","","-1.22%"
"06/15/2022","133.83","135.48","135.60","133.50","","-1.21%"
"06/14/2022","135.47","134.43","135.49","133.87","","0.80%"
"06/13/2022","134.40","134.39","135.19","133.59","","-0.01%"
"06/10/2022","134.42","134.35","134.49","133.36","","0.07%"
"06/09/2022","134.33","134.27","134.56","133.18","","0.07%"
"06/08/2022","134.24","132.57","134.49","132.57","","1.25%"
"06/07/2022","132.58","131.88","133.01","131.86","","0.54%"
"06/06/2022","131.87","130.86","132.02","130.43","","0.77%"
"06/03/2022","130.86","129.86","130.99","129.68","","0.79%"
"06/02/2022","129.83","130.12","130.24","129.51","","-0.22%"
"06/01/2022","130.11","128.65","130.20","128.64","","1.11%"
"05/31/2022","128.68","127.57","128.90","127.53","","0.89%"
"05/30/2022","127.55","127.07","127.83","126.86","","0.35%"
"05/27/2022","127.11","127.14","127.27","126.67","","-0.02%"
"05/26/2022","127.14","127.34","127.59","126.55","","-0.13%"
"05/25/2022","127.31","126.83","127.51","126.65","","0.40%"
"05/24/2022","126.80","127.90","128.09","126.36","","-0.84%"
"05/23/2022","127.87","127.93","128.07","127.15","","0.02%"
"05/20/2022","127.85","127.82","128.31","127.53","","0.04%"
"05/19/2022","127.80","128.23","128.96","127.03","","-0.33%"
"05/18/2022","128.22","129.39","129.55","128.01","","-0.90%"
"05/17/2022","129.39","129.18","129.79","128.82","","0.18%"
"05/16/2022","129.16","129.27","129.64","128.70","","-0.02%"
"05/13/2022","129.19","128.35","129.46","128.25","","0.68%"
"05/12/2022","128.32","129.89","130.06","127.52","","-1.26%"
"05/11/2022","129.96","130.45","130.82","129.45","","-0.36%"
"05/10/2022","130.43","130.26","130.58","129.80","","0.14%"
"05/09/2022","130.25","130.51","131.36","130.12","","-0.24%"
"05/06/2022","130.56","130.19","130.82","130.09","","0.33%"
"05/05/2022","130.13","129.07","130.57","128.75","","0.82%"
"05/04/2022","129.07","130.11","130.39","128.63","","-0.79%"
"05/03/2022","130.10","130.14","130.31","129.70","","-0.03%"
"05/02/2022","130.14","129.78","130.49","129.61","","0.24%"
"04/29/2022","129.83","130.87","130.96","129.31","","-0.78%"
"04/28/2022","130.85","128.44","131.26","128.33","","1.89%"
"04/27/2022","128.42","127.23","128.61","126.95","","0.94%"
"04/26/2022","127.22","128.14","128.23","127.03","","-0.70%"
"04/25/2022","128.12","128.60","128.88","127.52","","-0.34%"
"04/22/2022","128.56","128.39","129.12","127.74","","0.13%"
"04/21/2022","128.39","127.89","128.71","127.80","","0.40%"
"04/20/2022","127.88","128.92","129.41","127.46","","-0.79%"
"04/19/2022","128.90","127.00","128.99","126.97","","1.52%"
"04/18/2022","126.97","126.43","127.01","126.25","","0.49%"
"04/15/2022","126.35","125.87","126.70","125.87","","0.39%"
"04/14/2022","125.86","125.67","126.03","125.09","","0.16%"
"04/13/2022","125.66","125.36","126.33","125.35","","0.25%"
"04/12/2022","125.35","125.37","125.77","124.78","","0.00%"
"04/11/2022","125.35","124.06","125.79","124.00","","0.83%"
"04/08/2022","124.32","123.93","124.69","123.67","","0.32%"
"04/07/2022","123.92","123.80","124.02","123.47","","0.11%"
"04/06/2022","123.79","123.62","124.07","123.47","","0.15%"
"04/05/2022","123.60","122.81","123.68","122.38","","0.67%"
"04/04/2022","122.78","122.64","122.96","122.26","","0.24%"
"04/01/2022","122.49","121.67","123.05","121.67","","0.68%"
"03/31/2022","121.66","121.88","122.46","121.28","","-0.11%"
"03/30/2022","121.80","122.86","123.21","121.31","","-0.85%"
"03/29/2022","122.84","123.72","124.31","121.98","","-0.86%"
"03/28/2022","123.91","121.97","125.11","121.96","","1.52%"
"03/25/2022","122.06","122.36","122.44","121.18","","-0.22%"
"03/24/2022","122.33","121.16","122.42","120.95","","0.97%"
"03/23/2022","121.15","120.79","121.42","120.59","","0.29%"
"03/22/2022","120.80","119.48","121.04","119.44","","1.11%"
"03/21/2022","119.47","119.17","119.51","119.07","","0.25%"
"03/18/2022","119.17","118.60","119.41","118.47","","0.49%"
"03/17/2022","118.59","118.73","119.03","118.37","","-0.11%"
"03/16/2022","118.72","118.31","119.14","118.17","","0.37%"
"03/15/2022","118.28","118.18","118.46","117.71","","0.08%"
"03/14/2022","118.18","117.34","118.23","117.30","","0.77%"
"03/11/2022","117.28","116.15","117.37","116.10","","0.99%"
"03/10/2022","116.13","115.84","116.21","115.81","","0.27%"
"03/09/2022","115.82","115.68","115.96","115.56","","0.14%"
"03/08/2022","115.66","115.32","115.80","115.27","","0.32%"
"03/07/2022","115.29","114.82","115.49","114.79","","0.44%"
"03/04/2022","114.78","115.47","115.56","114.65","","-0.59%"
"03/03/2022","115.46","115.53","115.82","115.38","","-0.03%"
"03/02/2022","115.50","114.91","115.70","114.79","","0.53%"
"03/01/2022","114.89","115.01","115.30","114.70","","-0.09%"
"02/28/2022","114.99","114.98","115.79","114.86","","-0.49%"
"02/25/2022","115.56","115.54","115.78","115.15","","0.03%"
"02/24/2022","115.52","114.99","115.71","114.41","","0.48%"
"02/23/2022","114.97","115.09","115.21","114.92","","-0.10%"
"02/22/2022","115.08","114.74","115.25","114.50","","0.30%"
"02/21/2022","114.74","114.93","115.13","114.71","","-0.23%"
"02/18/2022","115.00","114.94","115.31","114.79","","0.06%"
"02/17/2022","114.93","115.50","115.55","114.85","","-0.46%"
"02/16/2022","115.46","115.64","115.80","115.35","","-0.14%"
"02/15/2022","115.62","115.55","115.89","115.26","","0.08%"
"02/14/2022","115.53","115.28","115.76","115.01","","0.10%"
"02/11/2022","115.41","116.02","116.18","115.01","","-0.51%"
"02/10/2022","116.00","115.51","116.35","115.48","","0.44%"
"02/09/2022","115.49","115.55","115.69","115.32","","-0.04%"
"02/08/2022","115.54","115.10","115.64","115.05","","0.36%"
"02/07/2022","115.12","115.23","115.39","114.91","","-0.07%"
"02/04/2022","115.20","114.98","115.44","114.77","","0.22%"
"02/03/2022","114.95","114.47","115.00","114.33","","0.45%"
"02/02/2022","114.44","114.73","114.81","114.16","","-0.24%"
"02/01/2022","114.71","115.13","115.21","114.57","","-0.34%"
"01/31/2022","115.10","115.23","115.61","114.92","","-0.12%"
"01/28/2022","115.24","115.37","115.70","115.12","","-0.09%"
"01/27/2022","115.34","114.65","115.50","114.47","","0.62%"
"01/26/2022","114.63","113.90","114.71","113.77","","0.68%"
"01/25/2022","113.86","113.98","114.17","113.67","","-0.05%"
"01/24/2022","113.92","113.66","114.01","113.47","","0.21%"
"01/21/2022","113.68","114.11","114.17","113.60","","-0.36%"
"01/20/2022","114.09","114.32","114.56","113.96","","-0.20%"
"01/19/2022","114.32","114.62","114.79","114.21","","-0.25%"
"01/18/2022","114.61","114.64","115.07","114.45","","0.01%"
"01/17/2022","114.60","114.21","114.66","114.13","","0.35%"
"01/14/2022","114.20","114.20","114.27","113.48","","0.03%"
"01/13/2022","114.17","114.65","114.71","114.00","","-0.40%"
"01/12/2022","114.63","115.30","115.48","114.38","","-0.56%"
"01/11/2022","115.28","115.21","115.69","115.12","","0.07%"
"01/10/2022","115.20","115.64","115.86","115.05","","-0.30%"
"01/07/2022","115.55","115.84","116.05","115.51","","-0.23%"
"01/06/2022","115.82","116.13","116.20","115.63","","-0.24%"
"01/05/2022","116.10","116.16","116.26","115.62","","-0.03%"
"01/04/2022","116.14","115.34","116.36","115.29","","0.71%"
"01/03/2022","115.32","115.10","115.38","114.96","","0.21%"
"12/31/2021","115.08","115.08","115.20","115.00","","0.02%"
"12/30/2021","115.06","114.96","115.21","114.94","","0.10%"
"12/29/2021","114.94","114.82","115.04","114.67","","0.11%"
"12/28/2021","114.81","114.87","114.96","114.71","","-0.02%"
"12/27/2021","114.83","114.39","114.93","114.30","","0.37%"
"12/24/2021","114.41","114.38","114.52","114.29","","0.03%"
"12/23/2021","114.37","114.10","114.48","114.07","","0.23%"
"12/22/2021","114.11","114.12","114.38","113.95","","0.03%"
"12/21/2021","114.08","113.60","114.23","113.55","","0.44%"
"12/20/2021","113.58","113.63","113.74","113.33","","-0.08%"
"12/17/2021","113.67","113.66","113.87","113.14","","-0.03%"
"12/16/2021","113.70","114.03","114.26","113.56","","-0.28%"
"12/15/2021","114.02","113.73","114.28","113.62","","0.27%"
"12/14/2021","113.71","113.58","113.77","113.43","","0.13%"
"12/13/2021","113.56","113.28","113.74","113.27","","0.16%"
"12/10/2021","113.38","113.52","113.81","113.22","","-0.05%"
"12/09/2021","113.44","113.68","113.82","113.27","","-0.19%"
"12/08/2021","113.66","113.59","113.97","113.31","","0.08%"
"12/07/2021","113.57","113.47","113.79","113.40","","0.10%"
"12/06/2021","113.46","112.78","113.57","112.77","","0.59%"
"12/03/2021","112.80","113.17","113.63","112.56","","-0.31%"
"12/02/2021","113.15","112.77","113.35","112.71","","0.35%"
"12/01/2021","112.75","113.18","113.64","112.67","","-0.34%"
"11/30/2021","113.13","113.53","113.91","112.53","","-0.34%"
"11/29/2021","113.52","113.35","113.97","112.99","","0.19%"
"11/26/2021","113.31","115.37","115.39","113.05","","-1.77%"
"11/25/2021","115.35","115.42","115.47","115.24","","-0.05%"
"11/24/2021","115.41","115.11","115.53","114.82","","0.25%"
"11/23/2021","115.12","114.92","115.19","114.49","","0.23%"
"11/22/2021","114.86","113.97","114.97","113.91","","0.77%"
"11/19/2021","113.98","114.25","114.55","113.58","","-0.23%"
"11/18/2021","114.24","114.07","114.49","113.88","","0.15%"
"11/17/2021","114.07","114.83","114.98","113.93","","-0.65%"
"11/16/2021","114.82","114.13","114.86","114.10","","0.61%"
"11/15/2021","114.12","113.91","114.23","113.76","","0.24%"
"11/12/2021","113.85","114.07","114.31","113.76","","-0.18%"
"11/11/2021","114.05","113.93","114.16","113.81","","0.13%"
"11/10/2021","113.90","112.88","114.03","112.77","","0.93%"
"11/09/2021","112.85","113.23","113.30","112.72","","-0.33%"
"11/08/2021","113.22","113.44","113.68","113.08","","-0.16%"
"11/05/2021","113.40","113.75","114.04","113.30","","-0.31%"
"11/04/2021","113.75","114.01","114.29","113.51","","-0.20%"
"11/03/2021","113.98","113.96","114.23","113.72","","0.03%"
"11/02/2021","113.95","114.00","114.15","113.46","","-0.03%"
"11/01/2021","113.98","113.98","114.46","113.94","","-0.02%"
"10/29/2021","114.00","113.59","114.10","113.39","","0.39%"
"10/28/2021","113.56","113.83","113.88","113.25","","-0.22%"
"10/27/2021","113.81","114.16","114.23","113.39","","-0.29%"
"10/26/2021","114.14","113.71","114.32","113.68","","0.39%"
"10/25/2021","113.70","113.60","113.93","113.46","","0.21%"
"10/22/2021","113.46","113.98","114.21","113.41","","-0.45%"
"10/21/2021","113.97","114.28","114.42","113.65","","-0.25%"
"10/20/2021","114.26","114.38","114.71","114.08","","-0.09%"
"10/19/2021","114.36","114.33","114.41","113.88","","0.04%"
"10/18/2021","114.31","114.22","114.46","114.01","","0.10%"
"10/15/2021","114.20","113.68","114.48","113.64","","0.48%"
"10/14/2021","113.66","113.28","113.73","113.21","","0.38%"
"10/13/2021","113.23","113.61","113.82","113.23","","-0.33%"
"10/12/2021","113.60","113.31","113.80","113.00","","0.26%"
"10/11/2021","113.30","112.18","113.43","112.15","","0.96%"
"10/08/2021","112.22","111.63","112.27","111.51","","0.56%"
"10/07/2021","111.59","111.42","111.66","111.23","","0.16%"
"10/06/2021","111.41","111.48","111.80","111.20","","-0.04%"
"10/05/2021","111.45","110.89","111.57","110.87","","0.52%"
"10/04/2021","110.87","111.04","111.32","110.83","","-0.16%"
"10/01/2021","111.05","111.28","111.50","110.90","","-0.20%"
"09/30/2021","111.27","111.98","112.09","111.24","","-0.62%"
"09/29/2021","111.96","111.50","112.05","111.21","","0.41%"
"09/28/2021","111.50","111.01","111.65","110.93","","0.45%"
"09/27/2021","111.00","110.69","111.08","110.53","","0.25%"
"09/24/2021","110.72","110.33","110.80","110.25","","0.38%"
"09/23/2021","110.30","109.79","110.36","109.75","","0.47%"
"09/22/2021","109.78","109.24","109.91","109.12","","0.52%"
"09/21/2021","109.21","109.41","109.72","109.18","","-0.16%"
"09/20/2021","109.39","109.98","110.04","109.32","","-0.52%"
"09/17/2021","109.96","109.78","110.08","109.67","","0.24%"
"09/16/2021","109.70","109.38","109.84","109.21","","0.31%"
"09/15/2021","109.36","109.68","109.75","109.11","","-0.28%"
"09/14/2021","109.67","110.00","110.17","109.53","","-0.28%"
"09/13/2021","109.98","109.89","110.17","109.85","","0.05%"
"09/10/2021","109.93","109.72","110.00","109.69","","0.21%"
"09/09/2021","109.70","110.24","110.30","109.62","","-0.48%"
"09/08/2021","110.23","110.29","110.46","110.14","","-0.04%"
"09/07/2021","110.27","109.86","110.32","109.69","","0.40%"
"09/06/2021","109.83","109.75","109.96","109.70","","0.09%"
"09/03/2021","109.73","109.96","110.08","109.59","","-0.17%"
"09/02/2021","109.92","110.01","110.12","109.92","","-0.06%"
"09/01/2021","109.99","110.03","110.43","109.88","","-0.03%"
"08/31/2021","110.02","109.94","110.09","109.59","","0.09%"
"08/30/2021","109.92","109.86","109.97","109.70","","0.09%"
"08/27/2021","109.82","110.10","110.28","109.78","","-0.23%"
"08/26/2021","110.07","110.00","110.24","109.92","","0.07%"
"08/25/2021","109.99","109.64","110.13","109.62","","0.34%"
"08/24/2021","109.62","109.70","109.90","109.41","","-0.05%"
"08/23/2021","109.68","109.81","110.16","109.65","","-0.11%"
"08/20/2021","109.80","109.75","109.89","109.57","","0.07%"
"08/19/2021","109.72","109.77","110.23","109.49","","-0.02%"
"08/18/2021","109.74","109.58","110.07","109.48","","0.16%"
"08/17/2021","109.57","109.23","109.66","109.12","","0.31%"
"08/16/2021","109.23","109.71","109.76","109.11","","-0.31%"
"08/13/2021","109.57","110.40","110.47","109.54","","-0.73%"
"08/12/2021","110.38","110.42","110.55","110.31","","-0.02%"
"08/11/2021","110.40","110.58","110.81","110.31","","-0.14%"
"08/10/2021","110.56","110.29","110.60","110.28","","0.25%"
"08/09/2021","110.28","110.27","110.36","110.02","","0.03%"
"08/06/2021","110.25","109.77","110.36","109.70","","0.46%"
"08/05/2021","109.74","109.49","109.80","109.41","","0.25%"
"08/04/2021","109.47","109.07","109.69","108.72","","0.39%"
"08/03/2021","109.04","109.32","109.36","108.88","","-0.22%"
"08/02/2021","109.28","109.70","109.79","109.19","","-0.38%"
"07/30/2021","109.70","109.49","109.83","109.36","","0.22%"
"07/29/2021","109.46","109.91","109.96","109.42","","-0.40%"
"07/28/2021","109.90","109.76","110.29","109.74","","0.13%"
"07/27/2021","109.76","110.36","110.41","109.58","","-0.53%"
"07/26/2021","110.34","110.57","110.59","110.12","","-0.18%"
"07/23/2021","110.54","110.16","110.60","110.09","","0.36%"
"07/22/2021","110.14","110.33","110.37","110.01","","-0.12%"
"07/21/2021","110.27","109.85","110.39","109.80","","0.39%"
"07/20/2021","109.84","109.44","109.96","109.33","","0.37%"
"07/19/2021","109.44","109.92","110.11","109.07","","-0.58%"
"07/16/2021","110.08","109.88","110.36","109.73","","0.20%"
"07/15/2021","109.86","109.98","110.10","109.71","","-0.12%"
"07/14/2021","109.99","110.64","110.71","109.93","","-0.56%"
"07/13/2021","110.61","110.39","110.65","110.20","","0.24%"
"07/12/2021","110.35","110.17","110.41","109.98","","0.19%"
"07/09/2021","110.14","109.81","110.27","109.73","","0.32%"
"07/08/2021","109.79","110.65","110.71","109.53","","-0.78%"
"07/07/2021","110.65","110.64","110.83","110.40","","0.05%"
"07/06/2021","110.60","110.97","110.99","110.52","","-0.32%"
"07/05/2021","110.96","111.06","111.20","110.80","","-0.07%"
"07/02/2021","111.04","111.54","111.67","110.95","","-0.41%"
"07/01/2021","111.50","111.11","111.65","111.03","","0.36%"
"06/30/2021","111.10","110.53","111.12","110.42","","0.54%"
"06/29/2021","110.50","110.64","110.77","110.43","","-0.11%"
"06/28/2021","110.62","110.75","110.98","110.50","","-0.14%"
"06/25/2021","110.77","110.88","110.99","110.48","","-0.08%"
"06/24/2021","110.86","110.96","111.12","110.69","","-0.07%"
"06/23/2021","110.94","110.65","111.11","110.62","","0.27%"
"06/22/2021","110.64","110.32","110.80","110.21","","0.31%"
"06/21/2021","110.30","110.27","110.35","109.72","","0.10%"
"06/18/2021","110.19","110.22","110.49","109.94","","-0.01%"
"06/17/2021","110.20","110.70","110.83","110.17","","-0.44%"
"06/16/2021","110.69","110.08","110.73","109.80","","0.56%"
"06/15/2021","110.07","110.07","110.18","109.98","","0.01%"
"06/14/2021","110.06","109.65","110.10","109.60","","0.37%"
"06/11/2021","109.65","109.32","109.85","109.31","","0.31%"
"06/10/2021","109.31","109.63","109.81","109.30","","-0.27%"
"06/09/2021","109.61","109.50","109.66","109.22","","0.11%"
"06/08/2021","109.49","109.26","109.56","109.20","","0.23%"
"06/07/2021","109.24","109.52","109.65","109.19","","-0.23%"
"06/04/2021","109.49","110.30","110.34","109.36","","-0.72%"
"06/03/2021","110.28","109.56","110.33","109.54","","0.68%"
"06/02/2021","109.54","109.48","109.90","109.42","","0.08%"
"06/01/2021","109.45","109.57","109.72","109.33","","-0.08%"
"05/31/2021","109.54","109.84","109.95","109.35","","-0.25%"
"05/28/2021","109.81","109.82","110.21","109.74","","0.01%"
"05/27/2021","109.80","109.15","109.93","109.03","","0.60%"
"05/26/2021","109.14","108.78","109.18","108.72","","0.35%"
"05/25/2021","108.76","108.74","109.08","108.57","","0.02%"
"05/24/2021","108.74","108.95","109.00","108.69","","-0.18%"
"05/21/2021","108.94","108.79","109.01","108.61","","0.17%"
"05/20/2021","108.75","109.24","109.31","108.75","","-0.42%"
"05/19/2021","109.21","108.90","109.35","108.57","","0.30%"
"05/18/2021","108.88","109.21","109.29","108.84","","-0.28%"
"05/17/2021","109.19","109.28","109.51","109.07","","-0.14%"
"05/14/2021","109.34","109.47","109.66","109.20","","-0.10%"
"05/13/2021","109.45","109.67","109.79","109.40","","-0.18%"
"05/12/2021","109.65","108.62","109.72","108.59","","0.96%"
"05/11/2021","108.61","108.80","108.99","108.35","","-0.16%"
"05/10/2021","108.78","108.67","109.07","108.46","","0.17%"
"05/07/2021","108.60","109.10","109.30","108.34","","-0.44%"
"05/06/2021","109.08","109.21","109.44","109.00","","-0.09%"
"05/05/2021","109.18","109.35","109.48","109.14","","-0.14%"
"05/04/2021","109.33","109.08","109.50","109.03","","0.25%"
"05/03/2021","109.06","109.27","109.71","108.90","","-0.19%"
"04/30/2021","109.27","108.92","109.38","108.71","","0.33%"
"04/29/2021","108.91","108.60","109.23","108.43","","0.29%"
"04/28/2021","108.59","108.74","109.09","108.57","","-0.08%"
"04/27/2021","108.68","108.08","108.78","108.07","","0.56%"
"04/26/2021","108.08","107.99","108.21","107.64","","0.16%"
"04/23/2021","107.91","107.97","108.15","107.48","","-0.05%"
"04/22/2021","107.96","108.07","108.24","107.81","","-0.08%"
"04/21/2021","108.05","108.10","108.29","107.88","","-0.03%"
"04/20/2021","108.08","108.16","108.55","107.97","","-0.06%"
"04/19/2021","108.15","108.78","108.84","108.01","","-0.57%"
"04/16/2021","108.77","108.78","108.97","108.61","","0.03%"
"04/15/2021","108.74","108.92","108.99","108.61","","-0.16%"
"04/14/2021","108.91","109.07","109.10","108.75","","-0.13%"
"04/13/2021","109.05","109.38","109.77","109.02","","-0.29%"
"04/12/2021","109.37","109.68","109.78","109.24","","-0.26%"
"04/09/2021","109.65","109.25","109.96","109.20","","0.38%"
"04/08/2021","109.24","109.86","109.91","109.00","","-0.55%"
"04/07/2021","109.84","109.75","109.96","109.58","","0.09%"
"04/06/2021","109.74","110.17","110.57","109.67","","-0.39%"
"04/05/2021","110.17","110.63","110.76","109.96","","-0.49%"
"04/02/2021","110.71","110.63","110.76","110.37","","0.10%"
"04/01/2021","110.60","110.75","110.86","110.54","","-0.09%"
"03/31/2021","110.70","110.36","110.97","110.27","","0.33%"
"03/30/2021","110.34","109.80","110.43","109.75","","0.51%"
"03/29/2021","109.78","109.66","109.86","109.37","","0.13%"
"03/26/2021","109.64","109.19","109.86","109.13","","0.43%"
"03/25/2021","109.17","108.74","109.24","108.72","","0.41%"
"03/24/2021","108.72","108.59","108.96","108.45","","0.15%"
"03/23/2021","108.56","108.85","108.89","108.40","","-0.25%"
"03/22/2021","108.83","108.87","108.96","108.52","","-0.04%"
"03/19/2021","108.87","108.89","109.13","108.61","","-0.01%"
"03/18/2021","108.88","108.85","109.31","108.63","","0.05%"
"03/17/2021","108.83","109.00","109.33","108.75","","-0.14%"
"03/16/2021","108.98","109.13","109.30","108.77","","-0.13%"
"03/15/2021","109.12","109.07","109.37","108.91","","0.11%"
"03/12/2021","109.00","108.51","109.17","108.49","","0.47%"
"03/11/2021","108.49","108.38","108.82","108.36","","0.10%"
"03/10/2021","108.38","108.48","108.93","108.34","","-0.07%"
"03/09/2021","108.46","108.90","109.25","108.41","","-0.37%"
"03/08/2021","108.86","108.41","108.95","108.31","","0.48%"
"03/05/2021","108.34","107.98","108.65","107.82","","0.34%"
"03/04/2021","107.97","107.00","107.99","106.97","","0.92%"
"03/03/2021","106.99","106.69","107.16","106.68","","0.30%"
"03/02/2021","106.67","106.77","106.97","106.67","","-0.07%"
"03/01/2021","106.75","106.57","106.89","106.36","","0.16%"
"02/26/2021","106.58","106.23","106.70","105.85","","0.35%"
"02/25/2021","106.21","105.89","106.41","105.83","","0.33%"
"02/24/2021","105.86","105.26","106.12","105.19","","0.59%"
"02/23/2021","105.24","105.08","105.44","104.92","","0.17%"
"02/22/2021","105.06","105.42","105.85","104.98","","-0.35%"
"02/19/2021","105.43","105.70","105.76","105.24","","-0.22%"
"02/18/2021","105.66","105.88","105.94","105.60","","-0.18%"
"02/17/2021","105.85","106.04","106.23","105.78","","-0.18%"
"02/16/2021","106.04","105.39","106.08","105.18","","0.65%"
"02/15/2021","105.36","105.00","105.43","104.93","","0.41%"
"02/12/2021","104.93","104.76","105.19","104.73","","0.20%"
"02/11/2021","104.72","104.59","104.81","104.55","","0.14%"
"02/10/2021","104.57","104.60","104.85","104.41","","0.00%"
"02/09/2021","104.57","105.23","105.28","104.50","","-0.62%"
"02/08/2021","105.22","105.39","105.68","105.15","","-0.13%"
"02/05/2021","105.36","105.53","105.78","105.33","","-0.17%"
"02/04/2021","105.54","105.02","105.58","104.97","","0.50%"
"02/03/2021","105.01","104.98","105.12","104.92","","0.04%"
"02/02/2021","104.97","104.93","105.19","104.83","","0.06%"
"02/01/2021","104.91","104.68","105.04","104.61","","0.22%"
"01/29/2021","104.68","104.24","104.95","104.22","","0.45%"
"01/28/2021","104.21","104.11","104.47","104.06","","0.12%"
"01/27/2021","104.09","103.62","104.21","103.58","","0.47%"
"01/26/2021","103.60","103.74","103.84","103.55","","-0.13%"
"01/25/2021","103.73","103.80","103.95","103.67","","-0.04%"
"01/22/2021","103.77","103.51","103.90","103.48","","0.28%"
"01/21/2021","103.48","103.54","103.67","103.32","","-0.04%"
"01/20/2021","103.52","103.91","103.95","103.44","","-0.36%"
"01/19/2021","103.89","103.69","104.10","103.65","","0.19%"
"01/18/2021","103.69","103.77","103.94","103.63","","-0.17%"
"01/15/2021","103.87","103.81","103.92","103.62","","0.08%"
"01/14/2021","103.79","103.90","104.21","103.56","","-0.06%"
"01/13/2021","103.85","103.75","104.01","103.53","","0.10%"
"01/12/2021","103.75","104.28","104.35","103.72","","-0.47%"
"01/11/2021","104.24","103.90","104.41","103.84","","0.30%"
"01/08/2021","103.93","103.79","104.10","103.61","","0.13%"
"01/07/2021","103.80","103.04","103.97","102.95","","0.74%"
"01/06/2021","103.04","102.75","103.45","102.59","","0.31%"
"01/05/2021","102.72","103.13","103.20","102.60","","-0.37%"
"01/04/2021","103.10","103.18","103.32","102.71","","-0.10%"
"01/01/2021","103.20","103.26","103.26","103.21","","-0.04%"
"12/31/2020","103.24","103.19","103.33","102.99","","0.07%"
"12/30/2020","103.17","103.59","103.61","102.96","","-0.38%"
"12/29/2020","103.56","103.80","103.85","103.46","","-0.21%"
"12/28/2020","103.78","103.54","103.90","103.40","","0.29%"
"12/25/2020","103.48","103.65","103.69","103.39","","-0.14%"
"12/24/2020","103.63","103.58","103.77","103.50","","0.08%"
"12/23/2020","103.55","103.65","103.66","103.36","","-0.08%"
"12/22/2020","103.63","103.33","103.75","103.28","","0.32%"
"12/21/2020","103.30","103.39","103.89","103.25","","-0.01%"
"12/18/2020","103.31","103.13","103.60","103.10","","0.20%"
"12/17/2020","103.10","103.50","103.57","102.88","","-0.37%"
"12/16/2020","103.48","103.67","103.92","103.26","","-0.17%"
"12/15/2020","103.66","104.04","104.16","103.60","","-0.36%"
"12/14/2020","104.03","104.01","104.12","103.51","","0.02%"
"12/11/2020","104.01","104.22","104.29","103.82","","-0.18%"
"12/10/2020","104.20","104.24","104.59","104.17","","-0.01%"
"12/09/2020","104.21","104.17","104.42","104.05","","0.06%"
"12/08/2020","104.15","104.06","104.22","103.95","","0.09%"
"12/07/2020","104.06","104.14","104.33","103.92","","-0.08%"
"12/04/2020","104.14","103.85","104.26","103.74","","0.30%"
"12/03/2020","103.83","104.40","104.55","103.67","","-0.55%"
"12/02/2020","104.40","104.33","104.76","104.22","","0.10%"
"12/01/2020","104.30","104.32","104.59","104.18","","0.03%"
"11/30/2020","104.27","104.07","104.42","103.83","","0.16%"
"11/27/2020","104.10","104.27","104.30","103.91","","-0.14%"
"11/26/2020","104.25","104.46","104.49","104.21","","-0.19%"
"11/25/2020","104.45","104.44","104.61","104.26","","0.02%"
"11/24/2020","104.43","104.56","104.77","104.15","","-0.11%"
"11/23/2020","104.54","103.85","104.65","103.68","","0.66%"
"11/20/2020","103.85","103.74","103.92","103.70","","0.13%"
"11/19/2020","103.72","103.82","104.23","103.72","","-0.11%"
"11/18/2020","103.83","104.22","104.23","103.65","","-0.33%"
"11/17/2020","104.17","104.58","104.63","104.07","","-0.37%"
"11/16/2020","104.56","104.89","105.14","104.36","","-0.06%"
"11/13/2020","104.62","105.14","105.17","104.56","","-0.48%"
"11/12/2020","105.12","105.43","105.49","105.07","","-0.28%"
"11/11/2020","105.42","105.31","105.69","105.00","","0.13%"
"11/10/2020","105.28","105.38","105.50","104.80","","-0.08%"
"11/09/2020","105.36","103.35","105.66","103.20","","1.96%"
"11/06/2020","103.33","103.52","103.77","103.17","","-0.14%"
"11/05/2020","103.47","104.52","104.57","103.44","","-0.97%"
"11/04/2020","104.48","104.48","105.35","104.15","","0.02%"
"11/03/2020","104.46","104.73","104.82","104.44","","-0.24%"
"11/02/2020","104.71","104.58","104.96","104.54","","0.07%"
"10/30/2020","104.64","104.64","104.75","104.12","","0.03%"
"10/29/2020","104.61","104.36","104.74","104.03","","0.31%"
"10/28/2020","104.29","104.42","104.57","104.11","","-0.11%"
"10/27/2020","104.40","104.84","104.90","104.39","","-0.40%"
"10/26/2020","104.82","104.75","105.07","104.65","","0.12%"
"10/23/2020","104.69","104.85","104.95","104.55","","-0.12%"
"10/22/2020","104.82","104.59","104.93","104.47","","0.25%"
"10/21/2020","104.56","105.50","105.53","104.34","","-0.88%"
"10/20/2020","105.49","105.44","105.76","105.39","","0.07%"
"10/19/2020","105.42","105.40","105.52","105.30","","0.02%"
"10/16/2020","105.40","105.46","105.46","105.19","","-0.04%"
"10/15/2020","105.44","105.14","105.51","105.09","","0.28%"
"10/14/2020","105.15","105.48","105.53","105.04","","-0.30%"
"10/13/2020","105.47","105.34","105.64","105.28","","0.16%"
"10/12/2020","105.30","105.71","105.89","105.24","","-0.27%"
"10/09/2020","105.59","106.03","106.05","105.58","","-0.40%"
"10/08/2020","106.01","105.97","106.11","105.92","","0.05%"
"10/07/2020","105.96","105.64","106.12","105.60","","0.32%"
"10/06/2020","105.62","105.74","105.79","105.47","","-0.09%"
"10/05/2020","105.72","105.30","105.81","105.29","","0.37%"
"10/02/2020","105.33","105.53","105.68","104.94","","-0.16%"
"10/01/2020","105.50","105.47","105.76","105.40","","0.05%"
"09/30/2020","105.45","105.64","105.81","105.40","","-0.18%"
"09/29/2020","105.64","105.51","105.75","105.34","","0.14%"
"09/28/2020","105.49","105.52","105.70","105.26","","-0.10%"
"09/25/2020","105.60","105.42","105.71","105.24","","0.19%"
"09/24/2020","105.40","105.41","105.54","105.20","","0.03%"
"09/23/2020","105.37","104.93","105.50","104.90","","0.44%"
"09/22/2020","104.91","104.65","105.09","104.40","","0.26%"
"09/21/2020","104.64","104.45","104.84","104.00","","0.09%"
"09/18/2020","104.55","104.75","104.88","104.27","","-0.17%"
"09/17/2020","104.73","104.95","105.18","104.52","","-0.20%"
"09/16/2020","104.94","105.44","105.45","104.80","","-0.46%"
"09/15/2020","105.43","105.73","105.83","105.30","","-0.27%"
"09/14/2020","105.72","106.17","106.22","105.55","","-0.40%"
"09/11/2020","106.14","106.13","106.28","106.06","","0.01%"
"09/10/2020","106.13","106.21","106.31","105.98","","-0.04%"
"09/09/2020","106.17","106.04","106.29","105.78","","0.15%"
"09/08/2020","106.01","106.30","106.40","105.86","","-0.23%"
"09/07/2020","106.25","106.28","106.39","106.13","","0.02%"
"09/04/2020","106.23","106.19","106.51","106.06","","0.06%"
"09/03/2020","106.17","106.19","106.57","106.00","","-0.01%"
"09/02/2020","106.18","105.97","106.32","105.85","","0.22%"
"09/01/2020","105.95","105.93","106.16","105.59","","0.06%"
"08/31/2020","105.89","105.36","106.10","105.30","","0.52%"
"08/28/2020","105.34","106.57","106.96","105.20","","-1.14%"
"08/27/2020","106.55","105.99","106.72","105.61","","0.54%"
"08/26/2020","105.98","106.40","106.56","105.95","","-0.36%"
"08/25/2020","106.36","105.98","106.59","105.87","","0.37%"
"08/24/2020","105.97","105.87","106.01","105.69","","0.18%"
"08/21/2020","105.78","105.79","106.09","105.44","","-0.01%"
"08/20/2020","105.79","106.12","106.23","105.74","","-0.29%"
"08/19/2020","106.10","105.41","106.16","105.10","","0.65%"
"08/18/2020","105.42","106.01","106.08","105.28","","-0.54%"
"08/17/2020","105.99","106.63","106.67","105.94","","-0.56%"
"08/14/2020","106.59","106.91","107.05","106.44","","-0.31%"
"08/13/2020","106.92","106.89","107.06","106.56","","0.03%"
"08/12/2020","106.89","106.52","107.03","106.44","","0.39%"
"08/11/2020","106.48","105.96","106.70","105.92","","0.50%"
"08/10/2020","105.95","105.96","106.21","105.71","","0.04%"
"08/07/2020","105.91","105.52","106.07","105.48","","0.35%"
"08/06/2020","105.54","105.58","105.71","105.30","","-0.03%"
"08/05/2020","105.57","105.72","105.89","105.32","","-0.12%"
"08/04/2020","105.70","105.96","106.21","105.64","","-0.23%"
"08/03/2020","105.94","105.89","106.48","105.58","","0.06%"
"07/31/2020","105.88","104.71","106.07","104.18","","1.11%"
"07/30/2020","104.72","104.92","105.31","104.68","","-0.18%"
"07/29/2020","104.91","105.06","105.25","104.77","","-0.16%"
"07/28/2020","105.08","105.37","105.70","104.95","","-0.28%"
"07/27/2020","105.37","105.98","106.21","105.12","","-0.71%"
"07/24/2020","106.12","106.87","106.92","105.68","","-0.68%"
"07/23/2020","106.85","107.16","107.24","106.71","","-0.27%"
"07/22/2020","107.14","106.78","107.30","106.71","","0.36%"
"07/21/2020","106.76","107.27","107.38","106.68","","-0.45%"
"07/20/2020","107.24","107.11","107.53","107.01","","0.23%"
"07/17/2020","106.99","107.27","107.37","106.94","","-0.25%"
"07/16/2020","107.26","106.94","107.41","106.83","","0.32%"
"07/15/2020","106.92","107.23","107.32","106.66","","-0.29%"
"07/14/2020","107.23","107.29","107.44","107.12","","-0.03%"
"07/13/2020","107.26","106.91","107.33","106.78","","0.35%"
"07/10/2020","106.89","107.21","107.27","106.64","","-0.28%"
"07/09/2020","107.19","107.31","107.41","107.10","","-0.06%"
"07/08/2020","107.25","107.52","107.72","107.20","","-0.24%"
"07/07/2020","107.51","107.35","107.80","107.24","","0.15%"
"07/06/2020","107.35","107.51","107.78","107.26","","-0.14%"
"07/03/2020","107.50","107.50","107.58","107.43","","0.02%"
"07/02/2020","107.48","107.47","107.74","107.33","","0.02%"
"07/01/2020","107.46","107.94","108.17","107.36","","-0.43%"
"06/30/2020","107.92","107.57","108.00","107.52","","0.33%"
"06/29/2020","107.56","107.20","107.90","107.04","","0.33%"
"06/26/2020","107.21","107.24","107.37","106.80","","0.02%"
"06/25/2020","107.19","107.06","107.47","106.99","","0.16%"
"06/24/2020","107.02","106.52","107.08","106.38","","0.48%"
"06/23/2020","106.51","106.91","107.23","106.07","","-0.34%"
"06/22/2020","106.87","106.91","107.02","106.76","","0.00%"
"06/19/2020","106.87","106.98","107.07","106.77","","-0.08%"
"06/18/2020","106.96","107.01","107.14","106.67","","-0.04%"
"06/17/2020","107.00","107.35","107.46","106.95","","-0.30%"
"06/16/2020","107.32","107.34","107.64","107.21","","0.01%"
"06/15/2020","107.31","107.34","107.58","107.00","","-0.03%"
"06/12/2020","107.34","106.88","107.56","106.59","","0.46%"
"06/11/2020","106.85","107.13","107.24","106.58","","-0.22%"
"06/10/2020","107.09","107.73","107.89","106.99","","-0.58%"
"06/09/2020","107.72","108.44","108.55","107.62","","-0.65%"
"06/08/2020","108.42","109.69","109.70","108.24","","-1.06%"
"06/05/2020","109.58","109.14","109.86","109.04","","0.41%"
"06/04/2020","109.13","108.89","109.20","108.62","","0.22%"
"06/03/2020","108.89","108.68","109.00","108.42","","0.21%"
"06/02/2020","108.66","107.59","108.78","107.51","","1.00%"
"06/01/2020","107.58","107.74","107.87","107.38","","-0.18%"
"05/29/2020","107.77","107.67","107.91","107.08","","0.13%"
"05/28/2020","107.63","107.73","107.91","107.57","","-0.07%"
"05/27/2020","107.71","107.54","107.96","107.36","","0.18%"
"05/26/2020","107.52","107.71","107.94","107.40","","-0.16%"
"05/25/2020","107.69","107.59","107.79","107.56","","0.07%"
"05/22/2020","107.61","107.61","107.77","107.32","","0.00%"
"05/21/2020","107.61","107.50","107.86","107.48","","0.09%"
"05/20/2020","107.51","107.71","107.99","107.33","","-0.16%"
"05/19/2020","107.68","107.33","108.09","107.30","","0.33%"
"05/18/2020","107.33","107.09","107.52","107.04","","0.29%"
"05/15/2020","107.02","107.26","107.45","106.85","","-0.21%"
"05/14/2020","107.24","107.04","107.38","106.77","","0.21%"
"05/13/2020","107.02","107.11","107.28","106.74","","-0.10%"
"05/12/2020","107.13","107.69","107.71","107.12","","-0.49%"
"05/11/2020","107.66","106.64","107.78","106.54","","0.95%"
"05/08/2020","106.65","106.29","106.76","106.22","","0.36%"
"05/07/2020","106.27","106.11","106.67","105.99","","0.12%"
"05/06/2020","106.14","106.61","106.64","105.98","","-0.41%"
"05/05/2020","106.58","106.78","106.91","106.42","","-0.14%"
"05/04/2020","106.73","106.83","107.08","106.63","","-0.19%"
"05/01/2020","106.93","107.19","107.41","106.60","","-0.22%"
"04/30/2020","107.17","106.72","107.51","106.41","","0.44%"
"04/29/2020","106.70","106.88","106.90","106.36","","-0.15%"
"04/28/2020","106.86","107.23","107.35","106.56","","-0.34%"
"04/27/2020","107.22","107.49","107.64","106.99","","-0.26%"
"04/24/2020","107.50","107.59","107.77","107.37","","-0.07%"
"04/23/2020","107.58","107.76","108.05","107.34","","-0.13%"
"04/22/2020","107.72","107.82","107.95","107.51","","-0.04%"
"04/21/2020","107.76","107.63","107.90","107.28","","0.14%"
"04/20/2020","107.61","107.57","107.96","107.49","","0.09%"
"04/17/2020","107.51","107.96","108.09","107.30","","-0.40%"
"04/16/2020","107.94","107.49","108.10","107.17","","0.44%"
"04/15/2020","107.47","107.22","107.87","106.93","","0.25%"
"04/14/2020","107.20","107.78","107.81","106.98","","-0.52%"
"04/13/2020","107.76","108.54","108.54","107.50","","-0.65%"
"04/10/2020","108.46","108.54","108.61","108.33","","0.00%"
"04/09/2020","108.46","108.83","109.07","108.21","","-0.32%"
"04/08/2020","108.81","108.72","109.11","108.50","","0.10%"
"04/07/2020","108.70","109.24","109.29","108.67","","-0.46%"
"04/06/2020","109.20","108.44","109.39","108.35","","0.69%"
"04/03/2020","108.45","107.92","108.69","107.80","","0.51%"
"04/02/2020","107.90","107.17","108.11","107.02","","0.70%"
"04/01/2020","107.15","107.55","107.95","106.91","","-0.35%"
"03/31/2020","107.53","107.77","108.74","107.46","","-0.26%"
"03/30/2020","107.81","107.90","108.31","107.12","","-0.07%"
"03/27/2020","107.89","109.60","109.72","107.76","","-1.54%"
"03/26/2020","109.58","111.21","111.32","109.21","","-1.45%"
"03/25/2020","111.19","111.22","111.70","110.75","","-0.02%"
"03/24/2020","111.21","111.22","111.73","110.08","","0.01%"
"03/23/2020","111.20","111.04","111.61","109.67","","0.36%"
"03/20/2020","110.80","110.72","111.52","109.31","","0.10%"
"03/19/2020","110.69","108.07","110.97","107.85","","2.43%"
"03/18/2020","108.06","107.69","108.67","106.76","","0.36%"
"03/17/2020","107.67","105.87","107.87","105.87","","1.72%"
"03/16/2020","105.85","107.94","107.94","105.15","","-1.91%"
"03/13/2020","107.91","104.64","108.51","104.50","","3.13%"
"03/12/2020","104.63","104.57","106.10","103.10","","0.10%"
"03/11/2020","104.53","105.66","105.69","104.10","","-1.04%"
"03/10/2020","105.63","102.38","105.93","102.01","","3.21%"
"03/09/2020","102.34","104.91","104.93","101.19","","-2.81%"
"03/06/2020","105.30","106.17","106.36","104.99","","-0.81%"
"03/05/2020","106.16","107.54","107.75","105.98","","-1.26%"
"03/04/2020","107.52","107.13","107.69","106.85","","0.37%"
"03/03/2020","107.12","108.32","108.55","106.94","","-1.09%"
"03/02/2020","108.30","107.40","108.58","106.99","","0.21%"
"02/28/2020","108.07","109.60","109.69","107.51","","-1.38%"
"02/27/2020","109.58","110.43","110.47","109.57","","-0.76%"
"02/26/2020","110.42","110.21","110.71","110.13","","0.22%"
"02/25/2020","110.18","110.73","111.05","109.89","","-0.48%"
"02/24/2020","110.71","111.60","111.69","110.33","","-0.77%"
"02/21/2020","111.57","112.12","112.19","111.48","","-0.48%"
"02/20/2020","112.11","111.37","112.23","111.11","","0.68%"
"02/19/2020","111.35","109.87","111.60","109.85","","1.36%"
"02/18/2020","109.86","109.88","109.95","109.66","","-0.02%"
"02/17/2020","109.88","109.78","109.98","109.72","","0.13%"
"02/14/2020","109.74","109.82","109.91","109.70","","-0.06%"
"02/13/2020","109.81","110.11","110.11","109.62","","-0.25%"
"02/12/2020","110.08","109.79","110.15","109.77","","0.28%"
"02/11/2020","109.77","109.78","109.97","109.73","","0.03%"
"02/10/2020","109.74","109.85","109.88","109.56","","0.02%"
"02/07/2020","109.72","110.00","110.03","109.53","","-0.25%"
"02/06/2020","109.99","109.83","110.01","109.72","","0.17%"
"02/05/2020","109.80","109.53","109.86","109.30","","0.26%"
"02/04/2020","109.51","108.69","109.55","108.55","","0.77%"
"02/03/2020","108.67","108.41","108.81","108.32","","0.27%"
"01/31/2020","108.38","108.97","109.14","108.32","","-0.52%"
"01/30/2020","108.95","109.02","109.07","108.59","","-0.04%"
"01/29/2020","108.99","109.15","109.27","108.98","","-0.13%"
"01/28/2020","109.13","108.90","109.21","108.76","","0.22%"
"01/27/2020","108.89","109.05","109.15","108.73","","-0.35%"
"01/24/2020","109.27","109.50","109.66","109.17","","-0.19%"
"01/23/2020","109.48","109.84","109.87","109.27","","-0.32%"
"01/22/2020","109.83","109.87","110.10","109.82","","-0.03%"
"01/21/2020","109.86","110.19","110.23","109.76","","-0.29%"
"01/20/2020","110.18","110.16","110.23","110.04","","0.04%"
"01/17/2020","110.14","110.14","110.29","110.05","","0.00%"
"01/16/2020","110.14","109.90","110.19","109.85","","0.24%"
"01/15/2020","109.88","109.99","110.02","109.79","","-0.08%"
"01/14/2020","109.97","109.94","110.22","109.86","","0.04%"
"01/13/2020","109.93","109.49","109.95","109.45","","0.43%"
"01/10/2020","109.46","109.52","109.70","109.43","","-0.05%"
"01/09/2020","109.51","109.12","109.59","109.01","","0.36%"
"01/08/2020","109.12","108.42","109.25","107.65","","0.65%"
"01/07/2020","108.42","108.37","108.64","108.26","","0.06%"
"01/06/2020","108.36","108.01","108.51","107.77","","0.26%"
"01/03/2020","108.08","108.57","108.64","107.83","","-0.45%"
"01/02/2020","108.57","108.76","108.87","108.21","","-0.12%"
"01/01/2020","108.70","108.63","108.76","108.61","","0.08%"
"12/31/2019","108.61","108.88","108.89","108.47","","-0.23%"
"12/30/2019","108.86","109.48","109.51","108.75","","-0.50%"
"12/27/2019","109.41","109.60","109.64","109.39","","-0.20%"
"12/26/2019","109.63","109.35","109.69","109.32","","0.26%"
"12/25/2019","109.35","109.40","109.44","109.28","","-0.04%"
"12/24/2019","109.39","109.40","109.45","109.33","","0.00%"
"12/23/2019","109.39","109.41","109.55","109.34","","-0.05%"
"12/20/2019","109.44","109.37","109.53","109.26","","0.06%"
"12/19/2019","109.37","109.55","109.69","109.18","","-0.15%"
"12/18/2019","109.53","109.51","109.64","109.40","","0.05%"
"12/17/2019","109.47","109.54","109.65","109.44","","-0.02%"
"12/16/2019","109.49","109.38","109.68","109.25","","0.12%"
"12/13/2019","109.36","109.31","109.71","108.92","","0.06%"
"12/12/2019","109.29","108.56","109.45","108.46","","0.69%"
"12/11/2019","108.54","108.73","108.86","108.47","","-0.15%"
"12/10/2019","108.70","108.56","108.77","108.52","","0.14%"
"12/09/2019","108.55","108.69","108.69","108.43","","-0.04%"
"12/06/2019","108.59","108.76","108.92","108.52","","-0.15%"
"12/05/2019","108.75","108.87","109.01","108.65","","-0.09%"
"12/04/2019","108.85","108.64","108.97","108.43","","0.21%"
"12/03/2019","108.62","108.97","109.21","108.48","","-0.33%"
"12/02/2019","108.98","109.54","109.74","108.93","","-0.48%"
"11/29/2019","109.51","109.52","109.68","109.40","","0.01%"
"11/28/2019","109.50","109.55","109.58","109.33","","-0.05%"
"11/27/2019","109.55","109.04","109.61","109.01","","0.48%"
"11/26/2019","109.03","108.93","109.21","108.87","","0.12%"
"11/25/2019","108.90","108.71","108.98","108.64","","0.24%"
"11/22/2019","108.64","108.64","108.74","108.47","","0.01%"
"11/21/2019","108.63","108.61","108.71","108.28","","0.03%"
"11/20/2019","108.60","108.54","108.75","108.35","","0.06%"
"11/19/2019","108.53","108.68","108.86","108.45","","-0.12%"
"11/18/2019","108.66","108.83","109.08","108.51","","-0.06%"
"11/15/2019","108.73","108.41","108.86","108.37","","0.31%"
"11/14/2019","108.39","108.84","108.87","108.24","","-0.39%"
"11/13/2019","108.81","109.00","109.16","108.65","","-0.17%"
"11/12/2019","109.00","109.07","109.30","108.93","","-0.04%"
"11/11/2019","109.04","109.20","109.26","108.90","","-0.21%"
"11/08/2019","109.27","109.29","109.49","109.08","","0.00%"
"11/07/2019","109.27","108.98","109.49","108.65","","0.28%"
"11/06/2019","108.96","109.16","109.20","108.82","","-0.17%"
"11/05/2019","109.15","108.57","109.25","108.56","","0.54%"
"11/04/2019","108.56","108.19","108.66","108.18","","0.36%"
"11/01/2019","108.17","108.07","108.33","107.89","","0.14%"
"10/31/2019","108.02","108.84","108.91","107.93","","-0.74%"
"10/30/2019","108.83","108.89","109.30","108.72","","-0.04%"
"10/29/2019","108.87","108.96","109.08","108.77","","-0.06%"
"10/28/2019","108.94","108.67","109.05","108.66","","0.28%"
"10/25/2019","108.64","108.63","108.78","108.51","","0.03%"
"10/24/2019","108.61","108.69","108.76","108.50","","-0.06%"
"10/23/2019","108.68","108.49","108.71","108.25","","0.19%"
"10/22/2019","108.47","108.62","108.74","108.44","","-0.11%"
"10/21/2019","108.59","108.48","108.67","108.30","","0.16%"
"10/18/2019","108.42","108.67","108.74","108.39","","-0.21%"
"10/17/2019","108.65","108.77","108.95","108.47","","-0.09%"
"10/16/2019","108.75","108.86","108.88","108.57","","-0.08%"
"10/15/2019","108.84","108.43","108.90","108.15","","0.42%"
"10/14/2019","108.38","108.35","108.53","108.04","","-0.02%"
"10/11/2019","108.40","107.99","108.62","107.85","","0.41%"
"10/10/2019","107.96","107.48","108.02","107.03","","0.47%"
"10/09/2019","107.46","107.09","107.63","106.93","","0.36%"
"10/08/2019","107.07","107.30","107.45","106.81","","-0.20%"
"10/07/2019","107.28","106.98","107.47","106.57","","0.33%"
"10/04/2019","106.93","106.92","107.14","106.59","","0.03%"
"10/03/2019","106.90","107.18","107.31","106.48","","-0.25%"
"10/02/2019","107.17","107.74","107.90","107.05","","-0.53%"
"10/01/2019","107.74","108.08","108.47","107.63","","-0.30%"
"09/30/2019","108.06","107.92","108.19","107.74","","0.13%"
"09/27/2019","107.92","107.83","108.19","107.66","","0.09%"
"09/26/2019","107.82","107.78","107.97","107.43","","0.06%"
"09/25/2019","107.76","107.07","107.89","107.00","","0.66%"
"09/24/2019","107.05","107.55","107.80","106.96","","-0.46%"
"09/23/2019","107.54","107.53","107.78","107.31","","-0.01%"
"09/20/2019","107.55","108.02","108.09","107.53","","-0.42%"
"09/19/2019","108.00","108.46","108.48","107.79","","-0.41%"
"09/18/2019","108.44","108.13","108.48","108.08","","0.30%"
"09/17/2019","108.12","108.12","108.38","108.02","","0.00%"
"09/16/2019","108.12","107.66","108.17","107.48","","0.05%"
"09/13/2019","108.07","108.10","108.27","107.92","","-0.02%"
"09/12/2019","108.09","107.84","108.19","107.52","","0.26%"
"09/11/2019","107.81","107.55","107.87","107.50","","0.26%"
"09/10/2019","107.53","107.25","107.59","107.18","","0.28%"
"09/09/2019","107.23","106.82","107.28","106.77","","0.31%"
"09/06/2019","106.90","106.96","107.11","106.63","","-0.02%"
"09/05/2019","106.92","106.37","107.23","106.32","","0.51%"
"09/04/2019","106.38","105.94","106.45","105.83","","0.43%"
"09/03/2019","105.92","106.22","106.39","105.74","","-0.27%"
"09/02/2019","106.21","106.25","106.42","105.93","","-0.08%"
"08/30/2019","106.29","106.51","106.55","106.11","","-0.20%"
"08/29/2019","106.50","106.13","106.69","105.83","","0.37%"
"08/28/2019","106.11","105.75","106.23","105.65","","0.37%"
"08/27/2019","105.72","106.16","106.18","105.59","","-0.38%"
"08/26/2019","106.12","105.14","106.41","104.46","","0.69%"
"08/23/2019","105.39","106.44","106.75","105.26","","-0.97%"
"08/22/2019","106.42","106.62","106.66","106.25","","-0.18%"
"08/21/2019","106.61","106.23","106.65","106.22","","0.37%"
"08/20/2019","106.22","106.64","106.70","106.18","","-0.38%"
"08/19/2019","106.62","106.34","106.71","106.24","","0.24%"
"08/16/2019","106.36","106.13","106.50","106.03","","0.24%"
"08/15/2019","106.11","105.92","106.79","105.70","","0.21%"
"08/14/2019","105.89","106.75","106.78","105.66","","-0.79%"
"08/13/2019","106.73","105.31","106.98","105.07","","1.37%"
"08/12/2019","105.29","105.57","105.71","105.05","","-0.35%"
"08/09/2019","105.66","106.08","106.12","105.26","","-0.38%"
"08/08/2019","106.06","106.28","106.31","105.90","","-0.19%"
"08/07/2019","106.26","106.49","106.49","105.50","","-0.20%"
"08/06/2019","106.47","105.95","107.09","105.52","","0.50%"
"08/05/2019","105.94","106.59","106.69","105.79","","-0.60%"
"08/02/2019","106.58","107.35","107.57","106.51","","-0.70%"
"08/01/2019","107.33","108.80","109.32","107.26","","-1.30%"
"07/31/2019","108.74","108.62","109.01","108.49","","0.14%"
"07/30/2019","108.59","108.79","108.95","108.45","","-0.17%"
"07/29/2019","108.77","108.70","108.91","108.42","","0.10%"
"07/26/2019","108.66","108.64","108.84","108.56","","0.04%"
"07/25/2019","108.62","108.19","108.76","108.04","","0.42%"
"07/24/2019","108.17","108.22","108.28","107.94","","-0.04%"
"07/23/2019","108.21","107.85","108.29","107.83","","0.32%"
"07/22/2019","107.86","107.79","108.08","107.70","","0.15%"
"07/19/2019","107.70","107.30","107.98","107.22","","0.38%"
"07/18/2019","107.29","107.95","108.03","107.21","","-0.60%"
"07/17/2019","107.94","108.25","108.34","107.94","","-0.26%"
"07/16/2019","108.22","107.92","108.38","107.82","","0.30%"
"07/15/2019","107.90","107.88","108.12","107.80","","0.01%"
"07/12/2019","107.89","108.49","108.61","107.80","","-0.54%"
"07/11/2019","108.48","108.47","108.54","107.86","","0.02%"
"07/10/2019","108.46","108.86","109.00","108.35","","-0.35%"
"07/09/2019","108.84","108.73","108.98","108.68","","0.12%"
"07/08/2019","108.71","108.45","108.81","108.28","","0.24%"
"07/05/2019","108.45","107.81","108.64","107.78","","0.61%"
"07/04/2019","107.79","107.80","107.85","107.71","","-0.03%"
"07/03/2019","107.82","107.90","107.93","107.53","","-0.06%"
"07/02/2019","107.88","108.44","108.48","107.76","","-0.51%"
"07/01/2019","108.43","108.11","108.55","108.10","","0.51%"
"06/28/2019","107.88","107.80","107.95","107.56","","0.09%"
"06/27/2019","107.78","107.80","108.17","107.65","","0.01%"
"06/26/2019","107.77","107.20","107.86","107.10","","0.56%"
"06/25/2019","107.17","107.30","107.42","106.78","","-0.10%"
"06/24/2019","107.28","107.40","107.54","107.25","","-0.02%"
"06/21/2019","107.30","107.32","107.75","107.05","","0.01%"
"06/20/2019","107.29","108.10","108.15","107.22","","-0.74%"
"06/19/2019","108.09","108.46","108.62","107.90","","-0.32%"
"06/18/2019","108.44","108.55","108.68","108.06","","-0.10%"
"06/17/2019","108.55","108.44","108.74","108.42","","0.00%"
"06/14/2019","108.55","108.38","108.59","108.16","","0.17%"
"06/13/2019","108.37","108.51","108.54","108.16","","-0.11%"
"06/12/2019","108.49","108.52","108.59","108.21","","-0.01%"
"06/11/2019","108.50","108.45","108.81","108.35","","0.06%"
"06/10/2019","108.43","108.56","108.73","108.33","","0.23%"
"06/07/2019","108.18","108.42","108.62","107.88","","-0.20%"
"06/06/2019","108.40","108.47","108.58","108.02","","-0.05%"
"06/05/2019","108.45","108.15","108.50","107.81","","0.29%"
"06/04/2019","108.14","108.07","108.37","107.84","","0.07%"
"06/03/2019","108.06","108.38","108.46","107.88","","-0.18%"
"05/31/2019","108.26","109.63","109.64","108.27","","-1.22%"
"05/30/2019","109.60","109.60","109.94","109.48","","0.02%"
"05/29/2019","109.58","109.38","109.71","109.15","","0.20%"
"05/28/2019","109.36","109.51","109.64","109.21","","-0.13%"
"05/27/2019","109.50","109.32","109.60","109.28","","0.19%"
"05/24/2019","109.29","109.61","109.75","109.27","","-0.27%"
"05/23/2019","109.59","110.36","110.38","109.46","","-0.68%"
"05/22/2019","110.34","110.49","110.64","110.24","","-0.14%"
"05/21/2019","110.49","110.07","110.69","110.02","","0.40%"
"05/20/2019","110.05","110.13","110.33","109.81","","-0.02%"
"05/17/2019","110.07","109.86","110.19","109.50","","0.21%"
"05/16/2019","109.84","109.61","109.98","109.33","","0.24%"
"05/15/2019","109.58","109.62","109.72","109.15","","-0.01%"
"05/14/2019","109.59","109.30","109.79","109.14","","0.27%"
"05/13/2019","109.30","109.77","109.86","109.02","","-0.58%"
"05/10/2019","109.94","109.76","110.06","109.47","","0.17%"
"05/09/2019","109.75","110.10","110.14","109.47","","-0.32%"
"05/08/2019","110.10","110.26","110.32","109.90","","-0.13%"
"05/07/2019","110.24","110.77","110.87","110.17","","-0.47%"
"05/06/2019","110.76","110.62","110.99","110.28","","-0.30%"
"05/03/2019","111.09","111.52","111.70","111.06","","-0.37%"
"05/02/2019","111.50","111.39","111.68","111.35","","0.12%"
"05/01/2019","111.37","111.44","111.63","111.05","","-0.04%"
"04/30/2019","111.41","111.66","111.71","111.23","","-0.20%"
"04/29/2019","111.63","111.60","111.91","111.53","","0.04%"
"04/26/2019","111.58","111.64","112.03","111.43","","-0.04%"
"04/25/2019","111.62","112.19","112.25","111.39","","-0.49%"
"04/24/2019","112.17","111.87","112.41","111.68","","0.28%"
"04/23/2019","111.86","111.95","112.05","111.65","","-0.06%"
"04/22/2019","111.93","111.93","112.00","111.85","","0.02%"
"04/19/2019","111.91","111.98","112.02","111.89","","-0.04%"
"04/18/2019","111.96","112.06","112.09","111.77","","-0.08%"
"04/17/2019","112.05","112.02","112.18","111.92","","0.05%"
"04/16/2019","111.99","112.04","112.07","111.85","","-0.04%"
"04/15/2019","112.03","112.01","112.11","111.88","","0.01%"
"04/12/2019","112.02","111.67","112.11","111.58","","0.33%"
"04/11/2019","111.65","111.02","111.71","110.90","","0.59%"
"04/10/2019","111.00","111.14","111.29","110.84","","-0.11%"
"04/09/2019","111.12","111.48","111.59","110.98","","-0.31%"
"04/08/2019","111.47","111.72","111.80","111.28","","-0.23%"
"04/05/2019","111.73","111.66","111.83","111.59","","0.07%"
"04/04/2019","111.65","111.49","111.69","111.33","","0.16%"
"04/03/2019","111.47","111.33","111.59","111.20","","0.14%"
"04/02/2019","111.31","111.35","111.47","111.25","","-0.03%"
"04/01/2019","111.34","110.81","111.45","110.81","","0.45%"
"03/29/2019","110.84","110.63","110.96","110.54","","0.20%"
"03/28/2019","110.62","110.52","110.84","110.02","","0.10%"
"03/27/2019","110.51","110.64","110.72","110.23","","-0.10%"
"03/26/2019","110.62","109.98","110.70","109.94","","0.61%"
"03/25/2019","109.95","109.86","110.25","109.71","","0.04%"
"03/22/2019","109.91","110.82","110.91","109.74","","-0.80%"
"03/21/2019","110.80","110.72","110.97","110.29","","0.11%"
"03/20/2019","110.68","111.40","111.70","110.53","","-0.62%"
"03/19/2019","111.37","111.43","111.49","111.15","","-0.04%"
"03/18/2019","111.42","111.47","111.64","111.29","","-0.03%"
"03/15/2019","111.45","111.71","111.91","111.38","","-0.22%"
"03/14/2019","111.70","111.16","111.85","111.14","","0.49%"
"03/13/2019","111.15","111.36","111.48","111.00","","-0.18%"
"03/12/2019","111.35","111.21","111.48","111.10","","0.14%"
"03/11/2019","111.19","111.13","111.31","110.87","","0.04%"
"03/08/2019","111.15","111.58","111.66","110.79","","-0.39%"
"03/07/2019","111.58","111.77","111.87","111.48","","-0.15%"
"03/06/2019","111.75","111.89","111.93","111.61","","-0.13%"
"03/05/2019","111.89","111.74","112.14","111.72","","0.13%"
"03/04/2019","111.74","111.77","112.02","111.64","","-0.14%"
"03/01/2019","111.90","111.40","112.09","111.32","","0.48%"
"02/28/2019","111.37","111.00","111.51","110.65","","0.35%"
"02/27/2019","110.98","110.59","111.09","110.35","","0.37%"
"02/26/2019","110.57","111.07","111.10","110.42","","-0.44%"
"02/25/2019","111.06","110.68","111.25","110.58","","0.34%"
"02/22/2019","110.68","110.70","110.92","110.56","","-0.01%"
"02/21/2019","110.69","110.86","110.89","110.57","","-0.14%"
"02/20/2019","110.85","110.64","110.96","110.53","","0.22%"
"02/19/2019","110.61","110.62","110.83","110.45","","0.01%"
"02/18/2019","110.60","110.44","110.67","110.39","","0.11%"
"02/15/2019","110.48","110.49","110.66","110.25","","0.01%"
"02/14/2019","110.47","111.01","111.14","110.46","","-0.47%"
"02/13/2019","110.99","110.49","111.07","110.43","","0.46%"
"02/12/2019","110.48","110.38","110.66","110.34","","0.11%"
"02/11/2019","110.36","109.83","110.48","109.69","","0.58%"
"02/08/2019","109.72","109.82","109.91","109.65","","-0.07%"
"02/07/2019","109.80","109.98","110.10","109.60","","-0.15%"
"02/06/2019","109.96","109.97","110.06","109.56","","0.00%"
"02/05/2019","109.96","109.90","110.05","109.78","","0.07%"
"02/04/2019","109.88","109.51","110.17","109.43","","0.37%"
"02/01/2019","109.48","108.88","109.59","108.72","","0.56%"
"01/31/2019","108.87","109.05","109.09","108.50","","-0.14%"
"01/30/2019","109.02","109.40","109.75","108.81","","-0.33%"
"01/29/2019","109.38","109.35","109.55","109.13","","0.04%"
"01/28/2019","109.34","109.52","109.60","109.16","","-0.17%"
"01/25/2019","109.53","109.65","109.96","109.46","","-0.09%"
"01/24/2019","109.63","109.59","109.81","109.42","","0.04%"
"01/23/2019","109.59","109.38","110.01","109.32","","0.21%"
"01/22/2019","109.36","109.66","109.71","109.14","","-0.27%"
"01/21/2019","109.66","109.75","109.78","109.47","","-0.09%"
"01/18/2019","109.76","109.27","109.90","109.05","","0.49%"
"01/17/2019","109.23","109.10","109.41","108.68","","0.14%"
"01/16/2019","109.08","108.68","109.21","108.37","","0.39%"
"01/15/2019","108.66","108.17","108.78","108.14","","0.46%"
"01/14/2019","108.16","108.47","108.57","107.98","","-0.35%"
"01/11/2019","108.54","108.44","108.60","108.14","","0.11%"
"01/10/2019","108.42","108.17","108.52","107.77","","0.24%"
"01/09/2019","108.16","108.74","109.01","107.97","","-0.52%"
"01/08/2019","108.73","108.73","109.09","108.44","","0.03%"
"01/07/2019","108.70","108.55","108.76","108.03","","0.17%"
"01/04/2019","108.52","107.68","108.60","107.51","","0.81%"
"01/03/2019","107.65","108.89","108.93","104.98","","-1.12%"
"01/02/2019","108.87","109.67","109.73","108.71","","-0.77%"
"01/01/2019","109.71","109.58","109.80","109.58","","0.14%"
"12/31/2018","109.56","110.44","110.48","109.55","","-0.63%"
"12/28/2018","110.26","110.98","111.06","110.14","","-0.66%"
"12/27/2018","110.99","111.37","111.40","110.45","","-0.32%"
"12/26/2018","111.35","110.31","111.42","110.14","","0.98%"
"12/25/2018","110.27","110.45","110.47","110.00","","-0.14%"
"12/24/2018","110.43","110.95","111.20","110.26","","-0.70%"
"12/21/2018","111.21","111.29","111.47","110.93","","-0.06%"
"12/20/2018","111.28","112.48","112.62","110.81","","-1.06%"
"12/19/2018","112.47","112.53","112.67","112.09","","-0.04%"
"12/18/2018","112.51","112.84","112.87","112.25","","-0.27%"
"12/17/2018","112.82","113.32","113.53","112.68","","-0.49%"
"12/14/2018","113.37","113.64","113.70","113.21","","-0.22%"
"12/13/2018","113.62","113.29","113.72","113.20","","0.31%"
"12/12/2018","113.27","113.39","113.53","113.14","","-0.09%"
"12/11/2018","113.37","113.34","113.48","113.00","","0.04%"
"12/10/2018","113.33","112.71","113.38","112.24","","0.54%"
"12/07/2018","112.72","112.67","112.94","112.55","","0.05%"
"12/06/2018","112.66","113.20","113.22","112.23","","-0.47%"
"12/05/2018","113.19","112.77","113.26","112.65","","0.37%"
"12/04/2018","112.77","113.66","113.68","112.57","","-0.77%"
"12/03/2018","113.65","113.48","113.87","113.37","","0.17%"
"11/30/2018","113.46","113.49","113.71","113.33","","-0.01%"
"11/29/2018","113.47","113.69","113.69","113.19","","-0.18%"
"11/28/2018","113.68","113.79","114.04","113.45","","-0.08%"
"11/27/2018","113.77","113.59","113.85","113.41","","0.16%"
"11/26/2018","113.59","112.95","113.66","112.87","","0.58%"
"11/23/2018","112.94","112.95","113.02","112.65","","0.01%"
"11/22/2018","112.93","113.05","113.14","112.87","","-0.11%"
"11/21/2018","113.05","112.77","113.16","112.63","","0.27%"
"11/20/2018","112.75","112.56","112.85","112.30","","0.19%"
"11/19/2018","112.54","112.84","112.88","112.42","","-0.25%"
"11/16/2018","112.82","113.64","113.66","112.64","","-0.70%"
"11/15/2018","113.62","113.63","113.71","113.10","","0.01%"
"11/14/2018","113.61","113.81","114.02","113.30","","-0.17%"
"11/13/2018","113.80","113.84","114.16","113.58","","-0.03%"
"11/12/2018","113.83","113.83","114.21","113.66","","0.01%"
"11/09/2018","113.82","114.07","114.09","113.64","","-0.21%"
"11/08/2018","114.06","113.52","114.10","113.48","","0.48%"
"11/07/2018","113.51","113.43","113.83","112.94","","0.08%"
"11/06/2018","113.42","113.20","113.51","113.10","","0.21%"
"11/05/2018","113.18","113.18","113.34","113.07","","0.00%"
"11/02/2018","113.18","112.71","113.33","112.56","","0.43%"
"11/01/2018","112.70","112.95","113.01","112.60","","-0.20%"
"10/31/2018","112.93","113.14","113.40","112.80","","-0.13%"
"10/30/2018","113.08","112.38","113.10","112.29","","0.64%"
"10/29/2018","112.36","111.92","112.57","111.78","","0.42%"
"10/26/2018","111.89","112.39","112.46","111.38","","-0.45%"
"10/25/2018","112.40","112.25","112.68","111.82","","0.13%"
"10/24/2018","112.25","112.43","112.76","112.09","","-0.16%"
"10/23/2018","112.43","112.83","112.86","111.95","","-0.33%"
"10/22/2018","112.80","112.49","112.90","112.35","","0.23%"
"10/19/2018","112.54","112.21","112.66","112.13","","0.32%"
"10/18/2018","112.18","112.65","112.74","111.96","","-0.41%"
"10/17/2018","112.64","112.26","112.69","112.00","","0.35%"
"10/16/2018","112.25","111.78","112.34","111.73","","0.44%"
"10/15/2018","111.76","112.10","112.27","111.62","","-0.38%"
"10/12/2018","112.19","112.17","112.51","111.88","","0.03%"
"10/11/2018","112.16","112.28","112.55","111.84","","-0.10%"
"10/10/2018","112.27","112.96","113.29","112.25","","-0.59%"
"10/09/2018","112.94","113.22","113.40","112.87","","-0.26%"
"10/08/2018","113.23","113.71","113.96","112.82","","-0.41%"
"10/05/2018","113.70","113.89","114.11","113.55","","-0.18%"
"10/04/2018","113.90","114.54","114.56","113.63","","-0.55%"
"10/03/2018","114.53","113.66","114.56","113.52","","0.77%"
"10/02/2018","113.66","113.92","114.03","113.52","","-0.22%"
"10/01/2018","113.91","113.70","114.07","113.66","","0.20%"
"09/28/2018","113.68","113.38","113.72","113.31","","0.28%"
"09/27/2018","113.36","112.75","113.48","112.55","","0.57%"
"09/26/2018","112.72","112.98","113.15","112.63","","-0.22%"
"09/25/2018","112.97","112.81","112.98","112.74","","0.16%"
"09/24/2018","112.79","112.57","112.84","112.27","","0.20%"
"09/21/2018","112.56","112.49","112.88","112.42","","0.07%"
"09/20/2018","112.48","112.29","112.60","112.03","","0.19%"
"09/19/2018","112.27","112.36","112.46","112.16","","-0.07%"
"09/18/2018","112.35","111.86","112.40","111.66","","0.46%"
"09/17/2018","111.83","111.96","112.13","111.76","","-0.19%"
"09/14/2018","112.04","111.93","112.18","111.75","","0.11%"
"09/13/2018","111.92","111.27","112.01","111.16","","0.60%"
"09/12/2018","111.25","111.64","111.65","111.12","","-0.33%"
"09/11/2018","111.62","111.13","111.65","111.06","","0.46%"
"09/10/2018","111.11","110.97","111.26","110.85","","0.05%"
"09/07/2018","111.05","110.76","111.26","110.38","","0.28%"
"09/06/2018","110.74","111.53","111.54","110.52","","-0.70%"
"09/05/2018","111.52","111.46","111.77","111.38","","0.07%"
"09/04/2018","111.44","111.06","111.55","110.90","","0.33%"
"09/03/2018","111.07","111.09","111.20","110.85","","0.05%"
"08/31/2018","111.02","110.99","111.15","110.68","","0.05%"
"08/30/2018","110.96","111.69","111.76","110.95","","-0.62%"
"08/29/2018","111.65","111.19","111.84","111.11","","0.42%"
"08/28/2018","111.18","111.09","111.37","110.95","","0.09%"
"08/27/2018","111.08","111.25","111.37","110.93","","-0.13%"
"08/24/2018","111.22","111.29","111.49","111.10","","-0.05%"
"08/23/2018","111.28","110.55","111.32","110.51","","0.67%"
"08/22/2018","110.54","110.30","110.62","110.03","","0.23%"
"08/21/2018","110.29","110.07","110.55","109.77","","0.21%"
"08/20/2018","110.06","110.52","110.70","110.02","","-0.39%"
"08/17/2018","110.49","110.89","111.06","110.31","","-0.35%"
"08/16/2018","110.88","110.75","111.12","110.46","","0.14%"
"08/15/2018","110.73","111.15","111.44","110.42","","-0.37%"
"08/14/2018","111.14","110.70","111.32","110.59","","0.39%"
"08/13/2018","110.71","110.94","110.95","110.11","","-0.19%"
"08/10/2018","110.92","111.09","111.18","110.50","","-0.14%"
"08/09/2018","111.07","110.99","111.20","110.70","","0.09%"
"08/08/2018","110.97","111.39","111.45","110.83","","-0.36%"
"08/07/2018","111.37","111.41","111.49","110.99","","-0.03%"
"08/06/2018","111.40","111.20","111.54","111.15","","0.13%"
"08/03/2018","111.25","111.66","111.83","111.09","","-0.36%"
"08/02/2018","111.65","111.72","111.76","111.33","","-0.05%"
"08/01/2018","111.71","111.88","112.16","111.39","","-0.13%"
"07/31/2018","111.86","111.05","111.97","110.78","","0.72%"
"07/30/2018","111.06","111.04","111.18","110.89","","0.03%"
"07/27/2018","111.03","111.23","111.26","110.79","","-0.17%"
"07/26/2018","111.22","110.98","111.26","110.59","","0.23%"
"07/25/2018","110.97","111.21","111.39","110.66","","-0.20%"
"07/24/2018","111.19","111.35","111.52","110.96","","-0.13%"
"07/23/2018","111.33","111.51","111.56","110.75","","-0.05%"
"07/20/2018","111.39","112.47","112.63","111.39","","-0.94%"
"07/19/2018","112.45","112.86","113.17","112.07","","-0.34%"
"07/18/2018","112.83","112.89","113.15","112.71","","-0.02%"
"07/17/2018","112.85","112.29","112.94","112.22","","0.51%"
"07/16/2018","112.28","112.36","112.57","112.20","","-0.07%"
"07/13/2018","112.36","112.57","112.81","112.27","","-0.17%"
"07/12/2018","112.55","112.02","112.63","111.91","","0.49%"
"07/11/2018","112.00","111.00","112.18","110.76","","0.92%"
"07/10/2018","110.98","110.86","111.37","110.80","","0.13%"
"07/09/2018","110.84","110.51","110.91","110.31","","0.35%"
"07/06/2018","110.45","110.63","110.79","110.37","","-0.14%"
"07/05/2018","110.61","110.48","110.73","110.29","","0.14%"
"07/04/2018","110.45","110.60","110.64","110.28","","-0.12%"
"07/03/2018","110.58","110.90","111.14","110.50","","-0.28%"
"07/02/2018","110.89","110.69","111.07","110.50","","0.21%"
"06/29/2018","110.66","110.49","110.95","110.38","","0.16%"
"06/28/2018","110.48","110.26","110.65","109.97","","0.21%"
"06/27/2018","110.25","110.07","110.50","109.68","","0.18%"
"06/26/2018","110.05","109.77","110.22","109.37","","0.26%"
"06/25/2018","109.76","109.91","110.04","109.37","","-0.18%"
"06/22/2018","109.96","110.00","110.23","109.80","","-0.02%"
"06/21/2018","109.98","110.36","110.76","109.83","","-0.34%"
"06/20/2018","110.35","110.07","110.46","109.86","","0.28%"
"06/19/2018","110.04","110.55","110.59","109.55","","-0.45%"
"06/18/2018","110.54","110.68","110.75","110.30","","-0.11%"
"06/15/2018","110.66","110.63","110.92","110.38","","0.04%"
"06/14/2018","110.62","110.34","110.71","109.91","","0.27%"
"06/13/2018","110.32","110.38","110.85","110.26","","-0.04%"
"06/12/2018","110.36","110.04","110.50","109.99","","0.31%"
"06/11/2018","110.02","109.48","110.12","109.22","","0.45%"
"06/08/2018","109.53","109.71","109.86","109.19","","-0.15%"
"06/07/2018","109.69","110.19","110.23","109.49","","-0.43%"
"06/06/2018","110.16","109.80","110.27","109.78","","0.35%"
"06/05/2018","109.78","109.82","110.02","109.47","","-0.02%"
"06/04/2018","109.80","109.51","109.86","109.37","","0.25%"
"06/01/2018","109.53","108.82","109.75","108.72","","0.66%"
"05/31/2018","108.81","108.91","109.01","108.39","","-0.08%"
"05/30/2018","108.90","108.77","109.09","108.35","","0.14%"
"05/29/2018","108.75","109.42","109.48","108.11","","-0.60%"
"05/28/2018","109.41","109.57","109.84","109.23","","0.03%"
"05/25/2018","109.38","109.26","109.75","109.12","","0.13%"
"05/24/2018","109.24","110.09","110.12","108.95","","-0.75%"
"05/23/2018","110.07","110.91","110.94","109.55","","-0.73%"
"05/22/2018","110.88","111.05","111.20","110.79","","-0.14%"
"05/21/2018","111.04","110.73","111.40","110.73","","0.27%"
"05/18/2018","110.74","110.78","111.09","110.60","","-0.02%"
"05/17/2018","110.76","110.40","110.87","110.07","","0.34%"
"05/16/2018","110.38","110.35","110.41","110.03","","0.04%"
"05/15/2018","110.34","109.66","110.46","109.65","","0.63%"
"05/14/2018","109.65","109.40","109.68","109.21","","0.25%"
"05/11/2018","109.38","109.41","109.57","109.15","","0.00%"
"05/10/2018","109.38","109.75","110.03","109.31","","-0.33%"
"05/09/2018","109.74","109.12","109.85","108.99","","0.58%"
"05/08/2018","109.11","109.09","109.36","108.83","","0.03%"
"05/07/2018","109.08","109.13","109.40","108.75","","-0.03%"
"05/04/2018","109.11","109.20","109.29","108.64","","-0.06%"
"05/03/2018","109.18","109.84","109.89","108.93","","-0.59%"
"05/02/2018","109.83","109.86","110.04","109.59","","-0.02%"
"05/01/2018","109.85","109.35","109.90","109.24","","0.48%"
"04/30/2018","109.33","109.02","109.46","109.02","","0.28%"
"04/27/2018","109.03","109.31","109.54","108.96","","-0.24%"
"04/26/2018","109.29","109.42","109.48","109.06","","-0.11%"
"04/25/2018","109.41","108.82","109.46","108.79","","0.55%"
"04/24/2018","108.81","108.71","109.21","108.54","","0.10%"
"04/23/2018","108.70","107.64","108.76","107.64","","0.98%"
"04/20/2018","107.65","107.38","107.87","107.35","","0.27%"
"04/19/2018","107.36","107.24","107.53","107.17","","0.12%"
"04/18/2018","107.23","107.00","107.40","107.00","","0.22%"
"04/17/2018","106.99","107.12","107.22","106.87","","-0.10%"
"04/16/2018","107.10","107.38","107.63","107.03","","-0.21%"
"04/13/2018","107.33","107.34","107.79","107.19","","0.01%"
"04/12/2018","107.32","106.79","107.43","106.70","","0.51%"
"04/11/2018","106.78","107.20","107.26","106.64","","-0.38%"
"04/10/2018","107.19","106.81","107.41","106.61","","0.41%"
"04/09/2018","106.75","106.93","107.21","106.61","","-0.15%"
"04/06/2018","106.91","107.39","107.47","106.77","","-0.43%"
"04/05/2018","107.37","106.78","107.50","106.71","","0.56%"
"04/04/2018","106.77","106.61","106.85","105.99","","0.17%"
"04/03/2018","106.59","105.90","106.66","105.69","","0.67%"
"04/02/2018","105.88","106.26","106.46","105.66","","-0.36%"
"03/30/2018","106.26","106.43","106.55","106.11","","-0.15%"
"03/29/2018","106.42","106.86","106.94","106.26","","-0.40%"
"03/28/2018","106.85","105.35","107.02","105.32","","1.44%"
"03/27/2018","105.33","105.41","105.91","105.32","","-0.07%"
"03/26/2018","105.40","104.74","105.49","104.56","","0.65%"
"03/23/2018","104.72","105.29","105.36","104.64","","-0.51%"
"03/22/2018","105.26","106.05","106.10","105.25","","-0.74%"
"03/21/2018","106.04","106.53","106.65","105.88","","-0.46%"
"03/20/2018","106.53","106.09","106.61","105.92","","0.42%"
"03/19/2018","106.08","105.96","106.32","105.67","","0.08%"
"03/16/2018","106.00","106.35","106.40","105.60","","-0.31%"
"03/15/2018","106.33","106.33","106.43","105.78","","0.01%"
"03/14/2018","106.32","106.58","106.76","106.06","","-0.23%"
"03/13/2018","106.56","106.42","107.31","106.25","","0.14%"
"03/12/2018","106.41","106.82","106.98","106.32","","-0.34%"
"03/09/2018","106.77","106.24","107.06","106.16","","0.54%"
"03/08/2018","106.20","106.08","106.32","105.89","","0.13%"
"03/07/2018","106.06","106.13","106.23","105.45","","-0.05%"
"03/06/2018","106.11","106.21","106.47","105.85","","-0.08%"
"03/05/2018","106.19","105.70","106.24","105.35","","0.44%"
"03/02/2018","105.73","106.23","106.31","105.25","","-0.47%"
"03/01/2018","106.23","106.68","107.21","106.16","","-0.41%"
"02/28/2018","106.67","107.34","107.54","106.56","","-0.60%"
"02/27/2018","107.31","106.94","107.69","106.78","","0.36%"
"02/26/2018","106.92","106.90","107.30","106.37","","0.04%"
"02/23/2018","106.88","106.76","107.14","106.50","","0.13%"
"02/22/2018","106.74","107.78","107.81","106.59","","-0.95%"
"02/21/2018","107.76","107.33","107.92","107.27","","0.42%"
"02/20/2018","107.31","106.60","107.38","106.56","","0.68%"
"02/19/2018","106.59","106.34","106.73","106.09","","0.27%"
"02/16/2018","106.30","106.14","106.40","105.54","","0.18%"
"02/15/2018","106.11","107.01","107.04","106.03","","-0.83%"
"02/14/2018","107.00","107.83","107.90","106.72","","-0.76%"
"02/13/2018","107.82","108.66","108.79","107.40","","-0.75%"
"02/12/2018","108.64","108.81","108.96","108.44","","-0.13%"
"02/09/2018","108.78","108.74","109.32","108.04","","0.04%"
"02/08/2018","108.74","109.33","109.79","108.58","","-0.52%"
"02/07/2018","109.31","109.56","109.73","108.92","","-0.22%"
"02/06/2018","109.55","109.09","109.66","108.45","","0.42%"
"02/05/2018","109.09","110.12","110.30","108.99","","-0.91%"
"02/02/2018","110.09","109.41","110.49","109.28","","0.64%"
"02/01/2018","109.39","109.20","109.76","109.09","","0.20%"
"01/31/2018","109.17","108.77","109.45","108.59","","0.38%"
"01/30/2018","108.76","108.96","109.21","108.41","","-0.17%"
"01/29/2018","108.95","108.70","109.21","108.51","","0.23%"
"01/26/2018","108.70","109.42","109.78","108.28","","-0.63%"
"01/25/2018","109.39","109.22","109.71","108.50","","0.16%"
"01/24/2018","109.21","110.31","110.35","108.96","","-0.98%"
"01/23/2018","110.29","110.92","111.19","110.25","","-0.56%"
"01/22/2018","110.91","110.62","111.23","110.53","","0.14%"
"01/19/2018","110.76","111.11","111.14","110.49","","-0.30%"
"01/18/2018","111.09","111.29","111.49","110.69","","-0.17%"
"01/17/2018","111.28","110.46","111.35","110.19","","0.76%"
"01/16/2018","110.44","110.54","110.99","110.24","","-0.07%"
"01/15/2018","110.52","111.07","111.19","110.32","","-0.46%"
"01/12/2018","111.03","111.27","111.71","110.91","","-0.19%"
"01/11/2018","111.24","111.44","111.88","111.04","","-0.16%"
"01/10/2018","111.42","112.66","112.79","111.28","","-1.08%"
"01/09/2018","112.64","113.10","113.20","112.36","","-0.39%"
"01/08/2018","113.08","113.07","113.39","112.88","","0.02%"
"01/05/2018","113.06","112.75","113.32","112.72","","0.28%"
"01/04/2018","112.74","112.51","112.87","112.47","","0.22%"
"01/03/2018","112.49","112.30","112.62","112.17","","0.19%"
"01/02/2018","112.28","112.67","112.80","112.05","","-0.32%"
"01/01/2018","112.64","112.67","112.70","112.65","","-0.03%"
"12/29/2017","112.67","112.88","112.98","112.47","","-0.18%"
"12/28/2017","112.87","113.37","113.37","112.66","","-0.41%"
"12/27/2017","113.34","113.24","113.38","113.14","","0.11%"
"12/26/2017","113.22","113.28","113.37","113.12","","-0.03%"
"12/25/2017","113.25","113.32","113.37","113.22","","-0.01%"
"12/22/2017","113.26","113.33","113.46","113.25","","-0.05%"
"12/21/2017","113.32","113.42","113.64","113.20","","-0.05%"
"12/20/2017","113.38","112.89","113.48","112.84","","0.44%"
"12/19/2017","112.88","112.55","113.09","112.51","","0.31%"
"12/18/2017","112.53","112.64","112.84","112.31","","-0.04%"
"12/15/2017","112.57","112.39","112.76","112.03","","0.17%"
"12/14/2017","112.38","112.54","112.89","112.06","","-0.13%"
"12/13/2017","112.53","113.55","113.59","112.47","","-0.88%"
"12/12/2017","113.53","113.58","113.76","113.37","","-0.02%"
"12/11/2017","113.55","113.49","113.70","113.24","","0.06%"
"12/08/2017","113.48","113.09","113.60","113.08","","0.35%"
"12/07/2017","113.08","112.29","113.16","112.22","","0.71%"
"12/06/2017","112.28","112.60","112.67","111.99","","-0.27%"
"12/05/2017","112.58","112.41","112.87","112.37","","0.16%"
"12/04/2017","112.40","112.41","113.10","112.36","","0.27%"
"12/01/2017","112.10","112.54","112.88","111.42","","-0.37%"
"11/30/2017","112.52","111.92","112.65","111.73","","0.54%"
"11/29/2017","111.92","111.49","112.16","111.37","","0.40%"
"11/28/2017","111.47","111.10","111.65","110.93","","0.34%"
"11/27/2017","111.09","111.42","111.70","110.84","","-0.39%"
"11/24/2017","111.53","111.22","111.63","111.19","","0.29%"
"11/23/2017","111.21","111.22","111.39","111.06","","0.01%"
"11/22/2017","111.20","112.46","112.51","111.14","","-1.09%"
"11/21/2017","112.43","112.63","112.71","112.17","","-0.17%"
"11/20/2017","112.62","112.10","112.73","111.89","","0.49%"
"11/17/2017","112.07","113.05","113.15","111.94","","-0.87%"
"11/16/2017","113.05","112.88","113.34","112.74","","0.17%"
"11/15/2017","112.86","113.46","113.51","112.48","","-0.51%"
"11/14/2017","113.44","113.63","113.92","113.30","","-0.15%"
"11/13/2017","113.61","113.52","113.73","113.24","","0.07%"
"11/10/2017","113.53","113.48","113.65","113.22","","0.06%"
"11/09/2017","113.46","113.86","114.08","113.09","","-0.35%"
"11/08/2017","113.86","114.00","114.05","113.39","","-0.12%"
"11/07/2017","114.00","113.71","114.35","113.70","","0.28%"
"11/06/2017","113.68","113.97","114.74","113.69","","-0.33%"
"11/03/2017","114.06","114.09","114.44","113.65","","-0.02%"
"11/02/2017","114.08","114.18","114.23","113.54","","-0.06%"
"11/01/2017","114.15","113.64","114.29","113.60","","0.47%"
"10/31/2017","113.62","113.18","113.74","112.96","","0.40%"
"10/30/2017","113.17","113.74","113.84","113.03","","-0.44%"
"10/27/2017","113.67","113.99","114.45","113.64","","-0.26%"
"10/26/2017","113.97","113.75","114.09","113.34","","0.21%"
"10/25/2017","113.73","113.92","114.26","113.48","","-0.14%"
"10/24/2017","113.89","113.44","114.01","113.26","","0.41%"
"10/23/2017","113.42","113.69","114.11","113.24","","-0.07%"
"10/20/2017","113.50","112.54","113.58","112.51","","0.86%"
"10/19/2017","112.53","112.94","113.15","112.31","","-0.35%"
"10/18/2017","112.92","112.21","113.06","112.14","","0.65%"
"10/17/2017","112.19","112.20","112.48","112.03","","0.01%"
"10/16/2017","112.18","111.93","112.29","111.65","","0.30%"
"10/13/2017","111.84","112.29","112.34","111.69","","-0.38%"
"10/12/2017","112.27","112.51","112.54","112.12","","-0.19%"
"10/11/2017","112.48","112.46","112.59","112.07","","0.04%"
"10/10/2017","112.44","112.68","112.84","111.99","","-0.20%"
"10/09/2017","112.66","112.70","112.76","112.33","","0.03%"
"10/06/2017","112.63","112.82","113.45","112.60","","-0.16%"
"10/05/2017","112.81","112.76","112.93","112.41","","0.06%"
"10/04/2017","112.74","112.85","112.95","112.32","","-0.09%"
"10/03/2017","112.84","112.75","113.21","112.65","","0.08%"
"10/02/2017","112.75","112.56","113.07","112.46","","0.25%"
"09/29/2017","112.47","112.35","112.74","112.21","","0.12%"
"09/28/2017","112.33","112.86","113.21","112.25","","-0.43%"
"09/27/2017","112.81","112.25","113.26","112.21","","0.53%"
"09/26/2017","112.22","111.74","112.48","111.49","","0.45%"
"09/25/2017","111.72","111.99","112.53","111.47","","-0.22%"
"09/22/2017","111.97","112.48","112.56","111.65","","-0.44%"
"09/21/2017","112.46","112.22","112.73","112.13","","0.22%"
"09/20/2017","112.21","111.59","112.54","111.12","","0.56%"
"09/19/2017","111.58","111.57","111.88","111.20","","0.02%"
"09/18/2017","111.56","110.89","111.68","110.89","","0.65%"
"09/15/2017","110.84","110.24","111.34","109.56","","0.56%"
"09/14/2017","110.22","110.49","111.04","110.07","","-0.23%"
"09/13/2017","110.47","110.19","110.70","109.91","","0.28%"
"09/12/2017","110.16","109.42","110.26","109.24","","0.70%"
"09/11/2017","109.39","108.21","109.51","108.14","","1.45%"
"09/08/2017","107.83","108.46","108.50","107.32","","-0.56%"
"09/07/2017","108.44","109.24","109.29","108.06","","-0.71%"
"09/06/2017","109.22","108.81","109.40","108.46","","0.39%"
"09/05/2017","108.80","109.74","109.84","108.63","","-0.84%"
"09/04/2017","109.72","109.40","109.93","109.31","","-0.48%"
"09/01/2017","110.25","109.98","110.43","109.56","","0.26%"
"08/31/2017","109.96","110.25","110.68","109.88","","-0.24%"
"08/30/2017","110.22","109.76","110.45","109.53","","0.44%"
"08/29/2017","109.74","109.27","109.91","108.27","","0.46%"
"08/28/2017","109.24","109.26","109.43","109.02","","-0.09%"
"08/25/2017","109.34","109.56","109.86","109.11","","-0.18%"
"08/24/2017","109.54","109.05","109.62","108.84","","0.48%"
"08/23/2017","109.02","109.57","109.83","108.92","","-0.49%"
"08/22/2017","109.56","108.98","109.66","108.87","","0.54%"
"08/21/2017","108.97","109.35","109.44","108.63","","-0.18%"
"08/18/2017","109.17","109.57","109.61","108.60","","-0.36%"
"08/17/2017","109.56","110.20","110.38","109.44","","-0.56%"
"08/16/2017","110.18","110.67","110.96","110.02","","-0.43%"
"08/15/2017","110.66","109.64","110.86","109.60","","0.95%"
"08/14/2017","109.62","109.06","109.81","109.02","","0.43%"
"08/11/2017","109.15","109.21","109.41","108.74","","-0.05%"
"08/10/2017","109.20","110.08","110.19","109.15","","-0.78%"
"08/09/2017","110.06","110.31","110.39","109.55","","-0.22%"
"08/08/2017","110.30","110.75","110.84","110.24","","-0.39%"
"08/07/2017","110.73","110.63","110.93","110.62","","0.05%"
"08/04/2017","110.67","110.04","111.06","109.84","","0.59%"
"08/03/2017","110.02","110.72","110.84","109.86","","-0.63%"
"08/02/2017","110.72","110.37","111.00","110.28","","0.34%"
"08/01/2017","110.35","110.26","110.60","109.93","","0.09%"
"07/31/2017","110.25","110.65","110.79","110.20","","-0.36%"
"07/28/2017","110.65","111.28","111.35","110.55","","-0.51%"
"07/27/2017","111.22","111.17","111.72","110.77","","0.06%"
"07/26/2017","111.15","111.89","112.20","111.06","","-0.65%"
"07/25/2017","111.88","111.10","111.97","110.82","","0.71%"
"07/24/2017","111.09","111.07","111.32","110.62","","-0.01%"
"07/21/2017","111.10","111.92","112.09","111.00","","-0.71%"
"07/20/2017","111.89","111.98","112.43","111.48","","-0.05%"
"07/19/2017","111.95","112.09","112.24","111.55","","-0.10%"
"07/18/2017","112.06","112.63","112.72","111.68","","-0.50%"
"07/17/2017","112.62","112.52","112.88","112.32","","0.11%"
"07/14/2017","112.50","113.28","113.59","112.26","","-0.68%"
"07/13/2017","113.27","113.17","113.54","112.86","","0.12%"
"07/12/2017","113.13","113.94","113.98","112.92","","-0.69%"
"07/11/2017","113.92","114.05","114.51","113.72","","-0.10%"
"07/10/2017","114.03","113.98","114.31","113.86","","0.13%"
"07/07/2017","113.88","113.21","114.19","113.09","","0.60%"
"07/06/2017","113.20","113.27","113.48","112.89","","-0.04%"
"07/05/2017","113.25","113.29","113.70","112.82","","-0.01%"
"07/04/2017","113.26","113.39","113.48","112.73","","-0.10%"
"07/03/2017","113.37","112.14","113.49","111.94","","0.91%"
"06/30/2017","112.35","112.19","112.61","111.73","","0.17%"
"06/29/2017","112.16","112.31","112.94","111.81","","-0.11%"
"06/28/2017","112.28","112.36","112.43","111.83","","-0.05%"
"06/27/2017","112.34","111.87","112.48","111.46","","0.46%"
"06/26/2017","111.83","111.13","111.95","111.13","","0.51%"
"06/23/2017","111.26","111.34","111.44","111.15","","-0.05%"
"06/22/2017","111.32","111.38","111.46","110.94","","-0.04%"
"06/21/2017","111.37","111.46","111.74","111.06","","-0.04%"
"06/20/2017","111.42","111.51","111.80","111.30","","-0.08%"
"06/19/2017","111.51","110.84","111.62","110.75","","0.60%"
"06/16/2017","110.84","110.92","111.43","110.64","","-0.06%"
"06/15/2017","110.91","109.56","110.99","109.27","","1.23%"
"06/14/2017","109.56","110.07","110.36","108.83","","-0.45%"
"06/13/2017","110.05","109.95","110.28","109.82","","0.12%"
"06/12/2017","109.92","110.38","110.45","109.62","","-0.37%"
"06/09/2017","110.33","110.01","110.82","109.75","","0.33%"
"06/08/2017","109.97","109.82","110.40","109.38","","0.16%"
"06/07/2017","109.79","109.43","109.90","109.11","","0.36%"
"06/06/2017","109.40","110.46","110.53","109.22","","-0.95%"
"06/05/2017","110.45","110.37","110.74","110.25","","0.05%"
"06/02/2017","110.40","111.35","111.73","110.32","","-0.84%"
"06/01/2017","111.34","110.77","111.49","110.69","","0.53%"
"05/31/2017","110.75","110.85","111.24","110.48","","-0.06%"
"05/30/2017","110.82","111.26","111.34","110.66","","-0.38%"
"05/29/2017","111.24","111.32","111.48","111.17","","-0.06%"
"05/26/2017","111.31","111.84","111.88","110.87","","-0.46%"
"05/25/2017","111.82","111.50","111.96","111.48","","0.30%"
"05/24/2017","111.49","111.78","112.13","111.47","","-0.25%"
"05/23/2017","111.77","111.31","111.87","110.86","","0.45%"
"05/22/2017","111.27","111.32","111.62","110.89","","0.01%"
"05/19/2017","111.26","111.50","111.71","111.04","","-0.19%"
"05/18/2017","111.47","110.83","111.74","110.23","","0.60%"
"05/17/2017","110.80","113.13","113.15","110.78","","-2.04%"
"05/16/2017","113.11","113.79","113.82","112.92","","-0.58%"
"05/15/2017","113.77","113.21","113.87","113.11","","0.39%"
"05/12/2017","113.33","113.86","113.97","113.19","","-0.45%"
"05/11/2017","113.84","114.30","114.38","113.46","","-0.38%"
"05/10/2017","114.27","113.99","114.37","113.63","","0.25%"
"05/09/2017","113.98","113.26","114.34","113.13","","0.65%"
"05/08/2017","113.24","113.00","113.31","112.38","","0.47%"
"05/05/2017","112.71","112.46","112.83","112.08","","0.23%"
"05/04/2017","112.45","112.76","113.06","112.31","","-0.25%"
"05/03/2017","112.73","112.00","112.79","111.95","","0.69%"
"05/02/2017","111.96","111.84","112.32","111.77","","0.12%"
"05/01/2017","111.83","111.31","111.94","111.20","","0.27%"
"04/28/2017","111.53","111.26","111.73","111.06","","0.25%"
"04/27/2017","111.25","111.07","111.61","111.01","","0.20%"
"04/26/2017","111.03","111.10","111.79","110.87","","-0.05%"
"04/25/2017","111.08","109.77","111.20","109.59","","1.21%"
"04/24/2017","109.75","110.26","110.64","109.65","","0.62%"
"04/21/2017","109.07","109.32","109.44","108.87","","-0.22%"
"04/20/2017","109.31","108.87","109.50","108.71","","0.42%"
"04/19/2017","108.85","108.43","109.19","108.37","","0.42%"
"04/18/2017","108.40","108.91","109.23","108.31","","-0.45%"
"04/17/2017","108.89","108.68","109.07","108.13","","0.26%"
"04/14/2017","108.61","109.08","109.24","108.54","","-0.43%"
"04/13/2017","109.08","109.03","109.41","108.72","","0.07%"
"04/12/2017","109.00","109.62","109.88","108.95","","-0.55%"
"04/11/2017","109.60","110.94","110.97","109.60","","-1.20%"
"04/10/2017","110.93","111.12","111.59","110.80","","-0.11%"
"04/07/2017","111.05","110.82","111.38","110.13","","0.23%"
"04/06/2017","110.80","110.71","111.15","110.29","","0.11%"
"04/05/2017","110.68","110.76","111.46","110.53","","-0.04%"
"04/04/2017","110.72","110.90","110.96","110.26","","-0.14%"
"04/03/2017","110.87","111.40","111.60","110.84","","-0.46%"
"03/31/2017","111.38","111.92","112.21","111.23","","-0.46%"
"03/30/2017","111.89","111.05","111.96","110.93","","0.77%"
"03/29/2017","111.03","111.15","111.33","110.71","","-0.08%"
"03/28/2017","111.12","110.66","111.21","110.17","","0.42%"
"03/27/2017","110.65","111.23","111.29","110.11","","-0.61%"
"03/24/2017","111.33","110.95","111.50","110.62","","0.36%"
"03/23/2017","110.93","111.17","111.59","110.62","","-0.19%"
"03/22/2017","111.14","111.72","111.81","110.73","","-0.51%"
"03/21/2017","111.71","112.55","112.88","111.56","","-0.75%"
"03/20/2017","112.55","112.71","112.91","112.46","","-0.13%"
"03/17/2017","112.70","113.31","113.51","112.56","","-0.53%"
"03/16/2017","113.30","113.38","113.56","112.90","","-0.04%"
"03/15/2017","113.35","114.74","114.90","113.17","","-1.20%"
"03/14/2017","114.73","114.88","115.21","114.51","","-0.12%"
"03/13/2017","114.87","114.82","114.93","114.48","","0.11%"
"03/10/2017","114.74","114.95","115.52","114.65","","-0.15%"
"03/09/2017","114.91","114.36","115.01","114.31","","0.52%"
"03/08/2017","114.32","113.99","114.77","113.60","","0.32%"
"03/07/2017","113.96","113.90","114.16","113.72","","0.08%"
"03/06/2017","113.87","114.03","114.15","113.55","","-0.11%"
"03/03/2017","113.99","114.41","114.76","113.82","","-0.34%"
"03/02/2017","114.38","113.73","114.61","113.68","","0.59%"
"03/01/2017","113.71","112.78","114.06","112.73","","0.85%"
"02/28/2017","112.75","112.71","112.90","111.69","","0.07%"
"02/27/2017","112.67","112.10","112.85","111.91","","0.44%"
"02/24/2017","112.18","112.62","112.97","111.93","","-0.35%"
"02/23/2017","112.57","113.31","113.47","112.54","","-0.62%"
"02/22/2017","113.27","113.71","113.74","112.90","","-0.35%"
"02/21/2017","113.67","113.10","113.79","113.08","","0.53%"
"02/20/2017","113.07","112.85","113.26","112.77","","0.19%"
"02/17/2017","112.85","113.25","113.52","112.60","","-0.31%"
"02/16/2017","113.20","114.16","114.35","113.08","","-0.83%"
"02/15/2017","114.15","114.25","114.97","113.85","","-0.09%"
"02/14/2017","114.25","113.74","114.52","113.23","","0.46%"
"02/13/2017","113.73","113.33","114.19","113.28","","0.48%"
"02/10/2017","113.19","113.26","113.87","112.86","","-0.03%"
"02/09/2017","113.22","111.94","113.37","111.73","","1.15%"
"02/08/2017","111.93","112.37","112.56","111.62","","-0.39%"
"02/07/2017","112.37","111.74","112.60","111.59","","0.59%"
"02/06/2017","111.71","112.42","112.79","111.62","","-0.88%"
"02/03/2017","112.70","112.79","113.46","112.30","","-0.09%"
"02/02/2017","112.80","113.26","113.38","112.05","","-0.38%"
"02/01/2017","113.23","112.81","113.97","112.64","","0.40%"
"01/31/2017","112.78","113.77","113.98","112.06","","-0.86%"
"01/30/2017","113.76","115.10","115.15","113.45","","-1.13%"
"01/27/2017","115.06","114.55","115.39","114.39","","0.47%"
"01/26/2017","114.52","113.29","114.87","113.04","","1.10%"
"01/25/2017","113.27","113.79","114.01","113.03","","-0.45%"
"01/24/2017","113.78","112.70","113.91","112.52","","0.98%"
"01/23/2017","112.68","114.38","114.45","112.68","","-1.68%"
"01/20/2017","114.60","114.87","115.40","114.21","","-0.23%"
"01/19/2017","114.86","114.64","115.63","114.39","","0.18%"
"01/18/2017","114.65","112.63","114.77","112.57","","1.80%"
"01/17/2017","112.62","114.20","114.30","112.60","","-1.37%"
"01/16/2017","114.18","114.56","114.56","113.67","","-0.29%"
"01/13/2017","114.51","114.72","115.46","114.20","","-0.17%"
"01/12/2017","114.70","115.42","115.53","113.75","","-0.61%"
"01/11/2017","115.40","115.78","116.87","114.25","","-0.31%"
"01/10/2017","115.76","116.04","116.36","115.20","","-0.22%"
"01/09/2017","116.01","116.92","117.54","115.97","","-0.77%"
"01/06/2017","116.91","115.36","117.20","115.06","","1.36%"
"01/05/2017","115.34","117.26","117.45","115.22","","-1.62%"
"01/04/2017","117.24","117.76","118.20","117.04","","-0.42%"
"01/03/2017","117.74","117.56","118.62","117.21","","0.20%"
"01/02/2017","117.51","117.00","117.69","116.74","","0.55%"
"12/30/2016","116.87","116.55","117.21","116.04","","0.29%"
"12/29/2016","116.53","117.26","117.27","116.21","","-0.61%"
"12/28/2016","117.24","117.43","117.83","117.05","","-0.13%"
"12/27/2016","117.39","117.09","117.64","117.06","","0.27%"
"12/26/2016","117.07","117.38","117.42","116.99","","-0.20%"
"12/23/2016","117.31","117.54","117.67","117.16","","-0.17%"
"12/22/2016","117.51","117.57","117.90","117.26","","-0.03%"
"12/21/2016","117.54","117.85","118.09","117.09","","-0.25%"
"12/20/2016","117.84","117.09","118.27","116.97","","0.66%"
"12/19/2016","117.07","117.90","118.03","116.54","","-0.77%"
"12/16/2016","117.98","118.19","118.45","117.46","","-0.15%"
"12/15/2016","118.16","117.04","118.68","116.98","","0.97%"
"12/14/2016","117.03","115.19","117.41","114.76","","1.62%"
"12/13/2016","115.16","115.04","115.50","114.73","","0.12%"
"12/12/2016","115.02","115.27","116.15","114.84","","-0.29%"
"12/09/2016","115.36","114.03","115.40","113.99","","1.18%"
"12/08/2016","114.01","113.75","114.39","113.13","","0.23%"
"12/07/2016","113.75","114.02","114.42","113.40","","-0.20%"
"12/06/2016","113.98","113.87","114.21","113.49","","0.14%"
"12/05/2016","113.82","113.54","114.79","112.87","","0.25%"
"12/02/2016","113.54","114.10","114.25","113.32","","-0.47%"
"12/01/2016","114.08","114.45","114.85","113.82","","-0.31%"
"11/30/2016","114.44","112.39","114.55","112.04","","1.85%"
"11/29/2016","112.36","111.94","113.35","111.60","","0.39%"
"11/28/2016","111.92","113.08","113.13","111.35","","-1.01%"
"11/25/2016","113.06","113.35","113.92","112.55","","-0.20%"
"11/24/2016","113.29","112.52","113.55","112.37","","0.70%"
"11/23/2016","112.50","111.14","112.99","110.84","","1.24%"
"11/22/2016","111.12","110.82","111.38","110.26","","0.30%"
"11/21/2016","110.79","110.92","111.38","110.44","","-0.11%"
"11/18/2016","110.91","110.12","110.98","109.79","","0.75%"
"11/17/2016","110.08","109.06","110.20","108.54","","0.94%"
"11/16/2016","109.06","109.21","109.78","108.79","","-0.08%"
"11/15/2016","109.15","108.42","109.35","107.76","","0.68%"
"11/14/2016","108.41","106.54","108.57","106.54","","1.63%"
"11/11/2016","106.67","106.83","106.96","106.02","","-0.13%"
"11/10/2016","106.81","105.67","106.97","104.97","","1.10%"
"11/09/2016","105.65","105.16","105.91","101.18","","0.49%"
"11/08/2016","105.14","104.47","105.23","104.29","","0.66%"
"11/07/2016","104.45","103.15","104.65","103.10","","1.29%"
"11/04/2016","103.12","102.99","103.37","102.83","","0.15%"
"11/03/2016","102.97","103.31","103.46","102.55","","-0.31%"
"11/02/2016","103.29","104.16","104.19","103.01","","-0.80%"
"11/01/2016","104.12","104.83","105.13","103.80","","-0.66%"
"10/31/2016","104.81","104.70","105.24","104.26","","0.11%"
"10/28/2016","104.69","105.29","105.55","104.48","","-0.56%"
"10/27/2016","105.28","104.47","105.36","104.29","","0.78%"
"10/26/2016","104.46","104.23","104.63","104.01","","0.23%"
"10/25/2016","104.22","104.19","104.89","104.11","","0.05%"
"10/24/2016","104.17","103.86","104.33","103.71","","0.36%"
"10/21/2016","103.80","103.95","104.22","103.52","","-0.13%"
"10/20/2016","103.94","103.45","104.12","103.34","","0.48%"
"10/19/2016","103.44","103.87","103.96","103.17","","-0.39%"
"10/18/2016","103.85","103.90","104.22","103.67","","-0.04%"
"10/17/2016","103.89","104.08","104.41","103.78","","-0.28%"
"10/14/2016","104.18","103.72","104.49","103.60","","0.48%"
"10/13/2016","103.68","104.23","104.64","103.34","","-0.48%"
"10/12/2016","104.18","103.51","104.50","103.27","","0.66%"
"10/11/2016","103.50","103.62","104.09","103.16","","-0.08%"
"10/10/2016","103.58","103.13","103.80","102.80","","0.66%"
"10/07/2016","102.90","103.95","104.05","102.86","","-0.99%"
"10/06/2016","103.93","103.51","104.17","103.34","","0.43%"
"10/05/2016","103.49","102.89","103.68","102.67","","0.59%"
"10/04/2016","102.88","101.65","102.98","101.56","","1.25%"
"10/03/2016","101.61","101.35","101.67","101.21","","0.28%"
"09/30/2016","101.33","101.04","101.78","100.74","","0.32%"
"09/29/2016","101.01","100.69","101.86","100.64","","0.36%"
"09/28/2016","100.65","100.44","100.83","100.25","","0.22%"
"09/27/2016","100.43","100.34","101.00","100.09","","0.11%"
"09/26/2016","100.32","101.04","101.13","100.24","","-0.65%"
"09/23/2016","100.98","100.76","101.26","100.67","","0.25%"
"09/22/2016","100.73","100.34","100.94","100.09","","0.44%"
"09/21/2016","100.29","101.71","102.80","100.30","","-1.38%"
"09/20/2016","101.69","101.95","102.08","101.54","","-0.23%"
"09/19/2016","101.92","102.23","102.43","101.58","","-0.35%"
"09/16/2016","102.28","102.10","102.48","101.74","","0.19%"
"09/15/2016","102.09","102.43","102.77","101.94","","-0.30%"
"09/14/2016","102.40","102.56","103.37","102.24","","-0.13%"
"09/13/2016","102.53","101.87","102.76","101.42","","0.68%"
"09/12/2016","101.84","102.70","102.81","101.56","","-0.82%"
"09/09/2016","102.68","102.49","103.07","101.97","","0.20%"
"09/08/2016","102.48","101.75","102.61","101.41","","0.76%"
"09/07/2016","101.71","102.02","102.15","101.20","","-0.26%"
"09/06/2016","101.98","103.43","103.81","101.93","","-1.39%"
"09/05/2016","103.42","103.97","104.14","103.14","","-0.53%"
"09/02/2016","103.97","103.25","104.33","102.80","","0.72%"
"09/01/2016","103.23","103.43","104.02","103.05","","-0.18%"
"08/31/2016","103.42","102.97","103.55","102.86","","0.46%"
"08/30/2016","102.95","101.93","103.15","101.75","","1.03%"
"08/29/2016","101.90","101.84","102.41","101.83","","0.08%"
"08/26/2016","101.82","100.53","101.95","100.08","","1.30%"
"08/25/2016","100.51","100.45","100.63","100.29","","0.08%"
"08/24/2016","100.43","100.25","100.62","100.09","","0.20%"
"08/23/2016","100.23","100.34","100.41","99.93","","-0.09%"
"08/22/2016","100.32","100.43","100.95","100.21","","0.12%"
"08/19/2016","100.20","99.90","100.46","99.86","","0.33%"
"08/18/2016","99.87","100.28","100.50","99.64","","-0.37%"
"08/17/2016","100.24","100.32","101.17","100.04","","-0.04%"
"08/16/2016","100.28","101.26","101.30","99.55","","-0.95%"
"08/15/2016","101.24","101.23","101.47","100.87","","-0.05%"
"08/12/2016","101.29","101.95","102.29","100.84","","-0.65%"
"08/11/2016","101.95","101.29","102.07","101.02","","0.67%"
"08/10/2016","101.27","101.89","101.98","100.96","","-0.61%"
"08/09/2016","101.89","102.46","102.54","101.78","","-0.53%"
"08/08/2016","102.43","101.73","102.67","101.73","","0.62%"
"08/05/2016","101.80","101.23","102.07","100.86","","0.59%"
"08/04/2016","101.20","101.25","101.68","100.86","","-0.02%"
"08/03/2016","101.22","100.90","101.58","100.74","","0.34%"
"08/02/2016","100.88","102.39","102.83","100.67","","-1.47%"
"08/01/2016","102.38","102.07","102.69","102.00","","0.32%"
"07/29/2016","102.05","105.26","105.35","101.96","","-3.03%"
"07/28/2016","105.24","105.40","105.52","104.52","","-0.14%"
"07/27/2016","105.39","104.66","106.55","104.62","","0.72%"
"07/26/2016","104.64","105.81","105.90","103.99","","-1.06%"
"07/25/2016","105.76","106.21","106.73","105.73","","-0.28%"
"07/22/2016","106.06","105.82","106.40","105.57","","0.25%"
"07/21/2016","105.80","106.86","107.49","105.43","","-0.95%"
"07/20/2016","106.82","106.13","107.03","105.83","","0.67%"
"07/19/2016","106.11","106.16","106.54","105.65","","-0.04%"
"07/18/2016","106.15","105.26","106.27","105.06","","1.26%"
"07/15/2016","104.83","105.35","106.32","104.64","","-0.47%"
"07/14/2016","105.32","104.50","105.95","104.00","","0.80%"
"07/13/2016","104.48","104.69","104.90","103.91","","-0.20%"
"07/12/2016","104.69","102.81","105.00","102.44","","1.85%"
"07/11/2016","102.79","100.47","102.91","100.44","","2.25%"
"07/08/2016","100.53","100.78","101.26","100.04","","-0.22%"
"07/07/2016","100.75","101.33","101.42","100.59","","-0.55%"
"07/06/2016","101.31","101.74","101.78","100.20","","-0.38%"
"07/05/2016","101.70","102.56","102.60","101.45","","-0.83%"
"07/04/2016","102.55","102.53","102.82","102.43","","0.04%"
"07/01/2016","102.51","103.29","103.42","102.42","","-0.72%"
"06/30/2016","103.25","102.82","103.32","102.35","","0.43%"
"06/29/2016","102.81","102.77","102.97","102.17","","0.07%"
"06/28/2016","102.74","102.00","102.87","101.55","","0.74%"
"06/27/2016","101.99","102.11","102.49","101.40","","-0.20%"
"06/24/2016","102.19","106.16","106.83","99.10","","-3.71%"
"06/23/2016","106.13","104.41","106.20","104.11","","1.67%"
"06/22/2016","104.39","104.75","104.86","104.31","","-0.32%"
"06/21/2016","104.73","103.95","105.06","103.59","","0.78%"
"06/20/2016","103.92","104.35","104.86","103.78","","-0.17%"
"06/17/2016","104.10","104.27","104.84","104.09","","-0.13%"
"06/16/2016","104.24","106.02","106.04","103.60","","-1.66%"
"06/15/2016","106.00","106.12","106.41","105.48","","-0.09%"
"06/14/2016","106.10","106.27","106.43","105.62","","-0.12%"
"06/13/2016","106.23","106.93","106.93","105.74","","-0.68%"
"06/10/2016","106.96","107.09","107.27","106.55","","-0.11%"
"06/09/2016","107.08","106.99","107.19","106.26","","0.10%"
"06/08/2016","106.97","107.36","107.40","106.58","","-0.34%"
"06/07/2016","107.33","107.57","107.91","107.16","","-0.20%"
"06/06/2016","107.55","106.45","107.67","106.37","","0.98%"
"06/03/2016","106.51","108.88","109.15","106.50","","-2.15%"
"06/02/2016","108.85","109.54","109.60","108.51","","-0.61%"
"06/01/2016","109.52","110.71","110.84","109.05","","-1.05%"
"05/31/2016","110.68","111.12","111.36","110.50","","-0.39%"
"05/30/2016","111.11","110.42","111.45","110.32","","0.81%"
"05/27/2016","110.22","109.77","110.47","109.47","","0.43%"
"05/26/2016","109.75","110.19","110.25","109.40","","-0.39%"
"05/25/2016","110.18","110.00","110.47","109.86","","0.18%"
"05/24/2016","109.98","109.24","110.14","109.16","","0.70%"
"05/23/2016","109.22","110.11","110.25","109.10","","-0.84%"
"05/20/2016","110.14","109.97","110.60","109.85","","0.17%"
"05/19/2016","109.95","110.20","110.40","109.70","","-0.21%"
"05/18/2016","110.18","109.14","110.27","108.72","","0.97%"
"05/17/2016","109.12","109.03","109.66","108.84","","0.10%"
"05/16/2016","109.01","108.57","109.11","108.46","","0.38%"
"05/13/2016","108.60","109.02","109.50","108.51","","-0.38%"
"05/12/2016","109.01","108.43","109.41","108.23","","0.55%"
"05/11/2016","108.41","109.27","109.39","108.36","","-0.77%"
"05/10/2016","109.25","108.35","109.36","108.26","","0.87%"
"05/09/2016","108.31","107.12","108.62","107.03","","1.13%"
"05/06/2016","107.10","107.26","107.43","106.44","","-0.13%"
"05/05/2016","107.24","107.01","107.51","106.80","","0.22%"
"05/04/2016","107.00","106.62","107.47","106.25","","0.38%"
"05/03/2016","106.59","106.41","106.69","105.54","","0.18%"
"05/02/2016","106.40","106.30","106.83","106.16","","0.05%"
"04/29/2016","106.35","108.11","108.21","106.28","","-1.60%"
"04/28/2016","108.08","111.49","111.90","107.87","","-3.02%"
"04/27/2016","111.45","111.31","111.77","111.02","","0.13%"
"04/26/2016","111.30","111.21","111.49","110.66","","0.10%"
"04/25/2016","111.19","111.57","111.92","110.84","","-0.53%"
"04/22/2016","111.78","109.47","111.83","109.26","","2.14%"
"04/21/2016","109.44","109.88","109.91","109.31","","-0.36%"
"04/20/2016","109.83","109.21","109.89","108.76","","0.60%"
"04/19/2016","109.17","108.82","109.51","108.75","","0.33%"
"04/18/2016","108.81","108.24","109.00","107.84","","0.07%"
"04/15/2016","108.73","109.40","109.75","108.60","","-0.59%"
"04/14/2016","109.37","109.35","109.56","108.90","","0.04%"
"04/13/2016","109.33","108.55","109.41","108.50","","0.74%"
"04/12/2016","108.53","107.95","108.80","107.86","","0.56%"
"04/11/2016","107.93","108.07","108.45","107.63","","-0.09%"
"04/08/2016","108.03","108.22","109.11","108.03","","-0.16%"
"04/07/2016","108.20","109.80","109.88","107.69","","-1.44%"
"04/06/2016","109.78","110.34","110.64","109.34","","-0.48%"
"04/05/2016","110.31","111.34","111.36","109.96","","-0.90%"
"04/04/2016","111.31","111.71","111.82","111.08","","-0.30%"
"04/01/2016","111.65","112.57","112.60","111.58","","-0.81%"
"03/31/2016","112.56","112.42","112.67","112.10","","0.12%"
"03/30/2016","112.42","112.70","112.82","112.01","","-0.23%"
"03/29/2016","112.68","113.45","113.82","112.60","","-0.66%"
"03/28/2016","113.43","113.10","113.71","113.05","","0.35%"
"03/25/2016","113.04","112.93","113.32","112.75","","0.13%"
"03/24/2016","112.89","112.39","113.02","112.29","","0.48%"
"03/23/2016","112.35","112.38","112.92","112.14","","-0.01%"
"03/22/2016","112.36","111.96","112.50","111.38","","0.38%"
"03/21/2016","111.93","111.45","111.99","111.22","","0.34%"
"03/18/2016","111.55","111.40","111.77","110.82","","0.16%"
"03/17/2016","111.37","112.57","112.97","110.67","","-1.07%"
"03/16/2016","112.57","113.16","113.83","112.33","","-0.53%"
"03/15/2016","113.17","113.83","113.95","112.63","","-0.56%"
"03/14/2016","113.81","113.85","114.02","113.50","","0.01%"
"03/11/2016","113.80","113.20","113.93","112.78","","0.55%"
"03/10/2016","113.18","113.36","114.46","112.62","","-0.11%"
"03/09/2016","113.31","112.63","113.47","112.22","","0.62%"
"03/08/2016","112.61","113.47","113.53","112.43","","-0.72%"
"03/07/2016","113.43","113.81","114.08","113.22","","-0.28%"
"03/04/2016","113.75","113.69","114.28","113.16","","0.07%"
"03/03/2016","113.67","113.49","114.29","113.30","","0.19%"
"03/02/2016","113.45","114.02","114.57","113.21","","-0.46%"
"03/01/2016","113.98","112.69","114.20","112.16","","1.17%"
"02/29/2016","112.66","113.86","114.00","112.64","","-1.17%"
"02/26/2016","113.99","113.00","114.00","112.56","","0.89%"
"02/25/2016","112.98","112.18","113.04","111.89","","0.72%"
"02/24/2016","112.17","112.11","112.28","111.05","","0.06%"
"02/23/2016","112.10","112.90","113.07","111.77","","-0.72%"
"02/22/2016","112.91","112.63","113.40","112.36","","0.33%"
"02/19/2016","112.54","113.25","113.39","112.30","","-0.61%"
"02/18/2016","113.23","114.11","114.34","113.13","","-0.75%"
"02/17/2016","114.08","114.07","114.51","113.37","","0.02%"
"02/16/2016","114.06","114.57","114.90","113.59","","-0.45%"
"02/15/2016","114.57","113.23","114.74","113.07","","1.21%"
"02/12/2016","113.20","112.42","113.54","111.73","","0.70%"
"02/11/2016","112.41","113.34","113.60","111.00","","-0.80%"
"02/10/2016","113.32","115.14","115.27","113.13","","-1.55%"
"02/09/2016","115.10","115.85","115.87","114.24","","-0.64%"
"02/08/2016","115.84","116.91","117.54","115.19","","-0.90%"
"02/05/2016","116.89","116.79","117.43","116.44","","0.13%"
"02/04/2016","116.74","117.90","118.25","116.52","","-0.97%"
"02/03/2016","117.88","119.97","120.06","117.05","","-1.72%"
"02/02/2016","119.94","121.00","121.06","119.84","","-0.85%"
"02/01/2016","120.97","121.12","121.49","120.68","","-0.05%"
"01/29/2016","121.03","118.82","121.70","118.51","","1.87%"
"01/28/2016","118.81","118.69","119.01","118.41","","0.13%"
"01/27/2016","118.66","118.43","119.09","118.03","","0.21%"
"01/26/2016","118.41","118.31","118.63","117.65","","0.11%"
"01/25/2016","118.28","118.53","118.88","118.18","","-0.41%"
"01/22/2016","118.77","117.72","118.89","117.54","","0.93%"
"01/21/2016","117.68","116.94","117.83","116.47","","0.66%"
"01/20/2016","116.91","117.63","117.69","115.98","","-0.60%"
"01/19/2016","117.62","117.33","118.13","117.25","","0.26%"
"01/18/2016","117.31","116.91","117.46","116.57","","0.22%"
"01/15/2016","117.05","118.04","118.28","116.50","","-0.84%"
"01/14/2016","118.04","117.69","118.29","117.29","","0.32%"
"01/13/2016","117.66","117.66","118.39","117.63","","0.03%"
"01/12/2016","117.62","117.76","118.07","117.22","","-0.11%"
"01/11/2016","117.75","117.46","118.04","116.70","","0.26%"
"01/08/2016","117.44","117.67","118.77","117.44","","-0.19%"
"01/07/2016","117.66","118.48","118.77","117.32","","-0.68%"
"01/06/2016","118.46","119.07","119.18","118.24","","-0.50%"
"01/05/2016","119.05","119.44","119.72","118.79","","-0.31%"
"01/04/2016","119.42","120.30","120.47","118.70","","-0.73%"
"01/01/2016","120.30","120.29","120.32","120.29","","0.00%"
"12/31/2015","120.30","120.52","120.60","120.00","","-0.16%"
"12/30/2015","120.49","120.47","120.67","120.34","","0.02%"
"12/29/2015","120.46","120.41","120.52","120.22","","0.07%"
"12/28/2015","120.38","120.25","120.65","120.17","","-0.02%"
"12/25/2015","120.40","120.48","120.48","120.04","","-0.02%"
"12/24/2015","120.42","120.92","121.00","120.24","","-0.41%"
"12/23/2015","120.91","121.08","121.14","120.80","","-0.12%"
"12/22/2015","121.05","121.19","121.32","120.72","","-0.08%"
"12/21/2015","121.15","121.24","121.53","120.85","","-0.04%"
"12/18/2015","121.20","122.56","123.60","121.05","","-1.10%"
"12/17/2015","122.55","122.21","122.89","122.19","","0.29%"
"12/16/2015","122.20","121.68","122.43","121.43","","0.45%"
"12/15/2015","121.65","121.04","121.81","120.57","","0.52%"
"12/14/2015","121.02","120.99","121.37","120.34","","0.13%"
"12/11/2015","120.86","121.60","122.24","120.58","","-0.59%"
"12/10/2015","121.58","121.47","121.88","121.25","","0.13%"
"12/09/2015","121.42","122.94","123.07","121.07","","-1.20%"
"12/08/2015","122.90","123.38","123.41","122.71","","-0.38%"
"12/07/2015","123.37","123.23","123.49","123.14","","0.17%"
"12/04/2015","123.16","122.60","123.38","122.46","","0.46%"
"12/03/2015","122.59","123.25","123.57","122.29","","-0.53%"
"12/02/2015","123.24","122.89","123.68","122.82","","0.32%"
"12/01/2015","122.85","123.10","123.29","122.64","","-0.19%"
"11/30/2015","123.08","122.82","123.35","122.68","","0.21%"
"11/27/2015","122.82","122.62","122.89","122.30","","0.18%"
"11/26/2015","122.60","122.70","122.75","122.49","","-0.08%"
"11/25/2015","122.70","122.53","122.95","122.25","","0.16%"
"11/24/2015","122.51","122.85","122.98","122.31","","-0.25%"
"11/23/2015","122.82","122.79","123.27","122.75","","-0.06%"
"11/20/2015","122.89","122.87","123.07","122.71","","0.03%"
"11/19/2015","122.85","123.64","123.65","122.62","","-0.61%"
"11/18/2015","123.61","123.45","123.69","123.21","","0.15%"
"11/17/2015","123.43","123.18","123.50","123.17","","0.23%"
"11/16/2015","123.15","122.35","123.29","122.22","","0.43%"
"11/13/2015","122.62","122.61","123.00","122.45","","0.02%"
"11/12/2015","122.59","122.87","123.09","122.55","","-0.19%"
"11/11/2015","122.82","123.18","123.24","122.75","","-0.24%"
"11/10/2015","123.12","123.18","123.45","123.02","","-0.04%"
"11/09/2015","123.17","123.17","123.61","122.97","","0.03%"
"11/06/2015","123.13","121.75","123.28","121.62","","1.14%"
"11/05/2015","121.74","121.58","122.02","121.38","","0.17%"
"11/04/2015","121.53","121.07","121.73","121.00","","0.40%"
"11/03/2015","121.05","120.75","121.24","120.59","","0.25%"
"11/02/2015","120.75","120.66","120.83","120.25","","0.12%"
"10/30/2015","120.61","121.13","121.48","120.28","","-0.42%"
"10/29/2015","121.12","121.10","121.20","120.59","","0.05%"
"10/28/2015","121.06","120.46","121.27","120.25","","0.51%"
"10/27/2015","120.45","121.11","121.11","120.16","","-0.51%"
"10/26/2015","121.07","121.44","121.53","120.61","","-0.31%"
"10/23/2015","121.45","120.71","121.50","120.23","","0.65%"
"10/22/2015","120.66","119.93","120.78","119.61","","0.61%"
"10/21/2015","119.93","119.84","120.11","119.75","","0.09%"
"10/20/2015","119.82","119.50","119.98","119.40","","0.28%"
"10/19/2015","119.48","119.50","119.58","119.14","","0.05%"
"10/16/2015","119.42","118.90","119.68","118.82","","0.46%"
"10/15/2015","118.87","118.84","119.18","118.06","","0.04%"
"10/14/2015","118.82","119.75","119.82","118.64","","-0.76%"
"10/13/2015","119.73","120.06","120.09","119.55","","-0.24%"
"10/12/2015","120.02","120.27","120.28","119.88","","-0.19%"
"10/09/2015","120.25","119.94","120.37","119.84","","0.28%"
"10/08/2015","119.91","120.02","120.13","119.62","","-0.07%"
"10/07/2015","120.00","120.22","120.38","119.74","","-0.19%"
"10/06/2015","120.23","120.48","120.59","120.10","","-0.18%"
"10/05/2015","120.45","120.00","120.57","119.87","","0.47%"
"10/02/2015","119.89","119.94","120.42","118.68","","-0.03%"
"10/01/2015","119.92","119.88","120.30","119.49","","0.07%"
"09/30/2015","119.84","119.74","120.37","119.56","","0.11%"
"09/29/2015","119.71","119.93","120.17","119.24","","-0.17%"
"09/28/2015","119.91","120.55","120.60","119.69","","-0.53%"
"09/25/2015","120.55","120.08","121.25","120.01","","0.41%"
"09/24/2015","120.06","120.28","120.40","119.22","","-0.18%"
"09/23/2015","120.28","120.15","120.56","119.63","","0.13%"
"09/22/2015","120.12","120.58","120.63","119.69","","-0.34%"
"09/21/2015","120.53","119.86","120.67","119.73","","0.46%"
"09/18/2015","119.98","120.02","120.29","119.05","","0.00%"
"09/17/2015","119.98","120.57","121.01","119.79","","-0.47%"
"09/16/2015","120.55","120.42","120.74","120.10","","0.11%"
"09/15/2015","120.42","120.25","120.67","119.40","","0.17%"
"09/14/2015","120.22","120.57","120.85","119.85","","-0.27%"
"09/11/2015","120.55","120.63","120.98","120.36","","-0.03%"
"09/10/2015","120.59","120.52","121.33","119.97","","0.09%"
"09/09/2015","120.48","119.83","121.21","119.80","","0.58%"
"09/08/2015","119.78","119.28","120.23","118.85","","0.43%"
"09/07/2015","119.27","118.74","119.59","118.68","","0.24%"
"09/04/2015","118.99","120.07","120.20","118.77","","-0.89%"
"09/03/2015","120.06","120.33","120.71","119.64","","-0.22%"
"09/02/2015","120.32","119.39","120.47","119.22","","0.80%"
"09/01/2015","119.36","121.23","121.29","119.28","","-1.53%"
"08/31/2015","121.22","121.68","121.76","120.88","","-0.39%"
"08/28/2015","121.70","121.03","121.75","120.65","","0.55%"
"08/27/2015","121.03","119.92","121.41","119.79","","0.94%"
"08/26/2015","119.90","118.86","120.02","118.45","","0.87%"
"08/25/2015","118.86","118.41","120.41","118.25","","0.40%"
"08/24/2015","118.39","121.71","122.03","116.47","","-2.97%"
"08/21/2015","122.01","123.41","123.51","121.82","","-1.11%"
"08/20/2015","123.38","123.79","124.17","123.33","","-0.32%"
"08/19/2015","123.78","124.41","124.49","123.69","","-0.49%"
"08/18/2015","124.39","124.39","124.54","124.18","","0.01%"
"08/17/2015","124.38","124.41","124.59","124.21","","0.06%"
"08/14/2015","124.30","124.43","124.56","124.04","","-0.09%"
"08/13/2015","124.41","124.21","124.64","124.07","","0.17%"
"08/12/2015","124.20","125.13","125.30","123.79","","-0.72%"
"08/11/2015","125.10","124.63","125.22","124.51","","0.39%"
"08/10/2015","124.61","124.16","124.80","124.14","","0.32%"
"08/07/2015","124.21","124.76","125.07","124.10","","-0.42%"
"08/06/2015","124.73","124.87","124.98","124.54","","-0.12%"
"08/05/2015","124.88","124.39","125.03","124.01","","0.40%"
"08/04/2015","124.38","124.03","124.42","123.79","","0.30%"
"08/03/2015","124.01","124.03","124.29","123.85","","0.07%"
"07/31/2015","123.92","124.17","124.39","123.52","","-0.18%"
"07/30/2015","124.14","123.94","124.60","123.87","","0.18%"
"07/29/2015","123.92","123.57","124.03","123.32","","0.30%"
"07/28/2015","123.55","123.27","123.82","123.06","","0.27%"
"07/27/2015","123.22","123.74","123.85","123.00","","-0.46%"
"07/24/2015","123.79","123.93","124.11","123.59","","-0.08%"
"07/23/2015","123.89","123.97","124.20","123.67","","-0.04%"
"07/22/2015","123.94","123.88","124.17","123.56","","0.06%"
"07/21/2015","123.87","124.27","124.50","123.75","","-0.31%"
"07/20/2015","124.25","124.09","124.40","123.98","","0.15%"
"07/17/2015","124.07","124.16","124.25","123.91","","-0.06%"
"07/16/2015","124.14","123.77","124.20","123.73","","0.31%"
"07/15/2015","123.76","123.39","123.99","123.25","","0.33%"
"07/14/2015","123.35","123.44","123.74","122.92","","-0.06%"
"07/13/2015","123.42","122.03","123.55","122.03","","0.55%"
"07/10/2015","122.74","121.34","122.90","121.27","","1.16%"
"07/09/2015","121.33","120.73","121.59","120.46","","0.52%"
"07/08/2015","120.70","122.54","122.59","120.40","","-1.49%"
"07/07/2015","122.53","122.58","122.90","122.00","","-0.02%"
"07/06/2015","122.55","122.07","122.94","121.74","","-0.20%"
"07/03/2015","122.80","123.07","123.21","122.59","","-0.20%"
"07/02/2015","123.04","123.17","123.74","122.96","","-0.09%"
"07/01/2015","123.15","122.49","123.25","122.35","","0.54%"
"06/30/2015","122.49","122.54","122.74","121.94","","-0.03%"
"06/29/2015","122.53","122.73","123.21","122.12","","-1.07%"
"06/26/2015","123.85","123.62","124.00","123.22","","0.20%"
"06/25/2015","123.60","123.85","123.98","123.32","","-0.19%"
"06/24/2015","123.84","123.94","124.39","123.71","","-0.08%"
"06/23/2015","123.94","123.38","124.20","123.34","","0.47%"
"06/22/2015","123.36","122.84","123.44","122.56","","0.58%"
"06/19/2015","122.65","122.97","123.24","122.55","","-0.24%"
"06/18/2015","122.95","123.43","123.62","122.47","","-0.37%"
"06/17/2015","123.41","123.36","124.45","123.21","","0.06%"
"06/16/2015","123.34","123.42","123.79","123.29","","-0.06%"
"06/15/2015","123.41","123.37","123.67","123.11","","0.03%"
"06/12/2015","123.37","123.42","123.84","123.13","","-0.02%"
"06/11/2015","123.39","122.68","124.14","122.62","","0.60%"
"06/10/2015","122.65","124.34","124.64","122.45","","-1.34%"
"06/09/2015","124.32","124.48","124.76","123.86","","-0.12%"
"06/08/2015","124.47","125.60","125.69","124.30","","-0.91%"
"06/05/2015","125.61","124.37","125.86","124.34","","1.01%"
"06/04/2015","124.36","124.26","124.70","123.78","","0.10%"
"06/03/2015","124.24","124.12","124.70","123.79","","0.13%"
"06/02/2015","124.08","124.78","125.06","123.75","","-0.55%"
"06/01/2015","124.76","124.13","124.93","123.86","","0.52%"
"05/29/2015","124.11","123.96","124.20","123.60","","0.14%"
"05/28/2015","123.94","123.65","124.48","123.49","","0.23%"
"05/27/2015","123.65","123.07","124.08","122.78","","0.46%"
"05/26/2015","123.08","121.56","123.34","121.51","","1.26%"
"05/25/2015","121.55","121.51","121.79","121.44","","0.02%"
"05/22/2015","121.53","121.04","121.58","120.63","","0.42%"
"05/21/2015","121.02","121.34","121.40","120.84","","-0.26%"
"05/20/2015","121.34","120.70","121.49","120.58","","0.54%"
"05/19/2015","120.69","119.99","120.75","119.82","","0.59%"
"05/18/2015","119.98","119.28","120.05","119.25","","0.60%"
"05/15/2015","119.27","119.17","119.95","119.15","","0.12%"
"05/14/2015","119.13","119.17","119.36","118.88","","-0.01%"
"05/13/2015","119.14","119.88","119.99","119.03","","-0.59%"
"05/12/2015","119.85","120.09","120.29","119.78","","-0.18%"
"05/11/2015","120.07","119.68","120.16","119.45","","0.23%"
"05/08/2015","119.79","119.74","120.25","119.59","","0.05%"
"05/07/2015","119.73","119.47","119.88","119.05","","0.25%"
"05/06/2015","119.43","119.86","120.06","119.20","","-0.33%"
"05/05/2015","119.82","120.14","120.53","119.73","","-0.23%"
"05/04/2015","120.10","120.18","120.29","119.99","","-0.05%"
"05/01/2015","120.16","119.38","120.31","119.36","","0.69%"
"04/30/2015","119.34","119.01","119.91","118.49","","0.27%"
"04/29/2015","119.02","118.85","119.38","118.60","","0.15%"
"04/28/2015","118.84","119.03","119.22","118.77","","-0.16%"
"04/27/2015","119.03","119.01","119.45","118.77","","0.05%"
"04/24/2015","118.97","119.59","119.68","118.82","","-0.49%"
"04/23/2015","119.56","119.93","120.11","119.42","","-0.28%"
"04/22/2015","119.90","119.68","119.98","119.34","","0.20%"
"04/21/2015","119.66","119.18","119.85","119.16","","0.40%"
"04/20/2015","119.18","118.82","119.45","118.53","","0.24%"
"04/17/2015","118.90","119.02","119.28","118.56","","-0.08%"
"04/16/2015","118.99","119.16","119.49","118.79","","-0.12%"
"04/15/2015","119.13","119.40","119.76","118.78","","-0.19%"
"04/14/2015","119.36","120.13","120.19","119.06","","-0.62%"
"04/13/2015","120.10","120.22","120.86","119.75","","-0.09%"
"04/10/2015","120.21","120.60","120.65","120.05","","-0.30%"
"04/09/2015","120.57","120.14","120.75","119.85","","0.37%"
"04/08/2015","120.12","120.26","120.36","119.64","","-0.12%"
"04/07/2015","120.26","119.54","120.46","119.43","","0.62%"
"04/06/2015","119.52","118.96","119.69","118.79","","0.47%"
"04/03/2015","118.96","119.72","119.80","118.71","","-0.62%"
"04/02/2015","119.70","119.78","119.91","119.44","","-0.04%"
"04/01/2015","119.75","120.13","120.34","119.42","","-0.31%"
"03/31/2015","120.12","120.08","120.38","119.78","","0.05%"
"03/30/2015","120.06","119.15","120.24","119.11","","0.81%"
"03/27/2015","119.10","119.19","119.52","118.93","","-0.07%"
"03/26/2015","119.18","119.49","119.59","118.32","","-0.25%"
"03/25/2015","119.48","119.76","119.85","119.24","","-0.20%"
"03/24/2015","119.72","119.73","120.00","119.22","","-0.01%"
"03/23/2015","119.73","120.06","120.19","119.59","","-0.25%"
"03/20/2015","120.03","120.80","121.21","119.90","","-0.62%"
"03/19/2015","120.78","120.11","121.05","119.68","","0.57%"
"03/18/2015","120.09","121.37","121.43","119.40","","-1.04%"
"03/17/2015","121.35","121.34","121.54","121.11","","0.02%"
"03/16/2015","121.32","121.40","121.50","121.09","","-0.05%"
"03/13/2015","121.38","121.29","121.59","121.13","","0.08%"
"03/12/2015","121.28","121.45","121.69","120.68","","-0.13%"
"03/11/2015","121.44","121.13","121.64","120.86","","0.26%"
"03/10/2015","121.13","121.16","122.04","120.92","","-0.02%"
"03/09/2015","121.15","120.82","121.42","120.60","","0.26%"
"03/06/2015","120.83","120.14","121.30","119.90","","0.58%"
"03/05/2015","120.13","119.68","120.41","119.62","","0.40%"
"03/04/2015","119.65","119.73","119.84","119.46","","-0.06%"
"03/03/2015","119.72","120.15","120.29","119.37","","-0.33%"
"03/02/2015","120.12","119.65","120.21","119.60","","0.51%"
"02/27/2015","119.51","119.42","119.81","119.11","","0.08%"
"02/26/2015","119.41","118.87","119.52","118.67","","0.48%"
"02/25/2015","118.84","118.98","119.08","118.61","","-0.11%"
"02/24/2015","118.97","118.82","119.85","118.76","","0.13%"
"02/23/2015","118.81","119.03","119.37","118.73","","-0.17%"
"02/20/2015","119.01","118.95","119.20","118.29","","0.06%"
"02/19/2015","118.94","118.80","119.19","118.47","","0.13%"
"02/18/2015","118.78","119.26","119.43","118.54","","-0.37%"
"02/17/2015","119.22","118.48","119.43","118.23","","0.64%"
"02/16/2015","118.46","118.77","118.88","118.18","","-0.22%"
"02/13/2015","118.72","119.12","119.21","118.42","","-0.32%"
"02/12/2015","119.10","120.46","120.48","118.51","","-1.12%"
"02/11/2015","120.45","119.44","120.49","119.28","","0.87%"
"02/10/2015","119.41","118.64","119.63","118.39","","0.66%"
"02/09/2015","118.63","119.18","119.20","118.33","","-0.28%"
"02/06/2015","118.96","117.54","119.24","117.18","","1.23%"
"02/05/2015","117.51","117.27","117.61","117.02","","0.21%"
"02/04/2015","117.26","117.57","118.01","117.07","","-0.25%"
"02/03/2015","117.55","117.62","117.76","116.87","","-0.03%"
"02/02/2015","117.58","117.48","117.88","116.67","","0.12%"
"01/30/2015","117.44","118.30","118.47","117.30","","-0.69%"
"01/29/2015","118.26","117.56","118.50","117.38","","0.62%"
"01/28/2015","117.53","117.88","118.27","117.27","","-0.27%"
"01/27/2015","117.85","118.46","118.67","117.34","","-0.51%"
"01/26/2015","118.45","117.79","118.52","117.27","","0.60%"
"01/23/2015","117.74","118.50","118.83","117.54","","-0.62%"
"01/22/2015","118.48","117.96","118.68","117.25","","0.47%"
"01/21/2015","117.93","118.82","118.86","117.18","","-0.72%"
"01/20/2015","118.79","117.57","118.89","117.56","","1.05%"
"01/19/2015","117.55","117.63","117.80","116.93","","-0.05%"
"01/16/2015","117.61","116.18","117.77","115.84","","1.25%"
"01/15/2015","116.16","117.34","117.96","116.15","","-0.99%"
"01/14/2015","117.32","117.95","117.98","116.07","","-0.51%"
"01/13/2015","117.92","118.34","118.86","117.54","","-0.34%"
"01/12/2015","118.32","118.53","119.33","118.10","","-0.15%"
"01/09/2015","118.50","119.69","119.89","118.42","","-0.96%"
"01/08/2015","119.65","119.26","119.98","119.15","","0.34%"
"01/07/2015","119.25","118.41","119.66","118.38","","0.73%"
"01/06/2015","118.39","119.63","119.65","118.06","","-1.04%"
"01/05/2015","119.63","120.49","120.66","119.39","","-0.71%"
"01/02/2015","120.49","119.80","120.76","119.72","","0.60%"
"01/01/2015","119.77","119.70","119.87","119.66","","0.08%"
"12/31/2014","119.68","119.49","119.95","119.24","","0.18%"
"12/30/2014","119.46","120.68","120.71","118.86","","-0.99%"
"12/29/2014","120.65","120.40","120.75","120.16","","0.22%"
"12/26/2014","120.39","120.10","120.48","120.10","","0.26%"
"12/25/2014","120.08","120.51","120.52","120.00","","-0.33%"
"12/24/2014","120.48","120.71","120.78","120.27","","-0.16%"
"12/23/2014","120.67","120.06","120.84","119.99","","0.52%"
"12/22/2014","120.05","119.40","120.10","119.31","","0.47%"
"12/19/2014","119.49","118.85","119.64","118.82","","0.56%"
"12/18/2014","118.82","118.65","119.32","118.25","","0.15%"
"12/17/2014","118.64","116.42","118.91","116.31","","1.93%"
"12/16/2014","116.39","117.82","118.02","115.57","","-1.20%"
"12/15/2014","117.80","119.06","119.07","117.56","","-0.82%"
"12/12/2014","118.77","118.65","119.21","118.05","","0.10%"
"12/11/2014","118.65","117.80","119.57","117.45","","0.71%"
"12/10/2014","117.81","119.70","119.94","117.73","","-1.57%"
"12/09/2014","119.69","120.70","121.01","117.94","","-0.81%"
"12/08/2014","120.67","121.47","121.86","120.20","","-0.61%"
"12/05/2014","121.41","119.78","121.70","119.70","","1.36%"
"12/04/2014","119.78","119.80","120.26","119.34","","0.01%"
"12/03/2014","119.77","119.21","119.88","119.11","","0.49%"
"12/02/2014","119.19","118.40","119.30","118.22","","0.68%"
"12/01/2014","118.39","118.71","119.15","117.87","","-0.19%"
"11/28/2014","118.61","117.71","118.79","117.70","","0.79%"
"11/27/2014","117.68","117.73","117.90","117.24","","-0.03%"
"11/26/2014","117.72","117.99","118.00","117.43","","-0.21%"
"11/25/2014","117.97","118.27","118.59","117.69","","-0.25%"
"11/24/2014","118.26","117.78","118.50","117.57","","0.39%"
"11/21/2014","117.80","118.21","118.38","117.35","","-0.34%"
"11/20/2014","118.20","117.97","118.98","117.74","","0.19%"
"11/19/2014","117.97","116.87","118.07","116.82","","0.95%"
"11/18/2014","116.86","116.65","117.05","116.35","","0.19%"
"11/17/2014","116.64","116.37","117.06","115.46","","0.32%"
"11/14/2014","116.27","115.78","116.84","115.73","","0.47%"
"11/13/2014","115.73","115.49","115.89","115.31","","0.23%"
"11/12/2014","115.47","115.79","116.02","114.90","","-0.26%"
"11/11/2014","115.77","114.86","116.11","114.63","","0.80%"
"11/10/2014","114.85","114.48","114.93","113.86","","0.28%"
"11/07/2014","114.53","115.21","115.48","114.25","","-0.58%"
"11/06/2014","115.20","114.65","115.51","114.13","","0.50%"
"11/05/2014","114.63","113.60","114.85","113.41","","0.92%"
"11/04/2014","113.58","114.05","114.06","113.17","","-0.39%"
"11/03/2014","114.03","112.47","114.22","112.43","","1.54%"
"10/31/2014","112.30","109.22","112.48","109.17","","2.84%"
"10/30/2014","109.20","108.89","109.48","108.75","","0.29%"
"10/29/2014","108.88","108.16","108.98","107.94","","0.68%"
"10/28/2014","108.14","107.82","108.20","107.69","","0.31%"
"10/27/2014","107.81","108.15","108.38","107.60","","-0.31%"
"10/24/2014","108.14","108.27","108.33","107.78","","-0.10%"
"10/23/2014","108.25","107.14","108.37","107.10","","1.04%"
"10/22/2014","107.14","107.02","107.39","106.78","","0.16%"
"10/21/2014","106.97","106.95","107.03","106.24","","0.03%"
"10/20/2014","106.94","106.97","107.41","106.78","","0.07%"
"10/17/2014","106.87","106.32","106.96","106.13","","0.52%"
"10/16/2014","106.32","105.93","106.47","105.50","","0.40%"
"10/15/2014","105.90","107.06","107.52","105.20","","-1.07%"
"10/14/2014","107.04","106.84","107.33","106.67","","0.20%"
"10/13/2014","106.83","107.61","107.64","106.78","","-0.76%"
"10/10/2014","107.65","107.84","108.18","107.62","","-0.17%"
"10/09/2014","107.83","108.08","108.33","107.52","","-0.23%"
"10/08/2014","108.08","108.04","108.75","107.75","","0.06%"
"10/07/2014","108.02","108.79","109.25","107.82","","-0.70%"
"10/06/2014","108.78","109.78","109.87","108.65","","-0.88%"
"10/03/2014","109.75","108.43","109.92","108.35","","1.24%"
"10/02/2014","108.41","108.90","109.14","108.01","","-0.42%"
"10/01/2014","108.87","109.65","110.10","108.86","","-0.70%"
"09/30/2014","109.64","109.49","109.86","109.18","","0.16%"
"09/29/2014","109.46","109.19","109.76","109.13","","0.17%"
"09/26/2014","109.27","108.76","109.54","108.47","","0.49%"
"09/25/2014","108.74","109.04","109.38","108.51","","-0.25%"
"09/24/2014","109.01","108.89","109.17","108.46","","0.12%"
"09/23/2014","108.88","108.84","109.01","108.25","","0.04%"
"09/22/2014","108.84","109.05","109.21","108.66","","-0.16%"
"09/19/2014","109.01","108.67","109.47","108.59","","0.29%"
"09/18/2014","108.69","108.39","108.98","108.31","","0.30%"
"09/17/2014","108.37","107.15","108.40","107.09","","1.17%"
"09/16/2014","107.12","107.18","107.35","106.81","","-0.04%"
"09/15/2014","107.16","107.26","107.38","107.01","","-0.15%"
"09/12/2014","107.32","107.11","107.42","106.96","","0.21%"
"09/11/2014","107.10","106.86","107.21","106.64","","0.26%"
"09/10/2014","106.82","106.20","106.90","106.03","","0.60%"
"09/09/2014","106.18","106.03","106.49","105.94","","0.15%"
"09/08/2014","106.02","105.08","106.10","104.92","","0.89%"
"09/05/2014","105.08","105.26","105.72","104.68","","-0.17%"
"09/04/2014","105.26","104.79","105.38","104.76","","0.45%"
"09/03/2014","104.79","105.10","105.32","104.74","","-0.27%"
"09/02/2014","105.07","104.35","105.22","104.29","","0.69%"
"09/01/2014","104.35","104.06","104.37","104.05","","0.29%"
"08/29/2014","104.05","103.73","104.13","103.64","","0.34%"
"08/28/2014","103.70","103.88","103.94","103.55","","-0.14%"
"08/27/2014","103.85","104.09","104.18","103.77","","-0.19%"
"08/26/2014","104.05","104.06","104.19","103.74","","0.02%"
"08/25/2014","104.03","104.41","104.45","103.86","","0.11%"
"08/22/2014","103.92","103.86","104.20","103.50","","0.10%"
"08/21/2014","103.82","103.76","103.98","103.60","","0.09%"
"08/20/2014","103.73","102.92","103.86","102.88","","0.82%"
"08/19/2014","102.89","102.57","102.94","102.52","","0.32%"
"08/18/2014","102.56","102.23","102.61","102.17","","0.21%"
"08/15/2014","102.34","102.45","102.73","102.13","","-0.09%"
"08/14/2014","102.43","102.45","102.68","102.30","","0.02%"
"08/13/2014","102.41","102.26","102.56","102.22","","0.16%"
"08/12/2014","102.25","102.20","102.38","102.08","","0.07%"
"08/11/2014","102.18","102.06","102.24","102.01","","0.14%"
"08/08/2014","102.04","102.10","102.17","101.51","","-0.05%"
"08/07/2014","102.09","102.11","102.48","101.99","","0.00%"
"08/06/2014","102.09","102.60","102.66","101.78","","-0.49%"
"08/05/2014","102.59","102.57","102.94","102.45","","0.01%"
"08/04/2014","102.58","102.57","102.75","102.40","","-0.03%"
"08/01/2014","102.61","102.80","103.04","102.34","","-0.18%"
"07/31/2014","102.79","102.80","103.02","102.71","","0.01%"
"07/30/2014","102.78","102.14","103.10","102.02","","0.66%"
"07/29/2014","102.11","101.85","102.17","101.81","","0.26%"
"07/28/2014","101.85","101.77","101.92","101.74","","0.03%"
"07/25/2014","101.82","101.82","101.95","101.70","","0.01%"
"07/24/2014","101.81","101.49","101.88","101.40","","0.34%"
"07/23/2014","101.47","101.47","101.56","101.31","","0.01%"
"07/22/2014","101.46","101.39","101.62","101.32","","0.07%"
"07/21/2014","101.39","101.39","101.41","101.18","","0.07%"
"07/18/2014","101.32","101.19","101.47","101.09","","0.17%"
"07/17/2014","101.15","101.67","101.71","101.14","","-0.51%"
"07/16/2014","101.67","101.69","101.81","101.63","","-0.01%"
"07/15/2014","101.68","101.55","101.76","101.44","","0.15%"
"07/14/2014","101.53","101.40","101.64","101.31","","0.17%"
"07/11/2014","101.36","101.35","101.41","101.21","","0.05%"
"07/10/2014","101.31","101.65","101.69","101.06","","-0.31%"
"07/09/2014","101.62","101.58","101.87","101.44","","0.05%"
"07/08/2014","101.57","101.86","101.92","101.48","","-0.25%"
"07/07/2014","101.82","102.04","102.22","101.78","","-0.27%"
"07/04/2014","102.10","102.19","102.24","101.96","","-0.08%"
"07/03/2014","102.18","101.77","102.28","101.75","","0.40%"
"07/02/2014","101.77","101.53","101.86","101.40","","0.25%"
"07/01/2014","101.52","101.34","101.61","101.28","","0.22%"
"06/30/2014","101.30","101.43","101.50","101.23","","-0.06%"
"06/27/2014","101.36","101.74","101.75","101.31","","-0.36%"
"06/26/2014","101.73","101.88","101.88","101.49","","-0.13%"
"06/25/2014","101.86","101.99","101.99","101.62","","-0.11%"
"06/24/2014","101.97","101.95","102.18","101.81","","0.04%"
"06/23/2014","101.93","102.10","102.16","101.80","","-0.13%"
"06/20/2014","102.06","101.96","102.21","101.80","","0.15%"
"06/19/2014","101.91","101.93","102.02","101.73","","0.00%"
"06/18/2014","101.91","102.15","102.34","101.88","","-0.23%"
"06/17/2014","102.14","101.84","102.26","101.81","","0.30%"
"06/16/2014","101.83","102.08","102.11","101.71","","-0.22%"
"06/13/2014","102.05","101.73","102.15","101.65","","0.34%"
"06/12/2014","101.70","102.09","102.16","101.59","","-0.35%"
"06/11/2014","102.06","102.35","102.41","101.86","","-0.28%"
"06/10/2014","102.35","102.53","102.59","102.21","","-0.17%"
"06/09/2014","102.52","102.50","102.66","102.37","","0.05%"
"06/06/2014","102.47","102.42","102.63","102.12","","0.09%"
"06/05/2014","102.38","102.76","102.78","102.33","","-0.34%"
"06/04/2014","102.73","102.52","102.81","102.43","","0.24%"
"06/03/2014","102.48","102.39","102.57","102.26","","0.12%"
"06/02/2014","102.36","101.83","102.50","101.75","","0.57%"
"05/30/2014","101.78","101.79","101.86","101.50","","-0.01%"
"05/29/2014","101.79","101.85","101.88","101.42","","-0.04%"
"05/28/2014","101.83","101.99","102.05","101.64","","-0.14%"
"05/27/2014","101.97","101.96","102.16","101.72","","0.03%"
"05/26/2014","101.94","101.95","102.06","101.83","","-0.02%"
"05/23/2014","101.96","101.74","102.02","101.58","","0.24%"
"05/22/2014","101.72","101.35","101.83","101.34","","0.37%"
"05/21/2014","101.35","101.33","101.63","100.82","","0.04%"
"05/20/2014","101.31","101.53","101.62","101.18","","-0.18%"
"05/19/2014","101.49","101.56","101.62","101.09","","0.00%"
"05/16/2014","101.49","101.57","101.69","101.35","","-0.07%"
"05/15/2014","101.56","101.91","102.13","101.31","","-0.30%"
"05/14/2014","101.87","102.26","102.30","101.72","","-0.37%"
"05/13/2014","102.25","102.14","102.38","102.05","","0.14%"
"05/12/2014","102.11","101.79","102.20","101.77","","0.26%"
"05/09/2014","101.85","101.66","101.88","101.54","","0.20%"
"05/08/2014","101.65","101.92","101.98","101.46","","-0.25%"
"05/07/2014","101.90","101.69","102.01","101.42","","0.23%"
"05/06/2014","101.67","102.15","102.20","101.49","","-0.45%"
"05/05/2014","102.13","102.17","102.28","101.86","","-0.05%"
"05/02/2014","102.18","102.33","103.04","102.13","","-0.14%"
"05/01/2014","102.32","102.24","102.38","102.12","","0.08%"
"04/30/2014","102.24","102.64","102.68","102.03","","-0.36%"
"04/29/2014","102.61","102.51","102.79","102.46","","0.13%"
"04/28/2014","102.48","102.18","102.63","102.04","","0.32%"
"04/25/2014","102.15","102.32","102.52","101.96","","-0.15%"
"04/24/2014","102.30","102.55","102.66","102.09","","-0.22%"
"04/23/2014","102.53","102.62","102.71","102.16","","-0.07%"
"04/22/2014","102.60","102.62","102.74","102.40","","-0.01%"
"04/21/2014","102.61","102.49","102.72","102.38","","0.21%"
"04/18/2014","102.39","102.40","102.59","102.36","","0.01%"
"04/17/2014","102.38","102.24","102.48","101.86","","0.16%"
"04/16/2014","102.22","101.94","102.38","101.79","","0.30%"
"04/15/2014","101.91","101.85","102.01","101.49","","0.09%"
"04/14/2014","101.82","101.66","102.02","101.41","","0.23%"
"04/11/2014","101.59","101.53","101.88","101.33","","0.09%"
"04/10/2014","101.50","101.99","102.16","101.33","","-0.46%"
"04/09/2014","101.97","101.80","102.17","101.72","","0.18%"
"04/08/2014","101.79","103.11","103.14","101.54","","-1.26%"
"04/07/2014","103.09","103.30","103.42","102.99","","-0.18%"
"04/04/2014","103.28","103.93","104.14","103.19","","-0.61%"
"04/03/2014","103.91","103.88","104.13","103.80","","0.06%"
"04/02/2014","103.85","103.66","103.95","103.58","","0.20%"
"04/01/2014","103.64","103.22","103.73","103.08","","0.44%"
"03/31/2014","103.19","102.82","103.45","102.77","","0.39%"
"03/28/2014","102.79","102.18","102.99","102.03","","0.62%"
"03/27/2014","102.16","102.08","102.45","101.73","","0.13%"
"03/26/2014","102.03","102.25","102.48","101.87","","-0.22%"
"03/25/2014","102.26","102.25","102.50","102.10","","0.03%"
"03/24/2014","102.23","102.24","102.66","102.10","","0.00%"
"03/21/2014","102.23","102.41","102.47","102.01","","-0.15%"
"03/20/2014","102.38","102.32","102.56","102.19","","0.05%"
"03/19/2014","102.33","101.44","102.70","101.29","","0.90%"
"03/18/2014","101.42","101.77","101.97","101.27","","-0.33%"
"03/17/2014","101.76","101.33","101.89","101.24","","0.41%"
"03/14/2014","101.34","101.85","101.89","101.20","","-0.48%"
"03/13/2014","101.83","102.76","102.88","101.54","","-0.90%"
"03/12/2014","102.75","103.03","103.12","102.55","","-0.24%"
"03/11/2014","103.00","103.27","103.44","102.85","","-0.24%"
"03/10/2014","103.25","102.98","103.42","102.81","","0.00%"
"03/07/2014","103.25","103.07","103.77","102.83","","0.18%"
"03/06/2014","103.06","102.30","103.18","102.26","","0.74%"
"03/05/2014","102.30","102.22","102.57","102.10","","0.10%"
"03/04/2014","102.20","101.45","102.30","101.39","","0.76%"
"03/03/2014","101.43","101.55","101.67","101.19","","-0.36%"
"02/28/2014","101.80","102.13","102.30","101.55","","-0.30%"
"02/27/2014","102.11","102.38","102.46","101.72","","-0.23%"
"02/26/2014","102.35","102.24","102.62","102.09","","0.13%"
"02/25/2014","102.22","102.53","102.64","102.00","","-0.24%"
"02/24/2014","102.47","102.54","102.70","102.16","","-0.05%"
"02/21/2014","102.52","102.29","102.84","102.26","","0.25%"
"02/20/2014","102.26","102.32","102.44","101.67","","-0.05%"
"02/19/2014","102.31","102.36","102.48","101.85","","-0.04%"
"02/18/2014","102.35","101.95","102.75","101.79","","0.42%"
"02/17/2014","101.92","101.81","102.00","101.39","","0.15%"
"02/14/2014","101.77","102.21","102.42","101.57","","-0.37%"
"02/13/2014","102.15","102.53","102.59","101.69","","-0.36%"
"02/12/2014","102.52","102.64","102.70","102.22","","-0.11%"
"02/11/2014","102.63","102.26","102.72","102.07","","0.38%"
"02/10/2014","102.24","102.32","102.66","101.99","","-0.09%"
"02/07/2014","102.33","102.10","102.59","101.43","","0.24%"
"02/06/2014","102.08","101.46","102.19","101.23","","0.64%"
"02/05/2014","101.43","101.66","101.78","100.79","","-0.21%"
"02/04/2014","101.64","101.00","101.69","100.76","","0.66%"
"02/03/2014","100.97","102.03","102.43","100.77","","-1.04%"
"01/31/2014","102.03","102.73","102.95","101.95","","-0.65%"
"01/30/2014","102.70","102.31","102.90","102.06","","0.41%"
"01/29/2014","102.28","102.97","103.46","101.85","","-0.65%"
"01/28/2014","102.95","102.55","103.26","102.48","","0.40%"
"01/27/2014","102.54","102.38","102.94","101.78","","0.25%"
"01/24/2014","102.28","103.27","103.60","102.00","","-0.94%"
"01/23/2014","103.25","104.52","104.85","102.97","","-1.21%"
"01/22/2014","104.51","104.30","104.59","103.97","","0.20%"
"01/21/2014","104.30","104.20","104.76","104.02","","0.13%"
"01/20/2014","104.16","104.27","104.33","103.86","","-0.12%"
"01/17/2014","104.29","104.35","104.48","104.19","","-0.05%"
"01/16/2014","104.34","104.57","104.94","104.14","","-0.20%"
"01/15/2014","104.55","104.22","104.71","104.08","","0.34%"
"01/14/2014","104.20","103.00","104.30","102.99","","1.18%"
"01/13/2014","102.98","104.10","104.15","102.85","","-1.09%"
"01/10/2014","104.12","104.85","105.15","103.83","","-0.67%"
"01/09/2014","104.82","104.85","105.07","104.57","","-0.01%"
"01/08/2014","104.83","104.60","105.14","104.58","","0.22%"
"01/07/2014","104.60","104.22","104.75","104.17","","0.37%"
"01/06/2014","104.21","104.88","104.96","103.90","","-0.58%"
"01/03/2014","104.82","104.81","104.89","104.07","","0.06%"
"01/02/2014","104.76","105.25","105.46","104.54","","-0.45%"
"01/01/2014","105.23","105.29","105.42","105.19","","-0.07%"